Laser,Wavelength_nm,FWHM_nm,CoherenceLength_mm
thorlabsCPS780S_2_NQ51B22081__0__11-36-36-140,787.324,1.1776639765191703,0.5263632864173877
uniphase1023p_USB4C031521__0__12-07-47-856,631.805,1.524805979988173,0.2617890821939825
uniphase1103p11777_USB4C031521__0__12-13-38-733,631.805,1.3827129278263328,0.2886915642370678
uniphase1103p110838_USB4C031521__0__16-10-06-126,632.006,0.9549760667463261,0.4182634496766949
uniphase1122p_USB4C031521__0__16-13-14-685,632.208,1.3057836510332663,0.3060897224036522
uniphase1507p0_USB4C031521__0__16-18-35-607,634.822,1.0365631926689503,0.38878379488505216
