Relative_Time_s,Raw_S1_V,Raw_S2_V,Norm_S1,Norm_S2,Phase_rad,Unwrapped_Phase_rad,Calculated_Distance_mm,Stage_Position_mm
0.0020008087158203125,3.2374731207202996,1.4205607458977603,0.04863144223548502,0.16256441597167687,1.3176661164410555,1.7985618676272277,0.00011268231710155766,0.046655
0.0345308780670166,3.2434557057939033,1.4260581753083967,0.14003001453575104,0.2806443893641796,1.1255848137643896,1.6064805649505618,0.00010064816545680683,0.046655
0.0612788200378418,3.237149737754265,1.4302620920297637,0.06388925225249675,0.4060401011274339,1.43163928188046,1.9125350330666322,0.00011982288902197442,0.046655
0.09835100173950195,3.234077599632731,1.4334958741900488,-0.057672752149820275,0.5266938157255732,1.6947315780796146,2.1756273292657866,0.00013630597480339412,0.046655
0.12382674217224121,3.238928344081307,1.4289685791819529,-0.03498172662053964,0.5651240132006011,1.646210396676745,2.127106147862917,0.00013326605760766633,0.046655
0.15926456451416016,3.238443269625119,1.4279984445522025,-0.029876451862926687,0.5821621367103735,1.6351761704352268,2.1160719216213986,0.00013257474851082805,0.046655
0.18580889701843262,3.239090035567262,1.42427959518661,-0.011931502036357983,0.5562806005559087,1.605629679093739,2.0865254302799108,0.00013072362113706012,0.046655
0.21934127807617188,3.2332691422491022,1.4318789831026246,-0.12871135104351775,0.6154238070695418,1.7908518928033652,2.271747643989537,0.00014232804164388162,0.046655
0.24598479270935059,3.2332691422491022,1.4218542586851868,-0.2104572453485263,0.5549062337421204,1.949796960420712,2.4306927116068837,0.0001522861636486669,0.046655
0.27649736404418945,3.23504774850231,1.4066554840169196,-0.22815841519576993,0.3580233806009599,2.1642574682831417,2.6451532194693135,0.00016572240256136915,0.046655
0.30765461921691895,3.236664663307311,1.434304319739226,-0.20462109146724838,0.5013012905405869,1.976467545773234,2.4573632969594055,0.0001539571116488832,0.046655
0.3345963954925537,3.2424855568370043,1.434466008849499,-0.05880364627119034,0.6032396633394801,1.6792456160487985,2.16014136723497,0.0001353357584791254,0.046655
0.3601558208465576,3.2373114292371428,1.4396400604552921,-0.07170149599735992,0.7271992719991461,1.6784173717970112,2.159313122983183,0.0001352838678641306,0.046655
0.39006686210632324,3.2408686419312493,1.434142630629099,-0.001688074302693567,0.7580805786796471,1.580191242574098,2.0610869937602696,0.0001291298689164286,0.046655
0.42208027839660645,3.238119886655727,1.4402868169165357,-0.013756523951219648,0.842163256306768,1.593838766314807,2.074734517500979,0.00012998490461215944,0.046655
0.45459580421447754,3.2403835674649843,1.4372147237464585,0.02809496279285493,0.8697882489023843,1.5439895861480069,2.0248853373341786,0.00012686178650990674,0.046655
0.481154203414917,3.2460427697282936,1.4378614801989331,0.1831395125952833,0.8957010871996726,1.3705768543832422,1.851472605569414,0.00011599724591117624,0.046655
0.5148868560791016,3.250246748774804,1.4376997910855955,0.38508388057230225,0.9121962381354546,1.168244632123569,1.6491403833097409,0.00010332086038399638,0.046655
0.5444037914276123,3.2458810782302914,1.4368913455210974,0.4294389403898547,0.9155236644511947,1.1282407794909355,1.6091365306771075,0.0001008145652774615,0.0
0.576918363571167,3.2528338128977365,1.4495030967438947,0.6149785178873346,1.0460720648010826,1.03407221411172,1.5149679652978922,9.491477815528796e-05,0.0
0.6045410633087158,3.254289036498486,1.4483712728797766,0.7771915566333568,1.1259490932204717,0.9605282549591948,1.441424006145367,9.030715031924265e-05,0.046667
0.6360578536987305,3.242970631314193,1.4474011381448315,0.6392436509787065,1.171999997321809,1.0675950213901497,1.5484907725763217,9.701502706408186e-05,0.046667
0.667306661605835,3.2549358025505697,1.4452991795705759,0.8085484097364449,1.18286576282719,0.9652705107110383,1.4461662618972104,9.060425901259601e-05,0.046667
0.6973876953125,3.248629833734469,1.4452991795705759,0.7869419607203331,1.190471798680953,0.9811428321153196,1.4620385833014917,9.159868127062744e-05,0.046667
0.724419116973877,3.2541273449861676,1.4470777599010245,0.8939731516472977,1.213878219225344,0.929466086623786,1.4103618378099583,8.836106374572371e-05,0.046667
0.750683069229126,3.249923365764492,1.4512816771163433,0.8754817982886607,1.2730024490167464,0.962833377160508,1.4437291283466802,9.045156932173652e-05,0.046667
0.7778377532958984,3.248629833734469,1.447724516389226,0.8337953327068677,1.2782250183039738,0.9879312841787675,1.4688270353649395,9.202398691165678e-05,0.046667
0.8034913539886475,3.244102471770774,1.4396400604552921,0.7040159961335601,1.1996890204742947,1.0364068537245474,1.5173026049107197,9.506104646326534e-05,0.046667
0.8306341171264648,3.2523487383692107,1.4423887754317422,0.796404012187721,1.1726590323282475,0.9681835256501681,1.4490792768363403,9.078676331172566e-05,0.046667
0.8574934005737305,3.240545258953459,1.4313939157792377,0.5988001525294855,1.0419572018622651,1.0454544293460155,1.5263501805321877,9.562788922999407e-05,0.046816
0.8890233039855957,3.2442641632656914,1.4170035857801004,0.5431121845919095,0.8041645389605233,0.9677876746629522,1.4486834258491244,9.076196271561089e-05,0.046816
0.9141945838928223,3.2481447592278405,1.4376997910855955,0.5903581588854997,0.8481206543680508,0.953478036083935,1.4343737872701072,8.986544463580933e-05,0.046816
0.9406070709228516,3.2434557057939033,1.4323640504273223,0.5192387161907613,0.8246433521992833,1.0019646564398987,1.4828604076260707,9.290319653552096e-05,0.046816
0.9698116779327393,3.239413418540013,1.44352059925787,0.3796347443866682,0.9216339159750429,1.1843823504188966,1.6652781016050686,0.00010433191011377227,0.046816
0.9973433017730713,3.250246748774804,1.434466008849499,0.5226305428262651,0.8974725011435984,1.0388786731936586,1.5197744243798303,9.521590927351918e-05,0.046816
1.0239191055297852,3.248953216740291,1.4375381019724036,0.5939850834034599,0.9117923920253699,0.9859094626320163,1.466805213818188,9.18973170757426e-05,0.046816
1.0544548034667969,3.245234312241087,1.4276750663434485,0.5612985238297242,0.8215423303252836,0.9616145655361487,1.4425103167223203,9.037520913618206e-05,0.046816
1.0806865692138672,3.247012918722194,1.4389933039963883,0.5779388933583166,0.8734357953434948,0.977995296966246,1.4588910481524175,9.140148396530249e-05,0.046816
1.111431360244751,3.247497993222931,1.4276750663434485,0.6003655961310613,0.7946927126479695,0.9104219239668473,1.3913176751530187,8.716792137232627e-05,0.046968
1.1379618644714355,3.2434557057939033,1.4288068900766309,0.5262439222626413,0.7510794052554625,0.9480097922113003,1.4289055433974718,8.952285181143356e-05,0.046968
1.1655726432800293,3.253318887428791,1.4283218227615377,0.6935204499747091,0.7156185827171168,0.7781711228236076,1.259066874009779,7.88822310218366e-05,0.046968
1.192699909210205,3.249923365764492,1.4313939157792377,0.7351649071178552,0.7220288871344765,0.7524418437779317,1.233337594964103,7.727025712624625e-05,0.046968
1.2189035415649414,3.2463661527251384,1.42913026828742,0.6852741029436057,0.7035023989791425,0.7750976051740995,1.2559933563602708,7.868967101229074e-05,0.046968
1.2464392185211182,3.2407069504422146,1.4302620920297637,0.5246020305042001,0.7020407078579063,0.9150928882534969,1.3959886394396679,8.746056355961596e-05,0.046968
1.2759613990783691,3.253318887428791,1.4309088484571613,0.6923711257437837,0.7075928672984416,0.7726134214059563,1.2535091725921275,7.853403356209296e-05,0.046968
1.3030476570129395,3.2491149082436226,1.434466008849499,0.7163963062152137,0.7476437670699821,0.7850715954377983,1.2659673466239694,7.931455490085258e-05,0.046968
1.329376459121704,3.25121689781248,1.4297770247107435,0.7799205251161418,0.7280081581179744,0.7254652324595429,1.2063609836457139,7.558013618816894e-05,0.046968
1.356933832168579,3.248953216740291,1.4239562169845352,0.7740880710063637,0.6550851440467038,0.671142140019245,1.152037891205416,7.217672147195994e-05,0.04712
1.3890860080718994,3.2526721213879473,1.4331724959713983,0.8526400944059428,0.6977376741060173,0.655994398626496,1.1368901498126673,7.122769512501425e-05,0.04712
1.4197721481323242,3.247497993222931,1.4263815535142452,0.7926564368643964,0.658553341591108,0.6618433847627447,1.1427391359489159,7.159414196367476e-05,0.04712
1.4473364353179932,3.2481447592278405,1.4229860823817917,0.7650391354762307,0.5966037580297147,0.6258040569053206,1.1066998080914918,6.933622966004366e-05,0.04712
1.4737269878387451,3.2508935147987983,1.4381848584260468,0.8067848759039322,0.707759615337883,0.6925179474583536,1.173413698644525,7.351594452317094e-05,0.04712
1.5014429092407227,3.2505701317862394,1.439154993110895,0.8288212645333506,0.7954317307365113,0.7430692409491775,1.223964992135349,7.668305096835638e-05,0.04712
1.5285241603851318,3.249761674259757,1.4401251278010052,0.8262826625082346,0.8666652268519625,0.7922273872833279,1.2731231384694994,7.97628748726946e-05,0.04712
1.5586838722229004,3.258169632878461,1.4267049317206744,1.0113320190019994,0.7800903000520653,0.6289321804847742,1.1098279316709458,6.953221080445539e-05,0.04712
1.5852055549621582,3.2508935147987983,1.434304319739226,0.9791898943719933,0.7967481341563577,0.6566997135730046,1.1375954647591762,7.127188405389652e-05,0.04712
1.6142280101776123,3.255097494064293,1.4349510761811926,1.0501035951121516,0.8149839614028788,0.6332711964080094,1.114166947594181,6.980405598085497e-05,0.04712
1.6409175395965576,3.2526721213879473,1.4399634386856215,1.0458509612799747,0.878707952425308,0.6758972867775509,1.1567930379637223,7.24746378041853e-05,0.04712
1.671463966369629,3.2505701317862394,1.4376997910855955,0.9961675242965967,0.9003010437933994,0.7146317806764648,1.1955275318626364,7.490140588086201e-05,0.047278
1.7045187950134277,3.2508935147987983,1.436406278184151,0.968574748078162,0.9022655208259962,0.7307263171043059,1.2116220682904775,7.590975020863157e-05,0.047278
1.7319071292877197,3.2580079413593945,1.4368913455210974,1.1073436637818534,0.9085721623345732,0.6642637024214458,1.1451594536076173,7.174577811632159e-05,0.047278
1.766939640045166,3.2483064507297694,1.4349510761811926,0.988913009056753,0.8932607811276333,0.7142470122142851,1.1951427634004568,7.487729961982847e-05,0.047278
1.7945644855499268,3.2523487383692107,1.4323640504273223,0.9958319212339823,0.8562414409309873,0.6871343794899497,1.1680301306761214,7.317865675794452e-05,0.047278
1.830087423324585,3.2508935147987983,1.4339809415191178,0.9683398259343616,0.846766261093736,0.6957836066986933,1.1766793578848649,7.372054246149546e-05,0.047278
1.8587167263031006,3.244102471770774,1.4346276979599175,0.798197141392819,0.8467089785693255,0.8005853052103918,1.2814810563965633,8.028650965841852e-05,0.047278
1.8912866115570068,3.2529955044078074,1.430423781136395,0.876702073508673,0.8039291493751627,0.7198062782308177,1.200702029416989,7.522559510379378e-05,0.047278
1.9230599403381348,3.2445875462563687,1.4289685791819529,0.7448291584611132,0.7591887467553221,0.7766419299678469,1.2575376811540182,7.878642503518484e-05,0.04743
1.957582950592041,3.2491149082436226,1.4197523004103247,0.7531169291173377,0.6341718272004457,0.6659570676005612,1.1468528187867326,7.18518697195721e-05,0.04743
1.9864606857299805,3.2513785893197413,1.4212075022903146,0.8092177760044293,0.5614545049390266,0.5592419017546395,1.0401376529408108,6.51660212237072e-05,0.04743
2.0196828842163086,3.2479830677261923,1.4176503421599227,0.7730392581421782,0.4743879938559776,0.48967013101358525,0.9705658821997565,6.08072563276724e-05,0.04743
2.0507147312164307,3.2505701317862394,1.4262198644112485,0.805199332100149,0.5005647296488981,0.4993398806392022,0.9802356318253733,6.141307913155731e-05,0.04743
2.081768274307251,3.245557695235129,1.4231477714818863,0.7163341271759371,0.48765556540783744,0.5415683139434313,1.0224640651296024,6.405874720555396e-05,0.04743
2.1118664741516113,3.2507318232923783,1.425573108000713,0.7690985552556221,0.50327668668123,0.5241139847460385,1.0050097359322097,6.29652100340969e-05,0.04758
2.140394926071167,3.245557695235129,1.4296153356046946,0.6910635833847683,0.5553073660476311,0.636026203203847,1.1169219543900182,6.997666085754739e-05,0.04758
2.166952133178711,3.248629833734469,1.4170035857801004,0.7047025822741068,0.4635096538902818,0.5207879336067808,1.001683684792952,6.275682846217785e-05,0.04758
2.194228172302246,3.2523487383692107,1.4254114188984424,0.79688462248613,0.48473071285914315,0.4865550326471279,0.9674507838332991,6.06120912303523e-05,0.04758
2.221473217010498,3.244102471770774,1.422015947784267,0.678178498979057,0.4650649035222126,0.5420248839297999,1.022920635115971,6.408735192853238e-05,0.04758
2.2475247383117676,3.2479830677261923,1.4250880406943363,0.6813117642244044,0.48253171608631956,0.5611463603613727,1.0420421115475436,6.52853381137699e-05,0.04758
2.2735819816589355,3.2471746102221593,1.4225010150823771,0.665540976329263,0.46845711297216813,0.5559324045665864,1.0368281557527572,6.49586767790688e-05,0.04758
2.301131248474121,3.249438291251128,1.4225010150823771,0.7048008311827204,0.45860489079225686,0.5145572035635905,0.9954529547497613,6.236646485493244e-05,0.04758
2.334144353866577,3.249761674259757,1.418297098542058,0.7394683591628001,0.40896860671847873,0.42958142741434474,0.9104771786005155,5.704261832713266e-05,0.04758
2.3612496852874756,3.2434557057939033,1.4181354094463072,0.6236158563848584,0.37257937217332,0.455362916538259,0.9362586677244296,5.8657863254260946e-05,0.047732
2.3897886276245117,3.24151540789019,1.4210458131919588,0.4994053302343463,0.3766959507000387,0.5769055361116627,1.0578012872978335,6.627267164458476e-05,0.047732
2.417393684387207,3.2458810782302914,1.3909716434036266,0.5094639551532593,0.07382413722493186,-0.09912974058235687,0.3817660106038141,2.3918153408983335e-05,0.047732
2.4446589946746826,3.239251727053498,1.4068171731024326,0.36919959726458773,0.022909748628365242,-0.326391338003114,0.15450441318305685,9.679909039132204e-06,0.047732
2.471721887588501,3.244102471770774,1.406332105846325,0.3787989813239576,-0.017661830153139938,-0.44066832599205064,0.04022742519412015,2.5203022278478194e-06,0.047732
2.500380754470825,3.238443269625119,1.4115061566449005,0.25977004369823786,0.0065408041935526885,-0.5904106484823289,-0.10951489729615815,-6.861255432236207e-06,0.047732
2.5254669189453125,3.2483064507297694,1.3977625845347628,0.3956114749982285,-0.11624337525432342,-0.6607400754812186,-0.17984432429504782,-1.1267488510620508e-05,0.047732
2.5525083541870117,3.2445875462563687,1.4095658875781611,0.4080657395038119,-0.08219230486304797,-0.5660413931275822,-0.08514564194141139,-5.334488847867843e-06,0.047732
2.5846073627471924,3.2457193867325698,1.4069788621880894,0.4419334269970799,-0.08465792524233401,-0.5252808522499294,-0.044385101063758814,-2.780786206286764e-06,0.047732
2.614219903945923,3.2450726207444873,1.406332105846325,0.4512695497253821,-0.0929592018626294,-0.5314379174902114,-0.05054216630404085,-3.166534614672477e-06,0.047732
2.647747039794922,3.239090035567262,1.4069788621880894,0.324870699075445,-0.09219475314204176,-0.7424617878233941,-0.26156603663722366,-1.638746356956684e-05,0.047732
2.677401065826416,3.2416770993806256,1.4029366350897738,0.29387653460069174,-0.1327555283717287,-0.9067631567437298,-0.4258674055575593,-2.6681165046361676e-05,0.04789
2.7104368209838867,3.2403835674649843,1.4056853495068602,0.24343810377918634,-0.13320286638462953,-1.0489099070392247,-0.5680141558530543,-3.5586849904944865e-05,0.04789
2.7439706325531006,3.243132322807149,1.4066554840169196,0.269209048519728,-0.12365298948776433,-0.9545409510673529,-0.4736451998811826,-2.9674508042947078e-05,0.04789
2.7715630531311035,3.2420004823623367,1.409727576666264,0.26209900819621285,-0.08573519921069514,-0.8906799017061184,-0.4097841505199482,-2.5673527512844844e-05,0.04789
2.799739360809326,3.2413537164000346,1.408272374878521,0.24275072202557624,-0.0739872665059043,-0.9238517465749201,-0.4429559953887501,-2.7751788155210878e-05,0.04789
2.8359086513519287,3.24151540789019,1.4050385931696945,0.23279973618283234,-0.09864042538659736,-1.0170126992848243,-0.5361169480986541,-3.358844699007748e-05,0.04789
2.864114761352539,3.244749237752128,1.401643122437262,0.29769033693423763,-0.15041818333718077,-0.9305970815786019,-0.44970133039243176,-2.8174392454524667e-05,0.04789
2.891165256500244,3.2379581951714504,1.400349609793927,0.19221554956856624,-0.1998132982035497,-1.2940917238986982,-0.8131959727125282,-5.094782009572477e-05,0.04789
2.917823076248169,3.2356945144209543,1.4079489967050502,0.06808379822024996,-0.15712960700461892,-1.707989202010271,-1.2270934508241012,-7.687905310781581e-05,0.048042
2.9469008445739746,3.24442585476089,1.4056853495068602,0.17520355116424055,-0.1502647214276519,-1.3038624163203498,-0.8229666651341803,-5.155996710138262e-05,0.048042
2.973449945449829,3.248953216740291,1.4084340639654724,0.3507861892400394,-0.11751409645371895,-0.740262096186809,-0.2593663450006396,-1.6249649933583213e-05,0.048042
3.0005109310150146,3.2402218759767893,1.4194289222163636,0.2796820475936072,0.017192165542077947,-0.47449716488891697,0.006398586297252429,4.0088002705176723e-07,0.048042
3.0275919437408447,3.238928344081307,1.4131230475497023,0.2011666331998629,0.04737695757950762,-0.5548617402190965,-0.07396598903292695,-4.6340685749855245e-06,0.048042
3.0566070079803467,3.244749237752128,1.403906769585184,0.27554716484614583,-0.02519231750967829,-0.6597831515775515,-0.17888740039138185,-1.1207535942573903e-05,0.048042
3.087672710418701,3.2352094399815523,1.4040684586682546,0.11563748617468277,-0.07434697450751204,-1.5183725792693379,-1.037476828083168,-6.499931697196181e-05,0.048042
3.1147677898406982,3.243132322807149,1.4045535259183282,0.17974861619659194,-0.10382372770343103,-1.2333509805118377,-0.7524552293256681,-4.714233092657427e-05,0.048042
3.1458089351654053,3.2421621738536124,1.4085957530525677,0.20306952007163537,-0.08336156524124942,-1.097260048990951,-0.6163642978047816,-3.8616051249293096e-05,0.048042
3.1768980026245117,3.244749237752128,1.4013197442755683,0.2768791856564227,-0.14301065231942006,-0.9690176075791912,-0.48812185639302186,-3.0581490020603187e-05,0.0482
3.2144877910614014,3.2386049611102354,1.4115061566449005,0.19201900109570572,-0.08120337132284415,-1.1409610673314488,-0.6600653161452792,-4.13539787540063e-05,0.0482
3.2410733699798584,3.238119886655727,1.4110210893762707,0.1218384288276467,-0.04286978151645763,-1.4704599584761813,-0.9895642072900115,-6.199752691594125e-05,0.0482
3.2756452560424805,3.2360178973819544,1.4115061566449005,0.026005442225937193,-0.011104761760775718,-2.184799424126352,-1.7039036729401822,-0.00010675185404550596,0.0482
3.302753448486328,3.2374731207202996,1.4119912239148273,-0.008742319728145109,0.01606225897261227,-2.493329737709807,-2.012433986523637,-0.00012608169265512754,0.0482
3.33190655708313,3.24151540789019,1.4157100730273926,0.0567546069552241,0.07288739352484676,-2.5917013347671243,-2.1108055835809543,-0.0001322448053580689,0.0482
3.357966184616089,3.2408686419312493,1.411667845734732,0.08823119776414157,0.07156909640147306,0.0,-2.1108055835809543,-0.0001322448053580689,0.0482
3.385026216506958,3.233754216678441,1.4079489967050502,-0.04781901866691795,0.0328380692188955,-2.7130330993337326,-2.2321373481475626,-0.00013984640339896528,0.0482
3.411078929901123,3.2416770993806256,1.4173269639697224,0.03299373218100808,0.10106881747808712,-3.112259958188616,-2.631364207002446,-0.00016485850240687585,0.0482
3.4386284351348877,3.238928344081307,1.4216925695862515,0.02848481241104021,0.19321390530221705,2.2822994689545464,-3.5199900870388694,-0.0002205321075250672,0.048354
3.470193862915039,3.2344009825881397,1.4110210893762707,-0.07527023163875371,0.14922231212108597,2.8938592146769495,-2.9084303413164663,-0.00018221706791792113,0.048354
3.4963862895965576,3.236341280344073,1.3998645425550411,-0.10478499155138493,0.005003542028416192,-2.7037174314676236,-2.2228216802814527,-0.00013926276429296854,0.048354
3.521919012069702,3.238119886655727,1.4174886530647504,-0.08592436602528059,0.08322848413091612,-3.0369882464841575,-2.5560924952979867,-0.00016014262855247873,0.048354
3.548644542694092,3.236988046271667,1.4178120312552396,-0.09787162844896165,0.1412736149794054,2.9560885712805196,-2.8462009847128953,-0.00017831831513101794,0.048354
3.585712194442749,3.2310054616121056,1.4047152150019733,-0.2391688372027151,0.04875452050785287,-2.984056353431359,-2.5031606022451878,-0.00015682637434676162,0.048354
3.6163556575775146,3.234886057023348,1.4136081148239552,-0.25184934372173995,0.07440211300393657,-3.0607247980306824,-2.579829046844511,-0.00016162975539332048,0.048354
3.647533893585205,3.2308437701401296,1.4236328387830408,-0.3505460519663959,0.19427324097824902,2.9433152260365523,-2.858974329956862,-0.00017911858236960184,0.048354
3.6757445335388184,3.2345626740662627,1.4181354094463072,-0.3369990224936205,0.22229261615516221,2.877009212259699,-2.9252803437337156,-0.00018327274320478098,0.04851
3.710364818572998,3.240545258953459,1.4168418966855063,-0.19458197174745362,0.2287554932837971,2.7412012325625095,-3.061088323430905,-0.0001917812955702047,0.04851
3.739987373352051,3.2374731207202996,1.42913026828742,-0.16315350950955157,0.3582110232836631,2.3742353438577406,-3.428054212135674,-0.00021477220146049684,0.04851
3.7795369625091553,3.2398984930012387,1.418782165830178,-0.08726137037873755,0.343624406551828,2.2349543926889854,-3.567335163304429,-0.00022349834015402393,0.04851
3.808863878250122,3.23504774850231,1.4307471593500936,-0.14192130271692108,0.45505762057561217,2.174643788395275,-3.6276457675981395,-0.00022727688053116206,0.04851
3.8428754806518555,3.2361795888628744,1.4296153356046946,-0.1550335555837714,0.5215540197736979,2.119311860815597,-3.6829776951778173,-0.00023074350012407003,0.04851
3.871947765350342,3.235532822940874,1.4313939157792377,-0.17858338963920875,0.586183693074081,2.094761218125615,-3.7075283378677995,-0.0002322816308686572,0.04851
3.905545949935913,3.236826354789349,1.4267049317206744,-0.16632575928129345,0.583753226407552,2.0775153128395543,-3.72477424315386,-0.00023336211000208346,0.04851
3.933622121810913,3.239413418540013,1.42913026828742,-0.10026038844377017,0.6067094364702923,1.9486739541338236,-3.8536156018595906,-0.00024143419420379506,0.048662
3.968644618988037,3.238119886655727,1.4241179060855003,-0.08275714384997655,0.5718198746398475,1.9418319246674454,-3.860457631325969,-0.00024186285654109112,0.048662
3.9977362155914307,3.239090035567262,1.4276750663434485,-0.04894798642727973,0.5835615681554172,1.8695617834747136,-3.932727772518701,-0.0002463906779707744,0.048662
4.030327796936035,3.2418387908713413,1.4317172939946832,0.03579626923793595,0.6328766485717453,1.6867241519438783,-4.115565404049536,-0.00025784570120077066,0.048662
4.059356212615967,3.235371131461073,1.4283218227615377,-0.04859532651064557,0.632876653038514,1.8424339226556488,-3.9598556333377655,-0.00024809027489324973,0.048662
4.091898679733276,3.2449109292481677,1.438346547539823,0.1043066076562754,0.7347944777208207,1.557662191797074,-4.24462736419634,-0.00026593160637911,0.048662
4.120437383651733,3.2395751100268084,1.4322023613189439,0.09277508281456054,0.7436711927243234,1.5761735504565155,-4.226116005536898,-0.0002647718448918971,0.048662
4.146022081375122,3.2361795888628744,1.4286452009714543,0.009253914288272286,0.7137205055195682,1.7150991785829075,-4.087190377410506,-0.0002560679676642966,0.048662
4.1725754737854,3.2344009825881397,1.4385082366537452,-0.08873186032469454,0.7930290103358125,1.8374807369579895,-3.964808819035424,-0.00024840059863106076,0.048816
4.197673320770264,3.236988046271667,1.441418640729343,-0.09983687445856458,0.8781340097699649,1.8225482340635881,-3.9797413219298257,-0.0002493361399969448,0.048816
4.225215196609497,3.234886057023348,1.4313939157792377,-0.15431696980080167,0.8357896860714724,1.9061422061988,-3.8961473497946137,-0.00024409886534686805,0.048816
4.252807140350342,3.243132322807149,1.4351127652920488,-0.009219502986260333,0.8439568835905519,1.7136279202887765,-4.0886616357046375,-0.000256160143972836,0.048816
4.279337406158447,3.2339159081554465,1.432525739535846,-0.11244169500766171,0.8233725484784048,1.8579779535479182,-3.944311602445496,-0.00024711642047680433,0.048816
4.30794095993042,3.2416770993806256,1.4281601336567973,-0.012242141257489531,0.7645799471882635,1.7353160629950677,-4.066973492998347,-0.000254801352697561,0.048816
4.334473371505737,3.2437790887817775,1.4309088484571613,0.10460413521211338,0.7513703348296925,1.5536741479903233,-4.248615408003092,-0.0002661814626809342,0.048816
4.363146066665649,3.2386049611102354,1.4339809415191178,0.0714264657846793,0.7733564868228416,1.6055387789263391,-4.196750777067076,-0.0002629320738805381,0.048816
4.397256374359131,3.231813918976176,1.4203990567999836,-0.10269610078227227,0.6506645880894303,1.9304317552485457,-3.87185780074487,-0.00024257709246958142,0.048816
4.425817012786865,3.23246068487246,1.4254114188984424,-0.21021064090190442,0.6157391667985508,2.1285460478355582,-3.673743508157857,-0.0002301649659025417,0.048967
4.457875490188599,3.223729345649502,1.4283218227615377,-0.47948277305395604,0.6208804157972786,2.4325709128516606,-3.3697186431417547,-0.00021111739969805062,0.048967
4.486943244934082,3.232784067822279,1.432525739535846,-0.4667756832161693,0.667219021023112,2.3764343815253555,-3.42585517446806,-0.00021463442879654775,0.048967
4.519492149353027,3.2306820786684325,1.425573108000713,-0.5045873036790552,0.62897110561192,2.4458434884908016,-3.3564460675026138,-0.00021028585500456885,0.048967
4.547555208206177,3.240060184488874,1.4402868169165357,-0.3226722118767109,0.7517866251593629,2.1582695639621456,-3.6440199920312697,-0.00022830274768818133,0.048967
4.577640771865845,3.2442641632656914,1.439478371340347,-0.10191847049241486,0.8295383093844139,1.8382033883186508,-3.9640861676747647,-0.0002483553235525431,0.048967
4.606725215911865,3.2395751100268084,1.4166802075910565,-0.051582471889529226,0.6521836428639924,1.8350561551341615,-3.967233400859254,-0.00024855250193938115,0.048967
4.633241415023804,3.2442641632656914,1.442550464549321,0.08784434749861231,0.7910491039164693,1.5709170859378965,-4.231372470055518,-0.00026510116945525035,0.048967
4.659276723861694,3.247497993222931,1.4496647858679277,0.2572994140292814,0.960583708407832,1.3677444602037825,-4.434545095789632,-0.00027783020738905836,0.048967
4.688399076461792,3.2439407802761355,1.44352059925787,0.29687603848293653,1.016792165321027,1.3373204872103177,-4.4649690687830965,-0.00027973631016708596,0.049116
4.720987319946289,3.2481447592278405,1.4493414076200084,0.4179928566092154,1.115316179430409,1.2447547001995214,-4.557534855793893,-0.00028553568107138875,0.049116
4.7520530223846436,3.2420004823623367,1.4514433662419939,0.3662476738588573,1.2056528571577918,1.31581864484033,-4.486470911153084,-0.00028108342947602533,0.049116
4.787140846252441,3.239413418540013,1.436729656408636,0.2725410147543354,1.1192994619034278,1.3854055968661663,-4.416883959127248,-0.00027672371345210516,0.049116
4.818204164505005,3.2407069504422146,1.4495030967438947,0.23568886877169104,1.188715123017645,1.4320390493237012,-4.370250506669713,-0.0002738020650106797,0.049116
4.852766990661621,3.2386049611102354,1.444005666614122,0.16318577927638367,1.1814156633299477,1.5005256087174057,-4.301763947276008,-0.00026951129006337295,0.049116
4.88081169128418,3.238928344081307,1.4410952624963806,0.11961924537779983,1.1467169950573153,1.5417395015726383,-4.260550054420776,-0.00026692918431138696,0.049116
4.913375616073608,3.2361795888628744,1.4399634386856215,0.028044828082526632,1.1109210759834114,1.636196667329444,-4.16609288866397,-0.00026101131598786664,0.049116
4.943415641784668,3.2418387908713413,1.4386699257678133,0.08969123939481027,1.0727132455402442,1.571814827018048,-4.2304747289753655,-0.00026504492477060003,0.049268
4.97245717048645,3.2408686419312493,1.4410952624963806,0.11128684047182558,1.0706253026045198,1.5481776964807112,-4.254111859512703,-0.00026652582275165916,0.049268
4.998007297515869,3.2463661527251384,1.4459459360523217,0.24855945629137516,1.118478820303026,1.4076852532269446,-4.394604302766469,-0.00027532786305176776,0.049268
5.026039123535156,3.2421621738536124,1.4430355319029362,0.251237108137954,1.1223872358790277,1.4056256595502445,-4.396663896443169,-0.0002754568993623643,0.049268
5.051631689071655,3.2442641632656914,1.4417420189628902,0.2998180535178473,1.1119724394647117,1.3545260768277645,-4.447763479165649,-0.00027865835686445627,0.049268
5.080234050750732,3.239090035567262,1.4402868169165357,0.21885465173019367,1.0898875588563102,1.434220141535666,-4.368069414457747,-0.0002736654166536339,0.049268
5.110264539718628,3.238766652595631,1.4305854702431715,0.1549946417182813,0.9757979913816657,1.4930662561200505,-4.309223299873363,-0.00026997862852410454,0.049268
5.137307643890381,3.236341280344073,1.4246029733892653,0.0564004197985626,0.8351133703262367,1.6242783286147173,-4.178011227378696,-0.0002617580159188222,0.049268
5.163403749465942,3.2365029718255522,1.4292919573930327,-0.009022721261324895,0.7843053730071456,1.733727447906765,-4.068562108086648,-0.00025490088156690624,0.049268
5.198911428451538,3.24151540789019,1.4372147237464585,0.05655832588202785,0.8292877305926486,1.6243050905864973,-4.177984465406916,-0.0002617563392453395,0.049421
5.226029396057129,3.2395751100268084,1.4208841240937478,0.059351285572577385,0.6947479658750483,1.6327212285250323,-4.169568327468381,-0.00026122905689768717,0.049421
5.254049777984619,3.2403835674649843,1.426543242617387,0.07927042945949311,0.6581043815980897,1.5964024165304043,-4.205887139463009,-0.0002635044792579586,0.049421
5.288144588470459,3.234886057023348,1.4207224349956815,-0.028941857058138273,0.5732757858618053,1.8642593248821746,-3.9380302311112385,-0.0002467228841246447,0.049421
5.315223217010498,3.24119202491016,1.4244412842878653,0.03542930187706846,0.5517039907113886,1.718344383485737,-4.083945172507676,-0.00025586465121769437,0.049421
5.347754955291748,3.236664663307311,1.4231477714818863,-0.02010968951626153,0.523453048151589,1.8808787947435543,-3.9214107612498585,-0.00024568165201209555,0.049421
5.37430739402771,3.2398984930012387,1.429453646498791,0.01286930361656549,0.5677869832801465,1.7680554200130894,-4.0342341359803235,-0.0002527501880000281,0.049421
5.4093849658966064,3.2303586957258767,1.4174886530647504,-0.17602144101063485,0.4771768930071326,2.298001549579903,-3.5042880064135096,-0.00021954835108052787,0.049421
5.436424493789673,3.238928344081307,1.4181354094463072,-0.11782580882311643,0.42032517257538077,2.2802312573563115,-3.522058298637101,-0.0002206616837600246,0.04957
5.4695281982421875,3.232784067822279,1.4127996693675886,-0.2136158082546046,0.3262823912112334,2.6879965279272766,-3.114293028066136,-0.00019511464178804212,0.04957
5.495589017868042,3.2319756104498283,1.4102126439314362,-0.29863287849977765,0.23415107413466843,2.9993258804446756,-2.802963675548737,-0.00017560943962912525,0.04957
5.524168014526367,3.2463661527251384,1.4173269639697224,-0.038384346988763564,0.2419879209191289,2.6791418673950225,-3.12314768859839,-0.0001956693981652795,0.04957
5.549719572067261,3.2402218759767893,1.4263815535142452,0.007262672233395807,0.3395285143602937,2.038043237926875,-3.7642463180665375,-0.00023583508852010048,0.04957
5.576265811920166,3.238443269625119,1.4221776368834922,-0.0003053726651817421,0.3650672003018505,2.0149902427656525,-3.78729931322776,-0.00023727938963514892,0.04957
5.6033241748809814,3.2458810782302914,1.4338192524092825,0.15966646312360933,0.5013004568166347,1.351680864810769,-4.4506086911826435,-0.0002788366132194312,0.04957
5.631377935409546,3.247659684723738,1.4313939157792377,0.31116770968013585,0.5720061990041375,1.053382254819371,-4.748907301174041,-0.0002975254218542706,0.04957
5.660908222198486,3.2424855568370043,1.4328491177533307,0.30224851453195234,0.6362947409191034,1.1320948642387796,-4.670194691754633,-0.0002925939711357084,0.04957
5.686519384384155,3.243132322807149,1.4278367554477527,0.3103763360466839,0.6303378103313688,1.1123223947674792,-4.689967161225933,-0.0002938327429093952,0.049722
5.7196245193481445,3.247336301722405,1.4254114188984424,0.4094789913057786,0.6015104223679101,0.9182836460069018,-4.884005909986511,-0.00030598953118083467,0.049722
5.7522132396698,3.244102471770774,1.4320406722107115,0.40699455715282085,0.6487285181568709,0.9727566273292064,-4.829532928664206,-0.0003025767257248149,0.049722
5.781259059906006,3.2426472483291198,1.4278367554477527,0.372920122283093,0.6390414543978045,1.0152112878904422,-4.78707826810297,-0.00029991688420926484,0.049722
5.811361789703369,3.247821376224825,1.4286452009714543,0.4640380858114167,0.6404796886910042,0.8845253611646194,-4.917764194828793,-0.00030810453307533227,0.049722
5.844407558441162,3.2432940143003863,1.4205607458977603,0.4272218504874961,0.5592946651112536,0.838717748217614,-4.963571807775798,-0.0003109744415620331,0.049722
5.871459245681763,3.2436173972877005,1.427351688135276,0.4086361148697596,0.5715062499288797,0.8829179912757029,-4.919371564717709,-0.00030820523695813013,0.049722
5.90711784362793,3.2418387908713413,1.4302620920297637,0.3561051401458865,0.6096434035227201,1.0136835944742182,-4.788605961519194,-0.00030001259625401535,0.049722
5.9326677322387695,3.2463661527251384,1.4249263515925008,0.4199322660632178,0.5820928303312969,0.8787385376399769,-4.923551018353435,-0.0003084670853428696,0.049873
5.963204622268677,3.250246748774804,1.418297098542058,0.5508388079998499,0.49541016439580826,0.5906228395385693,-5.211666716454843,-0.0003265179208686055,0.049873
5.988779306411743,3.245234312241087,1.4170035857801004,0.531096131047207,0.42158161273400657,0.48843199246564933,-5.313857563527764,-0.00033292031471560677,0.049873
6.015849828720093,3.2453960037379677,1.4077873076185305,0.5208690718064761,0.2762029950520001,0.19907891780253797,-5.603210638190875,-0.00035104867354516085,0.049873
6.0444111824035645,3.2457193867325698,1.4098892657545108,0.5208957596089514,0.1958078255843635,0.01200776979781562,-5.790281786195598,-0.0003627689322693326,0.049873
6.069939851760864,3.2487915252372397,1.4115061566449005,0.5891779203880826,0.15596956320980884,-0.0706523616944514,-5.872941917687864,-0.00036794770054865574,0.049873
6.096976280212402,3.25121689781248,1.4262198644112485,0.6908676550371533,0.2776718281965853,0.14596442210471797,-5.656325133888695,-0.00035437636805188747,0.049873
6.125049114227295,3.2466895357231054,1.4221776368834922,0.6614516558328594,0.3217675199872539,0.22917931132118774,-5.573110244672225,-0.0003491628434559103,0.049873
6.154106140136719,3.247012918722194,1.4210458131919588,0.6480460857604915,0.3411276541697932,0.2678149243716336,-5.53447463162178,-0.0003467422703972216,0.049873
6.186681032180786,3.2434557057939033,1.4174886530647504,0.5596202650032425,0.31851536262988306,0.27117265241285476,-5.531116903580559,-0.0003465319042248414,0.050024
6.214740037918091,3.2531571959181584,1.4176503421599227,0.7132910749614133,0.30433059423958153,0.18266699725824068,-5.619622558735173,-0.00035207690241418385,0.050024
6.241779088973999,3.2541273449861676,1.4228243932818418,0.8424175316160506,0.34700399914743923,0.20721416800883075,-5.595075387984583,-0.0003505389891912636,0.050024
6.268312215805054,3.248468142231979,1.4221776368834922,0.8070575312852492,0.3703000396528569,0.24880125583716892,-5.5534883001562445,-0.00034793350227288174,0.050024
6.296877145767212,3.245234312241087,1.42427959518661,0.7104492373469635,0.40797713261564555,0.34311440127441334,-5.459175154719,-0.00034202465701585136,0.050024
6.33046293258667,3.243132322807149,1.4270283099276846,0.5961168420171721,0.462296305631349,0.5047221509975857,-5.297567404995828,-0.00033189971440022705,0.050024
6.358519792556763,3.2445875462563687,1.4275133772392896,0.5484194964170658,0.5052512340704683,0.6176586029936496,-5.184630952999764,-0.00032482409396970266,0.050024
6.393691778182983,3.244749237752128,1.4191055440229816,0.5186241690982043,0.4498402255028612,0.5596626075957151,-5.242626948397699,-0.00032845762099019497,0.050024
6.42524266242981,3.244749237752128,1.4194289222163636,0.49776743997504075,0.4143401909116795,0.5168862694835074,-5.285403286509906,-0.0003311376160364383,0.050024
6.451329469680786,3.248953216740291,1.4213691913888156,0.5765809114076061,0.4092161952583681,0.4319322593245891,-5.370357296668825,-0.0003364600988957048,0.050024
6.477371454238892,3.248953216740291,1.4192672331196001,0.6317503414104019,0.38425953403672863,0.34894432339217024,-5.453345232601244,-0.00034165940456355894,0.050176
6.50402569770813,3.2539656534741304,1.4174886530647504,0.7817462031673947,0.34870767853674084,0.2249850307178689,-5.5773045252755455,-0.0003494256207700873,0.050176
6.533243417739868,3.2481447592278405,1.4170035857801004,0.7574019718883361,0.3188898726326556,0.18881905048384925,-5.613470505509565,-0.00035169146801525037,0.050176
6.561282396316528,3.2413537164000346,1.4174886530647504,0.5894627966100757,0.302948915553889,0.2215571205293733,-5.580732435464041,-0.00034964038394827326,0.050176
6.5873377323150635,3.2507318232923783,1.4213691913888156,0.6802886238595192,0.3312423025079117,0.23476737030118872,-5.5675221856922255,-0.0003488127440541048,0.050176
6.616905450820923,3.2479830677261923,1.4234711496825108,0.6827888516407411,0.3724175378889298,0.3016207742264891,-5.500668781766925,-0.00034462428849078993,0.050176
6.643988370895386,3.25121689781248,1.4237945278837154,0.756395306914011,0.40452787414131874,0.3147582833835563,-5.487531272609858,-0.00034380120589385136,0.050176
6.670029878616333,3.2510552063054985,1.430100402923278,0.8043270107546996,0.49111470466877183,0.40565456977426073,-5.396634986219153,-0.00033810643144611784,0.050176
6.701575756072998,3.2462044612265757,1.4202373677023516,0.7300947608258691,0.45145150486894303,0.3947911286559981,-5.407498427337416,-0.00033878704062556027,0.050176
6.730644464492798,3.240545258953459,1.4163568294025908,0.552383676576166,0.3842352083469858,0.4082892910928551,-5.3940002649005585,-0.00033794136261615994,0.050327
6.762695074081421,3.2513785893197413,1.4139314930075115,0.6687044992255993,0.31252626579758463,0.20540607983274023,-5.596883476160674,-0.0003506522683443875,0.050327
6.791244745254517,3.243132322807149,1.4121529130050912,0.5668955253322269,0.24424781390119324,0.10133049943469546,-5.700959056558718,-0.00035717274326606073,0.050327
6.819279670715332,3.2463661527251384,1.4189438549265077,0.5674855356936429,0.2654939956834998,0.14861976706476066,-5.653669788928653,-0.0003542100071230882,0.050327
6.849841594696045,3.251863663843212,1.4212075022903146,0.690054245215752,0.30338002287716376,0.18239265644363678,-5.619896899549777,-0.000352094090234754,0.050327
6.881374359130859,3.249599982755302,1.4199139895075223,0.7255529341914693,0.3167495561939502,0.19342054866857109,-5.608869007324842,-0.0003514031779725635,0.050327
6.911444902420044,3.2515402808272844,1.4142548711916454,0.7935157944193649,0.2685739806025841,0.10287460192886697,-5.6994149540645465,-0.00035707600317053367,0.050327
6.938973903656006,3.2508935147987983,1.4081106857917136,0.8267185371641196,0.1723853237607959,-0.03993479040807912,-5.842224346401492,-0.0003660232034431727,0.050327
6.9715259075164795,3.2439407802761355,1.4064937949315506,0.6954694246773364,0.08861490802606796,-0.19552514475443578,-5.997814700747849,-0.0003757711481549827,0.050476
6.9996068477630615,3.2449109292481677,1.4161951403085746,0.6251519334878693,0.12860575488109594,-0.1440307631676313,-5.946320319161044,-0.0003725449559736885,0.050476
7.0282368659973145,3.2453960037379677,1.402774946007708,0.5867081335149364,0.020160991690087,-0.3780938900403912,-6.1803834460338045,-0.0003872093253005294,0.050476
7.062301158905029,3.2504084402803812,1.4087574421398068,0.6711747300354317,0.005071573941187928,-0.3479826069784797,-6.150272162971893,-0.000385322812966765,0.050476
7.089360952377319,3.2428089398215167,1.4069788621880894,0.5614390578274282,-0.023573210079367368,-0.4825350082671471,-6.2848245642605605,-0.000393752701658216,0.050476
7.118982553482056,3.244102471770774,1.4018048115183241,0.5133666037179657,-0.09622729707793448,-0.6649367679831547,-6.467226323976568,-0.0004051804169334857,0.050476
7.149534225463867,3.2407069504422146,1.395984004690341,0.4042667810462487,-0.2062632366498588,-0.9885602145052872,-6.790849770498701,-0.0004254558605970472,0.050476
7.185068845748901,3.2413537164000346,1.400349609793927,0.3422681630206178,-0.2389048355224243,-1.1339665332314808,-6.936256089224894,-0.0004345657617965489,0.050476
7.216149806976318,3.2466895357231054,1.3971158282256977,0.4174320114212746,-0.29463066507786534,-1.0549804802450726,-6.857270036238486,-0.0004296171794711842,0.050635
7.244688987731934,3.248953216740291,1.401643122437262,0.5203461114199533,-0.2876113511210706,-0.9031897076515549,-6.705479263644968,-0.0004201072836603506,0.050635
7.27124547958374,3.238928344081307,1.4056853495068602,0.36963147787829204,-0.24160194230917262,-1.0866800380278008,-6.888969594021214,-0.00043160319934981364,0.050635
7.297327280044556,3.2434557057939033,1.3977625845347628,0.36473003948571925,-0.2899432978062349,-1.1370769979761137,-6.939366553969527,-0.00043476063659123705,0.050635
7.326909780502319,3.2352094399815523,1.4090808203147167,0.17806549842238745,-0.20871375748788215,-1.4793959669342396,-7.281685522927653,-0.0004562073798500086,0.050635
7.352949380874634,3.238928344081307,1.406332105846325,0.13003504878000247,-0.1797982844345184,-1.6012829427962485,-7.403572498789662,-0.00046384376262440386,0.050635
7.38149356842041,3.236988046271667,1.406332105846325,0.05329996191471017,-0.159557453297163,-1.8168789488488595,-7.619168504842273,-0.0004773511420240904,0.050635
7.411583185195923,3.23504774850231,1.4071405512738901,-0.04352837011152084,-0.13716969355385827,-2.0843743318137933,-7.886663887807207,-0.0004941100871062646,0.050635
7.441116809844971,3.236341280344073,1.4030983241719837,-0.08256568848231206,-0.1625941511041477,-2.135973305243906,-7.93826286123732,-0.0004973428321070453,0.050635
7.469165802001953,3.236826354789349,1.403906769585184,-0.09911336847145591,-0.17217209358823626,-2.156388990791522,-7.9586785467849355,-0.0004986219022319763,0.050786
7.498700380325317,3.239251727053498,1.4102126439314362,-0.056804529272702985,-0.11476706522495962,-2.1466096669978496,-7.948899222991264,-0.0004980092144592665,0.050786
7.525282621383667,3.2344009825881397,1.4100509548429017,-0.13497277081736408,-0.07622738099081817,-2.3759706895040607,-8.178260245497475,-0.0005123789906309801,0.050786
7.5573272705078125,3.232784067822279,1.4186204767339936,-0.2256186816505582,0.03787368786176905,-2.753173967120956,-8.55546352311437,-0.000536011282688994,0.050786
7.587388753890991,3.227933323692306,1.4205607458977603,-0.3968552407653012,0.13747046453078596,-3.0497483703296675,-8.852037926323082,-0.0005545920674526883,0.050786
7.619961500167847,3.2306820786684325,1.418782165830178,-0.4556429939634443,0.189106015424814,3.1374532176187135,-8.948021645554286,-0.0005606055764020725,0.050786
7.647006511688232,3.2290651639668226,1.4194289222163636,-0.5327225615264042,0.23182624385705553,3.0741441218468033,-9.011330741326196,-0.0005645719762983377,0.050786
7.678040504455566,3.226639791966745,1.4200756786048645,-0.6405704681439438,0.2683057465895751,3.0367658892077016,-9.048708973965297,-0.0005669137727851561,0.050786
7.706599712371826,3.231813918976176,1.4145782493763563,-0.6010939545322953,0.2379509851975093,3.0721812703953213,-9.013293592777678,-0.0005646949515785659,0.050786
7.739136219024658,3.2345626740662627,1.4225010150823771,-0.5123825542897665,0.297250601350001,2.9720512473897838,-9.113423615783216,-0.0005709682320293414,0.050786
7.768697500228882,3.2332691422491022,1.4186204767339936,-0.4790270876208906,0.2993082755003462,2.959693137567396,-9.125781725605604,-0.0005717424842109577,0.050945
7.800230979919434,3.2339159081554465,1.4205607458977603,-0.4413070042519193,0.32047467587779294,2.9124824742368425,-9.172992388936157,-0.0005747002956889729,0.050945
7.835315227508545,3.2292268554357273,1.418297098542058,-0.5190945547238295,0.31227745627835024,2.951419122190199,-9.1340557409828,-0.0005722608623892221,0.050945
7.862396001815796,3.2295502383743737,1.4225010150823771,-0.5663602120265319,0.3492791311065881,2.9129011533444604,-9.172573709828539,-0.0005746740648804488,0.050945
7.89149808883667,3.232137301923759,1.4215308804874611,-0.5419611470239003,0.36531728911775074,2.8822549341626797,-9.20321992901032,-0.0005765940916807285,0.050945
7.9270689487457275,3.234077599632731,1.425573108000713,-0.4817680316433015,0.4176398932781709,2.780138870858948,-9.305335992314053,-0.0005829918002241295,0.050945
7.953131914138794,3.231813918976176,1.4221776368834922,-0.48993224898186216,0.4197451655443668,2.7815410716440327,-9.303933791528967,-0.0005829039504613001,0.050945
7.978174924850464,3.2305203871970156,1.4147399384689285,-0.5243897137753463,0.3456024141270644,2.9045504524839343,-9.180924410689066,-0.0005751972475072592,0.050945
8.00473165512085,3.2297119298441164,1.4163568294025908,-0.5664740093394923,0.3101408448276745,2.9682157352923264,-9.117259127880674,-0.0005712085320146752,0.051096
8.030844688415527,3.23149053602971,1.4228243932818418,-0.5564120615705324,0.35107117455909903,2.907597652332718,-9.177877210840283,-0.0005750063363432827,0.051096
8.058889389038086,3.2284183980939956,1.4207224349956815,-0.6176321648073724,0.3583525409345058,2.917029532317362,-9.168445330855638,-0.0005744154163919464,0.051096
8.085935354232788,3.233754216678441,1.418297098542058,-0.5419233724669843,0.33879196181804994,2.9203075170524797,-9.165167346120521,-0.0005742100462448167,0.051096
8.115533590316772,3.235532822940874,1.4074639294459228,-0.4494062614574742,0.21496256821588497,3.099270644306795,-8.986204218866206,-0.0005629977659125524,0.051096
8.146599769592285,3.228903472498197,1.4254114188984424,-0.5319496627705518,0.31074775288706613,2.9583522077606403,-9.12712265541236,-0.0005718264952646866,0.051096
8.181658267974854,3.2344009825881397,1.4305854702431715,-0.4675743642658549,0.4304001272031888,2.7505733586699948,-9.334901504503007,-0.0005848441192795428,0.051096
8.212769269943237,3.2436173972877005,1.4284835118664234,-0.2177212354575763,0.49278692386690615,2.400439671608541,-9.68503519156446,-0.0006067804651253746,0.051096
8.247300863265991,3.236826354789349,1.427351688135276,-0.19372225135414414,0.5249508310578379,2.3117183471693035,-9.773756516003697,-0.0006123389752851178,0.051096
8.277868747711182,3.235856205901315,1.42913026828742,-0.19847984816656883,0.5655477597254872,2.2622853372242564,-9.823189525948745,-0.0006154360197639161,0.051248
8.308978796005249,3.2345626740662627,1.4283218227615377,-0.23055267983376457,0.5857464308461281,2.285085922339975,-9.800388940833027,-0.0006140075324772931,0.051248
8.335537195205688,3.236826354789349,1.4302620920297637,-0.20270426241747594,0.619611530164791,2.2029351999460847,-9.882539663226918,-0.0006191543855922893,0.051248
8.362059831619263,3.2421621738536124,1.4365679672963205,-0.06464749495821874,0.7074266971464062,1.8959260597808758,-10.189548803392128,-0.0006383889206437925,0.051248
8.392122507095337,3.237796503687454,1.4315556048868876,-0.0650137470959959,0.7179384030494713,1.89044455131884,-10.195030311854165,-0.0006387323445125131,0.051248
8.419201374053955,3.237149737754265,1.4315556048868876,-0.07964138088970636,0.7252965971816183,1.9111201659818644,-10.174354697191141,-0.0006374369894793265,0.051248
8.448730945587158,3.2407069504422146,1.4326874286445155,-0.010838808179118444,0.7419541838170045,1.784118531309435,-10.30135633186357,-0.000645393812498962,0.051248
8.476293325424194,3.2463661527251384,1.4021281896808782,0.16307150223570777,0.4429295497422495,1.3427650935225446,-10.74270976965046,-0.0006730451982676235,0.051248
8.506324768066406,3.2483064507297694,1.4212075022903146,0.32792249597444756,0.4275849107182885,0.7992608006112591,-11.286214062561745,-0.0007070964723339882,0.051248
8.532451391220093,3.238766652595631,1.42427959518661,0.23134213268927878,0.44807654236144395,1.1057210201348504,-10.979753843038154,-0.0006878963278980739,0.0514
8.562962055206299,3.239736801513884,1.4189438549265077,0.18529276474595155,0.4081741056056723,1.2110803217682926,-10.874394541404712,-0.0006812954261165185,0.0514
8.594593048095703,3.2420004823623367,1.4176503421599227,0.20335760955455617,0.36709171432263477,1.0463140856078148,-11.03916077756519,-0.0006916182521503869,0.0514
8.62521243095398,3.243132322807149,1.4140931820995064,0.24115270256249674,0.3021696556358697,0.644752357619263,-11.440722505553742,-0.0007167766338460639,0.0514
8.654285669326782,3.246851227222509,1.4108594002870158,0.35024400378282683,0.2238475017271667,0.08964806728660163,-11.995826795886403,-0.0007515546633337124,0.0514
8.686365842819214,3.237796503687454,1.3984093408461176,0.2254103020227294,0.0424466550648402,-0.938902481157551,-13.024377344330556,-0.000815994736895189,0.0514
8.714061498641968,3.2432940143003863,1.403906769585184,0.260182401835392,-0.028643529269949994,-0.9894538851859885,-13.074928748358994,-0.0008191618502657043,0.0514
8.742584466934204,3.2483064507297694,1.4064937949315506,0.3959001256942232,-0.05210528909545868,-0.7236715210252115,-12.809146384198218,-0.0008025102281127913,0.0514
8.769670963287354,3.2465278442239813,1.4115061566449005,0.4513815706168078,-0.0175696170660757,-0.5686602338590423,-12.65413509703205,-0.000792798562737709,0.051555
8.797731637954712,3.239251727053498,1.4061704167612432,0.32854192808905525,-0.047641221724299736,-0.8492572519058877,-12.934732115078896,-0.0008103783428578219,0.051555
8.826320886611938,3.2421621738536124,1.4000262316345262,0.3072248383963301,-0.13115709613521218,-1.0352014872510698,-13.120676350424079,-0.0008220279989900374,0.051555
8.853844165802002,3.248468142231979,1.3982476517680642,0.4324226460314547,-0.20770039895241135,-0.9024976442591233,-12.987972507432133,-0.0008137139249591334,0.051555
8.880898714065552,3.2426472483291198,1.4013197442755683,0.39071978449815314,-0.23004783591723418,-0.9937306136195719,-13.07920547679258,-0.0008194297930472036,0.051555
8.907947301864624,3.2342392911102955,1.4030983241719837,0.17470143461905752,-0.22760885075851536,-1.4251857179224965,-13.510660581095506,-0.0008464610349261872,0.051555
8.937007188796997,3.245557695235129,1.4040684586682546,0.2749855989391763,-0.21603854778169648,-1.195713475331096,-13.281188338504105,-0.0008320842906667292,0.051555
8.965062856674194,3.241030333420565,1.4005112988738422,0.24458570661091703,-0.2441037177821919,-1.2797826235793297,-13.365257486752338,-0.0008373513357386135,0.051555
8.995584487915039,3.2426472483291198,1.3988944080811365,0.25923392690377023,-0.28018769204220273,-1.2723827457049923,-13.357857608878,-0.0008368877234491743,0.051555
9.02117657661438,3.247012918722194,1.404876904085762,0.3664936755101291,-0.24462455883537207,-1.0474317979925216,-13.132906661165528,-0.0008227942443875542,0.051707
9.048213481903076,3.236664663307311,1.4106977111979049,0.21163537202691382,-0.1605522840287083,-1.3011266094130989,-13.386601472586104,-0.0008386885651235024,0.051707
9.075778722763062,3.2450726207444873,1.3898398199062498,0.29006091124623956,-0.31375647518220057,-1.2361958384112819,-13.321670701584287,-0.000834620565095609,0.051707
9.104313135147095,3.2450726207444873,1.4069788621880894,0.344958788699784,-0.2467528444657393,-1.0864806541995853,-13.17195551737259,-0.0008252407076851343,0.051707
9.13087511062622,3.241030333420565,1.4094041984902024,0.2935669394433589,-0.1751927689253385,-1.1163623156049656,-13.20183717877797,-0.0008271128339136552,0.051707
9.156944513320923,3.2424855568370043,1.4076256185321545,0.28992797536622156,-0.14318290770774372,-1.0876908955216462,-13.173165758694651,-0.0008253165309297369,0.051707
9.183900117874146,3.2407069504422146,1.401643122437262,0.2478597412000114,-0.1815979209619802,-1.228111220773115,-13.31358608394612,-0.0008341140529401221,0.051707
9.212498426437378,3.237149737754265,1.4029366350897738,0.13937006091749543,-0.1953377458456856,-1.5095676402010003,-13.595042503374005,-0.0008517476757112322,0.051707
9.238560438156128,3.2449109292481677,1.3982476517680642,0.23588237885595767,-0.25262685374974575,-1.3047352942716637,-13.390210157444669,-0.0008389146540776116,0.051707
9.269586563110352,3.238119886655727,1.394528803012318,0.1525427932598691,-0.3305374456938081,-1.5005252581875739,-13.586000121360579,-0.0008511811583310242,0.051858
9.300643920898438,3.2360178973819544,1.398571029924314,0.04749849732849288,-0.34397897261479526,-1.6997681136125429,-13.785242976785547,-0.0008636639908759146,0.051858
9.328807592391968,3.24442585476089,1.4085957530525677,0.16079384053998758,-0.25147023667920737,-1.4686044715680406,-13.554079334741044,-0.0008491812781685814,0.051858
9.36035680770874,3.2339159081554465,1.4085957530525677,0.006567645460715115,-0.18671412152429212,-1.8583419592279975,-13.943816822401,-0.0008735988553236007,0.051858
9.385943174362183,3.2308437701401296,1.3980859626901538,-0.1696541595387004,-0.24823415223690962,-2.1556435409318726,-14.241118404104876,-0.0008922251987968709,0.051858
9.413051843643188,3.2413537164000346,1.4037450805022569,-0.059476495388859726,-0.2337639299443107,-1.9686755062689851,-14.054150369441988,-0.0008805114002620821,0.051858
9.44011640548706,3.2423238653451683,1.3990560971597628,0.03920475646963719,-0.27130600503627156,-1.7367155827666358,-13.82219044593964,-0.0008659787994517318,0.051858
9.469217538833618,3.2347243655446656,1.3967924500720235,-0.06058064237284874,-0.32059915474001277,-1.9075797037107127,-13.993054566883718,-0.0008766836661588748,0.051858
9.500267505645752,3.230035312784438,1.4113444675552131,-0.23462203129290135,-0.20715915864913192,-2.305251544309994,-14.390726407483,-0.0009015983411841411,0.051858
9.528345108032227,3.2356945144209543,1.4103743330201153,-0.2307025083827938,-0.13761417514597155,-2.398818712080029,-14.484293575253034,-0.000907460449938213,0.05201
9.557418584823608,3.2376348122037366,1.4073022403598343,-0.18484507082684748,-0.12016556325420369,-2.3557247391459435,-14.441199602318948,-0.0009047605546436848,0.05201
9.584947109222412,3.2382815781402834,1.3916183996909788,-0.13837360716582503,-0.26740358074142817,-2.0842961525254795,-14.169771015698483,-0.0008877551890688299,0.05201
9.62201476097107,3.2374731207202996,1.417973720350701,-0.12380765430240498,-0.10252499474065851,-2.2723294218325196,-14.357804285005523,-0.0008995357259850557,0.05201
9.651783227920532,3.2481447592278405,1.4095658875781611,0.12351427165947308,-0.07258943850347878,-1.522731043255927,-13.60820590642893,-0.000852572380595656,0.05201
9.687875986099243,3.2365029718255522,1.4250880406943363,0.037956975041309154,0.10617367666833184,-2.3859319780764525,-14.471406841249456,-0.0009066530787415188,0.05201
9.714542865753174,3.235856205901315,1.4115061566449005,-0.036304389689751505,0.09322565896858144,-2.633966353871044,-14.719441217044047,-0.0009221927655815637,0.05201
9.740860223770142,3.2360178973819544,1.4149016275616448,-0.0846945307362547,0.11868259518668135,-2.860440781977362,-14.945915645150365,-0.0009363816927364226,0.05201
9.766611337661743,3.2287417810298513,1.4155483839339542,-0.280244265257762,0.1430777932046939,-3.0598091984061813,-15.145284061579183,-0.0009488723918468765,0.05216
9.794665575027466,3.236988046271667,1.4134464257323933,-0.2338955579116987,0.13878456824080107,-3.036481462898168,-15.12195632607117,-0.0009474108778800297,0.05216
9.820836305618286,3.238766652595631,1.4144165602839287,-0.16193050503103346,0.14564232469363916,-3.0338035454243846,-15.119278408597385,-0.0009472431027529217,0.05216
9.850878238677979,3.2293885469049113,1.4236328387830408,-0.3199381912584823,0.2441413891610431,2.9815187901688227,-15.387141380183763,-0.0009640250777560288,0.05216
9.881411075592041,3.2303586957258767,1.4207224349956815,-0.40898668742315186,0.28350169115586665,2.9348005130596486,-15.433859657292938,-0.0009669520405758285,0.05216
9.907485008239746,3.231167153084361,1.418297098542058,-0.4533565644056593,0.2863963669730056,2.9457917530811453,-15.422868417271442,-0.0009662634246234201,0.05216
9.934544086456299,3.2264781005023053,1.4233094605821262,-0.5886070840647094,0.33938154727387376,2.9098163581165957,-15.45884381223599,-0.0009685173314454284,0.05216
9.962087154388428,3.2313288445568955,1.4239562169845352,-0.5754980279695902,0.38304651645583415,2.845739709203907,-15.52292046114868,-0.0009725318195770547,0.05216
9.989645719528198,3.231813918976176,1.4297770247107435,-0.5555432464102378,0.4727900826880707,2.7184759916498527,-15.650184178702734,-0.0009805050624412924,0.05216
10.02069354057312,3.227933323692306,1.425573108000713,-0.6278024360970802,0.4928708487773949,2.7327662886830795,-15.635893881669507,-0.0009796097561353171,0.05216
10.046386480331421,3.2287417810298513,1.4267049317206744,-0.6604197990103728,0.5184342353998724,2.7201808609295246,-15.648479309423061,-0.0009803982500906881,0.052314
10.074900388717651,3.2271248663617373,1.4237945278837154,-0.7191800926296628,0.5067395623989771,2.759568916216091,-15.609091254136494,-0.0009779305355151144,0.052314
10.103474140167236,3.235371131461073,1.422015947784267,-0.5770787798179909,0.4804710982000941,2.7208332954624117,-15.647826874890173,-0.0009803573741907557,0.052314
10.129088640213013,3.2297119298441164,1.4106977111979049,-0.6033563555693371,0.34701467589611873,2.906283404568913,-15.462376765783672,-0.0009687386757311772,0.052314
10.160123825073242,3.23504774850231,1.4225010150823771,-0.5031877923503539,0.3735951848390276,2.8278737651103087,-15.540786405242276,-0.0009736511449747009,0.052314
10.186236143112183,3.2345626740662627,1.4084340639654724,-0.4438482407624108,0.24918783793295746,3.01370173402526,-15.354958436327324,-0.0009620087730905256,0.052314
10.213800430297852,3.2332691422491022,1.4127996693675886,-0.43105306815172845,0.20648625696154016,3.0915315005547597,-15.277128669797825,-0.0009571326336649816,0.052314
10.240410804748535,3.236988046271667,1.4095658875781611,-0.3394617199374719,0.14371843768806106,-3.056738585258771,-15.14221344843177,-0.0009486800138082885,0.052314
10.266931295394897,3.2418387908713413,1.4118295348247076,-0.16756334421917882,0.12279466295052988,-2.922181658057084,-15.007656521230082,-0.0009402498415623071,0.052314
10.29299259185791,3.243132322807149,1.405523660422353,-0.018491965079130895,0.04403843196174489,-2.2419895521413826,-14.327464415314381,-0.0008976348923918986,0.052463
10.318072319030762,3.2457193867325698,1.4094041984902024,0.14334303378902646,0.028361124573901202,-1.2286691313057945,-13.314143994478794,-0.0008341490067844621,0.052463
10.345136880874634,3.2379581951714504,1.3990560971597628,0.08417243736690529,-0.08781846687352172,-1.5906943068937482,-13.676169170066748,-0.0008568303703608881,0.052463
10.372683048248291,3.2481447592278405,1.4053619713379901,0.2691003358280067,-0.10503459449282748,-1.006960759873371,-13.09243562304637,-0.0008202586794826957,0.052463
10.402730226516724,3.248629833734469,1.4019665005995294,0.40932830898439015,-0.15160643062172424,-0.8016923327953153,-12.887167195968313,-0.000807398336779299,0.052463
10.43385362625122,3.238928344081307,1.4040684586682546,0.2919190161734044,-0.1628368536859382,-1.0367622492639397,-13.122237112436938,-0.0008221257828267898,0.052463
10.462884664535522,3.235856205901315,1.402774946007708,0.1414690391026987,-0.18384883430683838,-1.4315674401898235,-13.517042303362821,-0.0008468608583991091,0.052463
10.489920139312744,3.2335925252017153,1.4073022403598343,-0.014145343908202788,-0.152529824666815,-1.8801478553153066,-13.965622718488305,-0.0008749650240063801,0.052615
10.517500400543213,3.2313288445568955,1.4189438549265077,-0.17337480986001574,-0.012250351314107467,-2.523061479261975,-14.608536342434974,-0.0009152444262034499,0.052615
10.544559240341187,3.235371131461073,1.4153866948406604,-0.1950150818792282,0.049780894985606394,-2.7268761899366885,-14.812351053109687,-0.00092801369162133,0.052615
10.570597648620605,3.232784067822279,1.4249263515925008,-0.2676482993938795,0.19018907435532412,3.0994351667791857,-15.2692250035734,-0.0009566374583586462,0.052615
10.597668886184692,3.230035312784438,1.4199139895075223,-0.3795693912076262,0.23751589222866318,3.0092535130966893,-15.359406657255896,-0.0009622874601072099,0.052615
10.629208087921143,3.233107450773215,1.4163568294025908,-0.3896506876230665,0.2344802794987937,3.0182689103488225,-15.350391260003763,-0.0009617226333585467,0.052615
10.660268306732178,3.233107450773215,1.4254114188984424,-0.3967075951138747,0.3244101507851037,2.8427798203154997,-15.525880350037085,-0.0009727172605920744,0.052615
10.690324068069458,3.2436173972877005,1.4145782493763563,-0.16811449705120327,0.2772240681343846,2.7615947625681607,-15.607065407784424,-0.0009778036135197402,0.052615
10.722375392913818,3.2421621738536124,1.4030983241719837,-0.040434659201827865,0.12748148207762003,-2.7748545051499636,-14.860329368322962,-0.0009310195975210215,0.052615
10.750934839248657,3.238119886655727,1.3933969794929677,-0.040879133380580766,-0.07596845893505419,-2.0355205252975703,-14.120995388470568,-0.0008846993305003537,0.052615
10.784475803375244,3.240060184488874,1.3872527947956044,0.0019235073322344236,-0.2808491644289923,-1.7511391678669033,-13.8366140310399,-0.0008668824564341593,0.052615
10.812557458877563,3.2382815781402834,1.3895164417654249,-0.007635602454470986,-0.40125196233422195,-1.7302256532311848,-13.815700516404181,-0.0008655721966481008,0.052766
10.845089197158813,3.2274482492931273,1.3930736013458669,-0.25504552717412576,-0.44936954095896614,-2.070371599972859,-14.155846463145856,-0.0008868827971458863,0.052766
10.870753049850464,3.2342392911102955,1.3988944080811365,-0.27733428355151146,-0.4238737682659492,-2.1159883645135418,-14.201463227686538,-0.0008897407487235552,0.052766
10.89629578590393,3.2290651639668226,1.4076256185321545,-0.40790646423805116,-0.31725960724617497,-2.3594537268885905,-14.444928590061586,-0.0009049941807350899,0.052766
10.92441201210022,3.237796503687454,1.4149016275616448,-0.3052950255918885,-0.16865709116364963,-2.4238163554741767,-14.509291218647173,-0.0009090265858773931,0.052766
10.95246934890747,3.23262237634723,1.422015947784267,-0.348437074133779,0.007693440706252366,-2.78243850019971,-14.867913363372706,-0.0009314947449988334,0.052766
10.983044624328613,3.239251727053498,1.4239562169845352,-0.2313311232363061,0.15086484185849688,-3.084135640380953,-15.16961050355395,-0.0009503964761154759,0.052766
11.00963282585144,3.2420004823623367,1.4267049317206744,-0.08827911203303078,0.27903003055664155,2.561842151835544,-15.806818018517038,-0.0009903183829194336,0.052766
11.036708116531372,3.2424855568370043,1.4068171731024326,0.022635739332765283,0.1665538739605583,-3.0988200089650144,-15.184294872138011,-0.0009513164715334863,0.052766
11.063776016235352,3.2386049611102354,1.406332105846325,0.014048588669125762,0.08288905757938841,-2.221797986649908,-14.307272849822905,-0.0008963698636895559,0.052917
11.09632682800293,3.249276599747235,1.3824021228113055,0.2451633450386771,-0.21896396464406573,-1.167083985635866,-13.252558848808864,-0.0008302906146779511,0.052917
11.122398614883423,3.2462044612265757,1.4006729879539008,0.3386801948246731,-0.24450767405187027,-1.0104693989755351,-13.095944262148533,-0.0008204785004357701,0.052917
11.14919900894165,3.2434557057939033,1.3943671139376965,0.34306414134816626,-0.32649785538399423,-1.0818047889054774,-13.167279652078475,-0.0008249477584431433,0.052917
11.176858186721802,3.24151540789019,1.3814319884297876,0.3030191297086618,-0.5153978159174915,-1.2557632940283339,-13.341238157201332,-0.0008358464924759218,0.052917
11.202908039093018,3.235532822940874,1.4009963661144478,0.14205349006551096,-0.44872369887094365,-1.4721528144922718,-13.55762767766527,-0.0008494035866194439,0.052917
11.231036901473999,3.23504774850231,1.412637980276748,0.018599099594026558,-0.28369565444478717,-1.7103840264386032,-13.795858889611601,-0.0008643290920753334,0.052917
11.260627031326294,3.230035312784438,1.4081106857917136,-0.17919621191609522,-0.214203420772361,-2.1755421524035694,-14.261017015576567,-0.0008934718735363346,0.052917
11.287158012390137,3.2295502383743737,1.4145782493763563,-0.3284313720611179,-0.09980543195583695,-2.5724717920924567,-14.657946655265453,-0.0009183400486775306,0.052917
11.318286657333374,3.23229899339797,1.419590611313272,-0.37181814492571014,0.031232066395876695,-2.8609375198848523,-14.946412383057849,-0.0009364128140336186,0.05307
11.344813585281372,3.230197004255018,1.4181354094463072,-0.448895469038153,0.10816379394749782,-3.041457652814182,-15.126932515987178,-0.0009477226428630231,0.05307
11.374372482299805,3.2332691422491022,1.427351688135276,-0.43458612794475454,0.2557146401142544,2.9590810785303083,-15.409579091822273,-0.0009654308305318392,0.05307
11.402902603149414,3.236664663307311,1.426543242617387,-0.34912049039153764,0.3507810535655302,2.7231714932035005,-15.645488677149082,-0.000980210882961263,0.05307
11.433054208755493,3.2421621738536124,1.4286452009714543,-0.16713885454008495,0.43869740810841223,2.291443990080186,-16.077216180272398,-0.0010072591909922703,0.05307
11.46713900566101,3.240060184488874,1.430423781136395,-0.0864582974794185,0.5183210500525212,1.9980266129982074,-16.370633557354378,-0.0010256421838281396,0.05307
11.497169494628906,3.239251727053498,1.4292919573930327,-0.04794597957825048,0.5625507488155471,1.8700406256172328,-16.49861954473535,-0.0010336606778672938,0.05307
11.526747465133667,3.2403835674649843,1.4134464257323933,0.00416234385390703,0.43241563716839526,1.8289000807596336,-16.539760089592953,-0.0010362381882686963,0.05307
11.555763006210327,3.2439407802761355,1.4139314930075115,0.11968008936020073,0.34625256597256826,1.3297707455450811,-17.038889424807504,-0.001067509311624344,0.05322
11.583821296691895,3.2421621738536124,1.4037450805022569,0.16102155128615822,0.1823767728023208,0.20343932428348346,-18.1652208460691,-0.0011380754882215857,0.05322
11.609879970550537,3.235371131461073,1.403906769585184,0.03906237092309029,0.06930755314628717,-1.9331083677918497,-20.301768538144433,-0.0012719330712574405,0.05322
11.636957168579102,3.2408686419312493,1.3930736013458669,0.07584663254162488,-0.119977880122609,-1.5683067760616851,-19.93696694641427,-0.0012490777614800118,0.05322
11.66554069519043,3.240545258953459,1.3967924500720235,0.09440998677722143,-0.21466946730045047,-1.5199397537903372,-19.888599924142923,-0.0012460475025609632,0.05322
11.69110369682312,3.237149737754265,1.397600895457282,0.0319552328215326,-0.27273440080789524,-1.6696334683736398,-20.038293638726227,-0.001255426014870378,0.05322
11.721662521362305,3.23504774850231,1.3937203576406394,-0.058469680476738554,-0.3528319060134877,-1.8244932684618191,-20.193153438814406,-0.0012651281893765244,0.05322
11.749715328216553,3.2310054616121056,1.3909716434036266,-0.21158747362216548,-0.4368453624745336,-2.0173969994192946,-20.38605716977188,-0.0012772138672578752,0.05322
11.778770685195923,3.23504774850231,1.3901631980476448,-0.2289495749873272,-0.5038739592166631,-1.9991869970118472,-20.367847167364435,-0.0012760729861446764,0.05322
11.806847333908081,3.2271248663617373,1.4045535259183282,-0.4171509358135275,-0.4044926169998375,-2.2875866727222283,-20.656246843074815,-0.0012941416132490951,0.05337
11.832956075668335,3.2339159081554465,1.4178120312552396,-0.39799369798676193,-0.20013115581212212,-2.491673025730796,-20.86033319608338,-0.0013069278974241014,0.05337
11.863538265228271,3.2386049611102354,1.4326874286445155,-0.2803920174545367,0.0941547567213839,-2.9652763866683975,-21.333936557020984,-0.001336599784201029,0.05337
11.89307951927185,3.248468142231979,1.4553239053017553,0.02109084693584793,0.5302919256501948,1.7036738517875474,-22.948171625744624,-0.0014377337797362173,0.05337
11.919705152511597,3.2453960037379677,1.444329044852356,0.1638653729285445,0.7238070970348656,1.4081156771792183,-23.243729800352952,-0.0014562508964129485,0.05337
11.946224212646484,3.236826354789349,1.4357595217369323,0.07338837451611409,0.7721444146681056,1.5670736642371434,-23.084771813295028,-0.0014462919649878558,0.05337
11.972252368927002,3.2402218759767893,1.4396400604552921,0.08550357728684964,0.8454325979291855,1.5498027579309916,-23.10204271960118,-0.0014473740104687758,0.05337
11.999353647232056,3.2432940143003863,1.436729656408636,0.16224769452029258,0.867145280443402,1.4424375090945922,-23.209407968437578,-0.0014541005875372817,0.05337
12.025822401046753,3.2398984930012387,1.4276750663434485,0.14051947244213037,0.7902893522179061,1.4609857435079225,-23.190859734024247,-0.0014529385157345505,0.05337
12.053846597671509,3.244749237752128,1.4448141122108062,0.2330941523157495,0.9107368034366496,1.3576540638937729,-23.294191413638398,-0.0014594123842727952,0.05352
12.083674430847168,3.238119886655727,1.4407718842640038,0.15059103468166418,0.9539541213294102,1.4711852488162869,-23.180660228715883,-0.0014522995030254954,0.05352
12.10969066619873,3.2457193867325698,1.4355978326254926,0.26170113362156,0.9316034958212651,1.327534450618522,-23.324311026913648,-0.0014612994185056157,0.05352
12.137771844863892,3.2407069504422146,1.4351127652920488,0.22810095197874827,0.9110265504154098,1.3639932408074367,-23.28785223672473,-0.0014590152263234326,0.05352
12.16728138923645,3.2395751100268084,1.417973720350701,0.1794311238403014,0.7223760970691295,1.3798072570783197,-23.272038220453847,-0.0014580244569603327,0.05352
12.195230484008789,3.2458810782302914,1.4331724959713983,0.2854820106774706,0.7448413412217214,1.215874950178813,-23.435970527353355,-0.0014682950362057438,0.05352
12.221846103668213,3.2436173972877005,1.432525739535846,0.30941822700274496,0.753991668820222,1.1851868241659729,-23.466658653366196,-0.0014702176885252848,0.05352
12.248936653137207,3.247659684723738,1.4229860823817917,0.41599394439554727,0.6634105870900906,0.9610958424370062,-23.690749635095163,-0.0014842572895628046,0.05352
12.274959325790405,3.247821376224825,1.4089191312271898,0.4941897612901248,0.4569901263296438,0.5925372116838028,-24.059308265848365,-0.0015073479828820382,0.05352
12.301490306854248,3.2465278442239813,1.4181354094463072,0.5201843155339257,0.4061944359011333,0.4793098468525015,-24.17253563067967,-0.0015144418293924875,0.053672
12.328026533126831,3.247336301722405,1.4134464257323933,0.5563445769468347,0.32296621812830334,0.29811487840207945,-24.353730599130092,-0.0015257939375738277,0.053672
12.355784177780151,3.2439407802761355,1.4005112988738422,0.5062076525252468,0.13319961835480876,-0.0987545747541273,-24.7506000522863,-0.0015506583419478996,0.053672
12.386804819107056,3.238928344081307,1.4026132569257852,0.3597345566520007,0.021732860568756826,-0.49991346404233095,-25.151758941574503,-0.0015757914852578471,0.053672
12.414334535598755,3.2424855568370043,1.4024515678440062,0.33624530741228736,-0.0579377054329511,-0.7356391246527564,-25.387484602184927,-0.0015905600145567143,0.053672
12.442361831665039,3.24151540789019,1.408272374878521,0.29824594595354986,-0.05452902086148422,-0.8081093584554347,-25.459954835987606,-0.0015951003720572048,0.053672
12.468956708908081,3.2373114292371428,1.4019665005995294,0.1782332185599582,-0.1162525290797817,-1.2432989885439922,-25.895144466076164,-0.0016223655869934265,0.053672
12.496334314346313,3.2352094399815523,1.4064937949315506,0.047517723774351414,-0.11343158896234012,-1.6823305559495716,-26.334176033481743,-0.0016498715044636187,0.053672
12.522099256515503,3.2347243655446656,1.4150633166545055,-0.05476156525955207,-0.024333642700828155,-2.1681004470972267,-26.819945924629398,-0.0016803056407020914,0.053672
12.553176164627075,3.235856205901315,1.425573108000713,-0.10120736790038726,0.14488424100516792,-2.987967055298551,-27.63981253283072,-0.001731671385072175,0.053823
12.582427740097046,3.237796503687454,1.4205607458977603,-0.09060565815552701,0.21237785173117343,2.9122672943593013,-28.022763490352453,-0.0017556637769973623,0.053823
12.610609292984009,3.233754216678441,1.42427959518661,-0.17300481781066623,0.2974316010704656,2.681975844007185,-28.25305494070457,-0.00177009184572351,0.053823
12.63934850692749,3.241030333420565,1.4257347971031291,-0.06900758511394972,0.37176374740635243,2.2083882103864094,-28.726642574325346,-0.001799762747162911,0.053823
12.667344331741333,3.234886057023348,1.4322023613189439,-0.13273646725958443,0.4895496815041971,2.1585872228792047,-28.77644356183255,-0.0018028828459303006,0.053823
12.693750619888306,3.2458810782302914,1.4417420189628902,0.06696469690753402,0.6689861514023281,1.5919553442933234,-29.34307544041843,-0.0018383830943075777,0.053823
12.722461700439453,3.2479830677261923,1.4465926925364143,0.2534621027743449,0.8439067582632934,1.313397235003985,-29.62163354970777,-0.0018558351340550686,0.053823
12.753915786743164,3.2528338128977365,1.443197221021101,0.49179473155647774,0.9318306283726093,1.0693974756594817,-29.865633309052274,-0.0018711220467546208,0.053823
12.78043270111084,3.253318887428791,1.4396400604552921,0.6694060164803813,0.9572129475223395,0.9220691955475233,-30.012961589164235,-0.001880352361416804,0.053975
12.810328960418701,3.247821376224825,1.434142630629099,0.671578211749489,0.9190901515458809,0.8959217315206817,-30.039109053191076,-0.0018819905351632324,0.053975
12.839743375778198,3.2423238653451683,1.4281601336567973,0.5509430514664615,0.8315822693354954,0.9451777934282887,-29.98985299128347,-0.0018789045767166823,0.053975
12.87313961982727,3.247821376224825,1.4213691913888156,0.5886541362397714,0.7012856501550392,0.7973019274661041,-30.137728857245655,-0.0018881691983679806,0.053975
12.904274463653564,3.247497993222931,1.4192672331196001,0.6078662661480764,0.5887081524644007,0.657535025629537,-30.27749575908222,-0.0018969257825236466,0.053975
12.933960437774658,3.245557695235129,1.4121529130050912,0.5782009810094862,0.43757513456796365,0.47377093730186015,-30.4612598474099,-0.0019084388495165191,0.053975
12.96259617805481,3.2457193867325698,1.4155483839339542,0.5610280960510321,0.3663025707715908,0.36446149189530563,-30.570569292816455,-0.0019152872331118784,0.053975
12.992866516113281,3.2402218759767893,1.4110210893762707,0.42685138236126596,0.2703843779496461,0.24527419702082343,-30.689756587690937,-0.0019227544772457937,0.053975
13.027608394622803,3.2402218759767893,1.4105360221089378,0.33292768277841644,0.19831013609625167,0.053123170747336045,-30.881907613964422,-0.0019347929971675485,0.053975
13.053325414657593,3.244102471770774,1.4089191312271898,0.3534086411836509,0.13141981063395505,-0.19938762797272408,-31.134418412684482,-0.0019506131379172682,0.053975
13.080515146255493,3.24119202491016,1.4052002822537704,0.30307465064632744,0.046788364186122304,-0.5707792245409891,-31.505810009252748,-0.0019738813203504747,0.054133
13.110008001327515,3.235856205901315,1.412314602095499,0.14927798323378105,0.05987511841236337,-1.1152097278747208,-32.05024051258648,-0.0020079906227440285,0.054133
13.13734221458435,3.2332691422491022,1.4176503421599227,-0.015864711354397407,0.12328242328731327,-2.608965122019408,-33.54399590673116,-0.0021015764048207004,0.054133
13.163654327392578,3.2316522275028032,1.4134464257323933,-0.1673927388834158,0.1249278092986346,-2.9124679204203745,-33.847498705132125,-0.0021205912628504357,0.054133
13.191062211990356,3.2295502383743737,1.4247646624908104,-0.3201689409382423,0.24114807862053556,3.00316982314816,-34.21504626874318,-0.0021436186114549985,0.054133
13.220110177993774,3.2356945144209543,1.4218542586851868,-0.2905853451345061,0.29291322382782203,2.8616717791515525,-34.356544312739786,-0.002152483653992518,0.054133
13.246901035308838,3.227933323692306,1.417973720350701,-0.4423319052040648,0.28969676845781517,2.9453571065265547,-34.272858985364785,-0.0021472406558139465,0.054133
13.279450416564941,3.231813918976176,1.4231477714818863,-0.46232696047437666,0.34004799257408536,2.8652913578482626,-34.35292473404308,-0.002152256882524815,0.054133
13.30792784690857,3.2292268554357273,1.42913026828742,-0.5338085240795596,0.43611577278686037,2.7556685230747777,-34.46254756881656,-0.002159124900385003,0.054282
13.335168600082397,3.23229899339797,1.4244412842878653,-0.5155821513385995,0.45569198155892116,2.7175647898990962,-34.50065130199224,-0.002161512150455038,0.054282
13.366647958755493,3.2365029718255522,1.4281601336567973,-0.4094105210573285,0.5072035503446295,2.562370868907282,-34.655845222984055,-0.002171235258084638,0.054282
13.393736124038696,3.2402218759767893,1.4257347971031291,-0.2524556496145865,0.5186041118982672,2.3577918589217775,-34.860424232969564,-0.0021840524078810594,0.054282
13.421438694000244,3.239413418540013,1.4278367554477527,-0.16055131167708517,0.5479543700167782,2.1586766514007665,-35.059539440490575,-0.0021965272431132914,0.054282
13.45348310470581,3.240545258953459,1.4186204767339936,-0.07106857417588548,0.4748009135670895,2.0537319508085585,-35.16448414108278,-0.0022031021695826597,0.054282
13.481156587600708,3.2352094399815523,1.4149016275616448,-0.126993531140726,0.38578527340564,2.37835850503528,-34.83985758685606,-0.0021827638798738833,0.054282
13.516953706741333,3.2421621738536124,1.4066554840169196,-0.011649983064516803,0.23963870836542658,2.6316757205057257,-34.58654037138562,-0.002166893216031453,0.054282
13.544471263885498,3.2445875462563687,1.4094041984902024,0.12298271885989018,0.1652813180564799,-0.4938282264655989,-37.712044318356945,-0.0023627102369490724,0.054282
13.57798457145691,3.2403835674649843,1.4022898787623705,0.12381243276062194,0.040902379258443276,-1.2736106710166983,-38.49182676290805,-0.0024115646546194838,0.054282
13.603877305984497,3.2491149082436226,1.4081106857917136,0.3184052211269873,0.013015202819898077,-0.6328162757389214,-37.85103236763027,-0.0023714180249453814,0.054443
13.629563093185425,3.2398984930012387,1.4021281896808782,0.24982974106679035,-0.0673277369557182,-0.9821408259195524,-38.2003569178109,-0.0023933036772786774,0.054443
13.655813455581665,3.2507318232923783,1.3967924500720235,0.4425454849792128,-0.1778143670836269,-0.7890807682871053,-38.00729686017846,-0.0023812082053211387,0.054443
13.681835412979126,3.236341280344073,1.4061704167612432,0.25768601008121467,-0.15981254673658934,-1.0978105974044212,-38.316026689295775,-0.0024005505438469753,0.054443
13.709651231765747,3.2360178973819544,1.3987327190026535,0.12109874910344134,-0.22282770782824443,-1.4716468146440012,-38.68986290653535,-0.0024239718850492167,0.054443
13.73667311668396,3.2347243655446656,1.401643122437262,-0.003254847529182546,-0.23734928104632996,-1.7660263087514445,-38.9842424006428,-0.0024424151558091896,0.054443
13.763168334960938,3.236664663307311,1.4030983241719837,-0.047188594100604345,-0.23271986234888167,-1.8669285145283374,-39.08514460641969,-0.0024487368145479005,0.054443
13.790736436843872,3.236341280344073,1.4157100730273926,-0.08512784527468367,-0.10126009140019675,-2.0952598007459384,-39.31347589263729,-0.0024630420763578384,0.054443
13.819302558898926,3.2297119298441164,1.408272374878521,-0.2589907013890351,-0.08485469103855993,-2.471274414965894,-39.68949050685725,-0.0024865998970572453,0.054443
13.845801830291748,3.227933323692306,1.4155483839339542,-0.42021565458223836,0.0006016928470272813,-2.7911154521619514,-40.0093315440533,-0.002506638367695436,0.054595
13.876547574996948,3.2297119298441164,1.4152250057475106,-0.4935521679043102,0.05713349023132594,-2.925274442288084,-40.143490534179435,-0.002515043608649066,0.054595
13.903997659683228,3.233754216678441,1.4205607458977603,-0.45506737463483093,0.15095232618948104,-3.0823783886800578,-40.300594480571405,-0.002524886381935814,0.054595
13.935541152954102,3.2347243655446656,1.4084340639654724,-0.4065711341459731,0.09333783687827413,-2.958967883380821,-40.17718397527217,-0.0025171545479955463,0.054595
13.96240758895874,3.236341280344073,1.4312322266717332,-0.3366956233064418,0.2847885292342776,2.8973957254477525,-40.604005673623185,-0.0025438955007673655,0.054595
13.990923881530762,3.231167153084361,1.432525739535846,-0.402752819523959,0.43195470042901585,2.6594637377447574,-40.84193766132618,-0.0025588022594224477,0.054595
14.020498514175415,3.238443269625119,1.4315556048868876,-0.2873162168953071,0.5251080053472921,2.382126939755524,-41.11927445931541,-0.0025761777823763406,0.054595
14.05213975906372,3.238766652595631,1.429453646498791,-0.1993249663195725,0.5689454533171424,2.1849120309113297,-41.31648936815961,-0.0025885335613437073,0.054595
14.080155372619629,3.239736801513884,1.4239562169845352,-0.11617420456024107,0.5437412506861169,2.0527648307096666,-41.44863656836127,-0.002596812760956035,0.05475
14.113700151443481,3.239736801513884,1.4186204767339936,-0.05796867132873538,0.47185173003562736,1.994709005264143,-41.506692393806794,-0.0026004500364093814,0.05475
14.142003536224365,3.2466895357231054,1.4161951403085746,0.1372662273767241,0.39687153028779276,1.2674412708371843,-42.233960128233754,-0.0026460143369449775,0.05475
14.170525074005127,3.2442641632656914,1.4186204767339936,0.22003843698497977,0.3690429257568005,0.8880985034453026,-42.61330289562564,-0.002669780670911474,0.05475
14.196055173873901,3.247659684723738,1.4034217023368332,0.3534280913830919,0.19504235352938137,0.030351942634771416,-43.47104945643617,-0.0027235196451984877,0.05475
14.221924066543579,3.2421621738536124,1.4103743330201153,0.3246451527021623,0.1439268833789893,-0.16705438244762294,-43.66845578151857,-0.0027358874166503165,0.05475
14.25090503692627,3.2465278442239813,1.4079489967050502,0.4015030895223651,0.0834885201031546,-0.30334649443589584,-43.80474789350684,-0.0027444263005541353,0.05475
14.277479887008667,3.244749237752128,1.4090808203147167,0.4157826842719007,0.05268851504868898,-0.3717627738420489,-43.87316417291299,-0.002748712672365811,0.05475
14.309680223464966,3.245557695235129,1.3995411643965,0.4437424736961468,-0.06585778697419706,-0.5978823139338024,-44.099283713004745,-0.0027628793653098195,0.05475
14.344173192977905,3.2421621738536124,1.4050385931696945,0.3878652203213073,-0.09294978971440605,-0.7267535000974589,-44.2281548991684,-0.0027709533182418387,0.054902
14.371170997619629,3.2423238653451683,1.4053619713379901,0.35234395746673436,-0.10862652048144576,-0.8143807647281032,-44.31578216379905,-0.0027764432840848706,0.054902
14.399311780929565,3.245557695235129,1.4018048115183241,0.39933536493254357,-0.1557646143593901,-0.8104916666031978,-44.31189306567414,-0.0027761996268629323,0.054902
14.433109998703003,3.237796503687454,1.404230147751469,0.259774254827518,-0.16410374673625033,-1.085889238586542,-44.58729063765749,-0.002793453654702501,0.054902
14.462805032730103,3.2335925252017153,1.4108594002870158,0.06866830709918385,-0.1025438799333128,-1.599761205766992,-45.10116260483794,-0.0028256484237552996,0.054902
14.499313831329346,3.2329457592976074,1.412314602095499,-0.07947711296172072,-0.044657452471237445,-2.1740747940645595,-45.67547619313551,-0.0028616299415652243,0.054902
14.52735710144043,3.2295502383743737,1.4118295348247076,-0.2586280027930623,-0.009068460160980575,-2.6237951978462055,-46.12519659691716,-0.002889805528993205,0.054902
14.559779405593872,3.232137301923759,1.4081106857917136,-0.3265486005604782,-0.021964384773699372,-2.67351216139746,-46.17491356046841,-0.002892920363546881,0.054902
14.586341619491577,3.2329457592976074,1.4047152150019733,-0.3561289483235368,-0.06551207931932199,-2.622125441878647,-46.1235268409496,-0.0028897009165387744,0.05506
14.61238980293274,3.2316522275028032,1.4279984445522025,-0.4055777047618199,0.14071687194641982,-3.0586372268932465,-46.560038625964204,-0.002917048966257227,0.05506
14.640410423278809,3.2398984930012387,1.4302620920297637,-0.2569583070553714,0.30809083893499295,2.7730242280921344,-47.01156247815841,-0.002945337542150914,0.05506
14.667710781097412,3.2319756104498283,1.4312322266717332,-0.32897262766027496,0.4351156306739785,2.577087608175475,-47.20749909807507,-0.0029576132345997836,0.05506
14.69573426246643,3.240060184488874,1.4173269639697224,-0.1997419386635581,0.3826631104966437,2.503600254762674,-47.28098645148787,-0.0029622173160101938,0.05506
14.724738359451294,3.2360178973819544,1.4200756786048645,-0.199100815017893,0.37389155323728307,2.5236900349471534,-47.26089667130339,-0.002960958664294068,0.05506
14.752252578735352,3.2434557057939033,1.4178120312552396,-0.03338256554161028,0.3447377633538608,2.1403253670676508,-47.6442613391829,-0.0029849769757289263,0.05506
14.781557321548462,3.2466895357231054,1.4140931820995064,0.15447650142770836,0.2865218899577279,0.8923663755909869,-48.89222033065956,-0.00306316328298831,0.05506
14.809962272644043,3.236664663307311,1.4040684586682546,0.06322335016919628,0.14385297071967532,0.0,-48.89222033065956,-0.00306316328298831,0.05506
14.835448980331421,3.247336301722405,1.3870911057273991,0.2364719011915438,-0.12861799908415317,-1.0813113605012912,-50.86589806675184,-0.003186816844490777,0.05521
14.863463640213013,3.2423238653451683,1.405523660422353,0.24636863407589993,-0.13195043146252797,-1.0613728801447664,-50.84595958639532,-0.003185567671912121,0.05521
14.892486095428467,3.2465278442239813,1.400187920714155,0.34670952648398146,-0.18852970742236075,-0.9308478946678843,-50.715434600918435,-0.0031773901062314997,0.05521
14.919244289398193,3.2416770993806256,1.4009963661144478,0.30916371378664426,-0.2199160229243529,-1.0360118223941268,-50.82059852864468,-0.003183978767575314,0.05521
14.947274446487427,3.248629833734469,1.3912950215470175,0.43737267355542325,-0.34051657341423713,-0.9590786916774197,-50.74366539792797,-0.0031791588035879345,0.05521
14.973290205001831,3.2402218759767893,1.3984093408461176,0.3402925866143726,-0.3526081975341387,-1.1049119014730284,-50.88949860772358,-0.0031882954500863986,0.05521
14.999802350997925,3.2395751100268084,1.396630760995401,0.257965268085222,-0.37915452498756963,-1.2511741385425883,-51.03576084479314,-0.0031974589757199083,0.05521
15.026429176330566,3.236826354789349,1.4030983241719837,0.13925830112580478,-0.3319835331077517,-1.4432580628160439,-51.22784476906659,-0.0032094932916112203,0.05521
15.053008794784546,3.2347243655446656,1.4053619713379901,0.009456838886481739,-0.2759501408567907,-1.7131863787344626,-51.49777308498501,-0.003226404663211206,0.05521
15.080170392990112,3.235532822940874,1.4066554840169196,-0.06344011351000851,-0.22357608161827866,-1.9032663891226975,-51.68785309537325,-0.003238313431205654,0.055361
15.107666492462158,3.2306820786684325,1.4113444675552131,-0.22225240488474932,-0.1392430074639158,-2.328236060605179,-52.11282276685573,-0.003264938352006243,0.055361
15.135838747024536,3.2248611858732494,1.4140931820995064,-0.46276231111219934,-0.05226464961471419,-2.7433947116621082,-52.527981417912656,-0.0032909485991975546,0.055361
15.17052149772644,3.2379581951714504,1.425573108000713,-0.3401013040639528,0.12533253616544995,-3.0270863332496187,-52.811673039500164,-0.00330872226038662,0.055361
15.195960760116577,3.2319756104498283,1.4155483839339542,-0.3871727255662688,0.14773275188982893,-3.087304779822383,-52.871891486072926,-0.0033124950269587407,0.055361
15.221487522125244,3.239251727053498,1.4257347971031291,-0.258446079239049,0.2669745529799045,2.862081468753167,-53.20569054467696,-0.0033334079863886227,0.055361
15.251683473587036,3.2418387908713413,1.4320406722107115,-0.11085239573028279,0.4145534095852768,2.212277241680833,-53.85549477174929,-0.0033741190941279945,0.055361
15.278702020645142,3.247497993222931,1.4307471593500936,0.11821169376904501,0.5047079226990285,1.4244303706832686,-54.643341642746854,-0.003423478758948608,0.055361
15.306599378585815,3.249276599747235,1.4225010150823771,0.31807751860862715,0.4839804576010592,0.8948967564583842,-55.172875256971736,-0.0034566547512277844,0.055361
15.338584899902344,3.2483064507297694,1.4034217023368332,0.4364267074355043,0.2754986258203617,0.26878454804936686,-55.798987465380755,-0.003495881522171271,0.055361
15.367099523544312,3.2453960037379677,1.4215308804874611,0.4546004752782941,0.3136709354173893,0.3471820420696928,-55.720589971360425,-0.0034909698138557706,0.055361
15.398309469223022,3.2420004823623367,1.4052002822537704,0.3918730069272157,0.1743641515345255,-0.0020816932130967736,-56.069853706643215,-0.0035128516560540206,0.05552
15.423926830291748,3.2538039619623738,1.4113444675552131,0.6102392540725153,0.13931515574304937,-0.06626828597551764,-56.13404029940563,-0.003516873032315525,0.05552
15.453962326049805,3.248953216740291,1.4137698039156612,0.6553111812758383,0.13943839332097022,-0.06093996731937254,-56.128711980749486,-0.0035165392059939306,0.05552
15.479000568389893,3.2439407802761355,1.4140931820995064,0.5754842755555329,0.14281233093470452,-0.06391491929987603,-56.13168693272999,-0.0035167255907319057,0.05552
15.506878137588501,3.2423238653451683,1.4106977111979049,0.4836772961307153,0.1106535388103453,-0.15587032316233626,-56.22364233659245,-0.0035224867203120075,0.05552
15.533618211746216,3.248468142231979,1.4035833914194733,0.5559393664455046,0.015813618227086476,-0.31978060963694965,-56.38755262306706,-0.003532755919948218,0.05552
15.560367822647095,3.2436173972877005,1.4052002822537704,0.4987383760403655,-0.03413597049869021,-0.45926882877980635,-56.527040842209914,-0.0035414950442587555,0.05552
15.586920022964478,3.2423238653451683,1.4009963661144478,0.4299551664700982,-0.11184040707778727,-0.6819677859119063,-56.74973979934202,-0.0035554474330853087,0.05552
15.613984823226929,3.2445875462563687,1.4043918368348267,0.4321063235341075,-0.1317129660716003,-0.7121098045933659,-56.779881818023476,-0.003557335871046926,0.05552
15.640554904937744,3.2376348122037366,1.4136081148239552,0.279121111514967,-0.05192512760167613,-0.8440945691185443,-56.911866582548654,-0.003565604893845914,0.055679
15.666881322860718,3.2344009825881397,1.4189438549265077,0.10017517773398188,0.058172936631493505,-1.3938342272567255,-57.461606240686834,-0.0036000468219200103,0.055679
15.694749593734741,3.2339159081554465,1.4173269639697224,-0.03586541850350861,0.11880322466690196,-2.709806789031389,-58.7775788024615,-0.003682494270724466,0.055679
15.724602460861206,3.239090035567262,1.4216925695862515,-0.01612377868477849,0.20562799033438442,2.8036035772650587,-59.54735374334464,-0.0037307217048465177,0.055679
15.756283044815063,3.233754216678441,1.4252497297963165,-0.12086750218114883,0.3025697126116881,2.563994658318175,-59.78696266229152,-0.0037457335254967314,0.055679
15.78644585609436,3.2450726207444873,1.434789387070482,0.057308899300608854,0.4674152304760102,1.6440961075774239,-60.706861213032276,-0.0038033664054446335,0.055679
15.812652587890625,3.248468142231979,1.434304319739226,0.2574814886644334,0.5778755854531169,1.155538552579047,-61.195418768030656,-0.003833975192568157,0.055679
15.847816228866577,3.240545258953459,1.4246029733892653,0.22155438606318736,0.5565676861762503,1.2150159016881317,-61.13594141892157,-0.003830248856747687,0.055679
15.875838279724121,3.241030333420565,1.4207224349956815,0.2071838575977445,0.5022000990665109,1.1994703098478456,-61.151487010761855,-0.003831222808959623,0.05583
15.904404401779175,3.24119202491016,1.4181354094463072,0.20071730213620614,0.4378414168169395,1.139516869432297,-61.2114404511774,-0.0038349789725399984,0.05583
15.932432174682617,3.244749237752128,1.4181354094463072,0.275232633101619,0.3927903392422433,0.8386175076350308,-61.512339812974666,-0.0038538307217691904,0.05583
15.96044921875,3.2437790887817775,1.4084340639654724,0.3058364772635025,0.2626244460152017,0.36655299742056124,-61.98440432318914,-0.0038834061974811016,0.05583
15.98643183708191,3.2413537164000346,1.4119912239148273,0.2733669503726757,0.20767270441579344,0.1617143819086203,-62.18924293870108,-0.0038962396119124948,0.05583
16.013492107391357,3.247659684723738,1.4087574421398068,0.3907580507544955,0.1363297728491862,-0.1285743964105068,-62.47953171702021,-0.003914426593833074,0.05583
16.041022539138794,3.2386049611102354,1.4058470385915107,0.2717342066643369,0.056800680050675074,-0.5617119345951714,-62.912669255204875,-0.003941563242454843,0.05583
16.0690438747406,3.2450726207444873,1.4077873076185305,0.332130095492439,0.020856342173670307,-0.5557691863043797,-62.90672650691408,-0.003941190921291245,0.05583
16.09806180000305,3.2437790887817775,1.400349609793927,0.3456647009370765,-0.07992113034595169,-0.7714425275515667,-63.12239984816127,-0.00395470314584476,0.05583
16.12718939781189,3.246851227222509,1.3922651559806132,0.4234024026450096,-0.23265713588083786,-0.8757693089164357,-63.22672662952614,-0.003961239358844455,0.05598
16.154152393341064,3.247012918722194,1.4024515678440062,0.48141160852899667,-0.23601070294767038,-0.801471447000208,-63.15242876760991,-0.00395658449798751,0.05598
16.18329691886902,3.2303586957258767,1.4087574421398068,0.1519581724280637,-0.17424861230523997,-1.380050140692156,-63.73100746130186,-0.003992833230379913,0.05598
16.210811853408813,3.2395751100268084,1.4085957530525677,0.12613117815480576,-0.13265898446251492,-1.4367592979153434,-63.787716618525046,-0.003996386135260086,0.05598
16.236855506896973,3.23149053602971,1.4178120312552396,-0.07158843032452039,-0.009847613035994815,-2.2810509087641395,-64.63200822937384,-0.004049282138857315,0.05598
16.26697850227356,3.2285800895617833,1.4234711496825108,-0.2746628089554512,0.13365459700819673,-3.0355912041576,-65.38654852476729,-0.004096555101974006,0.05598
16.295268058776855,3.236341280344073,1.397600895457282,-0.24435979567306332,-0.028907555791841472,-2.5928918703122856,-64.94384919092198,-0.004068819394009277,0.05598
16.326554775238037,3.2303586957258767,1.426543242617387,-0.35608181051336846,0.15154551643126463,-3.0964088795639655,-65.44736620017366,-0.004100365411037525,0.05598
16.35338306427002,3.23246068487246,1.4276750663434485,-0.3875806377136586,0.28936951740940764,2.8956348894076265,-65.73850773838166,-0.004118605819510695,0.05598
16.38038420677185,3.2361795888628744,1.4234711496825108,-0.3269950900814975,0.3431065883199785,2.74411834355955,-65.89002428422974,-0.004128098534647545,0.05598
16.409801483154297,3.235532822940874,1.4328491177533307,-0.29895646378760715,0.4760650134401921,2.4662173663731526,-66.16792526141613,-0.00414550940418603,0.05613
16.441323041915894,3.240060184488874,1.4221776368834922,-0.1787306239526972,0.4606427496577809,2.302436054979777,-66.33170657280951,-0.004155770523360141,0.05613
16.47384738922119,3.238928344081307,1.4174886530647504,-0.1197222368825535,0.40217592947147596,2.286469070697605,-66.34767355709168,-0.004156770876374638,0.05613
16.499929428100586,3.232784067822279,1.4108594002870158,-0.21494330789620067,0.29385189341209633,2.753270551735531,-65.88087207605375,-0.004127525136510718,0.05613
16.525525093078613,3.2402218759767893,1.4022898787623705,-0.11632860040179044,0.13090178200737027,-2.924615069085752,-65.27557238969544,-0.004089602298032171,0.05613
16.55978775024414,3.24119202491016,1.400349609793927,-0.0257414184634749,-0.002889322462365473,-2.1019913410102173,-64.4529486616199,-0.004038063816398196,0.05613
16.586856842041016,3.2439407802761355,1.3937203576406394,0.09874745573803669,-0.1639403511716198,-1.5088693488155398,-63.859826669425225,-0.004000903926817884,0.05613
16.62452507019043,3.2352094399815523,1.3964690719189214,-0.008122310200983784,-0.24873086803138816,-1.7720768015892332,-64.12303412219892,-0.0040173942273133935,0.05613
16.65096378326416,3.237796503687454,1.401643122437262,-0.025446117765938008,-0.2554814931885328,-1.8076241650553726,-64.15858148566505,-0.004019621317387032,0.056282
16.68547511100769,3.2263164090381444,1.4035833914194733,-0.292662585315988,-0.24048090417213575,-2.3033458663928825,-64.65430318700257,-0.004050678947902645,0.056282
16.71596598625183,3.2305203871970156,1.4174886530647504,-0.38630094920925073,-0.08861062820946797,-2.631925152760877,-64.98288247337057,-0.0040712648815899675,0.056282
16.75111222267151,3.2271248663617373,1.4199139895075223,-0.5272968977688773,0.042356100433314,-2.933535048351585,-65.28449236896127,-0.004090161146715813,0.056282
16.779220819473267,3.2316522275028032,1.426866620824107,-0.5253952693735155,0.204717747330621,3.0828468012182086,-65.55129582657106,-0.004106876741744991,0.056282
16.80716586112976,3.235532822940874,1.4239562169845352,-0.4378365892920395,0.28878185649555416,2.9123809193547063,-65.72176170843457,-0.004117556658238763,0.056282
16.835340976715088,3.239090035567262,1.4346276979599175,-0.2975035982367304,0.4561198953505967,2.482776404385218,-66.15136622340405,-0.00414447195821002,0.056282
16.86289358139038,3.239736801513884,1.4417420189628902,-0.18489924690229104,0.645585301094804,2.065782785983453,-66.56835984180582,-0.0041705971685704855,0.056282
16.89140033721924,3.233430833725269,1.4359212108485182,-0.24619595828379323,0.7190329933645649,2.095880211599789,-66.53826241618948,-0.004168711524424302,0.056282
16.920559883117676,3.2416770993806256,1.4338192524092825,-0.10587012555077831,0.7490765119605355,1.867598029897424,-66.76654459789185,-0.004183013709770396,0.056433
16.94759225845337,3.2352094399815523,1.4225010150823771,-0.1513546171031806,0.6550384700841163,2.001952212896027,-66.63219041489324,-0.004174596239721094,0.056433
16.975101470947266,3.2361795888628744,1.4205607458977603,-0.16163687565415638,0.5694858120864366,2.100622267709423,-66.53352036007985,-0.004168414428238801,0.056433
17.003284692764282,3.2395751100268084,1.4186204767339936,-0.09338535550274171,0.4898729230158511,2.047913196221286,-66.58622943156799,-0.0041717167223741655,0.056433
17.034066677093506,3.2356945144209543,1.4192672331196001,-0.13183683532965573,0.4407192434669667,2.2194589970927803,-66.41468363069649,-0.004160969147503837,0.056433
17.062780380249023,3.239413418540013,1.4110210893762707,-0.07611814167764021,0.322476048836407,2.3513442941544684,-66.2827983336348,-0.004152706356475055,0.056433
17.08799409866333,3.2356945144209543,1.4061704167612432,-0.11974978565209125,0.1903907444074374,3.0689675490719357,-65.56517507871733,-0.004107746295536622,0.056433
17.119523286819458,3.2386049611102354,1.4108594002870158,-0.08562127882026395,0.14560226386726785,-2.9414241721240217,-65.2923814927337,-0.004090655410917994,0.056433
17.14971375465393,3.242970631314193,1.4008346770341025,0.035274666161168644,0.012332521441492654,-1.7647356846072715,-64.11569300521694,-0.0040169342964727975,0.056592
17.185508012771606,3.2408686419312493,1.3964690719189214,0.07319523920828301,-0.12533985720221996,-1.5518847577958377,-63.902842078405506,-0.004003598899975168,0.056592
17.21389389038086,3.2403835674649843,1.4061704167612432,0.08896119700451008,-0.12308038981960222,-1.4991031931797232,-63.850060513789394,-0.004000292064047953,0.056592
17.24351453781128,3.2285800895617833,1.427351688135276,-0.16227806982514303,0.09384371147727755,-2.801556130189538,-65.1525134507992,-0.0040818924901993275,0.056655
17.269202947616577,3.232137301923759,1.4372147237464585,-0.25910364748294784,0.34596456752173943,2.6587965474488833,-65.97534608034037,-0.004133444059790751,0.056655
17.301433086395264,3.2360178973819544,1.4045535259183282,-0.24065401119148555,0.19039435171704427,3.092572308630433,-65.54157031915882,-0.004106267425640872,0.056655
17.332357168197632,3.2395751100268084,1.4239562169845352,-0.14869735037888202,0.27875547956605345,2.692446733749358,-65.9416958940399,-0.0041313358304151115,0.056655
17.36751890182495,3.2374731207202996,1.419590611313272,-0.13103427455151856,0.29622470446119775,2.5907373713205497,-66.0434052564687,-0.004137708058602358,0.056655
17.396862983703613,3.2407069504422146,1.4157100730273926,-0.04681383374240671,0.26900110536685956,2.446750603954294,-66.18739202383496,-0.004146729023002208,0.056655
17.432878494262695,3.24151540789019,1.4103743330201153,0.03010454714525743,0.19569800966522552,0.0,-66.18739202383496,-0.004146729023002208,0.056655
17.45839810371399,3.238766652595631,1.4077873076185305,0.022869568508822657,0.11808447290385712,-2.1960685404262956,-64.54702586103596,-0.004043957879320042,0.056655
17.48652482032776,3.2421621738536124,1.400187920714155,0.09325418669019686,-0.013505274365888928,-1.4207599940296733,-63.77171731463934,-0.003995383757379012,0.056655
17.512521028518677,3.245234312241087,1.4108594002870158,0.2107868961304368,0.0028750507259341545,-0.8685012183505886,-63.219458538960254,-0.003960784003206926,0.056655
17.54003071784973,3.2373114292371428,1.4019665005995294,0.11701188368381196,-0.07606967896858509,-1.3665559502686448,-63.71751327087831,-0.003991987801222483,0.056655
17.570541381835938,3.2352094399815523,1.4127996693675886,0.004662789361075358,-0.021194004869543377,-1.869936229921327,-64.22089355053099,-0.004023525251957678,0.056655
17.59758234024048,3.233430833725269,1.4061704167612432,-0.1135025328994236,-0.0501782931867241,-2.2424673807909246,-64.59342470140058,-0.00404686482899868,0.056655
17.626267671585083,3.2386049611102354,1.4066554840169196,-0.0812482018933933,-0.06553578824922678,-2.117981312000512,-64.46893863261016,-0.004039065609560834,0.056655
17.65477967262268,3.2365029718255522,1.4095658875781611,-0.10537675644570718,-0.04669699395947731,-2.2276236881198344,-64.57858100872949,-0.0040459348517125895,0.056655
17.68208146095276,3.2316522275028032,1.4178120312552396,-0.23005117044734907,0.05032578031612701,-2.7465154152811286,-65.09747273589078,-0.004078444115471473,0.056655
17.71059513092041,3.2361795888628744,1.4073022403598343,-0.21672446299506115,0.01139240556926529,-2.619126626548883,-64.97008394715853,-0.004070463036729907,0.056655
17.739619255065918,3.2268014834314633,1.4207224349956815,-0.41577898526051316,0.12057740264161992,-3.033808731290705,-65.38476605190036,-0.00409644342765441,0.056655
17.770132541656494,3.230197004255018,1.4163568294025908,-0.4796680572724921,0.15262333678786338,-3.105348124148747,-65.4563054447584,-0.004100925466719276,0.056655
17.804646968841553,3.24151540789019,1.4375381019724036,-0.27289340932580236,0.3903979769763606,2.5624972373148003,-66.07164539047444,-0.004139477340934148,0.0
17.833394765853882,3.236664663307311,1.4322023613189439,-0.23593558735823822,0.502593642203202,2.3021020231907556,-66.33204060459849,-0.004155791450900443,0.0
17.86991286277771,3.231813918976176,1.4326874286445155,-0.31784953798230464,0.586062115332113,2.31144506711405,-66.3226975606752,-0.004155206096647688,0.0
17.899133920669556,3.2344009825881397,1.4310705375643744,-0.31770427691410497,0.6280516883404313,2.2631987828085354,-66.37094384498072,-0.004158228791170984,0.056594
17.928725004196167,3.2382815781402834,1.4307471593500936,-0.23137505142690856,0.6541567178276331,2.114155419535655,-66.5199872082536,-0.004167566558097153,0.056594
17.955508947372437,3.2382815781402834,1.4357595217369323,-0.17094459358588096,0.723389149223039,1.9660516724768633,-66.6680909553124,-0.004176845456805277,0.056594
17.98253035545349,3.2386049611102354,1.4402868169165357,-0.12145764437390687,0.8178792556871416,1.8423756535302793,-66.79176697425898,-0.0041845939255322285,0.056594
18.00950574874878,3.241030333420565,1.4359212108485182,-0.03292456370820172,0.8396387615791959,1.7053872783872672,-66.928755349402,-0.004193176431258016,0.056594
18.035284757614136,3.2407069504422146,1.438023169312417,0.02186296384792165,0.8762402819472354,1.620392282931018,-67.01375034485824,-0.004198501481901217,0.056594
18.061563968658447,3.238443269625119,1.4444907339716928,0.009914831464999503,0.9676147823761024,1.6297890794786623,-67.00435354831059,-0.004197912759974338,0.056594
18.09053611755371,3.242970631314193,1.4495030967438947,0.10214994336086951,1.0825358473485156,1.5198599760972225,-67.11428265169204,-0.00420479996597424,0.056594
18.11806321144104,3.2356945144209543,1.4495030967438947,0.005037873874875408,1.1629805928292034,1.62320405857599,-67.01093856921327,-0.004198325320379866,0.056594
18.14675784111023,3.2373114292371428,1.4493414076200084,-0.027012431895136926,1.2176480786861332,1.6513764494025795,-66.98276617838668,-0.004196560282249252,0.056594
18.179953575134277,3.238928344081307,1.436729656408636,-0.013519502442271165,1.127696116973264,1.6447839452828101,-66.98935868250645,-0.004196973311488383,0.056594
18.20554780960083,3.240060184488874,1.4352744544030507,0.021075248989047855,1.0499352210703705,1.6113557375334597,-67.0227868902558,-0.0041990676336096005,0.056436
18.23163628578186,3.243132322807149,1.4441673557331658,0.11355505016663764,1.0859135678971708,1.5063684673517546,-67.12777416043751,-0.0042056452271209376,0.056436
18.258724451065063,3.2413537164000346,1.4365679672963205,0.1387699514048736,1.0338381235590697,1.4725772062793865,-67.16156542150988,-0.004207762295020548,0.056436
18.285200834274292,3.2407069504422146,1.438023169312417,0.1420491244270711,1.0121798353331448,1.4660164041121235,-67.16812622367713,-0.004208173338089768,0.056436
18.315035343170166,3.2434557057939033,1.4444907339716928,0.20542239206984814,1.0627724697462406,1.4002368296065875,-67.23390579818268,-0.004212294516797409,0.056436
18.342397689819336,3.238766652595631,1.4462693142940748,0.1455920599560526,1.1162695092001484,1.4741307659367429,-67.16001186185252,-0.004207664962421044,0.056436
18.3688006401062,3.2395751100268084,1.4503115423655297,0.12167489942440786,1.1948133360455486,1.5056427932988297,-67.12849983449044,-0.004205690691575187,0.056436
18.395544052124023,3.239413418540013,1.4381848584260468,0.10134007265022404,1.126506319948972,1.5227758793395958,-67.11136674844967,-0.004204617280719033,0.056436
18.429425716400146,3.2450726207444873,1.438346547539823,0.21285420168257316,1.0803352445581376,1.3947114729157064,-67.23943115487356,-0.0042126406878165695,0.056436
18.456225872039795,3.241030333420565,1.4376997910855955,0.20109372853131455,1.0414401482863764,1.4003348728286051,-67.23380775496067,-0.004212288374257843,0.056284
18.488121509552002,3.239413418540013,1.4376997910855955,0.15693325302505215,1.0142135808961465,1.4482445768525136,-67.18589805093676,-0.004209286766941335,0.056284
18.51791000366211,3.2418387908713413,1.4399634386856215,0.1799131368545913,1.0181686860705932,1.4209404105049992,-67.21320221728428,-0.004210997409642007,0.056284
18.545552015304565,3.24151540789019,1.4260581753083967,0.1888134265631626,0.8795673784334218,1.3776177876171125,-67.25652484017216,-0.004213711630163297,0.056284
18.573631286621094,3.244749237752128,1.4420653971970234,0.26689992020047865,0.9452862110732323,1.293485518401088,-67.34065710938819,-0.004218982629848608,0.056284
18.6031014919281,3.2460427697282936,1.4386699257678133,0.35030298278062977,0.9567688401031167,1.1967393379669835,-67.4374032898223,-0.004225043908016605,0.056284
18.630634307861328,3.2450726207444873,1.441418640729343,0.38712823877386043,0.9927518906070808,1.171685781678123,-67.46245684611117,-0.00422661354697375,0.056284
18.656745195388794,3.2445875462563687,1.4401251278010052,0.40212747414675754,1.0047893387613678,1.1610396956194,-67.4731029321699,-0.004227280538566729,0.056284
18.68522572517395,3.233430833725269,1.4339809415191178,0.16472274645054408,0.9507497895750113,1.4296224187585806,-67.20452020903072,-0.004210453470161963,0.056284
18.71347212791443,3.238119886655727,1.4385082366537452,0.10273105057602368,0.9589495091746273,1.5142205228491565,-67.11992210494014,-0.004205153285295983,0.056133
18.744090795516968,3.242970631314193,1.4378614801989331,0.16712129673858972,0.9581139693902351,1.4276555822943036,-67.206487045495,-0.004210576695108595,0.056133
18.771644592285156,3.238119886655727,1.441418640729343,0.10441003577765892,0.9936934811080629,1.5147607841710953,-67.1193818436182,-0.004205119437198404,0.056133
18.804235219955444,3.2439407802761355,1.4427121536670464,0.1898534737068139,1.0317498266042426,1.412814128626944,-67.22132849916235,-0.004211506532118095,0.056133
18.83103895187378,3.2361795888628744,1.4436822883764742,0.07720878791285622,1.0682522839843756,1.5521737798735804,-67.08196884791572,-0.004202775462758966,0.056133
18.8570818901062,3.233430833725269,1.446431003415171,-0.06272033391319673,1.1217492151180364,1.7089498639135623,-66.92519276387574,-0.004192953230489003,0.056133
18.883008003234863,3.242970631314193,1.4438439774952248,0.05130532759613215,1.1328956918713806,1.5818719830383507,-67.05227064475095,-0.004200914830435667,0.056133
18.91291356086731,3.239736801513884,1.445137490450506,0.05926700118075877,1.1538489130711322,1.5729887755663035,-67.061153852223,-0.004201471375317032,0.056133
18.940165281295776,3.236341280344073,1.443197221021101,-0.010608928577703182,1.148790136738097,1.6491707301523417,-66.98497189763697,-0.004196698473523331,0.055984
18.9723641872406,3.2386049611102354,1.4402868169165357,-0.009222678868208743,1.1156599469476838,1.6505427793690748,-66.98359984842024,-0.004196612512796763,0.055984
19.00117588043213,3.234077599632731,1.4444907339716928,-0.10885110393432729,1.1352085478764127,1.7576788880527119,-66.87646373973661,-0.004189900291666643,0.055984
19.034680604934692,3.2421621738536124,1.4398017495703836,0.0010497159799655934,1.1012213270651472,1.639802665719227,-66.99433996207009,-0.0041972853953446375,0.055984
19.060855388641357,3.2402218759767893,1.4480478946342077,0.034866516311548974,1.1612659048686047,1.5986726917463798,-67.03546993604293,-0.00419986224346591,0.055984
19.090688705444336,3.2434557057939033,1.4427121536670464,0.13039456638898267,1.1490505232366235,1.4938547050632311,-67.14028792272607,-0.004206429231138655,0.055984
19.119241952896118,3.2376348122037366,1.437376412859358,0.06792288151338947,1.0862531716211474,1.562136704529219,-67.0720059232601,-0.004202151272145615,0.055984
19.15211820602417,3.2382815781402834,1.4430355319029362,0.03856395947233097,1.0998292818017126,1.5966455857253734,-67.03749704206393,-0.004199989244381234,0.055984
19.178256034851074,3.24151540789019,1.4415803298460435,0.08986900239557709,1.0945380357025962,1.5362556516788244,-67.09788697611049,-0.0042037727548739565,0.055825
19.206993103027344,3.2376348122037366,1.442550464549321,0.03955498671798255,1.1006971789034934,1.5955762279297694,-67.03856639985955,-0.00420005624108365,0.055825
19.233314037322998,3.2423238653451683,1.4433589101394124,0.1085267939444202,1.113227758743627,1.5152938877195175,-67.1188487400698,-0.004205086037544953,0.055825
19.261335849761963,3.2360178973819544,1.4376997910855955,0.016687297807688514,1.0644649082162196,1.6249731847686648,-67.00916944302065,-0.004198214482247347,0.055825
19.28785014152527,3.238928344081307,1.439478371340347,0.017070308349716512,1.0484131075242151,1.6255851970575534,-67.00855743073177,-0.004198176138855303,0.055825
19.313907861709595,3.2386049611102354,1.4398017495703836,0.01015278698099491,1.0404645188186112,1.6349240643693765,-66.99921856341994,-0.004197591046272866,0.055825
19.341421842575073,3.243132322807149,1.4420653971970234,0.10590932676101045,1.0579142093428695,1.5140519619864103,-67.1200906658029,-0.004205163845860471,0.055825
19.372437000274658,3.239090035567262,1.4415803298460435,0.08311854300041116,1.0651974849814045,1.542781617459869,-67.09136101032945,-0.00420336389435113,0.055825
19.401474475860596,3.23246068487246,1.4433589101394124,-0.08014039025397997,1.088377972998163,1.739182043724672,-66.89496058406465,-0.004191059143811496,0.055825
19.431903839111328,3.2373114292371428,1.443197221021101,-0.08663721678528964,1.1029604786870166,1.7438234457111077,-66.89031918207822,-0.004190768353742027,0.055825
19.465763568878174,3.238119886655727,1.418297098542058,-0.07322092368906322,0.8600175182448112,1.7906846904806533,-66.84345793730867,-0.00418783243380625,0.055825
19.494367361068726,3.2395751100268084,1.4359212108485182,-0.03149418912716992,0.8691355453695662,1.7207045607979308,-66.91343806699139,-0.0041922167829385485,0.055674
19.52928614616394,3.234077599632731,1.4409335733801192,-0.12444116111561655,0.9264770765830002,1.8426234532783043,-66.79151917451101,-0.004184578400545137,0.055674
19.556179523468018,3.2408686419312493,1.4189438549265077,-0.03860583988546005,0.7430544795607684,1.7736738992401544,-66.86046872854917,-0.004188898182728881,0.055674
19.5886447429657,3.2386049611102354,1.4331724959713983,-0.028820516783638547,0.7593162089658686,1.7478698317907773,-66.88627279599854,-0.00419051484221843,0.055674
19.615482091903687,3.236664663307311,1.4320406722107115,-0.06508456257873012,0.7591925687754472,1.8186582876010169,-66.81548434018829,-0.004186079850368379,0.055674
19.64690923690796,3.2335925252017153,1.4357595217369323,-0.15873286508520953,0.7969142448865103,1.9623395547430231,-66.67180307304629,-0.0041770780259679716,0.055674
19.675467014312744,3.235371131461073,1.4333341850806507,-0.18476572053686716,0.7986618805246616,2.00266786882673,-66.63147475896258,-0.004174551402915663,0.055674
19.70988655090332,3.239736801513884,1.4389933039963883,-0.1059827325123539,0.8574194804830647,1.8436530913088431,-66.79048953648046,-0.004184513892339361,0.055674
19.73849105834961,3.238443269625119,1.4362445890721274,-0.07957715598719996,0.870604590649801,1.7962971931018226,-66.83784543468748,-0.004187480802977487,0.055522
19.770488023757935,3.2352094399815523,1.4436822883764742,-0.13294953840867246,0.9554506188162656,1.8431000800891368,-66.79104254770017,-0.004184548539235162,0.055522
19.802178621292114,3.236664663307311,1.4362445890721274,-0.13797487771625716,0.9392263874830423,1.856424018332239,-66.77771860945707,-0.004183713776605544,0.055522
19.833971977233887,3.2374731207202996,1.4360828999602497,-0.12352854368771733,0.9262255896923226,1.8412690374130924,-66.79287359037622,-0.004184663256518544,0.055522
19.863291263580322,3.236341280344073,1.4336575632995927,-0.1385658099856496,0.8924674935547421,1.8778118536360584,-66.75633077415326,-0.004182373799992452,0.055522
19.895325183868408,3.2352094399815523,1.432525739535846,-0.1742415962075872,0.8573299754533357,1.9497234392763032,-66.684419188513,-0.004177868442549797,0.055522
19.924540996551514,3.2356945144209543,1.4305854702431715,-0.18843620382306733,0.8130076829995835,2.0003419023056366,-66.63380072548367,-0.004174697127842791,0.055522
19.95172691345215,3.2373114292371428,1.4406101951480346,-0.16244428628366722,0.8838999011243941,1.9171094950832306,-66.71703313270608,-0.004179911749965374,0.055522
19.98247504234314,3.2408686419312493,1.4355978326254926,-0.06520802750308895,0.8825655416777539,1.767512028622307,-66.866630599167,-0.004189284232200626,0.055364
20.01693606376648,3.239090035567262,1.4305854702431715,-0.036663604984458406,0.8306725793566733,1.7352393012130258,-66.89890332657627,-0.004191306161926325,0.055364
20.045932054519653,3.2360178973819544,1.4312322266717332,-0.08494598144252323,0.8009228489691562,1.833848614351411,-66.80029401343789,-0.004185128155991569,0.055364
20.08095383644104,3.2352094399815523,1.4417420189628902,-0.13670771622735597,0.8869473686278018,1.8777374386817351,-66.75640518910757,-0.004182378462189305,0.055364
20.109479188919067,3.2379581951714504,1.42913026828742,-0.11186308764456245,0.8189453360244641,1.8720928663111227,-66.76204976147818,-0.00418273210223095,0.055364
20.1465060710907,3.2342392911102955,1.4297770247107435,-0.17710657588085657,0.7779192563861087,2.0104593854712083,-66.6236832423181,-0.0041740632539311665,0.055364
20.174790382385254,3.236988046271667,1.4278367554477527,-0.161699175347878,0.7294749711582688,2.024127284087698,-66.6100153437016,-0.0041732069417220975,0.055364
20.209732055664062,3.24442585476089,1.4334958741900488,0.014355469666554278,0.753098224747156,1.6517758762834411,-66.98236675150586,-0.0041965352576185996,0.055364
20.235531091690063,3.238119886655727,1.4106977111979049,-0.002526043172749446,0.5378536644790576,1.788212596060958,-66.84593003172834,-0.004187987313842526,0.055205
20.271403789520264,3.2424855568370043,1.4234711496825108,0.08266288753495893,0.5170454912687297,1.4335792439988244,-67.20056338379048,-0.004210205569745267,0.055205
20.297659397125244,3.234886057023348,1.4168418966855063,-0.02656713640534839,0.43508250586329433,2.0744321721379384,-66.55971045565137,-0.004170055272908773,0.055205
20.33019781112671,3.239090035567262,1.4155483839339542,-0.009614981216059752,0.3645577306783215,2.2801621019947405,-66.35398052579457,-0.004157166016436328,0.055205
20.35535502433777,3.236988046271667,1.4064937949315506,-0.04445505908254983,0.22313559286833287,-2.509098830246857,-64.86005615085658,-0.004063569647485957,0.055205
20.38950753211975,3.2335925252017153,1.4252497297963165,-0.14429221263787018,0.3148250343854535,3.0318834327689275,-65.60225919502038,-0.004110069665239887,0.055205
20.421530961990356,3.2347243655446656,1.4121529130050912,-0.18902852074810061,0.24585695191270293,-2.9462303176886837,-65.29718763829841,-0.004090956522393951,0.055205
20.450037240982056,3.236988046271667,1.4357595217369323,-0.1700445367549324,0.4375793130825894,2.5618205640749596,-66.07232206371435,-0.004139519735421636,0.055205
20.478477239608765,3.235371131461073,1.4318789831026246,-0.19268389070566985,0.5323329058382221,2.364120687537868,-66.27002194025144,-0.004151905898266443,0.055046
20.50690460205078,3.2402218759767893,1.4252497297963165,-0.10074700836838596,0.5312631534643752,2.1351788629489463,-66.49896376484035,-0.00416624941112551,0.055046
20.536134958267212,3.2344009825881397,1.4149016275616448,-0.1657325061843619,0.4253088413337408,2.5946947862166145,-66.03944784157268,-0.004137460121242937,0.055046
20.562729120254517,3.236988046271667,1.430100402923278,-0.15373732656034816,0.505661381703465,2.3357309416696284,-66.29841168611966,-0.0041536845539824,0.055046
20.590606689453125,3.239736801513884,1.4330108068622918,-0.08426285672879062,0.5914972046364558,1.9914949883014053,-66.64264763948789,-0.004175251398889641,0.055046
20.617249727249146,3.2379581951714504,1.4270283099276846,-0.07515168599557326,0.5907603560459117,1.9664199306226213,-66.66772269716668,-0.004176822384937749,0.055046
20.652265310287476,3.2342392911102955,1.4370530346337052,-0.15140859472652798,0.6921623828534113,2.037085371572391,-66.59705725621691,-0.004172395100133959,0.055046
20.679838180541992,3.2436173972877005,1.434142630629099,0.003594803219946006,0.7335547562776266,1.6708631627410209,-66.96327946504829,-0.004195339413481162,0.055046
20.7092068195343,3.240545258953459,1.4393166822255479,0.04383370625203963,0.8151321652800255,1.5775474633814812,-67.05659516440782,-0.004201185767401506,0.055046
20.73551607131958,3.2395751100268084,1.4270283099276846,0.050444051831602076,0.7473048284964172,1.563822721298926,-67.07031990649038,-0.004202045640930085,0.054895
20.76414155960083,3.2386049611102354,1.443197221021101,0.033514407418331255,0.8642092775357937,1.5952650647997237,-67.03887756298958,-0.004200075735871747,0.054895
20.791168212890625,3.237149737754265,1.434466008849499,-0.010671672729687233,0.857275254236124,1.674641372818944,-66.95950125497036,-0.004195102703544328,0.054895
20.820465087890625,3.2386049611102354,1.4381848584260468,-0.009266599774574552,0.8902296626823718,1.6664932336162341,-66.96764939417307,-0.004195613195411165,0.054895
20.84786319732666,3.234077599632731,1.434304319739226,-0.10888184856878334,0.8738456879975723,1.8376366904669659,-66.79650593732234,-0.004184890827934225,0.054895
20.873903512954712,3.243132322807149,1.4376997910855955,0.02258508187616237,0.8968974586939814,1.611574929460691,-67.02256769832861,-0.004199053900940911,0.054895
20.900245904922485,3.2421621738536124,1.4452991795705759,0.09305504604731164,0.9902939857877084,1.5032008551521427,-67.13094177263716,-0.004205843682280451,0.054895
20.92622661590576,3.239413418540013,1.4286452009714543,0.08130617528623696,0.8863564606639355,1.5113026085607568,-67.12284001922855,-0.004205336096545926,0.054895
20.952208042144775,3.2442641632656914,1.439478371340347,0.18086640052165193,0.9237371942376079,1.3564469265304018,-67.2776957012589,-0.004215038013050218,0.054895
20.979246854782104,3.238766652595631,1.4389933039963883,0.1284028658722988,0.9449722000821271,1.4436167891707796,-67.19052583861853,-0.004209576704056328,0.054895
21.005967378616333,3.244749237752128,1.426866620824107,0.22461252771686413,0.8365490170847992,1.2455709113795828,-67.38857171640973,-0.004221984544344504,0.054895
21.033308744430542,3.238119886655727,1.4438439774952248,0.14465389746247073,0.9332555532481155,1.4159710078370902,-67.21817161995222,-0.004211308749394791,0.054736
21.061869859695435,3.2413537164000346,1.4454608686907926,0.16053914451196666,1.0173884879178496,1.412156135026247,-67.22198649276307,-0.004211547756301093,0.054736
21.090725660324097,3.238928344081307,1.4533836357612737,0.11776660104270134,1.1568295051855861,1.4882547349258983,-67.14588789286341,-0.004206780076790468,0.054736
21.123231172561646,3.2466895357231054,1.4444907339716928,0.26028091803673636,1.1640272386429442,1.3257231408186272,-67.30841948697068,-0.004216962899497801,0.054736
21.155086517333984,3.24442585476089,1.4486946511259329,0.3097415350357646,1.2118053868524543,1.2866408976001054,-67.3475017301892,-0.004219411454536499,0.054736
21.18286967277527,3.242970631314193,1.4376997910855955,0.31202863586038204,1.1334692478924004,1.2583931787096938,-67.3757494490796,-0.004221181212071504,0.054736
21.210001707077026,3.2407069504422146,1.447724516389226,0.26333020354592374,1.1805517775169339,1.3271223462191384,-67.30702028157016,-0.004216875237399838,0.054736
21.238617181777954,3.236664663307311,1.4452991795705759,0.1394209416519569,1.1888520089637789,1.4680232529475628,-67.16611937484174,-0.004208047606314334,0.054736
21.264319896697998,3.2453960037379677,1.4338192524092825,0.2466964392298109,1.077949822879983,1.3157448792408026,-67.3183977485485,-0.004217588050989931,0.054578
21.29122567176819,3.249438291251128,1.4307471593500936,0.41160965521311704,0.9690854120053259,1.059254071519611,-67.5748885562697,-0.004233657544650109,0.054578
21.318109273910522,3.245234312241087,1.4326874286445155,0.4336357240964776,0.9126063541935983,0.9921667625550231,-67.64197586523429,-0.004237860654678351,0.054578
21.347403049468994,3.247659684723738,1.4225010150823771,0.5029461923611667,0.7695093596472647,0.7743088587147989,-67.85983376907451,-0.004251509745012948,0.054578
21.374065399169922,3.248629833734469,1.429453646498791,0.5730204085576186,0.740026401327124,0.6683334081788099,-67.9658092196105,-0.004258149249350951,0.054578
21.39956021308899,3.245557695235129,1.430100402923278,0.5538088806961625,0.7259636736988363,0.6696949120408817,-67.96444771574843,-0.004258063949305018,0.054578
21.428364753723145,3.239251727053498,1.4307471593500936,0.40024104514464304,0.722695107578518,0.8483645339346545,-67.78577809385466,-0.004246870057477871,0.054578
21.45602798461914,3.24442585476089,1.4257347971031291,0.40771362401130584,0.6694482019619921,0.7645688616147763,-67.86957376617454,-0.004252119968915472,0.054578
21.48225998878479,3.2458810782302914,1.4352744544030507,0.44527976079718684,0.729161680562478,0.795346100395017,-67.8387965273943,-0.004250191733561342,0.054578
21.511858463287354,3.2483064507297694,1.4270283099276846,0.5254682769674961,0.6871254891941302,0.6470716798077939,-67.98707094798152,-0.004259481325195298,0.054578
21.538368463516235,3.247012918722194,1.434142630629099,0.5528577205547537,0.7300289307161306,0.6750407078893436,-67.95910191989998,-0.004257729028013847,0.054578
21.56725788116455,3.250246748774804,1.4260581753083967,0.6438866261439217,0.6778695496852988,0.5305471919132178,-68.1035954358761,-0.004266781740894845,0.05442
21.59454846382141,3.2504084402803812,1.4173269639697224,0.7111996748757312,0.5525908538045649,0.3218853517552707,-68.31225727603405,-0.0042798546854862325,0.05442
21.62336826324463,3.2471746102221593,1.4262198644112485,0.6864625137851984,0.55530673161291,0.3375954047870786,-68.29654722300224,-0.004278870429559719,0.05442
21.65226674079895,3.2426472483291198,1.4215308804874611,0.5685476919257639,0.5095366094721768,0.3298657727394262,-68.30427685504989,-0.004279354701391091,0.05442
21.67876887321472,3.244749237752128,1.4234711496825108,0.532713905954293,0.4972235527639116,0.32978086318197025,-68.30436176460735,-0.004279360021088929,0.05442
21.705703020095825,3.2462044612265757,1.4168418966855063,0.539965587465601,0.42120714890992167,0.17523461330001186,-68.45890801448931,-0.004289042551253449,0.05442
21.73171615600586,3.2453960037379677,1.4244412842878653,0.5270776912993519,0.4452559448450648,0.22999295061807906,-68.40414967717125,-0.004285611867860963,0.05442
21.75924015045166,3.242970631314193,1.4149016275616448,0.46416394524489973,0.3651037953002197,0.06940535683100486,-68.56473727095832,-0.004295672896336766,0.05442
21.78810167312622,3.250246748774804,1.4186204767339936,0.581800983427014,0.3468055112654941,0.01803083323491256,-68.61611179455441,-0.00429889157925393,0.05442
21.815693616867065,3.2466895357231054,1.4258964862056904,0.5851049857057585,0.4079693203056246,0.13549473792655045,-68.49864788986278,-0.004291532307830083,0.05427
21.843783378601074,3.249438291251128,1.4271899990314076,0.6484956377462804,0.4639346727889005,0.2147168357142063,-68.41942579207513,-0.004286568936980831,0.05427
21.871103763580322,3.2555825686071507,1.422339325982862,0.8293960605128117,0.453795346932188,0.15154030958957448,-68.48260231819977,-0.004290527031210608,0.05427
21.89803910255432,3.2458810782302914,1.4360828999602497,0.7404574663482278,0.5864238613067193,0.3557262739127389,-68.27841635387661,-0.004277734506252929,0.05427
21.92989468574524,3.248468142231979,1.4328491177533307,0.7356854855977765,0.646387104530913,0.4350759760339205,-68.19906665175543,-0.004272763140820764,0.05427
21.958130359649658,3.2436173972877005,1.4292919573930327,0.6245606594469789,0.652196986950425,0.5175561527709032,-68.11658647501845,-0.004267595646948601,0.05427
21.984156131744385,3.254612419523966,1.429453646498791,0.7910846856821726,0.6579077404393415,0.4184548839223183,-68.21568774386704,-0.004273804474569469,0.05427
22.01168656349182,3.2491149082436226,1.4334958741900488,0.7854957981720629,0.70300116324391,0.47313818108880185,-68.16100444670056,-0.004270378492543284,0.05427
22.038970470428467,3.247336301722405,1.426543242617387,0.7420626147935439,0.6638816197562937,0.4527562025539973,-68.18138642523536,-0.004271655450878582,0.054119
22.066220998764038,3.248953216740291,1.4194289222163636,0.7475875337805484,0.5641691668890868,0.32146985325770105,-68.31267277453165,-0.004279880717025265,0.054119
22.094754219055176,3.24151540789019,1.4186204767339936,0.5861855044113228,0.48615127137770553,0.2775765540078277,-68.35656607378152,-0.0042826306911872515,0.054119
22.121184825897217,3.247336301722405,1.4284835118664234,0.6025454091610126,0.5318127247890648,0.34889818265971,-68.28524444512963,-0.004278162295342435,0.054119
22.14990997314453,3.2450726207444873,1.419590611313272,0.563697937240112,0.4733647761173065,0.26508570179196916,-68.36905692599737,-0.004283413259858137,0.054119
22.17813205718994,3.247821376224825,1.4111827784656699,0.5975825562813004,0.34697175732058677,0.007175400902934645,-68.6269672268864,-0.004299571686672155,0.054119
22.207653522491455,3.239736801513884,1.408272374878521,0.44166106126034693,0.22890760306599078,-0.31083805909915274,-68.9449806868885,-0.004319495657144071,0.054119
22.23494577407837,3.244102471770774,1.4115061566449005,0.4295220061210154,0.1791394074469487,-0.44557989003504916,-69.0797225178244,-0.004327937413857391,0.054119
22.262764930725098,3.238119886655727,1.4176503421599227,0.2880905323453898,0.20676742561152675,-0.594521954791475,-69.22866458258082,-0.004337268834295424,0.054119
22.29109764099121,3.2382815781402834,1.4208841240937478,0.19268131505474104,0.25898375238826143,-0.6703746015133291,-69.30451722930268,-0.004342021104509059,0.053962
22.320605278015137,3.241030333420565,1.4181354094463072,0.18697270789180576,0.2675899741421656,-0.6446569512423506,-69.2787995790317,-0.004340409859171825,0.053962
22.351232051849365,3.244749237752128,1.4207224349956815,0.26561141713050257,0.29991570064264866,-0.2332101147187498,-68.8673527425081,-0.004314632162147286,0.053962
22.383099794387817,3.245557695235129,1.4186204767339936,0.3386225866971747,0.3011738450051928,-0.1618418387580418,-68.7959844665474,-0.004310160843785907,0.053962
22.408889770507812,3.2457193867325698,1.4271899990314076,0.3933232200324371,0.3891778400785975,0.15367052775172207,-68.48047210003763,-0.0042903935701811245,0.053962
22.43660020828247,3.2513785893197413,1.4208841240937478,0.5573621796449791,0.3866710425152079,0.09497051448746632,-68.53917211330189,-0.0042940712048666835,0.053962
22.46528434753418,3.247497993222931,1.418782165830178,0.5859618965317349,0.36354642001391163,0.04309089667430589,-68.59105173111504,-0.004297321532615065,0.053962
22.491518259048462,3.2361795888628744,1.4203990567999836,0.35448468389029436,0.36379754132318004,0.08179527539771675,-68.55234735239164,-0.004294896651294589,0.053962
22.518803596496582,3.24119202491016,1.4145782493763563,0.30382788054097787,0.3047952415110365,-0.17480553683131708,-68.80894816462067,-0.004310973036884958,0.053962
22.54632806777954,3.2460427697282936,1.3993794753174444,0.37615255501897593,0.1089730860256675,-0.6874846299269727,-69.32162725771633,-0.004343093070773899,0.053962
22.574784517288208,3.2442641632656914,1.4205607458977603,0.38725886633455936,0.1872400432455224,-0.4830078119180687,-69.11715043970743,-0.004330282323442091,0.053809
22.604719400405884,3.252025355351597,1.4160334512147028,0.5674883915461529,0.1959995138603033,-0.2975373662634896,-68.93167999405286,-0.004318662350870457,0.053809
22.63527822494507,3.245557695235129,1.4145782493763563,0.54993646878813,0.1873366222870273,-0.32546111561601987,-68.95960374340538,-0.004320411811278709,0.053809
22.6653470993042,3.247659684723738,1.4111827784656699,0.5843567136452971,0.14675204963938757,-0.37763968427731337,-69.01178231206667,-0.0043236808686993216,0.053809
22.694987297058105,3.2471746102221593,1.4085957530525677,0.5976724409238846,0.09204147889871984,-0.45982615229103657,-69.09396878008039,-0.004328829961325418,0.053809
22.72931218147278,3.2403835674649843,1.4136081148239552,0.4560952382054115,0.10470298387754344,-0.5800813474329392,-69.2142239752223,-0.004336364110845649,0.053809
22.759790658950806,3.2402218759767893,1.4058470385915107,0.3533983818693315,0.034661927770524396,-0.8730618611005183,-69.50720448888987,-0.004354719733601746,0.053809
22.792875289916992,3.2445875462563687,1.4252497297963165,0.37851657431359054,0.18289346881698157,-0.5079439613758407,-69.14208658916519,-0.00433184460670355,0.053809
22.82149839401245,3.2517019723351077,1.4271899990314076,0.5541831573741529,0.30638157674684435,-0.07050055685613756,-68.70464318464549,-0.004304438189771614,0.05365
22.849518060684204,3.2505701317862394,1.4401251278010052,0.6520000615625182,0.5243301190591986,0.32469691410827184,-68.30944571368109,-0.004279678537327912,0.05365
22.87767457962036,3.2563910261842017,1.4286452009714543,0.8498132323734974,0.5601817539539778,0.2873871472428136,-68.34675548054655,-0.004282016044342038,0.05365
22.90637516975403,3.247336301722405,1.4247646624908104,0.7870848187345348,0.5458258398792774,0.2929988940132927,-68.34114373377606,-0.004281664460868338,0.05365
22.93523406982422,3.2471746102221593,1.4260581753083967,0.7395821144863741,0.5489273860995068,0.31793628060795204,-68.3162063471814,-0.004280102100098592,0.05365
22.96701431274414,3.2479830677261923,1.4186204767339936,0.7242942950795493,0.47548202482499496,0.21522906734595762,-68.4189135604434,-0.004286536844980998,0.05365
22.993226528167725,3.25121689781248,1.4288068900766309,0.7854491173211406,0.5276319237793735,0.2690339828991172,-68.36510864489024,-0.00428316589474286,0.05365
23.01983666419983,3.244749237752128,1.432525739535846,0.6845449037310962,0.6019450766105762,0.42515345075550104,-68.20898917703386,-0.004273384800358863,0.05365
23.046384572982788,3.2460427697282936,1.4237945278837154,0.6426544712520752,0.5651971512464757,0.39716785405149085,-68.23697477373787,-0.004275138135586769,0.05365
23.071914434432983,3.248629833734469,1.434304319739226,0.670816203781271,0.6463229299924496,0.4974759049112163,-68.13666672287815,-0.004268853701451775,0.053499
23.100213050842285,3.2517019723351077,1.4320406722107115,0.7587928980015095,0.6800972734940531,0.48063458569311107,-68.15350804209625,-0.004269908832724544,0.053499
23.12695050239563,3.2479830677261923,1.4333341850806507,0.7377418435401277,0.7168900005499513,0.5387974707205917,-68.09534515706876,-0.004266264849844569,0.053499
23.15800952911377,3.2555825686071507,1.4389933039963883,0.8918684045685016,0.800179164500763,0.5303810525341985,-68.10376157525516,-0.0042667921497501265,0.053499
23.184926986694336,3.254289036498486,1.4349510761811926,0.9710144773101704,0.8173856826439685,0.5046106277720914,-68.12953200001726,-0.004268406701480124,0.053499
23.215657711029053,3.255097494064293,1.4354361435141987,1.0443808031688624,0.8343617528899182,0.4849514988075143,-68.14919112898184,-0.004269638372318809,0.053499
23.24220037460327,3.2500850572695077,1.4370530346337052,0.9843599691606784,0.8626833606442128,0.537599221625811,-68.09654340616355,-0.004266339921760023,0.053499
23.271056175231934,3.2513785893197413,1.440448506032212,0.9710879040347448,0.9170290395780555,0.5898637311645885,-68.04427889662477,-0.004263065480027988,0.053499
23.299960136413574,3.247659684723738,1.432525739535846,0.8791627183179503,0.8745230576696589,0.6070176854238986,-68.02712494236546,-0.004261990761749909,0.053499
23.325539588928223,3.2552591855782977,1.4352744544030507,0.9836773868809474,0.8727140795578485,0.5462732539595346,-68.08786937382982,-0.004265796481982069,0.053499
23.353708267211914,3.2538039619623738,1.4427121536670464,1.0245023200400782,0.9470642455190985,0.5855111219404443,-68.0486315058489,-0.004263338176842949,0.05334
23.37981867790222,3.2565527177004556,1.4475628272669554,1.1141576283644414,1.0484244398924856,0.6144329782435234,-68.01970964954582,-0.004261526183693439,0.05334
23.408043146133423,3.248629833734469,1.4486946511259329,1.0008684137599306,1.1308834277271416,0.728276902060502,-67.90586572572884,-0.004254393708934284,0.05334
23.439417123794556,3.2505701317862394,1.4428738427849181,0.9646797410325693,1.1294266251560146,0.7484892503189272,-67.88565337747042,-0.004253127378163674,0.05334
23.46753168106079,3.2562293346682294,1.4381848584260468,1.0650961929521898,1.0807356223262952,0.6602817311686875,-67.97386089662066,-0.004258653697731842,0.05334
23.497897148132324,3.250246748774804,1.4478862055116435,1.0024535568221205,1.1452820755852908,0.7366442160976036,-67.89749841169174,-0.004253869485469644,0.05334
23.528594732284546,3.25671440921699,1.4470777599010245,1.1023163091747297,1.1822454130583857,0.7053470211757019,-67.92879560661365,-0.00425583029677453,0.05334
23.55668044090271,3.2541273449861676,1.446431003415171,1.114735195565349,1.201544405469848,0.7105028826097417,-67.92363974517961,-0.0042555072751295706,0.05334
23.582624673843384,3.254289036498486,1.4561323509498847,1.1270212310079801,1.3136838599636762,0.7667126844173799,-67.86742994337197,-0.00425198565553699,0.05318
23.60780143737793,3.2552591855782977,1.4647018750469645,1.1571783457639682,1.4793047904255432,0.832002301128333,-67.80214032666102,-0.004247895173343365,0.05318
23.635511875152588,3.250246748774804,1.4587193770486762,1.0669110637903654,1.5344175062911456,0.9018422715870782,-67.73230035620227,-0.0042435196053747315,0.05318
23.66161584854126,3.2450726207444873,1.4582343096522756,0.8887538954806818,1.568064899206843,1.01599080571345,-67.6181518220759,-0.004236368046370494,0.05318
23.69019079208374,3.249599982755302,1.4579109313887464,0.8646426893769038,1.588330402128526,1.038063372923711,-67.59607925486564,-0.00423498517038363,0.05318
23.717543601989746,3.2504084402803812,1.4501498532409087,0.8657289191388154,1.5236121251083878,1.0131061338881908,-67.62103649390116,-0.004236548774935465,0.05318
23.7467257976532,3.2504084402803812,1.452090122746066,0.866489279972147,1.4980353631372965,1.0024494087650309,-67.63169321902431,-0.004237216433080122,0.05318
23.77318835258484,3.2479830677261923,1.4577492422572031,0.8131293109195773,1.5376658908224436,1.0521563564824858,-67.58198627130686,-0.004234102226031889,0.05318
23.80356454849243,3.2528338128977365,1.4613064031852607,0.8835617772581634,1.601571653811684,1.0314216890095735,-67.60272093877977,-0.004235401280802944,0.05318
23.832589626312256,3.2436173972877005,1.4525751901256652,0.7280740636092399,1.5575385412490037,1.1163168562541261,-67.51782577153521,-0.004230082484531309,0.05318
23.861520767211914,3.247336301722405,1.454353770528863,0.7018674005995743,1.5447975586415,1.1303296530134277,-67.50381297477591,-0.004229204563990274,0.05318
23.88724160194397,3.2460427697282936,1.452090122746066,0.6547802190600098,1.5128651666104702,1.1538901115339477,-67.48025251625539,-0.0042277284696140656,0.05303
23.921751737594604,3.247659684723738,1.458072620520437,0.6577473388356097,1.551334425369969,1.164067585071085,-67.47007504271825,-0.004227090837225073,0.05303
23.948280334472656,3.2450726207444873,1.4598512009787785,0.6023392880123398,1.5963451032486138,1.2176447209328156,-67.41649790685652,-0.004223734157690591,0.05303
23.98079228401184,3.2407069504422146,1.4538687031444055,0.4665476600523073,1.5670306439724324,1.3146022237494308,-67.3195404040399,-0.00421765963989145,0.05303
24.01109790802002,3.252025355351597,1.4561323509498847,0.6229905471485963,1.5695242269154823,1.1947179723822707,-67.43942465540705,-0.004225170549285887,0.05303
24.04227042198181,3.2442641632656914,1.4611447140506162,0.5600454608252936,1.6222286529878724,1.2553400564221542,-67.37880257136717,-0.004221372494284226,0.05303
24.07300114631653,3.247659684723738,1.4574258639945594,0.5914330080713378,1.6213135216075376,1.2320321391893496,-67.40211048859997,-0.004222832766609507,0.05303
24.104015111923218,3.2398984930012387,1.4528985683794668,0.44094919192787846,1.574645520726516,1.337355444717285,-67.29678718307204,-0.0042162341200323175,0.05303
24.129889011383057,3.2428089398215167,1.44352059925787,0.4002811811521639,1.4466354339441072,1.3466900393297334,-67.28745258845959,-0.004215649295140237,0.05287
24.159687757492065,3.2449109292481677,1.4446524230911764,0.4185201630202618,1.3685352247087097,1.3112826450315154,-67.3228599827578,-0.004217867615957477,0.05287
24.185702800750732,3.2510552063054985,1.4452991795705759,0.5678144100291015,1.3204404219980213,1.1531835405747093,-67.48095908721461,-0.004227772737233832,0.05287
24.212493896484375,3.2382815781402834,1.4478862055116435,0.38848802943332933,1.3130754353554968,1.3275724614616213,-67.3065701663277,-0.004216847037075237,0.05287
24.23847484588623,3.2421621738536124,1.4459459360523217,0.349187109337345,1.2881939132287097,1.363600134806008,-67.27054249298331,-0.004214589854942503,0.05287
24.264009475708008,3.2386049611102354,1.444329044852356,0.24263454767232495,1.2543384883398327,1.4795073806014556,-67.15463524718787,-0.004207328110289637,0.05287
24.291940927505493,3.2491149082436226,1.4475628272669554,0.40158070156516296,1.2635164098669995,1.2991257409619856,-67.33501688682733,-0.004218629262328388,0.05287
24.320035457611084,3.2466895357231054,1.4456225578111557,0.45895078840247594,1.2502149234948094,1.2322482590419452,-67.40189436874738,-0.004222819226410418,0.05287
24.346091747283936,3.239413418540013,1.4422270863143096,0.3374331949348487,1.20638332852866,1.3571531043681344,-67.2769895234212,-0.004214993770060043,0.05287
24.372705221176147,3.2420004823623367,1.4496647858679277,0.3098559106868072,1.2513176656363634,1.4005689323851056,-67.23357369540422,-0.0042122737101122085,0.05272
24.39857769012451,3.2386049611102354,1.444005666614122,0.21510270861696498,1.225237443163037,1.5117322879693365,-67.12241033982,-0.004205309176553771,0.05272
24.42441987991333,3.2408686419312493,1.4420653971970234,0.19907486892734702,1.1872552563839613,1.529797100330331,-67.104345527459,-0.004204177391792023,0.05272
24.453479051589966,3.2424855568370043,1.4503115423655297,0.22378352600502316,1.2445033590742192,1.5025020310632624,-67.13164059672607,-0.004205887464548386,0.05272
24.480311632156372,3.2421621738536124,1.4409335733801192,0.23389395693752407,1.1892345461762572,1.4843296845205824,-67.14981294326876,-0.004207025986471072,0.05272
24.508434057235718,3.241030333420565,1.4362445890721274,0.2158215572097802,1.1028751366350373,1.4999875991373577,-67.13415502865197,-0.004206044997086301,0.05272
24.534980535507202,3.249761674259757,1.449988164116435,0.39718286738173536,1.1821496032774126,1.2744935044966799,-67.35964912329266,-0.004220172505032608,0.05272
24.56032085418701,3.2416770993806256,1.4459459360523217,0.34449505241508843,1.1965458307740569,1.3442985861694299,-67.2898440416199,-0.004215799122893285,0.05272
24.588825225830078,3.248629833734469,1.4567791074710421,0.4621046105953441,1.3167602018552502,1.2498403970342076,-67.38430223075513,-0.004221717055332838,0.05272
24.615500688552856,3.2442641632656914,1.4493414076200084,0.4474253052380236,1.3252938050043668,1.2677020929539669,-67.36644053483536,-0.004220597996088989,0.052563
24.642078161239624,3.2442641632656914,1.454353770528863,0.43714979148790256,1.3822262432702557,1.295041036386218,-67.33910159140311,-0.00421888517455724,0.052563
24.669697046279907,3.2463661527251384,1.4470777599010245,0.4766635220026554,1.348106330437858,1.245612482859488,-67.38853014492983,-0.004221981939835444,0.052563
24.700868606567383,3.250246748774804,1.4617914705900819,0.5905506871574495,1.47381146981829,1.1847069997746322,-67.44943562801468,-0.004225797750167976,0.052563
24.729376316070557,3.2471746102221593,1.4550005270435349,0.602008222382421,1.4927639527526941,1.1816375422426952,-67.45250508554662,-0.004225990055805702,0.052563
24.758803129196167,3.2507318232923783,1.444329044852356,0.689070421900151,1.39753751600661,1.0735698456458806,-67.56057278214344,-0.00423276064217003,0.052563
24.78969979286194,3.248468142231979,1.4593661335792774,0.6997145544841161,1.483755758472525,1.1009388743191755,-67.53320375347015,-0.004231045935757515,0.052563
24.816088914871216,3.252187046860264,1.4514433662419939,0.7898001881388517,1.4635605624872645,1.0253538870819796,-67.60878874070734,-0.0042357814367448765,0.052563
24.84282660484314,3.2507318232923783,1.456294040079953,0.8205247979296624,1.4987390059182775,1.018828622170737,-67.61531400561859,-0.004236190253357268,0.052563
24.868800163269043,3.248629833734469,1.4574258639945594,0.7953254324555886,1.5348707686588172,1.051307414879919,-67.5828352129094,-0.004234155413363712,0.052563
24.89500141143799,3.2529955044078074,1.4546771487859045,0.8746918772525986,1.532217789881721,0.9964579556299562,-67.63768467215937,-0.004237591805667642,0.052563
24.92290496826172,3.250246748774804,1.4669655229910379,0.8691705358324262,1.6552922472135891,1.048278574825154,-67.58586405296417,-0.00423434517426193,0.052405
24.94894790649414,3.2462044612265757,1.4732713995599829,0.7754852283802942,1.80555397804536,1.1547655794016367,-67.47937704838769,-0.004227673620376096,0.052405
24.975351572036743,3.2563910261842017,1.4613064031852607,0.9362528491459965,1.7890933148677224,1.0537451140000302,-67.5803975137893,-0.004234002688239159,0.052405
25.00145125389099,3.247336301722405,1.463084983676111,0.8475925504752974,1.7956530477208867,1.1078497978035031,-67.52629282998582,-0.004230612957117446,0.052405
25.02830195426941,3.2479830677261923,1.465348631599451,0.7999016002717825,1.8232585663527257,1.1448554555741635,-67.48928717221516,-0.004228294502946633,0.052405
25.056351900100708,3.257684558322106,1.4606596466475688,0.9820868300979135,1.7949111823361503,1.0295106856099585,-67.60463194217937,-0.004235521007733071,0.052405
25.085651874542236,3.249599982755302,1.4585576879163948,0.929975743608979,1.753698144563655,1.0453592300346668,-67.58878339775465,-0.00423452807513475,0.052405
25.118993282318115,3.2466895357231054,1.4621148488607016,0.8288273178331373,1.7610134118977538,1.1089912605441015,-67.52515136724521,-0.004230541442943365,0.052405
25.147030353546143,3.2445875462563687,1.45451545965731,0.711316829488248,1.6888738041215536,1.1645349458501908,-67.46960768193912,-0.004227061556444433,0.052246
25.17653179168701,3.2508935147987983,1.4624382271319134,0.7691792617123773,1.718924045785693,1.1342786646699539,-67.49986396311937,-0.004228957153105094,0.052246
25.203280925750732,3.2491149082436226,1.4650252533229116,0.7701620013932127,1.7662605927465056,1.1478877202519449,-67.48625490753737,-0.004228104527491183,0.052246
25.22960877418518,3.239251727053498,1.4645401859092129,0.5516882296325684,1.7944646672529923,1.3041035496837938,-67.33003907810553,-0.004218317395925037,0.052246
25.25611114501953,3.2465278442239813,1.4571024857325057,0.5604332433736461,1.738591059488816,1.2862978850269928,-67.34784474276233,-0.004219432944734991,0.052246
25.282799243927002,3.249276599747235,1.454838837914646,0.6276326033318511,1.6764658294916377,1.221230715103635,-67.41291191268569,-0.00422350949033855,0.052246
25.310575246810913,3.244102471770774,1.4540303922724107,0.5597020855710585,1.6247589883639857,1.260100100458182,-67.37404252733114,-0.004221074271130972,0.052246
25.33732509613037,3.246851227222509,1.4486946511259329,0.5732285718887871,1.5343176116571782,1.223349586740027,-67.4107930410493,-0.004223376740184148,0.052246
25.365593671798706,3.246851227222509,1.4483712728797766,0.5826971123112104,1.4677209760197378,1.1930371162147888,-67.44110551157453,-0.004225275857182754,0.052246
25.3930823802948,3.244102471770774,1.4428738427849181,0.5282472418566198,1.3652129089608305,1.2068837625429014,-67.42725886524642,-0.004224408346189431,0.052246
25.42020058631897,3.2426472483291198,1.4519284336198273,0.4577970015757556,1.385512075830525,1.286423245369737,-67.34771938241958,-0.004219425090741116,0.052246
25.452502965927124,3.249923365764492,1.439154993110895,0.5701584932385942,1.2698584530813593,1.1205835021582067,-67.51355912563112,-0.004229815173433826,0.052087
25.482686042785645,3.2460427697282936,1.4433589101394124,0.5625839839073107,1.2316406506681352,1.1084785950785105,-67.52566403271082,-0.004230573562123474,0.052087
25.5107479095459,3.239413418540013,1.4448141122108062,0.40997643178824617,1.2196827123518146,1.2863465835953463,-67.34779604419398,-0.004219429893704265,0.052087
25.539989471435547,3.2491149082436226,1.4402868169165357,0.5187200204463243,1.1652847498772883,1.1213819110610643,-67.51276071672827,-0.004229765152043521,0.052087
25.56614851951599,3.247012918722194,1.4302620920297637,0.5481339409899366,1.0252883534866024,0.9800731724693276,-67.65406945532,-0.004238618334343122,0.052087
25.594050645828247,3.2445875462563687,1.4336575632995927,0.5148314656979879,0.9618114282107394,0.9660173361626493,-67.66812529162668,-0.004239498951369617,0.052087
25.621562957763672,3.2445875462563687,1.42913026828742,0.4915197329936303,0.8713501777325265,0.8958134378575642,-67.73832918993176,-0.004243897319906706,0.052087
25.64920425415039,3.2463661527251384,1.4393166822255479,0.5147224810566516,0.9115889602984554,0.9097368384198815,-67.72440578936944,-0.004243025000157503,0.052087
25.678290605545044,3.2515402808272844,1.4422270863143096,0.6459344772250024,0.9693451542912176,0.8020488960568728,-67.83209373173246,-0.004249771794408941,0.052087
25.705066204071045,3.2568761007338067,1.4415803298460435,0.8563457685258555,1.0031991464452465,0.6443494974125628,-67.98979313037677,-0.004259651873579198,0.051929
25.734452486038208,3.2508935147987983,1.4465926925364143,0.870699519038686,1.0778558547933335,0.703122944067716,-67.93101968372162,-0.004255969638193054,0.051929
25.76522159576416,3.2437790887817775,1.4444907339716928,0.7226632974194362,1.1087456833683682,0.8559056987632149,-67.77823692902612,-0.004246397593370955,0.051929
25.794418334960938,3.249761674259757,1.443197221021101,0.7519720855285011,1.1172178759461608,0.8353855918914125,-67.79875703589792,-0.004247683205632119,0.051929
25.8212673664093,3.2483064507297694,1.4401251278010052,0.7401529042794227,1.091915528498727,0.8248555012420048,-67.80928712654733,-0.004248342929956883,0.051929
25.847365856170654,3.247012918722194,1.4388316148820277,0.7031369596731122,1.0610531981821996,0.8334003468219324,-67.8007422809674,-0.0042478075839025966,0.051929
25.87489628791809,3.245557695235129,1.4530602575065885,0.6448904664770145,1.1841071303412347,0.9931932617379069,-67.64094936605143,-0.004237796343125599,0.051929
25.903523683547974,3.25121689781248,1.4503115423655297,0.729866437299409,1.2422996708443135,0.948660432977606,-67.68548219481173,-0.004240586384670524,0.051929
25.93027091026306,3.2471746102221593,1.4627616054037162,0.6995292474817827,1.40960982469506,1.069984867425533,-67.5641577603638,-0.00423298524587141,0.051929
25.95831799507141,3.2466895357231054,1.4621148488607016,0.6675147705441065,1.5201515879897374,1.1443787581051705,-67.48976386968417,-0.004228324368683437,0.051777
25.989879608154297,3.2507318232923783,1.4558089726901906,0.7349250056133506,1.5334212156472817,1.0949502851641821,-67.53919234262516,-0.004231421128912837,0.051777
26.016396284103394,3.2528338128977365,1.455970661819964,0.8288187635437751,1.544353791046971,1.0286484660037662,-67.60549416178557,-0.004235575026949661,0.051777
26.043977975845337,3.2515402808272844,1.4595278227122968,0.8658018749659889,1.5881709870731917,1.0213237553071521,-67.61281887248218,-0.00423603392991444,0.051777
26.069331645965576,3.248953216740291,1.4483712728797766,0.83420501590126,1.5054183388109443,1.0071626125159017,-67.62698001527343,-0.004236921144533656,0.051777
26.09770894050598,3.2453960037379677,1.4503115423655297,0.7330452912043296,1.467217516773111,1.0684820021500263,-67.56566062563931,-0.004233079402399791,0.051777
26.126336574554443,3.2504084402803812,1.4516050553677913,0.7736107404180037,1.453627629296664,1.0290804035170475,-67.60506222427229,-0.004235547965484212,0.051777
26.152612924575806,3.2531571959181584,1.449988164116435,0.8630844077517462,1.4276763481405519,0.9466925761612719,-67.68745005162806,-0.004240709673543584,0.051777
26.178269863128662,3.2434557057939033,1.454353770528863,0.7101470903971174,1.4538940234655844,1.0820356746533253,-67.552106953136,-0.004232230246610159,0.051777
26.204856872558594,3.2507318232923783,1.4556472835605647,0.7647676295104582,1.485397084442456,1.0512231889121535,-67.58291943887717,-0.004234160690233738,0.051628
26.233240604400635,3.2528338128977365,1.4532219466338574,0.8497086002717636,1.4827916867373596,0.984513519806822,-67.6496291079825,-0.004238340140617496,0.051628
26.259770154953003,3.2481447592278405,1.4462693142940748,0.8049756498613911,1.4102829610939325,0.9817641305049525,-67.65237849728437,-0.004238512393550645,0.051628
26.29083800315857,3.256067643152538,1.4457842469316653,0.9497105140882682,1.3545953452988948,0.8413255904525484,-67.79281703733677,-0.004247311056742777,0.051628
26.3179132938385,3.249276599747235,1.4488563402492314,0.90012669283208,1.3468468974852057,0.8719015244991999,-67.76224110329012,-0.004245395433400631,0.051628
26.348484992980957,3.2528338128977365,1.450958298865484,0.9444599445969055,1.3627928518081545,0.8499566671264963,-67.78418596066282,-0.0042467703081946135,0.051628
26.375041961669922,3.249438291251128,1.4459459360523217,0.9000441089700668,1.3229961047455707,0.8569333795819205,-67.7772092482074,-0.0042463332077871275,0.051628
26.408597707748413,3.2549358025505697,1.452251811872452,0.9911087303303874,1.3592479848882972,0.8160662577868797,-67.81807637000244,-0.004248893587866359,0.051628
26.43577527999878,3.2586547074373478,1.447724516389226,1.137488711872368,1.3385968934140637,0.7146437453222393,-67.91949888246708,-0.00425524784451801,0.051475
26.463006734848022,3.2500850572695077,1.4472394490228546,1.0495355052531092,1.3192096214971767,0.7533119850392757,-67.88083064275004,-0.00425282522735483,0.051475
26.49380874633789,3.2565527177004556,1.4495030967438947,1.1316808580135467,1.3286522347332699,0.7114236610505296,-67.92271896673878,-0.004255449587123326,0.051475
26.526177883148193,3.2555825686071507,1.4428738427849181,1.1676257146998816,1.2678647900603022,0.6517038732737392,-67.98243875451557,-0.004259191112052007,0.051475
26.554267644882202,3.259948239606759,1.4474011381448315,1.289793122258976,1.2713409851096977,0.595218144835669,-68.03892448295365,-0.00426273001881865,0.051475
26.58988904953003,3.25121689781248,1.4433589101394124,1.1812982963467458,1.2326784230879735,0.6202824787604536,-68.01386014902886,-0.004261159704628136,0.051475
26.61658000946045,3.2531571959181584,1.4428738427849181,1.1484656969018756,1.2006831219085925,0.6139769073082267,-68.02016572048109,-0.004261554757150196,0.051475
26.647829055786133,3.2563910261842017,1.4378614801989331,1.197339177111077,1.1273274983040091,0.5338819453854792,-68.10026068240384,-0.004266572814110073,0.051475
26.67557168006897,3.2580079413593945,1.4428738427849181,1.2674787641049008,1.126937474559816,0.5028140513992508,-68.13132857639008,-0.004268519259403308,0.051475
26.70531463623047,3.2588163989575394,1.4381848584260468,1.334540550658614,1.0789932169089531,0.4406018065176604,-68.19354082127167,-0.004272416940117842,0.051475
26.732794761657715,3.2523487383692107,1.4412569516127884,1.2377712003552621,1.076665118466145,0.476043405786563,-68.15809922200276,-0.004270196476313239,0.051326
26.762843370437622,3.249761674259757,1.4422270863143096,1.112547617583576,1.0848984650085967,0.5409452891376116,-68.0931973386517,-0.004266130286135473,0.051326
26.78945565223694,3.254289036498486,1.4339809415191178,1.1254899264207323,1.006826177948067,0.46495458658944405,-68.16918804119987,-0.004270891205732083,0.051326
26.820075750350952,3.2529955044078074,1.434304319739226,1.1058070230282058,0.9554632486835604,0.42496103720551326,-68.20918159058381,-0.004273396855326246,0.051326
26.84616494178772,3.2549358025505697,1.4372147237464585,1.135142770171088,0.9490982435661397,0.40612329160330596,-68.22801933618602,-0.004274577065393875,0.051326
26.87667226791382,3.2557442601219986,1.4339809415191178,1.1736418682355745,0.9117660229383479,0.35506103434459374,-68.27908159344473,-0.004277776184405521,0.051326
26.907233238220215,3.2445875462563687,1.4355978326254926,0.9526870147699542,0.9020718269475185,0.44423733159914636,-68.18990529619018,-0.004272189169587711,0.051326
26.937747716903687,3.2568761007338067,1.4249263515925008,1.0710725448073382,0.7867927267286566,0.25662461819915405,-68.37751800959016,-0.004283943358111407,0.051326
26.96485137939453,3.2523487383692107,1.439478371340347,1.0533435962593722,0.8540425804829127,0.3403091427993259,-68.29383348498999,-0.004278700410227756,0.051174
26.99625277519226,3.2538039619623738,1.4359212108485182,1.0732686666049822,0.864953088936241,0.34457067240568146,-68.28957195538364,-0.004278433419673201,0.051174
27.023449659347534,3.2505701317862394,1.4362445890721274,1.015359918024112,0.8758781165670274,0.38184508565048925,-68.25229754213883,-0.004276098127610901,0.051174
27.05337905883789,3.2504084402803812,1.4401251278010052,0.9712309791918644,0.9229776969333222,0.45922081030131495,-68.17492181748801,-0.004271250434518993,0.051174
27.080053091049194,3.2547741110371273,1.436729656408636,1.037346724491509,0.9214268497463022,0.4224841241388901,-68.21165850365044,-0.004273552037257227,0.051174
27.112863540649414,3.246851227222509,1.436406278184151,0.9075798191331157,0.9170535849930282,0.4913161616572514,-68.14282646613208,-0.004269239617641313,0.051174
27.13907480239868,3.2517019723351077,1.4257347971031291,0.9245274287478008,0.805499136152147,0.3353816875434568,-68.29876094024587,-0.004279009121918826,0.051174
27.169393062591553,3.2487915252372397,1.4297770247107435,0.8717200887852574,0.7685069164754852,0.30714574249283605,-68.3269968852965,-0.004280778141806951,0.051174
27.19582509994507,3.2529955044078074,1.4362445890721274,0.9281681366833799,0.8083657958444954,0.33763016498207027,-68.29651246280726,-0.004278868251786808,0.051018
27.234352111816406,3.2513785893197413,1.4415803298460435,0.9317536213006588,0.890513595532542,0.44385228197115034,-68.19029034581818,-0.004272213293464161,0.051018
27.265556573867798,3.252187046860264,1.4446524230911764,0.9522275349104743,0.9792499378206118,0.5356503312490134,-68.09849229654031,-0.004266462022360165,0.051018
27.294473886489868,3.2544507280110855,1.4452991795705759,1.016858683524995,1.047940721176348,0.5657110073058327,-68.0684316204835,-0.004264578680623253,0.051018
27.323381185531616,3.2531571959181584,1.4456225578111557,1.0333579679266567,1.0993119414113541,0.6037355809534491,-68.03040704683588,-0.004262196390003989,0.051018
27.350669384002686,3.2554208770925834,1.4461076251731249,1.0952068766199403,1.1402033034160213,0.6022563468718416,-68.03188628091749,-0.00426228906600633,0.051018
27.37839984893799,3.260433314174932,1.427351688135276,1.2498783812041903,0.9781422967422163,0.3875374557874892,-68.24660517200184,-0.004275741492974983,0.051018
27.40553116798401,3.2649606769334176,1.4511199879908403,1.458747262739587,1.106343467282563,0.4186449453971994,-68.21549768239213,-0.004273792566962747,0.051018
27.433073043823242,3.2636671446941734,1.4470777599010245,1.576212956934687,1.1549883872464717,0.4162866359864976,-68.21785599180282,-0.004273940318215357,0.051018
27.458096027374268,3.2549358025505697,1.4448141122108062,1.4644269239056413,1.1660261279566464,0.45872157798557867,-68.17542104980375,-0.004271281712094216,0.051018
27.486002683639526,3.2539656534741304,1.4465926925364143,1.3646198109140788,1.1918347418513162,0.5137307360351039,-68.12041189175422,-0.004267835314445963,0.050857
27.518118381500244,3.2554208770925834,1.4430355319029362,1.327090166711139,1.1737363809628323,0.5160015002400832,-68.11814112754924,-0.004267693048018094,0.050857
27.54415726661682,3.256067643152538,1.4540303922724107,1.3151906758830851,1.2728483743938188,0.5915269052465312,-68.04261572254279,-0.00426296127993753,0.050857
27.574849843978882,3.2589780904780126,1.4532219466338574,1.3715317040537256,1.3340075897033135,0.6064247436882111,-68.02771788410111,-0.004262027910346175,0.050857
27.603135108947754,3.2630203785813134,1.4467543816578043,1.50079080456498,1.3110656010281618,0.5399351786513317,-68.09420744913798,-0.004266193570914368,0.050857
27.633546590805054,3.2618885378946514,1.459689511845464,1.566122467907007,1.4265130901339405,0.5833847830541988,-68.05075784473512,-0.004263471394830584,0.050857
27.662603855133057,3.2580079413593945,1.465672009876583,1.5256270676620252,1.5681482682994599,0.6739233374587064,-67.96021929033061,-0.004257799032772344,0.050857
27.68912696838379,3.2575228668038836,1.468582414397449,1.4865018421707172,1.6968819436049871,0.7518558460614556,-67.88228678172787,-0.004252916456417893,0.050857
27.717804193496704,3.264475602341588,1.4415803298460435,1.6136052392893643,1.5124748989648846,0.6116356139958602,-68.02250701379347,-0.004261701442321388,0.050857
27.744467735290527,3.262696995526573,1.4598512009787785,1.6630566486227127,1.5691434347650515,0.6225128244893653,-68.01162980329997,-0.00426101997047209,0.050857
27.771595239639282,3.263505453165536,1.465510320737943,1.7156367117211004,1.66634567341169,0.6500971059076949,-67.98404552188164,-0.004259291778185939,0.0507
27.803696870803833,3.262211920946575,1.4671272121310117,1.723700233461,1.7508256018276824,0.6846237648138916,-67.94951886297544,-0.004257128636624143,0.0507
27.834678888320923,3.2628586870538023,1.4629232945398398,1.7437159598433614,1.7672218124873793,0.6846477468489258,-67.9494948809404,-0.004257127134117433,0.0507
27.8664288520813,3.2628586870538023,1.4658336990153713,1.757726968310975,1.8082882100779265,0.6969722528214973,-67.93717037496783,-0.004256354987262148,0.0507
27.893229007720947,3.2555825686071507,1.470522684104727,1.6058579919080782,1.8847059368478214,0.7838920535391739,-67.85025057425015,-0.004250909344983635,0.0507
27.923600912094116,3.2583313243978087,1.4723012646885179,1.5606275647072707,1.9562805436091468,0.8294358443849996,-67.80470678340433,-0.004248055965305978,0.0507
27.950802087783813,3.252510429878438,1.4593661335792774,1.3996249250898365,1.874875877794297,0.8682483658210045,-67.76589426196833,-0.004245624308699285,0.0507
27.97652292251587,3.259624856562718,1.4658336990153713,1.4450069391624507,1.8836460557927819,0.8509690320676498,-67.78317359572168,-0.0042467068821710925,0.0507
28.004576206207275,3.2515402808272844,1.4690674818222649,1.2971335978990683,1.9226619033294208,0.9360620315327826,-67.69808059625655,-0.00424137569144508,0.05055
28.032209396362305,3.25671440921699,1.4650252533229116,1.3085923379285769,1.9088770930271166,0.9252097776915532,-67.70893285009778,-0.0042420555997265885,0.05055
28.06035089492798,3.2552591855782977,1.4726246429784113,1.2842781206083926,1.9764880253219925,0.9618481585501595,-67.67229446923918,-0.004239760155947697,0.05055
28.08778429031372,3.2591397819987664,1.4614680923200534,1.3534857305180663,1.9103909840518019,0.9036355009566357,-67.7305071268327,-0.004243407257145796,0.05055
28.11588716506958,3.2573611752859426,1.4680973469739684,1.3624100910758559,1.9315203361660973,0.9073225389794675,-67.72682008880987,-0.004243176259260691,0.05055
28.143174171447754,3.2541273449861676,1.468582414397449,1.296800842896144,1.9512423911116379,0.9467977203797685,-67.68734490740957,-0.00424070308611705,0.05055
28.171759843826294,3.251863663843212,1.4595278227122968,1.200574960257483,1.8729930071184548,0.9684537612466569,-67.66568886654268,-0.004239346306065137,0.05055
28.19827675819397,3.257684558322106,1.4627616054037162,1.2625581820878873,1.8510951600869565,0.9264107021742335,-67.70773192561511,-0.004241980360194489,0.05055
28.224772453308105,3.259624856562718,1.4684207252561405,1.3490602190610632,1.8933009316995568,0.8989216607837281,-67.73522096700562,-0.004243702585564958,0.050398
28.252496480941772,3.2547741110371273,1.4706843732479653,1.3018271923999516,1.9458586781592622,0.9423858280268967,-67.69175679976244,-0.004240979497099665,0.050398
28.278163194656372,3.266900975326104,1.4710077515348874,1.5382252156476757,1.9859367730381954,0.848035324534903,-67.78610730325444,-0.004246890682889011,0.050398
28.307018041610718,3.2573611752859426,1.4703609949616376,1.491727730666569,2.00741609474522,0.8758890756942564,-67.75825355209508,-0.004245145607961592,0.050398
28.335771560668945,3.260109931129202,1.4723012646885179,1.5202573486298063,2.042177654137323,0.8760799838524703,-67.75806264393687,-0.004245133647309024,0.050398
28.37016487121582,3.2568761007338067,1.455970661819964,1.4683717785092414,1.9004832979900013,0.8454224303816988,-67.78872019740764,-0.004247054384217735,0.050398
28.39741802215576,3.259624856562718,1.453545324888837,1.493129736556044,1.7766397082530325,0.7817546876643403,-67.852387940125,-0.004251043253826921,0.050398
28.42454767227173,3.2623736124729596,1.467612279551823,1.5715381661271792,1.8329629346550098,0.7726369399157342,-67.8615056878736,-0.00425161449297168,0.050398
28.451575994491577,3.2541273449861676,1.4638934293596877,1.4431904954320867,1.8345809621219216,0.8299885633221229,-67.80415406446721,-0.004248021336722074,0.050398
28.478761672973633,3.260109931129202,1.4592044444464056,1.486281283965659,1.7880423346823324,0.7898732714009099,-67.84426935638842,-0.00425053461364974,0.050398
28.505327701568604,3.2633437616371803,1.4669655229910379,1.5883011411356278,1.8343694285740164,0.7661236582230728,-67.86801896956626,-0.00425202255881933,0.050242
28.53318452835083,3.257199483768283,1.4671272121310117,1.5231880634202983,1.8684422304413064,0.8083041659636421,-67.8258384618257,-0.004249379893346277,0.050242
28.559672832489014,3.2573611752859426,1.4710077515348874,1.481201724107428,1.931745259635622,0.8527348292438763,-67.78140779854546,-0.004246596252605922,0.050242
28.58798575401306,3.2529955044078074,1.4635700510858132,1.354805281408883,1.9004409173838603,0.9005765198582767,-67.73356610793105,-0.004243598906420884,0.050242
28.614458560943604,3.260109931129202,1.4684207252561405,1.4244116341494426,1.9278429618073842,0.8774336288024277,-67.75670899898691,-0.0042450488396344925,0.050242
28.644826889038086,3.2573611752859426,1.4674505904114041,1.412058223617829,1.9371613759954165,0.8869876440492358,-67.7471549837401,-0.004244450267744912,0.050242
28.672508001327515,3.2505701317862394,1.4666421447115352,1.2525126079330882,1.9354650852114637,0.9678710574293448,-67.66627157036,-0.0042393828132420664,0.050242
28.700477600097656,3.2531571959181584,1.4739181561439338,1.1983157150123218,2.0082503094609008,1.0234703039121473,-67.6106723238772,-0.004235899445760776,0.050242
28.72643280029297,3.2625353039996257,1.465348631599451,1.3687611663345356,1.972076649570731,0.921145085864121,-67.71299754192522,-0.004242310258129874,0.050242
28.75487995147705,3.252187046860264,1.4666421447115352,1.2581328164341288,1.959905776714186,0.9738839046354292,-67.66025872315392,-0.0042390061002872586,0.050242
28.782192707061768,3.2538039619623738,1.460983024916119,1.2166211207273216,1.8938519017595308,0.9719568861480636,-67.66218574164128,-0.0042391268305841485,0.05008
28.815821409225464,3.2462044612265757,1.4648635641848637,1.0187006378067012,1.8870662558046598,1.0913935519776201,-67.54274907581173,-0.004231643963024906,0.05008
28.843147039413452,3.2483064507297694,1.4689057926805114,0.9268628908741627,1.9234122071765307,1.1652903137909465,-67.4688523139984,-0.004227014231628225,0.05008
28.873857498168945,3.2471746102221593,1.4690674818222649,0.8374267649841005,1.950498209298051,1.2356509673535072,-67.39849166043584,-0.004222606042163678,0.05008
28.900854349136353,3.249438291251128,1.4590427553136813,0.8251208832411033,1.8675405716362101,1.2229778717042856,-67.41116475608506,-0.004223400028630481,0.05008
28.927658796310425,3.252025355351597,1.465348631599451,0.8739918033807074,1.8735798330934497,1.1880484331459724,-67.44609419464336,-0.004225588404878555,0.05008
28.9548077583313,3.248468142231979,1.4679356578331049,0.8291595215204991,1.904108694343094,1.2298888985926295,-67.40425372919671,-0.004222967043512011,0.05008
28.983190298080444,3.247012918722194,1.4663187664326252,0.7654415917418558,1.9090405357791609,1.279301360113653,-67.35484126767568,-0.004219871286419581,0.05008
29.012994289398193,3.2437790887817775,1.4753733584665267,0.6489827483116781,2.004547650785072,1.3854344628354427,-67.2487081649539,-0.004213221904960357,0.05008
29.04003882408142,3.2510552063054985,1.4603362683796097,0.7291382197330764,1.9185258692744476,1.3092426110214392,-67.3249000167679,-0.004217995426828686,0.04993
29.067065000534058,3.2505701317862394,1.4637317402226764,0.7744686052137679,1.8928311802425302,1.2681864609942082,-67.36595616679513,-0.004220567649780593,0.04993
29.095152616500854,3.249438291251128,1.4701993058186964,0.7810501714018837,1.940598343614965,1.274429505131419,-67.35971312265792,-0.004220176514678816,0.04993
29.120728015899658,3.2465278442239813,1.4682590361149803,0.7209866026121667,1.954309324013987,1.3228958707409726,-67.31124675704837,-0.004217140031766176,0.04993
29.147903203964233,3.253318887428791,1.458072620520437,0.829840326219367,1.8603453355524309,1.2162796402719942,-67.41786298751734,-0.00422381968182777,0.04993
29.179664611816406,3.253318887428791,1.4614680923200534,0.9060379327444171,1.8290911012131101,1.1479686575405075,-67.48617397024883,-0.0042280994566613285,0.04993
29.209375381469727,3.247659684723738,1.450958298865484,0.8336277384147013,1.7003637944176828,1.1604745909897392,-67.4736680367996,-0.004227315943130912,0.04993
29.239916801452637,3.25121689781248,1.4517667444937357,0.8619825276558095,1.618473859648352,1.1013149835934548,-67.53282764419588,-0.004231022372006237,0.04993
29.266555070877075,3.2531571959181584,1.4519284336198273,0.9249446588182004,1.5627947413118006,1.0175777192328597,-67.61656490855647,-0.004236268624106724,0.04993
29.295212745666504,3.25121689781248,1.4532219466338574,0.9259043719382392,1.5369700465458978,1.0024217764232353,-67.6317208513661,-0.004237218164283456,0.04977
29.3238742351532,3.248468142231979,1.4627616054037162,0.865498319510791,1.6158790876861675,1.097298446185662,-67.53684418160367,-0.004231274013470443,0.04977
29.351932764053345,3.2552591855782977,1.4467543816578043,0.9741123077159293,1.5083756496161618,0.9431513282252646,-67.69099129956406,-0.004240931537483903,0.04977
29.381712675094604,3.24442585476089,1.454353770528863,0.8094235078112194,1.5103835344985106,1.099722494565171,-67.53442013322416,-0.004231122143583126,0.04977
29.409337043762207,3.2453960037379677,1.4564557292101685,0.7156982355412914,1.533158922370055,1.211193668381265,-67.42294895940806,-0.004224138324798955,0.04977
29.43644118309021,3.2570377922509044,1.446916070779341,0.9087732144226289,1.4521153698505578,0.9654013957480632,-67.66874123204126,-0.004239537540864013,0.04977
29.464744091033936,3.2549358025505697,1.4533836357612737,0.9972191041471907,1.4611383225384795,0.8917420611359508,-67.74240056665337,-0.0042441523971275905,0.04977
29.49515962600708,3.25671440921699,1.4482095837569187,1.0986521923022756,1.4148516376675402,0.7778652998013869,-67.85627732798794,-0.004251286929201336,0.04977
29.52177119255066,3.252187046860264,1.4388316148820277,1.0690565346115535,1.2871084746003674,0.6942298692374961,-67.93991275855183,-0.0042565268012776615,0.049622
29.548492908477783,3.2534805789397043,1.4406101951480346,1.077082093556871,1.215770455244942,0.6193829518718419,-68.01475967591747,-0.004261216061196086,0.049622
29.575056791305542,3.2554208770925834,1.4465926925364143,1.1258137645610673,1.2266557709531187,0.596430612599568,-68.03771201518975,-0.004262654056084476,0.049622
29.60219669342041,3.2589780904780126,1.4389933039963883,1.2389678661283197,1.157015203782983,0.4624929593668497,-68.17164966842248,-0.004271045429984401,0.049622
29.631205320358276,3.252025355351597,1.454838837914646,1.1636846914017753,1.269362730497563,0.6123523586197245,-68.0217902691696,-0.004261656537307866,0.049622
29.658570766448975,3.259463165041119,1.442550464549321,1.2762559604054107,1.22307446525997,0.5061343364883679,-68.12800829130096,-0.004268311239082175,0.049622
29.69094681739807,3.2565527177004556,1.444005666614122,1.2903851766201644,1.2054672028995626,0.48318837352140315,-68.15095425426793,-0.004269748834486473,0.049622
29.718986988067627,3.264475602341588,1.4398017495703836,1.4763235734039706,1.1504023855813545,0.3616893732670009,-68.27245325452233,-0.004277360910067866,0.049622
29.74659013748169,3.266900975326104,1.447724516389226,1.6603726823504625,1.1924049738992002,0.3418116784986954,-68.29233094929064,-0.004278606274347764,0.049622
29.772640228271484,3.2605950056982196,1.4503115423655297,1.6490872604284603,1.2481081613348848,0.3848804836168587,-68.24926214417248,-0.004275907955850713,0.04947
29.799166202545166,3.2704581891514977,1.4417420189628902,1.8603492049080221,1.1999770872838096,0.30144633299688645,-68.33269629479244,-0.0042811352174681626,0.04947
29.828176736831665,3.2552591855782977,1.4457842469316653,1.6705079274939976,1.207381233631808,0.35001666697844586,-68.28412596081088,-0.004278092220797352,0.04947
29.854514360427856,3.261565154843854,1.4483712728797766,1.6777388234376946,1.2388655114019764,0.37051720616793765,-68.26362542162138,-0.004276807834477769,0.04947
29.881736516952515,3.2610800802697697,1.4441673557331658,1.6720220048657664,1.2181647711292993,0.3573314721788774,-68.27681115561045,-0.004277633938425214,0.04947
29.91106343269348,3.2568761007338067,1.4527368792524924,1.5746070378743935,1.2907975593807883,0.4396331509938252,-68.1945094767955,-0.004272477627687652,0.04947
29.94468331336975,3.259786548084598,1.4525751901256652,1.5710872332932841,1.3399966751473773,0.4762136565386231,-68.1579289712507,-0.004270185809874916,0.04947
29.97071862220764,3.248468142231979,1.4478862055116435,1.3171263224592962,1.326764812560046,0.5780668523982948,-68.05607577539102,-0.004263804570330008,0.04947
29.997328519821167,3.257684558322106,1.4472394490228546,1.3441441356291501,1.3109271648993681,0.5511567768972319,-68.08298585089209,-0.00426549052270975,0.04947
30.02297806739807,3.258169632878461,1.4444907339716928,1.3738350501866434,1.2718956004425908,0.5044654727587604,-68.12967715503056,-0.0042684157956367,0.049321
30.05003023147583,3.2510552063054985,1.450796609740275,1.2365348310455457,1.3086831078853112,0.6088285856331587,-68.02531404215617,-0.004261877306419129,0.049321
30.076597690582275,3.260433314174932,1.446431003415171,1.3488079493021239,1.2900507918486968,0.5314835197782477,-68.10265910801108,-0.004266723078696287,0.049321
30.10462212562561,3.249923365764492,1.4511199879908403,1.1938661566470226,1.3246794138570963,0.6499273035617569,-67.98421532422758,-0.004259302416531016,0.049321
30.13588047027588,3.260109931129202,1.4449758013305831,1.31175424681614,1.2864536825218595,0.5470816618997799,-68.08706096588955,-0.004265745834138639,0.049321
30.16225004196167,3.253642270450899,1.454838837914646,1.25056330704434,1.359969665614771,0.6437938079857295,-67.9903488198036,-0.0042596866882682735,0.049321
30.18877911567688,3.2557442601219986,1.437376412859358,1.2544362440468413,1.2338965712858538,0.5303348887451911,-68.10380773904414,-0.00426679504197352,0.049321
30.216519117355347,3.2568761007338067,1.4480478946342077,1.2822970053011493,1.254138575823097,0.533905008225909,-68.10023761956343,-0.00426657136919214,0.049321
30.24455738067627,3.264152219281777,1.444329044852356,1.463476222760707,1.230499752155898,0.43060678337582364,-68.20353584441351,-0.0042730431417444745,0.049321
30.270601511001587,3.2570377922509044,1.4370530346337052,1.4322178054762265,1.1399799601304024,0.36306633074582345,-68.2710762970435,-0.004277274641832083,0.049321
30.296642541885376,3.247821376224825,1.4402868169165357,1.2055464640466003,1.1094928233222998,0.42791920724618604,-68.20622342054314,-0.0042732115219993455,0.04917
30.32625961303711,3.258169632878461,1.4407718842640038,1.2768166800788454,1.0930833352493698,0.3761438477634399,-68.25799878002589,-0.004276455317823272,0.04917
30.35330295562744,3.258169632878461,1.4393166822255479,1.326705831301437,1.0668021705602473,0.3283925339102772,-68.30575009387906,-0.0042794470017828105,0.04917
30.382972240447998,3.2541273449861676,1.4415803298460435,1.271807861054067,1.0714190578335718,0.35455056789909617,-68.27959205989023,-0.004277808165814066,0.04917
30.410820245742798,3.2570377922509044,1.434304319739226,1.298049952281572,1.0006782646034131,0.2652223432969875,-68.36892028449235,-0.004283404699084291,0.04917
30.436842918395996,3.2588163989575394,1.4438439774952248,1.355940382382294,1.048146026511139,0.2987846411433157,-68.33535798664602,-0.0042813019760383686,0.04917
30.464383363723755,3.2580079413593945,1.4396400604552921,1.3784996077947491,1.038633726219309,0.28186793932968923,-68.35227468845964,-0.004282361830132012,0.04917
30.491337776184082,3.2555825686071507,1.4496647858679277,1.3403988395467465,1.1338929440198182,0.3926286431251321,-68.2415139846642,-0.004275422523249043,0.04917
30.51898717880249,3.2583313243978087,1.446431003415171,1.3748061580543485,1.167697677142848,0.41131926744547953,-68.22282336034385,-0.004274251530527359,0.049019
30.54505228996277,3.2588163989575394,1.445137490450506,1.3748061580543485,1.167697677142848,0.41131926744547953,-68.22282336034385,-0.004274251530527359,0.049019
30.569942951202393,3.254612419523966,1.450634920615213,1.3748061580543485,1.167697677142848,0.41131926744547953,-68.22282336034385,-0.004274251530527359,0.049019
30.596606969833374,3.2555825686071507,1.4428738427849181,1.3748061580543485,1.167697677142848,0.41131926744547953,-68.22282336034385,-0.004274251530527359,0.049019
30.62307858467102,3.259463165041119,1.4503115423655297,1.3748061580543485,1.167697677142848,0.41131926744547953,-68.22282336034385,-0.004274251530527359,0.049019
30.649378538131714,3.2584930159174377,1.4441673557331658,1.3748061580543485,1.167697677142848,0.41131926744547953,-68.22282336034385,-0.004274251530527359,0.049019
30.677891731262207,3.2523487383692107,1.4449758013305831,1.3748061580543485,1.167697677142848,0.41131926744547953,-68.22282336034385,-0.004274251530527359,0.049019
30.703553199768066,3.2620502294204727,1.4540303922724107,1.3748061580543485,1.167697677142848,0.41131926744547953,-68.22282336034385,-0.004274251530527359,0.049019
30.733965158462524,3.2563910261842017,1.4483712728797766,1.3748061580543485,1.167697677142848,0.41131926744547953,-68.22282336034385,-0.004274251530527359,0.049019
30.759175062179565,3.254289036498486,1.4441673557331658,1.3748061580543485,1.167697677142848,0.41131926744547953,-68.22282336034385,-0.004274251530527359,0.049019
30.785988807678223,3.2610800802697697,1.450634920615213,1.3748061580543485,1.167697677142848,0.41131926744547953,-68.22282336034385,-0.004274251530527359,0.049019
30.812488794326782,3.259624856562718,1.4417420189628902,1.3748061580543485,1.167697677142848,0.41131926744547953,-68.22282336034385,-0.004274251530527359,0.049019
30.837579488754272,3.2630203785813134,1.443197221021101,1.3748061580543485,1.167697677142848,0.41131926744547953,-68.22282336034385,-0.004274251530527359,0.049019
30.865463733673096,3.2617268463691125,1.4483712728797766,1.3748061580543485,1.167697677142848,0.41131926744547953,-68.22282336034385,-0.004274251530527359,0.049019
30.892980813980103,3.2539656534741304,1.4449758013305831,1.3748061580543485,1.167697677142848,0.41131926744547953,-68.22282336034385,-0.004274251530527359,0.049006
30.919570207595825,3.257684558322106,1.4498264749921077,1.3748061580543485,1.167697677142848,0.41131926744547953,-68.22282336034385,-0.004274251530527359,0.049006
30.946346282958984,3.252510429878438,1.4454608686907926,1.3748061580543485,1.167697677142848,0.41131926744547953,-68.22282336034385,-0.004274251530527359,0.049006
30.97390627861023,3.257199483768283,1.4449758013305831,1.3748061580543485,1.167697677142848,0.41131926744547953,-68.22282336034385,-0.004274251530527359,0.049006
31.00298833847046,3.2573611752859426,1.4467543816578043,1.3748061580543485,1.167697677142848,0.41131926744547953,-68.22282336034385,-0.004274251530527359,0.049006
31.033695936203003,3.2583313243978087,1.4482095837569187,1.3748061580543485,1.167697677142848,0.41131926744547953,-68.22282336034385,-0.004274251530527359,0.049006
31.061319589614868,3.2612417717941833,1.4410952624963806,1.3748061580543485,1.167697677142848,0.41131926744547953,-68.22282336034385,-0.004274251530527359,0.049006
31.091124773025513,3.255097494064293,1.4496647858679277,1.3748061580543485,1.167697677142848,0.41131926744547953,-68.22282336034385,-0.004274251530527359,0.049006
31.1171612739563,3.2591397819987664,1.4415803298460435,1.3748061580543485,1.167697677142848,0.41131926744547953,-68.22282336034385,-0.004274251530527359,0.049006
