Relative_Time_s,Raw_S1_V,Raw_S2_V,Norm_S1,Norm_S2,Phase_rad,Unwrapped_Phase_rad,Calculated_Distance_mm,Stage_Position_mm
0.07404685020446777,3.2971372972048356,1.3841807025240298,2.1415735472773156,2.112836266368998,1.075637281719412,-31.400286355589834,-0.001967270121693491,0.029968
0.10030913352966309,3.28549550365139,1.3961456937663914,-1.119402955236826,0.9405940492191923,2.4427780414815583,0.0,0.0,0.029968
0.12726664543151855,3.2749855523995746,1.3917800887631735,-1.2649252966109996,0.9004950331333121,2.5230785210830984,0.08030047960154008,5.030932918535164e-06,0.029968
0.1559607982635498,3.284687045820329,1.397924273612387,-1.2324626210462148,0.9288613744165725,2.4957970234729268,0.05301898199136845,3.3217104447092597e-06,0.029968
0.1834545135498047,3.2830701301794525,1.3866060385236376,-1.2321268015516025,0.8447574022027673,2.5409120180622797,0.09813397658072143,6.148225460875597e-06,0.029968
0.21421051025390625,3.2829084386169227,1.394528803012318,-1.2341305332238817,0.858656908756962,2.533982968787597,0.09120492730603891,5.714111215691389e-06,0.029968
0.24896764755249023,3.2871124193347634,1.3885463073463697,-1.177324205838629,0.8134360605472943,2.537299353347248,0.09452131186568957,5.9218871634124815e-06,0.029968
0.2763397693634033,3.2790278412011187,1.3843423915896753,-1.2495000426932001,0.7431676010414623,2.6061785922751155,0.1634005507935572,1.0237264011039825e-05,0.029968
0.3157918453216553,3.275632318595949,1.3919417778355105,-1.3470380373005835,0.7637816681357701,2.627146656067483,0.1843686145859249,1.1550941375040834e-05,0.029968
0.3437223434448242,3.2830701301794525,1.3895164417654249,-1.3123295929296648,0.7559342843362173,2.6202732149360664,0.17749517345450805,1.1120311054733315e-05,0.029968
0.3725404739379883,3.2811298314477773,1.3765813165987664,-1.314899345433399,0.6316292232244287,2.6965000495965272,0.2537220081149689,1.5896024645386577e-05,0.029968
0.4046974182128906,3.26673928379183,1.390648265260806,-1.5159518260208147,0.6738236138855395,2.7262497806660324,0.2834717391844741,1.7759885261136515e-05,0.029968
0.43302273750305176,3.2790278412011187,1.3893547526952261,-1.4865393768207342,0.6914784976538214,2.7088111389990654,0.26603309751750714,1.6667330934534453e-05,0.029968
0.467059850692749,3.26981142299127,1.3922651559806132,-1.5935625537059614,0.7305695932221046,2.7142837690438912,0.27150572756233293,1.7010198558490096e-05,0.029968
0.49368882179260254,3.271913413028523,1.3846657697213924,-1.639374312201538,0.6881313712485577,2.7474177200130545,0.3046396785314962,1.908608509713907e-05,0.029968
0.5208146572113037,3.2715900299427636,1.3885463073463697,-1.675920153241304,0.694068184291414,2.7522462311649614,0.30946818968340306,1.938859780717744e-05,0.029968
0.5556139945983887,3.2798362989826364,1.4056853495068602,-1.5873231797136143,0.8556497229959524,2.647829205708213,0.2050511642266546,1.2846730893896821e-05,0.029968
0.5843496322631836,3.273368636928416,1.3874144838639517,-1.61485750479556,0.8009349896463922,2.682768824978732,0.2399907834971735,1.5035744977266854e-05,0.029968
0.6130759716033936,3.272721870747862,1.393235290419346,-1.6430867526637363,0.816100030021401,2.6821546563049408,0.23937661482338246,1.499726648481151e-05,0.0
0.6420416831970215,3.2743387862077213,1.3980859626901538,-1.6404591752770963,0.8712700210149796,2.6540407433861413,0.21126270190458296,1.3235892073676525e-05,0.0
0.6700878143310547,3.2843636626898878,1.4022898787623705,-1.4998139468240106,0.9485028833676891,2.575716618784436,0.13293857730287773,8.328780450813797e-06,0.0
0.7004427909851074,3.287920877187079,1.3988944080811365,-1.3521085682169318,0.9713777622608393,2.5141648831886325,0.07138684170707421,4.4724815303281275e-06,0.0
0.7294442653656006,3.2780576918726325,1.398571029924314,-1.3852819276225403,0.9844198799207163,2.5196264154583488,0.07684837397679045,4.814653863764982e-06,0.0
0.7578532695770264,3.282423363931031,1.3997028534756988,-1.3480555374055563,1.0039454037843043,2.4963098835512425,0.0535318420696842,3.353841817565366e-06,0.0
0.7850103378295898,3.2767641594504857,1.4053619713379901,-1.4003552475213514,1.0695934789649904,2.4838807363128494,0.04110269483129114,2.575139046408408e-06,0.0
0.8160738945007324,3.2751472439482447,1.4113444675552131,-1.4593530960835737,1.1704976394526496,2.4594786724807562,0.01670063099919794,1.0463169668610833e-06,0.0
0.8435297012329102,3.288082568758393,1.4037450805022569,-1.3215471672585128,1.1713285556320394,2.4075714072519836,-0.03520663422957471,-2.205742929248921e-06,0.030098
0.8703076839447021,3.2825850554927114,1.4000262316345262,-1.301202399843982,1.1377517743659766,2.4144380584928604,-0.028339982988697887,-1.7755380047049218e-06,0.030098
0.8993239402770996,3.2918014749768885,1.4014814333563435,-1.1593491536839855,1.1276143666717389,2.357815255015015,-0.08496278646654343,-5.323032706728807e-06,0.030098
0.926417350769043,3.2848487373859747,1.3921034669079906,-1.1563205156356584,1.0343795528051476,2.4015101615437793,-0.04126787993777903,-2.585488115230977e-06,0.030098
0.9593322277069092,3.278219383426673,1.400187920714155,-1.245991485614684,1.0433726211809982,2.4366290636781907,-0.00614897780336765,-3.852417195987836e-07,0.030098
0.988222599029541,3.2885676434740354,1.3958223156144334,-1.1654776235863658,1.0095687520718075,2.418364880404501,-0.024413161077057488,-1.5295173368518e-06,0.030098
1.0153322219848633,3.2830701301794525,1.395984004690341,-1.1852373033297081,0.9873911924550361,2.4389281528080313,-0.00384988867352698,-2.4120069713719483e-07,0.030098
1.0428662300109863,3.289376101339111,1.3762579384812308,-1.1117556686684509,0.7906787617031281,2.5202971827010376,0.07751914121947934,4.856678332593359e-06,0.030098
1.0732142925262451,3.2961671476858365,1.373024157336989,-0.9662886910525863,0.6232770884178801,2.5695137730205615,0.1267357315390032,7.940163831125834e-06,0.030098
1.1010286808013916,3.285010428951903,1.3958223156144334,-1.0189393864281093,0.7155018791376256,2.526442076080227,0.08366403459866856,5.24166415753056e-06,0.030098
1.13010573387146,3.292609932870336,1.3925885341262867,-0.9505710165816127,0.7503562577236896,2.464822344593111,0.022044303111552477,1.3811052031120058e-06,0.030254
1.1563730239868164,3.298754213092571,1.3828871900039807,-0.8176385438706445,0.6856454011232481,2.4305419544286773,-0.01223608705288104,-7.66607291187592e-07,0.030254
1.185840368270874,3.289376101339111,1.388869685485485,-0.8544365370471021,0.6952983026063778,2.4474211369368377,0.004643095455279411,2.908961675668273e-07,0.030254
1.2118542194366455,3.2919631665550106,1.3801384759290427,-0.8443742441917834,0.6218573056060996,2.5009786953340156,0.05820065385245732,3.6463491475956545e-06,0.030254
1.2386846542358398,3.2916397833990505,1.3866060385236376,-0.8418082502579284,0.629854554035435,2.4924815336201016,0.049703492138543304,3.1139905515726886e-06,0.030254
1.2646195888519287,3.2958437645151104,1.3807852321782805,-0.781803109434528,0.5819872761455024,2.494653593292018,0.051875551810459886,3.2500730078505494e-06,0.030254
1.292956829071045,3.3005328206019207,1.3803001649911393,-0.6748741459122922,0.5440247357163024,2.4489284729256924,0.006150431444134075,3.8533279214554576e-07,0.030254
1.3232104778289795,3.297622371968171,1.3646163266261644,-0.6403223742166008,0.3733915460806915,2.6260632839362494,0.18328524245469113,1.148306665567312e-05,0.030254
1.3517920970916748,3.292124858133416,1.3806235431157583,-0.6922555246720945,0.40097802194046206,2.6284273379182195,0.18564929643666117,1.1631177813391025e-05,0.030254
1.382404088973999,3.2990775962735297,1.3746410479020408,-0.6323400881229846,0.36533805639853933,2.631122649441125,0.18834460795956653,1.1800042701042725e-05,0.030254
1.411780834197998,3.3010178953831706,1.3811086103037504,-0.5635336137418535,0.399796025077031,2.5183011494361205,0.07552310795456219,4.731624167178755e-06,0.030413
1.439129114151001,3.2966522224440573,1.3866060385236376,-0.5758168356705012,0.47441165766508486,2.4320905974079485,-0.010687444073609775,-6.695827281696055e-07,0.030413
1.468015193939209,3.2916397833990505,1.3746410479020408,-0.6538180642930288,0.416741601405776,2.578627457304775,0.13584941582321663,8.511148394382496e-06,0.030413
1.4983410835266113,3.298269138323265,1.3731858463928583,-0.6166278943555881,0.3630062247853458,2.6222582506746592,0.17948020919310093,1.1244676210350196e-05,0.030413
1.5260167121887207,3.2935800823518417,1.3578253867143508,-0.655520138747605,0.18430235224610578,2.9398375447404703,0.497059503258912,3.114144560312236e-05,0.030413
1.5554358959197998,3.289376101339111,1.3673650404704736,-0.7409536534609704,0.1468334024682006,3.0245764803623585,0.5817984388808002,3.64504537537239e-05,0.030413
1.5826499462127686,3.287920877187079,1.349740934760616,-0.8209063628628138,-0.04127604444339398,-2.982453006716297,0.8579542589817306,5.3751986856450224e-05,0.030413
1.6129374504089355,3.290831325514117,1.3688202419339355,-0.8365747609210061,0.00229486160451246,-3.0450005219520153,0.7954067437460122,4.9833301003845176e-05,0.030413
1.6389873027801514,3.2990775962735297,1.3749644260167473,-0.7333635534972084,0.0892301413418587,3.114388772554745,0.6716107310731854,4.207731450875111e-05,0.030571
1.665940761566162,3.293256699190204,1.3765813165987664,-0.741712711290211,0.16493632312837228,2.9950643712210034,0.5522863297394438,3.460148047098145e-05,0.030571
1.693129301071167,3.293256699190204,1.3751261150743126,-0.7475571217453005,0.2045643129997446,2.935596115710252,0.4928180742286923,3.087571437666336e-05,0.030571
1.7210607528686523,3.2930950076098116,1.3765813165987664,-0.7538870146297156,0.2456702432888924,2.8765340939520825,0.43375605247052285,2.7175399372657876e-05,0.030571
1.7486236095428467,3.2822616723696334,1.3642929485295074,-0.9083179036134029,0.1615731043688095,3.0301570429879163,0.5873790015063567,3.6800083498853346e-05,0.030571
1.7784380912780762,3.280321373654942,1.3602507223687184,-1.0432851892301713,0.06557639490164337,-3.1331545130807514,0.7072527526172752,4.431033503813114e-05,0.030571
1.808793544769287,3.290022867636277,1.3584721428857642,-1.0034339668733308,-0.017957934848260606,-3.0383807407134023,0.8020265249846243,5.024803919111494e-05,0.030571
1.8383069038391113,3.279189532756857,1.367850107623693,-1.1255380701930273,0.009706647096820805,-3.078333860729494,0.7620734049685325,4.774492255115793e-05,0.030571
1.8726646900177002,3.2829084386169227,1.363484503290325,-1.1595184212728626,-0.011027155474789324,-3.060454910754187,0.7799523549438394,4.8865062784764835e-05,0.030571
1.9008123874664307,3.2924482412910794,1.3796534087436032,-1.051215146523043,0.12297403905865907,3.08739413615127,0.6446160946697095,4.038606427487916e-05,0.03073
1.9319217205047607,3.292609932870336,1.3841807025240298,-0.97316404864805,0.25835903733400295,2.92527196196929,0.48249392048772943,3.0228892275859467e-05,0.03073
1.9599006175994873,3.2977840635565183,1.3967924500720235,-0.8468865004556597,0.4689701359566113,2.636568240705767,0.19379019922420637,1.2141216309097224e-05,0.03073
1.9932096004486084,3.302149736549379,1.3972775173027494,-0.6980444619813652,0.6208533512990333,2.3729432284068177,-0.06983481307474282,-4.375244851597813e-06,0.03073
2.022104263305664,3.306192026542556,1.3998645425550411,-0.5378848892107703,0.7509339825403408,2.109725617564792,-0.3330524239167687,-2.086618176373462e-05,0.03073
2.0553531646728516,3.2927716244498773,1.4005112988738422,-0.6115940629754227,0.8479310195872761,2.124591061072483,-0.31818698040907734,-1.9934841758512102e-05,0.03073
2.085930585861206,3.285818886785797,1.417973720350701,-0.759459119887422,1.076225023310672,2.1294340380209174,-0.3133440034606432,-1.96314227468887e-05,0.03073
2.1206319332122803,3.298269138323265,1.3990560971597628,-0.6905766332716653,1.06226840900557,2.0841736170200367,-0.35860442446152385,-2.2467048923095542e-05,0.03073
2.147339105606079,3.2961671476858365,1.3953372483875683,-0.6714633662748384,1.0183403572778826,2.0887436531494483,-0.3540343883321122,-2.218073002043844e-05,0.030881
2.1841204166412354,3.298269138323265,1.3988944080811365,-0.6289796057428753,1.020263993997978,2.0529057710494722,-0.3898722704320883,-2.442602147675365e-05,0.030881
2.2128803730010986,3.2896994844871266,1.3956606265386686,-0.7178976694028143,0.9919075642853337,2.1385521749909953,-0.30422586649056527,-1.9060159216881118e-05,0.030881
2.2473831176757812,3.290022867636277,1.4026132569257852,-0.7756627029941829,1.0359194612828158,2.1604958038123616,-0.2822822376691989,-1.7685361393289895e-05,0.030881
2.27394700050354,3.2942268486785236,1.3988944080811365,-0.7578892824605012,1.0325693668014326,2.1490324945227175,-0.29374554695884303,-1.8403553119501135e-05,0.030881
2.307753086090088,3.288405951901871,1.4000262316345262,-0.8260448868303343,1.040620342184546,2.194106536214528,-0.24867150526703252,-1.5579603857379828e-05,0.030881
2.3339126110076904,3.293903465514615,1.3961456937663914,-0.7976344223207164,1.010612454294935,2.189175169130794,-0.2536028723507666,-1.5888560629718496e-05,0.030881
2.367018699645996,3.3055452601316873,1.394528803012318,-0.6165530849481043,0.9747554452214767,2.061738723413874,-0.3810393180676863,-2.3872625145393874e-05,0.030881
2.397068738937378,3.3005328206019207,1.4037450805022569,-0.55919912877181,1.0343090196702163,1.9848432141217038,-0.4579348273598569,-2.8690232099986557e-05,0.030881
2.4276328086853027,3.300209437415843,1.3898398199062498,-0.5235289709302674,0.9482737278287152,1.9869508517678918,-0.455827189713669,-2.8558185770161803e-05,0.030881
2.4536705017089844,3.2885676434740354,1.3853125259865324,-0.6597538633072598,0.8464648601583146,2.1713160014029684,-0.27146204007859254,-1.700746147894626e-05,0.03104
2.480022668838501,3.2918014749768885,1.3990560971597628,-0.7103351781082965,0.9014362947989191,2.1822435627110486,-0.2605344787705124,-1.632283508347605e-05,0.03104
2.5065481662750244,3.2974606803801088,1.3856359041199553,-0.6673839024258338,0.8166489543878586,2.197581318474069,-0.24519672300749207,-1.536190408097739e-05,0.03104
2.5331902503967285,3.3010178953831706,1.3856359041199553,-0.5880642837538582,0.7572978161001135,2.160063461222984,-0.2827145802585771,-1.7712448237301042e-05,0.03104
2.5597569942474365,3.3010178953831706,1.3901631980476448,-0.5325405506834712,0.7573361827532663,2.0987479295283102,-0.34403011195325073,-2.1553948666076855e-05,0.03104
2.5869975090026855,3.2848487373859747,1.3803001649911393,-0.7175544935352839,0.6667689703417378,2.3604296171955492,-0.08234842428601175,-5.159239404119964e-06,0.03104
2.615725517272949,3.2935800823518417,1.3743176697878998,-0.7261687581734003,0.548421423106141,2.485729373212087,0.04295133173052612,2.690958631508391e-06,0.03104
2.6449179649353027,3.282423363931031,1.3807852321782805,-0.886676318791146,0.5249840844950026,2.6247251204228137,0.18194707894125273,1.1399228913936755e-05,0.03104
2.674435615539551,3.2930950076098116,1.3796534087436032,-0.8512704525618012,0.49818190703751614,2.6320280622751264,0.18925002079356545,1.1856768031377389e-05,0.03104
2.704191207885742,3.2845253542549666,1.3846657697213924,-0.9451430355694913,0.5254599909193457,2.6567581134297495,0.21398007194818858,1.3406138957282369e-05,0.031199
2.7387914657592773,3.2903462507865617,1.3924268450533785,-0.9302568483245783,0.6158417872387735,2.562167518437233,0.11938947695567181,7.479911112902805e-06,0.031199
2.7666373252868652,3.286789036195821,1.3833722571979339,-0.9690902372383251,0.5959407177526294,2.602487487587626,0.15970944610606486,1.0006011343929872e-05,0.031199
2.8011536598205566,3.2819382892476883,1.3917800887631735,-1.0634377700332982,0.6592377011067214,2.5968950611233477,0.1541170196417867,9.655638313367242e-06,0.031199
2.8276851177215576,3.2848487373859747,1.390001508976876,-1.089182547080175,0.6872089535454294,2.5871556526172648,0.1443776111357038,9.045451287044998e-06,0.031199
2.8538920879364014,3.278219383426673,1.3856359041199553,-1.1989949076258417,0.6666898155104137,2.651550894689549,0.208772853207988,1.3079899708101274e-05,0.031199
2.882817268371582,3.2929333160297025,1.3929119122725309,-1.0721322703080012,0.7191581106528109,2.553705675773858,0.11092763429229713,6.949765302841908e-06,0.031199
2.909350872039795,3.2903462507865617,1.4014814333563435,-1.0191493126415414,0.8345988020725187,2.4404488641662514,-0.002329177315309572,-1.4592608770012308e-07,0.031199
2.9354090690612793,3.2845253542549666,1.4013197442755683,-1.0626582376253237,0.9139221372619384,2.413157639989276,-0.029620401492285175,-1.8557579440024608e-06,0.031199
2.9641737937927246,3.288405951901871,1.3843423915896753,-1.039383155445708,0.8135078547417091,2.466845017721931,0.02406697624037024,1.507828391786593e-06,0.031357
2.989750623703003,3.291154708667239,1.4013197442755683,-0.9850309047034884,0.8991584741303695,2.376772927937276,-0.06600511354428518,-4.13530903139496e-06,0.031357
3.018772840499878,3.3010178953831706,1.3922651559806132,-0.8104171853482103,0.875945576755689,2.2705355343181735,-0.17224250716338751,-1.0791224455435203e-05,0.031357
3.050471067428589,3.2903462507865617,1.396954139148789,-0.8359487531696733,0.902765862319343,2.2727563869599354,-0.17002165452162554,-1.0652085054050583e-05,0.031357
3.079155206680298,3.2974606803801088,1.3967924500720235,-0.7553134049687914,0.9200549134463561,2.198396545306723,-0.24438149617483784,-1.5310829024778165e-05,0.031357
3.1146793365478516,3.2918014749768885,1.394528803012318,-0.7772268572713665,0.9113651666274769,2.2216292935045985,-0.2211487479769625,-1.3855266140512554e-05,0.031357
3.1404829025268555,3.298754213092571,1.3877378620010736,-0.6962976323534763,0.842906097572835,2.1955341646127007,-0.2472438768688603,-1.549016102043241e-05,0.031357
3.1655173301696777,3.278704458090492,1.3840190134585266,-0.917259051690779,0.7608263296298317,2.432979508974679,-0.009798532506882118,-6.138912243964316e-07,0.031357
3.1942930221557617,3.2951969981770675,1.3672033514196822,-0.8435738929289803,0.5489150381078405,2.578573867984018,0.13579582650245703,8.507790951447794e-06,0.031516
3.22063946723938,3.2955203813455207,1.379006652498335,-0.7875166705578655,0.5089929800638994,2.5839957531132765,0.14121771163171548,8.847479338275056e-06,0.031516
3.2477850914001465,3.2903462507865617,1.3827255009396138,-0.8199183928164504,0.5152059581077266,2.6000918184574116,0.15731377697585058,9.855919454704313e-06,0.031516
3.2771530151367188,3.30231142814569,1.3773897618950826,-0.6769279808476786,0.47054513789841657,2.540181917969662,0.09740387648810112,6.1024837092943445e-06,0.031516
3.306933641433716,3.2994009794556254,1.3832105681331408,-0.6171331960191571,0.49274791455679257,2.4463106728341093,0.003532631352548332,2.2132409979085536e-07,0.031516
3.3343253135681152,3.298269138323265,1.3838573243931653,-0.5909484865638778,0.5142304528558027,2.3857611731291906,-0.05701686835237041,-3.5721833957791783e-06,0.031516
3.360368490219116,3.306192026542556,1.3769046947168682,-0.4629177064185291,0.46540683839780495,2.2625008473280257,-0.18027719415353527,-1.129460838874966e-05,0.031516
3.3903467655181885,3.3026348113391655,1.3786832743765511,-0.4225498887848208,0.44756694302338584,2.2113405850185344,-0.2314374564630266,-1.449986754848172e-05,0.031516
3.4241445064544678,3.3015029701669816,1.3866060385236376,-0.40996405691733406,0.5078513002275339,2.1033694833400634,-0.3394085581414976,-2.126440211141488e-05,0.031516
3.4521424770355225,3.30231142814569,1.3848274587874643,-0.3899599457183012,0.533713714821682,2.034347662812858,-0.40843037866870313,-2.5588711887777463e-05,0.031667
3.4799540042877197,3.296005456100332,1.3835339462628689,-0.46327049062412035,0.5399362157195412,2.16503061737584,-0.27774742410572095,-1.7401249231704703e-05,0.031667
3.5073554515838623,3.303281577729532,1.3780365181346836,-0.4138416145128464,0.4937969126772305,2.128604084089256,-0.3141739573923048,-1.9683420475624355e-05,0.031667
3.5346386432647705,3.303281577729532,1.3534597826159183,-0.3792414012349587,0.23575682599519332,2.6728080035219426,0.23002996204038162,1.4411686132148019e-05,0.031667
3.562710762023926,3.2872741109046597,1.36170592377649,-0.5766630080258748,0.13087133634754602,-3.111492202331731,0.7289150633662942,4.5667507906581696e-05,0.031667
3.5888679027557373,3.309587550274414,1.3710838886775727,-0.4059029470324268,0.14359010786279935,3.1356717679352273,0.6928937264536668,4.34107227598102e-05,0.031667
3.615776300430298,3.2974606803801088,1.3736709135613139,-0.4542813406727168,0.17625562503987965,3.01104409916675,0.5682660576851895,3.5602631893119985e-05,0.031667
3.643996000289917,3.2974606803801088,1.373347535448869,-0.4881462162209362,0.19615118990612979,2.9593620398921416,0.5165839984105811,3.236468145256837e-05,0.031667
3.674936056137085,3.2964905308576995,1.3811086103037504,-0.5252844630542937,0.2813652185323409,2.7413403328385915,0.29856229135703094,1.870532862661216e-05,0.031667
3.702624559402466,3.3068387929579823,1.3801384759290427,-0.4079976663989501,0.33210414675427863,2.4084983297697375,-0.03427971171182298,-2.1476699883321498e-06,0.031826
3.733361005783081,3.295358689761152,1.3597656552353203,-0.4848521176077378,0.1804926791588562,3.0121504581037746,0.569372416622214,3.567194676674978e-05,0.031826
3.758715867996216,3.3006945121953866,1.3845040806554627,-0.4647696458867033,0.30159238273626804,2.6046629894422297,0.1618849479606692,1.014230945757717e-05,0.031826
3.7856380939483643,3.2981074467340656,1.3717306448951192,-0.4865328071589539,0.2690354345828813,2.729759433720356,0.2869813922387956,1.7979769739675603e-05,0.031826
3.8150649070739746,3.291154708667239,1.3702754434088145,-0.5980356609027544,0.2328792338467339,2.9215392771465982,0.4787612356650377,2.9995034557422675e-05,0.031826
3.8416671752929688,3.3036049609264233,1.3744793588448996,-0.5036996220762778,0.24618375614563362,2.8163530405872605,0.3735749991057,2.3404975535246552e-05,0.031826
3.8679325580596924,3.295358689761152,1.3765813165987664,-0.5518434865818692,0.27480385349101744,2.784976644303948,0.34219860282238734,2.1439202158673908e-05,0.031826
3.898442506790161,3.292609932870336,1.3756111822478574,-0.6236038866892406,0.2859270300349705,2.817876428543406,0.3750983870618456,2.350041783713943e-05,0.031826
3.9254446029663086,3.2951969981770675,1.3757728713059885,-0.638015277427887,0.29519840221212384,2.8087427292614473,0.3659646877798868,2.2928179307386906e-05,0.031826
3.951730728149414,3.2929333160297025,1.3727007792256742,-0.6794465291694288,0.27347053962684065,2.877941485870364,0.4351634443888033,2.7263574366955442e-05,0.031826
3.981717109680176,3.30231142814569,1.3791683415594396,-0.5785976762947593,0.3176669797508969,2.7096946918760527,0.2669166503944922,1.6722686709196668e-05,0.031826
4.010275363922119,3.30117958697749,1.3877378620010736,-0.5236751197034316,0.4273173667592304,2.4171461154915117,-0.02563192599004882,-1.6058745958762672e-06,0.031985
4.0428831577301025,3.3003711290087394,1.3799767868670878,-0.49642335884344563,0.4327855018815917,2.362815240277126,-0.07996280120443444,-5.0097769133368534e-06,0.031985
4.070269346237183,3.296005456100332,1.3811086103037504,-0.5377948798117174,0.44700923691516425,2.405188963706903,-0.037589077774657476,-2.355006217799425e-06,0.031985
4.100544452667236,3.285818886785797,1.3791683415594396,-0.7077996916728241,0.4391440678527255,2.6138403942115307,0.17106235272997017,1.071728619482336e-05,0.031985
4.126121759414673,3.298915904682908,1.3853125259865324,-0.6454598107309595,0.49007409817512376,2.4776042634458633,0.03482622196430274,2.181909589803529e-06,0.031985
4.154772043228149,3.289214409765529,1.3803001649911393,-0.7361502293208567,0.47968551113703534,2.5807376138029032,0.1379595723213427,8.643352533664868e-06,0.031985
4.18272852897644,3.2990775962735297,1.3794917196820735,-0.6630663813771038,0.4649877570593318,2.532844727503441,0.0900666860218804,5.642798870184563e-06,0.031985
4.209755897521973,3.2895377929129768,1.3933969794929677,-0.7439972178261544,0.5824221159491312,2.459838439191629,0.017060397710068287,1.068856834589047e-06,0.031985
4.237011671066284,3.289376101339111,1.3958223156144334,-0.8028876088159631,0.6869033984095021,2.404631752086638,-0.038146289394922483,-2.3899162743382128e-06,0.031985
4.2657084465026855,3.290669633937981,1.3838573243931653,-0.8262004385951358,0.6501392915526967,2.4589631127249536,0.01618507124339308,1.0140164555836777e-06,0.032134
4.292705535888672,3.292286549712106,1.3901631980476448,-0.8201313641948265,0.6823252155700793,2.423148002052622,-0.019630039428938595,-1.2298483401996557e-06,0.032134
4.320923328399658,3.2929333160297025,1.3930736013458669,-0.8069277899062762,0.7315880394306217,2.367733212653357,-0.07504482882820351,-4.701659337417018e-06,0.032134
4.349854230880737,3.288405951901871,1.3830488790684896,-0.8603718420423747,0.6739927969730647,2.4629027992067125,0.020124757725151987,1.26084310603632e-06,0.032134
4.378038644790649,3.289376101339111,1.3998645425550411,-0.884349845767303,0.7881315945121635,2.3824497393301565,-0.060328302151404056,-3.7796491716970196e-06,0.032134
4.404342174530029,3.288405951901871,1.3912950215470175,-0.9145672811450976,0.7893158686656296,2.4036791681869354,-0.039098873294625136,-2.4495969353063792e-06,0.032134
4.430936098098755,3.2835552048687418,1.3856359041199553,-1.002883647641796,0.7381646560945546,2.5037807587328005,0.06100271725123996,3.821902183675999e-06,0.032134
4.462820768356323,3.28549550365139,1.3903248871185558,-1.0378394399203215,0.7454281194631537,2.5187030279277174,0.07592498644615686,4.75680239453988e-06,0.032134
4.490123987197876,3.283231821742266,1.3909716434036266,-1.0936517694410566,0.7564531386893657,2.5411047074601485,0.09832666597858797,6.160297710500877e-06,0.032285
4.523480653762817,3.2901845592112773,1.3840190134585266,-1.0364517675297789,0.7003092584114019,2.555496625111511,0.11271858362995069,7.061970684714338e-06,0.032285
4.550459384918213,3.283878587996351,1.3893547526952261,-1.0837251774387562,0.7100184488219224,2.573274118468496,0.13049607698693544,8.175754524891794e-06,0.032285
4.581059455871582,3.287759185616049,1.3898398199062498,-1.0630852350834805,0.7212703282349116,2.552736507199041,0.10995846571748036,6.88904558969885e-06,0.032285
4.610297203063965,3.2796746074257674,1.388222929207824,-1.160577542243251,0.7142951567844065,2.608295029230227,0.16551698774866663,1.0369861629389047e-05,0.032285
4.643247604370117,3.275470627046432,1.3922651559806132,-1.2870310921239756,0.7465412546135087,2.638648772326231,0.19587073084467033,1.2271564409997541e-05,0.032285
4.673213005065918,3.2795129158691805,1.3908099543321453,-1.319578447407839,0.7557471845756009,2.644826438877811,0.20204839739625058,1.265860351821082e-05,0.032285
4.70812463760376,3.280321373654942,1.4022898787623705,-1.3311675698862866,0.8676368978601252,2.573248983083111,0.13047094160155037,8.174179759231846e-06,0.032285
4.7372801303863525,3.2799979905397887,1.3971158282256977,-1.3437575661210537,0.8984349358613126,2.558750313197116,0.11597227171555557,7.265818614113271e-06,0.032444
4.7680089473724365,3.2898611760615597,1.3961456937663914,-1.2160034361842034,0.9110826698686704,2.4925871701652276,0.04980912868366705,3.120608823031346e-06,0.032444
4.795729160308838,3.2843636626898878,1.3967924500720235,-1.2026949294589857,0.925876678730882,2.4763233425081834,0.0335453010266229,2.101658172335148e-06,0.032444
4.82452130317688,3.28404027956058,1.3961456937663914,-1.1978565854471632,0.930291889877373,2.4710097739762826,0.028231732494722106,1.7687559658392408e-06,0.032444
4.850317001342773,3.2848487373859747,1.3972775173027494,-1.1832757178698787,0.9437785790435644,2.454794616099398,0.012016574617837339,7.528545422504863e-07,0.032444
4.876908540725708,3.280483065212943,1.3995411643965,-1.2335168539539156,0.9740113443803946,2.4614904965962956,0.01871245511473507,1.1723604502796372e-06,0.032444
4.903521776199341,3.2812915230071935,1.3791683415594396,-1.2574916228749666,0.8080455430783874,2.5832406179253713,0.14046257644381077,8.800169104343388e-06,0.032444
4.930771589279175,3.2853338120846107,1.400187920714155,-1.2183038279608878,0.884938814372262,2.5112231990584997,0.06844515757693914,4.2881810678693064e-06,0.032444
4.958238124847412,3.284687045820329,1.3929119122725309,-1.1998275929911242,0.8719324098561013,2.5108949688502977,0.0681169273687372,4.267617004398021e-06,0.032444
4.99010157585144,3.2820999808085194,1.388222929207824,-1.2227151137652859,0.8197586139192393,2.55901435196756,0.11623631048599936,7.282360997777562e-06,0.032444
5.017366886138916,3.287759185616049,1.3828871900039807,-1.160378190512037,0.7342270504601289,2.594184948834353,0.1514069073527926,9.485846137837501e-06,0.032444
5.044825077056885,3.28549550365139,1.3916183996909788,-1.1480856199294736,0.7545529852764054,2.5716476186630914,0.12886957718153091,8.073852127127736e-06,0.032595
5.07820987701416,3.2853338120846107,1.3830488790684896,-1.1417196258990507,0.6900682590651106,2.621868757671685,0.1790907161901245,1.1220273950489027e-05,0.032595
5.106732368469238,3.277734308765399,1.3862826603885077,-1.2424872783901968,0.6746319240906621,2.679962889736609,0.23718484825504849,1.4859949364999874e-05,0.032595
5.142502546310425,3.2822616723696334,1.3736709135613139,-1.2503380882457336,0.5479848963993876,2.791764772336763,0.3489867308552026,2.1864487498748847e-05,0.032595
5.168829441070557,3.2767641594504857,1.3715689558405209,-1.331953033109455,0.44002504558312977,2.91043437628999,0.4676563348084293,2.9299297601008417e-05,0.032595
5.200260400772095,3.2743387862077213,1.3817553665563926,-1.4226655715891035,0.45801751207657354,2.913197137891763,0.47041909641020263,2.9472388326710135e-05,0.032595
5.225940227508545,3.2714283384003076,1.3951755593122324,-1.5264628398531475,0.5938795806731642,2.8304767763225853,0.3876987348410248,2.428984655215856e-05,0.032595
5.252909898757935,3.2772492341066704,1.393235290419346,-1.518523943713967,0.6711612437401414,2.7734218393087007,0.33064379782714015,2.0715278103596054e-05,0.032595
5.2789146900177,3.282746747054676,1.3961456937663914,-1.4368473380521216,0.751991085383852,2.691913678916343,0.24913563743478262,1.5608682361180452e-05,0.032747
5.304691791534424,3.2796746074257674,1.4019665005995294,-1.4222110143213058,0.8620373308052915,2.6121455378882334,0.16936749640667292,1.0611101169386725e-05,0.032747
5.334922552108765,3.2751472439482447,1.4014814333563435,-1.4746521328435458,0.9346142561792559,2.586379244898886,0.14360120341732552,8.996808300502746e-06,0.032747
5.364418983459473,3.293418390770881,1.403906769585184,-1.2583759112628636,1.0076953361648038,2.446992007705625,0.004213966224064336,2.6401064476125487e-07,0.032747
5.390255689620972,3.2885676434740354,1.4061704167612432,-1.1741467215400812,1.07964417583121,2.3596053580074066,-0.08317268347415396,-5.210880349524109e-06,0.032747
5.41764760017395,3.2955203813455207,1.3956606265386686,-1.018917650585638,1.0334736915686007,2.2904269854404733,-0.15235105604108723,-9.54499832147953e-06,0.032747
5.444756984710693,3.295358689761152,1.3874144838639517,-0.9124961065384154,0.925411767647248,2.2812019598412725,-0.16157608164028803,-1.0122958567690297e-05,0.032747
5.474498987197876,3.293256699190204,1.3806235431157583,-0.8671054984190538,0.7873921770370563,2.348993872742346,-0.09378416873921447,-5.8757041562989795e-06,0.032747
5.502849340438843,3.283231821742266,1.3662332171178908,-0.9741380103901427,0.5586002401462364,2.662190276910907,0.2194122354293464,1.374647129666353e-05,0.032747
5.531764030456543,3.283878587996351,1.3820787446835652,-1.0401055474410028,0.5439904455637382,2.715123248602936,0.27234520712137567,1.7062793080577417e-05,0.032896
5.564655065536499,3.290669633937981,1.3760962494226752,-0.9922529956326348,0.47881309027892904,2.7679460558247686,0.3251680143432081,2.0372212912444234e-05,0.032896
5.594929933547974,3.291316400244226,1.3869294166593362,-0.9498009873156655,0.5326939006777173,2.67795312030641,0.23517507882484967,1.4734034610377923e-05,0.032896
5.627400875091553,3.2851721205181152,1.4009963661144478,-1.0051591884427762,0.6996184086807743,2.5330164166807188,0.09023837519915823,5.653555427779354e-06,0.032896
5.652651309967041,3.2964905308576995,1.3815936774930193,-0.8871935436095653,0.6382477176003846,2.509570954899494,0.0667929134179337,4.184665751768523e-06,0.032896
5.680411338806152,3.2947119234265174,1.3951755593122324,-0.829244454099381,0.7200407245398298,2.3729473979878373,-0.06983064349372325,-4.374983621745739e-06,0.032896
5.707671880722046,3.2958437645151104,1.385474215053173,-0.7730084521235817,0.6881869065306432,2.3488473462331965,-0.09393069524836406,-5.8848842389333125e-06,0.032896
5.735153436660767,3.286142269921338,1.3814319884297876,-0.867971581508999,0.6287605174520601,2.5049009336123684,0.062122892130807905,3.892082644665754e-06,0.032896
5.7663984298706055,3.296813914030699,1.3877378620010736,-0.7866846074551395,0.6450828431500446,2.4101344473236352,-0.03264359415792528,-2.0451650257050114e-06,0.032896
5.799201011657715,3.296005456100332,1.3773897618950826,-0.740977753839905,0.5614589574280364,2.4668619048531997,0.024083863371639147,1.508886393245886e-06,0.033054
5.830172538757324,3.3024731197422854,1.3714072667860637,-0.6194307277739214,0.4479717397405431,2.499204773080179,0.05642673159861866,3.5352105353975293e-06,0.033054
5.856213808059692,3.2994009794556254,1.3672033514196822,-0.5768851188675373,0.32991682518533916,2.735361910761845,0.2925838692802847,1.833077245240192e-05,0.033054
5.882863998413086,3.293903465514615,1.368658552881876,-0.6232225847467626,0.2606447218040063,2.9940621223369024,0.5512840808553419,3.4538688232023306e-05,0.033054
5.911072492599487,3.2929333160297025,1.3817553665563926,-0.6690916442926295,0.33245128543119185,2.8245552994590866,0.38177725797752604,2.3918858072055528e-05,0.033054
5.9365386962890625,3.286789036195821,1.3822404337473644,-0.786274594415963,0.38717132591165615,2.7941720067157476,0.3513939652341871,2.2015303966346012e-05,0.033054
5.964109420776367,3.2918014749768885,1.3602507223687184,-0.7988996898843662,0.22349514998163533,3.1227100426881136,0.6799320012065531,4.2598653260969225e-05,0.033054
5.993187427520752,3.2927716244498773,1.3791683415594396,-0.7943044234469502,0.28268420699925384,3.0013219299628022,0.5585438884812417,3.499352493223489e-05,0.033054
6.020129919052124,3.296975605617625,1.377874829074571,-0.7328787911553879,0.31223535795844654,2.9138837839604155,0.47110574247885495,2.951540762531591e-05,0.033054
6.047830104827881,3.292124858133416,1.3780365181346836,-0.7570450165292598,0.3344063122444622,2.8788876793488494,0.43610963786728885,2.7322854659449793e-05,0.033206
6.084677696228027,3.3000477458232305,1.3825638118753887,-0.6642598980955121,0.39151014198175826,2.676253794627361,0.23347575314580027,1.4627569573799514e-05,0.033206
6.115520000457764,3.2977840635565183,1.3794917196820735,-0.6306535950688771,0.4032649986506419,2.606877800638528,0.16409975915696728,1.0281070354287712e-05,0.033206
6.145877838134766,3.293256699190204,1.377874829074571,-0.669815740390371,0.39664191211441685,2.671142537084103,0.22836449560254257,1.4307342422516186e-05,0.033206
6.171856164932251,3.306192026542556,1.3796534087436032,-0.5181247840970763,0.4083423863711088,2.3846281346574525,-0.05814990682410803,-3.6431697780986467e-06,0.033206
6.207182168960571,3.2977840635565183,1.3817553665563926,-0.5283590152699721,0.4358396506281582,2.3422947363880513,-0.10048330509350922,-6.295414048167804e-06,0.033206
6.234175443649292,3.2924482412910794,1.3739942916743242,-0.609403562320997,0.3838006021385418,2.625062587147979,0.18228454566641838,1.1420371657603675e-05,0.033206
6.268451929092407,3.3015029701669816,1.3728624682812611,-0.5407616283926656,0.3369772281483586,2.651804500061337,0.20902645857977653,1.3095788425324125e-05,0.033206
6.294488906860352,3.296005456100332,1.360735789503379,-0.5688316684961734,0.19281472697153668,-3.044861391786484,0.7955458739115411,4.98420176956158e-05,0.033364
6.326514482498169,3.291316400244226,1.3663949061678375,-0.6534060583201261,0.14388117362158528,-2.9269201340692867,0.9134871316287385,5.723119592776559e-05,0.033364
6.3577799797058105,3.2927716244498773,1.3760962494226752,-0.6924588813519821,0.19873659991942816,-3.0925997950192556,0.7478074706787696,4.6851142603788217e-05,0.033364
6.386359691619873,3.288729335046483,1.3833722571979339,-0.7757659951466407,0.3039670866290822,2.953933701238055,0.5111556597564944,3.202458874374128e-05,0.033364
6.41477632522583,3.2901845592112773,1.3773897618950826,-0.8139317255236878,0.3226779278633614,2.931669552452455,0.48889151097089467,3.062970991382095e-05,0.033364
6.449424982070923,3.2864656530580127,1.3843423915896753,-0.8921402620912386,0.3996369081627085,2.8332741702190383,0.39049612873747774,2.4465107037645186e-05,0.033364
6.478445053100586,3.2890527181922296,1.3890313745552563,-0.9110653507406713,0.49657750623730235,2.7000857993676117,0.2573077578860512,1.612067668545511e-05,0.033364
6.5098631381988525,3.2848487373859747,1.3974392063799441,-0.9825218535753363,0.6416636592670034,2.571381759852096,0.12860371837053552,8.05719571547794e-06,0.033364
6.536005258560181,3.2871124193347634,1.3811086103037504,-1.0011981300846473,0.5932239470849558,2.6371543426222206,0.19437630114066007,1.2177936381501958e-05,0.033523
6.568066358566284,3.2955203813455207,1.3921034669079906,-0.8978536365668283,0.6603062590944034,2.4861480027241782,0.043369961242617716,2.717186332806099e-06,0.033523
6.595075368881226,3.288729335046483,1.3840190134585266,-0.9195423237970166,0.633006442694931,2.5344278812550423,0.09164983977348173,5.74198557944901e-06,0.033523
6.625479698181152,3.2903462507865617,1.3887079964158562,-0.9123363500838562,0.6569658830045616,2.501793196758788,0.05901515527722756,3.6973787560164714e-06,0.033523
6.6541361808776855,3.2966522224440573,1.3759345603642612,-0.8199787511098949,0.5564107478885223,2.5447779750087642,0.10199993352720371,6.390432856898725e-06,0.033523
6.686683893203735,3.2901845592112773,1.3841807025240298,-0.8448806546979596,0.5617647335149133,2.5602958905741326,0.11751784909257212,7.36265111303183e-06,0.033523
6.715842247009277,3.2914780918214963,1.3845040806554627,-0.8444015431387756,0.568482820785508,2.5507941004205787,0.10801605893901822,6.767351195699695e-06,0.033523
6.744483232498169,3.290669633937981,1.3744793588448996,-0.8552601926210779,0.4811062670027735,2.6860423746568864,0.24326433317532592,1.5240837262119922e-05,0.033523
6.778564214706421,3.2977840635565183,1.3857975931868802,-0.7643538012367854,0.5239030836077155,2.536082817567772,0.09330477608621157,5.845669562597127e-06,0.033523
6.805938482284546,3.30231142814569,1.3665565952179248,-0.6380327667419008,0.3771281717894121,2.6800442363564536,0.2372661948748931,1.4865045840009967e-05,0.033523
6.833890438079834,3.2958437645151104,1.3798150978052746,-0.6391602709733374,0.3961679167725085,2.632648158050616,0.18987011656905528,1.1895617864716325e-05,0.033682
6.860557317733765,3.3003711290087394,1.3717306448951192,-0.5772629647323797,0.33523830840824964,2.71947362629574,0.27669558481417944,1.7335350087103288e-05,0.033682
6.886929035186768,3.296328839271626,1.3691436200384772,-0.5899049926567972,0.2688252056857803,2.977119737982617,0.5343416965010563,3.347722509270707e-05,0.033682
6.9172139167785645,3.285010428951903,1.373347535448869,-0.7554707975510733,0.26094989635825544,3.0600466321108275,0.617268590629267,3.867270640952717e-05,0.033682
6.943981170654297,3.289376101339111,1.3710838886775727,-0.8109191146234105,0.23464509987030072,3.1248851827093582,0.6821071412277977,4.273492870527047e-05,0.033682
6.974046230316162,3.28824426032999,1.3578253867143508,-0.8654045747923543,0.09444956480557216,-2.8960183440328824,0.9443889216651433,5.916723458540805e-05,0.033682
7.003201484680176,3.2859805783534264,1.3746410479020408,-0.9348876727701603,0.15076813640411368,-3.015299690721326,0.8251075749766996,5.1694097979003664e-05,0.033682
7.034144878387451,3.2864656530580127,1.3620293018686502,-0.9768094251637693,0.07434955060518282,-2.9073861630398583,0.9330211026581674,5.845502545368266e-05,0.033682
7.062244176864624,3.2848487373859747,1.3864443494560015,-1.0285427056714926,0.2451139768510969,3.1138185063848436,0.6710404649032826,4.204158656714071e-05,0.03384
7.089579105377197,3.2762790847968457,1.3869294166593362,-1.1834126807929428,0.369104521278232,2.9730947306792466,0.5303166891976856,3.322505297816488e-05,0.03384
7.116149663925171,3.2930950076098116,1.3833722571979339,-1.0589859059630673,0.4232246315802442,2.87282286408958,0.43004482260801913,2.694288583629834e-05,0.03384
7.142362594604492,3.281453214566892,1.3912950215470175,-1.1330811540020624,0.5338809946132861,2.7697037110937157,0.32692566961215475,2.048233237618665e-05,0.03384
7.17151951789856,3.2799979905397887,1.396307382842585,-1.2050970750020988,0.6573800597573481,2.6769464367190783,0.2341683952375173,1.4670964531305042e-05,0.03384
7.1972880363464355,3.275955701695832,1.3870911057273991,-1.3114783496284328,0.6591759280002242,2.720637705514638,0.2778596640330768,1.7408281213930845e-05,0.03384
7.22442626953125,3.2795129158691805,1.368981930986136,-1.3366915276609423,0.49409639085695756,2.8789779180478487,0.4361998765662878,2.7328508235164067e-05,0.03384
7.255042314529419,3.267386049930619,1.400187920714155,-1.5222511338475666,0.6651744078172631,2.7850535766190165,0.34227553513745557,2.1444022071559817e-05,0.03384
7.282645225524902,3.2725601792034293,1.3961456937663914,-1.5805010980680596,0.7478003002378365,2.742112458863346,0.2993344173817851,1.8753703359297056e-05,0.03384
7.309741735458374,3.268679582221735,1.3997028534756988,-1.6750073934800704,0.8383116980062829,2.7099601087883127,0.26718206730675176,1.673931543529704e-05,0.03384
7.335822105407715,3.259463165041119,1.4022898787623705,-1.8687736773428554,0.9254320572615966,2.7111245108274735,0.26834646934591255,1.681226678724776e-05,0.03384
7.364781856536865,3.265445751527784,1.4076256185321545,-1.9215742976351313,1.0354262202419178,2.66663910955874,0.22386106807717887,1.4025196638381229e-05,0.034001
7.392975568771362,3.27401540311349,1.4095658875781611,-1.8398780669672463,1.130243920685219,2.5959908359827475,0.15321279450118652,9.598987393619494e-06,0.034001
7.419034719467163,3.260918388745638,1.4085957530525677,-1.9640339058777054,1.1877054177931987,2.604237997577033,0.16145995609547192,1.0115683146310534e-05,0.034001
7.450448036193848,3.269649731451919,1.4144165602839287,-1.9300475290433978,1.2813938256973807,2.551982305973234,0.10920426449167309,6.841793869747223e-06,0.034001
7.478437662124634,3.2555825686071507,1.4089191312271898,-2.1010330851109362,1.2964806490305372,2.5928037693896973,0.15002572790813629,9.399313390224966e-06,0.034001
7.5065460205078125,3.252187046860264,1.4170035857801004,-2.2677378712834884,1.381298870305225,2.5994250359650937,0.1566469944835327,9.814144635839587e-06,0.034001
7.53321385383606,3.2562293346682294,1.4087574421398068,-2.3284611060224716,1.3649290313909492,2.6196336161389397,0.17685557465737878,1.1080239330889322e-05,0.034001
7.565083026885986,3.263505453165536,1.4022898787623705,-2.2702211561590686,1.294064190630867,2.6346689710375126,0.19189092955595166,1.202222451300072e-05,0.034001
7.593738555908203,3.268194507610451,1.4022898787623705,-2.164527849042759,1.2444588020988088,2.630761755954914,0.18798371447335294,1.1777432239325855e-05,0.03415
7.619488477706909,3.2618885378946514,1.3987327190026535,-2.177855924551075,1.1770617565893007,2.663270411523489,0.2204923700419279,1.3814143181138566e-05,0.03415
7.647670030593872,3.2575228668038836,1.3883846182770259,-2.2476333058098357,1.0348343053305573,2.7422264338405684,0.29944839235900744,1.8760844044728105e-05,0.03415
7.6789069175720215,3.2643139108115418,1.3911333324752508,-2.2024476717250665,0.9605226175168724,2.7685425560733132,0.32576451459175226,2.040958445432302e-05,0.03415
7.708276271820068,3.265284059996047,1.3764196275399279,-2.1573848985947914,0.7733559078479963,2.855061457669588,0.4122834161880271,2.583010986433384e-05,0.03415
7.739396572113037,3.2630203785813134,1.3872527947956044,-2.157184225483994,0.7418441703525974,2.8716898833096005,0.42891184182803954,2.6871903068445017e-05,0.03415
7.766785144805908,3.2523487383692107,1.3866060385236376,-2.3048048649680504,0.7138453593579868,2.9057766108537404,0.4629985693721794,2.90074823394269e-05,0.03415
7.7932164669036865,3.2500850572695077,1.3877378620010736,-2.4394825763252905,0.7046422324841953,2.925281970165042,0.48250392868348113,3.02295193027678e-05,0.03415
7.819702863693237,3.2583313243978087,1.3909716434036266,-2.4195779384877407,0.7279030178040956,2.9121388265945036,0.46936078511294266,2.9406083702256304e-05,0.03415
7.852323532104492,3.252187046860264,1.3971158282256977,-2.490719268647282,0.8006212198220946,2.886560319043032,0.4437822775614708,2.7803555843316437e-05,0.03415
7.877901792526245,3.248468142231979,1.402774946007708,-2.5920107039474662,0.9035041689734684,2.8537665136679937,0.41098847218643275,2.574897988307336e-05,0.034302
7.908217191696167,3.2554208770925834,1.400187920714155,-2.5666461121981916,0.9517598524988167,2.829919779584039,0.387141738102478,2.4254949958248083e-05,0.034302
7.933498859405518,3.2617268463691125,1.3911333324752508,-2.4615775135661906,0.902370500534654,2.8368869387729583,0.3941088972913973,2.4691451840754104e-05,0.034302
7.965477705001831,3.2593014735198023,1.4006729879539008,-2.4216115661510127,0.955421730981093,2.8070367808185006,0.36425873933693964,2.2821299345753626e-05,0.034302
7.997382164001465,3.257199483768283,1.4009963661144478,-2.4227398643281353,0.9955278898931319,2.7892386436495546,0.3464606021679937,2.1706222143024975e-05,0.034302
8.024501085281372,3.2559059516371276,1.4019665005995294,-2.4414401104897854,1.0325130939617848,2.7759960618265827,0.3332180203450217,2.087655660241832e-05,0.034302
8.058053255081177,3.2570377922509044,1.4029366350897738,-2.4388586500586187,1.0673136296874812,2.760377420263414,0.31759937878185296,1.989802772721295e-05,0.034302
8.087830066680908,3.2559059516371276,1.4139314930075115,-2.4527232605011138,1.1926641272971101,2.7097695636571197,0.26699152217555877,1.6727377526859354e-05,0.034302
8.115209817886353,3.2630203785813134,1.4035833914194733,-2.3639210788184113,1.1853599483003336,2.695300198069816,0.25252215658825516,1.582085233541966e-05,0.034453
8.145821809768677,3.266415900724127,1.3992177862385318,-2.2547446492331726,1.1401480052842778,2.6921112826151763,0.24933324113361532,1.5621062498362878e-05,0.034453
8.171555757522583,3.2685178906843575,1.4081106857917136,-2.149216684265884,1.1901828304292192,2.644564886825612,0.201786845344051,1.2642216930785057e-05,0.034453
8.19752812385559,3.266415900724127,1.412314602095499,-2.1044515730463993,1.2638210788148905,2.5994088355535547,0.15663079407199376,9.81312965829388e-06,0.034453
8.223915815353394,3.257684558322106,1.3943671139376965,-2.1940114550515495,1.1505163336375972,2.67384327947408,0.2310652379925191,1.447654756128544e-05,0.034453
8.249877214431763,3.2662542091906985,1.3916183996909788,-2.1380467175119153,1.0459554835006304,2.711126904761309,0.26834886327974816,1.6812416770418447e-05,0.034453
8.275974988937378,3.2605950056982196,1.3785215853158719,-2.1772295708209484,0.8524658459755698,2.818797101543372,0.37601906006181096,2.3558099237371603e-05,0.034453
8.302282094955444,3.2610800802697697,1.3877378620010736,-2.197941153788458,0.8016765731164994,2.849394107533712,0.40661606605215095,2.5475042765097022e-05,0.034453
8.333009481430054,3.258169632878461,1.3775514509547704,-2.252737747432577,0.6725597170152394,2.9266606294680972,0.48388258798653627,3.03158941601236e-05,0.034453
8.358889102935791,3.2544507280110855,1.3964690719189214,-2.342587870482436,0.7559403142023245,2.894025416114826,0.45124737463326525,2.827125420308851e-05,0.034612
8.388952493667603,3.2593014735198023,1.3916183996909788,-2.338318815992384,0.7697522698959409,2.886445944204361,0.4436679027228001,2.7796390106028494e-05,0.034612
8.416001558303833,3.249276599747235,1.3697903762492525,-2.4741363646142718,0.5789255729129399,2.9963361943059494,0.5535581528243885,3.4681161895754393e-05,0.034612
8.448161125183105,3.2555825686071507,1.397924273612387,-2.481895270010554,0.7037627522623126,2.9357568213755263,0.4929787798939653,3.0885782802476364e-05,0.034612
8.475113868713379,3.2491149082436226,1.3749644260167473,-2.5768786869297164,0.5802576648023168,3.0029379066308723,0.5601598651493114,3.5094768041308686e-05,0.034612
8.503831386566162,3.260918388745638,1.4021281896808782,-2.4799343398514346,0.7433090852078595,2.9162546098558235,0.47347656837426255,2.9663943052507718e-05,0.034612
8.53136420249939,3.2568761007338067,1.4150633166545055,-2.468043415301205,0.9762569885412374,2.8050118610401555,0.36223381955859457,2.269443540146812e-05,0.034612
8.55694317817688,3.248953216740291,1.4155483839339542,-2.5694211931320017,1.1437759676287167,2.748829784614837,0.3060517431332759,1.9174552841334902e-05,0.034612
8.583444833755493,3.2483064507297694,1.4084340639654724,-2.649340855570077,1.195692701791221,2.7413047485060207,0.2985267070244597,1.8703099220374427e-05,0.034612
8.609567403793335,3.251863663843212,1.4166802075910565,-2.6560309197464105,1.3077770093764176,2.698591210658848,0.25581316917728714,1.60270386950981e-05,0.034612
8.637567520141602,3.2539656534741304,1.4056853495068602,-2.6316095049719435,1.2852459005554535,2.7028533664669925,0.2600753249854315,1.629406848203736e-05,0.034612
8.663889646530151,3.254289036498486,1.3956606265386686,-2.610036905387168,1.1773948988755671,2.7421551532556276,0.2993771117740667,1.875637822032693e-05,0.03476
8.690779685974121,3.2544507280110855,1.406332105846325,-2.5926972810506492,1.199919018572678,2.7298812638767673,0.28710322239520636,1.798740256263505e-05,0.03476
8.716298341751099,3.2617268463691125,1.4150633166545055,-2.479813331762911,1.295883941896612,2.6686295395505133,0.22585149806895233,1.4149899751206232e-05,0.03476
8.744643211364746,3.2691646568355566,1.4068171731024326,-2.2978095421323492,1.2873167952271383,2.6310894589129883,0.18831141743142732,1.179796326986837e-05,0.03476
8.771321058273315,3.264798985402526,1.4163568294025908,-2.230854622532911,1.3689435769255822,2.5787317292528904,0.13595368777132943,8.51768117200529e-06,0.03476
8.800883054733276,3.2675477414660214,1.4060087276763051,-2.145926495315056,1.3310327955211392,2.5717179732844353,0.12893993180287433,8.07825993866565e-06,0.03476
8.827230453491211,3.26673928379183,1.406332105846325,-2.097670830937981,1.3074655462245832,2.5683395279122494,0.12556148643068843,7.866595797669949e-06,0.03476
8.858041048049927,3.2643139108115418,1.3898398199062498,-2.0974739393147823,1.1394832964167727,2.649304551763753,0.20652651028219182,1.2939163306179586e-05,0.03476
8.884804725646973,3.262696995526573,1.3720540230047396,-2.119724163651323,0.8585293712910068,2.8066341229349128,0.3638560814533518,2.2796072288437135e-05,0.03492
8.915337562561035,3.2623736124729596,1.3646163266261644,-2.139776930334672,0.5935447909829838,2.968201584868591,0.52542354338703,3.291849081992906e-05,0.03492
8.941350936889648,3.2565527177004556,1.3712455777317476,-2.23441083800667,0.46894667466766127,3.051515617870144,0.6087375763885832,3.813822690722635e-05,0.03492
8.971056461334229,3.260433314174932,1.3705988215158944,-2.2469232599424407,0.3757873990145164,3.107630100900143,0.6648520594185818,4.1653874650341306e-05,0.03492
8.998157262802124,3.2528338128977365,1.3683351747781802,-2.360905775335888,0.289783826407083,-3.1251918607465505,0.7152154049514747,4.480920590348282e-05,0.03492
9.024041175842285,3.2481447592278405,1.3665565952179248,-2.505618867592205,0.21324469174896862,-3.086721706892015,0.7536855588060103,4.72194127212785e-05,0.03492
9.054957628250122,3.259786548084598,1.3783598962553343,-2.4457240997138956,0.26808314313091536,-3.114366186810533,0.7260410788874925,4.548744891822311e-05,0.03492
9.081760883331299,3.2555825686071507,1.3838573243931653,-2.4620066845802846,0.35696511285768595,3.121163071376399,0.6783850298948391,4.250173343016934e-05,0.03492
9.109128713607788,3.25671440921699,1.3867677275914156,-2.4577328612969724,0.4459151677965442,3.0735492515410012,0.6307712100594411,3.951866365554607e-05,0.03492
9.141206502914429,3.2483064507297694,1.397600895457282,-2.5711590232855506,0.6076851711312752,2.9965023409623246,0.5537242994807645,3.469157120696915e-05,0.03492
9.168389320373535,3.257684558322106,1.4068171731024326,-2.5207066702189533,0.8055776556913953,2.893834748410196,0.451056706928636,2.8259308615260383e-05,0.035078
9.197983741760254,3.2589780904780126,1.4132847366409758,-2.4674795852919713,1.0035083498833786,2.7904252024858534,0.34764716100429327,2.1780561648080733e-05,0.035078
9.226044654846191,3.2586547074373478,1.412314602095499,-2.434698235311547,1.1331489424328047,2.7238612003023013,0.2810831588207412,1.7610237492653696e-05,0.035078
9.254238367080688,3.2675477414660214,1.4194289222163636,-2.288617024260106,1.2892439098158035,2.6193654603066645,0.17658741882510443,1.1063439007770699e-05,0.035078
9.286420583724976,3.264637293871916,1.4181354094463072,-2.2266586648989044,1.3866291954112533,2.559597619598746,0.11681957811718613,7.318903498402891e-06,0.035078
9.313863515853882,3.2630203785813134,1.4166802075910565,-2.2056758618968626,1.4414325549104376,2.5300500504456744,0.08727200896411436,5.467708598291336e-06,0.035078
9.347779273986816,3.2605950056982196,1.3974392063799441,-2.2245699718904115,1.3030621933381947,2.5962608740550297,0.15348283257346962,9.615905641603167e-06,0.035078
9.375412225723267,3.262696995526573,1.4006729879539008,-2.2086913864542677,1.2359059159435688,2.62321475273898,0.1804367112574199,1.1304602349595033e-05,0.035078
9.403218507766724,3.26673928379183,1.4047152150019733,-2.141606254735433,1.2260252421403208,2.609190358930054,0.16641231744849394,1.0425955237822701e-05,0.035237
9.432685375213623,3.268679582221735,1.3988944080811365,-2.0677810031472297,1.1656434134016849,2.6179534112842506,0.17517536980269055,1.0974972239643064e-05,0.035237
9.458319187164307,3.2623736124729596,1.3864443494560015,-2.103416717981792,1.0090196808086545,2.7130003714218076,0.27022232994024753,1.692979197341666e-05,0.035237
9.48843002319336,3.263828836223093,1.3756111822478574,-2.1082124748282487,0.799878109157311,2.837883589873191,0.3951055483916308,2.475389337103312e-05,0.035237
9.51568341255188,3.263505453165536,1.3594422771470902,-2.1160471143231123,0.50496415590569,3.0299255969565895,0.5871475554750294,3.67855830940781e-05,0.035237
9.541725158691406,3.2593014735198023,1.385474215053173,-2.179740286680821,0.5376333084867466,3.013567745410081,0.5707897039285208,3.576074172040014e-05,0.035237
9.569158554077148,3.2580079413593945,1.3864443494560015,-2.242235945173921,0.5694126073681929,2.9989822848967704,0.5562042434152104,3.484694302589022e-05,0.035237
9.596340894699097,3.2568761007338067,1.3788449634373723,-2.3016545390269414,0.5218561299237517,3.0323580691752112,0.5895800276936511,3.693798074623175e-05,0.035237
9.62609338760376,3.25671440921699,1.412637980276748,-2.345486359409624,0.7989626862507563,2.8775262139756492,0.43474817249408915,2.7237557024896877e-05,0.035237
9.65279483795166,3.260271622651926,1.4060087276763051,-2.3269149296957576,0.9320461720487605,2.8022838867106707,0.35950584522911067,2.2523524145106753e-05,0.035388
9.679775953292847,3.2458810782302914,1.4064937949315506,-2.5131685379481015,1.0296600586391695,2.7870903027177842,0.34431226123622416,2.1571625697679853e-05,0.035388
9.707415103912354,3.2523487383692107,1.4034217023368332,-2.5539938836929257,1.0697719514182706,2.7755214195299907,0.33274337804843057,2.084681962492705e-05,0.035388
9.742290735244751,3.2481447592278405,1.4115061566449005,-2.6407805434421188,1.1721077190561855,2.745399681093592,0.30262163961203203,1.8959652247905845e-05,0.035388
9.77324390411377,3.2631820701091057,1.418297098542058,-2.493322372039584,1.3061190108214504,2.657674774067353,0.2148967325857929,1.3463568977622627e-05,0.035388
9.801700592041016,3.251863663843212,1.4158717621209755,-2.5468179812750713,1.3776496810675818,2.6396953217363497,0.1969172802547896,1.2337132136421702e-05,0.035388
9.830926895141602,3.259948239606759,1.4225010150823771,-2.4723246745323744,1.488612257186254,2.577024895625072,0.134246854143512,8.410745752350775e-06,0.035388
9.866624593734741,3.2633437616371803,1.4113444675552131,-2.373164458961318,1.463810784207534,2.561166303420172,0.11838826193861207,7.417183647103697e-06,0.035388
9.8934326171875,3.2593014735198023,1.418297098542058,-2.359722427927581,1.5103111564273917,2.5384356200328813,0.09565757855132118,5.993075797669023e-06,0.035388
9.924316167831421,3.2625353039996257,1.4121529130050912,-2.3055369105061296,1.4864257581207567,2.532826847109008,0.09004880562744777,5.641678639453765e-06,0.035388
9.954691648483276,3.249923365764492,1.4132847366409758,-2.442233812724123,1.4801020215839302,2.5729295565484214,0.1301515150668613,8.15416725773254e-06,0.035544
9.985530853271484,3.257199483768283,1.4118295348247076,-2.4371754369293024,1.4623090659485916,2.578881781980733,0.13610374049917295,8.527082176977737e-06,0.035544
10.015471935272217,3.2617268463691125,1.4094041984902024,-2.3709480408779577,1.4275767638095336,2.5758785584577093,0.13310051697614922,8.338926188885612e-06,0.035544
10.049103736877441,3.2575228668038836,1.3990560971597628,-2.3827977872386574,1.3082146273547677,2.6314779136318704,0.18869987215031037,1.182230047983631e-05,0.035544
10.078863382339478,3.259786548084598,1.404230147751469,-2.3597493434664125,1.2721858936399106,2.642181348360994,0.19940330687943408,1.2492885044054882e-05,0.035544
10.10498857498169,3.261565154843854,1.3895164417654249,-2.318988580256384,1.1118172421891097,2.710591881471064,0.26781383998950403,1.677889684256212e-05,0.035544
10.132114887237549,3.2538039619623738,1.3956606265386686,-2.3979186719444137,1.0559948380191257,2.756575367083283,0.313797325601723,1.96598239879968e-05,0.035544
10.158411979675293,3.2505701317862394,1.3898398199062498,-2.497945827618965,0.9634538006729552,2.822258530703449,0.3794804892218888,2.3774962424154853e-05,0.035544
10.183428764343262,3.2552591855782977,1.3927502231993374,-2.503039503418758,0.9254077515318456,2.842447297966548,0.39966925648498774,2.5039815813730642e-05,0.035544
10.209667921066284,3.2507318232923783,1.3912950215470175,-2.569291605113301,0.8854091785794072,2.8725718050636395,0.42979376358207944,2.692715665106355e-05,0.035696
10.238180160522461,3.2554208770925834,1.38919306362517,-2.550742743014282,0.8381032442336057,2.894169938425257,0.45139189694369675,2.828030871998082e-05,0.035696
10.264662027359009,3.252510429878438,1.3964690719189214,-2.5780570226587836,0.8718207832551789,2.880588492314426,0.43781045083286596,2.742941287652711e-05,0.035696
10.291678190231323,3.2580079413593945,1.4014814333563435,-2.5210576603584887,0.9414626728941763,2.8368547860098596,0.39407674452829955,2.4689437426953678e-05,0.035696
10.321233987808228,3.252510429878438,1.4022898787623705,-2.557277464799722,0.997637739683122,2.814644106672802,0.371866065191242,2.3297908529812588e-05,0.035696
10.349260330200195,3.246851227222509,1.408272374878521,-2.6609894859123613,1.0919107933681957,2.787323400855995,0.34454535937443476,2.1586229609170693e-05,0.035696
10.375831127166748,3.249761674259757,1.393558668566732,-2.6932894200267388,1.0227533901053198,2.8243919360792056,0.3816138945976455,2.3908623136852118e-05,0.035696
10.411860227584839,3.253642270450899,1.405523660422353,-2.662168064395267,1.084244218227033,2.790975433403884,0.3481973919223238,2.1815034354247014e-05,0.035696
10.440455675125122,3.2463661527251384,1.4045535259183282,-2.7411293189509705,1.118376904908014,2.788648863166053,0.345870821684493,2.166927160345315e-05,0.035845
10.467478036880493,3.252187046860264,1.3914567106189268,-2.7158052349715187,1.02197273466567,2.8282984288533624,0.3855203873718023,2.4153370156932785e-05,0.035845
10.494549036026001,3.257684558322106,1.4006729879539008,-2.621959018399131,1.0391432948727979,2.805366178003457,0.36258813652189703,2.2716633835190047e-05,0.035845
10.519572257995605,3.2591397819987664,1.4029366350897738,-2.536117424278013,1.0719547703251953,2.774160670330444,0.3313826288488837,2.0761566859615552e-05,0.035845
10.547699928283691,3.2588163989575394,1.398571029924314,-2.480505917869501,1.0548237855657654,2.7719909925794757,0.3292129510979156,2.0625633633884866e-05,0.035845
10.579004049301147,3.2677094330017056,1.3971158282256977,-2.3184435971038866,1.0294657572552588,2.7511550392958712,0.30837699781431116,1.9320233170728278e-05,0.035845
10.604939937591553,3.2660925176575515,1.3843423915896753,-2.22738802186023,0.8943883887370387,2.809845667708199,0.367067626226639,2.2997279882706228e-05,0.035845
10.633722066879272,3.2699731145309037,1.3930736013458669,-2.1099178002321186,0.8800322606474885,2.792461625544936,0.3496835840633761,2.1908146288357368e-05,0.035845
10.66383957862854,3.2677094330017056,1.390648265260806,-2.0590319147577105,0.8477057400816813,2.8020086929699635,0.3592306514884034,2.250628288757045e-05,0.035845
10.69042158126831,3.264152219281777,1.3911333324752508,-2.0726655028534293,0.8295326218426612,2.817916196911486,0.375138155429926,2.3502909378822427e-05,0.035996
10.71643328666687,3.269488039912849,1.381917055619908,-2.0083284519200992,0.732157964104093,2.8745227501381034,0.43174470865654335,2.704938598077712e-05,0.035996
10.741944313049316,3.2614034633188775,1.389678130835766,-2.0752327609724985,0.7352828402225818,2.885507817827044,0.4427297763454838,2.773761522825932e-05,0.035996
10.768977165222168,3.263990527752294,1.4018048115183241,-2.086244900064702,0.8488564103840666,2.807489352017594,0.364711310536034,2.284965353933756e-05,0.035996
10.795982360839844,3.2610800802697697,1.3760962494226752,-2.1342518842590814,0.6922192656531637,2.926847628370272,0.4840695868887117,3.032760989254951e-05,0.035996
10.826075553894043,3.259786548084598,1.401643122437262,-2.1857672113807234,0.8172267593784603,2.850291055135296,0.4075130136537357,2.5531237737249185e-05,0.035996
10.851869344711304,3.26673928379183,1.4061704167612432,-2.1255593321839377,0.9463161720807722,2.752039690311109,0.309261648829549,1.937565774522721e-05,0.035996
10.881697416305542,3.257199483768283,1.400187920714155,-2.215503300551183,0.98172825467393,2.7529540305657534,0.3101759890841933,1.9432942390457943e-05,0.035996
10.911094903945923,3.2534805789397043,1.4094041984902024,-2.32995658537007,1.0911701959172664,2.718392775607141,0.2756147341255808,1.7267633339503837e-05,0.035996
10.93822193145752,3.259786548084598,1.4084340639654724,-2.3227605021584177,1.1588686615932056,2.680224640667242,0.23744659918568178,1.4876348412426671e-05,0.036155
10.974541664123535,3.2534805789397043,1.4034217023368332,-2.4050366264951237,1.1602179734860907,2.700278659482166,0.2575006180006061,1.6132759630710247e-05,0.036155
11.00347900390625,3.2568761007338067,1.396954139148789,-2.4156150159517917,1.1017565400306213,2.733104276895122,0.29032623541356184,1.8189328657863513e-05,0.036155
11.038798093795776,3.2578462498406098,1.395984004690341,-2.409587060376421,1.0519226440262126,2.758303884719572,0.3155258432380119,1.9768117939911222e-05,0.036155
11.06957721710205,3.2670626668606606,1.3872527947956044,-2.277755616622479,0.9368408856773508,2.795308134722418,0.35253009324085793,2.208648391217937e-05,0.036155
11.10687518119812,3.2651223684645916,1.3709221996235388,-2.2123392649112295,0.7062836438349139,2.9325567197659588,0.4897786782843987,3.068529213778652e-05,0.036155
11.137040853500366,3.2614034633188775,1.3722157120597613,-2.2180403300662817,0.5567747630515323,3.0378905309859667,0.5951124895044066,3.728459691069778e-05,0.036155
11.163406372070312,3.256067643152538,1.3754494931898678,-2.2959116318404034,0.4818215181322405,3.0940604369357905,0.6512823954542304,4.0803716974192055e-05,0.036155
11.191564321517944,3.2505701317862394,1.383695635327946,-2.4265408995461475,0.5050968266971202,3.0834105049575684,0.6406324634760083,4.0136484429190294e-05,0.036313
11.219592094421387,3.2510552063054985,1.3833722571979339,-2.511264973315403,0.5184192453734633,3.078433614105047,0.6356555726234867,3.982467553158282e-05,0.036313
11.245641946792603,3.2517019723351077,1.3783598962553343,-2.5616166067330814,0.4817053306680629,3.1014861695784166,0.6587081280968565,4.12689490995966e-05,0.036313
11.272147178649902,3.2589780904780126,1.4024515678440062,-2.4961165408518586,0.6772927489371263,2.983187995703789,0.5404099542222287,3.385740959072115e-05,0.036313
11.298664331436157,3.2549358025505697,1.4030983241719837,-2.506236611971127,0.8201445369877768,2.901680184035908,0.458902142554348,2.875083569636248e-05,0.036313
11.325148582458496,3.2552591855782977,1.3998645425550411,-2.5088430524652696,0.8904378125224627,2.8625626069638486,0.4197845654822885,2.630006694427415e-05,0.036313
11.358663082122803,3.2625353039996257,1.406332105846325,-2.4099213476825057,0.9990490581255036,2.7834874170780366,0.3407093755964765,2.1345900072419994e-05,0.036313
11.385191679000854,3.2610800802697697,1.4073022403598343,-2.3608253975915585,1.083987823138972,2.724811354825116,0.28203331334355575,1.7669765949896322e-05,0.036313
11.418705940246582,3.2623736124729596,1.4150633166545055,-2.3085477940928345,1.2147321050930175,2.6398277092174998,0.19704966773593968,1.2345426389958228e-05,0.036313
11.444757223129272,3.2625353039996257,1.4090808203147167,-2.2697146668217885,1.251302593473874,2.6088608464489584,0.16608280496739836,1.0405310838232088e-05,0.036465
11.472123622894287,3.2570377922509044,1.4149016275616448,-2.3186508394910192,1.330367295412065,2.5836867377142,0.14090869623264002,8.828119108407722e-06,0.036465
11.499640464782715,3.2614034633188775,1.4140931820995064,-2.292458432272151,1.378286842211752,2.551964524706156,0.10918648322459612,6.840679849478419e-06,0.036465
11.525678634643555,3.264475602341588,1.3940437357888824,-2.2315864553799627,1.227672070523628,2.609664605663855,0.16688656418229497,1.0455667432773795e-05,0.036465
11.55277681350708,3.262696995526573,1.4142548711916454,-2.213602924896945,1.307885333698602,2.5609733765683185,0.11819533508675839,7.405096520667138e-06,0.036465
11.582966804504395,3.267871124537672,1.4161951403085746,-2.1293726970723754,1.3818564049296045,2.492461237699443,0.04968319621788275,3.1127189848788176e-06,0.036465
11.611374616622925,3.2612417717941833,1.4131230475497023,-2.162202537373711,1.405418325449319,2.493127132212675,0.05034909073111482,3.1544381706609525e-06,0.036465
11.638904809951782,3.260271622651926,1.4043918368348267,-2.1986162542706147,1.3417136311341902,2.5384918066640485,0.09571376518248842,5.996595965589856e-06,0.036465
11.66542387008667,3.263505453165536,1.4013197442755683,-2.179329759932783,1.2689025176051085,2.570230369330279,0.12745232784871874,7.98505955256782e-06,0.036465
11.69144868850708,3.2691646568355566,1.3987327190026535,-2.0874710418512636,1.1941723574437075,2.5794881377133425,0.13671009623178243,8.565071178172557e-06,0.036465
11.718761682510376,3.266900975326104,1.3862826603885077,-2.054513208586056,1.0275047929556815,2.6738337087628303,0.23105566728127025,1.4475947943368903e-05,0.036616
11.749091148376465,3.2580079413593945,1.3870911057273991,-2.1545769905075898,0.9182632412390588,2.7792496787904493,0.3364716373088892,2.1080400075944868e-05,0.036616
11.774299383163452,3.267871124537672,1.3833722571979339,-2.088054542999851,0.8076357355528263,2.842985865775461,0.4002078242939011,2.507355781044312e-05,0.036616
11.801563262939453,3.268194507610451,1.3762579384812308,-2.0370112198313066,0.6648499418715785,2.947251476248941,0.5044734347673807,3.1605938371618906e-05,0.036616
11.828916311264038,3.269488039912849,1.380461854053378,-1.9833704538046157,0.6035137503586677,2.992508570324781,0.549730528843221,3.444135611150276e-05,0.036616
11.855428218841553,3.2580079413593945,1.3775514509547704,-2.1047770621605792,0.5338457410847559,3.0642999730328153,0.6215219315512552,3.893918393200729e-05,0.036616
11.883960008621216,3.262696995526573,1.3775514509547704,-2.124836349643389,0.485078134593021,3.105209826673403,0.6624317851918429,4.150224121876527e-05,0.036616
11.912022590637207,3.2657691345921043,1.388222929207824,-2.096340558449486,0.5489606212350845,3.051113531072372,0.6083354895908117,3.8113035629203424e-05,0.036616
11.940047264099121,3.2633437616371803,1.3769046947168682,-2.1099755777033082,0.48971795626330217,3.1010285979450787,0.6582505564635186,4.1240281622089986e-05,0.036616
11.968846559524536,3.2625353039996257,1.3956606265386686,-2.1307141153491345,0.6205253378710652,2.9959106921252667,0.5531326506437066,3.465450361253712e-05,0.036768
12.000178575515747,3.2631820701091057,1.3911333324752508,-2.1362758723745014,0.6705063402952294,2.9569503431656146,0.5141723016840545,3.22135854129032e-05,0.036768
12.026699304580688,3.2591397819987664,1.3946904920870822,-2.1961392220607845,0.7381663141708519,2.9148399205902713,0.4720618791087112,2.9575310869600753e-05,0.036768
12.061225414276123,3.264637293871916,1.3958223156144334,-2.161924203359363,0.7959243371647018,2.86551232063365,0.42273427915209005,2.6484870468179544e-05,0.036768
12.09284257888794,3.2607566972217876,1.4056853495068602,-2.191705006135132,0.9269490300072567,2.7789519242996232,0.33617388281806315,2.106174535710668e-05,0.036768
12.125340223312378,3.261565154843854,1.4069788621880894,-2.2013575441244853,1.0305475057538012,2.712656232498604,0.2698781910170438,1.690823120757957e-05,0.036768
12.151922702789307,3.2630203785813134,1.4098892657545108,-2.187965077354753,1.1297991182882243,2.646053412247319,0.20327537076575908,1.2735475048062903e-05,0.036768
12.184973001480103,3.2517019723351077,1.396630760995401,-2.33530667956062,1.0774930438583337,2.721199585666978,0.27842154418541787,1.744348376027566e-05,0.036768
12.221923351287842,3.2570377922509044,1.3953372483875683,-2.364565248408201,1.0289976016748137,2.75745180916974,0.3146737676881801,1.971473426208017e-05,0.03692
12.249019622802734,3.2570377922509044,1.3980859626901538,-2.38504624660152,1.0202983211723666,2.767518505153316,0.3247404636717559,2.034542628852836e-05,0.03692
12.27471923828125,3.255097494064293,1.402774946007708,-2.4262486013531572,1.0572781399186602,2.7555080739744517,0.31273003249289166,1.9592956640982317e-05,0.03692
12.301976442337036,3.259624856562718,1.4047152150019733,-2.392403718102232,1.1009857989228895,2.7221319116889635,0.27935387020740343,1.750189523799147e-05,0.03692
12.327821731567383,3.250246748774804,1.4019665005995294,-2.4985629689931894,1.1063336302826126,2.744804256497884,0.302026215016324,1.892234809712222e-05,0.03692
12.353830337524414,3.2583313243978087,1.4111827784656699,-2.4609342133552743,1.1947305964900696,2.687943115966385,0.24516507448482505,1.5359921258517318e-05,0.03692
12.37946605682373,3.2515402808272844,1.4173269639697224,-2.5286238793220166,1.3130441313935013,2.6453631566731324,0.2025851151915723,1.2692229609086569e-05,0.03692
12.40879511833191,3.2580079413593945,1.4152250057475106,-2.486454460022752,1.376556669787901,2.6029931964722377,0.16021515499067762,1.0037694684893942e-05,0.03692
12.434979915618896,3.253642270450899,1.4085957530525677,-2.5173835923924597,1.360124342165076,2.619576318151369,0.17679827666980907,1.1076649534996935e-05,0.03692
12.462640285491943,3.252187046860264,1.4158717621209755,-2.5591832263805694,1.4154534130081189,2.6050571893411885,0.16227914785962838,1.0167006610794658e-05,0.037078
12.49169397354126,3.2605950056982196,1.4087574421398068,-2.472025127029006,1.3888372112829825,2.592849807797396,0.15007176631583574,9.402197758312946e-06,0.037078
12.523396968841553,3.2617268463691125,1.406332105846325,-2.3953428239477645,1.3479286372578694,2.5898259721700687,0.14704793068850863,9.212750394196983e-06,0.037078
12.557339429855347,3.259463165041119,1.398571029924314,-2.373008478670229,1.2480054924186355,2.6353599191633075,0.1925818776817474,1.206551334126569e-05,0.037078
12.584831953048706,3.2628586870538023,1.4056853495068602,-2.310359536370414,1.2434058386850089,2.618380452811608,0.17560241133004784,1.1001726964997433e-05,0.037078
12.619341373443604,3.263505453165536,1.3875761729324414,-2.2575500574026406,1.0738494193202632,2.7031062767811096,0.2603282352995495,1.630991365296345e-05,0.037078
12.650871753692627,3.2589780904780126,1.3938820467146895,-2.28326995632055,1.0130807257556702,2.749561230389775,0.3067831889082151,1.9220378901721155e-05,0.037078
12.678422689437866,3.2570377922509044,1.3925885341262867,-2.32813954214015,0.9586614503563208,2.7964284603815557,0.3536504188999956,2.2156673819711717e-05,0.037078
12.707438707351685,3.2531571959181584,1.3832105681331408,-2.413279563686093,0.8344293332773283,2.8949259641172986,0.45214792263573855,2.8327674745192935e-05,0.03723
12.74146819114685,3.2591397819987664,1.388869685485485,-2.3900418059788926,0.7994470551142353,2.914436732844022,0.4716586913624621,2.9550050615676743e-05,0.03723
12.768134593963623,3.2481447592278405,1.3909716434036266,-2.5260140890422975,0.7942663936451255,2.937060148790634,0.49428210730907374,3.096743801585535e-05,0.03723
12.80466628074646,3.242970631314193,1.3940437357888824,-2.69283642847768,0.8188577565269879,2.942688384828314,0.499910343346754,3.1320054564296344e-05,0.03723
12.834956169128418,3.2463661527251384,1.3948521811619894,-2.762597173808643,0.84349745428356,2.936965081797362,0.49418704031580196,3.09614819410188e-05,0.03723
12.86584758758545,3.2426472483291198,1.3848274587874643,-2.8629221965128564,0.7686660226609023,2.986446525157587,0.543668483676027,3.406156083834105e-05,0.03723
12.895610332489014,3.2457193867325698,1.4024515678440062,-2.8906124291412185,0.8781652333321186,2.9327732408955005,0.48999519941394043,3.0698857477415566e-05,0.03723
12.927122831344604,3.2439407802761355,1.4194289222163636,-2.9346224403576247,1.1107553134453272,2.825288297850098,0.38251025636853786,2.396478140592443e-05,0.03723
12.953258514404297,3.247012918722194,1.4216925695862515,-2.9228921643545465,1.2943604549814534,2.7397619655243646,0.2969839240428045,1.86064417940791e-05,0.03723
12.987279653549194,3.2547741110371273,1.4275133772392896,-2.807218353061845,1.4763494178585328,2.636159942356547,0.19338190087498708,1.2115635869031813e-05,0.03723
13.019331693649292,3.2529955044078074,1.430100402923278,-2.750873535927313,1.6275040763393325,2.559492938208866,0.11671489672730573,7.312345068703335e-06,0.037388
13.049349069595337,3.254612419523966,1.4229860823817917,-2.6890441177977196,1.6679657808139896,2.526426296700564,0.08364825521900388,5.240675558197367e-06,0.037388
13.076908826828003,3.260918388745638,1.4089191312271898,-2.558450141459041,1.5670810176121668,2.530160101802443,0.0873820603208828,5.474603463630163e-06,0.037388
13.108920335769653,3.2620502294204727,1.3974392063799441,-2.4513627244322307,1.3910161172294058,2.579080947796,0.1363029063144401,8.539560182853247e-06,0.037388
13.136558532714844,3.2607566972217876,1.3937203576406394,-2.3943119708861267,1.233612265549456,2.645027081144398,0.20224903966283803,1.2671174025744935e-05,0.037388
13.16914439201355,3.2534805789397043,1.3954989374630469,-2.4551226546045326,1.1397662056143256,2.7161653724552512,0.27338733097369117,1.7128083539860104e-05,0.037388
13.204239130020142,3.2515402808272844,1.4014814333563435,-2.5245557881964937,1.1290244685455837,2.7398291626593037,0.29705112117774357,1.861065178485218e-05,0.037388
13.231750726699829,3.257199483768283,1.3883846182770259,-2.4948008197599743,1.0012082036999528,2.808378370093357,0.36560032861179703,2.2905351716044877e-05,0.037388
13.260977029800415,3.2515402808272844,1.3971158282256977,-2.5523305038053086,0.9919348499491918,2.8256593339670655,0.3828812924855054,2.398802731708312e-05,0.03754
13.28799819946289,3.257199483768283,1.4032600132543365,-2.5142431206861304,1.041879156515094,2.7879551479351705,0.34517710645361044,2.1625809412337302e-05,0.03754
13.314018726348877,3.249438291251128,1.4066554840169196,-2.595044573393278,1.1080282966121773,2.7675410698137064,0.3247630283321463,2.0346839994814016e-05,0.03754
13.34254765510559,3.260918388745638,1.4121529130050912,-2.4926504603759336,1.204827756250108,2.68830199435847,0.24552395287690976,1.538240547188004e-05,0.03754
13.369080305099487,3.2588163989575394,1.4170035857801004,-2.4500790431380395,1.3171418453589272,2.6145397504326726,0.17176170895111254,1.0761101801556799e-05,0.03754
13.394891738891602,3.262211920946575,1.4077873076185305,-2.3732641507933874,1.3111082207658706,2.5929863080443223,0.1502082665627622,9.410749682150239e-06,0.03754
13.423599243164062,3.2555825686071507,1.4142548711916454,-2.4112847203359227,1.3662906388681715,2.5760466649134512,0.13326862343189116,8.349458284163337e-06,0.03754
13.449710130691528,3.2617268463691125,1.4090808203147167,-2.352824539262606,1.3573935671164796,2.560700625739412,0.11792258425785196,7.388008314836836e-06,0.03754
13.47545599937439,3.2547741110371273,1.4066554840169196,-2.4081710154974827,1.3288883840331451,2.59500325459608,0.15222521311451986,9.537114093079225e-06,0.03754
13.50413990020752,3.2625353039996257,1.4040684586682546,-2.339450921805061,1.2851723744879848,2.5960913371728584,0.15331329569129837,9.605283928188085e-06,0.03769
13.532221555709839,3.2685178906843575,1.3940437357888824,-2.208511075066208,1.1624919431169929,2.6241255081101795,0.18134746662861945,1.1361662397062206e-05,0.03769
13.559755563735962,3.266900975326104,1.3974392063799441,-2.139241231836501,1.1078037650827839,2.634925546574326,0.19214750509276612,1.203829931505241e-05,0.03769
13.58538293838501,3.2749855523995746,1.3841807025240298,-1.9788120902307862,0.9477398455508985,2.696486090077849,0.2537080485962888,1.5895150062788773e-05,0.03769
13.612395763397217,3.264475602341588,1.3937203576406394,-2.0120340159510097,0.923318875374505,2.7318641212279346,0.28908607974637457,1.811163123935344e-05,0.03769
13.642964363098145,3.2709432637746323,1.3903248871185558,-1.9457371660047322,0.8750360729591108,2.750769477214624,0.30799143573306376,1.929607718839403e-05,0.03769
13.67353892326355,3.2630203785813134,1.3967924500720235,-2.009030812670932,0.9006440608941949,2.7511989728406263,0.30842093135906623,1.9322985666325227e-05,0.03769
13.703564882278442,3.258169632878461,1.3930736013458669,-2.120500508650309,0.884411231157504,2.8030378197494707,0.36025977826791067,2.2570759062782108e-05,0.03769
13.733622789382935,3.2591397819987664,1.4008346770341025,-2.185096467453858,0.9443353912161944,2.7735023493840147,0.33072430790245466,2.0720322167967564e-05,0.03784
13.76384949684143,3.264637293871916,1.4043918368348267,-2.1541942751345227,1.0189555771710035,2.7053656490591997,0.26258760757763966,1.6451466361309307e-05,0.03784
13.789376258850098,3.2568761007338067,1.400187920714155,-2.240025369999371,1.0325758382370913,2.7242420216657566,0.2814639801841965,1.7634096462649833e-05,0.03784
13.819169044494629,3.2680328160739203,1.4047152150019733,-2.1456296036894833,1.0836941877457893,2.653485840582186,0.21070779910062587,1.3201126667580971e-05,0.03784
13.846079349517822,3.2580079413593945,1.4081106857917136,-2.2183584670799807,1.1506651581522787,2.634156198065007,0.19137815658344692,1.1990098597440686e-05,0.03784
13.872621536254883,3.264475602341588,1.4121529130050912,-2.1797164797454336,1.2346735593281775,2.563359595401359,0.12058155391979897,7.554596336079724e-06,0.03784
13.898857355117798,3.2636671446941734,1.4079489967050502,-2.1638611129159053,1.254865569401483,2.5436673169563075,0.10088927547474746,6.320848637911931e-06,0.03784
13.93097186088562,3.267386049930619,1.4149016275616448,-2.101269843526041,1.3328613785613845,2.4664394228000117,0.023661381318451635,1.4824173250732144e-06,0.03784
13.95912790298462,3.25121689781248,1.4176503421599227,-2.281336429551951,1.4127059767153307,2.5003539093807747,0.05757586789921465,3.6072054683199628e-06,0.03784
13.985973596572876,3.2589780904780126,1.3933969794929677,-2.2999204168250755,1.2458248697083292,2.603957909031258,0.16117986754969804,1.0098135222661379e-05,0.03799
14.021519422531128,3.2657691345921043,1.3908099543321453,-2.2188994054766686,1.1052457151419792,2.666965071373124,0.22418702989156403,1.4045618583932651e-05,0.03799
14.052643537521362,3.260433314174932,1.402774946007708,-2.2360652571714357,1.1167413156973864,2.6651009183665155,0.22232287688495544,1.3928826893862177e-05,0.03799
14.083461999893188,3.266415900724127,1.3924268450533785,-2.165245574080296,1.029738714583402,2.703354118894044,0.2605760774124839,1.6325441294277027e-05,0.03799
14.110613346099854,3.2589780904780126,1.4030983241719837,-2.2186568179949067,1.0668567129401685,2.6944840355643556,0.2517059940827955,1.5769718658062236e-05,0.03799
14.140295505523682,3.2517019723351077,1.3940437357888824,-2.3567908980087275,1.0096709800335193,2.7778795853986598,0.3351015439170997,2.099456188443687e-05,0.03799
14.166906118392944,3.2584930159174377,1.3767430056577465,-2.359454958941666,0.8107300588167248,2.9245394225224572,0.48176138104089716,3.0182997695459936e-05,0.03799
14.198465585708618,3.2539656534741304,1.3971158282256977,-2.424006332408612,0.8586001485309329,2.90020644455894,0.4574284030773801,2.8658503938385276e-05,0.03799
14.227490186691284,3.254612419523966,1.3914567106189268,-2.4602370753346268,0.8401290052017152,2.919504384025539,0.4767263425439787,2.9867545769818472e-05,0.038142
14.260551929473877,3.2500850572695077,1.3974392063799441,-2.548285123581904,0.8821497085420951,2.9048220108127847,0.4620439693312246,2.8947675364500905e-05,0.038142
14.285805702209473,3.2555825686071507,1.3927502231993374,-2.533799401287897,0.8684948870402462,2.911630096897744,0.46885205541618413,2.9374211103353294e-05,0.038142
14.313389778137207,3.2500850572695077,1.4073022403598343,-2.5997787517491933,0.992599903379291,2.843049604913548,0.4002715634319878,2.5077551153068104e-05,0.038142
14.339465618133545,3.2471746102221593,1.3993794753174444,-2.68626277787643,1.0067011226268217,2.8503975704659243,0.40761952898436427,2.5537911065800235e-05,0.038142
14.3647780418396,3.2570377922509044,1.4043918368348267,-2.6102345172292742,1.0626115891584413,2.8023466439900186,0.35956860250845857,2.2527455972962776e-05,0.038142
14.39167308807373,3.2662542091906985,1.412637980276748,-2.429402861036339,1.177491507715037,2.6853741218465865,0.24259608036502645,1.51989703258585e-05,0.038142
14.419466257095337,3.251863663843212,1.4073022403598343,-2.5020743235727916,1.2088975378516444,2.6878884296027135,0.24511038812115338,1.5356495084370462e-05,0.038142
14.444981336593628,3.259786548084598,1.4029366350897738,-2.443242918900333,1.190782740410383,2.6813622812825946,0.2385842398010345,1.4947623125225907e-05,0.038142
14.472726821899414,3.2541273449861676,1.4102126439314362,-2.48041909976031,1.2449340802978108,2.6601797644809904,0.21740172299943028,1.3620509992111183e-05,0.038142
14.502767324447632,3.259786548084598,1.4134464257323933,-2.428084262231606,1.312542996009998,2.6038685108894115,0.16109046940785143,1.0092534308981863e-05,0.038142
14.530058860778809,3.2580079413593945,1.403906769585184,-2.4160767280594624,1.2722454540463233,2.623341589576234,0.1805635480946739,1.1312548847835023e-05,0.0383
14.558786630630493,3.2610800802697697,1.4011580551949363,-2.365134163855428,1.2187896448405413,2.6386154941477726,0.19583745266621255,1.2269479487412983e-05,0.0383
14.586317777633667,3.2570377922509044,1.385150836920034,-2.3854444874145706,1.0343408533933545,2.768297701507514,0.3255196600259538,2.0394243986850822e-05,0.0383
14.61747121810913,3.2728835622925767,1.3883846182770259,-2.1802588354252164,0.9349296730933868,2.78448803398912,0.34170999250755996,2.1408590066076223e-05,0.0383
14.645042419433594,3.268841273759393,1.3938820467146895,-2.0925990046559573,0.9158369033968534,2.771792216975015,0.3290141754934548,2.0613180075240557e-05,0.0383
14.675917148590088,3.2725601792034293,1.3754494931898678,-1.9797446076339373,0.7331650163739639,2.9263556016792935,0.48357756019773346,3.029678375939659e-05,0.0383
14.703941583633423,3.264798985402526,1.3857975931868802,-2.0082091683840555,0.7003442081675488,2.970651682197399,0.5278736407158391,3.30719927089126e-05,0.0383
14.73447561264038,3.2660925176575515,1.3856359041199553,-2.010223921756342,0.6758844937458974,2.9991532251431945,0.5563751836616344,3.485765266196094e-05,0.0383
14.762866497039795,3.2586547074373478,1.3853125259865324,-2.1146192708365983,0.655792396300342,3.0354206883741335,0.5926426468925734,3.7129857953207986e-05,0.038452
14.793067932128906,3.266900975326104,1.394205424863218,-2.073516968875774,0.7234111071308663,2.9578924837311034,0.5151144422495433,3.227261178495384e-05,0.038452
14.819782972335815,3.2554208770925834,1.3890313745552563,-2.2037004976480072,0.7232194455150162,2.980705434203931,0.5379273927223709,3.370187377781072e-05,0.038452
14.849292755126953,3.2735303284742607,1.3971158282256977,-2.0440828222621383,0.797342719219739,2.871793474442042,0.42901543296048184,2.687839319205148e-05,0.038452
14.87838363647461,3.2562293346682294,1.3933969794929677,-2.1719025717075304,0.8150705894614134,2.888208468500028,0.44543042701846813,2.7906814620835804e-05,0.038452
14.907895565032959,3.2633437616371803,1.3961456937663914,-2.1628689869839453,0.8527276273887444,2.8507520413368543,0.40797399985529426,2.556011914204178e-05,0.038452
14.933432340621948,3.264798985402526,1.409727576666264,-2.136396233929063,1.0038400545596855,2.706636213015474,0.2638581715339141,1.6531068899979612e-05,0.038452
14.9599449634552,3.261565154843854,1.4145782493763563,-2.162641403580231,1.154173220345337,2.5977411254997254,0.15496308401816528,9.708645383106353e-06,0.038452
14.986470699310303,3.2570377922509044,1.4047152150019733,-2.243699555221935,1.16881235522156,2.6217032455185683,0.17892520403700818,1.120990439175585e-05,0.038452
15.011984586715698,3.2620502294204727,1.4105360221089378,-2.231037314066254,1.2325251084209121,2.57231332545973,0.12953528397817005,8.115559552213154e-06,0.038452
15.039519786834717,3.263990527752294,1.4127996693675886,-2.1953080872303308,1.2979161200956002,2.5129174085587254,0.07013936707716528,4.394325568971629e-06,0.038452
15.066614389419556,3.2605950056982196,1.4102126439314362,-2.217312529623837,1.3199274460774648,2.509120015236732,0.06634197375517203,4.156413776127554e-06,0.038608
15.09365177154541,3.257199483768283,1.4108594002870158,-2.2797305387591003,1.34127596978061,2.5237943519068473,0.08101631042528723,5.0757806812529176e-06,0.038608
15.120091915130615,3.2583313243978087,1.418782165830178,-2.3077515121914196,1.4289922331623084,2.4846716242295313,0.04189358274797117,2.624689236826211e-06,0.038608
15.149163484573364,3.254289036498486,1.412637980276748,-2.3833363104407996,1.433957958517744,2.513326702064897,0.07054866058333698,4.419968356956949e-06,0.038608
15.17868947982788,3.259463165041119,1.4158717621209755,-2.364603919215366,1.4671369444549818,2.4876725317406425,0.04489449025908243,2.812700123660809e-06,0.038608
15.207203388214111,3.265607443059803,1.4030983241719837,-2.2664166620498367,1.373035473850279,2.4988576050002407,0.0560795635186806,3.5134599888218206e-06,0.038608
15.232354164123535,3.268194507610451,1.4064937949315506,-2.1618647031662905,1.3383525699002323,2.470498508527238,0.0277204670456781,1.7367244986491516e-06,0.038608
15.260544300079346,3.2515402808272844,1.4061704167612432,-2.319275222189726,1.3111042394460126,2.5595785508391544,0.11680050935759434,7.3177088149984835e-06,0.038608
15.28713607788086,3.2586547074373478,1.3995411643965,-2.33095518113998,1.2311393066621084,2.6157006525120194,0.17292261103045936,1.0833833876323509e-05,0.03876
15.31264591217041,3.266415900724127,1.4014814333563435,-2.23166852085826,1.1929856392790346,2.6016395281864044,0.15886148670484435,9.952885548338735e-06,0.03876
15.33902645111084,3.259948239606759,1.3930736013458669,-2.25172005224058,1.0890503360268902,2.687228535978538,0.2444504944969781,1.531515186234902e-05,0.03876
15.367062091827393,3.259786548084598,1.3919417778355105,-2.267994928967787,1.0058995826255703,2.7589568444685284,0.3161788029869683,1.9809026745335597e-05,0.03876
15.393982410430908,3.2578462498406098,1.3930736013458669,-2.306252999487601,0.958090096369462,2.8095692820705627,0.3667912405890026,2.2979963951226178e-05,0.03876
15.421507596969604,3.2528338128977365,1.388869685485485,-2.4024365930174962,0.8860095892787295,2.89066827568768,0.44789023420611995,2.8060924845519567e-05,0.03876
15.448612213134766,3.2479830677261923,1.3974392063799441,-2.5369292444448597,0.9142661173960044,2.8950869658280016,0.45230892434644154,2.8337761718649822e-05,0.03876
15.474656343460083,3.2460427697282936,1.3927502231993374,-2.6579397538474163,0.8909763732379815,2.930476340034519,0.48769829855295876,3.05549535529376e-05,0.03876
15.501449346542358,3.2463661527251384,1.3883846182770259,-2.7381695015674894,0.8345745369846305,2.9772743585063055,0.5344963170247454,3.348691227622538e-05,0.03876
15.527467727661133,3.253318887428791,1.3856359041199553,-2.6980617306852945,0.7698457239178551,3.0158374116217357,0.5730593701401756,3.590293935751216e-05,0.038909
15.55611801147461,3.252187046860264,1.3756111822478574,-2.6856579231855577,0.6324563393337521,3.108271005824638,0.6654929643430778,4.169402820481941e-05,0.038909
15.583702087402344,3.2450726207444873,1.377874829074571,-2.775482655457908,0.5570758505925927,-3.124232038185665,0.7161752275123616,4.4869340076298224e-05,0.038909
15.609723329544067,3.2565527177004556,1.388869685485485,-2.679404845592952,0.6052996172349231,3.1267776161059704,0.6839995746244112,4.2853492199765155e-05,0.038909
15.637091398239136,3.260433314174932,1.409727576666264,-2.5584190652528402,0.8306404474520098,2.9572034075195583,0.5144253660379992,3.222944023463136e-05,0.038909
15.666986227035522,3.2699731145309037,1.4168418966855063,-2.341639530606954,1.0537255802689507,2.7394590525092046,0.29668101102764544,1.8587463886761754e-05,0.038909
15.697568655014038,3.265445751527784,1.403906769585184,-2.2525803949199696,1.091073263027591,2.678243031271317,0.2354649897897576,1.4752197921780758e-05,0.038909
15.725970029830933,3.2651223684645916,1.4037450805022569,-2.1947166097194852,1.115731492134492,2.634248322253541,0.19147028077198192,1.1995870301607258e-05,0.038909
15.752489805221558,3.2685178906843575,1.3924268450533785,-2.107197056606305,1.0290318380893781,2.668563217883047,0.22578517640148776,1.414574460964649e-05,0.038909
15.778530836105347,3.2683561991472634,1.3997028534756988,-2.048172174393401,1.0351737745023648,2.6333163473099117,0.19053830582835252,1.1937480819422085e-05,0.03906
15.808213472366333,3.2730452538375743,1.3769046947168682,-1.9419294112346148,0.8300671635504018,2.8076512275269305,0.36487318604537133,2.2859795257452707e-05,0.03906
15.838967323303223,3.2795129158691805,1.3982476517680642,-1.7780072707852494,0.882532163263344,2.6359768337839804,0.1931987923024212,1.2104163870982003e-05,0.03906
15.871480703353882,3.275632318595949,1.3971158282256977,-1.7169930969650404,0.9088616216435638,2.5428128732607638,0.10003483177920458,6.267316592570832e-06,0.03906
15.900666236877441,3.269002965297334,1.3843423915896753,-1.7660741827557738,0.8099654938088474,2.739447317635941,0.29666927615438166,1.858672868118776e-05,0.03906
15.927390813827515,3.2808064483297943,1.3738326026177483,-1.6369981688506998,0.6442035437829176,3.0050993621233757,0.5623213206418165,3.523018613150131e-05,0.03906
15.958670139312744,3.270296497611018,1.388869685485485,-1.6921672931107832,0.6662890024681498,2.9728452517659183,0.5300672102843591,3.320942278910795e-05,0.03906
15.99039888381958,3.274177094660464,1.4021281896808782,-1.6770543586970732,0.8035310215739405,2.677458541042212,0.23468049956065284,1.4703048555083866e-05,0.03906
16.015971422195435,3.2665775922578377,1.38919306362517,-1.7716991402287747,0.7807885343297798,2.7915991049081397,0.3488210634265805,2.185410821179664e-05,0.039211
16.041816234588623,3.2651223684645916,1.3856359041199553,-1.858099731435653,0.7321955220594584,2.9135942735185574,0.4708162320369982,2.9497269407220273e-05,0.039211
16.067997932434082,3.259948239606759,1.3904865761896097,-1.9902218996447878,0.7427348743536648,2.9397731828078792,0.49699514132632006,3.113741324158499e-05,0.039211
16.093215942382812,3.2460427697282936,1.3977625845347628,-2.275244612487374,0.8169441144953804,2.9248217773569025,0.4820437358753433,3.020068760513882e-05,0.039211
16.120604515075684,3.253318887428791,1.3862826603885077,-2.374014308329218,0.763445022891853,2.990096728240123,0.547318686758564,3.4290250964955454e-05,0.039211
16.14662456512451,3.253642270450899,1.388222929207824,-2.43867548620698,0.7438174430442669,3.014692931968427,0.5719148904868678,3.583123616979783e-05,0.039211
16.172637224197388,3.2651223684645916,1.3937203576406394,-2.3249831736203928,0.7805731936198581,2.9674364590314615,0.5246584175499023,3.287055465840265e-05,0.039211
16.201048374176025,3.2593014735198023,1.3972775173027494,-2.3259955281889275,0.8389754916633032,2.9146532912203296,0.4718752497387704,2.9563618288865745e-05,0.039211
16.228561401367188,3.2554208770925834,1.4006729879539008,-2.380435489167221,0.9110452247711414,2.864458303239672,0.4216802617581128,2.641883486253458e-05,0.039211
16.256599187850952,3.259948239606759,1.4006729879539008,-2.3558569300568792,0.9614940379466308,2.8161718049416145,0.37339376346005526,2.3393620878584346e-05,0.039211
16.2840735912323,3.260433314174932,1.4085957530525677,-2.331935524377577,1.0695804998761842,2.72110414772806,0.2783261062465008,1.7437504445196127e-05,0.039211
16.31223964691162,3.2570377922509044,1.395984004690341,-2.362205439780071,1.0293994159181017,2.7630499943898243,0.32027195290826516,2.0065468086430112e-05,0.03937
16.34022045135498,3.2538039619623738,1.4173269639697224,-2.4281704736109986,1.197312304993121,2.6613827440282694,0.21860470254671016,1.3695878276768587e-05,0.03937
16.36700201034546,3.257199483768283,1.3982476517680642,-2.4273310995501256,1.1396037622732496,2.701447484993936,0.25866944351237686,1.6205988119162243e-05,0.03937
16.394238471984863,3.2563910261842017,1.4019665005995294,-2.4379375611352487,1.1333662046278652,2.709433077117272,0.2666550356357127,1.6706296193119438e-05,0.03937
16.42254662513733,3.2588163989575394,1.4058470385915107,-2.4117800136695577,1.1646434860714414,2.678191774405509,0.23541373292394985,1.4748986610282086e-05,0.03937
16.450613498687744,3.260918388745638,1.3946904920870822,-2.3643652685693235,1.0840623162141996,2.7213262878391746,0.27854824635761544,1.7451421821568963e-05,0.03937
16.481638431549072,3.271913413028523,1.404230147751469,-2.1789362126058793,1.1152792758415098,2.619685782400002,0.17690774091844297,1.1083507617222442e-05,0.03937
16.51083731651306,3.2704581891514977,1.3898398199062498,-2.069285118726201,1.0049529071486247,2.666510373729324,0.2237323322477649,1.4017131165731408e-05,0.03937
16.537352323532104,3.259624856562718,1.3843423915896753,-2.1425292802633753,0.8772293936623915,2.832056931540392,0.38927889005883287,2.4388845399252787e-05,0.03937
16.563373804092407,3.264637293871916,1.3924268450533785,-2.1243972441011767,0.8620803691589083,2.8423064853151816,0.3995284438336224,2.5030993711962196e-05,0.03953
16.593401193618774,3.264152219281777,1.3924268450533785,-2.1184212333938452,0.85147605200647,2.8520587751324316,0.40928073365087236,2.564198776973314e-05,0.03953
16.627923250198364,3.2628586870538023,1.3801384759290427,-2.1321484646769475,0.7311817301861635,2.993784606309208,0.5510065648276488,3.45213014800877e-05,0.03953
16.654694080352783,3.258169632878461,1.3877378620010736,-2.2066828650545074,0.7167776920639191,3.021379427417157,0.5786013859355976,3.625015409195188e-05,0.03953
16.682053804397583,3.2528338128977365,1.3822404337473644,-2.3327374989143266,0.6561998105545638,3.0942984870374293,0.6515204455558701,4.081863113284393e-05,0.03953
16.711722135543823,3.2418387908713413,1.3856359041199553,-2.573214445765756,0.6449834154168085,3.1120620862139248,0.6692840447323656,4.193154448394902e-05,0.03953
16.74240469932556,3.2487915252372397,1.3840190134585266,-2.6452797189521653,0.6222804521206118,3.130588260435037,0.6878102189534778,4.30922341860031e-05,0.03953
16.771862030029297,3.256067643152538,1.3927502231993374,-2.594979204060512,0.6865864075452066,3.080260698268624,0.6374826567870646,3.993914480884106e-05,0.03953
16.79716968536377,3.245234312241087,1.3702754434088145,-2.7097687476647705,0.5251649149203623,-3.082648284687511,0.7577589810105159,4.747461809441486e-05,0.03968
16.825225114822388,3.246851227222509,1.3870911057273991,-2.7677333839179097,0.5666253266143327,-3.113451011658811,0.7269562540392158,4.55447858708774e-05,0.03968
16.853235721588135,3.245234312241087,1.388869685485485,-2.8306966735649346,0.611984250450137,3.138616094395425,0.6958380529138655,4.359518876779708e-05,0.03968
16.881251096725464,3.2445875462563687,1.3917800887631735,-2.883726193917089,0.6704681739949707,3.10135036866915,0.6585723271875903,4.126044099020318e-05,0.03968
16.907833099365234,3.252510429878438,1.3801384759290427,-2.8111454382907395,0.6044762155781154,-3.139485989023204,0.7009212766748227,4.391365956496016e-05,0.03968
16.93415355682373,3.249599982755302,1.3997028534756988,-2.8006373912060085,0.7379848387444755,3.053431194547376,0.610653153065817,3.825824035934139e-05,0.03968
16.965726613998413,3.2547741110371273,1.3987327190026535,-2.7216400118578683,0.8225299822412679,2.9887031519177083,0.5459251104361491,3.420294153629802e-05,0.03968
16.992979049682617,3.244102471770774,1.3904865761896097,-2.814102943880817,0.8059689964809363,3.0090600549870374,0.5662820135054782,3.547832885999905e-05,0.03968
17.026002407073975,3.2428089398215167,1.388869685485485,-2.8967374312159415,0.7795248193567602,3.0326869749667136,0.5899089334851544,3.6958587135904403e-05,0.03968
17.050868272781372,3.2541273449861676,1.3846657697213924,-2.7978652583812402,0.7224000295428179,3.0641223825357153,0.6213443410541561,3.8928057648798174e-05,0.03968
17.07699990272522,3.256067643152538,1.3798150978052746,-2.7017890816608743,0.6378582171998933,3.120589549332137,0.6778115078505778,4.24658015036566e-05,0.039832
17.103026628494263,3.263505453165536,1.3806235431157583,-2.5315507391059424,0.586104691723906,-3.122064169982912,0.7183430957151149,4.50051599314024e-05,0.039832
17.13105034828186,3.259948239606759,1.3841807025240298,-2.46163760501398,0.5825504941996813,-3.1176586896999963,0.7227485759980308,4.5281169189220755e-05,0.039832
17.157108068466187,3.2500850572695077,1.3738326026177483,-2.5492654943574413,0.48501304405650525,-3.0385915021224474,0.8018157635755796,5.023483470571234e-05,0.039832
17.183889150619507,3.257684558322106,1.3857975931868802,-2.5053811999692828,0.5266378275453264,-3.07044911931188,0.7699581463861471,4.823891219292408e-05,0.039832
17.21691346168518,3.247821376224825,1.388869685485485,-2.6112292737827514,0.5839930011018333,-3.121885781559046,0.7185214841389809,4.501633620579535e-05,0.039832
17.242932558059692,3.2504084402803812,1.3967924500720235,-2.649502053439618,0.6969139105941,3.073598950136285,0.6308209086547252,3.952177733930313e-05,0.039832
17.267950534820557,3.2662542091906985,1.3977625845347628,-2.456890136383582,0.7848694398636857,2.9829044763979025,0.5401264349163428,3.383964672534227e-05,0.039968
17.294597864151,3.2549358025505697,1.4142548711916454,-2.478778128843329,0.997923492236646,2.807336200111102,0.36455815862954255,2.2840058366659543e-05,0.039968
17.320618391036987,3.2534805789397043,1.4118295348247076,-2.514248965174599,1.1247840954054924,2.72149478728234,0.27871674580078043,1.746197853803666e-05,0.039968
17.346923112869263,3.258169632878461,1.398571029924314,-2.474153215402868,1.0918043131219757,2.732870545472853,0.29009250399129316,1.8174685070275714e-05,0.039968
17.37298893928528,3.255097494064293,1.397924273612387,-2.4886234795140987,1.0627778704086328,2.7596550905824793,0.3168770491009196,1.9852772802362253e-05,0.039968
17.40395498275757,3.249599982755302,1.388869685485485,-2.5748720200623474,0.9592910311061499,2.861974197666659,0.4191961561850994,2.626320231136673e-05,0.039968
17.43302297592163,3.254612419523966,1.390001508976876,-2.5658430566922394,0.8972462845450245,2.908527489831053,0.4657494483494933,2.917982860274373e-05,0.039968
17.46553611755371,3.2630203785813134,1.3773897618950826,-2.4431049361521975,0.7379733664045204,3.0263960755652235,0.5836180340836639,3.656445383753311e-05,0.039968
17.492892026901245,3.2693263483740624,1.3943671139376965,-2.269874860218976,0.7824229349503361,2.95592446622773,0.5131464247461706,3.2149312844634916e-05,0.039968
17.5215744972229,3.266415900724127,1.4111827784656699,-2.188912296213576,0.9679931097574755,2.7310681177068403,0.2882900762252807,1.8061760549447075e-05,0.039968
17.55044913291931,3.260433314174932,1.3921034669079906,-2.215074280687277,0.9226446729651686,2.789510005359283,0.34673196387772354,2.1723223318672794e-05,0.039968
17.58225679397583,3.259463165041119,1.396307382842585,-2.246820498387892,0.9295146346036646,2.7943949728207045,0.35161693133914484,2.2029273092342718e-05,0.039968
17.616503715515137,3.258169632878461,1.3901631980476448,-2.2869532886521786,0.8778879557057486,2.8605146991042827,0.41773665762272305,2.6171762765819196e-05,0.039968
17.64225435256958,3.2573611752859426,1.3930736013458669,-2.326240265381731,0.8684819575255888,2.8809643561727647,0.43818631469120506,2.7452961252168064e-05,0.039968
17.667770862579346,3.2614034633188775,1.3922651559806132,-2.297771030395639,0.8544720151323404,2.887547923347097,0.44476988186553745,2.7865430579662604e-05,0.039968
17.698278665542603,3.25671440921699,1.3701137543554862,-2.342767903367708,0.6411996916790847,3.117551359104169,0.6747733176226092,4.227545480452722e-05,0.039968
17.72438907623291,3.2528338128977365,1.404230147751469,-2.4279970257335735,0.8052754386669314,2.963378773058408,0.5206007315768484,3.261633518130598e-05,0.039968
17.76089835166931,3.248468142231979,1.3972775173027494,-2.548105133907874,0.8562670631962572,2.9388976421148327,0.4961196006332731,3.108255944100965e-05,0.039968
17.788309574127197,3.2517019723351077,1.4035833914194733,-2.5874047191477842,0.94988200342974,2.871173041890419,0.42839500040885925,2.6839522259235422e-05,0.039968
17.81733798980713,3.2504084402803812,1.4084340639654724,-2.632824865195149,1.0599669268519345,2.7995129909640877,0.35673494948252804,2.234992380430575e-05,0.039968
17.84767985343933,3.249599982755302,1.4061704167612432,-2.6758129900390912,1.1162342893122015,2.7713328927063503,0.32855485122479067,2.0584402792776355e-05,0.0
17.881280660629272,3.2612417717941833,1.4047152150019733,-2.5447107424504063,1.142255103498367,2.714216959175619,0.27143891769405926,1.700601283049384e-05,0.0
17.90629768371582,3.251863663843212,1.4089191312271898,-2.582789840562653,1.199083543491229,2.6868285230228994,0.2440504815413398,1.5290090513321624e-05,0.0
17.932538270950317,3.257684558322106,1.409727576666264,-2.528848242312921,1.2462891958314253,2.635305740006837,0.1925276985252773,1.206211894433137e-05,0.0
17.959121227264404,3.2552591855782977,1.411667845734732,-2.524671193704521,1.2971549390329509,2.5995980801254195,0.15682003864385985,9.82498608494263e-06,0.0
17.987648010253906,3.2565527177004556,1.4037450805022569,-2.503836822365575,1.2599886653382448,2.6162943324569854,0.17351629097542576,1.0871028722394493e-05,0.0
18.015162467956543,3.263828836223093,1.402774946007708,-2.3885065478968923,1.2250613808347697,2.592148791561668,0.14937075008010847,9.358278149435787e-06,0.0
18.041712045669556,3.2570377922509044,1.4018048115183241,-2.401805156243604,1.1917013888126022,2.623309654904358,0.18053161342279855,1.1310548097742653e-05,0.039858
18.072226762771606,3.2573611752859426,1.3980859626901538,-2.406636572695725,1.1341909721688184,2.6704596532305693,0.2276816117490097,1.4264558831741606e-05,0.039858
18.10260820388794,3.2552591855782977,1.4095658875781611,-2.4391230249724756,1.1993792470340523,2.633339146772285,0.19056110529072523,1.1938909236367349e-05,0.039858
18.133119821548462,3.2547741110371273,1.4189438549265077,-2.468579955494375,1.3311496761869694,2.5532323574258786,0.11045431594431898,6.9201112725097625e-06,0.039858
18.16265368461609,3.2568761007338067,1.4244412842878653,-2.4600953462512716,1.4738840415917793,2.460617105819323,0.0178390643377635,1.117641344834506e-06,0.039858
18.19611406326294,3.249923365764492,1.419590611313272,-2.550424717745714,1.5292436281796509,2.470257458720085,0.02747941723852554,1.7216224044172375e-06,0.039858
18.222907304763794,3.24442585476089,1.4207224349956815,-2.6897746292337468,1.5783913814963257,2.5008690957228903,0.05809105424133065,3.639482584728137e-06,0.039858
18.24894094467163,3.247497993222931,1.4160334512147028,-2.7447822831995095,1.56972548946334,2.5255950038831334,0.08281696240157377,5.188593946469724e-06,0.039858
18.27494764328003,3.2360178973819544,1.419590611313272,-2.9422427479928386,1.5963326416897419,2.5773169053332445,0.1345388638516849,8.429040552838499e-06,0.039858
18.302299976348877,3.2442641632656914,1.4279984445522025,-2.966286054792956,1.6921853956158306,2.540597332862927,0.09781929138136736,6.128510010404293e-06,0.039858
18.32981276512146,3.2426472483291198,1.418297098542058,-3.0055044132018733,1.6701733844132005,2.562136867746814,0.11935882626525451,7.477990805973613e-06,0.039858
18.35893416404724,3.2423238653451683,1.4215308804874611,-3.0374348727713123,1.6844679556891133,2.5650385234909834,0.12226048200942374,7.659783436279618e-06,0.0397
18.386953353881836,3.249276599747235,1.4207224349956815,-2.9635176043595073,1.6870484107529462,2.5419551337891297,0.0991770923075701,6.213578062430222e-06,0.0397
18.412599086761475,3.2418387908713413,1.4236328387830408,-3.014760519577392,1.7155874108388396,2.5447839600089166,0.10200591852735696,6.390807825198265e-06,0.0397
18.439112901687622,3.247497993222931,1.4199139895075223,-2.9722724064400636,1.7014062845617037,2.5382076724419878,0.09542963096042811,5.978794574886603e-06,0.0397
18.465139150619507,3.2418387908713413,1.4189438549265077,-3.020888881033786,1.682568602456324,2.561213244433894,0.11843520295233434,7.4201245646715185e-06,0.0397
18.492248058319092,3.242970631314193,1.4158717621209755,-3.039248782871715,1.6411643952119905,2.5852051399235125,0.1424270984419529,8.923249046563932e-06,0.0397
18.518805265426636,3.2374731207202996,1.4157100730273926,-3.1282200599272993,1.6106963012189366,2.6231605111497722,0.18038246966821259,1.130120404116586e-05,0.0397
18.544405221939087,3.2458810782302914,1.4186204767339936,-3.0740821291101788,1.6161013162232227,2.6063230200607763,0.16354497857921668,1.0246312605828188e-05,0.0397
18.577497482299805,3.2460427697282936,1.419590611313272,-3.0339467731131395,1.6287957204216659,2.589267959545173,0.14648991806361344,9.177790153642086e-06,0.0397
18.60399603843689,3.2426472483291198,1.4276750663434485,-3.052866916026002,1.7119392526858421,2.5571947802182766,0.11441673873671698,7.168362383366724e-06,0.03955
18.63851284980774,3.2457193867325698,1.4254114188984424,-3.023573732800431,1.7493476391239091,2.5321422541389533,0.0893642126573937,5.598787970233195e-06,0.03955
18.66508388519287,3.249276599747235,1.4338192524092825,-2.953814806379886,1.8527612594957106,2.466206315355527,0.02342827387396751,1.4678128305318356e-06,0.03955
18.696635484695435,3.248468142231979,1.4297770247107435,-2.9161775803602823,1.8880220674082986,2.439085628883319,-0.003692412598240491,-2.3133460947530588e-07,0.03955
18.726271629333496,3.250246748774804,1.4233094605821262,-2.8652046725738165,1.8532986725272618,2.4355458247561423,-0.007232216725417295,-4.5310809323216837e-07,0.03955
18.75829839706421,3.2408686419312493,1.4131230475497023,-2.959374293214163,1.735427912767682,2.5187086771479326,0.07593063566637293,4.757156325775286e-06,0.03955
18.784764289855957,3.244749237752128,1.425573108000713,-2.9715617232775484,1.767274850183016,2.508516297944489,0.06573825646292919,4.118590076766048e-06,0.03955
18.810874938964844,3.2449109292481677,1.4213691913888156,-2.9778541199240847,1.750953832759461,2.517730614241501,0.07495257275994138,4.695879370808378e-06,0.03955
18.836608171463013,3.238766652595631,1.4184587876379535,-3.0673333619684886,1.7127964393569985,2.562008764195934,0.11923072271437452,7.469964946423317e-06,0.03939
18.86455225944519,3.2403835674649843,1.422339325982862,-3.1075807886814557,1.721729839012334,2.56961445025658,0.12683640877502045,7.946471395206891e-06,0.03939
18.89234733581543,3.236826354789349,1.4250880406943363,-3.18500768084889,1.753230751552818,2.5773504072223807,0.1345723657408211,8.431139491197582e-06,0.03939
18.920091152191162,3.2423238653451683,1.4124762911860516,-3.163087160124232,1.6594397724955927,2.6124868990925605,0.16970885761100085,1.0632487907404804e-05,0.03939
18.946604013442993,3.2547741110371273,1.4192672331196001,-2.975354850100629,1.656162341908521,2.560145843179967,0.11736780169840744,7.353250442221526e-06,0.03939
18.972900867462158,3.2402218759767893,1.4132847366409758,-3.0454346346631955,1.598917630235368,2.608585149500068,0.1658071080185084,1.0388038054027155e-05,0.03939
19.001879930496216,3.2463661527251384,1.412314602095499,-3.0094159181385,1.5499354386791948,2.6224437307028916,0.17966568922133197,1.1256296783283118e-05,0.03939
19.027900457382202,3.248953216740291,1.4009963661144478,-2.948381945118106,1.411687485281807,2.678530545144679,0.2357525036631194,1.4770211052178097e-05,0.03939
19.056726217269897,3.252187046860264,1.4234711496825108,-2.860882073288509,1.521349614023209,2.591284355312729,0.1485063138311693,9.304120057200934e-06,0.03939
19.0858154296875,3.2534805789397043,1.426866620824107,-2.781721726286221,1.629301233124457,2.5059925368940914,0.06321449541253177,3.960473056668975e-06,0.03939
19.112342596054077,3.2523487383692107,1.4284835118664234,-2.7419811155296214,1.7197188566936419,2.445262771658085,0.002484730176525396,1.5567168341693885e-07,0.03939
19.141201734542847,3.249599982755302,1.4299387138169382,-2.7522223652732154,1.7963775344847148,2.4134449057170246,-0.029333135764535,-1.8377603602610359e-06,0.03939
19.168735027313232,3.2614034633188775,1.4215308804874611,-2.595958500319672,1.7728108607391746,2.3561605008711446,-0.08661754061041504,-5.426705276753239e-06,0.03923
19.198286294937134,3.250246748774804,1.4089191312271898,-2.6410513165454015,1.6404725735597916,2.4428031235470926,2.5082065532977538e-05,1.5714250995867376e-09,0.03923
19.22697401046753,3.2505701317862394,1.4199139895075223,-2.668138678839646,1.6488258984663755,2.450290563533163,0.007512522051603465,4.706695984653662e-07,0.03923
19.255125999450684,3.254289036498486,1.4281601336567973,-2.635607327094564,1.7304158243826402,2.3945083300050944,-0.048269711476465194,-3.0241622670269316e-06,0.03923
19.281195640563965,3.247497993222931,1.4234711496825108,-2.7068651717020775,1.7444594513937968,2.418964425128745,-0.02381361635281465,-1.4919550544807053e-06,0.03923
19.3097083568573,3.245557695235129,1.4229860823817917,-2.7836113161909353,1.7498345433521119,2.4478574170050833,0.005079375523523666,3.1822969991834135e-07,0.03923
19.3381290435791,3.2453960037379677,1.4066554840169196,-2.839572421746538,1.6035970673980913,2.5423632610151747,0.0995852195336151,6.239147781398885e-06,0.03923
19.36415672302246,3.249276599747235,1.4318789831026246,-2.8250138886421796,1.7329140705364163,2.4718633624138886,0.029085320932328962,1.8222344281217373e-06,0.03923
19.391748428344727,3.2505701317862394,1.434304319739226,-2.796912479307399,1.8457132087023849,2.408820987276861,-0.03395705420469852,-2.1274550620694455e-06,0.03923
19.421054124832153,3.2504084402803812,1.4279984445522025,-2.7794802973068795,1.8667517925246822,2.392556702174877,-0.05022133930668282,-3.1464343723056512e-06,0.039082
19.44656229019165,3.248629833734469,1.4229860823817917,-2.791904619522007,1.8354391821437288,2.4114312566285347,-0.03134678485302489,-1.963918180686654e-06,0.039082
19.47237253189087,3.2442641632656914,1.4249263515925008,-2.8610493648633906,1.8313421427469712,2.440199781169141,-0.002578260312418479,-1.6153147207417312e-07,0.039082
19.507380962371826,3.2421621738536124,1.4244412842878653,-2.938555143270169,1.8240187681837763,2.47177544825658,0.028997406775020274,1.8167264880670296e-06,0.039082
19.534504175186157,3.2428089398215167,1.4244412842878653,-2.9838539707885023,1.8188924059895428,2.4897280995285693,0.04695005804700969,2.9414842069175847e-06,0.039082
19.57011866569519,3.24119202491016,1.419590611313272,-3.0379511933510246,1.770749483258088,2.529187017750204,0.08640897626864419,5.4136384405667775e-06,0.039082
19.60066246986389,3.244102471770774,1.4258964862056904,-3.0355207709260346,1.7949702475339486,2.51746871621567,0.07469067473411029,4.679471107669838e-06,0.039082
19.6346697807312,3.249761674259757,1.4205607458977603,-2.9554613195363224,1.7629148660824634,2.5054143578220254,0.06263631634046574,3.924249361108266e-06,0.039082
19.662696838378906,3.2453960037379677,1.4176503421599227,-2.9598674240883134,1.713743417980084,2.530299316747119,0.08752127526555942,5.483325466928288e-06,0.03892
19.69572353363037,3.2500850572695077,1.4166802075910565,-2.898026367709491,1.670412510708619,2.5302941817133733,0.08751614023181364,5.483003750165978e-06,0.03892
19.72582507133484,3.2437790887817775,1.4092425094023877,-2.9420510017300137,1.571764026272511,2.5968076604767463,0.15402961899518663,9.650162545448253e-06,0.03892
19.75656270980835,3.2513785893197413,1.4090808203147167,-2.867644435741474,1.5012249382995186,2.6113941259459357,0.16861608446437604,1.0564024201794002e-05,0.03892
19.7886860370636,3.2554208770925834,1.4052002822537704,-2.7595897244540013,1.416204004289623,2.625215798313603,0.18243775683204344,1.1429970542946019e-05,0.03892
19.822278022766113,3.2531571959181584,1.4155483839339542,-2.715294691305783,1.4517388786525864,2.5855475911271997,0.14276954964564004,8.944704074506116e-06,0.03892
19.849757432937622,3.2508935147987983,1.4208841240937478,-2.7156314320926334,1.5256232057905759,2.539813326920683,0.09703528543912343,6.0793909849297975e-06,0.03892
19.883869171142578,3.2504084402803812,1.4257347971031291,-2.7225835642565395,1.621896704302194,2.486977732161029,0.044199690679469494,2.769169996640346e-06,0.03892
19.912062883377075,3.25121689781248,1.4202373677023516,-2.7162560340632957,1.6387930879004855,2.4749163573200152,0.03213831583845561,2.0135086602255534e-06,0.038772
19.94708824157715,3.2487915252372397,1.4203990567999836,-2.7454088307604145,1.6521057053784978,2.4801015312000074,0.03732348971844779,2.338366769300671e-06,0.038772
19.97712254524231,3.2528338128977365,1.4233094605821262,-2.7098456749084576,1.6881572191063998,2.445434840710444,0.002656799228884399,1.6645204069586914e-07,0.038772
20.002636194229126,3.256067643152538,1.422662704182037,-2.6401753732299227,1.7074526827912628,2.4031856682811994,-0.03959237320036024,-2.4805153673428562e-06,0.038772
20.029189825057983,3.2483064507297694,1.4124762911860516,-2.698868781638622,1.6273951243625073,2.4738279614486984,0.031049919967138795,1.9453191967930024e-06,0.038772
20.05570149421692,3.2531571959181584,1.4234711496825108,-2.6727900313350132,1.6723449613796983,2.437179700225744,-0.005598341255815598,-3.5074360019807406e-07,0.038772
20.08350157737732,3.2504084402803812,1.4189438549265077,-2.6925945837262035,1.6622256762289245,2.451745666269402,0.00896762478784252,5.618337396002748e-07,0.038772
20.11101508140564,3.247012918722194,1.4279984445522025,-2.753472664712566,1.7383105197932522,2.438472593496107,-0.004305447985452737,-2.697421000040908e-07,0.038772
20.142691612243652,3.2449109292481677,1.4197523004103247,-2.825191778928564,1.7158273118745768,2.479705061848058,0.0369270203664982,2.3135274318046686e-06,0.038772
20.16929841041565,3.2481447592278405,1.4009963661144478,-2.83061907010708,1.5278117965185731,2.5855990716064143,0.1428210301248547,8.94792939568512e-06,0.03862
20.1958270072937,3.247497993222931,1.4237945278837154,-2.8433733918108492,1.6056069298619333,2.5456240822103617,0.1028460407288021,6.443442609695388e-06,0.03862
20.226967096328735,3.2481447592278405,1.4241179060855003,-2.8433461991246793,1.6630338211806006,2.514237128178768,0.07145908669720846,4.477007776010211e-06,0.03862
20.25847554206848,3.249438291251128,1.4168418966855063,-2.8254167283002602,1.6364009418789627,2.521685350979691,0.07890730949813118,4.94364894004415e-06,0.03862
20.284143447875977,3.25671440921699,1.4244412842878653,-2.7121198919009473,1.687559927576172,2.4459593026930664,0.0031812612115067473,1.9931028844218007e-07,0.03862
20.312653303146362,3.2421621738536124,1.419590611313272,-2.8343045121964545,1.6788167483687242,2.5023593756344975,0.05958133415293787,3.732850623155053e-06,0.03862
20.34043526649475,3.2479830677261923,1.4191055440229816,-2.8392367878701386,1.6682410760698136,2.5099649948789704,0.06718695339741076,4.209352885815629e-06,0.03862
20.374951362609863,3.248468142231979,1.4213691913888156,-2.835972967403476,1.6816301908802214,2.5015053686265203,0.05872732714496065,3.6793459368765676e-06,0.03862
20.40398597717285,3.250246748774804,1.4008346770341025,-2.8090614435040497,1.502388663022096,2.5942012765469618,0.15142323506540212,9.486869090966288e-06,0.038462
20.438029289245605,3.248953216740291,1.4105360221089378,-2.8081338128739928,1.4660285238812825,2.616721551395347,0.17394350991378715,1.0897794562786594e-05,0.038462
20.464051485061646,3.2575228668038836,1.4357595217369323,-2.688827827635868,1.672259667769903,2.4426294176897234,-0.0001486237918362221,-9.31148021203135e-09,0.038462
20.49846577644348,3.261565154843854,1.434304319739226,-2.549343519175011,1.8032551267658257,2.302813751933872,-0.13996428954768758,-8.768950760928501e-06,0.038462
20.525746822357178,3.255097494064293,1.4326874286445155,-2.541256692154609,1.8801004573834224,2.26221796783169,-0.1805600736498696,-1.1312331169200645e-05,0.038462
20.559473514556885,3.254289036498486,1.436729656408636,-2.5467899364150277,1.9710209157657868,2.226051982457827,-0.21672605902373254,-1.3578178736381787e-05,0.038462
20.586718797683716,3.2500850572695077,1.4260581753083967,-2.6088721263381807,1.9366453992951562,2.2730158470161395,-0.16976219446542018,-1.0635829532984139e-05,0.038462
20.61841917037964,3.2557442601219986,1.4228243932818418,-2.573971498558997,1.882879557902557,2.2786767334436346,-0.164101308037925,-1.0281167393760398e-05,0.038462
20.647374391555786,3.25121689781248,1.426543242617387,-2.612227588075024,1.879401895816357,2.3003143201549903,-0.14246372132656937,-8.925543519482439e-06,0.03831
20.681017637252808,3.251863663843212,1.4225010150823771,-2.6300516324998755,1.8398388075103986,2.328090564898749,-0.11468747658281053,-7.185324473119663e-06,0.03831
20.709079027175903,3.249276599747235,1.4210458131919588,-2.678349336169515,1.7987783049555774,2.3723802455846874,-0.07039779589687223,-4.410516481686139e-06,0.03831
20.73764705657959,3.248953216740291,1.4239562169845352,-2.716635337739823,1.796768634756327,2.3916989059943865,-0.05107913548717313,-3.20017645533226e-06,0.03831
20.765991926193237,3.2534805789397043,1.4263815535142452,-2.680749011402132,1.817639100604175,2.364083885730979,-0.07869415575058047,-4.930294571420411e-06,0.03831
20.798524141311646,3.2534805789397043,1.4212075022903146,-2.6556285829657367,1.7847236590870792,2.3682668446845683,-0.07451119679699136,-4.668226573807988e-06,0.03831
20.827087879180908,3.2517019723351077,1.4236328387830408,-2.6626711334883044,1.7839600846727333,2.3721799310397618,-0.07059811044179787,-4.4230664570178985e-06,0.03831
20.856385231018066,3.246851227222509,1.4276750663434485,-2.7347650539943937,1.820554307661593,2.388403102560562,-0.05437493892099754,-3.406662967872721e-06,0.03831
20.888128995895386,3.246851227222509,1.4207224349956815,-2.7852307983486395,1.782308857133689,2.4305761900457545,-0.0122018514358051,-7.644623837874324e-07,0.038162
20.917178869247437,3.253642270450899,1.4208841240937478,-2.7265270292205894,1.7570221907273504,2.4170575749554586,-0.02572046652610105,-1.6114217794007023e-06,0.038162
20.948193788528442,3.249761674259757,1.4215308804874611,-2.7391657003425025,1.7452621201090195,2.4291960607729224,-0.013581980708637253,-8.509293367244372e-07,0.038162
20.97670602798462,3.2500850572695077,1.418297098542058,-2.743535161087411,1.7073270915584295,2.4518801341467027,0.009102092665143058,5.702583327503242e-07,0.038162
21.002936840057373,3.247821376224825,1.4231477714818863,-2.7779370465654494,1.7253270404491892,2.457490199328892,0.014712157847332374,9.217364526850262e-07,0.038162
21.035450220108032,3.247012918722194,1.4189438549265077,-2.8132123887000358,1.699313131577564,2.48706786095928,0.04428981947772037,2.7748166869251153e-06,0.038162
21.06297755241394,3.2487915252372397,1.4103743330201153,-2.813278279006147,1.6023905029918144,2.543012666673749,0.10023462519218951,6.2798339182864445e-06,0.038162
21.09706211090088,3.2466895357231054,1.4144165602839287,-2.842428860301311,1.571673385336415,2.5732971493788006,0.13051910789724097,8.177197442360965e-06,0.038162
21.123548984527588,3.247821376224825,1.4178120312552396,-2.8471626360151667,1.5813595303957992,2.569248059613515,0.12647001813195535,7.923516529228677e-06,0.03801
21.15586566925049,3.2510552063054985,1.418297098542058,-2.8057001888437045,1.5925952787591786,2.545716443458906,0.1029384019773465,6.4492291659900035e-06,0.03801
21.18765354156494,3.2517019723351077,1.4161951403085746,-2.7677212576028656,1.581153366472008,2.536710658119122,0.09393261663756247,5.8850046165476875e-06,0.03801
21.21567416191101,3.2466895357231054,1.4153866948406604,-2.8105389453190184,1.5657182832608918,2.564367831419654,0.12158978993809422,7.6177636770378865e-06,0.03801
21.247776985168457,3.2504084402803812,1.4094041984902024,-2.7890188235150153,1.499963215928143,2.5981485182603814,0.15537047677882176,9.734169086831783e-06,0.03801
21.27428936958313,3.2523487383692107,1.4155483839339542,-2.747089083589769,1.5103703267995567,2.5736954238834038,0.13091738240184414,8.202149875095663e-06,0.03801
21.304063320159912,3.252187046860264,1.4208841240937478,-2.7199770702187065,1.5666652194934578,2.5243388769995376,0.08156083551797799,5.109895909796755e-06,0.03801
21.32994055747986,3.2487915252372397,1.4132847366409758,-2.748013556069206,1.536269644544821,2.5568715684387047,0.11409352695714503,7.148112731190603e-06,0.03801
21.35823893547058,3.264798985402526,1.4160334512147028,-2.545997432288737,1.5402402735972818,2.452126277151573,0.009348235670013416,5.856795226611961e-07,0.03801
21.386024236679077,3.2588163989575394,1.4129613584585734,-2.487421923477008,1.5148018846172135,2.4350839703523732,-0.007694071129186408,-4.820438920595504e-07,0.03801
21.41263723373413,3.2563910261842017,1.4009963661144478,-2.480001137884087,1.3870939974384169,2.532559809498708,0.08978176801714843,5.624948374444038e-06,0.03786
21.444849491119385,3.2591397819987664,1.4152250057475106,-2.436746907917515,1.42839157601934,2.469941313997296,0.02716327251573647,1.7018155128420817e-06,0.03786
21.474419355392456,3.259624856562718,1.4121529130050912,-2.3997525326972866,1.4290820518351233,2.443950059099219,0.0011720176176592823,7.342847817402272e-08,0.03786
21.50695300102234,3.265284059996047,1.4158717621209755,-2.2954983012753707,1.4637238097771506,2.3339998840893723,-0.10877815739218732,-6.815097687554265e-06,0.03786
21.53367829322815,3.262211920946575,1.4176503421599227,-2.265057631489521,1.5043096785663657,2.275790491148353,-0.16698755033320678,-1.0461994350787978e-05,0.03786
21.570038080215454,3.2628586870538023,1.4047152150019733,-2.234793943343923,1.4139078759762793,2.321895961104042,-0.12088208037751746,-7.573424722367442e-06,0.03786
21.600601196289062,3.253642270450899,1.4189438549265077,-2.341221230717275,1.4813197164465277,2.3575429688133243,-0.08523507266823538,-5.3400918030399655e-06,0.03786
21.632116317749023,3.2593014735198023,1.4129613584585734,-2.337362168156772,1.4735574946116865,2.3606850349263997,-0.08209300655515994,-5.143237140167169e-06,0.03786
21.657639026641846,3.2617268463691125,1.4121529130050912,-2.301078752737184,1.4606981948497624,2.3412782571499253,-0.10149978433163431,-6.359097837921819e-06,0.03771
21.68415355682373,3.2538039619623738,1.4079489967050502,-2.3853817926809864,1.4130828142665937,2.448719965632617,0.005941924151057432,3.7226953013641294e-07,0.03771
21.71718120574951,3.2584930159174377,1.405523660422353,-2.3794685852122552,1.357474815139922,2.495595451224991,0.0528174097434313,3.3090816725942963e-06,0.03771
21.745040893554688,3.260433314174932,1.4081106857917136,-2.3484636829863486,1.342311597328169,2.487367826175194,0.04458978469363428,2.7936099106598323e-06,0.03771
21.774059772491455,3.2617268463691125,1.4058470385915107,-2.3088498131179143,1.3109052609616567,2.4884617330000216,0.045683691518461966,2.862144642732968e-06,0.03771
21.80613422393799,3.2586547074373478,1.404876904085762,-2.3236573947897075,1.2800099324850434,2.533974681787573,0.09119664030601315,5.713592024007449e-06,0.03771
21.838207483291626,3.2625353039996257,1.408272374878521,-2.2802913873096142,1.2895713283295387,2.487784530654861,0.0450064891733013,2.8197170060901526e-06,0.03771
21.866634845733643,3.267386049930619,1.4110210893762707,-2.1827710356016534,1.321511836239325,2.3576262086573387,-0.0851518328242209,-5.33487671499237e-06,0.03771
21.896668672561646,3.2665775922578377,1.4181354094463072,-2.125700814061981,1.409216743907713,2.2065249366921242,-0.2362531047894354,-1.4801574385223377e-05,0.03771
21.927260637283325,3.2612417717941833,1.4207224349956815,-2.1596322192664434,1.494372562505968,2.1762320431407205,-0.26654599834083914,-1.669946486012056e-05,0.037559
21.95613980293274,3.2607566972217876,1.4228243932818418,-2.190100617270084,1.57328857215013,2.152834362103179,-0.2899436793783807,-1.8165361008353487e-05,0.037559
21.983423709869385,3.264637293871916,1.4292919573930327,-2.157697180005881,1.687935739160833,2.0557572548946244,-0.3870207865869353,-2.4247372183319337e-05,0.037559
22.01544213294983,3.2562293346682294,1.4212075022903146,-2.251432622128157,1.6939313060767425,2.1376214387441195,-0.30515660273744016,-1.9118471093050622e-05,0.037559
22.04152750968933,3.256067643152538,1.425573108000713,-2.3192862362837183,1.7382272254993603,2.16942062367931,-0.27335741780224954,-1.7126209439485484e-05,0.037559
22.072551012039185,3.2531571959181584,1.4174886530647504,-2.407082249586583,1.694976920635295,2.260246735620586,-0.18253130586097344,-1.1435831515277396e-05,0.037559
22.100125312805176,3.252025355351597,1.4043918368348267,-2.4842110909891475,1.5444046477643754,2.414446089860876,-0.028331951620683693,-1.7750348287099094e-06,0.037559
22.130680322647095,3.2510552063054985,1.4258964862056904,-2.551634107325499,1.6365288626883403,2.3930295604780425,-0.04974848100351714,-3.1168091643990073e-06,0.037559
22.15899419784546,3.2528338128977365,1.4089191312271898,-2.574203368504027,1.5450751749242062,2.4696417797634322,0.026863738281872607,1.6830492907117593e-06,0.037407
22.18902277946472,3.2491149082436226,1.4129613584585734,-2.6414943558751474,1.5181863155460626,2.526281649993458,0.08350360851189853,5.231613247686335e-06,0.037407
22.219075202941895,3.2605950056982196,1.3993794753174444,-2.529642917675221,1.3746116111435611,2.5825484413500246,0.13977039986846496,8.756803312063869e-06,0.037407
22.24910044670105,3.2483064507297694,1.4043918368348267,-2.6214960627503183,1.3201489311201569,2.678695641306911,0.23591759982535132,1.4780554548523547e-05,0.037407
22.27714729309082,3.255097494064293,1.4212075022903146,-2.591763472657316,1.4364805404482657,2.5632137427156225,0.12043570123406289,7.545458469387429e-06,0.037407
22.308675527572632,3.2591397819987664,1.4144165602839287,-2.5149805422587366,1.455536411555935,2.5031082611747024,0.060330219693142784,3.7797693082628774e-06,0.037407
22.33467125892639,3.2568761007338067,1.4216925695862515,-2.4925757569863287,1.5357072236588802,2.424932080026587,-0.01784596145497286,-1.1180734584929018e-06,0.037407
22.359697818756104,3.253318887428791,1.4163568294025908,-2.5261461094784985,1.5428168768278003,2.4412413108003137,-0.0015367306812459347,-9.627824154433648e-08,0.037407
22.388447761535645,3.2563910261842017,1.4153866948406604,-2.5071080680851057,1.5388827405099483,2.4320195163450626,-0.010758525136497,-6.740360522461026e-07,0.037407
22.415017127990723,3.253642270450899,1.4184587876379535,-2.531841118036091,1.5643466747823418,2.4289317472422867,-0.013846294239272972,-8.674889344838507e-07,0.037258
22.44086241722107,3.247659684723738,1.4127996693675886,-2.631990020897282,1.530191216548601,2.512593364266764,0.06981532278520453,4.374023758775996e-06,0.037258
22.467225551605225,3.2528338128977365,1.4178120312552396,-2.630452508004273,1.5523220122443266,2.4955424464381606,0.05276440495660095,3.3057608514954937e-06,0.037258
22.494245290756226,3.2534805789397043,1.4210458131919588,-2.6204210305872415,1.5975165482693285,2.4579352270626953,0.015157185581135657,9.496180380349735e-07,0.037258
22.52329969406128,3.24442585476089,1.4278367554477527,-2.738772048222812,1.691528981199702,2.459408129312722,0.016630087831162488,1.0418973426196298e-06,0.037258
22.55281376838684,3.247659684723738,1.4252497297963165,-2.7768416720279845,1.7335753000831267,2.4528815221793865,0.01010348069782685,6.329966382106995e-07,0.037258
22.583520650863647,3.259786548084598,1.4305854702431715,-2.635580062818941,1.8120176410221551,2.3342187141847957,-0.10855932729676399,-6.801387688110995e-06,0.037258
22.61086368560791,3.2504084402803812,1.4236328387830408,-2.6665476057649466,1.8030658720272863,2.3564888088212705,-0.0862892326602891,-5.406136342645979e-06,0.037258
22.639892578125,3.2471746102221593,1.4152250057475106,-2.7330009756874514,1.7195718882315452,2.4399117699398394,-0.0028662715417202556,-1.7957576248927419e-07,0.037258
22.667810201644897,3.251863663843212,1.4218542586851868,-2.7145930038285786,1.7220172063029906,2.428977539590651,-0.013800501890908645,-8.646199823437603e-07,0.037258
22.697020053863525,3.2544507280110855,1.4189438549265077,-2.6658865499596733,1.6969962476752292,2.418233584154884,-0.02454445732667576,-1.5377432232669557e-06,0.0371
22.727030277252197,3.268679582221735,1.418297098542058,-2.434777209804198,1.673540980854781,2.2850715249491844,-0.15770651653237522,-9.880525115506528e-06,0.0371
22.75741195678711,3.2573611752859426,1.4186204767339936,-2.4297170101881407,1.6600925919683138,2.290036770537061,-0.15274127094449863,-9.569445809372712e-06,0.0371
22.787646532058716,3.2614034633188775,1.4176503421599227,-2.370204751760136,1.6417678261001805,2.2556031537031407,-0.18717488777841895,-1.1726758160352416e-05,0.0371
22.817445278167725,3.2586547074373478,1.4173269639697224,-2.3666058518392585,1.625970192120574,2.2633219957190733,-0.1794560457624863,-1.1243162338962291e-05,0.0371
22.853880167007446,3.2578462498406098,1.4218542586851868,-2.375280645497627,1.6564960190253033,2.2499832736733345,-0.19279476780822513,-1.2078851193675073e-05,0.0371
22.87955904006958,3.259463165041119,1.4124762911860516,-2.3589649537551325,1.591725459726333,2.281140216728297,-0.16163782475326283,-1.0126826856660663e-05,0.0371
22.90908169746399,3.263828836223093,1.4142548711916454,-2.287096239869583,1.5627227061404958,2.2381975102997043,-0.20458053118185537,-1.2817245101416132e-05,0.0371
22.935062408447266,3.279189532756857,1.417973720350701,-2.0241016612904015,1.5765792038979292,1.9296936932016542,-0.5130843482799055,-3.21454236706331e-05,0.03694
22.96135926246643,3.263828836223093,1.4087574421398068,-2.0526919351442814,1.5016252649058484,2.0115742911664123,-0.43120375031514735,-2.7015494213993292e-05,0.03694
22.987401962280273,3.2625353039996257,1.4153866948406604,-2.0906155655578202,1.51004861216458,2.057256640582133,-0.38552140089942677,-2.415343365579998e-05,0.03694
23.015005350112915,3.264637293871916,1.4163568294025908,-2.088057643807298,1.5248558487817914,2.0438100906071353,-0.3989679508744244,-2.499587807513127e-05,0.03694
23.041977643966675,3.268679582221735,1.4189438549265077,-2.0302969754975293,1.5589832974103897,1.946456466195763,-0.4963215752857968,-3.1095213424312524e-05,0.03694
23.067707777023315,3.2662542091906985,1.4145782493763563,-2.0234465818241136,1.542773490340826,1.9458213389426782,-0.4969567025388817,-3.11350049999153e-05,0.03694
23.094204902648926,3.2691646568355566,1.4137698039156612,-1.9783528171752034,1.5240008808483454,1.8905981497191235,-0.5521798917624365,-3.459481198873869e-05,0.03694
23.120251893997192,3.268679582221735,1.411667845734732,-1.953503596855063,1.491553118544797,1.8681282477307626,-0.5746497937507975,-3.60025815332102e-05,0.03694
23.1497642993927,3.2617268463691125,1.4071405512738901,-2.032377752825988,1.4272555165806213,2.0359501463612615,-0.4068278951202986,-2.5488314140776655e-05,0.03694
23.176393508911133,3.263990527752294,1.4212075022903146,-2.0562463943621547,1.5114551502705915,2.0106339177089074,-0.43214412377265266,-2.7074409874354914e-05,0.036782
23.201406240463257,3.2643139108115418,1.4284835118664234,-2.068476833711694,1.6372265986959291,1.9552981432386907,-0.4874798982428694,-3.0541270480122855e-05,0.036782
23.228065490722656,3.264475602341588,1.4184587876379535,-2.074799336387645,1.6331873755125277,1.96493621308996,-0.47784182839159994,-2.9937432456657762e-05,0.036782
23.25458025932312,3.272721870747862,1.4137698039156612,-1.9650460347781733,1.5872906004685374,1.8423113518714314,-0.6004666896101285,-3.762004473987592e-05,0.036782
23.28217363357544,3.2618885378946514,1.4186204767339936,-2.0382186545658567,1.5997173256979476,1.936015357840361,-0.5067626836411989,-3.17493628888218e-05,0.036782
23.311223030090332,3.260271622651926,1.4229860823817917,-2.1118275363051127,1.6485150553650154,2.0010411944840754,-0.4417368469974843,-2.7675406870757374e-05,0.036782
23.337294340133667,3.268679582221735,1.4202373677023516,-2.0469359002459973,1.6574259336444621,1.919728024293726,-0.5230500171878338,-3.276978621507745e-05,0.036782
23.364344120025635,3.2683561991472634,1.4225010150823771,-2.0059893649411693,1.6844556339900714,1.8587592375751498,-0.5840188039064103,-3.6589562605301564e-05,0.036782
23.392898559570312,3.264798985402526,1.4207224349956815,-2.026580498499097,1.6870397855636183,1.882818768834073,-0.5599592726474869,-3.508220065160382e-05,0.036782
23.42092776298523,3.2583313243978087,1.4181354094463072,-2.1305464840094195,1.6650863084347176,2.0142271787411623,-0.4285508627403978,-2.684928724368368e-05,0.036782
23.45496416091919,3.2557442601219986,1.4160334512147028,-2.2391435489288787,1.63041193832021,2.1510969297148836,-0.29168111176667644,-1.827421348145675e-05,0.036782
23.48401689529419,3.254612419523966,1.4124762911860516,-2.3308331268988196,1.573466603232774,2.280533517441113,-0.16224452404044687,-1.0164837382011093e-05,0.03663
23.511536121368408,3.2504084402803812,1.4270283099276846,-2.4532247506208718,1.6672682745849816,2.3127128101235046,-0.13006523135805548,-8.148761467466796e-06,0.03663
23.542068004608154,3.2529955044078074,1.4275133772392896,-2.5030780142186178,1.7373848915810006,2.3027727070243245,-0.14000533445723562,-8.771522279649289e-06,0.03663
23.57258939743042,3.247659684723738,1.4320406722107115,-2.611855848225055,1.8280506965196985,2.3196033689026696,-0.12317467257889048,-7.717058703532896e-06,0.03663
23.59864091873169,3.2418387908713413,1.4241179060855003,-2.7685972902832736,1.818744457841041,2.412186040472134,-0.030592001009426273,-1.91662995894774e-06,0.03663
23.627695083618164,3.2513785893197413,1.4200756786048645,-2.74622683772876,1.7751013664198012,2.42615520848507,-0.016622832996489922,-1.041442817481625e-06,0.03663
23.653705596923828,3.251863663843212,1.4218542586851868,-2.723851107257501,1.7608878410347657,2.4229536730269348,-0.01982436845462532,-1.2420233147104612e-06,0.03663
23.68075680732727,3.248629833734469,1.4144165602839287,-2.7529641864874295,1.682621521966481,2.4878547053019866,0.04507666382042652,2.824113542001528e-06,0.03663
23.706795692443848,3.2549358025505697,1.4275133772392896,-2.6860299639160146,1.7481321647480528,2.4099855183375363,-0.03279252314402381,-2.0544956267475582e-06,0.03663
23.734360218048096,3.2559059516371276,1.4241179060855003,-2.6257431802013027,1.762801485600887,2.3656682457135436,-0.07710979576801646,-4.831032290165765e-06,0.036472
23.766871213912964,3.252025355351597,1.427351688135276,-2.6372737424194845,1.8027729902743104,2.3484722336574677,-0.09430580782409237,-5.908385545709466e-06,0.036472
23.79397749900818,3.250246748774804,1.4346276979599175,-2.6699719860152578,1.8975847506708958,2.314655923184111,-0.12812211829744902,-8.027022823942515e-06,0.036472
23.824488639831543,3.2555825686071507,1.4427121536670464,-2.6189802049912405,2.0382104384917277,2.2162661034600952,-0.22651193802146485,-1.4191277201431915e-05,0.036472
23.850522994995117,3.2580079413593945,1.4386699257678133,-2.549703887991223,2.0995196917752192,2.148358582664673,-0.29441945881688714,-1.8445774602705827e-05,0.036472
23.87705421447754,3.2570377922509044,1.4330108068622918,-2.514643294309621,2.090455951015194,2.129990899172688,-0.31278714230887195,-1.9596534647671848e-05,0.036472
23.903197765350342,3.2628586870538023,1.4281601336567973,-2.409503907318007,2.039556861166813,2.0794566562512475,-0.36332138523031254,-2.2762572851780558e-05,0.036472
23.93521523475647,3.2559059516371276,1.4234711496825108,-2.432174940582702,1.9608581771427112,2.1291108439708166,-0.31366719751074346,-1.9651671288289603e-05,0.036472
23.961263179779053,3.2549358025505697,1.4174886530647504,-2.461477491782705,1.85081858678564,2.2051769612682763,-0.23760108021328374,-1.4886026856327735e-05,0.036313
23.992804288864136,3.2552591855782977,1.4328491177533307,-2.477511668333368,1.9148800284592202,2.183452685859323,-0.259325355622237,-1.6247081893963286e-05,0.036313
24.020838022232056,3.260271622651926,1.4289685791819529,-2.4193326459423785,1.9240794605134948,2.1364799588679158,-0.30629808261364433,-1.9189986340699663e-05,0.036313
24.049869775772095,3.2614034633188775,1.4108594002870158,-2.362935696788094,1.7641823798858296,2.1761852740086263,-0.2665927674729338,-1.670239500907352e-05,0.036313
24.07690954208374,3.2563910261842017,1.4228243932818418,-2.3928607792018415,1.7621554443160317,2.2026523885367455,-0.24012565294481458,-1.5044194729338184e-05,0.036313
24.109943151474,3.252510429878438,1.4056853495068602,-2.4675396479900726,1.603310805013189,2.3745719718085643,-0.0682060696729958,-4.273201889508969e-06,0.036313
24.136462211608887,3.2529955044078074,1.4155483839339542,-2.5130984423770624,1.5827136391590868,2.425159078432733,-0.01761896304882704,-1.1038517034099832e-06,0.036313
24.16598415374756,3.249923365764492,1.4158717621209755,-2.587526885033766,1.571265920903923,2.484664813127757,0.04188677164619703,2.6242625121503805e-06,0.036313
24.191542387008667,3.2526721213879473,1.4110210893762707,-2.6015671174880524,1.5186980510413925,2.5377872406817565,0.09500919920019646,5.952453960321873e-06,0.036313
24.22006058692932,3.2479830677261923,1.4158717621209755,-2.6763206115742553,1.5264550092215372,2.573490705465607,0.1307126639840468,8.189323991212557e-06,0.036313
24.246584177017212,3.251863663843212,1.4118295348247076,-2.6749167489493453,1.4947561572949168,2.599714302065799,0.15693626058423904,9.832267545633914e-06,0.03616
24.272098064422607,3.247821376224825,1.4186204767339936,-2.729904158068799,1.5349432154764124,2.5939663679505074,0.1511883264689473,9.472151751834372e-06,0.03616
24.302624940872192,3.2508935147987983,1.4163568294025908,-2.725858058826716,1.5422820711000742,2.5860258706888333,0.1432478292072732,8.974668931538383e-06,0.03616
24.330649614334106,3.25671440921699,1.4150633166545055,-2.64242882326947,1.535538078665787,2.5469056442051534,0.10412760272359334,6.52373419025296e-06,0.03616
24.36067843437195,3.2573611752859426,1.4043918368348267,-2.575073139613833,1.4327974583857164,2.6017186762439555,0.1589406347623954,9.957844280467703e-06,0.03616
24.389227867126465,3.253318887428791,1.4263815535142452,-2.5838942773177394,1.5628592771447498,2.4880189438640117,0.0452409023824516,2.834403308541963e-06,0.03616
24.416271448135376,3.260918388745638,1.4289685791819529,-2.4848452531230527,1.6776649345933696,2.3271195989429154,-0.11565844253864466,-7.246156794597967e-06,0.03616
24.442291259765625,3.2544507280110855,1.4247646624908104,-2.505063124465781,1.7194150204652292,2.3129944351727723,-0.12978360630878782,-8.131117279809696e-06,0.03616
24.47232961654663,3.2458810782302914,1.4147399384689285,-2.637872274287095,1.6565608453919487,2.4485938934498637,0.005815851968303587,3.643709385280543e-07,0.03616
24.504380226135254,3.254612419523966,1.4106977111979049,-2.6099432346495672,1.575434200419805,2.4948487497821805,0.05207070830062044,3.2622998241222128e-06,0.036008
24.532907485961914,3.2538039619623738,1.4121529130050912,-2.6015869300196397,1.5320118889154473,2.5267131403423244,0.08393509886076433,5.258646697684529e-06,0.036008
24.56443500518799,3.2547741110371273,1.418297098542058,-2.582304689027394,1.5580519297229332,2.491784960344878,0.04900691886331776,3.0703493001394053e-06,0.036008
24.59697151184082,3.260271622651926,1.4244412842878653,-2.492687760428201,1.632715619066949,2.3660957440103902,-0.07668229747116984,-4.804248947589289e-06,0.036008
24.626022815704346,3.266900975326104,1.4229860823817917,-2.3381649115899017,1.67161386072332,2.202152012559404,-0.240626028922156,-1.5075543956497757e-05,0.036008
24.6590678691864,3.249923365764492,1.4134464257323933,-2.4650734134827634,1.6112188423078542,2.3618243473783593,-0.08095369410320075,-5.07185768455868e-06,0.036008
24.689591884613037,3.2505701317862394,1.4013197442755683,-2.5449541466957974,1.4575561654266753,2.5619547901288118,0.1191767486472517,7.46658339861211e-06,0.036008
24.7236065864563,3.257199483768283,1.4212075022903146,-2.5090796707094807,1.53266560446283,2.464253182242512,0.021475140760951916,1.3454464172637044e-06,0.036008
24.749653100967407,3.260271622651926,1.4090808203147167,-2.4414302476056617,1.4738560430327432,2.468799271958298,0.026021230476737767,1.6302650449387818e-06,0.03586
24.78722310066223,3.2510552063054985,1.4144165602839287,-2.5216875169570487,1.4816992633650707,2.522225207966746,0.07944716648518613,4.977471705499014e-06,0.03586
24.81925129890442,3.252187046860264,1.4145782493763563,-2.5621959735757858,1.4886746665091026,2.5430320830595323,0.10025404157797224,6.281050380938699e-06,0.03586
24.847766160964966,3.2471746102221593,1.4111827784656699,-2.6599548331550302,1.4623693218486093,2.6261964319121405,0.1834183904305804,1.1491408555226663e-05,0.03586
24.874310731887817,3.255097494064293,1.4173269639697224,-2.6186846119406106,1.5003912391444763,2.567278037573552,0.12449999609199214,7.80009200199957e-06,0.03586
24.90783667564392,3.257684558322106,1.4139314930075115,-2.5539745822775055,1.4958184539170054,2.53039450519767,0.0876164637161101,5.489289151226515e-06,0.03586
24.935853719711304,3.259786548084598,1.4199139895075223,-2.4795730999936385,1.5475680147164246,2.4265462474356414,-0.01623179404591868,-1.0169437019268959e-06,0.03586
24.96587562561035,3.2580079413593945,1.4229860823817917,-2.4521189144928894,1.6120105376779548,2.3474121138043214,-0.09536592767723873,-5.974803478619102e-06,0.03586
24.99141836166382,3.2660925176575515,1.4137698039156612,-2.320960744032532,1.572466813984335,2.256400426550807,-0.18637761493075322,-1.1676807945431173e-05,0.035708
25.023430824279785,3.2617268463691125,1.4149016275616448,-2.289597755850214,1.5551822497693804,2.2370725947259547,-0.20570544675560543,-1.2887722573264801e-05,0.035708
25.05145788192749,3.2617268463691125,1.3984093408461176,-2.26764366412259,1.3915978723960063,2.389363482394854,-0.05341455908670589,-3.3464938811299e-06,0.035708
25.079490184783936,3.2630203785813134,1.4174886530647504,-2.234365361353428,1.4523363734629466,2.271960555946091,-0.17081748553546916,-1.0701944936145986e-05,0.035708
25.10603427886963,3.2628586870538023,1.4174886530647504,-2.2133093542486617,1.4948533242098088,2.1983988772803262,-0.24437916420123384,-1.5310682923499222e-05,0.035708
25.13806653022766,3.2657691345921043,1.4139314930075115,-2.158271661673187,1.491941913462738,2.1215338854057877,-0.3212441560757724,-2.0126377920881747e-05,0.035708
25.166629314422607,3.269002965297334,1.419590611313272,-2.0749691780514907,1.5418841384893267,1.948521056091308,-0.4942569853902521,-3.0965864093893686e-05,0.035708
25.192651510238647,3.259624856562718,1.417973720350701,-2.146508121791084,1.561992206542113,2.0453708805123876,-0.3974071609691725,-2.489809249088305e-05,0.035708
25.22066879272461,3.2660925176575515,1.4153866948406604,-2.10703318914127,1.5523054713099687,1.9927931934018384,-0.4499848480797217,-2.819215521849633e-05,0.035708
25.247709035873413,3.2607566972217876,1.4140931820995064,-2.153281296182459,1.5336435653402865,2.0778257580219575,-0.3649522834596026,-2.286475081670966e-05,0.035557
25.275723934173584,3.267386049930619,1.4052002822537704,-2.093863971812628,1.4388970432181563,2.0653035351699196,-0.3774745063116405,-2.3649284900094415e-05,0.035557
25.303287029266357,3.2699731145309037,1.4084340639654724,-2.016450965198824,1.4022774547038224,1.9403266977125706,-0.5024513437689895,-3.147925165419754e-05,0.035557
25.330803394317627,3.2693263483740624,1.4119912239148273,-1.971217080551615,1.4093170180227272,1.8280416374177633,-0.6147364040637968,-3.8514061519592396e-05,0.035557
25.356840133666992,3.2557442601219986,1.4090808203147167,-2.1276129665083925,1.3875120325246748,2.1876671962456657,-0.25511084523589433,-1.5983037156704294e-05,0.035557
25.384387731552124,3.263990527752294,1.4053619713379901,-2.1229110439398298,1.3380901190832477,2.2492262240455743,-0.19355181743598582,-1.2126281369835477e-05,0.035557
25.411425828933716,3.269649731451919,1.4024515678440062,-2.0412615256869135,1.2767621008277583,2.1665260918240925,-0.2762519496574676,-1.7307555748578835e-05,0.035557
25.43794894218445,3.2707815722333056,1.4050385931696945,-1.9684352278447863,1.2575948692246979,1.9680829205971604,-0.4746951208843999,-2.9740287004208055e-05,0.035557
25.46597647666931,3.26981142299127,1.4008346770341025,-1.9308896494228123,1.2055639378632252,1.891248555398329,-0.5515294860832314,-3.455406319921524e-05,0.035557
25.494523763656616,3.2555825686071507,1.3972775173027494,-2.1016225693765307,1.1364690126336596,2.6966570013161504,0.2538789598345903,1.5905857881461654e-05,0.035405
25.524603605270386,3.2563910261842017,1.3954989374630469,-2.209941590013759,1.0717659285732737,3.0098406069362937,0.5670625654547337,3.5527231488172896e-05,0.035405
25.55764126777649,3.265284059996047,1.403906769585184,-2.1626306413969134,1.103701506840619,2.8832143853230137,0.4404363438414536,2.759392860100357e-05,0.035405
25.58418607711792,3.2568761007338067,1.4079489967050502,-2.245930826383044,1.1631851326601983,2.791770175055831,0.3489921335742707,2.18648259863562e-05,0.035405
25.61022400856018,3.264152219281777,1.3877378620010736,-2.2034947409911587,1.019180073795738,-3.1163536543708124,0.7240536113272142,4.5362931405710856e-05,0.035405
25.638726472854614,3.2753089354971965,1.408272374878521,-2.0193119363819405,1.1069904272470263,2.6389887314542233,0.19621068997266278,1.2292863306049724e-05,0.035405
25.67127776145935,3.2707815722333056,1.4009963661144478,-1.9530705153312968,1.1016259772792851,2.383326622694793,-0.05945141878676763,-3.7247112509429243e-06,0.035405
25.702321529388428,3.263990527752294,1.4092425094023877,-2.000731328115867,1.1736134528719786,2.2818883808150017,-0.16088966066655885,-1.0079953371583837e-05,0.035405
25.735855102539062,3.259948239606759,1.3764196275399279,-2.090064017320915,0.9225194925965735,-2.68463550878145,1.1557717569165753,7.241065317464556e-05,0.035405
25.76137661933899,3.2591397819987664,1.3914567106189268,-2.1637909235232575,0.8848725460476636,-2.6807337202177446,1.1596735454802807,7.265510546962205e-05,0.035405
25.789936780929565,3.25671440921699,1.3781982071949381,-2.248981828557037,0.7367374925228084,-2.478819890936717,1.3615873747613083,8.530527811464233e-05,0.035247
25.821995735168457,3.2568761007338067,1.368658552881876,-2.306376657395139,0.5454191889402341,-2.2988162295885255,1.5415910361094998,9.658274930568742e-05,0.035247
25.848031520843506,3.259948239606759,1.3943671139376965,-2.3040157478164036,0.647635010725335,-2.415345745548879,1.4250615201491463,8.928201859106455e-05,0.035247
25.87707829475403,3.2660925176575515,1.4052002822537704,-2.2172885273589937,0.8186910549876921,-2.593578128667722,1.246829137030303,7.811552036053142e-05,0.035247
25.905107498168945,3.2683561991472634,1.4081106857917136,-2.125236203920269,0.96516296522161,-2.9032455293082853,0.93716173638974,5.871444171927824e-05,0.035247
25.933658838272095,3.2675477414660214,1.4192672331196001,-2.0719936022862107,1.1701685768167358,2.4933734875299653,0.050595446048404824,3.1698726622301245e-06,0.035247
25.96018886566162,3.264475602341588,1.4066554840169196,-2.077261074389803,1.1978308908233273,2.421271802822212,-0.02150623865934831,-1.347394742373542e-06,0.035247
25.986265659332275,3.27579401014575,1.4170035857801004,-1.9242319543459747,1.3122440395601827,1.7211565802424607,-0.7216214612390996,-4.5210553935466225e-05,0.035095
26.02078151702881,3.2707815722333056,1.4095658875781611,-1.8865145279061333,1.3240163942080045,1.5897698744080373,-0.853008167073523,-5.3442107554077726e-05,0.035095
26.048328161239624,3.280321373654942,1.4129613584585734,-1.7280228262351072,1.3634451690447202,1.1448700181066964,-1.2979080233748639,-8.131568120674434e-05,0.035095
26.083359003067017,3.27660246789899,1.4171652748748393,-1.6685711548677338,1.4296591832477912,1.0859537449877932,-1.3568242964937673,-8.500686486270864e-05,0.035095
26.109903812408447,3.2617268463691125,1.4110210893762707,-1.8329250434348863,1.4195733346821005,1.4507873086641883,-0.991990732817372,-6.21495519998989e-05,0.035095
26.145970821380615,3.268841273759393,1.4173269639697224,-1.8494653502627099,1.4704340481279194,1.5016601771179012,-0.9411178643636591,-5.896229845130136e-05,0.035095
26.17851233482361,3.268841273759393,1.4199139895075223,-1.8610435650421986,1.529798930664063,1.5329397278352799,-0.9098383136462802,-5.7002592579531784e-05,0.035095
26.20501947402954,3.2699731145309037,1.4189438549265077,-1.8534766804595317,1.5624434547279769,1.5210575496610088,-0.921720491820551,-5.774702700405161e-05,0.035095
26.23556137084961,3.2660925176575515,1.4231477714818863,-1.9019111802091917,1.623908494667874,1.607961519156027,-0.834816522325533,-5.23023765729043e-05,0.035095
26.267078161239624,3.264475602341588,1.4288068900766309,-1.9582033789358892,1.7189142378297109,1.6844002565675196,-0.7583777849140407,-4.751338699023976e-05,0.035095
26.29715657234192,3.269002965297334,1.4312322266717332,-1.934921380135366,1.8076954936309604,1.64157094345329,-0.8012070980282706,-5.019670099152371e-05,0.034934
26.325680255889893,3.2657691345921043,1.4283218227615377,-1.9634000797938842,1.843109690022355,1.6734955952401207,-0.7692824462414398,-4.8196578671157654e-05,0.034934
26.351215600967407,3.2693263483740624,1.4202373677023516,-1.934081460768151,1.7936421779046003,1.6417083523643579,-0.8010696891172024,-5.018809213865729e-05,0.034934
26.377758502960205,3.2636671446941734,1.42427959518661,-1.9919165996318404,1.7961436438016294,1.7169288657221167,-0.7258491757594436,-4.547542592945814e-05,0.034934
26.404316902160645,3.2612417717941833,1.4349510761811926,-2.065983269165333,1.895914506297354,1.7841027664027094,-0.6586752750788509,-4.126689081388551e-05,0.034934
26.431875705718994,3.262696995526573,1.4244412842878653,-2.0976806945467144,1.8692194226690444,1.826963330993551,-0.6158147104880092,-3.858161886561021e-05,0.034934
26.465397596359253,3.269488039912849,1.4322023613189439,-2.025839086105403,1.9218200173379034,1.7337386993464259,-0.7090393421351342,-4.442226727143668e-05,0.034934
26.492401361465454,3.264152219281777,1.42427959518661,-2.049430522796822,1.8858681314049415,1.7677218511446762,-0.6750561903368837,-4.229317716007305e-05,0.034934
26.528934955596924,3.263505453165536,1.4375381019724036,-2.0748997479011035,1.9824840330713824,1.7740827390364213,-0.6686953024451388,-4.189465898876841e-05,0.034934
26.561487197875977,3.2607566972217876,1.434789387070482,-2.130787887314344,2.024867629706848,1.8199683128732544,-0.6228097286083054,-3.9019866147591245e-05,0.034785
26.59406304359436,3.2555825686071507,1.432525739535846,-2.2415513359005965,2.0337440603815433,1.9206694569339484,-0.5221085845476114,-3.271080419549575e-05,0.034785
26.619091749191284,3.2544507280110855,1.4310705375643744,-2.334757382410074,2.0265912203686924,2.004663073221304,-0.43811496826025564,-2.7448491302425987e-05,0.034785
26.64513611793518,3.2593014735198023,1.4320406722107115,-2.3328374743417024,2.0304951266710813,2.0015115424410026,-0.44126649904055704,-2.7645938939414836e-05,0.034785
26.671169996261597,3.2568761007338067,1.4216925695862515,-2.3650756094443883,1.9381783242394854,2.0691832302298208,-0.3735948112517389,-2.3406216792810496e-05,0.034785
26.6997127532959,3.2573611752859426,1.4250880406943363,-2.380925889936274,1.9047446912118242,2.0997056805622454,-0.34307236091931426,-2.149394427720768e-05,0.034785
26.725224018096924,3.259624856562718,1.4252497297963165,-2.360677820110412,1.882826297091608,2.0929376478361705,-0.3498403936453891,-2.191797061932034e-05,0.034785
26.753268241882324,3.2612417717941833,1.4328491177533307,-2.3241161235003327,1.9372854256734013,2.0327048876732565,-0.4100731538083031,-2.569163395709231e-05,0.034634
26.785923719406128,3.272398487659279,1.4213691913888156,-2.1440453958890324,1.8699612356027342,1.8768892803449237,-0.5658887611366361,-3.545369107081626e-05,0.034634
26.81798005104065,3.2591397819987664,1.4278367554477527,-2.2015778885209603,1.8822402623330923,1.935438236783569,-0.5073398046979909,-3.1785520298304306e-05,0.034634
26.8480167388916,3.2612417717941833,1.4246029733892653,-2.212746171387729,1.8611326008878826,1.9563988489768844,-0.48637919250467565,-3.0472309786994026e-05,0.034634
26.87433648109436,3.2605950056982196,1.4320406722107115,-2.2295191885340344,1.9146740930345194,1.951354319930591,-0.49142372155096936,-3.078835630830296e-05,0.034634
26.90312910079956,3.263828836223093,1.4199139895075223,-2.196484204214806,1.8407669620986815,1.947468132995202,-0.49530990848635836,-3.103183114030701e-05,0.034634
26.935680627822876,3.260433314174932,1.4205607458977603,-2.220374616288138,1.7949725662777751,1.9966827156131404,-0.44609532586841993,-2.7948471426975908e-05,0.034634
26.963257312774658,3.259786548084598,1.4234711496825108,-2.2460531238010693,1.7896491707203914,2.028725414953259,-0.4140526265283011,-2.5940953268817394e-05,0.034634
26.989853382110596,3.2578462498406098,1.426543242617387,-2.290893735870919,1.814140624788841,2.0637545376446935,-0.37902350383686656,-2.3746331675892747e-05,0.034634
27.020390510559082,3.255097494064293,1.4279984445522025,-2.3603418438417427,1.8446509837851985,2.115795508551185,-0.32698253293037505,-2.0485894939460386e-05,0.034634
27.052969217300415,3.25671440921699,1.4417420189628902,-2.386567472779983,1.9922459068292695,2.0636616328101867,-0.3791164086713734,-2.375215228857814e-05,0.034482
27.08801770210266,3.260918388745638,1.4389933039963883,-2.346716489946623,2.0703148178358917,1.9974071315924373,-0.44537090988912276,-2.7903085792730095e-05,0.034482
27.115585803985596,3.260271622651926,1.434466008849499,-2.3277760210716534,2.083378880887344,1.976633347688372,-0.4661446937931881,-2.9204591260743437e-05,0.034482
27.142626523971558,3.2589780904780126,1.4334958741900488,-2.3324281308888692,2.0836128305915254,1.980469199453537,-0.462308842028023,-2.8964269994771565e-05,0.034482
27.169647693634033,3.2570377922509044,1.4372147237464585,-2.3625502643379854,2.117935024301751,1.992804950573413,-0.4499730909081472,-2.8191418615903214e-05,0.034482
27.19721508026123,3.2614034633188775,1.4362445890721274,-2.323188029665015,2.1330496653303905,1.9554666152770954,-0.48731142620446466,-3.0530715480600196e-05,0.034482
27.22372579574585,3.2517019723351077,1.4385082366537452,-2.4299627461778197,2.1644220014521043,2.028327356782856,-0.41445068469870394,-2.596589214792383e-05,0.034482
27.254289865493774,3.2528338128977365,1.434466008849499,-2.4890334157006495,2.14925390941869,2.0777061309897116,-0.3650719104918485,-2.287224561098061e-05,0.034482
27.28281283378601,3.25671440921699,1.434304319739226,-2.4766515730812255,2.13715109591998,2.073548614373854,-0.3692294271077059,-2.3132719611956227e-05,0.034482
27.313844442367554,3.2570377922509044,1.4409335733801192,-2.4635066738726374,2.1895702396585444,2.043600833000874,-0.39917720848068594,-2.500898834526937e-05,0.034333
27.344887256622314,3.2504084402803812,1.430423781136395,-2.5460962335025425,2.129728949681747,2.126693877880774,-0.3160841636007863,-1.980309746065765e-05,0.034333
27.371933937072754,3.2541273449861676,1.4354361435141987,-2.552416419981865,2.13387966765949,2.129301748427423,-0.31347629305413705,-1.9639710867632065e-05,0.034333
27.398390769958496,3.2517019723351077,1.4436822883764742,-2.590422619399594,2.2125277752746286,2.1220528953517928,-0.3207251461297673,-2.009386125055349e-05,0.034333
27.428914070129395,3.2620502294204727,1.4422270863143096,-2.4737434589906115,2.2542151082870565,2.027250057158913,-0.4155279843226469,-2.6033386416552286e-05,0.034333
27.460460424423218,3.2539656534741304,1.4267049317206744,-2.5040082824428884,2.140821930096662,2.092006675788564,-0.3507713656929963,-2.1976297268722487e-05,0.034333
27.49449872970581,3.2618885378946514,1.4368913455210974,-2.415492227931131,2.1550110957604747,2.0197429840655095,-0.42303505741605063,-2.6503714630466596e-05,0.034333
27.521026372909546,3.2578462498406098,1.4370530346337052,-2.4095011087619294,2.1664286608219183,2.010867332983166,-0.43191070849839397,-2.705978609386464e-05,0.034333
27.547549962997437,3.2507318232923783,1.4436822883764742,-2.503814728853523,2.2353120704883294,2.055037547777686,-0.3877404937038742,-2.4292462801012767e-05,0.034333
27.576152324676514,3.25671440921699,1.4419037080798838,-2.486998492288235,2.267193816658511,2.0319220024211115,-0.41085603906044854,-2.5740682769826656e-05,0.034333
27.60370397567749,3.2584930159174377,1.4457842469316653,-2.4506002749373317,2.3251546186704357,1.9876912812602459,-0.45508676022131445,-2.8511796867811224e-05,0.034175
27.63022756576538,3.2575228668038836,1.4370530346337052,-2.438554351080211,2.2855291268588838,1.9916318793728378,-0.4511461621087225,-2.8264913102462255e-05,0.034175
27.657758474349976,3.256067643152538,1.4398017495703836,-2.450271446550146,2.2830388174410947,2.0008053877408143,-0.4419726537407458,-2.769018047999325e-05,0.034175
27.68528151512146,3.2555825686071507,1.4472394490228546,-2.4651898273656623,2.3496124618030176,1.9902213816719962,-0.45255665980956383,-2.8353282678209407e-05,0.034175
27.713319540023804,3.2559059516371276,1.4472394490228546,-2.471155084616046,2.3962140128563596,1.9804411153584198,-0.4623369261231405,-2.8966029501057393e-05,0.034175
27.738821983337402,3.259624856562718,1.4423887754317422,-2.4238382563862686,2.38428062373535,1.9518373570701342,-0.49094068441142635,-3.075809338262356e-05,0.034175
27.767881870269775,3.2578462498406098,1.4354361435141987,-2.4153433286805384,2.312065839497016,1.9666743203728754,-0.47610372110868493,-2.982853770049998e-05,0.034175
27.794426918029785,3.2578462498406098,1.449988164116435,-2.409396879286515,2.3951789135336345,1.9388859657994006,-0.5038920756821597,-3.156951544396217e-05,0.034023
27.82041335105896,3.249438291251128,1.4328491177533307,-2.521652204413557,2.295932257182815,2.0468299516900674,-0.3959480897914931,-2.48066797215609e-05,0.034023
27.84944438934326,3.258169632878461,1.446916070779341,-2.479335482870136,2.3556675712606108,1.9981804473133904,-0.44459759416817013,-2.785463652398019e-05,0.034023
27.87697410583496,3.2636671446941734,1.4457842469316653,-2.3735944151032324,2.3870862468919056,1.915502893467293,-0.5272751480142674,-3.303449633717509e-05,0.034023
27.902544021606445,3.247821376224825,1.4430355319029362,-2.5189785243765077,2.3838317841380148,2.0161104152525136,-0.42666762622904697,-2.6731299946405314e-05,0.034023
27.929595232009888,3.2531571959181584,1.4419037080798838,-2.5468668512515373,2.371157616213295,2.038444342750274,-0.40433369873128644,-2.5332049386431e-05,0.034023
27.957626819610596,3.243132322807149,1.4438439774952248,-2.705194557668971,2.3801074884154856,2.132971959328766,-0.30980608215279437,-1.940976722429202e-05,0.034023
27.984692335128784,3.2515402808272844,1.442550464549321,-2.699606120341613,2.374491205769165,2.13177058055476,-0.3110074609268003,-1.948503521835341e-05,0.034023
28.020214080810547,3.253642270450899,1.442550464549321,-2.666589754615675,2.3705598079167385,2.113560161419564,-0.3292178800619965,-2.0625942440105848e-05,0.034023
28.051257133483887,3.2557442601219986,1.4234711496825108,-2.6143738383532593,2.1925602398676642,2.151683375035331,-0.2910946664462295,-1.8237471894330532e-05,0.033872
28.08430051803589,3.2580079413593945,1.4419037080798838,-2.546479431344632,2.2372675352240483,2.086045317109699,-0.35673272437186165,-2.23497843981334e-05,0.033872
28.114375114440918,3.257199483768283,1.447724516389226,-2.510147369963671,2.322028011803604,2.029342830539869,-0.41343521094169144,-2.590227135291223e-05,0.033872
28.14789891242981,3.2578462498406098,1.4433589101394124,-2.475759708184716,2.341261317873168,1.9989498148326434,-0.4438282266489173,-2.7806434615370583e-05,0.033872
28.179435968399048,3.2584930159174377,1.441418640729343,-2.4427331260648617,2.3369028424207903,1.976800750042417,-0.46597729143914357,-2.9194103278382908e-05,0.033872
28.21602201461792,3.2578462498406098,1.4399634386856215,-2.4285697374555393,2.3204855674553544,1.9715853308584534,-0.4711927106231073,-2.9520856296381812e-05,0.033872
28.242043256759644,3.2534805789397043,1.4389933039963883,-2.4791030912031298,2.3000825802741534,2.0151443794145063,-0.42763366206705467,-2.6791823389378928e-05,0.033872
28.2680721282959,3.2580079413593945,1.440448506032212,-2.4517899083395456,2.2991668313235376,1.995517153149377,-0.4472608883321838,-2.8021495481086863e-05,0.033872
28.295088529586792,3.2528338128977365,1.438023169312417,-2.5043124292138614,2.2762485703248134,2.0418892053223052,-0.40088883615925575,-2.5116224118643604e-05,0.033872
28.323628902435303,3.2557442601219986,1.4376997910855955,-2.500779710571963,2.25723548941742,2.0464002893257645,-0.3963777521557965,-2.4833598645870645e-05,0.033713
28.350682735443115,3.2643139108115418,1.441418640729343,-2.379650155058564,2.2780847625017637,1.9470189862755847,-0.4957590552059763,-3.105997078565148e-05,0.033713
28.376704931259155,3.2562293346682294,1.442550464549321,-2.4067997046650325,2.3030752976295616,1.9602717744724691,-0.48250626700909205,-3.0229665802008508e-05,0.033713
28.407397985458374,3.2554208770925834,1.4454608686907926,-2.4369984127004902,2.3473013570128205,1.9690988262656013,-0.4736792152159599,-2.967663914936531e-05,0.033713
28.434959173202515,3.2531571959181584,1.4410952624963806,-2.4894807730783315,2.3381605715538547,2.0098952712402176,-0.43288277024134336,-2.7120687067877738e-05,0.033713
28.460485219955444,3.2559059516371276,1.4144165602839287,-2.4881587466149204,2.0867124333298426,2.1109606245308874,-0.33181741695067357,-2.0788806918264467e-05,0.033713
28.488495111465454,3.2460427697282936,1.4409335733801192,-2.6238004053664485,2.15426317584544,2.1803913500073717,-0.26238669147418925,-1.6438878697527867e-05,0.033713
28.51802349090576,3.2539656534741304,1.436729656408636,-2.6090481449059704,2.1629348186892003,2.165840874609316,-0.2769371668722451,-1.735048552756991e-05,0.033713
28.5450439453125,3.2549358025505697,1.4362445890721274,-2.585288734808993,2.1645495214016073,2.1480727460339915,-0.2947052954475695,-1.846368265159618e-05,0.033713
28.57206916809082,3.246851227222509,1.4351127652920488,-2.680597374918855,2.1552837696980185,2.218704992224427,-0.22407304925713412,-1.4038477544069945e-05,0.033713
28.600594520568848,3.25121689781248,1.426543242617387,-2.686865701526933,2.0700848440731785,2.2682951532615854,-0.1744828882199756,-1.0931587338242136e-05,0.033562
28.627647399902344,3.2457193867325698,1.4250880406943363,-2.767372882651066,1.9970792550954108,2.3639680042566478,-0.0788100372249132,-4.937554701456518e-06,0.033562
28.65967845916748,3.247821376224825,1.4276750663434485,-2.7946234516600077,1.9697377269574716,2.397971942078967,-0.04480609940259406,-2.807162317762121e-06,0.033562
28.690213441848755,3.250246748774804,1.4254114188984424,-2.7801167824836264,1.9298065711140464,2.415834625127628,-0.026943416353932825,-1.688041228961721e-06,0.033562
28.717207193374634,3.2510552063054985,1.4339809415191178,-2.758768091371634,1.9805676609601102,2.3689465643713477,-0.07383147711021332,-4.625641222331176e-06,0.033562
28.751222610473633,3.249923365764492,1.4339809415191178,-2.759495639329976,2.016100423852352,2.346989390002059,-0.09578865147950211,-6.00128769269613e-06,0.033562
28.780752182006836,3.2465278442239813,1.4317172939946832,-2.8070198169685763,2.0201812710004954,2.373531806753031,-0.06924623472853009,-4.338369627541969e-06,0.033562
28.810779809951782,3.2491149082436226,1.4228243932818418,-2.8044658698003238,1.9413546680962996,2.4229196324035542,-0.019858409078006733,-1.2441560054937144e-06,0.033562
28.837783813476562,3.255097494064293,1.4407718842640038,-2.719842337592322,2.0510275910529776,2.299961440963274,-0.14281660051828693,-8.947651874883143e-06,0.03341
28.870304107666016,3.2517019723351077,1.4328491177533307,-2.7076207617269246,2.0550263314463586,2.289444676632351,-0.1533333648492099,-9.606541287891109e-06,0.03341
28.896366596221924,3.249438291251128,1.4359212108485182,-2.730408922121836,2.086043282152836,2.2866178681808225,-0.1561601733007385,-9.783644634767208e-06,0.03341
28.928397178649902,3.2487915252372397,1.4365679672963205,-2.7553158524013925,2.1136957440102937,2.287161162750139,-0.15561687873142205,-9.749606500165792e-06,0.03341
28.95842146873474,3.2483064507297694,1.4338192524092825,-2.779467117058657,2.1078049329161757,2.3055614748288007,-0.13721656665276027,-8.596802230412908e-06,0.03341
28.991955041885376,3.252510429878438,1.4357595217369323,-2.738164084489852,2.121503154094329,2.2718283238968637,-0.17094971758469724,-1.0710229451663799e-05,0.03341
29.01998782157898,3.2531571959181584,1.4323640504273223,-2.70029674333088,2.0999037783935237,2.2586392484840276,-0.18413879299753333,-1.1536542743797704e-05,0.03341
29.047016143798828,3.2487915252372397,1.4362445890721274,-2.73423732724773,2.120427793194633,2.269886996603922,-0.17289104487763884,-1.083185621444497e-05,0.03341
29.073029279708862,3.2439407802761355,1.4276750663434485,-2.8251598690321784,2.0560817036269214,2.363690642347342,-0.07908739913421892,-4.954931797668122e-06,0.03326
29.10757350921631,3.2541273449861676,1.4398017495703836,-2.747760964852602,2.122425621178721,2.277391112265166,-0.16538692921639475,-1.0361713287628328e-05,0.03326
29.137107372283936,3.2528338128977365,1.4474011381448315,-2.711492168772991,2.238668373602174,2.194541094032821,-0.2482369474487398,-1.5552378226301362e-05,0.03326
29.16762685775757,3.2573611752859426,1.4512816771163433,-2.623417481466283,2.3556818810911424,2.086259533630769,-0.356518507850792,-2.2336363445321023e-05,0.03326
29.19467043876648,3.2552591855782977,1.4459459360523217,-2.590869661111883,2.388581412943977,2.0521172966956684,-0.3906607447858925,-2.447542045421503e-05,0.03326
29.223191261291504,3.248629833734469,1.4407718842640038,-2.659877174185522,2.3640863124463567,2.1073128175223554,-0.3354652239592055,-2.10173469276237e-05,0.03326
29.25221586227417,3.249599982755302,1.446431003415171,-2.6947496063323455,2.398919962412791,2.1162630044989488,-0.3265150369826122,-2.045660569032324e-05,0.03326
29.28224015235901,3.2465278442239813,1.440448506032212,-2.7616975938702493,2.36835299882058,2.1697438188908955,-0.27303422259066545,-1.710596082531606e-05,0.03326
29.309805631637573,3.257199483768283,1.4362445890721274,-2.6608000837316013,2.3083422474935733,2.130419403366415,-0.31235863811514575,-1.9569688284304597e-05,0.033108
29.341825246810913,3.25121689781248,1.4393166822255479,-2.673007597695849,2.294552554530667,2.1445352457131746,-0.2982427957683864,-1.868531179878978e-05,0.033108
29.370864391326904,3.252025355351597,1.4234711496825108,-2.670358834665657,2.1393551624974116,2.217810267272984,-0.22496777420857716,-1.4094533264204939e-05,0.033108
29.402385473251343,3.2453960037379677,1.4334958741900488,-2.760295684678843,2.122796227718572,2.2882204990820973,-0.15455754239946362,-9.683237655911122e-06,0.033108
29.428425550460815,3.2505701317862394,1.4328491177533307,-2.7516097365330596,2.1052643771122748,2.2925876226928397,-0.1501904187887213,-9.409631495130802e-06,0.033108
29.465455770492554,3.2570377922509044,1.4296153356046946,-2.6559773882889104,2.0632891007033756,2.2504066517615042,-0.19237138972005674,-1.2052325987707163e-05,0.033108
29.492544889450073,3.2460427697282936,1.4260581753083967,-2.7412734545382476,2.0012331287514717,2.350604845220439,-0.09217319626112186,-5.774774566449621e-06,0.033108
29.521055221557617,3.250246748774804,1.4257347971031291,-2.742771784498394,1.9548236503748218,2.383659492776697,-0.059118548704863993,-3.7038564931512613e-06,0.033108
29.547581672668457,3.2479830677261923,1.4331724959713983,-2.77516387848148,1.9906538710995276,2.3801362409990405,-0.06264180048252044,-3.924592949975105e-06,0.033108
29.57710313796997,3.254289036498486,1.4267049317206744,-2.7105249668438476,1.956329064065391,2.3602490069270172,-0.08252903455454375,-5.17055488006596e-06,0.033108
29.60718822479248,3.2507318232923783,1.4318789831026246,-2.7145314295108616,1.9798264682035356,2.3465366142435835,-0.09624142723797746,-6.029654702200077e-06,0.032957
29.637210607528687,3.2552591855782977,1.4289685791819529,-2.6546494247430754,1.9695419683345183,2.3095073981458487,-0.13327064333571226,-8.349584833851163e-06,0.032957
29.66823697090149,3.257684558322106,1.4406101951480346,-2.579149951239225,2.0692735520920924,2.184829379727353,-0.25794866175420816,-1.616083017375215e-05,0.032957
29.695765018463135,3.255097494064293,1.4313939157792377,-2.562121194599557,2.0544321626645208,2.179267560129123,-0.26351048135243804,-1.650928564304118e-05,0.032957
29.724802255630493,3.254289036498486,1.426866620824107,-2.5613950881264995,2.0024590171733796,2.2109018479167806,-0.2318761935647804,-1.4527355017283258e-05,0.032957
29.751821517944336,3.2547741110371273,1.42913026828742,-2.554170399702206,1.9868699016445899,2.214801456456778,-0.2279765850247828,-1.4283039303720587e-05,0.032957
29.777873754501343,3.258169632878461,1.429453646498791,-2.5020982195722006,1.9789278188408108,2.1720693102392943,-0.2707087312422667,-1.6960265668394436e-05,0.032957
29.81243395805359,3.2559059516371276,1.4234711496825108,-2.496990959160631,1.9184178475145135,2.209174084096923,-0.2336039573846378,-1.463560174158561e-05,0.032957
29.839978456497192,3.249761674259757,1.4207224349956815,-2.578490451300534,1.8508133350307276,2.340278775180817,-0.10249926630074402,-6.421716725938771e-06,0.032808
29.87349033355713,3.2505701317862394,1.426866620824107,-2.6243460731682493,1.859925837829725,2.3717200419576687,-0.07105799952389225,-4.451879125802248e-06,0.032808
29.904010772705078,3.259786548084598,1.426543242617387,-2.528833143617163,1.8633342917653717,2.2833713623193654,-0.15940667916219553,-9.987042588175051e-06,0.032808
29.93053364753723,3.2531571959181584,1.4225010150823771,-2.5537650847200006,1.828591484674707,2.3373431672891716,-0.1054348741923894,-6.605636503893709e-06,0.032808
29.95957064628601,3.252510429878438,1.430100402923278,-2.58017266185278,1.8740735231106544,2.3220732349528794,-0.12070480652868154,-7.562318277597379e-06,0.032808
29.988595008850098,3.253318887428791,1.422015947784267,-2.587463942885006,1.8316534996908747,2.365292894812002,-0.07748514666955897,-4.854548528374332e-06,0.032808
30.0161190032959,3.2544507280110855,1.42427959518661,-2.576896207299163,1.82275156905202,2.3639401489658987,-0.07883789251566231,-4.939299872841303e-06,0.032808
30.04517364501953,3.2549358025505697,1.4168418966855063,-2.562782378484232,1.7482033653889597,2.424378612228618,-0.018399429252943023,-1.1527489595356611e-06,0.032808
30.072211503982544,3.2523487383692107,1.4236328387830408,-2.5887235720682167,1.7583958790840464,2.4370336234094965,-0.005744418072064494,-3.598955089680846e-07,0.032656
30.106229305267334,3.2487915252372397,1.4228243932818418,-2.656136107363853,1.758104893754784,2.4925213227432876,0.04974328126172667,3.1164833935907703e-06,0.032656
30.132271766662598,3.2528338128977365,1.4262198644112485,-2.6473547685308687,1.789089332894606,2.455117088858612,0.012339047377051049,7.730578938084016e-07,0.032656
30.16528582572937,3.2557442601219986,1.4192672331196001,-2.6009093480938663,1.7469170341878346,2.4594299399147403,0.01665189843317938,1.0432638061352193e-06,0.032656
30.19383192062378,3.2505701317862394,1.4174886530647504,-2.640039300923586,1.7010597867172241,2.5409378539594285,0.09815981247786754,6.149844114538405e-06,0.032656
30.2263445854187,3.248629833734469,1.426866620824107,-2.694295922053681,1.7550983540102718,2.523845274560762,0.08106723307920083,5.078971053927456e-06,0.032656
30.25387406349182,3.2504084402803812,1.4283218227615377,-2.7076487072292768,1.8062916922878722,2.484011434213927,0.041233392732365814,2.5833274454835163e-06,0.032656
30.283394813537598,3.2483064507297694,1.4299387138169382,-2.746100115438162,1.8569785194006747,2.465823114734777,0.023045073253216142,1.4438047968699273e-06,0.032656
30.315478563308716,3.2547741110371273,1.4258964862056904,-2.6834639188203573,1.855330572833754,2.4218844549728917,-0.020893586508669237,-1.3090112621283804e-06,0.032505
30.343011379241943,3.2554208770925834,1.4237945278837154,-2.6306633626092255,1.8348700732825618,2.397849933893843,-0.044928107587717925,-2.814806294459598e-06,0.032505
30.370537281036377,3.252187046860264,1.4092425094023877,-2.6384790655323034,1.686884320074275,2.556901380754713,0.11412333927315199,7.149980512836758e-06,0.032505
30.402085065841675,3.2552591855782977,1.4202373677023516,-2.601412769958087,1.6842844189409438,2.5302940329484125,0.08751599146685152,5.482994429841258e-06,0.032505
30.433133840560913,3.2538039619623738,1.4258964862056904,-2.5956156047356163,1.734444702511947,2.4678498063671537,0.025071764885592707,1.5707797501907227e-06,0.032505
30.464173316955566,3.250246748774804,1.4191055440229816,-2.6408112896365625,1.7071806439700716,2.5357055688071193,0.09292752732555831,5.822034420965785e-06,0.032505
30.490696907043457,3.2544507280110855,1.4192672331196001,-2.6142393500252417,1.689580951940657,2.534750346876627,0.09197230539506585,5.762188483824843e-06,0.032505
30.52422332763672,3.2589780904780126,1.4254114188984424,-2.532952461156375,1.733696828602283,2.4090828526967076,-0.033695188784853336,-2.111048841739724e-06,0.032505
30.551743745803833,3.2584930159174377,1.4056853495068602,-2.4827680531450174,1.5833897740135594,2.558381202807695,0.11560316132613391,7.2426933523722555e-06,0.032505
30.581254482269287,3.248953216740291,1.4155483839339542,-2.579728439622672,1.5687689174593447,2.667732503612306,0.2249544621307451,1.4093699244646005e-05,0.032505
30.6077823638916,3.2620502294204727,1.422015947784267,-2.466257533146772,1.6179402757349632,2.48650985411513,0.04373181263356907,2.739856808541589e-06,0.032356
30.637299299240112,3.2549358025505697,1.4258964862056904,-2.4853353065775607,1.6880038022677566,2.4117736871279494,-0.031004354353611596,-1.9424644498950416e-06,0.032356
30.67231512069702,3.258169632878461,1.422662704182037,-2.453913654384945,1.7073452910042113,2.3505325969971835,-0.09224544448437744,-5.779301014691097e-06,0.032356
30.69888138771057,3.263828836223093,1.4284835118664234,-2.3535603303104535,1.7743496972094643,2.1397723397630912,-0.30300570171846974,-1.8983714254803276e-05,0.032356
30.7279109954834,3.259463165041119,1.4312322266717332,-2.3437607331241277,1.8465003151967865,2.0639863547737627,-0.3787916867077983,-2.3731808021345515e-05,0.032356
30.753955602645874,3.2568761007338067,1.4368913455210974,-2.372721890592102,1.9489859653305655,2.03226639584966,-0.4105116456319009,-2.571910605888788e-05,0.032356
30.780994415283203,3.263990527752294,1.4333341850806507,-2.294487290798437,1.9880526406344912,1.9121082150260813,-0.5306698264554797,-3.324717750175195e-05,0.032356
30.80952739715576,3.2636671446941734,1.434466008849499,-2.2442006806530324,2.025795356846362,1.8319106532175582,-0.610867388264003,-3.827166248230019e-05,0.032356
30.83554172515869,3.260918388745638,1.439154993110895,-2.2470597354577477,2.095284581962066,1.813303698497952,-0.6294743429836092,-3.943741319110124e-05,0.032205
30.862574100494385,3.254289036498486,1.4309088484571613,-2.3408520667272352,2.0681844364278423,1.9331222382981934,-0.5096558031833678,-3.1930620714605394e-05,0.032205
30.88959312438965,3.257684558322106,1.4368913455210974,-2.3594918006281427,2.1041648501923045,1.9385930282325856,-0.5041850132489754,-3.1587868376040306e-05,0.032205
30.923125505447388,3.262211920946575,1.439478371340347,-2.3098530810364637,2.1531135255366696,1.8661585994753132,-0.576619442006248,-3.6125982642337464e-05,0.032205
30.951650142669678,3.2625353039996257,1.443197221021101,-2.2706283676823413,2.2215360283371584,1.8048311767575733,-0.6379468647239879,-3.996822805968216e-05,0.032205
30.978174448013306,3.26673928379183,1.4482095837569187,-2.1849621415950726,2.315471404547442,1.7008116057877356,-0.7419664356938256,-4.6485193915438075e-05,0.032205
31.01122260093689,3.2659308261246873,1.4457842469316653,-2.1361898079118236,2.358948930192684,1.649289434301246,-0.7934886071803149,-4.971312717127907e-05,0.032205
31.036733865737915,3.258169632878461,1.450473231490298,-2.2095118053189373,2.43245252464193,1.709046153925704,-0.7337318875558569,-4.5969288412729544e-05,0.032205
31.06528091430664,3.2605950056982196,1.450473231490298,-2.227255132285866,2.483905040756401,1.7179406676665328,-0.7248373738150282,-4.541203517843827e-05,0.032053
31.09332776069641,3.262211920946575,1.4472394490228546,-2.21728741319687,2.4902188181237315,1.7088088270753954,-0.7339692144061654,-4.5984157258713944e-05,0.032053
31.12285280227661,3.257199483768283,1.4528985683794668,-2.2797129572602395,2.5466186844826915,1.7522757531719195,-0.690502288309641,-4.326089594755304e-05,0.032053
31.15589475631714,3.2557442601219986,1.446431003415171,-2.343560080204432,2.52669262283823,1.8060361794763133,-0.636741862005247,-3.98927330206149e-05,0.032053
31.184940338134766,3.2591397819987664,1.4444907339716928,-2.3412381675417318,2.494922589679163,1.8103191377298078,-0.6324589037517527,-3.962439993252955e-05,0.032053
31.21748924255371,3.266415900724127,1.4449758013305831,-2.2388666113394886,2.477139013951616,1.7282493898062232,-0.7145286516753373,-4.4766179888184086e-05,0.032053
31.245513677597046,3.2554208770925834,1.4485329620027811,-2.3194452473726033,2.4973637928607406,1.792267582701226,-0.6505104587803343,-4.075535410459278e-05,0.032053
31.27754306793213,3.2665775922578377,1.4396400604552921,-2.2213727623016335,2.429837934522814,1.7192082136603852,-0.7235698278211751,-4.533262171916784e-05,0.032053
31.305132627487183,3.264475602341588,1.4422270863143096,-2.1818264864005923,2.406332219760787,1.686108516266791,-0.7566695252147695,-4.7406362225292946e-05,0.031902
31.33817481994629,3.261565154843854,1.4493414076200084,-2.194442580310314,2.455224782908729,1.6922496247718088,-0.7505284167097517,-4.702161352780699e-05,0.031902
31.367703437805176,3.260271622651926,1.4465926925364143,-2.221184284326247,2.4642020409125385,1.714682794877646,-0.7280952466039143,-4.561614528511929e-05,0.031902
31.3977370262146,3.264475602341588,1.4423887754317422,-2.1816945518178343,2.431872243374678,1.6832347014280846,-0.7595433400534755,-4.758641058547165e-05,0.031902
31.425265789031982,3.259786548084598,1.4423887754317422,-2.218977078671838,2.4092413850981753,1.7200422399546709,-0.722735801526889,-4.5280368851443157e-05,0.031902
31.45578098297119,3.2559059516371276,1.434466008849499,-2.298806160530375,2.3206274779709437,1.8120997432565202,-0.6306782982250394,-3.9512842604307864e-05,0.031902
31.484342336654663,3.260109931129202,1.4459459360523217,-2.2964775952476226,2.3640433307598343,1.7999696778167174,-0.6428083636648423,-4.027280749901217e-05,0.031902
31.51738715171814,3.257684558322106,1.4396400604552921,-2.328429670592406,2.336513611052178,1.8365872689854186,-0.6061907724961411,-3.7978666222120624e-05,0.031902
31.543410062789917,3.2559059516371276,1.4302620920297637,-2.375422974874762,2.231104160615421,1.915006085211195,-0.5277719562703647,-3.306562204180602e-05,0.031902
31.57225203514099,3.2670626668606606,1.4338192524092825,-2.253840756771324,2.1899908245397657,1.7973185883406908,-0.6454594531408686,-4.04389018160213e-05,0.031902
31.59781050682068,3.2625353039996257,1.4412569516127884,-2.23141974069675,2.2295283479543855,1.7627429390947378,-0.6800351023868219,-4.260511268841385e-05,0.03175
31.623843908309937,3.2685178906843575,1.4422270863143096,-2.1328892482903883,2.266115509162881,1.648558428902879,-0.7942196125786807,-4.975892564148142e-05,0.03175
31.65092945098877,3.26673928379183,1.4472394490228546,-2.0885447580207033,2.3377661460082635,1.5976192219494876,-0.8451588195320721,-5.2950335386199525e-05,0.03175
31.679471254348755,3.2651223684645916,1.4475628272669554,-2.0798916638899927,2.390891890167036,1.5878240864655766,-0.8549539550159828,-5.3564013782543416e-05,0.03175
31.707499980926514,3.259948239606759,1.4360828999602497,-2.1454762523628172,2.322634322346033,1.6572751944291093,-0.7855028470524501,-4.921280857161245e-05,0.03175
31.73604917526245,3.259624856562718,1.4249263515925008,-2.195863073808994,2.1723787408885866,1.7346910941293037,-0.7080869473522555,-4.436259845889159e-05,0.03175
31.769080877304077,3.260918388745638,1.4271899990314076,-2.213223410666921,2.0879919199592107,1.7767124835001906,-0.6660655579813688,-4.172990196545093e-05,0.03175
31.79862642288208,3.259624856562718,1.430423781136395,-2.243286084621879,2.058624125892209,1.826477739434388,-0.6163003020471716,-3.8612041829110246e-05,0.03175
31.826648473739624,3.2570377922509044,1.4317172939946832,-2.300150831951082,2.049947862428399,1.906117685202929,-0.5366603562786305,-3.362249224253936e-05,0.03175
31.853670358657837,3.2557442601219986,1.4315556048868876,-2.357866592488028,2.0423893289511614,1.9840751206725837,-0.4587029208089759,-2.873835418639076e-05,0.0316
31.886728525161743,3.2589780904780126,1.4270283099276846,-2.3534915308803255,1.9955141825878557,2.0056859904274713,-0.4370920510540883,-2.7384404165325692e-05,0.0316
31.915266275405884,3.260918388745638,1.4292919573930327,-2.3235633306168526,1.9834936664672438,1.9722919823244804,-0.470486059157079,-2.9476583632756216e-05,0.0316
31.94529414176941,3.2584930159174377,1.426543242617387,-2.336195661767362,1.9498317718116376,2.011368351546156,-0.43140968993540385,-2.702839660785096e-05,0.0316
31.97083330154419,3.2534805789397043,1.4018048115183241,-2.414441238221389,1.6990406624964078,2.3955425219050084,-0.047235519576551255,-2.959368755217574e-06,0.0316
31.996877670288086,3.2453960037379677,1.4113444675552131,-2.5811533671678557,1.6111106679246396,2.7157199986384297,0.2729419571568701,1.710018027194418e-05,0.0316
32.02343130111694,3.2539656534741304,1.4239562169845352,-2.579195218166943,1.6654012888346732,2.6299168495513627,0.1871388080698031,1.1724497718140024e-05,0.0316
32.05195331573486,3.259786548084598,1.425573108000713,-2.4972275451162225,1.7182562134299146,2.4714716730418256,0.028693631560265942,1.7976945627868057e-06,0.0316
32.08098864555359,3.2659308261246873,1.430100402923278,-2.354775590376608,1.7968388332392977,2.169951897399346,-0.2728261440822135,-1.709292442723967e-05,0.0316
32.10751700401306,3.2631820701091057,1.4331724959713983,-2.2931189048937246,1.8800644991046613,1.9901226969539785,-0.45265534452758116,-2.8359465408361122e-05,0.03145
32.13456463813782,3.254289036498486,1.4320406722107115,-2.3730934853324026,1.927926421786262,2.075982651361358,-0.3667953901202017,-2.2980223924930065e-05,0.03145
32.162691831588745,3.262696995526573,1.4252497297963165,-2.312657845863651,1.8990535084937157,2.0076771068847408,-0.43510093459681887,-2.7259658044515204e-05,0.03145
32.18884825706482,3.2617268463691125,1.4296153356046946,-2.283785727132014,1.9189414926703827,1.9475968613316443,-0.4951811801499151,-3.102376613710187e-05,0.03145
32.21899056434631,3.2583313243978087,1.427351688135276,-2.310590144052445,1.9120709952229553,1.995043417639677,-0.4477346238418827,-2.8051175647161207e-05,0.03145
32.24950671195984,3.265445751527784,1.4305854702431715,-2.2308458243318237,1.9369646276200359,1.8499542153537845,-0.5928238261277752,-3.7141209075680165e-05,0.03145
32.27708983421326,3.2618885378946514,1.4284835118664234,-2.224278507253416,1.9350832328405423,1.839766476888998,-0.6030115645925616,-3.777948457617839e-05,0.03145
32.305150747299194,3.2570377922509044,1.4246029733892653,-2.2868455277931625,1.8981226802431015,1.9669152202177387,-0.47586282126382073,-2.9813445001606884e-05,0.03145
32.335235357284546,3.2584930159174377,1.4433589101394124,-2.3104931997907765,2.0445275857808167,1.9171544124682476,-0.525623629013312,-3.293102645320028e-05,0.03145
32.368330001831055,3.2680328160739203,1.444329044852356,-2.1949570845434634,2.1559219145804,1.7270400333796967,-0.7157380081018632,-4.484194769289262e-05,0.0313
32.39889478683472,3.259948239606759,1.4362445890721274,-2.2260220468202365,2.159640488525443,1.7655144602632888,-0.6772635812182708,-4.2431473164086357e-05,0.0313
32.424994468688965,3.2570377922509044,1.4334958741900488,-2.2880660054899327,2.1369959559381932,1.849951866614726,-0.5928261748668335,-3.7141356227337344e-05,0.0313
32.45208168029785,3.2618885378946514,1.42427959518661,-2.2643326340640964,2.0364912884251423,1.857244310009455,-0.585533731472105,-3.668447485236744e-05,0.0313
32.47763109207153,3.257199483768283,1.4313939157792377,-2.312644611867286,2.031484578097657,1.9277188010435777,-0.5150592404379823,-3.226915331730429e-05,0.0313
32.50524020195007,3.25671440921699,1.4237945278837154,-2.3531794103978547,1.95817787696729,2.029548123486664,-0.41322991799489595,-2.58894094740156e-05,0.0313
32.536290645599365,3.2460427697282936,1.4176503421599227,-2.5293148700145167,1.850427525599466,2.3568326481171327,-0.08594539336442741,-5.384594348864371e-06,0.0313
32.563347816467285,3.254612419523966,1.4355978326254926,-2.533953051658756,1.9398538198865976,2.271920415341714,-0.170857626139846,-1.0704459798933e-05,0.0313
32.5939085483551,3.260109931129202,1.4362445890721274,-2.461080419037497,2.0083928222397853,2.132405068255466,-0.31037297322609403,-1.9445283711566302e-05,0.0313
32.6219699382782,3.2670626668606606,1.4200756786048645,-2.3138009676852183,1.9078552214989242,2.0045947474598114,-0.4381832940217487,-2.7452772003168814e-05,0.031147
32.65199828147888,3.263828836223093,1.4328491177533307,-2.2554814496206363,1.9548056727585228,1.8788900328175644,-0.5638880086639957,-3.532834124069825e-05,0.031147
32.67903017997742,3.263828836223093,1.4407718842640038,-2.2146577869754376,2.0604432943165394,1.7728766242406278,-0.6699014172409323,-4.1970223700956935e-05,0.031147
32.708075284957886,3.2651223684645916,1.4422270863143096,-2.1681707841583004,2.1477559716163945,1.6884530339396286,-0.7543250075419317,-4.725947504358624e-05,0.031147
32.74059748649597,3.2623736124729596,1.436406278184151,-2.1736895646895458,2.155409477542044,1.69452491800941,-0.7482531234721503,-4.6879063349960365e-05,0.031147
32.768179178237915,3.2675477414660214,1.4452991795705759,-2.1059109548246964,2.2424501337849083,1.6009521130347573,-0.841825928446803,-5.2741525282474434e-05,0.031147
32.800498962402344,3.2614034633188775,1.4336575632995927,-2.1435405130057252,2.1964478566884478,1.6503845189166086,-0.7923935225649519,-4.964451864904672e-05,0.031147
32.83406472206116,3.259624856562718,1.4401251278010052,-2.1945080562590236,2.2236522265649716,1.7097186202793946,-0.7330594212021659,-4.592715749231439e-05,0.031147
32.86876559257507,3.260433314174932,1.437376412859358,-2.21899131271909,2.2174477505826173,1.7404802397253156,-0.7022978017562447,-4.399990071046363e-05,0.030996
32.90634608268738,3.2584930159174377,1.4237945278837154,-2.262995249238922,2.088352097706759,1.8340001510573793,-0.608777890424181,-3.8140752635712336e-05,0.030996
32.935397148132324,3.260109931129202,1.4309088484571613,-2.271409957343601,2.063331697449125,1.8556926042806836,-0.5870854372008769,-3.6781691300755984e-05,0.030996
32.96745443344116,3.2588163989575394,1.4357595217369323,-2.2952106910154124,2.090371889267391,1.8772782557642402,-0.5654997857173201,-3.542932123826671e-05,0.030996
32.99654197692871,3.2612417717941833,1.4355978326254926,-2.2782891331338395,2.1078148744541427,1.8474157672192573,-0.5953622742623028,-3.7300246261327863e-05,0.030996
33.02506184577942,3.2547741110371273,1.4270283099276846,-2.3559962312073295,2.041312064439941,1.9847317554817834,-0.4580462859997767,-2.869721513350529e-05,0.030996
33.050639390945435,3.256067643152538,1.4278367554477527,-2.392480762639123,2.0021858425191317,2.0594695617559764,-0.3833084797255837,-2.40147911715352e-05,0.030996
33.077213764190674,3.2523487383692107,1.4313939157792377,-2.469512440976653,2.007470765963449,2.153133651692379,-0.28964438978918094,-1.814661011354001e-05,0.030847
33.10380721092224,3.2531571959181584,1.4365679672963205,-2.5122405928716347,2.058694982677721,2.162947468407802,-0.27983057307375825,-1.7531761312946497e-05,0.030847
33.13185930252075,3.2547741110371273,1.4326874286445155,-2.519762253023813,2.0589083565217456,2.1709137950302773,-0.2718642464512828,-1.7032660248498485e-05,0.030847
33.164905071258545,3.2563910261842017,1.4398017495703836,-2.502639368566842,2.124404278205095,2.107990440517757,-0.3347876009638031,-2.097489293667816e-05,0.030847
33.19248604774475,3.259624856562718,1.4127996693675886,-2.4458772551517995,1.9222315389445264,2.1976164684526083,-0.2451615730289518,-1.5359701887603183e-05,0.030847
33.21849751472473,3.2662542091906985,1.4368913455210974,-2.3143527775821027,2.001997821953981,1.9463502929343552,-0.49642774854720484,-3.110186532176739e-05,0.030847
33.24706268310547,3.263990527752294,1.4375381019724036,-2.2536289116914308,2.063774816455707,1.825283988744524,-0.6174940527370363,-3.868683191345302e-05,0.030847
33.28258728981018,3.2578462498406098,1.4279984445522025,-2.2961967873941767,2.0193949179520083,1.9093033668065509,-0.5334746746750096,-3.34229050105931e-05,0.030847
33.310120582580566,3.267224358395499,1.437376412859358,-2.196143620599808,2.0744676345535393,1.7354534960471584,-0.7073245454344019,-4.4314832954566875e-05,0.030847
33.34316062927246,3.2614034633188775,1.4333341850806507,-2.2067033790483013,2.075889809090575,1.7510438610522328,-0.6917341804293273,-4.3338075643711365e-05,0.030847
33.370251178741455,3.2563910261842017,1.4396400604552921,-2.2834981567839696,2.1348061458837018,1.840608766937867,-0.6021692745436931,-3.772671397312802e-05,0.030693
33.396979331970215,3.2563910261842017,1.4441673557331658,-2.3372545011989314,2.2176317574951896,1.8768860821393147,-0.5658919593422453,-3.545389144269398e-05,0.030693
33.43004393577576,3.2586547074373478,1.4457842469316653,-2.3435406764464073,2.290461177256108,1.858954804925641,-0.5838232365559191,-3.6577310048078254e-05,0.030693
33.46008348464966,3.2549358025505697,1.4490180293726769,-2.399433506887311,2.371144754758775,1.890193651496629,-0.552584389984931,-3.46201543457599e-05,0.030693
33.488675355911255,3.256067643152538,1.4528985683794668,-2.42288685561511,2.4632668401272246,1.8839965682339241,-0.5587814732476359,-3.500840993700854e-05,0.030693
33.52024960517883,3.263505453165536,1.4478862055116435,-2.336319180873925,2.4817126744227043,1.801379759242938,-0.6413982822386219,-4.018446400342923e-05,0.030693
33.55032968521118,3.259463165041119,1.4503115423655297,-2.331691928518546,2.5169019963944894,1.7899521295368646,-0.6528259119446953,-4.090042035579966e-05,0.030693
33.577439069747925,3.267224358395499,1.4561323509498847,-2.2209902193868913,2.594999894130877,1.6814620706183423,-0.7613159708632176,-4.769746828696227e-05,0.030693
33.61104440689087,3.2675477414660214,1.4525751901256652,-2.1390214131128507,2.6169951392315927,1.6095869843699884,-0.8331910571115713,-5.220053899368395e-05,0.030693
33.64007043838501,3.2649606769334176,1.4585576879163948,-2.1174641273388484,2.687342333116265,1.5899444173472528,-0.8528336241343069,-5.34311722044639e-05,0.030535
33.66711759567261,3.262696995526573,1.4638934293596877,-2.1337172952681756,2.785595295708668,1.6007339632236763,-0.8420440782578833,-5.275519266118975e-05,0.030535
33.694162368774414,3.2628586870538023,1.4645401859092129,-2.1428557079889785,2.86031296682062,1.6056466384848669,-0.8371314029966928,-5.2447406956643054e-05,0.030535
33.724709272384644,3.2614034633188775,1.446431003415171,-2.1694018402207247,2.7462786204747767,1.6293205985543278,-0.8134574429272319,-5.096420155592148e-05,0.030535
33.75223088264465,3.267224358395499,1.4485329620027811,-2.1073871575784042,2.685761517426955,1.5815910652614025,-0.8611869762201572,-5.395452093410228e-05,0.030535
33.77874565124512,3.266415900724127,1.4574258639945594,-2.075170904365159,2.725082752948683,1.5556908975808372,-0.8870871439007226,-5.5577201232231386e-05,0.030535
33.80727005004883,3.260271622651926,1.4495030967438947,-2.1376941111646346,2.6798353053406156,1.6066800150227796,-0.8360980264587803,-5.238266452835841e-05,0.030535
33.834301710128784,3.256067643152538,1.4567791074710421,-2.2396692786092465,2.714993807429869,1.6870536089107049,-0.755724432570855,-4.734715090156327e-05,0.030535
33.86339068412781,3.264798985402526,1.4621148488607016,-2.190156438066774,2.788614685272843,1.6433050370238602,-0.7994730044576994,-5.008805769983608e-05,0.030535
33.89341068267822,3.2660925176575515,1.4553239053017553,-2.1375870105342614,2.777773030080308,1.603673809128801,-0.8391042323527587,-5.2571007365997205e-05,0.030383
33.92393255233765,3.260271622651926,1.4514433662419939,-2.1813853854829977,2.7345402898423954,1.6395530260857214,-0.8032250153958382,-5.032312622536732e-05,0.030383
33.94896483421326,3.2614034633188775,1.4569407966017003,-2.196372614466538,2.7547724458436744,1.6501591453343998,-0.7926188961471596,-4.965863860672721e-05,0.030383
33.97998929023743,3.264798985402526,1.4527368792524924,-2.1598487731668574,2.730321074657932,1.622565002262101,-0.8202130392194582,-5.138744873874707e-05,0.030383
34.00603747367859,3.2630203785813134,1.4554855944310863,-2.158908937684448,2.738452651900247,1.6214817902064322,-0.8212962512751267,-5.1455313429165584e-05,0.030383
34.03555631637573,3.2631820701091057,1.453545324888837,-2.1560122480092168,2.7263229650546923,1.619644573693287,-0.823133467788272,-5.1570417511735494e-05,0.030383
34.06409525871277,3.260109931129202,1.4430355319029362,-2.1965218564828035,2.6212974868519674,1.6597987094869215,-0.7829793319946377,-4.905470696328129e-05,0.030383
34.09061908721924,3.2633437616371803,1.453545324888837,-2.1801024863266507,2.644314349520898,1.6438672450150116,-0.7989107964665476,-5.005283461394936e-05,0.030383
34.11668848991394,3.258169632878461,1.4635700510858132,-2.240250680209312,2.752505408551436,1.6850213416486048,-0.7577566998329544,-4.7474475175576214e-05,0.030232
34.14322304725647,3.2614034633188775,1.4511199879908403,-2.23757832077495,2.713882656340407,1.6864477525107957,-0.7563302889707635,-4.73851086188936e-05,0.030232
34.16874408721924,3.262211920946575,1.4634083619490978,-2.2245136451392287,2.7997180740068925,1.6689308641743898,-0.7738471773071693,-4.8482565204448525e-05,0.030232
34.195796728134155,3.2633437616371803,1.4714928189663843,-2.199696738386126,2.934060333950735,1.6425540309490374,-0.800224010532522,-5.013510923928631e-05,0.030232
34.221850633621216,3.2570377922509044,1.4550005270435349,-2.269638289586055,2.876614685658144,1.6960253610167362,-0.7467526804648235,-4.678505857993403e-05,0.030232
34.2488899230957,3.2618885378946514,1.4666421447115352,-2.251433232931372,2.9433334811517025,1.6777413607965495,-0.7650366806850104,-4.7930575755506155e-05,0.030232
34.27801179885864,3.2538039619623738,1.4661570772933923,-2.3506299288168933,2.9855811899691354,1.7406805189963648,-0.7020975224851953,-4.39873529450876e-05,0.030232
34.30577254295349,3.258169632878461,1.457264174863459,-2.3596198899524734,2.933471374461581,1.7529208176122162,-0.6898572238693439,-4.322048179382232e-05,0.030232
34.33184003829956,3.2568761007338067,1.4541920814005633,-2.3838233003719282,2.868776667797702,1.778625756193646,-0.6641522852879143,-4.161003286101472e-05,0.030232
34.35888338088989,3.260433314174932,1.4606596466475688,-2.3515119835981233,2.8828963438254704,1.7537250028580216,-0.689053038623539,-4.3170098507871905e-05,0.03008
34.38541865348816,3.2538039619623738,1.4532219466338574,-2.420685054283623,2.824463250935424,1.8123866285653838,-0.6303914129161767,-3.949486885432078e-05,0.03008
34.41210699081421,3.2534805789397043,1.4538687031444055,-2.4735838129827967,2.789500682851645,1.8576890210067993,-0.585089020474761,-3.665661311098215e-05,0.03008
34.43878102302551,3.2625353039996257,1.4661570772933923,-2.3852398800447805,2.877898231159094,1.7780999238427446,-0.6646781176388159,-4.164297696417461e-05,0.03008
34.472900390625,3.2544507280110855,1.4511199879908403,-2.4353393633110088,2.8016576321657727,1.827338774758779,-0.6154392667227815,-3.855809680936702e-05,0.03008
34.5004608631134,3.2589780904780126,1.4619531597253177,-2.40772247045642,2.847794213282,1.7988854593575967,-0.6438925821239638,-4.0340735241958974e-05,0.03008
34.52850675582886,3.2570377922509044,1.4671272121310117,-2.4152563020352713,2.927614598528702,1.7913814363949017,-0.6513966050866586,-4.081087236108698e-05,0.03008
34.55555486679077,3.253318887428791,1.4606596466475688,-2.47202249101275,2.924082895337173,1.8305442588824663,-0.6122337825990942,-3.835726892293693e-05,0.03008
34.58263325691223,3.2517019723351077,1.4643784967716094,-2.5341468691212015,2.9557691372342134,1.8656421145247406,-0.5771359269568199,-3.615834111830989e-05,0.03008
34.61050033569336,3.253642270450899,1.465672009876583,-2.550768278761387,2.9898307012110874,1.8696103181852053,-0.573167723296355,-3.590972782830282e-05,0.03008
34.63769555091858,3.2528338128977365,1.4582343096522756,-2.5735972885091507,2.9453569279510394,1.8932775363873764,-0.5495005050941839,-3.4426944814623604e-05,0.02992
34.66501545906067,3.2471746102221593,1.4598512009787785,-2.6679357536083836,2.9290767794776227,1.9568472615683032,-0.48593077991325684,-3.0444216135767424e-05,0.02992
34.6931574344635,3.252187046860264,1.4533836357612737,-2.6645697392317387,2.8582747051247224,1.9734257306866052,-0.4693523107949549,-2.940555277485041e-05,0.02992
34.72645115852356,3.2504084402803812,1.4634083619490978,-2.6868403792539213,2.9007925081559107,1.9760397170546653,-0.46673832442689456,-2.924178301739774e-05,0.02992
34.755714654922485,3.2463661527251384,1.4634083619490978,-2.758399939352029,2.9305549702777522,2.011625038086416,-0.43115300339514384,-2.701231485128429e-05,0.02992
34.78377175331116,3.2500850572695077,1.467612279551823,-2.7569991283940793,2.990002576478287,1.9946500185187759,-0.44812802296278376,-2.807582263055763e-05,0.02992
34.80954551696777,3.253642270450899,1.4619531597253177,-2.7067648602523913,2.9796356743007597,1.9676174782895641,-0.4751605631919955,-2.9769447590029966e-05,0.02992
34.83573770523071,3.2500850572695077,1.4663187664326252,-2.720854573024329,3.012477874514798,1.9678097878603595,-0.4749682536212001,-2.9757399137080934e-05,0.02992
34.86534285545349,3.248468142231979,1.4629232945398398,-2.753105417011399,3.0042792787825223,1.9887600972921637,-0.4540179441893959,-2.8444834107619516e-05,0.02977
34.892922163009644,3.2593014735198023,1.4550005270435349,-2.6256810985626378,2.9257679470403994,1.9302676218278252,-0.5125104196537342,-3.2109466271217526e-05,0.02977
34.92160511016846,3.2552591855782977,1.4622765379962335,-2.5924541930793334,2.937641732307539,1.905831553338435,-0.5369464881431245,-3.364041878822461e-05,0.02977
34.9487521648407,3.248629833734469,1.4593661335792774,-2.660986346562735,2.9192206946703476,1.9547348160489433,-0.4880432254326159,-3.0576563685304996e-05,0.02977
34.98087191581726,3.2557442601219986,1.4569407966017003,-2.6104514527161684,2.8840487292232426,1.930568557531147,-0.5122094839504121,-3.209061224514299e-05,0.02977
35.008482217788696,3.2584930159174377,1.4598512009787785,-2.5370173472368704,2.8861610403681643,1.8797958060517597,-0.5629822354297995,-3.527159333080709e-05,0.02977
35.043524503707886,3.2541273449861676,1.4525751901256652,-2.546061199595884,2.8208079415976943,1.901594851646693,-0.5411831898348662,-3.39058538405775e-05,0.02977
35.07411456108093,3.247659684723738,1.4592044444464056,-2.641944077989133,2.8359518918905624,1.9650452514288017,-0.4777327900527575,-2.993060105825283e-05,0.02977
35.107117652893066,3.2487915252372397,1.4593661335792774,-2.6933904615085047,2.848037806378474,1.9960728952684703,-0.4467051462130889,-2.7986677490770434e-05,0.02977
35.133758783340454,3.2538039619623738,1.4498264749921077,-2.6599999888209025,2.768874141146245,1.9978090534638477,-0.44496898801771145,-2.7877904847565183e-05,0.02962
35.16131329536438,3.2580079413593945,1.45451545965731,-2.578417736671974,2.7565289029601194,1.9423387610516207,-0.5004392804299385,-3.1353193183104485e-05,0.02962
35.1880099773407,3.2510552063054985,1.4592044444464056,-2.617578759303482,2.7909565648442625,1.9609198634423883,-0.48185817803917086,-3.018906215743385e-05,0.02962
35.21610999107361,3.249923365764492,1.4491797184962691,-2.6606631068822675,2.7229766752681464,2.0137649868285035,-0.4290130546530557,-2.687824418789634e-05,0.02962
35.24364948272705,3.249599982755302,1.450796609740275,-2.6952997592200676,2.6902422446157277,2.0506988666334376,-0.3920791748481216,-2.4564287003059045e-05,0.02962
35.27423048019409,3.2554208770925834,1.4470777599010245,-2.6389484508890084,2.6331697116437867,2.030119435018175,-0.41265860646338437,-2.5853616039096123e-05,0.02962
35.304293155670166,3.248468142231979,1.4540303922724107,-2.6957711315166706,2.6570803545857005,2.0639163041504283,-0.37886173733113093,-2.373619678699968e-05,0.02962
35.332348585128784,3.2508935147987983,1.4386699257678133,-2.701964940240236,2.532728633041006,2.1231498937702753,-0.3196281477112839,-2.0025132825984734e-05,0.02962
35.35887169837952,3.247497993222931,1.4472394490228546,-2.7533155009040504,2.524395332722951,2.166671350320658,-0.27610669116090136,-1.7298455108636232e-05,0.02962
35.38591146469116,3.249923365764492,1.4389933039963883,-2.755678826002651,2.44281941596147,2.212681544679335,-0.23009649680222433,-1.4415854624356811e-05,0.02962
35.41477870941162,3.2423238653451683,1.4511199879908403,-2.862556961731861,2.497102461527432,2.2590968562574685,-0.18368118522409072,-1.1507873002064978e-05,0.02946
35.44384813308716,3.2436173972877005,1.4423887754317422,-2.9194612219163605,2.454902537805105,2.3207684741376005,-0.12200956734395874,-7.644063295422489e-06,0.02946
35.471938610076904,3.2559059516371276,1.4519284336198273,-2.7891450608015327,2.5129863929075547,2.198635139853001,-0.24414290162855812,-1.5295880755938202e-05,0.02946
35.499518156051636,3.2538039619623738,1.4571024857325057,-2.727028208326022,2.6011698672532013,2.109362457641817,-0.33341558383974235,-2.0888934220759123e-05,0.02946
35.529146671295166,3.254289036498486,1.454353770528863,-2.676829997735017,2.637650761992736,2.055585407216607,-0.3871926342649523,-2.425813867119836e-05,0.02946
35.56468629837036,3.2515402808272844,1.452251811872452,-2.6797509283878367,2.6438804482841953,2.055309235869759,-0.3874688056118001,-2.4275441177072634e-05,0.02946
35.59288692474365,3.2510552063054985,1.4368913455210974,-2.688511993504571,2.507152058491755,2.124210868091947,-0.31856717338961227,-1.995866135947414e-05,0.02946
35.62585473060608,3.2541273449861676,1.4517667444937357,-2.652107451983279,2.548075908167596,2.0743299882723174,-0.3684480532092418,-2.308376548756029e-05,0.02946
35.65742111206055,3.2568761007338067,1.4276750663434485,-2.5885645937935,2.3554353841079974,2.1181274304845457,-0.32465061099701353,-2.0339796897752332e-05,0.029302
35.685442209243774,3.25121689781248,1.454353770528863,-2.6224427547391826,2.465636623791097,2.088589360295352,-0.35418868118620717,-2.2190396675016506e-05,0.029302
35.715030908584595,3.2526721213879473,1.4407718842640038,-2.6260082262818383,2.418024960039335,2.1175394060600037,-0.3252386354215555,-2.0376637417871394e-05,0.029302
35.74206042289734,3.253318887428791,1.4496647858679277,-2.619548837985345,2.466379999505787,2.0855240538323976,-0.3572539876491616,-2.2382442242694288e-05,0.029302
35.77309489250183,3.2507318232923783,1.45451545965731,-2.6508481393099137,2.5447830038118027,2.074602056382949,-0.36817598509861016,-2.306672005494703e-05,0.029302
35.79964232444763,3.2584930159174377,1.4556472835605647,-2.5652950278525086,2.610061151559682,1.9738975906969343,-0.4688804507846247,-2.9375990111330962e-05,0.029302
35.82667303085327,3.257684558322106,1.45451545965731,-2.516601873415824,2.6453598102495253,1.9191495652926918,-0.523628476188867,-3.2806027448563995e-05,0.029302
35.85468816757202,3.259786548084598,1.4448141122108062,-2.4534122037904553,2.580959919188259,1.8812761045111426,-0.5615019369704162,-3.517885064377056e-05,0.029302
35.882728576660156,3.2563910261842017,1.4465926925364143,-2.4561943341034755,2.552216636308207,1.8931881656494822,-0.5495898758320767,-3.443254401140861e-05,0.029302
35.91027808189392,3.2628586870538023,1.446431003415171,-2.3685896351737075,2.5306111891160876,1.8095453452959251,-0.6332326961856336,-3.96728790679848e-05,0.029302
35.93628406524658,3.254289036498486,1.4313939157792377,-2.4259229965284046,2.377368508581314,1.9275641830957928,-0.5152138583857657,-3.227884033943865e-05,0.029143
35.96830487251282,3.255097494064293,1.4422270863143096,-2.454862326301985,2.3696036216017307,1.9656818711976234,-0.47709617028393536,-2.9890715974534156e-05,0.029143
35.996336460113525,3.2555825686071507,1.4446524230911764,-2.4684034431919533,2.386445437973537,1.9731885410493841,-0.4695895004321744,-2.9420413024250464e-05,0.029143
36.024861335754395,3.2523487383692107,1.4333341850806507,-2.522658317363624,2.294274271484579,2.0894097367806355,-0.3533683047009233,-2.213899898616226e-05,0.029143
36.05142164230347,3.2531571959181584,1.4352744544030507,-2.5494427063425293,2.2475762438381173,2.154406496736527,-0.2883715447450319,-1.806686466165007e-05,0.029143
36.0849404335022,3.2575228668038836,1.4386699257678133,-2.5077440530638597,2.2460757555176962,2.1051342404396474,-0.3376438010419114,-2.115383770844266e-05,0.029143
36.115957260131836,3.252510429878438,1.4320406722107115,-2.5479579396934837,2.184134301275381,2.2057136364640693,-0.2370644050174895,-1.4852403434369605e-05,0.029143
36.1429877281189,3.2583313243978087,1.426543242617387,-2.495510692845488,2.0902802161773324,2.2301068419589636,-0.21267119952259517,-1.3324136341547623e-05,0.029143
36.17203497886658,3.2631820701091057,1.4355978326254926,-2.391633476621943,2.1077507032910994,2.0466091402739153,-0.3961689012076435,-2.4820513853409326e-05,0.029143
36.20357060432434,3.253318887428791,1.4292919573930327,-2.45548651322341,2.062059230959509,2.201906366342555,-0.24087167513900365,-1.5090934021971644e-05,0.029143
36.230735063552856,3.2631820701091057,1.436406278184151,-2.363616550886484,2.095421759082221,2.006423597134983,-0.43635444434657567,-2.733819211423744e-05,0.028982
36.26177716255188,3.259463165041119,1.4389933039963883,-2.350800087527345,2.1425379144129564,1.9458654523332082,-0.49691258914835057,-3.113224123673889e-05,0.028982
36.28781700134277,3.2575228668038836,1.4422270863143096,-2.3686942198932184,2.2052222056838824,1.935061655690764,-0.5077163857907947,-3.180911360964797e-05,0.028982
36.32035994529724,3.265284059996047,1.4428738427849181,-2.273757482312502,2.255041806145939,1.758289765518604,-0.6844882759629547,-4.288410999512094e-05,0.028982
36.34691786766052,3.253642270450899,1.4448141122108062,-2.3684957079952933,2.307737316315749,1.8812653961374568,-0.5615126453441022,-3.5179521537767064e-05,0.028982
36.374438524246216,3.263990527752294,1.4433589101394124,-2.2915289629806725,2.331257831031673,1.7628228543337776,-0.6799551871477814,-4.260010589133397e-05,0.028982
36.39959931373596,3.2618885378946514,1.442550464549321,-2.266756704307598,2.3402964456004938,1.724756954161053,-0.7180210873205057,-4.498498567291076e-05,0.028982
36.42511534690857,3.2534805789397043,1.4375381019724036,-2.365833967999579,2.3005838530082636,1.881303182938874,-0.5614748585426845,-3.517715414389742e-05,0.028982
36.45263719558716,3.2651223684645916,1.4410952624963806,-2.2739941108752038,2.305458318750662,1.7437065950593418,-0.6990714464222165,-4.379776521466838e-05,0.028833
36.48215627670288,3.259948239606759,1.4454608686907926,-2.281347965252463,2.348969471797596,1.7433566487177603,-0.699421392763798,-4.3819689823068217e-05,0.028833
36.50821113586426,3.259948239606759,1.44352059925787,-2.2864956633165363,2.3616054890194573,1.7474829452807497,-0.6952950962008084,-4.356117180034417e-05,0.028833
36.5337495803833,3.260918388745638,1.4462693142940748,-2.2864956633165363,2.3616054890194573,1.7474829452807497,-0.6952950962008084,-4.356117180034417e-05,0.028833
36.560730934143066,3.259624856562718,1.4386699257678133,-2.2864956633165363,2.3616054890194573,1.7474829452807497,-0.6952950962008084,-4.356117180034417e-05,0.028833
36.58717107772827,3.2625353039996257,1.449988164116435,-2.2864956633165363,2.3616054890194573,1.7474829452807497,-0.6952950962008084,-4.356117180034417e-05,0.028833
36.62827110290527,3.258169632878461,1.445137490450506,-2.2864956633165363,2.3616054890194573,1.7474829452807497,-0.6952950962008084,-4.356117180034417e-05,0.028833
36.65377950668335,3.254289036498486,1.4402868169165357,-2.2864956633165363,2.3616054890194573,1.7474829452807497,-0.6952950962008084,-4.356117180034417e-05,0.028833
36.68029856681824,3.2620502294204727,1.4474011381448315,-2.2864956633165363,2.3616054890194573,1.7474829452807497,-0.6952950962008084,-4.356117180034417e-05,0.028833
36.707324266433716,3.2631820701091057,1.4511199879908403,-2.2864956633165363,2.3616054890194573,1.7474829452807497,-0.6952950962008084,-4.356117180034417e-05,0.028833
36.73485040664673,3.264798985402526,1.4564557292101685,-2.2864956633165363,2.3616054890194573,1.7474829452807497,-0.6952950962008084,-4.356117180034417e-05,0.028833
36.76435208320618,3.2555825686071507,1.4527368792524924,-2.2864956633165363,2.3616054890194573,1.7474829452807497,-0.6952950962008084,-4.356117180034417e-05,0.028833
36.789875507354736,3.259624856562718,1.4457842469316653,-2.2864956633165363,2.3616054890194573,1.7474829452807497,-0.6952950962008084,-4.356117180034417e-05,0.028765
36.81792426109314,3.259463165041119,1.4402868169165357,-2.2864956633165363,2.3616054890194573,1.7474829452807497,-0.6952950962008084,-4.356117180034417e-05,0.028765
36.84643578529358,3.255097494064293,1.4441673557331658,-2.2864956633165363,2.3616054890194573,1.7474829452807497,-0.6952950962008084,-4.356117180034417e-05,0.028765
36.87294602394104,3.258169632878461,1.4250880406943363,-2.2864956633165363,2.3616054890194573,1.7474829452807497,-0.6952950962008084,-4.356117180034417e-05,0.028765
36.89996790885925,3.2538039619623738,1.4454608686907926,-2.2864956633165363,2.3616054890194573,1.7474829452807497,-0.6952950962008084,-4.356117180034417e-05,0.028765
36.92747616767883,3.259624856562718,1.434466008849499,-2.2864956633165363,2.3616054890194573,1.7474829452807497,-0.6952950962008084,-4.356117180034417e-05,0.028765
36.95398235321045,3.253642270450899,1.4396400604552921,-2.2864956633165363,2.3616054890194573,1.7474829452807497,-0.6952950962008084,-4.356117180034417e-05,0.028765
36.98352670669556,3.2625353039996257,1.4454608686907926,-2.2864956633165363,2.3616054890194573,1.7474829452807497,-0.6952950962008084,-4.356117180034417e-05,0.028765
37.01154184341431,3.2625353039996257,1.4438439774952248,-2.2864956633165363,2.3616054890194573,1.7474829452807497,-0.6952950962008084,-4.356117180034417e-05,0.028765
37.04105186462402,3.2643139108115418,1.450796609740275,-2.2864956633165363,2.3616054890194573,1.7474829452807497,-0.6952950962008084,-4.356117180034417e-05,0.028765
37.06856560707092,3.2612417717941833,1.4541920814005633,-2.2864956633165363,2.3616054890194573,1.7474829452807497,-0.6952950962008084,-4.356117180034417e-05,0.028765
37.09911918640137,3.2614034633188775,1.4514433662419939,-2.2864956633165363,2.3616054890194573,1.7474829452807497,-0.6952950962008084,-4.356117180034417e-05,0.028765
