Relative_Time_s,Raw_S1_V,Raw_S2_V,Norm_S1,Norm_S2,Phase_rad,Unwrapped_Phase_rad,Calculated_Distance_mm,Stage_Position_mm
0.004999637603759766,3.245557695235129,1.397924273612387,-0.3684534894376532,0.4721680740145906,2.2389387214011514,0.39363806358736,2.4661953476702594e-05,0.008716
0.03402876853942871,3.249438291251128,1.4060087276763051,-0.36410304280314626,0.47563041349986857,2.229366552039812,0.38406589422602044,2.4062244207458913e-05,0.008716
0.06554079055786133,3.2423238653451683,1.4052002822537704,-0.45177936803854263,0.4705352535251957,2.3439986668387816,0.4986980090249902,3.12441001904508e-05,0.008716
0.09295892715454102,3.244102471770774,1.403906769585184,-0.4904723868823154,0.45493856542939626,2.4034659276849135,0.5581652698711221,3.49698039676943e-05,0.008716
0.1218729019165039,3.2491149082436226,1.4113444675552131,-0.4536399819773237,0.5131938225837583,2.30096278316352,0.4556621253497286,2.854784426602204e-05,0.008716
0.15255475044250488,3.245557695235129,1.4008346770341025,-0.47321811819151105,0.45622813334312623,2.383886898168237,0.5385862403544457,3.374315146702194e-05,0.008716
0.1800687313079834,3.2465278442239813,1.4102126439314362,-0.47455168108196394,0.5035702031635138,2.3337490150266658,0.4884483572128744,3.060194573557121e-05,0.008716
0.20811867713928223,3.249761674259757,1.4021281896808782,-0.4342480659769019,0.461521675659633,2.3336283544679826,0.4883276966541912,3.059438618948057e-05,0.008716
0.2346360683441162,3.2424855568370043,1.400349609793927,-0.49881902893068886,0.4155463520517362,2.459786975211419,0.6144863173976276,3.8498393254003434e-05,0.008716
0.2617819309234619,3.2453960037379677,1.4098892657545108,-0.506905306456282,0.4720854371402131,2.4014246880510552,0.5561240302372639,3.484191756253765e-05,0.008716
0.28828883171081543,3.24119202491016,1.4066554840169196,-0.5661739398022323,0.48158760580335563,2.447542834379779,0.6022421765659876,3.773128138275757e-05,0.008716
0.31630945205688477,3.243132322807149,1.4069788621880894,-0.5829197192546918,0.49124664293335185,2.4520303983702565,0.6067297405564651,3.801243329512165e-05,0.008716
0.34382128715515137,3.2505701317862394,1.4052002822537704,-0.4997964151920766,0.4814666141286313,2.3835123947003205,0.5382117368865291,3.3719688321668435e-05,0.008716
0.37554192543029785,3.2436173972877005,1.3992177862385318,-0.5302698859747451,0.4189814926561574,2.4867693887636553,0.6414687309498639,4.0188877709825686e-05,0.008716
0.4030601978302002,3.2453960037379677,1.4050385931696945,-0.5289209063871233,0.4293772494157292,2.4727661338450786,0.6274654760312872,3.9311554977930626e-05,0.008716
0.4335665702819824,3.2434557057939033,1.3933969794929677,-0.5527188851658001,0.32838359729294925,2.6275791631014873,0.7822785052876959,4.901079922863715e-05,0.008716
0.46030640602111816,3.2434557057939033,1.4081106857917136,-0.5693774703108645,0.394530153748491,2.5523310969942523,0.7070304391804609,4.4296406802670384e-05,0.008716
0.49707913398742676,3.24119202491016,1.4142548711916454,-0.6099044545004401,0.4979756068912394,2.467569742081436,0.6222690842676446,3.898599405337528e-05,0.008716
0.5266542434692383,3.247012918722194,1.3995411643965,-0.564046550220175,0.4335453065329993,2.4998667815642617,0.6545661237504703,4.100944696314173e-05,0.0
0.5571644306182861,3.24442585476089,1.4077873076185305,-0.5649357036682687,0.4651358311320054,2.4640233118211285,0.6187226540073372,3.876380543347658e-05,0.0
0.5878098011016846,3.2432940143003863,1.4144165602839287,-0.5799910986135322,0.5489033406548979,2.3901369130178174,0.544836255204026,3.413472329329387e-05,0.0
0.6189799308776855,3.2374731207202996,1.412314602095499,-0.6647566653304678,0.5879917226880295,2.4248748332469723,0.5795741754331809,3.631110066077042e-05,0.0
0.6470649242401123,3.24119202491016,1.4087574421398068,-0.6766698910141643,0.5822708797101575,2.4391992593425713,0.5938986015287799,3.720854519835063e-05,0.0
0.6793560981750488,3.2439407802761355,1.4137698039156612,-0.649957608330474,0.6248828362868672,2.3808981598549477,0.5355975020411563,3.355590299677835e-05,0.0
0.7081193923950195,3.247012918722194,1.4153866948406604,-0.5920837579011987,0.6697488018626725,2.2950925509510625,0.4497918931372711,2.8180066332146144e-05,0.0
0.7392551898956299,3.2460427697282936,1.4168418966855063,-0.56394319512457,0.7146888142554643,2.2358991065131963,0.39059844869940497,2.4471517520711252e-05,0.0
0.7660322189331055,3.240545258953459,1.4105360221089378,-0.614347883052334,0.6875001989268417,2.3008601190430933,0.4555594612293019,2.8541412220963652e-05,0.008845
0.7946617603302002,3.249276599747235,1.4108594002870158,-0.5382909738166655,0.6714756873268526,2.243800350277754,0.3984996924639628,2.4966541056681793e-05,0.008845
0.8231861591339111,3.244749237752128,1.4030983241719837,-0.5427830894303313,0.5880780715630028,2.3184229343999823,0.4731222765861909,2.9641746196047816e-05,0.008845
0.8552632331848145,3.2413537164000346,1.4115061566449005,-0.5892265325795972,0.6078952364483322,2.34450443487987,0.49920377706607866,3.127578723764755e-05,0.008845
0.8843674659729004,3.2465278442239813,1.4111827784656699,-0.555757571153611,0.6187597327273002,2.3036859725169676,0.4583853147031762,2.871845573720684e-05,0.008845
0.9153866767883301,3.245234312241087,1.426543242617387,-0.5488241414061505,0.7692220452450074,2.183797467337112,0.3384968095233205,2.1207279835690287e-05,0.008845
0.9415080547332764,3.2460427697282936,1.422339325982862,-0.5336614635780307,0.835447912345251,2.129453331172121,0.2841526733583297,1.7802546701860215e-05,0.008845
0.9710240364074707,3.248468142231979,1.4234711496825108,-0.49211975754723086,0.8923323369809026,2.0610403920397173,0.21573973422592596,1.3516384162821636e-05,0.008845
1.0001201629638672,3.24119202491016,1.4202373677023516,-0.5558240555658965,0.9020762410711013,2.11296790032725,0.2676672425134585,1.6769712313756422e-05,0.008845
1.0284254550933838,3.2479830677261923,1.4218542586851868,-0.5138191383133499,0.9239345704442433,2.0652406801454033,0.21994002233161192,1.377953785509201e-05,0.008845
1.0596935749053955,3.249438291251128,1.4174886530647504,-0.4658589970161226,0.8986338907373842,2.0332351806070563,0.18793452279326495,1.1774350314486791e-05,0.008997
1.0933318138122559,3.2457193867325698,1.3977625845347628,-0.4797095733177006,0.6974647511046225,2.1654066939397785,0.3201060361259871,2.0055073177136395e-05,0.008997
1.1212947368621826,3.2460427697282936,1.4153866948406604,-0.4852812659161251,0.7205561422351011,2.154951660286895,0.3096510024731036,1.9400051274033397e-05,0.008997
1.1520466804504395,3.24442585476089,1.4163568294025908,-0.5098000046554356,0.7457426736741681,2.16287034643456,0.3175696886207686,1.9896167598736793e-05,0.008997
1.1816117763519287,3.2538039619623738,1.4119912239148273,-0.40737550405441325,0.722771736647349,2.0670520721747825,0.2217514143609911,1.3893023999062703e-05,0.008997
1.216409683227539,3.248953216740291,1.4244412842878653,-0.3975340194738995,0.8224815720439541,1.9999993327076304,0.15469867489383926,9.692079796273828e-06,0.008997
1.2438616752624512,3.2449109292481677,1.4079489967050502,-0.44219136600728065,0.7388949765312681,2.096523696515322,0.2512230387015313,1.5739460854648832e-05,0.008997
1.2743737697601318,3.2528338128977365,1.4213691913888156,-0.37242059042660175,0.8051964062992157,1.9804636466919145,0.1351629888781236,8.46814282416207e-06,0.008997
1.302398443222046,3.2538039619623738,1.4160334512147028,-0.3112099140942389,0.801983339297758,1.9101966812966125,0.06489602348282153,4.065823049150209e-06,0.009158
1.328420877456665,3.2442641632656914,1.4129613584585734,-0.39001191375249855,0.7711627600624669,2.0185983090908803,0.1732976512770894,1.0857330651584491e-05,0.009158
1.357877254486084,3.2426472483291198,1.4139314930075115,-0.465791867040541,0.7586109121246561,2.1103352226170373,0.2650345648032464,1.660477151860897e-05,0.009158
1.3864150047302246,3.2507318232923783,1.4111827784656699,-0.41574506313028725,0.7242607057007222,2.0765459957067103,0.23124533789291934,1.4487831061982378e-05,0.009158
1.4154386520385742,3.2457193867325698,1.4131230475497023,-0.4446298195976234,0.7182606761290052,2.1138046659815823,0.2685040081677914,1.682213680606795e-05,0.009158
1.4465901851654053,3.2504084402803812,1.4144165602839287,-0.40505534094043366,0.7260907321527985,2.0626735472922446,0.21737288947845368,1.3618703533288542e-05,0.009158
1.4781005382537842,3.2402218759767893,1.4155483839339542,-0.5072500956931449,0.7420980885734243,2.1650790818404295,0.3197784240266386,2.0034547839015114e-05,0.009158
1.5061159133911133,3.247012918722194,1.4247646624908104,-0.4921884990550571,0.8390175377535204,2.0891593825818933,0.24385872476810233,1.5278076693882197e-05,0.009158
1.534404993057251,3.2453960037379677,1.409727576666264,-0.5022639355433359,0.7670115075738076,2.1432410458067173,0.2979403879929263,1.866636554541829e-05,0.009158
1.5618937015533447,3.2471746102221593,1.4178120312552396,-0.4866363315170179,0.7917952659735504,2.1113509774914223,0.2660503196776314,1.6668409926001594e-05,0.009307
1.5944762229919434,3.2426472483291198,1.4218542586851868,-0.5334289594756895,0.8467378878759612,2.1244761007120694,0.27917544289827845,1.74907165273848e-05,0.009307
1.6232051849365234,3.243132322807149,1.4181354094463072,-0.5599982330261081,0.8506112514359101,2.1468695941983937,0.3015689363846028,1.8893698976560497e-05,0.009307
1.6527519226074219,3.249276599747235,1.4174886530647504,-0.5002462187983149,0.8473075674315502,2.092101379450289,0.24680072163649802,1.546239674981316e-05,0.009307
1.6789090633392334,3.2416770993806256,1.4176503421599227,-0.5553270125174719,0.8464987482505643,2.1451304005465333,0.2998297427327423,1.878473615792891e-05,0.009307
1.7099885940551758,3.2408686419312493,1.4191055440229816,-0.6041928446433656,0.859466411482986,2.181097414651962,0.335796756838171,2.103811790785496e-05,0.009307
1.741913080215454,3.245234312241087,1.4165185184967515,-0.5827288328489901,0.8444836217603435,2.1712965812024088,0.3259959233886178,2.0424082526309218e-05,0.009307
1.7694268226623535,3.245234312241087,1.4208841240937478,-0.5677040245929253,0.8745971790045489,2.139785012064741,0.2944843542509501,1.844984038882703e-05,0.009307
1.7969400882720947,3.247821376224825,1.4237945278837154,-0.5241969720833227,0.9227443429875407,2.0739084418252673,0.2286077840114764,1.4322584768156918e-05,0.00946
1.8252863883972168,3.240060184488874,1.4176503421599227,-0.592711092772686,0.8993044911397569,2.1479591641780766,0.3026585063642857,1.896196199945942e-05,0.00946
1.8538236618041992,3.254612419523966,1.4191055440229816,-0.4551039877830387,0.8964304315054215,2.020082404748759,0.17478174693496795,1.0950311238207702e-05,0.00946
1.8833391666412354,3.2434557057939033,1.397924273612387,-0.5010470421429277,0.697426089101108,2.193215186592564,0.34791452877877305,2.1797312598319888e-05,0.00946
1.912397861480713,3.2466895357231054,1.4121529130050912,-0.4919700724254932,0.690453887022626,2.1886779929088274,0.34337733509503643,2.1513051319003164e-05,0.00946
1.9430365562438965,3.238443269625119,1.4021281896808782,-0.5907708156109153,0.5923402543610171,2.381033431237099,0.5357327734233079,3.356437793058671e-05,0.00946
1.9730644226074219,3.2339159081554465,1.3908099543321453,-0.7176632812191159,0.41839755016771735,2.681430504334642,0.8361298465208509,5.2384658097992556e-05,0.00946
2.0050995349884033,3.238443269625119,1.3901631980476448,-0.7487560617664625,0.2906226196387307,2.8649642675738254,1.0196636097600345,6.388329491466406e-05,0.00946
2.033651113510132,3.249438291251128,1.3827255009396138,-0.6303148434333109,0.13200723746387696,3.0823807128768514,1.2370800550630605,7.75047272788727e-05,0.00946
2.067108154296875,3.2500850572695077,1.4102126439314362,-0.5391585686312934,0.2766155760480427,2.776288667755633,0.9309880099418422,5.832764946385359e-05,0.00946
2.0921592712402344,3.2460427697282936,1.4102126439314362,-0.5268955626356363,0.37784141305695945,2.588525793033777,0.7432251352199861,4.656405313162369e-05,0.00961
2.119727849960327,3.2541273449861676,1.4181354094463072,-0.41521868346991786,0.5223837190626137,2.246235993191175,0.4009353353773841,2.5119137357123984e-05,0.00961
2.1467576026916504,3.2507318232923783,1.4203990567999836,-0.38034383463085103,0.6446159681732426,2.0789407737647756,0.23364011595098466,1.4637867124340783e-05,0.00961
2.175804376602173,3.249761674259757,1.4257347971031291,-0.368302573461121,0.7798026115897488,1.9752856969907517,0.1299850391769608,8.143737319595198e-06,0.00961
2.20534610748291,3.2529955044078074,1.4191055440229816,-0.31863658008224954,0.8127791158204096,1.8969164581045865,0.05161580029079538,3.2337992262068503e-06,0.00961
2.233865737915039,3.2528338128977365,1.4029366350897738,-0.2859322402790819,0.6854867120069817,1.9128138040194353,0.06751314620564397,4.2297893034419365e-06,0.00961
2.2624258995056152,3.251863663843212,1.4186204767339936,-0.27541033571378076,0.7422467072139972,1.869321700845603,0.024021043031811296,1.5049506145660852e-06,0.00961
2.2918057441711426,3.2505701317862394,1.4171652748748393,-0.2845398467134276,0.768444867236114,1.8707960184317485,0.025495360617957097,1.5973185918598843e-06,0.00961
2.321267604827881,3.248468142231979,1.4181354094463072,-0.3177346257420163,0.7958061369880247,1.9032926189403638,0.057991961126572455,3.633274267971986e-06,0.00976
2.3513596057891846,3.2534805789397043,1.4140931820995064,-0.2770534499712962,0.7773650355650596,1.856659441559903,0.011358783746111545,7.116430604947314e-07,0.00976
2.3783838748931885,3.249276599747235,1.4140931820995064,-0.3021848706599352,0.7644562645689821,1.8969115942384567,0.05161093642466552,3.2334944984599497e-06,0.00976
2.4129586219787598,3.2541273449861676,1.3927502231993374,-0.25792119908693084,0.5569238702216441,1.9482939288924028,0.10299327107861167,6.452666788892571e-06,0.00976
2.4429993629455566,3.249923365764492,1.4089191312271898,-0.2805448730863992,0.5620271425333055,1.9873363733527922,0.1420357155390013,8.898728381930527e-06,0.00976
2.471036672592163,3.248468142231979,1.4098892657545108,-0.3149381442030983,0.5746219904773165,2.0384635765506656,0.19316291873687463,1.2101916343909822e-05,0.00976
2.5052623748779297,3.254289036498486,1.4069788621880894,-0.26478663497645577,0.55637071220513,1.961820524923657,0.11651986710986639,7.30012620117809e-06,0.00976
2.5338003635406494,3.2517019723351077,1.388869685485485,-0.26267026753889994,0.37517375794119523,2.1763902658757033,0.3310896080619128,2.07432087136829e-05,0.00976
2.5643551349639893,3.249276599747235,1.4050385931696945,-0.29211664295725404,0.39871183511526254,2.2072123199539924,0.3619116621402019,2.2674251806436254e-05,0.00992
2.5918772220611572,3.2491149082436226,1.4037450805022569,-0.3147909612297864,0.40315841303426597,2.2496562842389705,0.40435562642517997,2.5333423185909956e-05,0.00992
2.621561050415039,3.2529955044078074,1.4030983241719837,-0.2811784515203059,0.4002559795581942,2.178898015777978,0.3335973579641873,2.0900322613841528e-05,0.00992
2.652095317840576,3.25121689781248,1.4006729879539008,-0.2803301057089727,0.3756678837423998,2.220223371120282,0.3749227133064914,2.3489411640375478e-05,0.00992
2.6912829875946045,3.2513785893197413,1.3958223156144334,-0.2776744081148322,0.3133434328055928,2.350616063423172,0.5053154056093816,3.1658688975930216e-05,0.00992
2.716848134994507,3.2507318232923783,1.3925885341262867,-0.28406284188228725,0.2396411285709399,2.5959353420932034,0.7506346842794129,4.7028271333800606e-05,0.00992
2.746899127960205,3.2510552063054985,1.3856359041199553,-0.2844110344849899,0.1233878619587636,3.1216550540195054,1.276354396205715,7.99653175105725e-05,0.00992
2.7749507427215576,3.244102471770774,1.3998645425550411,-0.37331455339482095,0.17434140402861784,2.9524845662456953,1.1071839084319048,6.936655919668581e-05,0.00992
2.8024353981018066,3.2481447592278405,1.3927502231993374,-0.3840006313389635,0.14384346784338573,3.0599684941992655,1.214667836385475,7.610057167131004e-05,0.00992
2.829967498779297,3.2504084402803812,1.395984004690341,-0.3626149091593812,0.1525701011191724,3.0222582679618952,1.1769576101481047,7.373797533957709e-05,0.00992
2.8572397232055664,3.249761674259757,1.3887079964158562,-0.3558923256311034,0.09100957079652716,-3.03495650318541,1.4029281461803857,8.789533297909529e-05,0.01007
2.8857812881469727,3.247336301722405,1.404230147751469,-0.38211434914172404,0.1922781065397032,2.8987884904375467,1.0534878326237567,6.60024279147826e-05,0.01007
2.9123454093933105,3.249438291251128,1.3977625845347628,-0.3736656445959826,0.20301570216624093,2.8567439011984543,1.0114432433846643,6.336827791843336e-05,0.01007
2.940852403640747,3.2471746102221593,1.3995411643965,-0.3966175278538744,0.22707337322549898,2.8055129103993086,0.9602122525855186,6.015858752381147e-05,0.01007
2.968142032623291,3.25121689781248,1.3950138702370394,-0.36113745914246875,0.2018084782492149,2.8485063896018072,1.0032057317880172,6.285218675105767e-05,0.01007
2.9936726093292236,3.247012918722194,1.4053619713379901,-0.3899096534695951,0.2803636583699361,2.6499025675821404,0.8046019097683503,5.040939050745369e-05,0.01007
3.023164749145508,3.2515402808272844,1.383695635327946,-0.35231823601746837,0.1338485206089302,3.0908818696625366,1.2455812118487466,7.803733617150895e-05,0.01007
3.0550663471221924,3.249599982755302,1.4068171731024326,-0.3507465099221707,0.24632552376369088,2.6891918568469175,0.8438911990331275,5.2870917259085026e-05,0.01007
3.085430145263672,3.244102471770774,1.4084340639654724,-0.41974938620084185,0.34009702136788755,2.551162355102338,0.7058616972885479,4.42231835531148e-05,0.010222
3.1184816360473633,3.2458810782302914,1.4021281896808782,-0.44537099034246674,0.347090448402696,2.5713796354420273,0.7260789776282373,4.548982332524197e-05,0.010222
3.1475064754486084,3.2434557057939033,1.3980859626901538,-0.494233943934533,0.31439186038939015,2.693041724389621,0.8477410665758311,5.311211663234776e-05,0.010222
3.1755263805389404,3.247497993222931,1.3992177862385318,-0.4768916265138109,0.30202916503868865,2.7016120961248253,0.8563114383110353,5.3649061934551096e-05,0.010222
3.2021126747131348,3.2465278442239813,1.3924268450533785,-0.47712313690756436,0.2302173817191086,2.8664981191961223,1.0211974613823322,6.397939277929771e-05,0.010222
3.2319958209991455,3.249923365764492,1.38919306362517,-0.433986229560837,0.1498739453739594,3.0614156180714716,1.2161149602576815,7.619123592589491e-05,0.010222
3.2615134716033936,3.2445875462563687,1.3877378620010736,-0.47183162383078686,0.08009970549567293,-3.0281540397885673,1.4097306095772284,8.832151644898393e-05,0.010222
3.2923622131347656,3.239251727053498,1.3820787446835652,-0.5663646253398765,-0.021373839765316895,-2.84327176944418,1.5946128799216157,9.990463904731093e-05,0.010222
3.3228907585144043,3.2457193867325698,1.3827255009396138,-0.5500635131443397,-0.0863902841189536,-2.708266049044298,1.7296186003214977,0.00010836292879004485,0.01037
3.353405475616455,3.24119202491016,1.377228072835536,-0.5963846844838859,-0.18302961179078672,-2.590905767798043,1.8469788815677526,0.00011571570806583643,0.01037
3.382190227508545,3.2413537164000346,1.3827255009396138,-0.6267476491170798,-0.19954932453678453,-2.5938436085200802,1.8440410408457155,0.00011553164839805799,0.01037
3.4101977348327637,3.2418387908713413,1.3841807025240298,-0.6418161584253668,-0.19757928939133648,-2.609042529254059,1.8288421201117369,0.00011457941559663256,0.01037
3.436738967895508,3.236988046271667,1.3877378620010736,-0.7142197728445628,-0.16311755884003074,-2.7078115629125517,1.730073086453244,0.00010839140295673185,0.01037
3.46304988861084,3.2382815781402834,1.3820787446835652,-0.7484074611445103,-0.19162592480030877,-2.6917429442135252,1.7461417051522705,0.00010939812350397465,0.01037
3.4890263080596924,3.239090035567262,1.3880612401387649,-0.7620295667175675,-0.15594268487187876,-2.7452207033970772,1.6926639459687185,0.00010604767005187761,0.01037
3.514869451522827,3.2332691422491022,1.3848274587874643,-0.8457918275339189,-0.16103960422814156,-2.780199182336084,1.6576854670297116,0.00010385622135807474,0.01037
3.5439536571502686,3.24151540789019,1.3652630828211667,-0.799270793944026,-0.3465623197351134,-2.5500215094283285,1.8878631399374672,0.00011827716177449088,0.01037
3.5730955600738525,3.235532822940874,1.3840190134585266,-0.8429947144523848,-0.3019921453763007,-2.6227468049846467,1.815137844381149,0.00011372082431249812,0.01037
3.6026086807250977,3.2379581951714504,1.367688418572479,-0.842673630739764,-0.42267271049740224,-2.5069847445164646,1.9308999048493312,0.00012097347290957657,0.01037
3.631138801574707,3.239251727053498,1.393558668566732,-0.8259540301761454,-0.2665476152232821,-2.650605200732566,1.78727944863323,0.00011197545839536732,0.01053
3.6596519947052,3.2361795888628744,1.3890313745552563,-0.8534255590750811,-0.19936531187286688,-2.7405971147317576,1.6972875346340381,0.00010633734409284904,0.01053
3.690441370010376,3.233430833725269,1.394528803012318,-0.9077071670544933,-0.10120987962042192,-2.8768927841962304,1.5609918651695653,9.779823730836786e-05,0.01053
3.718374729156494,3.236341280344073,1.3912950215470175,-0.9085908996960729,-0.06257626541011088,-2.9231719850213467,1.514712664344449,9.489878320759669e-05,0.01053
3.746098518371582,3.23229899339797,1.3977625845347628,-0.9607558913221893,0.02461764180137314,-3.0372738751825654,1.4006107741832303,8.775014651043617e-05,0.01053
3.7732231616973877,3.2386049611102354,1.3788449634373723,-0.9168590335947999,-0.09028647067996746,-2.8922086219629577,1.545676027402838,9.683867949778047e-05,0.01053
3.802495241165161,3.2313288445568955,1.387899551069848,-0.9789147156263647,-0.08650882636551972,-2.9137761903310957,1.5241084590347,9.54874423667641e-05,0.01053
3.8306453227996826,3.230197004255018,1.3946904920870822,-1.0367866785572892,-0.020706580333010205,-2.9974915461985123,1.4403931031672834,9.024256286280414e-05,0.01053
3.861877679824829,3.232137301923759,1.3992177862385318,-1.0525547916297977,0.06746025653301047,-3.0940684176968762,1.3438162316689195,8.419189212707243e-05,0.01068
3.8909175395965576,3.236826354789349,1.395984004690341,-1.003798671295787,0.09910185320191248,-3.1274808004958032,1.3104038488699925,8.209856146025788e-05,0.01068
3.919506311416626,3.2285800895617833,1.4009963661144478,-1.0748239979501804,0.16786751426000948,3.0820222001570055,1.2367215423432154,7.7482265975367e-05,0.01068
3.954627752304077,3.232137301923759,1.4000262316345262,-1.0791809152048215,0.20698092011565755,3.0413225633530048,1.1960219055392147,7.493237905581559e-05,0.01068
3.9822347164154053,3.228903472498197,1.3950138702370394,-1.12346785863012,0.18774376107232246,3.0650474445226563,1.2197467867088663,7.641877473186888e-05,0.01068
4.012995481491089,3.2251845687968292,1.387899551069848,-1.2018913838168206,0.10811233586108598,-3.1380387706865465,1.2998458786792502,8.143709044477842e-05,0.01068
4.043084621429443,3.2234059627309404,1.388222929207824,-1.2794682556815005,0.055377856970301856,-3.0921711940894165,1.34571345527638,8.431075573471161e-05,0.01068
4.073471307754517,3.2316522275028032,1.3824021228113055,-1.2286174609096048,-0.03567161507119221,-3.0070745384679185,1.4308101108978781,8.964217552383121e-05,0.01068
4.1020495891571045,3.2339159081554465,1.3898398199062498,-1.164155932928191,-0.0302333148173842,-3.0039216617186812,1.4339629876471154,8.983970748758199e-05,0.01084
4.130530118942261,3.233430833725269,1.393558668566732,-1.1252184287516551,0.008159961752730547,-3.0370335400604276,1.400851109305369,8.776520382869189e-05,0.01084
4.157164096832275,3.234886057023348,1.3919417778355105,-1.0794054795004548,0.019997661181896033,-3.0444827251883306,1.393401924177466,8.72985023735799e-05,0.01084
4.187870025634766,3.235532822940874,1.4060087276763051,-1.0390889943418813,0.15911112451698442,3.0875039128053805,1.2422032549915905,7.782570263663611e-05,0.01084
4.215651035308838,3.2356945144209543,1.4077873076185305,-1.008805599551291,0.27303190372079295,2.955251442616852,1.109950784803062,6.953990771821701e-05,0.01084
4.245819568634033,3.2398984930012387,1.4115061566449005,-0.9339989872761789,0.38736291895878733,2.80271311970141,0.9574124618876199,5.9983176875494535e-05,0.01084
4.273697137832642,3.237796503687454,1.3967924500720235,-0.9084384769459444,0.3305525141343873,2.860009398444875,1.014708740631085,6.357286570762122e-05,0.01084
4.308595657348633,3.2421621738536124,1.4060087276763051,-0.8348760272644297,0.37649952158372485,2.771508180173325,0.926207522359535,5.8028145494963016e-05,0.01084
4.337763071060181,3.240545258953459,1.3974392063799441,-0.8040008655502414,0.3289631737833318,2.8199922076105963,0.9746915497968063,6.10657349448354e-05,0.01084
4.364279747009277,3.2426472483291198,1.4077873076185305,-0.7555841332989496,0.3919283382072389,2.7062008639370188,0.8609002061232287,5.393655440229764e-05,0.01084
4.392072916030884,3.2483064507297694,1.4060087276763051,-0.649527481813658,0.4194625984347244,2.585580945152686,0.7402802873388961,4.6379554455917516e-05,0.010999
4.421177864074707,3.2453960037379677,1.4081106857917136,-0.612401223474368,0.458285454547735,2.4931323087010733,0.6478316508872832,4.0587523191521576e-05,0.010999
4.4483137130737305,3.2471746102221593,1.4134464257323933,-0.5637324330687498,0.5350855194948589,2.337086410911582,0.4917857530977918,3.081103807104579e-05,0.010999
4.4759299755096436,3.2408686419312493,1.4058470385915107,-0.6100766390292507,0.5181688658105057,2.4119270801823642,0.5666264223685742,3.549990653793301e-05,0.010999
4.501619338989258,3.2463661527251384,1.4032600132543365,-0.5724145010872085,0.48226705600439884,2.4149343567709805,0.5696336989571904,3.568831645602918e-05,0.010999
4.530227422714233,3.249761674259757,1.4056853495068602,-0.5027520399805826,0.479692181842976,2.325629597935777,0.480328940121987,3.0093253347623392e-05,0.010999
4.560761451721191,3.238928344081307,1.3995411643965,-0.5921326271573255,0.4207469089992135,2.527797187340152,0.6824965295263619,4.2759324405259554e-05,0.010999
4.587691068649292,3.2398984930012387,1.3924268450533785,-0.6423279066004126,0.31331980249147257,2.7556182262111317,0.9103175683973417,5.703261853349175e-05,0.010999
4.613778352737427,3.2408686419312493,1.3895164417654249,-0.6650934705014222,0.21105315869289848,2.960017719379621,1.1147170615658308,6.983852136017341e-05,0.010999
4.641408443450928,3.2453960037379677,1.3883846182770259,-0.6232974155558029,0.1289401923331041,3.1205935867468364,1.2752929289330464,7.989881516001975e-05,0.01116
4.6671788692474365,3.238443269625119,1.3880612401387649,-0.6826999558021302,0.06845359712150889,-3.043343575195755,1.394541074170041,8.736987165088974e-05,0.01116
4.694141149520874,3.2426472483291198,1.3709221996235388,-0.6706734964752699,-0.13328550623510246,-2.676509592034436,1.7613750573313602,0.0001103525134816897,0.01116
4.724045991897583,3.2395751100268084,1.3835339462628689,-0.7014302256641427,-0.15720965395676653,-2.6638654957187162,1.77401915364708,0.00011114468310129263,0.01116
4.750506639480591,3.247012918722194,1.3791683415594396,-0.6281145900347537,-0.21455805910153408,-2.513932854166119,1.9239517951996774,0.0001205381645062957,0.01116
4.780987977981567,3.2457193867325698,1.3824021228113055,-0.5932884884307404,-0.22462675632147736,-2.461328205321987,1.9765564440438093,0.0001238339164227369,0.01116
4.809665203094482,3.2402218759767893,1.3869294166593362,-0.6390132989363615,-0.18956958255405643,-2.561669951457417,1.8762146979083791,0.00011754737123345574,0.01116
4.841229438781738,3.2458810782302914,1.3864443494560015,-0.5988557292573022,-0.16954083901874314,-2.5514450473734467,1.8864396019923495,0.0001181879752099222,0.01116
4.870414972305298,3.2420004823623367,1.3890313745552563,-0.6202299592047521,-0.13146056852968963,-2.63675574260763,1.8011289067581662,0.00011284314555153817,0.011309
4.89961838722229,3.2453960037379677,1.3877378620010736,-0.5918929576481338,-0.11683445423687933,-2.634864493590977,1.8030201557748193,0.00011296163484303732,0.011309
4.928271770477295,3.237149737754265,1.388869685485485,-0.6772116770887833,-0.09606985856820782,-2.7444021256625692,1.693482523703227,0.00010609895504657944,0.011309
4.959335088729858,3.24151540789019,1.3862826603885077,-0.6812646886324254,-0.10559479159328974,-2.7313116768609933,1.7065729725048029,0.00010691908924902802,0.011309
4.9876885414123535,3.2420004823623367,1.3825638118753887,-0.6779162307673365,-0.14684870973277991,-2.66191988700428,1.7759647623615162,0.00011126657810088186,0.011309
5.017804145812988,3.2426472483291198,1.3799767868670878,-0.6673248889509106,-0.19978660159885786,-2.5725698969738073,1.8653147523919889,0.00011686447500443251,0.011309
5.044903516769409,3.238766652595631,1.3835339462628689,-0.7093954766875157,-0.203760420711396,-2.6038471413260478,1.8340375080397484,0.0001149049136295371,0.011309
5.0767738819122314,3.236826354789349,1.390648265260806,-0.7635871508361743,-0.1403766817833831,-2.733449341026972,1.7044353083388244,0.00010678516171740232,0.011309
5.104543685913086,3.2418387908713413,1.381917055619908,-0.7376038096287311,-0.1772110701896224,-2.6630263841232398,1.7748582652425564,0.00011119725456996821,0.011309
5.13317346572876,3.2426472483291198,1.3840190134585266,-0.7091061941538868,-0.18344627069445424,-2.6321128441765778,1.8057718051892184,0.0001131340293752725,0.011309
5.161399602890015,3.243132322807149,1.394205424863218,-0.6829722973008481,-0.0930740696560766,-2.7550049591353716,1.6828796902304246,0.00010543467328621189,0.011467
5.189782619476318,3.2453960037379677,1.4035833914194733,-0.6358125943153858,0.05740452018748068,-3.0257188022700374,1.4121658470957588,8.847408735089161e-05,0.011467
5.217561721801758,3.2403835674649843,1.4022898787623705,-0.666718317772544,0.15070945707124717,3.0569992842070866,1.2116986263932965,7.591454667661738e-05,0.011467
5.2488486766815186,3.245557695235129,1.4077873076185305,-0.6223729532481652,0.2671507365087776,2.795792569537687,0.9504919117238968,5.95495951110292e-05,0.011467
5.277443885803223,3.244749237752128,1.4014814333563435,-0.6016404750323793,0.290013011035317,2.732618285879352,0.8873176280655621,5.5591641374779055e-05,0.011467
5.306385278701782,3.248629833734469,1.3993794753174444,-0.5376432100999196,0.2864677299616854,2.675905981685043,0.8306053238712527,5.203853933263809e-05,0.011467
5.332990407943726,3.2483064507297694,1.3781982071949381,-0.49696883557434834,0.08699355382981147,-3.0640186078558385,1.3738660415099577,8.607455308096917e-05,0.011467
5.363857984542847,3.239736801513884,1.3908099543321453,-0.577775107764695,0.06465485979587275,-3.0231109338324273,1.4147737155333688,8.863747381178305e-05,0.011467
5.3942484855651855,3.24151540789019,1.3743176697878998,-0.611659090105575,-0.10436567805853535,-2.669844658656358,1.7680399907094384,0.00011077008051115205,0.011619
5.422045946121216,3.237796503687454,1.3901631980476448,-0.6828005489265196,-0.07531164011964137,-2.7807383484350474,1.6571463009307488,0.00010382244187768696,0.011619
5.448790788650513,3.24442585476089,1.3982476517680642,-0.6480635027627043,0.020214157885273965,-2.947277293586836,1.4906073557789603,9.338855324414777e-05,0.011619
5.48272967338562,3.2407069504422146,1.3820787446835652,-0.6711702431088026,-0.0632937230925996,-2.794459780561427,1.6434248688043693,0.00010296277572230918,0.011619
5.514533996582031,3.2347243655446656,1.3982476517680642,-0.7636336047122425,0.028626699804201818,-3.000662597383829,1.4372220519819674,9.004389224621843e-05,0.011619
5.543835878372192,3.2382815781402834,1.396630760995401,-0.7829971434518729,0.07793340127663016,-3.088250909925441,1.349633739440355,8.455636680389102e-05,0.011619
5.575338363647461,3.2395751100268084,1.3859592822539473,-0.7800567785477571,0.01319997157277645,-2.978585176714453,1.459299472651343,9.142707230881646e-05,0.011619
5.606292963027954,3.2373114292371428,1.3911333324752508,-0.8068644965032601,0.016006871020737227,-2.990127199272476,1.4477574500933201,9.070394909060197e-05,0.011619
5.632303714752197,3.235532822940874,1.3917800887631735,-0.8483103062438374,0.023986738259815083,-3.01170032164311,1.426184327722686,8.935236399386826e-05,0.011619
5.666447877883911,3.239251727053498,1.3943671139376965,-0.8298997030290138,0.053632796041523545,-3.054401536076963,1.383483113288833,8.667707554699104e-05,0.011619
5.694730043411255,3.235532822940874,1.3943671139376965,-0.8644349508118838,0.0743850364887174,-3.090045035580044,1.347839613785752,8.44439624214948e-05,0.011777
5.726694107055664,3.231813918976176,1.388869685485485,-0.9360322924068173,0.03778378493971195,-3.045458011749428,1.392426637616368,8.723739936037775e-05,0.011777
5.759470462799072,3.2347243655446656,1.4000262316345262,-0.9490370392208604,0.1159223095914493,3.131520997171383,1.286220339357592,8.058343210243383e-05,0.011777
5.790395736694336,3.2356945144209543,1.3984093408461176,-0.9457692309665763,0.15558168214589005,3.078017788935589,1.232717131121798,7.72313842330269e-05,0.011777
5.819321393966675,3.2407069504422146,1.400187920714155,-0.8795642528515281,0.1998845971132818,3.0066651262016006,1.1613644683878097,7.276104406127687e-05,0.011777
5.849443197250366,3.2382815781402834,1.3948521811619894,-0.8641485971493822,0.18127257553574053,3.0314605540696298,1.1861598962558388,7.431451092610043e-05,0.011777
5.879701614379883,3.2360178973819544,1.3946904920870822,-0.8822236111466479,0.1667404009978706,3.055787359925119,1.2104867021113281,7.583861799231585e-05,0.011777
5.912308692932129,3.2344009825881397,1.3867677275914156,-0.9154946726515664,0.08288366820087192,-3.1046076769104447,1.333276972455351,8.353159337944826e-05,0.011777
5.9428393840789795,3.228903472498197,1.3940437357888824,-1.008887488842832,0.09185312814238307,-3.120185814015104,1.3176988353506918,8.25556021629801e-05,0.011936
5.9724485874176025,3.235532822940874,1.393235290419346,-0.9897264008815434,0.09061295297997068,-3.1180604801212155,1.3198241692445802,8.268875718649552e-05,0.011936
5.9999706745147705,3.233754216678441,1.4066554840169196,-0.9989940460489231,0.21455686689118594,3.007541216505544,1.1622405586917535,7.281593229571322e-05,0.011936
6.029991626739502,3.236826354789349,1.4045535259183282,-0.9663061493891595,0.2817687328316672,2.9151413493872256,1.069840691573435,6.702695649556235e-05,0.011936
6.057519197463989,3.2373114292371428,1.4032600132543365,-0.9372390560922512,0.31678696291921665,2.86079498808007,1.0154943302662796,6.362208395358652e-05,0.011936
6.090731620788574,3.2376348122037366,1.4081106857917136,-0.9127683803431631,0.3864125096868775,2.761905099470474,0.9166044416566836,5.742649958864893e-05,0.011936
6.120471000671387,3.245557695235129,1.4121529130050912,-0.794607997047593,0.4727443814326626,2.5781420540335067,0.7328413962197162,4.591349793428046e-05,0.011936
6.150985479354858,3.238928344081307,1.412314602095499,-0.796431797104231,0.5346804512324641,2.50606652559948,0.6607658677856896,4.139786925536274e-05,0.011936
6.177034378051758,3.234886057023348,1.4077873076185305,-0.8492548373472824,0.5359304324216309,2.5462214811024784,0.7009208232886879,4.3913631159709754e-05,0.012087
6.213071823120117,3.231167153084361,1.405523660422353,-0.9336536333364779,0.515752785812162,2.624819964765798,0.7795193069520074,4.883793174634235e-05,0.012087
6.244247674942017,3.2347243655446656,1.4014814333563435,-0.947371977871619,0.4640344455476854,2.6893817488184344,0.8440810910046439,5.2882814246191555e-05,0.012087
6.274771213531494,3.234886057023348,1.402774946007708,-0.9549129638844484,0.43986168331590814,2.7208017982994055,0.875501140485615,5.4851322554238934e-05,0.012087
6.3047895431518555,3.233107450773215,1.3980859626901538,-0.9828720606768662,0.37933172482864,2.804341348504444,0.9590406906906535,6.00851875972827e-05,0.012087
6.333481788635254,3.234886057023348,1.3984093408461176,-0.9797630218481308,0.33996827281192354,2.850527147708694,1.0052264898949037,6.297878996103572e-05,0.012087
6.36216402053833,3.2303586957258767,1.3982476517680642,-1.035318637850537,0.3109100969373674,2.9035047880795295,1.058204130265739,6.629791029768239e-05,0.012087
6.3906755447387695,3.2361795888628744,1.4058470385915107,-0.9999807844471457,0.3612460700202623,2.8322969865656757,0.9869963287518853,6.183664587597283e-05,0.012087
6.418710470199585,3.2407069504422146,1.4094041984902024,-0.9175123402879172,0.42956396104923805,2.7118860137331997,0.8665853559194092,5.429273667416367e-05,0.012239
6.451780080795288,3.2462044612265757,1.4030983241719837,-0.789681347383572,0.4187398631686733,2.642920233351915,0.7976195755381243,4.997193788822444e-05,0.012239
6.478916168212891,3.245557695235129,1.4052002822537704,-0.7084470739758849,0.4307118682933549,2.55548271612767,0.7101820583138796,4.4493859975100716e-05,0.012239
6.509908437728882,3.2458810782302914,1.3971158282256977,-0.6474593717849647,0.363904297571671,2.6014690132395395,0.756168355425749,4.737496326476532e-05,0.012239
6.537791013717651,3.2402218759767893,1.3898398199062498,-0.676932917284311,0.24946982403261794,2.8521929951284335,1.006892337314643,6.308315753969539e-05,0.012239
6.565134048461914,3.24119202491016,1.3748027369593234,-0.6851932673818583,0.029516074712276425,-2.942293480772827,1.4955911685929686,9.370079581194098e-05,0.012239
6.593151092529297,3.2402218759767893,1.3526513374236966,-0.7033466442021515,-0.3304665575550938,-2.37003734771395,2.0678473016518457,0.00012955341128728277,0.012239
6.6256842613220215,3.2386049611102354,1.3887079964158562,-0.7366725606107621,-0.24711609027546125,-2.505370378687674,1.9325142706781215,0.0001210746150974056,0.012239
6.6513426303863525,3.24151540789019,1.3912950215470175,-0.7228873070978145,-0.16471061286864117,-2.609888356868936,1.8279962924968598,0.00011452642336031956,0.012239
6.678954124450684,3.242970631314193,1.404876904085762,-0.6946809317053828,0.019289016030839608,-2.9280628385585277,1.509821810807268,9.459236466337337e-05,0.012239
6.70662784576416,3.2457193867325698,1.400349609793927,-0.6398849276001941,0.10598349031158148,-3.114123060135005,1.3237615892307906,8.293544183795734e-05,0.01239
6.732607364654541,3.236826354789349,1.3803001649911393,-0.7149297664750549,-0.019796542940220138,-2.858341992528394,1.5795426568374018,9.896046932652902e-05,0.01239
6.76121711730957,3.238443269625119,1.381917055619908,-0.7468426014456235,-0.09280497299940693,-2.7452949234046296,1.6925897259611662,0.00010604302006870114,0.01239
6.788356065750122,3.231813918976176,1.3874144838639517,-0.8537176478504331,-0.09278305611482741,-2.809712760600037,1.6281718887657588,0.0001020071560328281,0.01239
6.81789755821228,3.2356945144209543,1.3870911057273991,-0.8790456570072886,-0.09577523303946459,-2.817870493717737,1.6200141556480587,0.00010149606309432869,0.01239
6.845956563949585,3.2356945144209543,1.4006729879539008,-0.8967752634170799,0.02844603492404273,-3.008126313357397,1.4297583360083985,8.957628041410548e-05,0.01239
6.876341819763184,3.2290651639668226,1.4014814333563435,-0.9937220473451649,0.12291971992600055,3.131075103195411,1.2857744453816204,8.055549624584839e-05,0.01239
6.90457820892334,3.235856205901315,1.408272374878521,-0.9749868814704067,0.25220919913589823,2.954013008989444,1.1087123511756536,6.946231818781237e-05,0.01239
6.93708348274231,3.231813918976176,1.4239562169845352,-1.0134186438677795,0.4885765167540717,2.684733673145774,0.8394330153319833,5.259160606131563e-05,0.01239
6.96461820602417,3.248629833734469,1.4152250057475106,-0.8258879282846884,0.572830618586464,2.466244002509361,0.6209433446955703,3.890293468825506e-05,0.01239
6.995260000228882,3.2436173972877005,1.4252497297963165,-0.7585339451395866,0.7250415878147516,2.260660064275832,0.4153594064620414,2.6022824787126596e-05,0.01239
7.023394346237183,3.2416770993806256,1.4045535259183282,-0.7361284209563451,0.6391080374781625,2.3135898125165073,0.4682891547027168,2.9338944617482948e-05,0.012542
7.050971508026123,3.2523487383692107,1.4029366350897738,-0.5843620955555151,0.5639169571674135,2.2027822807095037,0.35748162289571317,2.2396703896684125e-05,0.012542
7.078481197357178,3.247336301722405,1.3954989374630469,-0.542043188088814,0.4421102653212878,2.2911775116190065,0.445876853805216,2.793478385873215e-05,0.012542
7.10874605178833,3.2449109292481677,1.3872527947956044,-0.5433477840377152,0.2801538513370739,2.629327652734564,0.7840269949207737,4.9120344452979734e-05,0.012542
7.135740041732788,3.243132322807149,1.3971158282256977,-0.566941410219526,0.25851368570227423,2.7200902318959024,0.8747895740821119,5.480674196317807e-05,0.012542
7.166762351989746,3.2379581951714504,1.3866060385236376,-0.649436317776761,0.14562120812666024,3.0793931091583344,1.234092451344544,7.731754989251578e-05,0.012542
7.192692279815674,3.2376348122037366,1.3796534087436032,-0.7113064635223237,0.0019348222804383387,-2.8815158984701346,1.5563687508956607,9.750859298865585e-05,0.01269
7.221920728683472,3.2395751100268084,1.4111827784656699,-0.729873302597086,0.19458744280976975,2.985819321917307,1.1405186641035168,7.145502641969382e-05,0.01269
7.247927665710449,3.2344009825881397,1.4111827784656699,-0.8088494566668787,0.3294442771802983,2.7769335748745023,0.9316329170607123,5.8368053761185574e-05,0.01269
7.275531053543091,3.2453960037379677,1.4129613584585734,-0.723926605871613,0.4403854165802486,2.5348589239363166,0.6895582661225266,4.320175168937989e-05,0.01269
7.302252769470215,3.2487915252372397,1.3846657697213924,-0.621181646218464,0.25488630743692076,2.7848322915223642,0.9395316337085742,5.8862918969900326e-05,0.01269
7.3304762840271,3.2462044612265757,1.3933969794929677,-0.5822498615349623,0.2062399379077799,2.882944664265129,1.0376440064513388,6.500979092130645e-05,0.01269
7.35667872428894,3.2457193867325698,1.390648265260806,-0.5611831784808977,0.1466235692500386,3.0610211969667405,1.2157205391529504,7.616652491383865e-05,0.01269
7.382973670959473,3.2376348122037366,1.3748027369593234,-0.6495292660152271,-0.04247630363553186,-2.732712916269943,1.7051717330958538,0.00010683129971770501,0.01269
7.41004753112793,3.2329457592976074,1.3807852321782805,-0.7711653272909668,-0.11920712075193231,-2.6931776216762913,1.7447070276895054,0.00010930823903366114,0.01269
7.436849355697632,3.2365029718255522,1.3751261150743126,-0.8109497566641621,-0.22555026809361114,-2.57073983566779,1.8671448136980064,0.00011697913080366394,0.01269
7.4628729820251465,3.234077599632731,1.3794917196820735,-0.8697266848124406,-0.2593889703829241,-2.5753700218642495,1.8625146275015472,0.00011668904341850383,0.012842
7.493856906890869,3.232784067822279,1.3869294166593362,-0.9273653755680192,-0.21390313239707048,-2.6696809416785983,1.7682037076871984,0.0001107803375997376,0.012842
7.5195088386535645,3.2379581951714504,1.3974392063799441,-0.9017330935207063,-0.08431868400322287,-2.8273311253822877,1.610553523983509,0.00010090334181162285,0.012842
7.547462224960327,3.2402218759767893,1.4110210893762707,-0.8549245224993508,0.13270622884283534,3.118991771961728,1.273691114147939,7.97984593119379e-05,0.012842
7.574629783630371,3.233754216678441,1.4089191312271898,-0.9046327311814033,0.26507479356814007,2.914347973503879,1.06904731569009,6.697725043069077e-05,0.012842
7.602865219116211,3.238766652595631,1.3872527947956044,-0.8755109662488493,0.15622902110987325,3.080987358455972,1.2356867006421828,7.741743175264464e-05,0.012842
7.629143238067627,3.2379581951714504,1.4110210893762707,-0.8654350069972835,0.3010896224220054,2.8425133720286913,0.9972127142149021,6.247671614939309e-05,0.012842
7.658861398696899,3.247659684723738,1.4060087276763051,-0.7346705152138395,0.35587549738505614,2.6643351371405926,0.8190344793268034,5.131361037825602e-05,0.012842
7.685097932815552,3.2462044612265757,1.406332105846325,-0.6616920698317252,0.39723312891429646,2.514667946752339,0.6693672889385498,4.193675984529241e-05,0.012842
7.7111570835113525,3.2458810782302914,1.3988944080811365,-0.6147308688840567,0.3570105340684328,2.5269613409342635,0.6816606831204743,4.2706957505098e-05,0.012842
7.739270210266113,3.247497993222931,1.3988944080811365,-0.5612394739784794,0.32885471767633234,2.504420110518242,0.659119452704453,4.129471913881466e-05,0.012993
7.767555475234985,3.249438291251128,1.400349609793927,-0.49905323198172646,0.32267948146342984,2.395757604271335,0.5504569464575457,3.4486867150871936e-05,0.012993
7.794223308563232,3.2418387908713413,1.3956606265386686,-0.5524300664306271,0.2747477917687419,2.628405527362854,0.783104869549065,4.9062572059706794e-05,0.012993
7.8221964836120605,3.253318887428791,1.3875761729324414,-0.44340211402610297,0.16600763859678827,2.879230011804443,1.0339293539906538,6.477706295457311e-05,0.012993
7.849342346191406,3.239251727053498,1.3887079964158562,-0.5464639684765827,0.10041584703085413,-3.05581822515227,1.382066424213527,8.65883180733165e-05,0.012993
7.877901792526245,3.238766652595631,1.3890313745552563,-0.62479283235549,0.057509111705028475,-2.9518053887638906,1.4860792606019064,9.310486199849717e-05,0.012993
7.9042065143585205,3.2373114292371428,1.3853125259865324,-0.6981797341686655,-0.007112068562114674,-2.8371045132670725,1.6007801360987246,0.00010029102593157883,0.012993
7.930341720581055,3.24151540789019,1.3898398199062498,-0.695942328588358,-0.01024163226103268,-2.8286302375535253,1.6092544118122718,0.00010082195068893494,0.012993
7.956966400146484,3.2382815781402834,1.3883846182770259,-0.7356132501651576,-0.025966161334643568,-2.82282532485773,1.615059324508067,0.0001011856362673451,0.013145
7.987452030181885,3.2407069504422146,1.3988944080811365,-0.732455066290533,0.06077103089417614,-3.0048683594476686,1.4330162899181285,8.978039560311633e-05,0.013145
8.015107154846191,3.2423238653451683,1.3946904920870822,-0.7096257844797228,0.08238931974877207,-3.0481111773246448,1.3897734720411523,8.707117497296549e-05,0.013145
8.04761290550232,3.23504774850231,1.4121529130050912,-0.786428773344784,0.2599281484759909,2.8708624567070475,1.0255617988932584,6.425282438718184e-05,0.013145
8.075093507766724,3.231167153084361,1.404876904085762,-0.8896753885347215,0.3165361489720848,2.8281321039715053,0.9828314461577161,6.157571038656092e-05,0.013145
8.106751203536987,3.23504774850231,1.4149016275616448,-0.9124634961832679,0.449394841936597,2.6573078192732367,0.8120071614594475,5.087333947373189e-05,0.013145
8.13332748413086,3.2356945144209543,1.4024515678440062,-0.9201677508402598,0.42660644179179996,2.691379481421639,0.8460788236078498,5.300797487743275e-05,0.013145
8.16423225402832,3.234077599632731,1.4106977111979049,-0.9461792807357166,0.48734629776662824,2.633294352481012,0.787993694667223,4.936886352075346e-05,0.013145
8.194632053375244,3.2365029718255522,1.4066554840169196,-0.9334595240754756,0.4922702082418476,2.619056210275717,0.7737555524619277,4.847682478481007e-05,0.013145
8.225404739379883,3.2437790887817775,1.4108594002870158,-0.8317722068350609,0.5348146938473527,2.488745161823797,0.6434445040100076,4.031266254619472e-05,0.013145
8.252440214157104,3.247659684723738,1.4076256185321545,-0.7111065551002913,0.5345206427117973,2.3627646400760356,0.5174639822622464,3.241981362299986e-05,0.013303
8.278035163879395,3.238119886655727,1.409727576666264,-0.7482900639601763,0.5538636810446056,2.382672260895252,0.5373716030814628,3.366705281018886e-05,0.013303
8.304774761199951,3.242970631314193,1.412637980276748,-0.7124628615090324,0.5944714801203583,2.295776393441782,0.4504757356279927,2.8222909982828377e-05,0.013303
8.333272457122803,3.2510552063054985,1.4021281896808782,-0.5842910482237058,0.5251525695294303,2.1931997934957232,0.3478991356819341,2.179634820012464e-05,0.013303
8.360911846160889,3.252025355351597,1.4022898787623705,-0.48219964573449237,0.47813309161061057,2.0515090161550957,0.20620835834130657,1.2919230659694311e-05,0.013303
8.392528057098389,3.249599982755302,1.3811086103037504,-0.4416634967241045,0.2482269745611425,2.4442186547885694,0.5989179969747802,3.752301706583801e-05,0.013303
8.420257091522217,3.248468142231979,1.3992177862385318,-0.42772118074948445,0.2557137449589153,2.3616922107388416,0.5163915529250525,3.2352624484378716e-05,0.013303
8.448059797286987,3.2471746102221593,1.3948521811619894,-0.43445640316132755,0.22035297902768192,2.5488076577282834,0.7035069999144943,4.407565859945205e-05,0.013303
8.47552490234375,3.24442585476089,1.3909716434036266,-0.474222600727066,0.1595102168361116,2.9768901412338593,1.1315894834200702,7.089560125487777e-05,0.013462
8.509610652923584,3.244749237752128,1.400349609793927,-0.4979352282676098,0.2041383308752705,2.7839476556446114,0.9386469978308223,5.880749534378522e-05,0.013462
8.536675453186035,3.244749237752128,1.3912950215470175,-0.5145340675459847,0.15116748193687313,3.0469148729046953,1.2016142150909062,7.52827447616476e-05,0.013462
8.562976360321045,3.2403835674649843,1.4069788621880894,-0.5818233490339633,0.2599525562268189,2.7089865311974184,0.8636858733836292,5.411108019828263e-05,0.013462
8.58976125717163,3.2462044612265757,1.402774946007708,-0.5546990535058004,0.29700436079129816,2.5589619399442913,0.7136612821305022,4.471183802102091e-05,0.013462
8.618620157241821,3.2379581951714504,1.3997028534756988,-0.640866668077138,0.29436919373655435,2.6918817643253856,0.8465811065115965,5.3039443576093274e-05,0.013462
8.646673917770386,3.236341280344073,1.404230147751469,-0.7218025504119109,0.33462984259771605,2.6895661987395303,0.8442655409257411,5.289437028152875e-05,0.013462
8.6748206615448,3.2424855568370043,1.4081106857917136,-0.7001071680351781,0.3989025254618298,2.5478363751077175,0.7025357172939284,4.4014806438502906e-05,0.013462
8.703653812408447,3.2398984930012387,1.4030983241719837,-0.7179100852149151,0.39727685825748754,2.5709428599549375,0.7256422021411484,4.546245875423433e-05,0.013462
8.731910705566406,3.2373114292371428,1.4108594002870158,-0.763361811170265,0.4683193488583006,2.5086702379635577,0.6633695801497685,4.156099533266441e-05,0.013462
8.761679410934448,3.2360178973819544,1.4060087276763051,-0.8116728609612565,0.4729363058904676,2.54961130831999,0.7043106505062009,4.412600838860498e-05,0.01362
8.788267850875854,3.240545258953459,1.4157100730273926,-0.7877586491380164,0.5663937497957302,2.408158341033189,0.5628576832193999,3.5263789967508574e-05,0.01362
8.815300941467285,3.235371131461073,1.4058470385915107,-0.8369980682642162,0.5400846270211205,2.487256276335767,0.6419556185219779,4.021938187027814e-05,0.01362
8.847944021224976,3.232137301923759,1.38919306362517,-0.9127027644246504,0.36678101708537114,2.776116830241678,0.9308161724278889,5.831688361276683e-05,0.01362
8.876505613327026,3.239736801513884,1.3982476517680642,-0.8687888579599027,0.3296790179287807,2.808295712715157,0.9629950549013677,6.0332933827171695e-05,0.01362
8.902629613876343,3.2407069504422146,1.3895164417654249,-0.825677991746849,0.22250460949901485,2.976861233549083,1.131560575735294,7.089379014959346e-05,0.01362
8.929620265960693,3.2491149082436226,1.398571029924314,-0.6882839053824953,0.23169305154537329,2.8948808472192455,1.0495801894054564,6.57576088178309e-05,0.01362
8.957707166671753,3.247497993222931,1.404230147751469,-0.6127265995273826,0.29075654306388654,2.666778976980836,0.8214783191670469,5.146672022717495e-05,0.01362
8.986027002334595,3.2528338128977365,1.3988944080811365,-0.4917952538906731,0.28247692397314444,2.454984976943005,0.6096843191292161,3.819754161173209e-05,0.013772
9.014713764190674,3.2458810782302914,1.4069788621880894,-0.4958030977253203,0.3518691656522068,2.270906848853285,0.42560619103949593,2.6664799605902972e-05,0.013772
9.041495561599731,3.249761674259757,1.397924273612387,-0.449124057627257,0.316233203003857,2.213443558662585,0.36814290084879575,2.3064647282252494e-05,0.013772
9.074167013168335,3.2426472483291198,1.3967924500720235,-0.5071703677528625,0.2807617129659347,2.5024822710140793,0.6571816132002901,4.1173310890685795e-05,0.013772
9.104377508163452,3.2420004823623367,1.4024515678440062,-0.5560502061516387,0.30856325151233566,2.525832622433741,0.6805319646199517,4.2636241774778376e-05,0.013772
9.135104417800903,3.234077599632731,1.3916183996909788,-0.6912969994536836,0.22727244519556314,2.9114583328323835,1.0661576750185944,6.67962105608282e-05,0.013772
9.164408206939697,3.2382815781402834,1.3916183996909788,-0.7323615197708816,0.17036888077382442,3.0680137891019577,1.2227131312881685,7.660462020459561e-05,0.013772
9.19402527809143,3.239251727053498,1.3912950215470175,-0.748735552497924,0.12752886686585743,-3.1128392609159983,1.3250453884497988,8.301587358361748e-05,0.013772
9.224014043807983,3.2332691422491022,1.3997028534756988,-0.8364860175801723,0.17573634798874516,3.072287482796137,1.2269868249823483,7.687237285559437e-05,0.013772
9.249831676483154,3.2416770993806256,1.4037450805022569,-0.7906948716647683,0.24707557204570105,2.917427366864846,1.0721267090510573,6.717017856145267e-05,0.013772
9.275598287582397,3.2352094399815523,1.3995411643965,-0.8411152792053922,0.25791528214112447,2.91862830824456,1.0733276504307714,6.724541915217412e-05,0.01393
9.306564569473267,3.237149737754265,1.4160334512147028,-0.851667302178868,0.4188865523870982,2.656921731822383,0.8116210740085941,5.084915057628608e-05,0.01393
9.337786197662354,3.2339159081554465,1.4047152150019733,-0.9002908218166847,0.4263032721936614,2.681941981586538,0.8366413237727492,5.241670283491599e-05,0.01393
9.364989757537842,3.2295502383743737,1.4132847366409758,-0.989997373102961,0.5111942322598615,2.6342372597773696,0.7889366019635808,4.9427937929523015e-05,0.01393
9.391582250595093,3.239413418540013,1.4108594002870158,-0.9270187945687444,0.5480615106599603,2.5474689865504643,0.7021683287366756,4.399178905186029e-05,0.01393
9.417175769805908,3.2376348122037366,1.4085957530525677,-0.9056141972767102,0.5528159717422224,2.524997556339076,0.6796968985252874,4.258392376216318e-05,0.01393
9.446913957595825,3.238766652595631,1.4102126439314362,-0.8761979925155792,0.5711816900428839,2.478915621243596,0.6336149634298072,3.969682862435026e-05,0.01393
9.473023891448975,3.246851227222509,1.3951755593122324,-0.7525138822603663,0.44418805945763107,2.5252994807600015,0.6799988229462128,4.260283973272377e-05,0.01393
9.500497341156006,3.251863663843212,1.4021281896808782,-0.6020174851006723,0.4199541750655185,2.350326517719496,0.5050258599057074,3.164054854863435e-05,0.01409
9.526068449020386,3.2449109292481677,1.3938820467146895,-0.5853297919460367,0.3262987235206798,2.524338540209008,0.6790378823952192,4.254263551632633e-05,0.01409
9.554598808288574,3.2442641632656914,1.3954989374630469,-0.5818958282487532,0.2757775017685749,2.6639498212288215,0.8186491634150328,5.128946981877018e-05,0.01409
9.582688570022583,3.2508935147987983,1.3756111822478574,-0.4949559804605711,0.05545024549556316,-2.631606281193495,1.8062783681723027,0.00011316576622665315,0.01409
9.611677169799805,3.2465278442239813,1.3866060385236376,-0.489768184670306,0.0034767999819666023,-2.404246739034521,2.0336379103312767,0.00012741014696592747,0.01409
9.640116930007935,3.244749237752128,1.393235290419346,-0.5088171370278702,0.02874952326767296,-2.553800122449629,1.8840845269161686,0.00011804042659271379,0.01409
9.670151948928833,3.2432940143003863,1.3862826603885077,-0.5407081019652683,-0.01822122430817526,-2.47280663886996,1.9650780104958376,0.0001231147771414243,0.01409
9.697180986404419,3.238928344081307,1.3930736013458669,-0.6187018705466168,0.01205714684426661,-2.703933928706761,1.7339507206590365,0.0001086343419487374,0.01409
9.728355646133423,3.243132322807149,1.388222929207824,-0.6196892707757534,-0.011860775341468953,-2.6386990685749376,1.7991855807908599,0.00011272139356912314,0.01409
9.7565016746521,3.24151540789019,1.3964690719189214,-0.640999004213312,0.04808840922644052,-2.8354591313825677,1.6024255179832299,0.00010039411131696375,0.01409
9.78648853302002,3.233754216678441,1.3927502231993374,-0.7548848683811855,0.05546637148186505,-2.9320241816728125,1.505860467692985,9.43441811958007e-05,0.01409
9.81496262550354,3.2402218759767893,1.3885463073463697,-0.7521307649016807,0.021533200667236563,-2.8541081600461897,1.5837764893196078,9.922572461905015e-05,0.014248
9.845524787902832,3.238766652595631,1.4069788621880894,-0.7687595898530434,0.16920855933807127,3.0839198761930433,1.2386192183792546,7.760115792826441e-05,0.014248
9.873194694519043,3.23246068487246,1.4045535259183282,-0.860812119323763,0.2500249175444883,2.942168063853472,1.0968674060396832,6.8720216463159e-05,0.014248
9.899717807769775,3.239090035567262,1.4087574421398068,-0.8407128274430576,0.3456941161096745,2.760350444064653,0.9150497862508642,5.732909833903092e-05,0.014248
9.925878286361694,3.239413418540013,1.4157100730273926,-0.8225196126068063,0.4773242169491702,2.5384852686160175,0.6931846108022288,4.342894705500656e-05,0.014248
9.952397346496582,3.241030333420565,1.4094041984902024,-0.7891658094085277,0.5108186638994708,2.457973913464279,0.6126732556504901,3.838480249997218e-05,0.014248
9.980942726135254,3.23262237634723,1.4111827784656699,-0.8730346179007192,0.550806131943098,2.4908829269602912,0.6455822691465025,4.044659640375892e-05,0.014248
10.011641502380371,3.2360178973819544,1.4089191312271898,-0.888443825672584,0.5577447257383212,2.496467519656272,0.6511668618424831,4.079647863821422e-05,0.014248
10.039384126663208,3.235532822940874,1.4089191312271898,-0.9054158366623603,0.5626017413949829,2.5055283985067334,0.6602277406929447,4.136415487011025e-05,0.0144
10.067588090896606,3.236664663307311,1.4085957530525677,-0.9028632580231278,0.5629941332567334,2.502891634087925,0.6575909762741361,4.1198958037179354e-05,0.0144
10.096272230148315,3.2416770993806256,1.402774946007708,-0.8371589399748258,0.5091334647122397,2.509585244963477,0.6642845871496883,4.1618321750382326e-05,0.0144
10.124336957931519,3.241030333420565,1.4052002822537704,-0.7994133385661433,0.4939873893738569,2.49184128902211,0.6465406312083215,4.050663907434576e-05,0.0144
10.151254653930664,3.2442641632656914,1.3971158282256977,-0.7317543108828354,0.40819716232802233,2.551142645666252,0.7058419878524633,4.4221948730467474e-05,0.0144
10.180094957351685,3.248953216740291,1.3930736013458669,-0.6245991842537912,0.3105500174896077,2.618598288523877,0.7732976307100885,4.8448135371909016e-05,0.0144
10.20887804031372,3.2465278442239813,1.3883846182770259,-0.580518427325543,0.198587993490804,2.942149862239919,1.0968492044261304,6.87190761076188e-05,0.0144
10.23948049545288,3.247012918722194,1.3895164417654249,-0.543476331197734,0.1307408923924298,-3.0324622750611527,1.4054223743046443,8.805159972169676e-05,0.0144
10.265740871429443,3.2398984930012387,1.3806235431157583,-0.6082684994286871,0.0005411571492347401,-2.611084829677998,1.8267998196877993,0.00011445146273155241,0.0144
10.293238162994385,3.246851227222509,1.3791683415594396,-0.5649632370995211,-0.1041324913273325,-2.2680950153218498,2.1697896340439473,0.000135940235355689,0.0144
10.322145700454712,3.2360178973819544,1.3846657697213924,-0.6727938591117358,-0.12627622809838118,-2.4299446210366815,2.0079400283291156,0.00012580014013729047,0.014558
10.352829933166504,3.2376348122037366,1.3859592822539473,-0.7276567424568137,-0.12974676898973564,-2.500817552816163,1.937067096549634,0.00012135985575428596,0.014558
10.383358001708984,3.2374731207202996,1.3937203576406394,-0.7681226160207574,-0.05999569674361798,-2.673723929601653,1.7641607197641442,0.00011052703897521804,0.014558
10.415552377700806,3.24119202491016,1.3919417778355105,-0.7490260564973783,-0.02771129976554243,-2.7203396004008806,1.7175450489649164,0.00010760650457857246,0.014558
10.442595481872559,3.2379581951714504,1.3943671139376965,-0.7768955701712462,0.017444169423774664,-2.839424221725557,1.5984604276402399,0.00010014569308047875,0.014558
10.475536823272705,3.235371131461073,1.3927502231993374,-0.8293939129874865,0.03401540361999482,-2.903889404431029,1.533995244934768,9.610686278479865e-05,0.014558
10.502558469772339,3.239413418540013,1.4005112988738422,-0.8145963724879085,0.11779572110415779,-3.0742701604171594,1.3636144889486377,8.543227954159856e-05,0.014558
10.53209400177002,3.24119202491016,1.405523660422353,-0.7815576860243859,0.22305848788993432,2.9681534710843853,1.122852813270597,7.034823713362381e-05,0.014558
10.561821699142456,3.235532822940874,1.408272374878521,-0.8305955389086274,0.3223063367106491,2.789925165320686,0.9446245075068975,5.918199435486775e-05,0.01471
10.592836618423462,3.245234312241087,1.3943671139376965,-0.7412107188346695,0.262456514957106,2.853627318232118,1.0083266604183296,6.317301980893661e-05,0.01471
10.620367288589478,3.238766652595631,1.4139314930075115,-0.7611155576061507,0.4025165405509,2.5792513425395156,0.7339506847257273,4.598299634934269e-05,0.01471
10.65269136428833,3.2365029718255522,1.412637980276748,-0.8039149178847776,0.48852848177476643,2.489641611849352,0.6443409540355636,4.036882634454026e-05,0.01471
10.683720350265503,3.2407069504422146,1.4092425094023877,-0.7802662336942653,0.5171578897237524,2.4229541376612955,0.5776534798475073,3.6190766502165156e-05,0.01471
10.718323707580566,3.2458810782302914,1.4144165602839287,-0.6977327835878291,0.5853187816691229,2.2292255613675134,0.3839249035537251,2.4053410952440055e-05,0.01471
10.745145320892334,3.2436173972877005,1.4155483839339542,-0.6688253438517852,0.6435577232348466,2.128013307752681,0.28271264993889256,1.7712327300179715e-05,0.01471
10.77533507347107,3.248468142231979,1.4111827784656699,-0.5867344737388703,0.6437234734778596,1.9982423648551877,0.15294170704139942,9.582003400099e-06,0.01471
10.803585767745972,3.2507318232923783,1.4074639294459228,-0.5004048878191215,0.6092530289142308,1.8625758096252427,0.017275151811454226,1.0823114675303953e-06,0.01486
10.836131811141968,3.250246748774804,1.4022898787623705,-0.4461597442002234,0.5370034131799764,1.782714086672093,-0.06258657114169575,-3.921132757580207e-06,0.01486
10.862704277038574,3.2471746102221593,1.3943671139376965,-0.4473633975768561,0.4127444684856317,1.8840144854742935,0.038713827660504574,2.4254733090783954e-06,0.01486
10.892720222473145,3.2463661527251384,1.3746410479020408,-0.4585152320705455,0.1423045665597049,-2.993943035967562,1.4439416133982355,9.046488179565785e-05,0.01486
10.918561220169067,3.2453960037379677,1.393235290419346,-0.4786926486541797,0.12592895987208977,-2.881748469957086,1.5561361794087114,9.749402207257399e-05,0.01486
10.94682002067566,3.244102471770774,1.3925885341262867,-0.5093116833132595,0.108450997517485,-2.822449738714275,1.6154349106515227,0.00010120916724377554,0.01486
10.973879098892212,3.2442641632656914,1.3861209713211564,-0.5286831522058111,0.036066048303371456,-2.5086700184303576,1.9292146309354399,0.00012086788823496173,0.01486
11.003900527954102,3.249923365764492,1.3937203576406394,-0.47007824026960404,0.056073275361555604,-2.380220907212445,2.0576637421533523,0.00012891539760463661,0.01486
11.031006097793579,3.2491149082436226,1.3927502231993374,-0.43936407934843325,0.061055777776442166,-2.2331831165473592,2.2047015328184383,0.00013812751271274456,0.01486
11.057090282440186,3.245557695235129,1.400187920714155,-0.46322498635129344,0.13371646405466553,-2.9218093574671595,1.516075291898638,9.49841536543498e-05,0.015012
11.084609031677246,3.2428089398215167,1.3990560971597628,-0.5149791625230397,0.1740526281348737,3.0175115129689996,1.1722108551552108,7.344058476272787e-05,0.015012
11.113157033920288,3.2450726207444873,1.3933969794929677,-0.522341110755008,0.14965636239634972,-3.1042116532868604,1.333672996078937,8.355640479146352e-05,0.015012
11.140707969665527,3.240545258953459,1.4029366350897738,-0.5852264239936349,0.22130078461014116,2.849294106650525,1.0039934488367366,6.290153828233816e-05,0.015012
11.173036813735962,3.235856205901315,1.4077873076185305,-0.6890399451243545,0.31656466578600334,2.6781907194521835,0.8328900616383952,5.218168122294776e-05,0.015012
11.198635816574097,3.236988046271667,1.4110210893762707,-0.7472764235338203,0.41332457369529235,2.5458596190382465,0.7005589612244583,4.3890960015279046e-05,0.015012
11.22572374343872,3.2376348122037366,1.4098892657545108,-0.7797945375522766,0.47053019229070175,2.489602056843125,0.6443013990293367,4.036634817026401e-05,0.015012
11.25574016571045,3.2329457592976074,1.4089191312271898,-0.8623510173669052,0.5015515679816493,2.531895012013394,0.6865943541996056,4.3016058625843366e-05,0.015012
11.284773826599121,3.239251727053498,1.4118295348247076,-0.8397282008151726,0.5503342030875137,2.4452784146289837,0.5999777568151954,3.758941244346641e-05,0.015012
11.315299272537231,3.238119886655727,1.4210458131919588,-0.8383252159606007,0.6701963455838945,2.310853947533074,0.4655532897192858,2.91675390010519e-05,0.015012
11.344950914382935,3.2424855568370043,1.4153866948406604,-0.7816730339192705,0.7014682583705916,2.218094667894998,0.37279401008120994,2.335604552372211e-05,0.01516
11.375463485717773,3.24442585476089,1.4105360221089378,-0.7172742422576279,0.6782458098074253,2.1579529940036233,0.312652336189835,1.9588088863222637e-05,0.01516
11.401492834091187,3.2416770993806256,1.4034217023368332,-0.7072466289389892,0.595824676306423,2.2261490019221015,0.38084834410831325,2.386066037029464e-05,0.01516
11.433094024658203,3.2504084402803812,1.3825638118753887,-0.5888871074793953,0.3441449177970231,2.439534186991291,0.5942335291775027,3.722952886546754e-05,0.01516
11.459635257720947,3.247012918722194,1.3925885341262867,-0.549334407305438,0.2612021680649411,2.6291778014926868,0.7838771436788985,4.9110956071373874e-05,0.01516
11.489007949829102,3.2418387908713413,1.3799767868670878,-0.5876268891572214,0.08584901285954892,-2.793021714199603,1.644862935166195,0.0001030528725117013,0.01516
11.517483949661255,3.2316522275028032,1.3654247718702688,-0.7443285043426301,-0.172236528580137,-2.40403415372959,2.033850495636208,0.00012742346572085743,0.01516
11.545665740966797,3.2268014834314633,1.3547532949307435,-0.9158752861385775,-0.4521445115639686,-2.291547510820179,2.146337138545619,0.00013447090500785284,0.01516
11.57795786857605,3.2248611858732494,1.357987075756994,-1.0607002929654703,-0.618004917229608,-2.2909194213112105,2.1469652280545874,0.00013451025565933258,0.015313
11.6069917678833,3.2310054616121056,1.367850107623693,-1.0837273073490268,-0.6423778915814751,-2.2920774354896216,2.1458072138761763,0.00013443770451543896,0.015313
11.635557413101196,3.2361795888628744,1.3861209713211564,-1.0338668530960906,-0.48951417406589715,-2.3611420647426917,2.0767425846231062,0.00013011071271489395,0.015313
11.662450551986694,3.2379581951714504,1.3887079964158562,-0.976284127790358,-0.35844942183302225,-2.428056913869235,2.009827735496563,0.00012591840752717892,0.015313
11.68847393989563,3.236341280344073,1.4032600132543365,-0.9565947722111612,-0.13136574534606454,-2.6780787649584052,1.7598058844073927,0.00011025420269005764,0.015313
11.71753740310669,3.2360178973819544,1.4092425094023877,-0.9469359336898895,0.08323193073917139,-3.0148474466287434,1.4230372027370546,8.915519238583401e-05,0.015313
11.74634599685669,3.2345626740662627,1.4210458131919588,-0.9587314432772164,0.3432247549400529,2.824490740608869,0.9791900827950801,6.134757408027311e-05,0.015313
11.780318975448608,3.238766652595631,1.4144165602839287,-0.9133800647159335,0.4635655873205311,2.6126130226375093,0.7673123648237206,4.8073150423832365e-05,0.015313
11.812601804733276,3.2407069504422146,1.4142548711916454,-0.8568918364760648,0.5463004103916648,2.4483036812935874,0.6030030234797987,3.777894946399011e-05,0.015464
11.839478254318237,3.2382815781402834,1.4174886530647504,-0.8482779056865617,0.6342899787005758,2.337762516040522,0.4924618582267333,3.085339696561853e-05,0.015464
11.8655264377594,3.244749237752128,1.4174886530647504,-0.7597739417392474,0.6958826765168149,2.174169170214685,0.3288685124008963,2.060405408681553e-05,0.015464
11.896043062210083,3.2432940143003863,1.4150633166545055,-0.7163778652632247,0.7164411708184757,2.100781819282724,0.2554811614689352,1.6006237966167922e-05,0.015464
11.926081657409668,3.249761674259757,1.4140931820995064,-0.6035263949037826,0.7218095592463754,1.9335109724207356,0.08821031460694684,5.5264947072859176e-06,0.015464
11.95659065246582,3.2442641632656914,1.4060087276763051,-0.5946334503191754,0.6503794531621172,1.9656325134192387,0.12033185560544979,7.538952401253987e-06,0.015464
11.986998081207275,3.2445875462563687,1.4077873076185305,-0.5842846783616237,0.6169197337723858,1.9723443650769967,0.12704370726320757,7.959458923965849e-06,0.015464
12.020402431488037,3.2507318232923783,1.398571029924314,-0.4986900310550376,0.5077836385367316,1.8721639777161965,0.026863319902407312,1.6830230786762295e-06,0.015464
12.047118186950684,3.2491149082436226,1.3933969794929677,-0.4593923328982368,0.3832680696776537,1.8696980963155747,0.02439743850178555,1.5285322963901213e-06,0.015464
12.073146104812622,3.2439407802761355,1.3874144838639517,-0.49786331764931907,0.24046807375911708,2.5164730905852077,0.6711724327714186,4.204985453135822e-05,0.015464
12.10219693183899,3.2460427697282936,1.3877378620010736,-0.4979888869482542,0.14351559536528674,-2.9498783643359947,1.4880062850298024,9.322559266756951e-05,0.015464
12.12775206565857,3.2403835674649843,1.388222929207824,-0.5702417226155632,0.08016013862324514,-2.7012295701485827,1.7366550792172144,0.00010880377364530223,0.015623
12.155518293380737,3.2376348122037366,1.396307382842585,-0.6558702469094909,0.11099928955485915,-2.94339629946028,1.494488349905517,9.363170273970272e-05,0.015623
12.18353796005249,3.237796503687454,1.3843423915896753,-0.7137483586892628,0.021308499820271155,-2.7234810400862717,1.7144036092795254,0.00010740968916223561,0.015623
12.21319031715393,3.2428089398215167,1.3930736013458669,-0.690345523159622,0.039727953734177035,-2.7462924620235003,1.6915921873422968,0.00010598052293418735,0.015623
12.239701986312866,3.238766652595631,1.3990560971597628,-0.7255099206336174,0.10826067091052764,-2.9770824169472854,1.4608022324185117,9.152122222695909e-05,0.015623
12.266586542129517,3.2347243655446656,1.3971158282256977,-0.8016713789796224,0.13818845940368982,-3.0803440909587247,1.3575405584070723,8.505173963376628e-05,0.015623
12.294494152069092,3.237149737754265,1.381917055619908,-0.8240565720208272,0.017784528641326583,-2.814495737617715,1.6233889117480822,0.00010170749609746745,0.015623
12.321035146713257,3.2360178973819544,1.405523660422353,-0.8541591935566557,0.15305065316595318,-3.120314177387247,1.31757047197855,8.254756002527871e-05,0.015623
12.348459720611572,3.2408686419312493,1.4115061566449005,-0.813375371370783,0.3033760435703981,2.815485423404008,0.9701847655902198,6.0783378860112645e-05,0.015781
12.376971006393433,3.2345626740662627,1.4118295348247076,-0.8652390496538342,0.41161133599963856,2.652308386462794,0.8070077286490056,5.0560118292179014e-05,0.015781
12.405421257019043,3.24119202491016,1.4200756786048645,-0.8170075600405227,0.5640677807406297,2.3771218407751595,0.5318211829613713,3.331931153351866e-05,0.015781
12.431262969970703,3.2398984930012387,1.4157100730273926,-0.799740359618662,0.6301857821908409,2.27973638453202,0.43443572671823194,2.721798187731598e-05,0.015781
12.462262153625488,3.247497993222931,1.4061704167612432,-0.6907461174926917,0.5877465687501284,2.1719642743046426,0.3266636164908543,2.046591439610861e-05,0.015781
12.489941120147705,3.2437790887817775,1.4213691913888156,-0.6618728222271008,0.6993925208524173,2.0248931228034035,0.17959246498961523,1.125170918680043e-05,0.015781
12.516480445861816,3.243132322807149,1.4197523004103247,-0.6499089369520941,0.7625070908544206,1.9652509181179598,0.11995026030417133,7.515044943013559e-06,0.015781
12.55051064491272,3.2450726207444873,1.4118295348247076,-0.6167919528553328,0.7330030690984508,1.933393158789406,0.0880925009756175,5.519113525018413e-06,0.015781
12.579520463943481,3.2554208770925834,1.4102126439314362,-0.46165131179785784,0.697312658192243,1.681429963860156,-0.16387069395363252,-1.0266719111584476e-05,0.01593
12.608673334121704,3.2505701317862394,1.4052002822537704,-0.4149085299722929,0.625712824809853,1.5966550121724907,-0.24864564564129754,-1.5577983717089053e-05,0.01593
12.634893894195557,3.244749237752128,1.4037450805022569,-0.4564153787392761,0.562059105820482,1.7063090566373904,-0.13899160117639786,-8.7080105278081e-06,0.01593
12.665950298309326,3.248953216740291,1.3948521811619894,-0.4318619317532998,0.4347947316307793,1.6792880291627135,-0.16601262865107502,-1.040091419774321e-05,0.01593
12.696378469467163,3.2437790887817775,1.393235290419346,-0.4806538922095397,0.3306720754218439,2.0262279092819377,0.18092725146814947,1.1335335352763514e-05,0.01593
12.725503921508789,3.2423238653451683,1.3898398199062498,-0.5333649626230256,0.22620726852773695,2.753443037421511,0.9081423796077228,5.689634003378635e-05,0.01593
12.755058288574219,3.2460427697282936,1.4052002822537704,-0.5228400384298469,0.2959390520447022,2.3411714378382675,0.49587078002447926,3.106697049561602e-05,0.01593
12.789650440216064,3.2418387908713413,1.3988944080811365,-0.569080830944302,0.28610468025971886,2.5428255090141936,0.6975248512004053,4.3700868946406113e-05,0.01593
12.818223476409912,3.2423238653451683,1.4079489967050502,-0.595263819737361,0.36343115228229933,2.3593481360459556,0.5140474782321673,3.220576505596112e-05,0.01593
12.847249507904053,3.240545258953459,1.4050385931696945,-0.6362723202812763,0.3904920111540347,2.3899877339151248,0.5446870761013365,3.41253770221109e-05,0.01593
12.873770236968994,3.236826354789349,1.4158717621209755,-0.7124009413518163,0.510186503087505,2.3119736701344165,0.4666730123206282,2.9237691126203262e-05,0.01609
12.899526596069336,3.2386049611102354,1.4149016275616448,-0.7430105686155237,0.5849500898173925,2.259384535216975,0.41408387740318675,2.5942911178109787e-05,0.01609
12.926556587219238,3.240060184488874,1.4194289222163636,-0.7458806103452229,0.679389869852143,2.1640503596382543,0.31874970182446605,1.997009701111696e-05,0.01609
12.951590776443481,3.24119202491016,1.4153866948406604,-0.7334566525244947,0.707903725358371,2.1219289833053754,0.2766283254915871,1.7331136200190195e-05,0.01609
12.979630470275879,3.238928344081307,1.4216925695862515,-0.7536258559380734,0.7865100497882672,2.0876601912704906,0.24235953345670236,1.518415034428715e-05,0.01609
13.007122039794922,3.240545258953459,1.4150633166545055,-0.7471257456217769,0.7798803321084936,2.0842158763668466,0.2389152185530583,1.4968359388659884e-05,0.01609
13.034305334091187,3.244102471770774,1.4229860823817917,-0.6972148511905719,0.8489237518075932,1.9776974611959177,0.13239680338212922,8.294837586887923e-06,0.01609
13.063534259796143,3.2466895357231054,1.4174886530647504,-0.6292875387588498,0.846126317691727,1.8900095452002834,0.04470888738649492,2.8010718543639306e-06,0.01609
13.092275381088257,3.2507318232923783,1.4166802075910565,-0.5301920333331053,0.8366493157204556,1.7524473632233077,-0.09285329459048075,-5.81738364039277e-06,0.01609
13.119549751281738,3.2539656534741304,1.4149016275616448,-0.41958806854526015,0.8134740586604607,1.5854074288819877,-0.25989322893180056,-1.6282659919658986e-05,0.01624
13.14552354812622,3.2458810782302914,1.4115061566449005,-0.4452580679835595,0.7656724274165521,1.6308010457592903,-0.21449961205449775,-1.3438688842865866e-05,0.01624
13.174983501434326,3.252025355351597,1.4043918368348267,-0.3848765595663711,0.6660458656858977,1.5174069897607747,-0.32789366805301334,-2.0542978778865334e-05,0.01624
13.205466032028198,3.2523487383692107,1.4068171731024326,-0.33848579258252953,0.6188636653175675,1.405408648463568,-0.4398920093502201,-2.7559825313897076e-05,0.01624
13.2325119972229,3.2504084402803812,1.389678130835766,-0.33075452202987554,0.42643762206228686,1.2479825687665123,-0.5973180890472758,-3.742278068494654e-05,0.01624
13.2632577419281,3.2436173972877005,1.4005112988738422,-0.4119405607612138,0.39249127401376843,1.5796983186438698,-0.26560233916991827,-1.6640343345399593e-05,0.01624
13.292269945144653,3.2463661527251384,1.3874144838639517,-0.433719246299611,0.2469243167943967,1.9608637802776516,0.1155631224638638,7.2401848638649015e-06,0.01624
13.32544755935669,3.244749237752128,1.4081106857917136,-0.46958288016839694,0.3375086573995049,1.9528605645402843,0.10755990672649673,6.7387726468140044e-06,0.01624
13.352545738220215,3.2458810782302914,1.400187920714155,-0.4802544361197534,0.32723347979081013,2.0421184678979993,0.1968178100842115,1.2330900196611916e-05,0.01624
13.37858247756958,3.237796503687454,1.4111827784656699,-0.5908172911364428,0.42229650306703,2.2315474857996245,0.38624682798583665,2.4198882637264676e-05,0.01624
13.405213832855225,3.2408686419312493,1.4171652748748393,-0.6290360396766339,0.5444797243332336,2.123535397753555,0.2782347399397671,1.7431780223342507e-05,0.0164
13.431284666061401,3.237796503687454,1.4137698039156612,-0.6949644136262515,0.5984290275230241,2.1795692175973667,0.33426855978357883,2.094237430948411e-05,0.0164
13.459595918655396,3.240060184488874,1.4221776368834922,-0.7122483018527342,0.7143890402787556,2.092920531356708,0.24761987354292003,1.5513717717156677e-05,0.0164
13.487782716751099,3.2360178973819544,1.4145782493763563,-0.7758934044389831,0.7248843466541623,2.170531034038457,0.3252303762246691,2.0376119968091484e-05,0.0164
13.515583753585815,3.2373114292371428,1.4145782493763563,-0.8039501346271277,0.7322310611169444,2.1991320872837328,0.35383142946994495,2.2168014375079257e-05,0.0164
13.542678117752075,3.2408686419312493,1.4239562169845352,-0.7782290301201152,0.8245918201408047,2.0956550865778945,0.25035442876410663,1.5685041275223646e-05,0.0164
13.569268226623535,3.2423238653451683,1.4229860823817917,-0.7416675591604341,0.8802217934302109,2.01703155167372,0.171730893859932,1.0759171194698943e-05,0.0164
13.596586465835571,3.2445875462563687,1.4199139895075223,-0.6872085545504955,0.8905913412997782,1.9449260836616447,0.09962542584785705,6.241666760997219e-06,0.0164
13.626582384109497,3.2507318232923783,1.4229860823817917,-0.5707367443872441,0.9264214582414902,1.78071980069037,-0.06458085712341788,-4.046077453355432e-06,0.0164
13.656141996383667,3.247336301722405,1.4129613584585734,-0.5325054422710263,0.8582694433230795,1.7459767821860457,-0.09932387562774192,-6.2227742346200835e-06,0.016558
13.683187007904053,3.2460427697282936,1.4186204767339936,-0.5222383741834512,0.8631946191352656,1.7295913777747354,-0.11570928003905223,-7.249341832290961e-06,0.016558
13.71245002746582,3.2471746102221593,1.4085957530525677,-0.5006184385651099,0.7734091476749355,1.7171785989140331,-0.1281220588997547,-8.027019102597176e-06,0.016558
13.741605281829834,3.2471746102221593,1.4064937949315506,-0.48548448363226154,0.6910104436467724,1.7111657570683723,-0.13413490074541556,-8.403731721567644e-06,0.016558
13.770505905151367,3.2549358025505697,1.4068171731024326,-0.3759216501782669,0.6363388698901811,1.4759405047149057,-0.36936015309888237,-2.3140909770913947e-05,0.016558
13.801566123962402,3.2453960037379677,1.3883846182770259,-0.42087714132959225,0.42664019017119714,1.5892306334690056,-0.25607002434478243,-1.6043131016387587e-05,0.016558
13.830129861831665,3.2453960037379677,1.4018048115183241,-0.4523459851355068,0.40466314757934363,1.7485323332589842,-0.09676832455480389,-6.062665526905775e-06,0.016558
13.858687162399292,3.2471746102221593,1.3967924500720235,-0.45169376623154694,0.3426626741687774,1.822449301045294,-0.022851356768494036,-1.4316681988734109e-06,0.016558
13.886607885360718,3.2487915252372397,1.3893547526952261,-0.43061865847040826,0.23008940947721027,0.0,-0.022851356768494036,-1.4316681988734109e-06,0.01671
13.917855501174927,3.2420004823623367,1.387899551069848,-0.5024640096539226,0.13775428974450193,-2.4561809846097113,1.981703664756087,0.00012415639671487042,0.01671
13.946036338806152,3.246851227222509,1.381917055619908,-0.4909000942572067,0.01748060987989507,-1.940950466891778,2.4969341824740203,0.00015643628078384865,0.01671
13.976126194000244,3.2361795888628744,1.3872527947956044,-0.6188878039318126,-0.017086907471898255,-2.3030933225067485,2.13479132685905,0.00013374754439564483,0.01671
14.004312515258789,3.2361795888628744,1.3765813165987664,-0.7084792007040368,-0.140532285287608,-2.267956407213395,2.1699282421524035,0.0001359489193398827,0.01671
14.03419017791748,3.236826354789349,1.377874829074571,-0.7629457576477543,-0.21491397543800925,-2.2569295379053687,2.1809551114604298,0.00013663976751495473,0.01671
14.061655759811401,3.233754216678441,1.3651013937722052,-0.8402475957852669,-0.38577813877431766,-2.190126971494675,2.2477576778711232,0.00014082503803968698,0.01671
14.096134185791016,3.2250228773348995,1.3608974785485464,-1.005699054773557,-0.544480791650385,-2.234958018244502,2.2029266311212963,0.00013801631273710775,0.01671
14.12370491027832,3.2280950151592567,1.3655864609195119,-1.082339831442482,-0.6119636325421809,-2.252834150905843,2.1850504984599555,0.00013689634901200548,0.01671
14.150275707244873,3.228903472498197,1.3754494931898678,-1.1256790999964863,-0.5674723077982209,-2.3120934355003877,2.1257912138654107,0.00013318367522630842,0.01671
14.178613424301147,3.235371131461073,1.3946904920870822,-1.073542383865145,-0.357381017335901,-2.4332419516448454,2.004642697720953,0.0001255935579452262,0.016858
14.211606502532959,3.2345626740662627,1.3987327190026535,-1.0473559583998897,-0.17272312777355606,-2.6041270429722054,1.833757606393593,0.00011488737741540013,0.016858
14.241416692733765,3.2310054616121056,1.4030983241719837,-1.0743862731531146,-0.002861099007284637,-2.8418578753755637,1.5960267739902347,9.999322141006186e-05,0.016858
14.273312330245972,3.234077599632731,1.4076256185321545,-1.0541322463547018,0.15814758771354506,-3.0796083134908914,1.358276335874907,8.509783708053141e-05,0.016858
14.304417133331299,3.236664663307311,1.400187920714155,-1.006964744807782,0.2016807310106396,3.133421623128706,1.2881209653149193,8.07025088718627e-05,0.016858
14.332445859909058,3.2413537164000346,1.3954989374630469,-0.914153691343809,0.18854490701154608,-3.1242015437595594,1.31368310560624,8.230401129996716e-05,0.016858
14.360065698623657,3.2395751100268084,1.4089191312271898,-0.8718663620721087,0.3041618682862362,2.903063872818761,1.0577632150049738,6.627028636429277e-05,0.016858
14.388105869293213,3.2457193867325698,1.4092425094023877,-0.7639147288568927,0.38810126028177916,2.6197828881109766,0.7744822302971892,4.852235212737051e-05,0.016858
14.416872024536133,3.2432940143003863,1.3997028534756988,-0.719276416245567,0.358137023379889,2.631121032073709,0.7858203742599215,4.923270207771011e-05,0.01701
14.443956851959229,3.2418387908713413,1.3972775173027494,-0.7065862954153136,0.3146056655857811,2.7381939267443873,0.8928932689306,5.5940962765000376e-05,0.01701
14.471138715744019,3.2500850572695077,1.3974392063799441,-0.5925485850186859,0.2856374745847719,2.638150860646237,0.7928502028324496,4.967313028128603e-05,0.01701
14.501271963119507,3.2460427697282936,1.3870911057273991,-0.564268574106811,0.1691191384502556,-2.9215153115802517,1.5163693377855467,9.500257602417062e-05,0.01701
14.527808904647827,3.2483064507297694,1.3880612401387649,-0.5156065903791686,0.09657885940351632,-2.2461508648229302,2.191733784542868,0.00013731506586307977,0.01701
14.557330131530762,3.24119202491016,1.3841807025240298,-0.5722648385482567,0.009710439366879636,-2.202920446111184,2.234964203254614,0.00014002350966887256,0.01701
14.583035945892334,3.236341280344073,1.3781982071949381,-0.6737812697416939,-0.10673654958655461,-2.236761784043525,2.201122865322273,0.00013790330438671357,0.01701
14.616062879562378,3.237796503687454,1.3864443494560015,-0.7262860746717993,-0.1115577159414905,-2.3271732777909278,2.1107113715748707,0.00013223890284932825,0.01701
14.645105123519897,3.2298736213141375,1.3751261150743126,-0.8640703400024355,-0.22019568472629705,-2.3701233512833744,2.067761298082424,0.00012954802304812577,0.01716
14.674625158309937,3.2356945144209543,1.3924268450533785,-0.8862925415136865,-0.13534001311638347,-2.507245605545744,1.9306390438200545,0.00012095712961566521,0.01716
14.701690435409546,3.2282567066264867,1.370760510569646,-0.9966934171448314,-0.2774447926397751,-2.440217589243342,1.9976670601224562,0.00012515652487897068,0.01716
14.730186939239502,3.2374731207202996,1.3930736013458669,-0.9564482883023623,-0.16939935098785397,-2.529760308783245,1.9081243405825532,0.00011954655321275139,0.01716
14.757730484008789,3.227286557827293,1.395984004690341,-1.0581735699379056,-0.06669987206269194,-2.743765269952704,1.6941193794130944,0.00010613885491232156,0.01716
14.792375087738037,3.2268014834314633,1.38919306362517,-1.1355668320552532,-0.057968132273297536,-2.7952835793166773,1.6426010700491211,0.00010291116362364437,0.01716
14.819602489471436,3.2361795888628744,1.4087574421398068,-1.0701545203904566,0.13009898123722372,-3.042977490503617,1.3949071588621815,8.739280734863152e-05,0.01716
14.853966236114502,3.2356945144209543,1.4111827784656699,-1.0305514677853032,0.2843023540795243,2.9858074056599873,1.140506747846199,7.145427985016517e-05,0.01716
14.882003545761108,3.2402218759767893,1.4011580551949363,-0.9450973844845555,0.29901162435983475,2.931470920921705,1.0861702631079169,6.805002608849694e-05,0.01731
14.910523891448975,3.2339159081554465,1.4014814333563435,-0.9656918794306641,0.3123156325310522,2.9151379187421482,1.06983726092836,6.702674156103985e-05,0.01731
14.93756914138794,3.2458810782302914,1.397924273612387,-0.8275307356033216,0.2885457298190481,2.8951275036954844,1.0498268458816962,6.577306217741284e-05,0.01731
14.966594696044922,3.2421621738536124,1.388222929207824,-0.7782406083245955,0.18168123274087877,-3.1076040861914875,1.3302805631743104,8.334386431277029e-05,0.01731
14.993130445480347,3.24151540789019,1.3845040806554627,-0.7519849404975015,0.07228961939926222,-2.763722237493738,1.67416241187206,0.00010488852408672083,0.01731
15.022980213165283,3.237796503687454,1.3788449634373723,-0.7810286442008588,-0.056916086361438224,-2.497402171578835,1.9404824777869631,0.00012157383397685059,0.01731
15.052007913589478,3.2395751100268084,1.377874829074571,-0.7786788290720474,-0.15638263618969317,-2.327779452058233,2.110105197307565,0.00013220092521717847,0.01731
15.080528736114502,3.24119202491016,1.3783598962553343,-0.7564154056332794,-0.2214979431775199,-2.2090629765539522,2.2288216728118457,0.0001396386718850764,0.01731
15.107583284378052,3.2374731207202996,1.385474215053173,-0.7882536802443022,-0.20091324762318577,-2.282310963316567,2.155573686049231,0.00013504958711685292,0.01731
15.142848253250122,3.236664663307311,1.394528803012318,-0.8208497485304834,-0.10229343464564239,-2.472575365130404,1.9653092842353939,0.00012312926675188865,0.01731
15.1745924949646,3.234077599632731,1.3977625845347628,-0.8766566791188637,-0.003184376663499598,-2.715998603863794,1.721886045502004,0.00010787847384309055,0.01747
15.203998804092407,3.2250228773348995,1.394528803012318,-1.0311854131070841,0.036116775026136555,-2.8832970862670178,1.5545875630987802,9.739699918042601e-05,0.01747
15.230578422546387,3.23149053602971,1.406332105846325,-1.0568813261980128,0.17340202326305415,-3.1164112305947866,1.3214734187710113,8.279208488484267e-05,0.01747
15.259130477905273,3.231167153084361,1.4110210893762707,-1.078992175531995,0.3131107239292293,2.9444794127334837,1.0991787549196963,6.886502557543799e-05,0.01747
15.286531925201416,3.2347243655446656,1.4105360221089378,-1.049108957408479,0.4063955356984744,2.7896758843168707,0.9443752265030834,5.916637656510762e-05,0.01747
15.317255020141602,3.2450726207444873,1.4132847366409758,-0.896231967174806,0.49725881671323063,2.5292367576314296,0.6839360998176423,4.284951541785232e-05,0.01747
15.347051620483398,3.2437790887817775,1.4064937949315506,-0.8057129170045884,0.4977052119735756,2.4160642153177934,0.570763557504006,3.575910361178054e-05,0.01747
15.376264810562134,3.247336301722405,1.4081106857917136,-0.6969887631031597,0.5130552840249287,2.2058177087480098,0.36051705093422237,2.258687754093329e-05,0.01747
15.408178567886353,3.2420004823623367,1.387899551069848,-0.688923082896843,0.3358304019279111,2.5783125148708788,0.7330118570570914,4.592417753473027e-05,0.01762
15.437220573425293,3.2423238653451683,1.3921034669079906,-0.6791533961041435,0.2508707287155455,2.8763619102621525,1.031061252448365,6.45973725400899e-05,0.01762
15.463735342025757,3.2407069504422146,1.3885463073463697,-0.6929331684478138,0.15831625073081287,-2.999582774311365,1.4383018750544339,9.011154461228675e-05,0.01762
15.495855808258057,3.2442641632656914,1.3940437357888824,-0.6572181918000066,0.14465593591333623,-2.907297544689688,1.530587104676111,9.589333821927496e-05,0.01762
15.525066137313843,3.239736801513884,1.3964690719189214,-0.6899496571226595,0.15765010710480828,-2.9950589250157273,1.4428257243500715,9.03949698477629e-05,0.01762
15.559091567993164,3.2421621738536124,1.3974392063799441,-0.6819338533881473,0.17576858364808676,-3.071114017805532,1.366770631560267,8.56300161160154e-05,0.01762
15.588114023208618,3.2376348122037366,1.3998645425550411,-0.7340547384502998,0.21100790921114407,3.0690383740402107,1.223737716226423,7.66688118273515e-05,0.01762
15.615659236907959,3.2382815781402834,1.398571029924314,-0.7622919370685224,0.22364536134386578,3.0339651906715805,1.1886645328577927,7.44714297738117e-05,0.01762
15.643085479736328,3.239090035567262,1.4103743330201153,-0.7717486998643854,0.34226602232570663,2.686274797249943,0.8409741394361552,5.268815955670817e-05,0.01777
15.674596309661865,3.2339159081554465,1.4105360221089378,-0.8443478001965489,0.42680424457600585,2.587681957337866,0.7423812995240784,4.651118569170997e-05,0.01777
15.704103946685791,3.2345626740662627,1.418782165830178,-0.8869197498318874,0.5626727396437954,2.4210208895001095,0.5757202316863217,3.6069645907841586e-05,0.01777
15.734506607055664,3.236664663307311,1.4144165602839287,-0.8899159972417912,0.6171791766131501,2.3559995435599363,0.5106988857461485,3.1995971238386605e-05,0.01777
15.772971630096436,3.2408686419312493,1.4260581753083967,-0.8384051339503835,0.7636043768806026,2.1488406772248956,0.30354001941110775,1.9017189976021718e-05,0.01777
15.798486471176147,3.2423238653451683,1.4225010150823771,-0.7837908318416106,0.833019304152623,2.0311038684303515,0.18580321061656369,1.1640820743522242e-05,0.01777
15.825523376464844,3.2445875462563687,1.4155483839339542,-0.7166948454273284,0.8169480889732981,1.95180966475271,0.10650900693892185,6.672932363398177e-06,0.01777
15.852060079574585,3.2479830677261923,1.4102126439314362,-0.6264286912163541,0.7560741721046381,1.846276553701315,0.0009758958875267787,6.114118832146299e-08,0.01777
15.879855155944824,3.242970631314193,1.418782165830178,-0.6271599005883511,0.7931616889138352,1.8310259008758376,-0.014274756937950439,-8.943326981305567e-07,0.01777
15.90788221359253,3.2466895357231054,1.4132847366409758,-0.5802490733372971,0.7679951239639838,1.763873602266239,-0.08142705554754892,-5.101514414936302e-06,0.01777
15.936408758163452,3.248953216740291,1.4157100730273926,-0.5185455179719126,0.7729349224471916,1.656556210389398,-0.18874444742438978,-1.1825093180637496e-05,0.01793
15.968183994293213,3.248953216740291,1.402774946007708,-0.47535302921613587,0.6560920171455611,1.5837730473248781,-0.2615276104889097,-1.6385056119755276e-05,0.01793
15.997767925262451,3.2424855568370043,1.398571029924314,-0.5275925031981374,0.5352042368979556,1.7439397412699937,-0.10136091654379387,-6.3503975844658325e-06,0.01793
16.02953314781189,3.2462044612265757,1.3916183996909788,-0.5167374614207186,0.3859211349654999,1.8237921576663516,-0.021508500147435772,-1.3475364276401872e-06,0.01793
16.058910131454468,3.2421621738536124,1.394205424863218,-0.5606853163967735,0.3054831143058961,2.3013812220696,0.4560805642558128,2.857406002559733e-05,0.01793
16.090418100357056,3.2428089398215167,1.3862826603885077,-0.5832013935548663,0.17549228941858094,-2.8942047424382022,1.5436799069275962,9.671361986852186e-05,0.01793
16.11644673347473,3.244749237752128,1.3919417778355105,-0.5742203832470568,0.137130290547992,-2.570330544911249,1.8675541044545496,0.00011700477341938133,0.01793
16.14738941192627,3.2361795888628744,1.3912950215470175,-0.6772120062247114,0.10426185370777334,-2.6927155809154515,1.745169068450347,0.00010933718650800945,0.01793
16.1744487285614,3.2426472483291198,1.3953372483875683,-0.6668319317710881,0.11884793346063588,-2.733141625980673,1.7047430233851255,0.00010680444047842152,0.01808
16.202964305877686,3.226963174896461,1.4022898787623705,-0.8595658303512225,0.19371984636246267,-3.1162753680383526,1.3216092813274458,8.280059685651401e-05,0.01808
16.229511499404907,3.2376348122037366,1.3982476517680642,-0.8583971223244431,0.20853619842274543,3.128659461889789,1.2833588040760007,8.040415307300409e-05,0.01808
16.260531902313232,3.23246068487246,1.3988944080811365,-0.9235583920537447,0.22492268272435256,3.0942218641928423,1.248921206379054,7.82465913156081e-05,0.01808
16.28865146636963,3.23149053602971,1.4090808203147167,-0.981542411460679,0.331130070836165,2.895606552721783,1.0503058949079946,6.580307524244005e-05,0.01808
16.31619143486023,3.2306820786684325,1.4011580551949363,-1.0324405004446067,0.3317910260894839,2.9161430599180727,1.0708424021042844,6.708971500596602e-05,0.01808
16.343722343444824,3.2335925252017153,1.4106977111979049,-1.0309557708798895,0.4209755067750049,2.7692356381776952,0.923934980363907,5.78857676861219e-05,0.01808
16.377787351608276,3.237796503687454,1.4134464257323933,-0.9763082254685456,0.5089685560539493,2.5942416148297993,0.748940957016011,4.692215704548314e-05,0.01808
16.403807401657104,3.2356945144209543,1.4079489967050502,-0.9648590613399541,0.5194358653382627,2.5685400981222206,0.7232394403084323,4.531192249766906e-05,0.01808
16.43282723426819,3.237796503687454,1.4100509548429017,-0.9300405287905794,0.5463118559997798,2.4951359223990663,0.6498352645852781,4.071305228125165e-05,0.01808
16.459874868392944,3.2432940143003863,1.4127996693675886,-0.8355644761991553,0.5906889621707653,2.317914015402806,0.4726133575890179,2.9609861737219546e-05,0.01823
16.490389347076416,3.2458810782302914,1.4102126439314362,-0.736441553341271,0.5976927833428631,2.1512093311129297,0.3059086732991414,1.9165589324033784e-05,0.01823
16.517494916915894,3.2402218759767893,1.4111827784656699,-0.7392204443737481,0.6116180155534705,2.1401232812280817,0.29482262341429344,1.8471033406323738e-05,0.01823
16.547059774398804,3.2408686419312493,1.4060087276763051,-0.7329182469427609,0.5732453725770859,2.174857980247631,0.3295573224338426,2.064720896069128e-05,0.01823
16.5765700340271,3.250246748774804,1.406332105846325,-0.6089190955867615,0.5493920415487215,1.9284204364621835,0.08311977864839548,5.207565791120742e-06,0.01823
16.60708785057068,3.2510552063054985,1.4029366350897738,-0.5118104120781143,0.5011157600168,1.6723309973205456,-0.17296966049324247,-1.0836781588370677e-05,0.01823
16.634625673294067,3.244102471770774,1.4000262316345262,-0.5324941177100023,0.44025469214541507,1.786442362866582,-0.05885829494720607,-3.687551245622595e-06,0.01823
16.664504528045654,3.2479830677261923,1.38919306362517,-0.4974881818142259,0.29690006267237595,1.745954686965418,-0.09934597084837016,-6.224158529874016e-06,0.01823
16.694819688796997,3.2374731207202996,1.3828871900039807,-0.6070046235709611,0.1379052069229991,-2.6086409316040213,1.829243717761777,0.00011460457622889303,0.018381
16.726980447769165,3.240060184488874,1.3908099543321453,-0.6506764488140366,0.10029301696110063,-2.5579400738067477,1.8799445755590507,0.00011778105307879445,0.018381
16.753032684326172,3.238119886655727,1.3806235431157583,-0.7059889895597904,-0.020772355652694315,-2.336867540644979,2.1010171087208196,0.0001316315442587521,0.018381
16.783055067062378,3.239090035567262,1.3917800887631735,-0.732336636608273,-0.0017587204115883737,-2.435340566490304,2.0025440828754943,0.00012546207690598788,0.018381
16.809714794158936,3.2462044612265757,1.3916183996909788,-0.6600583548078267,0.010047064848816994,-2.2926084515092486,2.1452761978565498,0.00013440443564846999,0.018381
16.835756540298462,3.2395751100268084,1.4005112988738422,-0.693999626496921,0.10101788396433331,-2.6632679852233725,1.774616664142426,0.00011118211793649065,0.018381
16.86277174949646,3.2347243655446656,1.3964690719189214,-0.7796141730839217,0.1271034707405083,-2.869006943553385,1.5688777058124135,9.829229581807154e-05,0.018381
16.899372816085815,3.2356945144209543,1.4058470385915107,-0.827173224670725,0.23258143168246095,3.073869787884124,1.2285691300703352,7.697150639494332e-05,0.018381
16.926612854003906,3.2285800895617833,1.406332105846325,-0.95118618531262,0.31092728292248334,2.926814417015612,1.0815137592018234,6.77582898634744e-05,0.01854
16.955125093460083,3.23262237634723,1.412314602095499,-0.9864488810335801,0.42140848227534067,2.7406599389601904,0.8953592811464017,5.6095461743033244e-05,0.01854
16.9849853515625,3.2360178973819544,1.419590611313272,-0.9678338098655771,0.5664145042109153,2.5029409520506216,0.6576402942368329,4.120204787379351e-05,0.01854
17.012497901916504,3.2413537164000346,1.396307382842585,-0.8867620368842655,0.4513773454662248,2.5977792198725234,0.7524785620587346,4.714379275364487e-05,0.01854
17.041614294052124,3.238766652595631,1.4121529130050912,-0.863001480240866,0.5182197664782023,2.4535075032526907,0.608206845438902,3.8104975900272404e-05,0.01854
17.0716392993927,3.2437790887817775,1.4110210893762707,-0.7824515761508379,0.5544831441798322,2.2767485034056136,0.4314478455918249,2.7030787110982068e-05,0.01854
17.10066032409668,3.2421621738536124,1.4102126439314362,-0.7466851967078721,0.5723487107492093,2.1887170275693473,0.34341636975555856,2.151549689292201e-05,0.01854
17.12845516204834,3.238766652595631,1.4145782493763563,-0.7649476921173793,0.6254561159834738,2.1566047081970474,0.3113040503832587,1.950361694622342e-05,0.01854
17.15923237800598,3.244749237752128,1.4095658875781611,-0.7014427922408234,0.6160147527784594,2.051167121529495,0.20586646371570616,1.2897810502116941e-05,0.01854
17.188899517059326,3.251863663843212,1.4081106857917136,-0.566267722086996,0.595871962588353,1.762236078741947,-0.0830645790718414,-5.204107463497381e-06,0.01854
17.21898365020752,3.233754216678441,1.385474215053173,-0.702572970892738,0.37124568641291966,2.50395608003477,0.6586554222209813,4.126564700567068e-05,0.018716
17.245685338974,3.241030333420565,1.4153866948406604,-0.7052031602087024,0.4922027969509084,2.2258617761192423,0.3805611183054536,2.384266528790124e-05,0.018716
17.278376579284668,3.246851227222509,1.398571029924314,-0.632817499645547,0.4204817827616981,2.1703388758928974,0.3250382180791087,2.0364081002136842e-05,0.018716
17.306477308273315,3.239090035567262,1.3946904920870822,-0.681116593668295,0.33418684605603605,2.5825510338995272,0.7372503760857385,4.618972644568159e-05,0.018716
17.33249568939209,3.2335925252017153,1.3937203576406394,-0.7850290361364828,0.26475783378842155,2.97947552906801,1.1341748712542215,7.105757927576324e-05,0.018716
17.360400676727295,3.2436173972877005,1.4110210893762707,-0.7299327206358333,0.3770597912969871,2.5449789331322683,0.6996782753184796,4.383578386020172e-05,0.018716
17.391515731811523,3.249923365764492,1.3992177862385318,-0.6109529381706308,0.34589671667400307,2.3050934707240236,0.4597928129102349,2.8806637390639145e-05,0.018716
17.420218229293823,3.2416770993806256,1.3946904920870822,-0.632821716078093,0.2819772997946475,2.7050512222283842,0.8597505644145955,5.386452780488274e-05,0.018716
17.448243141174316,3.2453960037379677,1.3911333324752508,-0.6007071874594611,0.20415100077604628,-3.0108089552579473,1.4270756941078502,8.940820929531416e-05,0.018716
17.475547313690186,3.2420004823623367,1.3937203576406394,-0.621525979946269,0.1737327420924266,-2.803337213388582,1.6345474359772156,0.00010240659263020524,0.018716
17.504053354263306,3.2361795888628744,1.3950138702370394,-0.7103259239141638,0.16447003645606492,-2.8973686662737177,1.5405159830920798,9.651539578997562e-05,0.018716
17.53006863594055,3.236664663307311,1.3948521811619894,-0.7663003190994149,0.1564823830756901,-2.918278572656481,1.5196060767093167,9.520536206581198e-05,0.018716
17.560575485229492,3.2424855568370043,1.3937203576406394,-0.7312556061164441,0.1403647097021759,-2.8229273718509957,1.6149572775148018,0.0001011792428861324,0.018716
17.590725898742676,3.245557695235129,1.4052002822537704,-0.6675490550888916,0.23584926086680946,3.033916778541257,1.1886161207274677,7.44683966888125e-05,0.018716
17.61924171447754,3.2418387908713413,1.4005112988738422,-0.6703771426056389,0.2590794211769329,2.905114900744495,1.059814242930706,6.63987860190844e-05,0.018716
17.644267082214355,3.238766652595631,1.4103743330201153,-0.7115320542458254,0.367069864208857,2.5303666228413753,0.6850659650275861,4.292030299105762e-05,0.018716
17.674448251724243,3.2344009825881397,1.4108594002870158,-0.7960105828210019,0.4471744530242627,2.4847540514133497,0.6394533935995605,4.006261411752953e-05,0.018716
17.699955940246582,3.237796503687454,1.4052002822537704,-0.8118465938273092,0.4506160811922716,2.502585836971635,0.6572851791578458,4.117979943705179e-05,0.018716
17.72914457321167,3.2395751100268084,1.4113444675552131,-0.8002513938105625,0.5101680836177669,2.371456104940238,0.5261554471264489,3.296434557240517e-05,0.018716
17.757113218307495,3.233430833725269,1.4092425094023877,-0.8704852513693191,0.5323056110138493,2.4396253522374844,0.5943246944236953,3.7235240490608166e-05,0.018716
17.783620357513428,3.2365029718255522,1.4149016275616448,-0.880473703519005,0.6004334653658321,2.3546889390215635,0.5093882812077744,3.191386010345932e-05,0.0
17.813136339187622,3.2285800895617833,1.4052002822537704,-0.9884965205064349,0.5578973898313667,2.5356525568203567,0.6903518990065676,4.3251473855690305e-05,0.0
17.83966374397278,3.233430833725269,1.4089191312271898,-1.0022568400564353,0.5627086062601155,2.5420718812043317,0.6967712233905425,4.3653653151733704e-05,0.0
17.866177320480347,3.2395751100268084,1.4061704167612432,-0.9335385661709603,0.5405125455986186,2.503819946658093,0.6585192888443037,4.1257118066747305e-05,0.0
17.895570516586304,3.235371131461073,1.4094041984902024,-0.9390440101872789,0.555050493954084,2.488452978838853,0.643152321025064,4.0294356889684544e-05,0.0
17.92925500869751,3.2347243655446656,1.4079489967050502,-0.9511452416671777,0.5516932218683556,2.5065616339879586,0.6612609761741695,4.142888846100393e-05,0.0
17.9572811126709,3.2382815781402834,1.4157100730273926,-0.9142552893203388,0.621523590980247,2.368954744280788,0.523654086466999,3.280763196689248e-05,0.01862
17.98430848121643,3.234077599632731,1.405523660422353,-0.9420405576717624,0.575667996803192,2.462602353351346,0.6173016955375568,3.867478047650295e-05,0.01862
18.012324333190918,3.235371131461073,1.4032600132543365,-0.9449954042378385,0.5225164476992799,2.5445276028454864,0.6992269450316972,4.3807507411441114e-05,0.01862
18.044454097747803,3.2305203871970156,1.4139314930075115,-1.0089194504577648,0.5845584934704265,2.5195353223821955,0.6742346645684063,4.2241707467082846e-05,0.01862
18.071985006332397,3.239251727053498,1.398571029924314,-0.9423261039787743,0.4851307703253594,2.603049395252115,0.7577487374383258,4.7473976320856474e-05,0.01862
18.10196352005005,3.239090035567262,1.4081106857917136,-0.897772616701558,0.5042531748711747,2.520402444538618,0.675101786724829,4.229603383502965e-05,0.01862
18.131508588790894,3.2386049611102354,1.3961456937663914,-0.872770741360356,0.40636065548284955,2.682662447989991,0.8373617901762018,5.24618410229295e-05,0.01862
18.16359853744507,3.2398984930012387,1.4144165602839287,-0.8387745865425227,0.5077607177004929,2.4334219711561937,0.5881213133424046,3.684659033256496e-05,0.01862
18.19105339050293,3.2361795888628744,1.4098892657545108,-0.86239994853153,0.5366354930943408,2.4193188823670497,0.5740182245532606,3.596301287456721e-05,0.01862
18.220083713531494,3.2365029718255522,1.4094041984902024,-0.8748139915325527,0.5523365572010916,2.4119394048963767,0.5666387470825875,3.550067869782233e-05,0.01862
18.24777579307556,3.2462044612265757,1.4200756786048645,-0.759792503254815,0.6625754355816406,2.0867061178588653,0.24140546004507613,1.512437636339604e-05,0.018472
18.280982971191406,3.241030333420565,1.412637980276748,-0.7452568328621337,0.6705697082962828,2.0532703240853842,0.20796966627159508,1.302957896757659e-05,0.018472
18.311013221740723,3.2386049611102354,1.4207224349956815,-0.766009692672761,0.7513536799307318,2.020149492594124,0.17484883478033497,1.0954514381842276e-05,0.018472
18.34080958366394,3.2386049611102354,1.4132847366409758,-0.7805366945401907,0.7387295176758115,2.0526862234945122,0.20738556568072308,1.2992984280908027e-05,0.018472
18.371074438095093,3.247012918722194,1.422662704182037,-0.6834891182479966,0.8171106623730677,1.8496404971644844,0.004339839350695485,2.7189676523612495e-07,0.018472
18.40258765220642,3.24151540789019,1.4165185184967515,-0.6856588974438842,0.8148345973834008,1.8541328240183583,0.00883216620456917,5.533470773901656e-07,0.018472
18.430933237075806,3.2460427697282936,1.4212075022903146,-0.6294457928044592,0.8568503812426858,1.7497366884254864,-0.0955639693883028,-5.987211057856228e-06,0.018472
18.45945119857788,3.239413418540013,1.426543242617387,-0.6746326883597875,0.9358854992057765,1.7922139785485691,-0.05308667926522004,-3.325951769857068e-06,0.018472
18.486926555633545,3.2356945144209543,1.422015947784267,-0.7536861853638197,0.9491048107969252,1.8915541689690634,0.04625351115527421,2.8978446084453954e-06,0.01832
18.519272327423096,3.247012918722194,1.4286452009714543,-0.6646937618245238,1.0200124760671219,1.7565083601534581,-0.08879229766033125,-5.562956727386294e-06,0.01832
18.551809549331665,3.2403835674649843,1.4229860823817917,-0.6869351350289481,1.0170162525786315,1.7847669443112515,-0.06053371350253789,-3.7925184687845073e-06,0.01832
18.57898998260498,3.241030333420565,1.4270283099276846,-0.6942566751040269,1.0525128882376065,1.7843045081803677,-0.060996149633421926,-3.821490713597102e-06,0.01832
18.60653781890869,3.2426472483291198,1.4221776368834922,-0.6787631999865995,1.0322477427789654,1.7707985142892884,-0.07450214352450102,-4.667659374124772e-06,0.01832
18.634360790252686,3.2424855568370043,1.4176503421599227,-0.6699796227374734,0.9759568709937568,1.7742562289326091,-0.07104442888118045,-4.451028906806257e-06,0.01832
18.664140224456787,3.2418387908713413,1.430423781136395,-0.6720785399596536,1.0553502751454784,1.7572296944466457,-0.08807096336714393,-5.517764164915038e-06,0.01832
18.693602085113525,3.2418387908713413,1.4229860823817917,-0.6735477820151798,1.041752711933483,1.7621433235715396,-0.08315733424225025,-5.2099186995259796e-06,0.01832
18.72306251525879,3.2402218759767893,1.4203990567999836,-0.6951948044454785,1.0081742631828499,1.797729989778064,-0.04757066803572574,-2.9803662564059095e-06,0.01817
18.754085063934326,3.2434557057939033,1.411667845734732,-0.6691106138066488,0.9034663301546194,1.7949472445956542,-0.05035341321813558,-3.1547089802794082e-06,0.01817
18.781622409820557,3.2424855568370043,1.4158717621209755,-0.6632228124115098,0.8692685263879184,1.7978946751364953,-0.04740598267729457,-2.970048497470429e-06,0.01817
18.816143035888672,3.240545258953459,1.4005112988738422,-0.6838436151531843,0.702472907041705,1.919361511842735,0.07406085402894513,4.6400119944227784e-06,0.01817
18.843257427215576,3.2379581951714504,1.4035833914194733,-0.7312678612303161,0.6142874038759285,2.1003767963500546,0.25507613853626454,1.5980862735349306e-05,0.01817
18.8705894947052,3.235532822940874,1.4076256185321545,-0.7953926615527803,0.5901515397318032,2.257734421883247,0.4124337640694571,2.583952936107497e-05,0.01817
18.89746928215027,3.2360178973819544,1.4014814333563435,-0.8340944562290172,0.5161135732914384,2.448830099387768,0.6035294415739778,3.781193026475319e-05,0.01817
18.923991918563843,3.235532822940874,1.4113444675552131,-0.8673712780518863,0.5560163280871872,2.4280614701108143,0.5827608122970243,3.651074774105286e-05,0.01817
18.95251703262329,3.236664663307311,1.4053619713379901,-0.876232066995796,0.5283091532565166,2.488395545099471,0.643094887285681,4.029075858875869e-05,0.01817
18.9796621799469,3.2407069504422146,1.4061704167612432,-0.8308882380719819,0.5164329284960987,2.443054420949215,0.597753763135425,3.7450076251831064e-05,0.018018
19.009682178497314,3.2379581951714504,1.4127996693675886,-0.834199097273465,0.5697737129181871,2.354469254975922,0.509168597162132,3.190009660288767e-05,0.018018
19.036810874938965,3.2416770993806256,1.412637980276748,-0.789094027450077,0.6056085024318723,2.2222166295799903,0.3769159717662003,2.361429196051625e-05,0.018018
19.0638747215271,3.2413537164000346,1.397924273612387,-0.7616441891934097,0.49385073874962626,2.361464670507713,0.5161640126939231,3.233836878323272e-05,0.018018
19.09139657020569,3.2523487383692107,1.4050385931696945,-0.6022231333214603,0.4817857216811567,1.9004000210728071,0.055099363259016876,3.452049125803708e-06,0.018018
19.123918056488037,3.2424855568370043,1.4030983241719837,-0.6164015760718778,0.4552950956110129,2.0038410665765847,0.15854040876279463,9.93276958394987e-06,0.018018
19.15186333656311,3.238443269625119,1.404876904085762,-0.6778728681633921,0.45329301196660365,2.238884348217602,0.3935836904038119,2.4658546923711195e-05,0.018018
19.182373762130737,3.2442641632656914,1.3911333324752508,-0.6466759816009058,0.3240719992964197,2.6664007025784358,0.8211000447646457,5.14430208277103e-05,0.018018
19.20950698852539,3.247497993222931,1.4045535259183282,-0.583601052880268,0.3584293255153322,2.099746995527032,0.254446337713242,1.594140486774519e-05,0.017866
19.238566875457764,3.24151540789019,1.411667845734732,-0.6157372516864742,0.4486448737873571,2.0130381773804054,0.1677375195666153,1.0508980930730784e-05,0.017866
19.264686584472656,3.246851227222509,1.4100509548429017,-0.5701913636799626,0.496758161914148,1.7495254488004004,-0.09577520901338943,-6.000445504136259e-06,0.017866
19.29325795173645,3.2420004823623367,1.4115061566449005,-0.6001649033006069,0.5439712996941386,1.8225657121554861,-0.022734945658303474,-1.4243748864393255e-06,0.017866
19.321726083755493,3.243132322807149,1.408272374878521,-0.6067133937035503,0.5469453049735935,1.8416729800925404,-0.0036276777212491673,-2.2727888247032383e-07,0.017866
19.350749015808105,3.2365029718255522,1.4029366350897738,-0.6958334031529687,0.4994030444142139,2.191054807028887,0.3457541492150975,2.166196191651378e-05,0.017866
19.380298376083374,3.249438291251128,1.4089191312271898,-0.5932689824038614,0.5217625644681058,1.8174015848457188,-0.027899072968070815,-1.7479143996169863e-06,0.017866
19.409313201904297,3.2360178973819544,1.4095658875781611,-0.6926078808247834,0.5434292667177004,2.103951764793633,0.2586511069798436,1.620483931076669e-05,0.017866
19.437850952148438,3.240545258953459,1.408272374878521,-0.7044131630424796,0.5465658818900867,2.129909887741531,0.2846092299277414,1.7831150584248266e-05,0.017866
19.46739149093628,3.243132322807149,1.4147399384689285,-0.6796871755228574,0.6089118953799771,1.9846566903935143,0.13935603257972495,8.730842644784786e-06,0.017866
19.492405891418457,3.239736801513884,1.4100509548429017,-0.7056779457286588,0.6089450770289799,2.046669615530913,0.20136895771712382,1.261603570958951e-05,0.017715
19.519973754882812,3.2418387908713413,1.4147399384689285,-0.6970673660534741,0.6525773319772004,1.9806098613153593,0.13530920350157016,8.477303366738135e-06,0.017715
19.547855615615845,3.2526721213879473,1.4171652748748393,-0.5528956460173665,0.7056763045703549,1.6219447071445443,-0.22335595066924485,-1.3993550354225639e-05,0.017715
19.574366807937622,3.2421621738536124,1.4228243932818418,-0.5859960456144422,0.7954771728644012,1.6758582924389362,-0.1694423653748527,-1.0615791810818275e-05,0.017715
19.60038471221924,3.249599982755302,1.4134464257323933,-0.5143209766400637,0.7711197223165233,1.5380250019797805,-0.3072756558340086,-1.925123261617664e-05,0.017715
19.627228498458862,3.249761674259757,1.4131230475497023,-0.4620865728675755,0.7510619877600667,1.428529208230773,-0.4167714495830164,-2.6111291185521158e-05,0.017715
19.65548276901245,3.2460427697282936,1.4137698039156612,-0.4729451656010394,0.7430366119218031,1.4488325236648851,-0.39646813414890447,-2.4839261199153337e-05,0.017715
19.685986280441284,3.2507318232923783,1.412314602095499,-0.42075237212262667,0.7238850125748604,1.3316350319313692,-0.5136656258824206,-3.218184149328885e-05,0.017715
19.7160165309906,3.2426472483291198,1.4147399384689285,-0.48731018789961555,0.733035286859316,1.4774198541590335,-0.36788080365475606,-2.3048226540958132e-05,0.017715
19.7435564994812,3.2434557057939033,1.4018048115183241,-0.5235913822245428,0.6191397152610267,1.5517782190554368,-0.29352243875835304,-1.838957509102845e-05,0.017556
19.771578311920166,3.2439407802761355,1.393558668566732,-0.5428026521777466,0.4627210828076196,1.6389009655413642,-0.20639969227242583,-1.2931217987507011e-05,0.017556
19.799922943115234,3.2403835674649843,1.4056853495068602,-0.601611358276204,0.4660100006052347,1.9322869233237119,0.08698626550992161,5.449806387033228e-06,0.017556
19.828799962997437,3.236664663307311,1.4060087276763051,-0.6902001231528316,0.47131976211331733,2.260270409040686,0.4149697512268955,2.599841236320208e-05,0.017556
19.857309818267822,3.2434557057939033,1.4095658875781611,-0.6656143369017998,0.508119305069354,2.1008952607793905,0.2555946029656,1.6013345228325393e-05,0.017556
19.888200283050537,3.2424855568370043,1.409727576666264,-0.6607754185781023,0.5353827446948932,2.0385248273766803,0.1932241695628898,1.2105753790440857e-05,0.017556
19.914279460906982,3.247012918722194,1.4074639294459228,-0.5996562250745234,0.5334145187661599,1.8336296849682816,-0.011670972845508665,-7.312021269506021e-07,0.017556
19.940169095993042,3.254612419523966,1.4045535259183282,-0.45996558039431923,0.5049690891441537,1.2648950444255274,-0.5804056133882627,-3.636319136556691e-05,0.017556
19.967876434326172,3.248468142231979,1.402774946007708,-0.44053263931864606,0.4685159338334346,1.1235390817025663,-0.7217615761112235,-4.521933232042783e-05,0.017405
19.99439764022827,3.2436173972877005,1.4032600132543365,-0.4887852428633513,0.4475100036204504,1.324208438920891,-0.5210922188928988,-3.2647127521895103e-05,0.017405
20.02409553527832,3.247012918722194,1.401643122437262,-0.4792631020742129,0.41776825750299124,1.2115802042115724,-0.6337204536022174,-3.9703437725361785e-05,0.017405
20.051772594451904,3.239736801513884,1.396307382842585,-0.5653810943145964,0.3473249727706793,2.049861228231906,0.20456057041811615,1.2815994532753614e-05,0.017405
20.07779574394226,3.2479830677261923,1.400187920714155,-0.5205090654374493,0.3341049005506315,1.3797690979395867,-0.46553155987420336,-2.916617759706674e-05,0.017405
20.105213165283203,3.246851227222509,1.4006729879539008,-0.503531633305649,0.3293621284371045,1.0583396310322708,-0.786961026781519,-4.9304165490481623e-05,0.017405
20.13725209236145,3.2403835674649843,1.4008346770341025,-0.5741216450657357,0.32754594744047133,2.3208693791807358,0.4755687213669457,2.9795019247989116e-05,0.017405
20.16379165649414,3.2428089398215167,1.401643122437262,-0.5926068236231437,0.33379341817699965,2.435218160078883,0.5899175022650929,3.695912398147841e-05,0.017405
20.192302942276,3.2432940143003863,1.4045535259183282,-0.5993608825819559,0.3652343187317368,2.253967559089415,0.408666901275625,2.560353034683332e-05,0.017405
20.2177894115448,3.2463661527251384,1.4103743330201153,-0.5649134715740983,0.44137829249721705,1.7790883957775467,-0.06621226203624353,-4.148287162688689e-06,0.017405
20.244597673416138,3.2437790887817775,1.4045535259183282,-0.573789970084093,0.44054373075588893,1.8329621126212412,-0.012338545192549066,-7.730264312747438e-07,0.017405
20.270630598068237,3.239736801513884,1.4095658875781611,-0.6315499019215276,0.4865760831191514,2.0266505511953294,0.18134989338153895,1.1361814436392586e-05,0.017405
20.297256231307983,3.2453960037379677,1.4142548711916454,-0.5998169175498672,0.5624077574507024,1.8102909853423628,-0.035009672471427944,-2.193403010512818e-06,0.017253
20.3253493309021,3.247821376224825,1.4060087276763051,-0.5466759971531726,0.5387981919051468,1.629726780469044,-0.21557387734474664,-1.3505993006412222e-05,0.017253
20.351886987686157,3.2487915252372397,1.4108594002870158,-0.4971062201155444,0.5673842824116635,1.4498499285661948,-0.39545072924759594,-2.4775519415357394e-05,0.017253
20.38240075111389,3.2462044612265757,1.4006729879539008,-0.495397063262911,0.492657695739831,1.399231031720271,-0.44606962609351974,-2.7946861301554664e-05,0.017253
20.40888500213623,3.249923365764492,1.4084340639654724,-0.44677797800958907,0.5125295417511828,1.2152301598746984,-0.6300704979390925,-3.9474763099905926e-05,0.017253
20.434906244277954,3.2538039619623738,1.412314602095499,-0.3632600854023244,0.5625300634554317,1.0264822488311216,-0.8188184089826693,-5.1300073280938324e-05,0.017253
20.46645498275757,3.2445875462563687,1.4090808203147167,-0.42232332291981295,0.5674552373479149,1.2030439459926412,-0.6422567118211497,-4.023824576994437e-05,0.017253
20.495972394943237,3.247012918722194,1.4150633166545055,-0.43273975811372095,0.6265419634002444,1.2905395649363884,-0.5547610928774023,-3.475652770604297e-05,0.017253
20.524542331695557,3.2500850572695077,1.4144165602839287,-0.4008560089075805,0.6618876332426651,1.2379575967828085,-0.6073430610309822,-3.805085864675306e-05,0.017102
20.556567907333374,3.2544507280110855,1.4069788621880894,-0.3228672846753308,0.6174566621408699,1.0096242260599468,-0.8356764317538437,-5.235625105374568e-05,0.017102
20.586583137512207,3.257684558322106,1.4186204767339936,-0.22703806507451713,0.6946256723077251,0.9305044716741441,-0.9147961861396463,-5.731320995138989e-05,0.017102
20.613610982894897,3.2507318232923783,1.400187920714155,-0.248617401754063,0.5772153902265622,0.7987903861164068,-1.0465102716973838,-6.556527434945196e-05,0.017102
20.64553999900818,3.2466895357231054,1.4132847366409758,-0.31526932415329734,0.6168327148828907,0.992947698801447,-0.8523529590123435,-5.340105788887231e-05,0.017102
20.67617130279541,3.2504084402803812,1.4105360221089378,-0.3145029941294073,0.6190009293660409,0.9943306742175589,-0.8509699835962317,-5.331441262123547e-05,0.017102
20.704227447509766,3.2491149082436226,1.4113444675552131,-0.33046140705030314,0.6280374773394054,1.0411952642509985,-0.804105393562792,-5.037828310018134e-05,0.017102
20.73474097251892,3.2483064507297694,1.3933969794929677,-0.3519415734396055,0.46744575683952055,0.7865974866713108,-1.0587031711424797,-6.632917587899582e-05,0.017102
20.7628812789917,3.2487915252372397,1.3916183996909788,-0.36079212351602474,0.3384901989245939,0.2733713938679977,-1.5719292639457927,-9.848348003443264e-05,0.01695
20.793903827667236,3.249276599747235,1.4077873076185305,-0.3608019421412452,0.3985972558061169,0.5711204742038377,-1.2741801836099529,-7.98291001707236e-05,0.01695
20.823436737060547,3.248953216740291,1.4029366350897738,-0.3649325261346668,0.39555940999697675,0.569437059534325,-1.2758635982794657,-7.993456836118052e-05,0.01695
20.85551929473877,3.252510429878438,1.4098892657545108,-0.3224631136290556,0.45809457770188294,0.6830600750961369,-1.1622405827176538,-7.281593380096815e-05,0.01695
20.884050607681274,3.2481447592278405,1.3950138702370394,-0.34840462350293155,0.3635233213826816,0.38001092017769444,-1.465289737636096,-9.180237045712247e-05,0.01695
20.91507887840271,3.252187046860264,1.3997028534756988,-0.31501729288581054,0.340932466150518,0.22476303492669036,-1.6205376228871002,-0.00010152885902005338,0.01695
20.941577434539795,3.2508935147987983,1.4013197442755683,-0.30814100570649794,0.34015646229636404,0.2144463688870259,-1.6308542889267645,-0.00010217521200631233,0.01695
20.96961283683777,3.2513785893197413,1.4066554840169196,-0.29714203811309986,0.3892373234126592,0.40028357014902183,-1.4450170876647688,-9.053226170319249e-05,0.01695
20.995846271514893,3.2526721213879473,1.4119912239148273,-0.2729479164590933,0.4732179914642934,0.6219151771982623,-1.2233854806155282,-7.664674379315388e-05,0.0168
21.02340602874756,3.247821376224825,1.412314602095499,-0.317867696389629,0.5350119782546111,0.8651739938500614,-0.9801266639637292,-6.140625214864353e-05,0.0168
21.049007415771484,3.2505701317862394,1.4089191312271898,-0.3142599991865327,0.5466888181563845,0.8798982412696746,-0.9654024165441162,-6.0483758268014625e-05,0.0168
21.07543182373047,3.253318887428791,1.4058470385915107,-0.27668306695523504,0.5262911748735736,0.7554334986815495,-1.089867159132241,-6.828164159063918e-05,0.0168
21.101752042770386,3.2432940143003863,1.400187920714155,-0.37821425291441046,0.45938124202265684,0.8512320111847577,-0.9940686466290329,-6.227973609156108e-05,0.0168
21.131877899169922,3.2515402808272844,1.4032600132543365,-0.34413145562884284,0.441115719352906,0.6866377537648087,-1.158662904048982,-7.259178742630792e-05,0.0168
21.158401250839233,3.2538039619623738,1.4073022403598343,-0.2914075197357945,0.4659238414891863,0.6368887339132386,-1.208411923900552,-7.57086303502613e-05,0.0168
21.184917211532593,3.2534805789397043,1.4018048115183241,-0.25862447576695985,0.432161703501936,0.4785109603153744,-1.3667896974984162,-8.563121062265263e-05,0.0168
21.213436603546143,3.2507318232923783,1.4037450805022569,-0.2707278892387823,0.42657332090494016,0.4806841133351664,-1.3646165444786242,-8.549505966666163e-05,0.0168
21.241199493408203,3.251863663843212,1.4089191312271898,-0.2647672899855616,0.47078175801161415,0.5988483931629717,-1.2464522646508192,-7.809190879968595e-05,0.016648
21.270723342895508,3.252025355351597,1.4102126439314362,-0.2585330149677877,0.513757740431458,0.693225619029817,-1.1520750387839738,-7.217904881765871e-05,0.016648
21.30546998977661,3.2562293346682294,1.4105360221089378,-0.2005607771439192,0.5468484472500352,0.66457106826051,-1.1807295895532808,-7.397429491639283e-05,0.016648
21.332297563552856,3.2557442601219986,1.4058470385915107,-0.16616577755757184,0.5264029152391326,0.5756147573884367,-1.2696859004253542,-7.954752729182162e-05,0.016648
21.359071493148804,3.2552591855782977,1.4124762911860516,-0.14827484470519922,0.5737451844760969,0.6407027246203106,-1.2045979331934804,-7.5469678708946e-05,0.016648
21.387101888656616,3.251863663843212,1.405523660422353,-0.17905015881205913,0.5422231122502944,0.6241958952717422,-1.2211047625420486,-7.650385374205205e-05,0.016648
21.415135383605957,3.2526721213879473,1.4052002822537704,-0.19028360094837607,0.517150142650489,0.5890461002327584,-1.2562545575810322,-7.870603561965562e-05,0.016648
21.441603899002075,3.2517019723351077,1.3946904920870822,-0.2105181437192441,0.40185469797818696,0.3229257156136846,-1.522374942200106,-9.537883520836019e-05,0.016648
21.469165802001953,3.2570377922509044,1.4106977111979049,-0.15664108904764878,0.4700200770971012,0.4430607165970508,-1.40223994121674,-8.785221601362402e-05,0.016648
21.4966778755188,3.2449109292481677,1.4149016275616448,-0.27356631470890325,0.5568335916241105,0.8171205954727218,-1.028180062341069,-6.441686210942648e-05,0.016648
21.523383378982544,3.248953216740291,1.4092425094023877,-0.30386758693203875,0.5649714666182939,0.8991897317127157,-0.946110926101075,-5.927512047657059e-05,0.01649
21.54992175102234,3.2529955044078074,1.4115061566449005,-0.27353208951188257,0.591720612987038,0.8803316476569392,-0.9649690101568513,-6.045660477563683e-05,0.01649
21.577443838119507,3.2466895357231054,1.4118295348247076,-0.33270960558377477,0.6134525345912858,1.0463044314436434,-0.7989962263701473,-5.0058186912171986e-05,0.01649
21.605464935302734,3.2513785893197413,1.4105360221089378,-0.3143400580271993,0.6166348031619174,1.0077774859044104,-0.8375231719093801,-5.247195180530496e-05,0.01649
21.632005214691162,3.251863663843212,1.4040684586682546,-0.2952958081374554,0.5587120096846223,0.8670323558707731,-0.9782683019430172,-6.12898232716188e-05,0.01649
21.65851378440857,3.254289036498486,1.4079489967050502,-0.2510369997305001,0.5542562828797296,0.7655733033458902,-1.0797273544679,-6.764636920713064e-05,0.01649
21.686542749404907,3.255097494064293,1.4095658875781611,-0.20974655583844226,0.5661748696058385,0.715432801789138,-1.1298678560246525,-7.078773898580991e-05,0.01649
21.713449478149414,3.2554208770925834,1.4024515678440062,-0.17671953388603065,0.5083524611602724,0.547668357410875,-1.2976323004029156,-8.129840679215983e-05,0.01649
21.74298405647278,3.249276599747235,1.3756111822478574,-0.2319511294002569,0.2182527170697487,-0.3027905079841869,-2.1480911657979775,-0.00013458079717148234,0.01649
21.77005958557129,3.249276599747235,1.394205424863218,-0.27061324626021904,0.18811522177887094,-0.45495357310866946,-2.30025423092246,-0.00014411401760949934,0.016338
21.795397996902466,3.2463661527251384,1.3971158282256977,-0.33479012614888826,0.19408664501152806,-0.5658759102518685,-2.411176568065659,-0.00015106345103883435,0.016338
21.82302951812744,3.2513785893197413,1.3872527947956044,-0.31579642242276545,0.10653731712024551,-0.7985755483890586,-2.6438762062028496,-0.00016564239596475182,0.016338
21.853601694107056,3.2562293346682294,1.395984004690341,-0.24064516236239797,0.12645579561297152,-0.586069676086344,-2.431370333900135,-0.00015232861759562172,0.016338
21.884284019470215,3.2479830677261923,1.388869685485485,-0.29319391307089715,0.07423331632668431,-0.8192172564387515,-2.6645179142525426,-0.00016693562670306488,0.016338
21.91271448135376,3.248953216740291,1.3922651559806132,-0.3176069057854364,0.06925652820703086,-0.8897764083885351,-2.7350770662023263,-0.00017135625235822324,0.016338
21.93945813179016,3.2481447592278405,1.3954989374630469,-0.3450052780123962,0.09584796504902615,-0.9070770034165203,-2.7523776612303115,-0.00017244015787744841,0.016338
21.96997594833374,3.252510429878438,1.3995411643965,-0.3085140399434813,0.15205595724345414,-0.6493360883749179,-2.494636746188709,-0.00015629234331431717,0.016338
21.995908737182617,3.248953216740291,1.3982476517680642,-0.32833099459624526,0.17937147603944495,-0.6040791715136801,-2.449379829327471,-0.00015345693667716623,0.016338
22.025423765182495,3.2538039619623738,1.395984004690341,-0.28034719701297617,0.17743970685641455,-0.5042347788995338,-2.349535436713325,-0.0001472015513541124,0.016338
22.054118156433105,3.249923365764492,1.4058470385915107,-0.29624307163462904,0.2678167969635974,-0.16013689274597104,-2.0054375505597624,-0.00012564335654334166,0.01618
22.085266590118408,3.251863663843212,1.3974392063799441,-0.28262791766266376,0.25288526654924326,-0.21540519881669143,-2.0607058566304826,-0.00012910599016324758,0.01618
22.11200714111328,3.249438291251128,1.3980859626901538,-0.30402514256065366,0.24844823309196915,-0.25838484130047223,-2.1036854991142633,-0.0001317987225014786,0.01618
22.141358137130737,3.2583313243978087,1.4045535259183282,-0.20560114289445697,0.3054926891722147,0.013986929313185846,-1.8313137285006054,-0.00011473426518242566,0.01618
22.171128273010254,3.2534805789397043,1.4095658875781611,-0.19856001197803488,0.3920403540105815,0.2891722826633921,-1.556128375150399,-9.749353312530689e-05,0.01618
22.20198941230774,3.257684558322106,1.4095658875781611,-0.14002297418640997,0.45262371939743756,0.39463621297893214,-1.450664444834859,-9.08860762162653e-05,0.01618
22.228541612625122,3.2583313243978087,1.4189438549265077,-0.09079962503249205,0.5822501316516204,0.5983937199773025,-1.2469069378364885,-7.81203946855525e-05,0.01618
22.261082887649536,3.2575228668038836,1.4234711496825108,-0.06665255899050408,0.7150938904953579,0.7595172630152901,-1.0857833947985007,-6.80257882692132e-05,0.01618
22.28961753845215,3.2573611752859426,1.4147399384689285,-0.051811468423496314,0.7268815014036676,0.756809075066033,-1.088491582747758,-6.819545988227337e-05,0.01602
22.317715644836426,3.2541273449861676,1.4166802075910565,-0.0826598175214123,0.7531779443188155,0.8226193320428705,-1.0226813257709204,-6.40723588765892e-05,0.01602
22.344111680984497,3.2528338128977365,1.4131230475497023,-0.12074850648648258,0.7385027431616664,0.8538020810322061,-0.9914985767815847,-6.211871776311995e-05,0.01602
22.371625423431396,3.264475602341588,1.4052002822537704,0.0010430208694404684,0.6545458842884535,0.6099698125715771,-1.2353308452422138,-7.739513693379892e-05,0.01602
22.399439573287964,3.254612419523966,1.4160334512147028,-0.03947610823355012,0.6965279738902245,0.7059674510122425,-1.1393332068015485,-7.138075592724366e-05,0.01602
22.426952838897705,3.2507318232923783,1.4176503421599227,-0.11732403196538796,0.7409530327716347,0.8529334375214148,-0.9923672202923761,-6.217313944596166e-05,0.01602
22.45221185684204,3.2555825686071507,1.4089191312271898,-0.10996191155552447,0.6908475563183011,0.7819747068528224,-1.0633259509609685,-6.661879924462673e-05,0.01602
22.4852614402771,3.2584930159174377,1.4276750663434485,-0.06769502550698059,0.8302098396698359,0.8847121318870106,-0.9605885259267803,-6.01821615541076e-05,0.01602
22.512834548950195,3.2552591855782977,1.4246029733892653,-0.07934531826978913,0.8991920038396755,0.9579615270214819,-0.8873391307923089,-5.559298854949539e-05,0.01602
22.538217306137085,3.2575228668038836,1.422339325982862,-0.05863454425661205,0.9264268833615199,0.9562662538915767,-0.889034403922214,-5.569919968842592e-05,0.01602
22.566253662109375,3.2559059516371276,1.4313939157792377,-0.06475555890990994,1.0297018422031463,1.0336536622020351,-0.8116469956117558,-5.085077459954589e-05,0.01602
22.593794107437134,3.258169632878461,1.4076256185321545,-0.04017429001927543,0.8809416465608529,0.899044974128527,-0.9462556836852638,-5.928418973367985e-05,0.01587
22.621134042739868,3.2617268463691125,1.4263815535142452,0.022393424000224368,0.9512456252323174,0.8926569617054295,-0.9526436961083613,-5.968440729331141e-05,0.01587
22.64717745780945,3.253642270450899,1.4378614801989331,-0.036901959575378965,1.1072253520945574,1.0513902839885705,-0.7939103738252205,-4.973955141816184e-05,0.01587
22.673239946365356,3.2528338128977365,1.4228243932818418,-0.08871800592425926,1.076561506131337,1.0861032530062031,-0.7591974048075878,-4.756473727760532e-05,0.01587
22.69873881340027,3.2575228668038836,1.426543242617387,-0.06519542561475057,1.0896832866278372,1.069370578516038,-0.775930079297753,-4.8613061812221076e-05,0.01587
22.732866287231445,3.2557442601219986,1.4200756786048645,-0.07141003148711793,1.0387181461803652,1.0463996563792681,-0.7989010014345226,-5.005222094203486e-05,0.01587
22.760056972503662,3.257199483768283,1.4246029733892653,-0.057203554829927054,1.045147818397048,1.0355968150691874,-0.8097038427446033,-5.072903346208803e-05,0.01587
22.78662872314453,3.2552591855782977,1.427351688135276,-0.07200128879584788,1.0752125037150275,1.068329294641014,-0.7769713631727768,-4.867829964579805e-05,0.01587
22.81466245651245,3.249599982755302,1.4207224349956815,-0.15452464686705336,1.0346036367238476,1.135839721447964,-0.7094609363658266,-4.444868071633738e-05,0.01587
22.840700149536133,3.262211920946575,1.4173269639697224,-0.0514662585045989,0.9745984775123803,0.9827583089350367,-0.8625423488787538,-5.4039436851900684e-05,0.01571
22.871755599975586,3.2552591855782977,1.4203990567999836,-0.06798518136810874,0.9611662990880744,0.9910728545176548,-0.8542278032961357,-5.351851940182044e-05,0.01571
22.89880609512329,3.2547741110371273,1.4254114188984424,-0.08573399419839145,0.9983803238526177,1.036401726045142,-0.8088989317686486,-5.067860470816882e-05,0.01571
22.92607879638672,3.250246748774804,1.4194289222163636,-0.15589011866571234,0.9687910336767999,1.099695474012078,-0.7456051838017124,-4.671316637250263e-05,0.01571
22.954789638519287,3.2538039619623738,1.427351688135276,-0.15963858386160124,1.0217627544108525,1.1356938474040144,-0.7096068104097761,-4.445781992115044e-05,0.01571
22.982300758361816,3.252510429878438,1.4127996693675886,-0.1787573540379173,0.923504591058512,1.0993445384429854,-0.7459561193708049,-4.6735152957334914e-05,0.01571
23.00860619544983,3.254289036498486,1.4202373677023516,-0.1694600818608291,0.9238968189254264,1.0871723258779928,-0.7581283319357977,-4.7497758426050637e-05,0.01571
23.039642095565796,3.2507318232923783,1.4171652748748393,-0.20831281350447758,0.8955999454341138,1.1213375136340884,-0.7239631441797019,-4.5357263517390336e-05,0.01571
23.070439338684082,3.2507318232923783,1.4213691913888156,-0.23550972565504474,0.9148898845312085,1.173800218481674,-0.671500439332116,-4.2070404583012914e-05,0.015562
23.098950147628784,3.2565527177004556,1.4241179060855003,-0.18032076334683744,0.9539567562067252,1.121450173159675,-0.7238504846541152,-4.535020524677137e-05,0.015562
23.12717294692993,3.2554208770925834,1.4263815535142452,-0.15612147914190916,1.0023562019844265,1.1204003397180302,-0.7249003180957598,-4.541597872218219e-05,0.015562
23.155221700668335,3.254289036498486,1.4320406722107115,-0.15361496943361586,1.0888674041997555,1.1638531421868208,-0.6814475156269695,-4.269360227527177e-05,0.015562
23.183545351028442,3.261565154843854,1.4250880406943363,-0.059076907345505844,1.08476357805867,1.0598169708561092,-0.7854836869576811,-4.92116081659365e-05,0.015562
23.21588706970215,3.2588163989575394,1.4309088484571613,-0.027951811181370023,1.1360262492849411,1.0575306295237588,-0.7877700282900317,-4.9354850521760614e-05,0.015562
23.242858409881592,3.260918388745638,1.4334958741900488,0.020639880444205377,1.1959702750506458,1.0444270778183515,-0.800873579995439,-5.0175805638735974e-05,0.015562
23.277250051498413,3.2589780904780126,1.430423781136395,0.029911795966103546,1.2093596579852965,1.0431350773890824,-0.8021655804247083,-5.0256751201236064e-05,0.015562
23.307518243789673,3.2588163989575394,1.4375381019724036,0.03434028113674523,1.2848976554409883,1.0752750638660546,-0.7700255939477363,-4.82431378732632e-05,0.01541
23.33311104774475,3.2631820701091057,1.422015947784267,0.09311032577225394,1.1934133201615755,0.9812822429526674,-0.8640184148611234,-5.41319143685666e-05,0.01541
23.360194444656372,3.2631820701091057,1.4279984445522025,0.13424935701712512,1.1850133937754719,0.9435012962288454,-0.9017993615849456,-5.6498941433777994e-05,0.01541
23.387707233428955,3.2544507280110855,1.4292919573930327,0.05170647147195556,1.1911635230206519,1.0150051286016193,-0.8302955292121714,-5.201913028108457e-05,0.01541
23.41423988342285,3.2557442601219986,1.4336575632995927,0.010421296473540502,1.2360701264213765,1.0736829143453122,-0.7716177434684788,-4.8342888179548794e-05,0.01541
23.442260265350342,3.2559059516371276,1.425573108000713,-0.016416470398805044,1.1923167626740019,1.0765537596305885,-0.7687468981832026,-4.8163025865881614e-05,0.01541
23.468647480010986,3.249438291251128,1.4320406722107115,-0.11767712947594122,1.2218397966824581,1.187622984246419,-0.6576776735673722,-4.120438973906524e-05,0.01541
23.501158237457275,3.2547741110371273,1.4276750663434485,-0.12051835787389495,1.201904407924752,1.1823237625300278,-0.6629768952837631,-4.1536393098296695e-05,0.01541
23.528184175491333,3.2508935147987983,1.4330108068622918,-0.1719917511981382,1.2375737068394728,1.248628588549668,-0.5966720692641232,-3.738230667770257e-05,0.01541
23.556241035461426,3.2555825686071507,1.4270283099276846,-0.14822931501844963,1.2069031062201987,1.2127895541186429,-0.6325111036951485,-3.962767032910599e-05,0.01541
23.585943460464478,3.249761674259757,1.4271899990314076,-0.2058224097324551,1.186937445488293,1.2673614658884231,-0.5779391919253682,-3.620866674765393e-05,0.01526
23.612959384918213,3.2534805789397043,1.4228243932818418,-0.19871489876461282,1.132359971506947,1.2388268978277173,-0.6064737599860739,-3.799639576851563e-05,0.01526
23.644489765167236,3.2515402808272844,1.4221776368834922,-0.21848190772398451,1.0881407010675044,1.2444577931588017,-0.6008428646549895,-3.764361261177051e-05,0.01526
23.67477798461914,3.2541273449861676,1.4292919573930327,-0.19932912503176725,1.1233526381250725,1.2358632811032748,-0.6094373767105163,-3.8182070337470916e-05,0.01526
23.70280146598816,3.2481447592278405,1.4323640504273223,-0.26221083148483726,1.1765724289866148,1.3287314697905706,-0.5165691880232206,-3.236375356190473e-05,0.01526
23.733643054962158,3.249599982755302,1.4312322266717332,-0.2876713267493346,1.2032999644039541,1.3654522762532835,-0.4798483815605077,-3.006314570818927e-05,0.01526
23.760491847991943,3.249761674259757,1.4318789831026246,-0.30343181794406704,1.228024278151253,1.3890562501153643,-0.4562444076984269,-2.858432503737589e-05,0.01526
23.788262128829956,3.236826354789349,1.4326874286445155,-0.47941258971576034,1.2528500964987752,1.5930829534391096,-0.2522177043746816,-1.5801777995253964e-05,0.01526
23.81620717048645,3.244749237752128,1.4323640504273223,-0.5015682205596844,1.2672206498482108,1.617619760772883,-0.2276808970409081,-1.4264514054318941e-05,0.01511
23.845205307006836,3.2481447592278405,1.418782165830178,-0.47377819835438495,1.1509642233343416,1.5886644332812254,-0.25663622453256574,-1.6078604218756175e-05,0.01511
23.873769283294678,3.247659684723738,1.4155483839339542,-0.4605107491638163,1.039509532400505,1.5715237561761302,-0.2737769016376608,-1.715249066528682e-05,0.01511
23.901403188705444,3.2539656534741304,1.4158717621209755,-0.3708111696267541,0.9644987679600397,1.4185329952733932,-0.426767662540398,-2.673756735569505e-05,0.01511
23.927386045455933,3.2554208770925834,1.4189438549265077,-0.28946476353784895,0.9405626656454433,1.2735964152441719,-0.5717042425696195,-3.5818038794808744e-05,0.01511
23.9577317237854,3.2538039619623738,1.4228243932818418,-0.2531408352721063,0.9598976256169625,1.2259626534556642,-0.6193380043581271,-3.880235795958331e-05,0.01511
23.985750675201416,3.2549358025505697,1.4297770247107435,-0.21328109632616576,1.0380937644753012,1.2100525895055954,-0.6352480683081962,-3.979914483880971e-05,0.01511
24.011409282684326,3.2586547074373478,1.4229860823817917,-0.13795659915891362,1.0296731544643591,1.1075084170344485,-0.7377922407793429,-4.622367499664883e-05,0.01511
24.042797565460205,3.25671440921699,1.4213691913888156,-0.10997171915509447,1.0087411308523795,1.0591013530987994,-0.7861993047149918,-4.9256442579755793e-05,0.01511
24.069833278656006,3.2589780904780126,1.4267049317206744,-0.0615163237534139,1.0437127836301,1.0262053554335804,-0.8190953023802106,-5.131742102425851e-05,0.01511
24.096505403518677,3.27013480607082,1.4270283099276846,0.11467050463375039,1.0712004599736342,0.8718745896182031,-0.9734260681955877,-6.098645082253672e-05,0.014958
24.12354040145874,3.2751472439482447,1.4199139895075223,0.3019188205112397,1.0242764078801718,0.6949327446180454,-1.1503679131957454,-7.207209510629224e-05,0.014958
24.153104782104492,3.273206945382854,1.4236328387830408,0.4082503692124505,1.026016043527238,0.6324368610861825,-1.2128637967276084,-7.59875461632914e-05,0.014958
24.17982244491577,3.263990527752294,1.4257347971031291,0.3651566664191987,1.046782664337545,0.6728521347739537,-1.172448523039837,-7.34554749749704e-05,0.014958
24.207857370376587,3.2670626668606606,1.430423781136395,0.3741663354602374,1.1049283304861315,0.7095297580328846,-1.1357708997809062,-7.115757260698197e-05,0.014958
24.23596692085266,3.2573611752859426,1.422015947784267,0.256761757692019,1.0674347926931764,0.7589515094792204,-1.0863491483345702,-6.80612334882519e-05,0.014958
24.264463663101196,3.270296497611018,1.4100509548429017,0.3395270175917482,0.9299111051482195,0.5930243964916413,-1.2522762613221494,-7.845679001479979e-05,0.014958
24.291216373443604,3.2662542091906985,1.4218542586851868,0.3459163019456567,0.9434189752982274,0.6009735630179949,-1.2443270947957958,-7.79587640534258e-05,0.014958
24.317370891571045,3.268194507610451,1.4292919573930327,0.37513107154927194,1.0220474300865745,0.6480196812237692,-1.1972809765900214,-7.501126154851936e-05,0.0148
24.345802307128906,3.263990527752294,1.4330108068622918,0.34197315805496425,1.111673822352752,0.7346434238766858,-1.110657233937105,-6.958416770547191e-05,0.0148
24.37522315979004,3.2570377922509044,1.4234711496825108,0.23010282219430084,1.0856904739861457,0.7929258828976858,-1.052374774916105,-6.593269335417424e-05,0.0148
24.403741359710693,3.2610800802697697,1.4271899990314076,0.2033399795485038,1.1020886029244565,0.8251874617278938,-1.0201131960858971,-6.39114621019303e-05,0.0148
24.436173915863037,3.2508935147987983,1.4288068900766309,0.05470908499753527,1.1286048902715,0.9712425706593679,-0.874058087154423,-5.476091332451677e-05,0.0148
24.463386058807373,3.254289036498486,1.418297098542058,-0.006033574536016084,1.0494219127402327,0.9783200329543639,-0.8669806248594272,-5.4317500804239585e-05,0.0148
24.493537664413452,3.2583313243978087,1.4234711496825108,0.002992954722778009,1.0421141372573886,0.9632958988802375,-0.8820047589335536,-5.525878298662593e-05,0.0148
24.521053791046143,3.2534805789397043,1.4210458131919588,-0.05254414364594019,1.0144422995028062,1.005010083508208,-0.8402905743055831,-5.26453332830119e-05,0.0148
24.550612449645996,3.249761674259757,1.4213691913888156,-0.1388427897716985,0.9980795323792958,1.1027969442904455,-0.7425037135233454,-4.651885509320866e-05,0.0148
24.578643083572388,3.251863663843212,1.4178120312552396,-0.17244772035860484,0.9535428833373929,1.119293795356832,-0.7260068624569591,-4.548530521288562e-05,0.0148
24.605085134506226,3.251863663843212,1.409727576666264,-0.19597117176943926,0.8471792494825218,1.0681402951125607,-0.7771603627012302,-4.8690140720147824e-05,0.014648
24.637629508972168,3.2562293346682294,1.4118295348247076,-0.15676748690506775,0.7922735801381223,0.9376861191057015,-0.9076145387080894,-5.686327009235023e-05,0.014648
24.663782119750977,3.253318887428791,1.4153866948406604,-0.1664383083582077,0.7869223225585559,0.9478299952823982,-0.8974706625313926,-5.622774262312315e-05,0.014648
24.693796157836914,3.260271622651926,1.4163568294025908,-0.0845480905090273,0.7921989999005817,0.8235249227067285,-1.0217757351070622,-6.401562240497497e-05,0.014648
24.721208810806274,3.2628586870538023,1.4144165602839287,0.005764754047765976,0.7778475587929033,0.688965557066258,-1.1563351007475329,-7.244594742242193e-05,0.014648
24.753069162368774,3.2605950056982196,1.4022898787623705,0.04011776463270249,0.6550195840950458,0.4657270540798614,-1.3795736037339292,-8.643213952154399e-05,0.014648
24.780183792114258,3.2659308261246873,1.4225010150823771,0.13220611316536315,0.7570099492027285,0.5416947502263346,-1.303605907587456,-8.16726613069053e-05,0.014648
24.809274673461914,3.2584930159174377,1.4267049317206744,0.10182259179764452,0.8675009564753483,0.7012980546136346,-1.144002603200156,-7.167329988424132e-05,0.014648
24.83882236480713,3.2617268463691125,1.4309088484571613,0.12179124127208532,0.9839424141766187,0.7981232208582687,-1.047177436955522,-6.560707314910952e-05,0.014497
24.8681161403656,3.2575228668038836,1.4250880406943363,0.0821610474226963,1.0113160850424785,0.8591361817721921,-0.9861644760415986,-6.17845291862056e-05,0.014497
24.893648386001587,3.263990527752294,1.4283218227615377,0.13689414116637827,1.0605528486128546,0.8482078476854357,-0.9970928101283549,-6.246920399729798e-05,0.014497
24.91864776611328,3.2565527177004556,1.4271899990314076,0.08036194342815677,1.0844922651631481,0.9183280818689986,-0.926972575944792,-5.8076077129812666e-05,0.014497
24.94708490371704,3.2507318232923783,1.4168418966855063,-0.03343739580220069,1.0050092385657958,0.9787249034920964,-0.8665757543216941,-5.429213512116852e-05,0.014497
24.973603010177612,3.2541273449861676,1.4047152150019733,-0.06979796668650914,0.8365891525187559,0.8604601632612628,-0.9848404945525275,-6.170157996734724e-05,0.014497
25.000330448150635,3.2563910261842017,1.4234711496825108,-0.06638438770974041,0.8931312051023486,0.9190044323861183,-0.9262962254276723,-5.803370286134092e-05,0.014497
25.02635622024536,3.263990527752294,1.4147399384689285,0.03291233657365559,0.8515076216285576,0.7503457868474929,-1.0949548709662977,-6.860039357161098e-05,0.014497
25.055397987365723,3.2625353039996257,1.422662704182037,0.08386334144758442,0.8960553351399921,0.7472043226106806,-1.0980963352031101,-6.879721052612739e-05,0.014497
25.081427574157715,3.259948239606759,1.419590611313272,0.0865393529118798,0.8986673012161748,0.7473457717474461,-1.0979548860663448,-6.87883485476936e-05,0.014338
25.110454320907593,3.261565154843854,1.4200756786048645,0.10903111829632979,0.9050069563921987,0.7323412517198512,-1.1129594060939398,-6.972840188371627e-05,0.014338
25.13897943496704,3.2559059516371276,1.4205607458977603,0.05261040487714557,0.913955993950236,0.7983251642765873,-1.0469754935372038,-6.559442112267156e-05,0.014338
25.166501998901367,3.2617268463691125,1.426866620824107,0.0873427104277153,0.9788669474974919,0.8258318146214427,-1.0194688431923482,-6.387109252755921e-05,0.014338
25.1950421333313,3.2549358025505697,1.4191055440229816,0.025057385663709346,0.9521241509558319,0.866520102015812,-0.9787805557979792,-6.132191666376743e-05,0.014338
25.22055220603943,3.2610800802697697,1.4176503421599227,0.059808173977074656,0.9198703567175635,0.7966133831626738,-1.0486872746511176,-6.570166650897621e-05,0.014338
25.24675178527832,3.2544507280110855,1.4115061566449005,-0.0004023566560571167,0.8401498360565302,0.7746578650260683,-1.0706427927877233,-6.707720921413868e-05,0.014338
25.27621603012085,3.2591397819987664,1.4246029733892653,0.01724408569418393,0.90615000131036,0.8294076725676504,-1.0158929852461411,-6.364706022360727e-05,0.014338
25.305492401123047,3.2699731145309037,1.422339325982862,0.16774093530444362,0.9312974815909929,0.7055710799771275,-1.1397295778366638,-7.140558910505792e-05,0.014338
25.33352541923523,3.2479830677261923,1.4095658875781611,-0.007323644704121264,0.8301037087037214,0.77055942651629,-1.0747412312975015,-6.733398189240597e-05,0.014338
25.36271381378174,3.266900975326104,1.4121529130050912,0.11136826179964356,0.7833282207444506,0.5832725605748466,-1.2620280972389448,-7.906775563509751e-05,0.014187
25.391746997833252,3.269002965297334,1.4121529130050912,0.22125672299821028,0.7505853791729632,0.45784012365344784,-1.3874605341603434,-8.692626630765204e-05,0.014187
25.41777515411377,3.264798985402526,1.412637980276748,0.24457039315299184,0.7321766688102148,0.42027686510020923,-1.4250237927135823,-8.927965491654539e-05,0.014187
25.446877479553223,3.2704581891514977,1.4144165602839287,0.3330549183642388,0.7358319270296486,0.3790828626779711,-1.4662177951358206,-9.186051450618451e-05,0.014187
25.476706743240356,3.2738537115667974,1.4111827784656699,0.43829306178958477,0.7083154161342176,0.3060426079545531,-1.5392580498592388,-9.643658458309586e-05,0.014187
25.50424289703369,3.267386049930619,1.4084340639654724,0.42948552397881085,0.6634899460272611,0.2594775867018223,-1.5858230711119696,-9.935394571761343e-05,0.014187
25.531501293182373,3.27013480607082,1.4119912239148273,0.4583717980463039,0.665194827294514,0.2529860691006504,-1.5923145887131414,-9.976064801569482e-05,0.014187
25.56137251853943,3.2751472439482447,1.4118295348247076,0.5425097259000291,0.6648844846065183,0.23091217235350525,-1.6143884854602866,-0.00010114360729983128,0.014187
25.586738109588623,3.267224358395499,1.4157100730273926,0.5003753329746864,0.7007574748969629,0.278640594949627,-1.5666600628641647,-9.815335750829725e-05,0.014038
25.614749670028687,3.2691646568355566,1.3948521811619894,0.4956235287417445,0.5318835899843146,0.09786325098109672,-1.7474374068326948,-0.00010947930095483165,0.014038
25.64150357246399,3.2659308261246873,1.4178120312552396,0.45106014804165856,0.6272057236609074,0.21286860789568568,-1.6324320499181058,-0.00010227406085190212,0.014038
25.66804051399231,3.260271622651926,1.4178120312552396,0.3477008289708866,0.6939312172345217,0.3245879764707482,-1.5207126813430434,-9.527469233267021e-05,0.014038
25.699772834777832,3.2588163989575394,1.4163568294025908,0.25679260424009903,0.7271052261737585,0.410256372709592,-1.4350442851041998,-8.990745222582723e-05,0.014038
25.725350379943848,3.2554208770925834,1.4160334512147028,0.1498578781689577,0.7473195132099386,0.5094384583132668,-1.335862199500525,-8.369356132668832e-05,0.014038
25.755905628204346,3.2529955044078074,1.412637980276748,0.044075736058811196,0.7298905626360969,0.5798330378366179,-1.2654676199771742,-7.928324635512401e-05,0.014038
25.7839457988739,3.253642270450899,1.418297098542058,-0.021724341134368184,0.770321883395456,0.7234445936220197,-1.1218560641917725,-7.028578946485446e-05,0.014038
25.81094527244568,3.25121689781248,1.4152250057475106,-0.09871222843880309,0.7700523752354281,0.8411236180013241,-1.0041770398124683,-6.291304050359435e-05,0.014038
25.837480306625366,3.2549358025505697,1.4111827784656699,-0.10518107154286108,0.7322697298782633,0.7901294881349539,-1.0551711696788386,-6.610789124259116e-05,0.014038
25.865283250808716,3.2610800802697697,1.4241179060855003,-0.031358746067507645,0.8261226479496692,0.8164156047753907,-1.028885053038402,-6.446103072366232e-05,0.014038
25.89290475845337,3.2660925176575515,1.4174886530647504,0.08423441152788,0.8301655449911809,0.6811602844834117,-1.164140373330381,-7.293495823493566e-05,0.01388
25.920422315597534,3.2725601792034293,1.422662704182037,0.24762385890167848,0.8811158814938236,0.5982663066809668,-1.2470343511328257,-7.812837729972844e-05,0.01388
25.946956872940063,3.262211920946575,1.4210458131919588,0.23003769553351527,0.9017435204683122,0.6337058896441881,-1.2115947681696047,-7.590803981938533e-05,0.01388
25.972655057907104,3.2677094330017056,1.4102126439314362,0.2878304793732624,0.8154309741511432,0.4970289005575903,-1.3482717572562026,-8.447103679043765e-05,0.01388
26.001129388809204,3.2575228668038836,1.4150633166545055,0.19838851409351457,0.800124979162502,0.5403025418913254,-1.3049981159224675,-8.175988502931423e-05,0.01388
26.02764344215393,3.2544507280110855,1.4202373677023516,0.09660388142543572,0.8375310905982202,0.6788701296328851,-1.166430528180908,-7.307843951279639e-05,0.01388
26.056671857833862,3.2529955044078074,1.4157100730273926,0.00679793833834392,0.8216100990911529,0.7616692856698635,-1.0836313721439295,-6.789096115898872e-05,0.01388
26.085190057754517,3.2523487383692107,1.3967924500720235,-0.06431364404922522,0.6345255402270384,0.5201261714316298,-1.325174486382163,-8.302396174250357e-05,0.01388
26.113253116607666,3.2504084402803812,1.405523660422353,-0.1388340180565625,0.5847693612759521,0.49744894684722396,-1.347851710966569,-8.444472032612372e-05,0.01372
26.145814180374146,3.255097494064293,1.3977625845347628,-0.1312044686666784,0.4777595804816159,0.08931408703152394,-1.755986570782269,-0.00011001491756077585,0.01372
26.172879219055176,3.2552591855782977,1.4071405512738901,-0.12380192848157383,0.4900707847430423,0.13494275268815173,-1.7103579051256412,-0.00010715622036220568,0.01372
26.199440002441406,3.2517019723351077,1.4152250057475106,-0.16398097299248443,0.5738766061787427,0.5090293267970624,-1.3362713310167305,-8.371919396578464e-05,0.01372
26.22707962989807,3.260271622651926,1.4139314930075115,-0.08282795575300969,0.620510604406045,0.5125302647908226,-1.3327703930229702,-8.349985549749707e-05,0.01372
26.252184867858887,3.262211920946575,1.3972775173027494,-0.0012785747247702178,0.4982671723040876,0.1115363919506175,-1.7337642658631753,-0.00010862266030530298,0.01372
26.278748035430908,3.260271622651926,1.4218542586851868,0.031063723034392147,0.6412682223073365,0.4281986273268823,-1.4171020304869106,-8.878334587135997e-05,0.01372
26.306271076202393,3.2583313243978087,1.4170035857801004,0.028961063022069435,0.6962561681834167,0.5372562967754957,-1.3080443610382972,-8.195073637798862e-05,0.01372
26.33328938484192,3.2591397819987664,1.4144165602839287,0.03779847946887251,0.7106875765908851,0.5536053710825788,-1.2916952867312141,-8.092644491015156e-05,0.01372
26.358827590942383,3.265445751527784,1.4263815535142452,0.124397046014168,0.8320677762533398,0.6466973345240578,-1.1986033232897353,-7.509410834562839e-05,0.01372
26.38694429397583,3.2628586870538023,1.4284835118664234,0.15202634961402156,0.9365827921728564,0.741152813698911,-1.1041478441148822,-6.917634568873305e-05,0.01372
26.413486003875732,3.2618885378946514,1.4191055440229816,0.1589957275027918,0.9225252422285865,0.7196844159317474,-1.125616241882046,-7.052136964837773e-05,0.013572
26.440490245819092,3.267386049930619,1.4189438549265077,0.2339773899780633,0.9111811976334294,0.6425413723921442,-1.2027592854216493,-7.535448495609675e-05,0.013572
26.46755599975586,3.263505453165536,1.4286452009714543,0.23698001354800197,0.9934659468526762,0.7222455883665584,-1.123055069447235,-7.036090875479064e-05,0.013572
26.494067192077637,3.259463165041119,1.4317172939946832,0.1875354562443018,1.0796367061245316,0.8399719314190544,-1.005328726394739,-6.298519521508961e-05,0.013572
26.522374391555786,3.2751472439482447,1.4315556048868876,0.35292428663861813,1.1384524778753629,0.7546864187430771,-1.090614239070716,-6.832844715237309e-05,0.013572
26.555283784866333,3.2643139108115418,1.4354361435141987,0.33055212024024433,1.2157137522221455,0.8248089902268108,-1.0204916675869824,-6.393517384989228e-05,0.013572
26.58150029182434,3.2657691345921043,1.4310705375643744,0.333448306241516,1.2291951309334177,0.8316147275667775,-1.0136859302470156,-6.350878526306886e-05,0.013572
26.616042852401733,3.2563910261842017,1.4270283099276846,0.21588800333987906,1.201038103085961,0.9045210150876846,-0.9407796427261084,-5.8941108411359415e-05,0.013572
26.64857006072998,3.267224358395499,1.4257347971031291,0.27174012718258334,1.1692981060286467,0.8370450348442042,-1.0082556229695885,-6.316856921734495e-05,0.01341
26.67846918106079,3.2630203785813134,1.418297098542058,0.25722836221631334,1.0779071637702382,0.7786613183451068,-1.066639339468686,-6.682638748566949e-05,0.01341
26.70548939704895,3.269002965297334,1.412314602095499,0.32335879328987727,0.9582943988687649,0.6205799652396272,-1.2247206925741656,-7.6730396616017e-05,0.01341
26.734097480773926,3.2618885378946514,1.4221776368834922,0.2789284380758908,0.9662948002207742,0.6608514905316728,-1.18444916728212,-7.420733145779237e-05,0.01341
26.763267040252686,3.262211920946575,1.4157100730273926,0.251950900955462,0.9117446958269428,0.6253819889602571,-1.2199186688535355,-7.642954337912998e-05,0.01341
26.78878140449524,3.2649606769334176,1.4174886530647504,0.2681181735505886,0.8901009785052731,0.5892092736299779,-1.2560913841838146,-7.869581258712125e-05,0.01341
26.816712856292725,3.262211920946575,1.4131230475497023,0.24438371578774856,0.8343488670921881,0.5415100522524349,-1.3037906055613577,-8.168423288308391e-05,0.01341
26.845937252044678,3.262211920946575,1.4121529130050912,0.22776959535375113,0.786299831616376,0.49177036471699515,-1.3535302930967976,-8.480049112489519e-05,0.01341
26.87348699569702,3.2593014735198023,1.3838573243931653,0.17902630780288148,0.4895076012249309,0.02327979886171487,-1.8220208589520777,-0.00011415205442165154,0.01341
26.907011032104492,3.2607566972217876,1.408272374878521,0.16346270799543533,0.5088207160451488,0.06165971975130606,-1.7836409380624865,-0.00011174750082032389,0.01341
26.936752796173096,3.2709432637746323,1.3917800887631735,0.28246510662495766,0.36895642977690113,-0.1703948186458822,-2.015695476459675,-0.0001262860293809367,0.013262
26.96877884864807,3.2761173932461976,1.4043918368348267,0.4317461783061648,0.3883446673381456,-0.11361117862138242,-1.958911836435175,-0.00012272845805320545,0.013262
26.993794441223145,3.275632318595949,1.4144165602839287,0.5300573602662436,0.4951495259991905,0.02086662697737469,-1.824434030836418,-0.00011430324288193537,0.013262
27.01921248435974,3.2829084386169227,1.4163568294025908,0.691658714297577,0.5879580423090287,0.10693251297584117,-1.7383681448379513,-0.00010891109950768489,0.013262
27.047650814056396,3.2704581891514977,1.4191055440229816,0.6460167431654522,0.6784879173239111,0.20130685636092352,-1.643993801452869,-0.00010299842011701227,0.013262
27.074387073516846,3.2790278412011187,1.4066554840169196,0.7233457338663982,0.6260693419319484,0.13894717675753948,-1.706353481056253,-0.00010690533781492295,0.013262
27.10192060470581,3.27660246789899,1.4098892657545108,0.7465481856243804,0.619451530056361,0.1300041330080241,-1.7152965248057686,-0.00010746563151945114,0.013262
27.128756046295166,3.26981142299127,1.4178120312552396,0.6761919493165934,0.6885032817113385,0.20524902160720845,-1.640051636206584,-0.00010275143816863224,0.013262
27.1567804813385,3.2623736124729596,1.4200756786048645,0.5320972145940107,0.7578921427388197,0.3125700797512617,-1.5327305780625307,-9.60276297063651e-05,0.013262
27.182331800460815,3.264637293871916,1.4199139895075223,0.46009688144611816,0.8049605858158064,0.3909159675345446,-1.4543846902792477,-9.111915459094101e-05,0.0131
27.210989952087402,3.267224358395499,1.4173269639697224,0.44268634185693556,0.8138483418767535,0.4085790990611434,-1.436721558752649,-9.001253567306498e-05,0.0131
27.23801326751709,3.275632318595949,1.4084340639654724,0.5377154747517983,0.7373629940470321,0.28868091602435897,-1.5566197417894334,-9.752431790531886e-05,0.0131
27.27052664756775,3.285010428951903,1.4095658875781611,0.7238235257218426,0.6943495674229502,0.2005947570808472,-1.6447059007329452,-0.00010304303409350628,0.0131
27.299061059951782,3.2772492341066704,1.4160334512147028,0.7551300643059043,0.7243905520843728,0.22157831721742594,-1.6237223405963666,-0.00010172838586272349,0.0131
27.328608989715576,3.278542766535603,1.4111827784656699,0.7935394902532626,0.7003064536725239,0.19346538546404704,-1.6518352723497456,-0.00010348969880252681,0.0131
27.358141899108887,3.283878587996351,1.4139314930075115,0.8884673427285105,0.7090114976516959,0.18556440452032533,-1.6597362532934672,-0.00010398470587241892,0.0131
27.384427070617676,3.278542766535603,1.418297098542058,0.8868755851490964,0.7557065379063705,0.22299546556172378,-1.6223051922520688,-0.00010163959961522965,0.0131
27.411198616027832,3.282423363931031,1.418297098542058,0.9352459030442896,0.7883930660846475,0.2394617972380635,-1.6058388605757292,-0.0001006079618156912,0.012952
27.43737268447876,3.274662169303083,1.4250880406943363,0.8701360312467273,0.8744315413780986,0.3190948700998574,-1.5262057877139354,-9.561884282596075e-05,0.012952
27.4653799533844,3.2693263483740624,1.4368913455210974,0.7565178734568148,1.0444329346709311,0.48350223963436184,-1.361798418179431,-8.531850026829249e-05,0.012952
27.491142749786377,3.2636671446941734,1.4359212108485182,0.6048202077818808,1.1544113512991203,0.6325022944800304,-1.2127983633337625,-7.598344667326712e-05,0.012952
27.5196635723114,3.2617268463691125,1.4388316148820277,0.47388957246103186,1.2584639191159142,0.7801574433117048,-1.065143214502088,-6.673265324669545e-05,0.012952
27.546467542648315,3.2580079413593945,1.4401251278010052,0.33481544626364074,1.3433307950299065,0.9289230347853182,-0.9163776230284748,-5.7412289096895266e-05,0.012952
27.57549285888672,3.2586547074373478,1.426866620824107,0.2457109806539434,1.279429308253262,0.9633901144775786,-0.8819105433362147,-5.5252880252888306e-05,0.012952
27.60351300239563,3.2578462498406098,1.4352744544030507,0.17302857632553165,1.312893773716033,1.0465664282877312,-0.7987342295260622,-5.004177245793709e-05,0.012952
27.630804300308228,3.2657691345921043,1.4372147237464585,0.22318182550122465,1.3543640168772753,1.024075453365634,-0.8212252044481594,-5.1450862250015464e-05,0.012952
27.658204317092896,3.261565154843854,1.4419037080798838,0.20468084910887685,1.4270022214630913,1.0746620220103333,-0.77063863580346,-4.8281545769052924e-05,0.0128
27.687042236328125,3.2562293346682294,1.447724516389226,0.12368892770974599,1.531984319280977,1.1833205476502007,-0.6619801101635927,-4.14739431714886e-05,0.0128
27.71357750892639,3.2541273449861676,1.4357595217369323,0.04019045977184787,1.494193560751435,1.243341507489017,-0.6019591503247765,-3.771354940854293e-05,0.0128
27.741108655929565,3.264475602341588,1.4493414076200084,0.11370029725026802,1.5940558555988045,1.2112277415868817,-0.6340729162269119,-3.9725519982278904e-05,0.0128
27.767235279083252,3.2612417717941833,1.453545324888837,0.12392006783260939,1.7030572195533438,1.2338785156187349,-0.6114221421950585,-3.830641856130848e-05,0.0128
27.7938289642334,3.260271622651926,1.4322023613189439,0.11870277282455599,1.5808618762415247,1.2030830774926262,-0.6422175803211672,-4.023579412890324e-05,0.0128
27.821104526519775,3.2620502294204727,1.4475628272669554,0.13773107951306296,1.6381823177517911,1.2054378589748078,-0.6398627988389856,-4.008826390575327e-05,0.0128
27.848700046539307,3.255097494064293,1.4491797184962691,0.06239109963206509,1.6933442256113065,1.2784077536227745,-0.5668929041910187,-3.551660198208702e-05,0.0128
27.87688136100769,3.2523487383692107,1.4398017495703836,-0.025398431143635505,1.6447394899579637,1.3386633904741165,-0.5066372673396766,-3.174150538905367e-05,0.0128
27.90693974494934,3.2565527177004556,1.4475628272669554,-0.033242857188858534,1.6828966473532927,1.352381507317606,-0.4929191504961872,-3.088204694060253e-05,0.012642
27.93731951713562,3.2605950056982196,1.439154993110895,0.012812436767076657,1.6314111459562313,1.3037809976367605,-0.5415196601770327,-3.392693415951103e-05,0.012642
27.96308922767639,3.260433314174932,1.4305854702431715,0.04298928680565448,1.5156720273491997,1.246989647269298,-0.5983110105444953,-3.748498855058657e-05,0.012642
27.99085259437561,3.2593014735198023,1.4407718842640038,0.049680091819234586,1.5293915100469684,1.2451305126976937,-0.6001701451160995,-3.7601465828962516e-05,0.012642
28.019474506378174,3.2591397819987664,1.4417420189628902,0.052301799626891896,1.5480177068568732,1.2483477720725056,-0.5969528857412878,-3.739990020723122e-05,0.012642
28.045778512954712,3.260109931129202,1.4402868169165357,0.0665081293571764,1.5475222062599845,1.2357514059910777,-0.6095492518227155,-3.818907946353741e-05,0.012642
28.075753211975098,3.2743387862077213,1.4386699257678133,0.25789587758249516,1.5321377577893598,1.0725566694200748,-0.7727439883937186,-4.8413448937054075e-05,0.012642
28.103055715560913,3.2714283384003076,1.4263815535142452,0.3547538932393131,1.40708290309227,0.9389639501942222,-0.906336707619571,-5.678321225808256e-05,0.012642
28.13124704360962,3.267386049930619,1.4423887754317422,0.37100810599362255,1.468416721296781,0.9591548414398,-0.8861458163739933,-5.5518225798151226e-05,0.012642
28.16003680229187,3.266415900724127,1.439154993110895,0.3700149196868454,1.4812751977166736,0.9662681773899136,-0.8790324804238798,-5.5072565745190106e-05,0.012642
28.186645030975342,3.2568761007338067,1.4486946511259329,0.24767019968500095,1.578997961931676,1.1000241779299211,-0.7452764798838722,-4.669257263048616e-05,0.012642
28.212666511535645,3.252187046860264,1.4354361435141987,0.10223508334572715,1.5240955910615641,1.199038750446212,-0.6462619073675815,-4.048917665130024e-05,0.012483
28.24255394935608,3.2539656534741304,1.432525739535846,0.02311091312992633,1.458596255788397,1.2506025184445435,-0.5946981393692501,-3.7258637318113744e-05,0.012483
28.267964124679565,3.252187046860264,1.436406278184151,-0.05495641724283076,1.4488369554136293,1.326592292278913,-0.5187083655348803,-3.2497775906670305e-05,0.012483
28.299691915512085,3.257199483768283,1.4288068900766309,-0.04568602485892604,1.371328737013929,1.29438135626678,-0.5509193015470131,-3.451583431833091e-05,0.012483
28.325709581375122,3.2580079413593945,1.4288068900766309,-0.028887471860324136,1.3170729841341349,1.256256414567754,-0.5890442432460392,-3.690441313084383e-05,0.012483
28.353019952774048,3.267386049930619,1.4079489967050502,0.10245915042387459,1.0851089649943877,0.9540748488796805,-0.8912258089341125,-5.583649415624117e-05,0.012483
28.379436016082764,3.2683561991472634,1.4318789831026246,0.20677292138707337,1.1452905785645515,0.8887660804203993,-0.9565345773933935,-5.9928176232626765e-05,0.012483
28.410948038101196,3.2578462498406098,1.4289685791819529,0.14577193483870943,1.1603500329360281,0.9652021940046525,-0.8800984638091403,-5.513935103626346e-05,0.012483
28.440149307250977,3.257684558322106,1.4283218227615377,0.10100938858530727,1.1648766121383407,1.0197495516986783,-0.8255511061151144,-5.172188580064209e-05,0.012483
28.467662572860718,3.2586547074373478,1.42427959518661,0.0820467402791194,1.130451225209004,1.0170078541124996,-0.8282928037012929,-5.1893656837470474e-05,0.012483
28.495012283325195,3.267224358395499,1.4257347971031291,0.17805124304005343,1.119887291514784,0.8967531321505134,-0.9485475256632792,-5.942777671234413e-05,0.012324
28.52352261543274,3.2563910261842017,1.4236328387830408,0.10711005909885907,1.0929436620714652,0.9551695848251509,-0.8901310729886416,-5.576790747864595e-05,0.012324
28.551241397857666,3.2651223684645916,1.430100402923278,0.1687914400821132,1.1342335094439542,0.918831662222004,-0.9264689955917884,-5.804452714421327e-05,0.012324
28.57875394821167,3.2659308261246873,1.430423781136395,0.22227768597993178,1.1661439220606131,0.8893879594624338,-0.9559126983513586,-5.988921467524323e-05,0.012324
28.606290817260742,3.264475602341588,1.4283218227615377,0.24116135559592108,1.1689323345255516,0.8732311089709858,-0.9720695488428066,-6.0901463062807254e-05,0.012324
28.63532018661499,3.280321373654942,1.429453646498791,0.45644181182365257,1.1814105412662244,0.7086799055961819,-1.1366207522176106,-7.121081700378918e-05,0.012324
28.66543197631836,3.2808064483297943,1.4284835118664234,0.6133236997135704,1.1811227276818812,0.6138082181667701,-1.2314924396470222,-7.71546556669452e-05,0.012324
28.69486951828003,3.285010428951903,1.418297098542058,0.7767492831951077,1.0861843989274995,0.46643736194218427,-1.378863295871608,-8.638763777977883e-05,0.012324
28.72265601158142,3.287759185616049,1.422662704182037,0.9261987488484462,1.0603290792492512,0.3965012794160938,-1.4487993783976987,-9.076922729854371e-05,0.012173
28.751903533935547,3.304090035723895,1.4212075022903146,1.2390608833656043,1.028696518548786,0.30100767153127267,-1.5442929862825197,-9.675203011368681e-05,0.012173
28.781139612197876,3.305868643336552,1.4267049317206744,1.4807448014856652,1.0576815550175873,0.27671082918580203,-1.5685898286279905,-9.827425992574816e-05,0.012173
28.808155298233032,3.301664661762154,1.425573108000713,1.596315270067736,1.0674447626913557,0.26516002429482305,-1.5801406335189694,-9.899793336892008e-05,0.012173
28.836446285247803,3.2997243626388593,1.4200756786048645,1.652472318547869,1.0231511794248267,0.23583761057645716,-1.6094630472373352,-0.00010083502197858518,0.012173
28.866758108139038,3.3000477458232305,1.4283218227615377,1.695905965702238,1.0688374146805013,0.25289621283666036,-1.5924044449771322,-9.97662776313421e-05,0.012173
28.894301414489746,3.306515409749699,1.4257347971031291,1.8087837861240956,1.0767576241448304,0.24317529920727116,-1.6021253586065214,-0.00010037530592879444,0.012173
28.92181706428528,3.305706951733977,1.4237945278837154,1.8774889766749898,1.0642566545857386,0.2299976996286428,-1.6153029581851497,-0.00010120090024449917,0.012173
28.94815230369568,3.3070004845625514,1.4278367554477527,1.9420774640952718,1.0930999681640352,0.23595804293898487,-1.6093426148748078,-0.00010082747672929023,0.012024
28.97823166847229,3.303281577729532,1.4271899990314076,1.9398667005663328,1.1072752488489779,0.2423471624082829,-1.6029534954055098,-0.00010042718981172708,0.012024
29.004839181900024,3.305221876927962,1.4173269639697224,1.9630614465814809,1.025468605999973,0.20436745728062478,-1.6409332005331678,-0.0001028066693579405,0.012024
29.03237295150757,3.306192026542556,1.4299387138169382,1.9916689092309097,1.0854972104679803,0.22766031238183593,-1.6176403454319566,-0.0001013473406954364,0.012024
29.061195373535156,3.303281577729532,1.4257347971031291,1.9745807121612735,1.0884194811960617,0.2306345369954791,-1.6146661208183133,-0.00010116100152797258,0.012024
29.091733932495117,3.300209437415843,1.4309088484571613,1.9234436978461966,1.1385853814811118,0.2580020219550813,-1.5872986358587111,-9.944639183119392e-05,0.012024
29.118279933929443,3.2994009794556254,1.4215308804874611,1.8773385047890274,1.086483449418477,0.24004096640050912,-1.6052596914132833,-0.00010057167608963816,0.012024
29.144463539123535,3.3076472509836767,1.4139314930075115,1.950219560879646,0.9793353946738652,0.18468759646819327,-1.660613061345599,-0.00010403963907474341,0.012024
29.175238609313965,3.306515409749699,1.4208841240937478,1.9868033027482812,0.9689934200440162,0.17709596779013326,-1.668204690023659,-0.00010451526480962402,0.012024
29.201377630233765,3.311366157993659,1.4174886530647504,2.0742676264308644,0.9301750854572232,0.15377603493579062,-1.6915246228780014,-0.00010597628992973666,0.012024
29.229161977767944,3.30780894258967,1.4215308804874611,2.0901318028141462,0.9405962422017494,0.15717895268012275,-1.6881217051336694,-0.0001057630925617511,0.011873
29.255696296691895,3.2955203813455207,1.4171652748748393,1.944535620952387,0.9072895417275406,0.15249738794509068,-1.6928032698687017,-0.00010605639888137205,0.011873
29.288212060928345,3.300209437415843,1.4145782493763563,1.9024121339999966,0.8599146976683104,0.1332990031100771,-1.7120016547037151,-0.00010725920348139991,0.011873
29.31523370742798,3.302149736549379,1.425573108000713,1.8976679727912142,0.9290079625468578,0.1661017386010051,-1.6791989192127872,-0.00010520406803740009,0.011873
29.34416103363037,3.30231142814569,1.4252497297963165,1.896408916606814,0.9743657285870265,0.1874051203414811,-1.657895537472311,-0.00010386938255350135,0.011873
29.37467908859253,3.292124858133416,1.4284835118664234,1.7656306146691019,1.036191358806437,0.2301777711921425,-1.6151228866216494,-0.00010118961851914707,0.011873
29.401220560073853,3.3084557090164957,1.4288068900766309,1.8823333217581308,1.0824768193888892,0.23891390377200078,-1.6063867540417913,-0.00010064228807735166,0.011873
29.42759370803833,3.2859805783534264,1.4197523004103247,1.6774271563480867,1.0306660998299542,0.23793848312623242,-1.6073621746875597,-0.00010070339949113854,0.011873
29.454814195632935,3.286789036195821,1.4229860823817917,1.5443021220952315,1.0244737892126108,0.2523424150151685,-1.5929582427986237,-9.980097380880183e-05,0.01172
29.48232889175415,3.2981074467340656,1.4194289222163636,1.595444549093292,0.9870564594287909,0.22508580952129467,-1.6202148482924974,-0.00010150863675810286,0.01172
29.508861541748047,3.3000477458232305,1.4199139895075223,1.65598652708404,0.9653756074987822,0.20634584065278472,-1.6389548171610073,-0.00010268272098201704,0.01172
29.535881996154785,3.305868643336552,1.4090808203147167,1.7725927520885552,0.8494471181782643,0.13549892588108717,-1.7098017319327048,-0.00010712137536453399,0.01172
29.562426805496216,3.307162176167405,1.4111827784656699,1.8707119636554512,0.787846049938248,0.0988370216747567,-1.746463636139035,-0.00010941829291276083,0.01172
29.59852647781372,3.294550231843569,1.4095658875781611,1.7785705945388492,0.7296877065467999,0.07350552611124053,-1.771795131702551,-0.00011100534513883219,0.01172
29.625338077545166,3.307970634195949,1.4040684586682546,1.8852057372785898,0.6378490420540359,0.024368117014143445,-1.8209325407996482,-0.00011408386982741168,0.01172
29.656888484954834,3.30117958697749,1.4071405512738901,1.8732523551919857,0.6021334078437328,0.006727366788828039,-1.8385732910249635,-0.00011518908652669641,0.01172
29.68588376045227,3.3068387929579823,1.4071405512738901,1.9370499722901324,0.5771324638965221,-0.005573375254238825,-1.8508740330680302,-0.0001159597445398733,0.01172
29.712079763412476,3.313791532211896,1.412637980276748,2.070368148524866,0.6107596281167039,0.010073775790119826,-1.8352268820236715,-0.0001149794295073732,0.01172
29.74131488800049,3.317672131094681,1.4170035857801004,2.213175439056431,0.6749001522499719,0.0369111128649517,-1.8083895449488394,-0.00011329803428774854,0.011563
29.773335933685303,3.3209059636227165,1.389678130835766,2.3543776833376273,0.4656631629149706,-0.04980165469935214,-1.8951023125131434,-0.00011873070566108588,0.011563
29.802403450012207,3.315570140012753,1.4111827784656699,2.385177972616033,0.5191972812539417,-0.02778442268027038,-1.8730850804940617,-0.00011735129649828306,0.011563
29.831548929214478,3.324139796265143,1.4147399384689285,2.5160165991971843,0.5897538749346729,0.000492057689458712,-1.8448086001243325,-0.00011557973701796265,0.011563
29.861618995666504,3.310719391546305,1.4168418966855063,2.436469506506083,0.6586923654058604,0.027658907491213542,-1.8176417503225775,-0.00011387769738334597,0.011563
29.888132095336914,3.3213910385117864,1.4074639294459228,2.516869101814557,0.6197312532638355,0.011907877172828818,-1.833392780640962,-0.00011486452059190981,0.011563
29.917662858963013,3.310557699935179,1.422662704182037,2.4350044014875882,0.7338118772846838,0.057382904103385035,-1.7879177537104058,-0.00011201544906591831,0.011563
29.946691751480103,3.311689541219048,1.411667845734732,2.3921321092896988,0.7114126600259066,0.04936270440251948,-1.7959379534112716,-0.00011251792535109778,0.011563
29.97447419166565,3.315570140012753,1.4047152150019733,2.411606070782485,0.6310715475408287,0.016791279827588726,-1.8285093779862023,-0.00011455856885547932,0.01141
30.001500844955444,3.3108810831577156,1.422339325982862,2.3654439934701075,0.738742563952321,0.061124460306451744,-1.7841761975073394,-0.00011178103554358368,0.01141
30.030866384506226,3.3074855593779677,1.4191055440229816,2.2898315461748076,0.7840370824742129,0.08215485457513143,-1.7631458032386598,-0.00011046345309151022,0.01141
30.056671142578125,3.310719391546305,1.4239562169845352,2.2781399693904287,0.860856035090892,0.1149977295066743,-1.730302928307117,-0.00010840580285763461,0.01141
30.086852073669434,3.313468148979088,1.4210458131919588,2.305007432659126,0.8875616279862628,0.12482499913085987,-1.7204756586829313,-0.00010779011121423516,0.01141
30.114067792892456,3.307162176167405,1.4132847366409758,2.243402240054851,0.8340750813146846,0.10520186801573772,-1.7400987897980533,-0.00010901952673929394,0.01141
30.142672300338745,3.316378598115474,1.4189438549265077,2.317804447171906,0.8492660849937009,0.1082605715460379,-1.7370400862677533,-0.00010882789485421699,0.01141
30.169516801834106,3.308294017409361,1.4210458131919588,2.266793147710316,0.8794486629182242,0.12348654863017948,-1.7218141091836117,-0.00010787396693610775,0.01141
30.19654870033264,3.310719391546305,1.4176503421599227,2.2620130904652824,0.8689975150912332,0.11927365153940599,-1.7260270062743852,-0.00010813791059823212,0.01141
30.222583770751953,3.3115278496062106,1.4098892657545108,2.2689763347015854,0.7895012512678632,0.08483254357847815,-1.7604681142353131,-0.00011029569227838205,0.01141
30.24862027168274,3.3225228799296254,1.4210458131919588,2.414056881290752,0.8376132793101413,0.0993201014126744,-1.745980556401117,-0.00010938802731823603,0.01126
30.274168729782104,3.30780894258967,1.4241179060855003,2.3279842812160565,0.899863132551985,0.12897176944400707,-1.7163288883697843,-0.00010753031048356038,0.01126
30.308954000473022,3.3076472509836767,1.418297098542058,2.265671604378568,0.8893026823365736,0.12790719182181737,-1.7173934659919738,-0.00010759700770168892,0.01126
30.33750081062317,3.302958194533779,1.4184587876379535,2.1622588854012235,0.8834141268145801,0.13124635983261917,-1.7140542979811721,-0.00010738780434014708,0.01126
30.364060401916504,3.302958194533779,1.4124762911860516,2.0898699821170745,0.8236530325789019,0.10774356124135992,-1.7375570965724316,-0.00010886028624432991,0.01126
30.391573667526245,3.313144765747422,1.419590611313272,2.1690947277464114,0.8479856894234075,0.11488298123732808,-1.7304176765764634,-0.00010841299199085604,0.01126
30.41810441017151,3.3168636729805336,1.4145782493763563,2.271974759511984,0.8184020010554173,0.09689835731718156,-1.7484023004966098,-0.00010953975283906403,0.01126
30.445140838623047,3.3110427747694113,1.4050385931696945,2.2697639324386776,0.7089716052952125,0.04910257165521725,-1.796198086158574,-0.00011253422301716511,0.01126
30.474377870559692,3.321714421772596,1.4053619713379901,2.4042989141603885,0.6353778473021344,0.015755916012797556,-1.8295447418009938,-0.00011462343578933004,0.011108
30.50090193748474,3.3074855593779677,1.4176503421599227,2.3170299906580047,0.6981479441599724,0.04349386931139068,-1.8018067885024007,-0.00011288561575344563,0.011108
30.53044319152832,3.3171870562253356,1.4121529130050912,2.3796531575389905,0.6909591855638297,0.039314957847123036,-1.8059856999666684,-0.00011314743017041488,0.011108
30.55595874786377,3.3092641670564404,1.4247646624908104,2.322458385820338,0.8032203056468036,0.088749878603706,-1.7565507792100852,-0.00011005026597670686,0.011108
30.58251452445984,3.305221876927962,1.4225010150823771,2.2308756262593015,0.8607504542889575,0.11814681667279574,-1.7271538411409955,-0.00010820850831635676,0.011108
30.612249851226807,3.3118512328321703,1.4205607458977603,2.251303823506025,0.8829764424779691,0.1269083035923028,-1.7183923542214883,-0.00010765958939112261,0.011108
30.6408474445343,3.3197741222248975,1.4234711496825108,2.366634552968292,0.9256023080738074,0.13864103036071376,-1.7066596274530772,-0.00010692451829794517,0.011108
30.671433448791504,3.3115278496062106,1.4161951403085746,2.342211358453711,0.8877712301499462,0.12398247634998871,-1.7213181814638023,-0.00010784289639825813,0.011108
30.699497938156128,3.314923373535717,1.4225010150823771,2.368414117379804,0.9199361014411629,0.13617882688742514,-1.709121830926366,-0.00010707877865314312,0.011108
30.732295989990234,3.3171870562253356,1.4127996693675886,2.4156220462442333,0.8522259339797271,0.1053647052519328,-1.7399359525618583,-0.00010900932476769922,0.011108
30.76034927368164,3.310072625103513,1.4166802075910565,2.3579458920582113,0.8409190471220599,0.10313464150827166,-1.7421660163055193,-0.00010914904125699154,0.010957
30.79303526878357,3.3197741222248975,1.4131230475497023,2.441284000954858,0.7999215151239362,0.08253773596457438,-1.7627629218492165,-0.00011043946505811859,0.010957
30.821085929870605,3.3264034791829546,1.4155483839339542,2.5841568195603855,0.7937796366532207,0.07547311683019732,-1.7698275409835937,-0.00011088207293713019,0.010957
30.85068106651306,3.322684571561889,1.4181354094463072,2.636745077812123,0.8135404755799931,0.08156734637380032,-1.763733311439991,-0.00011050026126955164,0.010957
30.87825846672058,3.316378598115474,1.412314602095499,2.5931444336019887,0.7732377171356003,0.06709994197972745,-1.7782007158340636,-0.00011140666358960087,0.010957
30.906771898269653,3.3209059636227165,1.4134464257323933,2.6203559795195495,0.7555521033063654,0.059470477578031714,-1.7858301802357595,-0.0001118846597833938,0.010957
30.934263229370117,3.317672131094681,1.404876904085762,2.5981669207527,0.6634729173533477,0.023524425206180664,-1.8217762326076103,-0.0001141367282525523,0.010957
30.9667866230011,3.3191273557181473,1.4040684586682546,2.60119129284457,0.5914986896186234,-0.00508099945652962,-1.8503816572703204,-0.00011592889653471466,0.010957
30.996806621551514,3.322684571561889,1.408272374878521,2.6486692091110444,0.5802144779207336,-0.00939333824948815,-1.8546939960632791,-0.00011619907035306576,0.010808
31.022820234298706,3.3197741222248975,1.3987327190026535,2.6447903228918395,0.48359371890609293,-0.04723875944673998,-1.8925394172605308,-0.00011857013683064916,0.010808
31.050227403640747,3.324139796265143,1.4019665005995294,2.6977452443902528,0.4460343771859427,-0.060684983643636045,-1.905985641457427,-0.00011941256083954477,0.010808
31.07824730873108,3.323654721361483,1.3997028534756988,2.7286281179909317,0.3986902052128007,-0.07792133698167616,-1.9232219947954672,-0.00012049244153059591,0.010808
31.10482096672058,3.325433329354164,1.3862826603885077,2.7729265583154294,0.24073725305341553,-0.1352371743617554,-1.9805378321755462,-0.00012408335573758054,0.010808
31.134841203689575,3.326080095905546,1.4013197442755683,2.8121828953081236,0.27001981312839785,-0.12261699015064036,-1.9679176479644314,-0.0001232926842434534,0.010808
31.163089990615845,3.3231696464603986,1.4019665005995294,2.8025489022180707,0.2965326431415575,-0.11330896927220316,-1.9586096270859943,-0.00012270952423150693,0.010808
31.189668655395508,3.315246756773664,1.408272374878521,2.6947741119163267,0.3737382453867847,-0.08829712798619889,-1.9335977857999902,-0.00012114249877532867,0.010808
31.215816497802734,3.313144765747422,1.405523660422353,2.5925276186058994,0.40221825488777246,-0.08046382501916392,-1.9257644828329554,-0.00012065173182159109,0.010808
31.242407083511353,3.3255950209915803,1.4079489967050502,2.6797180659318265,0.4447106545219368,-0.06110171083849805,-1.9064023686522895,-0.0001194386693581126,0.010808
31.269073724746704,3.3202591971079616,1.3982476517680642,2.6727100938519293,0.38422976413437937,-0.08502104531261294,-1.9303217031264044,-0.000120937247794909,0.01065
31.294753789901733,3.3319009950742506,1.4040684586682546,2.816258231703777,0.3960284823653415,-0.07608251427285535,-1.9213831720866468,-0.00012037723681770929,0.01065
31.321383476257324,3.3301223869555163,1.4060087276763051,2.894061497788633,0.42233269934539003,-0.0643917816983397,-1.9096924395121313,-0.00011964479671719221,0.01065
31.348708391189575,3.328343778871468,1.4053619713379901,2.925843354078904,0.4347306131372642,-0.05919608629682259,-1.904496744110614,-0.00011931927942065946,0.01065
31.37619924545288,3.330445770247251,1.3987327190026535,2.974894798038579,0.38175501355765956,-0.07690904174419819,-1.9222096995579894,-0.00012042901987410304,0.01065
31.402709007263184,3.3372368196387283,1.398571029924314,3.095828818524638,0.34316833438642663,-0.08683500066641134,-1.9321356584802025,-0.00012105089453459798,0.01065
31.43125057220459,3.335296519760937,1.4035833914194733,3.155740343716379,0.36277420301723295,-0.07857054286059867,-1.9238712006743897,-0.00012053311515101991,0.01065
31.461840629577637,3.3255950209915803,1.4024515678440062,3.073966973509153,0.3659719945482458,-0.07968281885141713,-1.9249834766652083,-0.00012060280073601857,0.01065
31.489370346069336,3.3344880614907253,1.4069788621880894,3.130127765215908,0.4103157150547764,-0.06319046450056275,-1.908491122314354,-0.00011956953258096425,0.0105
31.522308826446533,3.3388537362351447,1.3998645425550411,3.2251104702419946,0.3751909011958289,-0.07274041849906082,-1.9180410763128521,-0.00012016785002788296,0.0105
31.549898624420166,3.3385303529135633,1.4037450805022569,3.287474648792298,0.38669375929065963,-0.06757415664217815,-1.9128748144559693,-0.00011984417678246108,0.0105
31.580073356628418,3.3328711449718225,1.402774946007708,3.258964564209323,0.38572320293598594,-0.06851867175307727,-1.9138193295668686,-0.00011990335192297151,0.0105
31.60570478439331,3.329637312020064,1.3988944080811365,3.197770358688896,0.34895358588361197,-0.08214791940882862,-1.92744857722262,-0.00012075724259742862,0.0105
31.634007692337036,3.3281820872291825,1.400349609793927,3.136377699461089,0.33674868920852147,-0.08801295595896697,-1.9333136137727585,-0.00012112469501608064,0.0105
31.660287141799927,3.337883586273848,1.3964690719189214,3.2171142793537313,0.2921150344114338,-0.10042006332017016,-1.9457207211339616,-0.00012190201695932442,0.0105
31.69034719467163,3.326080095905546,1.4053619713379901,3.1231143000349384,0.3435782476834907,-0.08604816441741155,-1.931348822231203,-0.00012100159818660317,0.0105
31.72037625312805,3.3340029865320413,1.4056853495068602,3.158345321634118,0.38261001601834377,-0.0717588130480577,-1.9170594708618491,-0.00012010635112773978,0.0105
31.749908685684204,3.3424109528484083,1.3972775173027494,3.290223625349681,0.3317367604326981,-0.08523843673711584,-1.930539094550907,-0.00012095086765968646,0.0105
31.777960538864136,3.3319009950742506,1.404876904085762,3.2485177037522073,0.36680217734178194,-0.07481921173333776,-1.920119869547129,-0.0001202980892165534,0.01034
31.804621934890747,3.3343263698375436,1.3887079964158562,3.2502514189991127,0.2409720241523545,-0.11633420590272808,-1.9616348637165193,-0.00012289905937035527,0.01034
31.835163593292236,3.3297990036649283,1.3933969794929677,3.1937330143226417,0.19649993960858833,-0.13345306245672348,-1.9787537202705145,-0.0001239715787300469,0.01034
31.867953777313232,3.322684571561889,1.4035833914194733,3.0634484141457117,0.26010632667274475,-0.11724757764603638,-1.9625482354598276,-0.00012295628333704975,0.01034
31.896377086639404,3.332386070021746,1.3909716434036266,3.095960627916617,0.1873375601876597,-0.1412185274692803,-1.9865191852830715,-0.00012445809554480648,0.01034
31.923900604248047,3.3247865628073634,1.4034217023368332,3.021811886556299,0.2521889015725857,-0.12179720935514979,-1.967097867168941,-0.00012324132387536493,0.01034
31.952828407287598,3.3385303529135633,1.395984004690341,3.145165640212317,0.22841190472961104,-0.12477927178238012,-1.9700799295961713,-0.00012342815409237888,0.01034
31.982224225997925,3.3367517446654045,1.4006729879539008,3.2088328357096985,0.2553770313623929,-0.11299454979041886,-1.95829520760421,-0.00012268982542859832,0.01034
32.00976014137268,3.3301223869555163,1.4085957530525677,3.168863720592765,0.3479368362339225,-0.08270587604180261,-1.9280065338555938,-0.00012079219933001443,0.01034
32.039114236831665,3.331577611777355,1.3972775173027494,3.159442055769192,0.30746553458360115,-0.09699821404692482,-1.9422988718607161,-0.00012168763350562081,0.01034
32.06475806236267,3.337721894614637,1.397600895457282,3.231197471305568,0.2821431423394462,-0.10319716731214877,-1.9484978251259402,-0.00012207600625503933,0.01018
32.09197688102722,3.337075127980667,1.404876904085762,3.2731788323623516,0.33208664467650145,-0.08504983284757044,-1.930350490661362,-0.00012093905137264578,0.01018
32.12002897262573,3.329960695310079,1.4074639294459228,3.21184406096143,0.3911072487532822,-0.06659478396265504,-1.9118954417764464,-0.0001197828177684505,0.01018
32.14878702163696,3.336104978038326,1.3987327190026535,3.2472603005032665,0.3512186584888749,-0.07934493156720827,-1.9246455893809995,-0.00012058163164376263,0.01018
32.17698574066162,3.3257567126292824,1.405523660422353,3.140092800449535,0.38645454405923424,-0.06990598300994799,-1.9152066408237394,-0.00011999026883685643,0.01018
32.20502972602844,3.340308961196483,1.393558668566732,3.2506427124426804,0.2998414629663635,-0.09673348917489043,-1.9420341469886817,-0.00012167104813677019,0.01018
32.233237743377686,3.330769153540133,1.4113444675552131,3.2063780634952077,0.40462585085962915,-0.06193530561200804,-1.9072359634257992,-0.00011949089519048096,0.01018
32.26083445549011,3.3471000113240272,1.4073022403598343,3.383640415675092,0.440380933543889,-0.0466075813604672,-1.891908239174258,-0.00011853059267565228,0.01018
32.286916732788086,3.3440278695368044,1.3964690719189214,3.4685487670445196,0.3646576054461918,-0.06953238404157452,-1.9148330418553656,-0.00011996686235961435,0.010032
32.31648850440979,3.3343263698375436,1.4113444675552131,3.404273163303745,0.44999715059551176,-0.04309826256082013,-1.8883989203746112,-0.00011831072913861758,0.010032
32.343557834625244,3.330930845187004,1.4147399384689285,3.3159812364044177,0.5413137834737775,-0.01350806388821655,-1.8588087217020077,-0.00011645686344184107,0.010032
32.373132944107056,3.335296519760937,1.4136081148239552,3.309847036232221,0.5947091093315804,0.004607701824143621,-1.8406929559896477,-0.00011532188638418182,0.010032
32.40170383453369,3.3438661778666705,1.4074639294459228,3.4148315438313763,0.5749429740118395,-0.0020493840960101916,-1.8473500419098015,-0.00011573896175986334,0.010032
32.42822265625,3.340470652860291,1.4168418966855063,3.4450216903324407,0.6483247347598812,0.021901772393001454,-1.8233988854207897,-0.0001142383896310856,0.010032
32.457279920578,3.3419258778474976,1.4145782493763563,3.484711510750183,0.6786393327909461,0.03139493088185198,-1.8139057269319392,-0.00011364363049914247,0.010032
32.48880481719971,3.3333562199244806,1.4106977111979049,3.4032159396528585,0.6637693214660312,0.027311002639209925,-1.817989655174581,-0.00011389949408968132,0.010032
32.51635146141052,3.340955727853439,1.404876904085762,3.443076339996782,0.5992249700651123,0.005767850393415495,-1.8395328074203756,-0.00011524920151783351,0.00988
32.545907497406006,3.3399855778697294,1.4079489967050502,3.4586074750918567,0.5826153551460782,0.00030187746385689147,-1.8449987803499344,-0.00011559165206457486,0.00988
32.571990728378296,3.332062686723129,1.4094041984902024,3.3684482559038025,0.5845224606373078,0.0009556265164022093,-1.8443450312973892,-0.00011555069380822035,0.00988
32.60107707977295,3.34208756951418,1.4066554840169196,3.433171964209247,0.560293522251324,-0.007093906351818701,-1.85239456416561,-0.00011605500785573928,0.00988
32.62910509109497,3.3437044861968244,1.3950138702370394,3.49909713581585,0.43506258256728825,-0.04759837731096429,-1.8928990351247559,-0.00011859266737293485,0.00988
32.65765714645386,3.3437044861968244,1.4234711496825108,3.5452447559404723,0.6120626061363226,0.00984667239783283,-1.8354539854159588,-0.00011499365783997892,0.00988
32.68468928337097,3.3472617029999174,1.4018048115183241,3.622908958063316,0.5344588387549356,-0.014727111569494179,-1.8600277693832856,-0.00011653323841667855,0.00988
32.71771311759949,3.342896027851907,1.4113444675552131,3.6216037435714528,0.5688580139116296,-0.003921093653329253,-1.8492217514671205,-0.00011585622687798691,0.00988
32.74956822395325,3.3401472695329626,1.411667845734732,3.585638515109228,0.5959449556647654,0.004663305500469966,-1.8406373523133213,-0.00011531840273916488,0.00988
32.777082443237305,3.336104978038326,1.4045535259183282,3.5089164184067294,0.5487403949731776,-0.010666096884540312,-1.8559667546983314,-0.0001162788103913097,0.00988
32.80764603614807,3.340308961196483,1.409727576666264,3.5088192450127087,0.563817507627569,-0.005722996025868675,-1.8510236538396598,-0.00011596911848220866,0.009722
32.834177017211914,3.3391771195578746,1.3997028534756988,3.4943182210823456,0.4811383965219357,-0.033033275827065736,-1.878333933640857,-0.00011768014419896684,0.009722
32.861740589141846,3.3412791111836415,1.4077873076185305,3.5109716520753316,0.4984509941242568,-0.027162088364111277,-1.8724627461779026,-0.00011731230641736406,0.009722
32.892258405685425,3.3425726445159536,1.4192672331196001,3.5391239142286404,0.6173367432300824,0.011909448912332313,-1.833391208901459,-0.00011486442212031855,0.009722
32.92087268829346,3.338206969593131,1.4288068900766309,3.5031603446296615,0.7892785884854422,0.06888289022357905,-1.7764177675902122,-0.0001112949594870034,0.009722
32.95242238044739,3.3412791111836415,1.4270283099276846,3.517161138558449,0.8930965233723739,0.10260134898707204,-1.7426993088267193,-0.00010918245274984221,0.009722
32.9804573059082,3.3441895612072265,1.4192672331196001,3.564075130669655,0.893588613703765,0.10120216399049005,-1.7440984938233015,-0.00010927011356947064,0.009722
33.010491132736206,3.3483935447392117,1.4258964862056904,3.6505232242122205,0.9555872231518988,0.11790124147353385,-1.7273994163402575,-0.00010822389393248352,0.009722
33.04005169868469,3.354699520402316,1.4208841240937478,3.7914493429451044,0.9523696999786404,0.11191714217389082,-1.7333835156399005,-0.00010859880579233472,0.009722
33.068119287490845,3.3430577195203153,1.4215308804874611,3.741643870569827,0.9561324723667443,0.11478056579246881,-1.7305200920213224,-0.00010841940845605604,0.009722
33.09616661071777,3.3390154278963657,1.4024515678440062,3.655233601479217,0.7813227830929016,0.06260920144737939,-1.782691456366412,-0.00011168801451658037,0.00956
33.12621021270752,3.3438661778666705,1.4157100730273926,3.6566021395042734,0.782264283837432,0.06288157447122562,-1.7824190833425657,-0.0001116709499807446,0.00956
33.1567645072937,3.3435427945272655,1.4153866948406604,3.6534364009265943,0.7799158151480671,0.062195414342671465,-1.7831052434711196,-0.00011171393883455043,0.00956
33.18580889701843,3.335458211415841,1.4147399384689285,3.5481275088066537,0.7722568486605633,0.06183091123775642,-1.7834697465760345,-0.0001117367754437279,0.00956
33.21436786651611,3.3340029865320413,1.4115061566449005,3.4558545677743155,0.736820380416626,0.05164964638281437,-1.7936510114309767,-0.00011237464536387309,0.00956
33.24244427680969,3.3441895612072265,1.4147399384689285,3.521160531120761,0.7420900443485532,0.05228561119599011,-1.7930150466178008,-0.00011233480131400548,0.00956
33.26900386810303,3.3373985112970774,1.4247646624908104,3.480276689134998,0.8390119067961107,0.08601418977642478,-1.759286468037366,-0.00011022166055671847,0.00956
33.29753136634827,3.3373985112970774,1.427351688135276,3.4516579997449712,0.9309173655943667,0.11834616169462245,-1.7269544961191685,-0.00010819601908294954,0.00956
33.327117919921875,3.336266669694665,1.4186204767339936,3.417191915078946,0.914048164725168,0.11392214885694057,-1.7313785089568503,-0.00010847318943021967,0.009402
33.35716772079468,3.332062686723129,1.4229860823817917,3.339457363894769,0.9428412346392638,0.12735669156623508,-1.7179439662475557,-0.0001076314972822146,0.009402
33.38272404670715,3.331577611777355,1.4142548711916454,3.278857606080587,0.8817933635147783,0.10788159969911183,-1.737419058114679,-0.00010885163794951799,0.009402
33.414785623550415,3.336590053008204,1.3898398199062498,3.3003553543792843,0.6119921701927924,0.00805345860464591,-1.8372471992091448,-0.00011510600509303242,0.009402
33.44234538078308,3.3333562199244806,1.4142548711916454,3.2741666301932484,0.6501990184022518,0.02236921936466157,-1.822931438449129,-0.00011420910345036705,0.009402
33.47239446640015,3.3416024945149947,1.4174886530647504,3.360989253545513,0.707019004307988,0.04219946962795174,-1.8031011881858388,-0.0001129667116324424,0.009402
33.49944543838501,3.3346497531441934,1.4132847366409758,3.333105218631991,0.707695244739895,0.04287698510449002,-1.8024236727093004,-0.00011292426437769814,0.009402
33.53250527381897,3.3462915529488946,1.3974392063799441,3.46204013594332,0.5608001799926495,-0.0104960562332394,-1.8557967140470297,-0.00011626815711608186,0.009402
33.56054639816284,3.3464532446233455,1.4184587876379535,3.55435643571941,0.6534623751738292,0.02133622084195356,-1.8239644369718366,-0.0001142738221954913,0.009253
33.59161353111267,3.3500104615341137,1.4213691913888156,3.6643387149713393,0.7453935853490112,0.050714534806486654,-1.7945861230073037,-0.00011243323136031036,0.009253
33.62063026428223,3.3383686612532038,1.4199139895075223,3.592872562624361,0.7962115956429446,0.06899500947467632,-1.7763056483391142,-0.00011128793506530692,0.009253
33.65173006057739,3.35162737835783,1.4100509548429017,3.711918581396512,0.7400548672130586,0.048168544068287925,-1.7971321137455027,-0.0001125927411002104,0.009253
33.683273792266846,3.3425726445159536,1.4144165602839287,3.6797867647534632,0.7413466659116379,0.0491000484277627,-1.796200609386028,-0.00011253438110075468,0.009253
33.71280097961426,3.349687078172829,1.4106977111979049,3.7480162298209323,0.7076644546505113,0.03719317476772657,-1.8081074830460642,-0.00011328036273063235,0.009253
33.739890336990356,3.345483094580959,1.4161951403085746,3.742168555539797,0.735214732753641,0.04615661359240716,-1.7991440442213835,-0.00011271879124724737,0.009253
33.77095818519592,3.349687078172829,1.4071405512738901,3.7916834833713398,0.6702893913334599,0.024750713203474894,-1.820549944610316,-0.00011405989966219014,0.009253
33.79899597167969,3.3543761370243095,1.4056853495068602,3.8861378086689893,0.6113078165733229,0.005736004779766109,-1.8395646530340248,-0.0001152511966883084,0.009253
33.826037883758545,3.3446746362202178,1.395984004690341,3.8285443725894095,0.47979514523012773,-0.0357623721472586,-1.8810630299610493,-0.0001178511257495533,0.009253
33.85559844970703,3.3522741450953877,1.404876904085762,3.8851362795116677,0.4704430466999799,-0.038041758599059644,-1.8833424164128503,-0.00011799393237276814,0.009102
33.884660720825195,3.353891061959463,1.396954139148789,3.9453691924636085,0.3902123630040951,-0.06185877894991346,-1.907159436763704,-0.00011948610069229874,0.009102
33.91169571876526,3.3577716625509444,1.4034217023368332,4.037016820486146,0.3942012635440933,-0.05898341788025286,-1.9042840756940431,-0.00011930595545867359,0.009102
33.94226598739624,3.3579333542458643,1.4009963661144478,4.103232018021106,0.37443710149953535,-0.06361700550782654,-1.908917663321617,-0.00011959625594806233,0.009102
33.96979641914368,3.350172153215189,1.405523660422353,4.0506134803251514,0.40270745416669723,-0.05620374491779792,-1.9015044027315882,-0.00011913180521350734,0.009102
33.9993200302124,3.348878619774658,1.4087574421398068,3.9972856420997944,0.45257189174522144,-0.04199059803173024,-1.8872912558455206,-0.00011824133246789097,0.009102
34.029887437820435,3.350172153215189,1.4030983241719837,3.9764510171802208,0.4348454146558589,-0.04768202705559145,-1.8929826848693816,-0.00011859790814180637,0.009102
34.056941986083984,3.3490403114537157,1.4103743330201153,3.9474337756152265,0.4901060596441046,-0.031009153042856206,-1.8763098108566463,-0.00011755333018743447,0.009102
34.084481716156006,3.3534059868972124,1.3825638118753887,3.9827918662655835,0.2701418861333961,-0.097941231910055,-1.9432418897238453,-0.0001217467148415471,0.00895
34.11102366447449,3.3441895612072265,1.4199139895075223,3.8900166400646454,0.4635354061920051,-0.03984299947886343,-1.8851436572926539,-0.0001181067825335814,0.00895
34.137561559677124,3.340308961196483,1.4322023613189439,3.775589400173246,0.7131966068885801,0.0408665376227342,-1.8044341201910563,-0.000113050221613161,0.00895
34.16359782218933,3.3220378050345496,1.4368913455210974,3.4625004557821635,0.9315684805282688,0.12534418597835448,-1.7199564718354359,-0.00010775758346079089,0.00895
34.19166040420532,3.323654721361483,1.4462693142940748,3.2639567659652484,1.1716468618089526,0.22752616533396505,-1.6177744924798252,-0.00010135574518819156,0.00895
34.2167067527771,3.317995514342339,1.4530602575065885,3.0528111852899804,1.4028596441346155,0.3398231858284154,-1.5054774719853747,-9.432018600022235e-05,0.00895
34.24225306510925,3.3184805892159708,1.4498264749921077,2.9111948498826012,1.5346333936384677,0.41293802953915026,-1.4323626282746398,-8.973944282305663e-05,0.00895
34.26928234100342,3.3102343167137835,1.4496647858679277,2.7069087114448345,1.6253712583993178,0.48812785589367647,-1.3571728019201137,-8.502869919583334e-05,0.00895
34.29881548881531,3.3128213825168964,1.4519284336198273,2.5968981244690132,1.7099404023421816,0.547185654659603,-1.2981150031541873,-8.132864876796484e-05,0.00895
34.325860023498535,3.3252716377170346,1.422015947784267,2.6786537056678457,1.49094324299241,0.43784810297535215,-1.407452554838438,-8.817879325937814e-05,0.0088
34.35088753700256,3.327373629022055,1.4376997910855955,2.7626867561611586,1.483509924735617,0.4183513995101257,-1.4269492583036647,-8.940028792233463e-05,0.0088
34.37745189666748,3.3247865628073634,1.434142630629099,2.7885201763274745,1.4452238868971594,0.3974597478453042,-1.4478409099684861,-9.07091779638968e-05,0.0088
34.406956911087036,3.3087790922316183,1.4501498532409087,2.602479728529384,1.5672958833600408,0.4873195907098798,-1.3579810671039105,-8.507933809537974e-05,0.0088
34.43352270126343,3.3158935232529845,1.4448141122108062,2.5629731181808624,1.6031222050840652,0.5119671892712024,-1.333333468542588,-8.353513293520757e-05,0.0088
34.46458554267883,3.3160552148735283,1.4398017495703836,2.537380347907676,1.5815840755888955,0.5088449114652959,-1.3364557463484945,-8.373074783405365e-05,0.0088
34.49213480949402,3.319289047344406,1.4556472835605647,2.560702548896684,1.7138758526741196,0.5589088473022404,-1.28639181051155,-8.059417500057476e-05,0.0088
34.523659229278564,3.3213910385117864,1.452090122746066,2.603832231487991,1.7733973782455394,0.5717692560219834,-1.2735314017918071,-7.978845311827692e-05,0.0088
34.551714181900024,3.3158935232529845,1.4540303922724107,2.5639198702518984,1.8331075651842061,0.6053098149542819,-1.2399908428595086,-7.768709204452149e-05,0.0088
34.58274555206299,3.329475620375486,1.4472394490228546,2.7091772156414584,1.8117467802675868,0.5606866469202648,-1.2846140108935256,-8.048279346630176e-05,0.0088
34.61077117919922,3.3200975054799873,1.450634920615213,2.691269641583191,1.8283731884112822,0.5712431312254921,-1.2740575265882983,-7.982141554354587e-05,0.008647
34.64132118225098,3.309749241883829,1.454838837914646,2.546775495126897,1.8791094319578774,0.6277038981264612,-1.2175967596873294,-7.628407265073484e-05,0.008647
34.67037773132324,3.312497999287513,1.4512816771163433,2.480681159254194,1.8815420842028847,0.6472680821873811,-1.1980325756264096,-7.505835023780824e-05,0.008647
34.700414180755615,3.315731831632726,1.4457842469316653,2.47565226272111,1.832117104799863,0.6294886504629932,-1.2158120073507974,-7.61722555193074e-05,0.008647
34.7264404296875,3.3171870562253356,1.4393166822255479,2.4906887479831643,1.737369225972082,0.5867828248370109,-1.2585178329767799,-7.884783286356597e-05,0.008647
34.75348877906799,3.3205825803647677,1.443197221021101,2.5445132854298285,1.7071359464785396,0.5596445856147052,-1.2856560721990857,-8.054808000694619e-05,0.008647
34.784690380096436,3.3171870562253356,1.4393166822255479,2.5388914638792524,1.649882415147153,0.5367309822934646,-1.3085696755203262,-8.198364803596796e-05,0.008647
34.811213970184326,3.328343778871468,1.4326874286445155,2.6772243303423373,1.548150792395901,0.4597431013204271,-1.3855575564933638,-8.680704220045428e-05,0.008647
34.83775806427002,3.3210676552521203,1.4465926925364143,2.681273764321503,1.6062619998439933,0.483892164139636,-1.3614084936741548,-8.52940709742326e-05,0.008496
34.86879372596741,3.326241787544107,1.4486946511259329,2.7500877967128883,1.6664887234207992,0.49371987807113743,-1.3515807797426533,-8.467835149438295e-05,0.008496
34.89482021331787,3.3112044663813927,1.4428738427849181,2.606504915340867,1.6545120750221995,0.5220265558681739,-1.323274101945617,-8.290490010467607e-05,0.008496
34.929354429244995,3.3194507389709504,1.44352059925787,2.6111516031471917,1.652143460489507,0.5198741095366419,-1.3254265482771488,-8.30397537588313e-05,0.008496
34.95492100715637,3.3123363076732497,1.4275133772392896,2.5236825779777403,1.5016132128840431,0.47342011521538113,-1.3718805425984097,-8.595015890694445e-05,0.008496
34.99097537994385,3.323007954827276,1.4422270863143096,2.598536822955634,1.533084178321928,0.4702899434511805,-1.3750107143626105,-8.614626837288198e-05,0.008496
35.020020484924316,3.3281820872291825,1.4328491177533307,2.716914224447794,1.4678957863671924,0.41521042719680495,-1.4300902306169858,-8.959707405718347e-05,0.008496
35.04960322380066,3.3319009950742506,1.4284835118664234,2.847201123120875,1.381662399252563,0.35299688116276184,-1.492303776651029,-9.349483629066666e-05,0.008496
35.076650857925415,3.329313928731195,1.4334958741900488,2.9054122353761698,1.3679155800279879,0.3377099790635725,-1.5075906787502182,-9.445258124281214e-05,0.008347
35.109687089920044,3.330445770247251,1.4241179060855003,2.9605930149466464,1.271074743054477,0.28735989468471024,-1.5579407631290803,-9.760708166683927e-05,0.008347
35.135692834854126,3.332386070021746,1.4212075022903146,3.023961848477275,1.1762184832124412,0.23807321451106633,-1.6072274433027243,-0.00010069495838888744,0.008347
35.16177225112915,3.3335179115759406,1.432525739535846,3.0827530334268274,1.2150822802940155,0.24858957241971733,-1.5967110853940731,-0.00010003609443878077,0.008347
35.187804222106934,3.3302840786012404,1.4267049317206744,3.082669716286615,1.188151588239244,0.23705794528651705,-1.6082427125272734,-0.00010075856636966544,0.008347
35.21683120727539,3.3472617029999174,1.4127996693675886,3.299106430305618,1.0399767747383846,0.1571357166150327,-1.6881649411987576,-0.00010576580135930994,0.008347
35.24388766288757,3.346129861274732,1.4171652748748393,3.436179126460366,0.9768559145031803,0.12443257855868022,-1.7208680792551099,-0.00010781469689023959,0.008347
35.26992917060852,3.344351252877936,1.4165185184967515,3.509449579811455,0.9266562738744741,0.10198819247965171,-1.7433124653341383,-0.00010922086782871467,0.008347
35.299965381622314,3.35162737835783,1.4165185184967515,3.6535224934274932,0.8915165254343825,0.08400478765333924,-1.7612958701604509,-0.00011034755229905631,0.008347
35.3270058631897,3.3589035044214444,1.4050385931696945,3.847157136672427,0.7601517723604901,0.03392916013567576,-1.8113714976781141,-0.00011348485763203821,0.008196
35.36156630516052,3.3589035044214444,1.4102126439314362,3.9827013869438805,0.7163167504756692,0.018151433068151687,-1.827149224745638,-0.00011447335342779865,0.008196
35.38859796524048,3.340308961196483,1.4140931820995064,3.840468722988722,0.7217224650064129,0.020886506783907837,-1.824414151029882,-0.00011430199738535039,0.008196
35.41612458229065,3.3500104615341137,1.4163568294025908,3.8646173160598543,0.7465590996140823,0.029164077630889004,-1.8161365801829006,-0.00011378339645212772,0.008196
35.44264888763428,3.353567678584341,1.4147399384689285,3.9268822023966394,0.7489071477867713,0.029341488804522028,-1.8159591690092673,-0.00011377228140377465,0.008196
35.47667360305786,3.3585801210284294,1.4186204767339936,4.034385217071994,0.7866410122598562,0.04049809509609437,-1.8048025627176951,-0.0001130733050324015,0.008196
35.50224995613098,3.354861212091752,1.4113444675552131,4.062214595796173,0.7453855353650796,0.02691728239361853,-1.8183833754201708,-0.00011392416119197088,0.008196
35.52777719497681,3.3469383196484253,1.4203990567999836,3.980664130612925,0.8007172395849693,0.04588104774182894,-1.7994196100719604,-0.00011273605581796687,0.008196
35.55431413650513,3.3508189199423697,1.4060087276763051,3.973063390146723,0.7056148293991316,0.014492962250995792,-1.8308076955627937,-0.00011470256153909337,0.008196
35.58435773849487,3.342896027851907,1.4218542586851868,3.866711846029847,0.7864115822738639,0.04282711519639343,-1.802473542617396,-0.00011292738879443297,0.008196
35.61042666435242,3.3416024945149947,1.4207224349956815,3.7757709046311625,0.8324429917150385,0.060568564552310626,-1.7847320932614785,-0.00011181586315934203,0.008196
35.640461921691895,3.3383686612532038,1.429453646498791,3.67087509538626,0.9458680012988584,0.1046875066486006,-1.7406131511651886,-0.00010905175216991134,0.008044
35.66750717163086,3.3317393034256595,1.4233094605821262,3.512911875449398,0.9681226395778876,0.11983441774576209,-1.7254662400680272,-0.00010810277784209956,0.008044
35.69552731513977,3.323654721361483,1.4166802075910565,3.299244759732332,0.9220467410407694,0.11115800802082179,-1.7341426497929673,-0.00010864636656680579,0.008044
35.72456622123718,3.3310925368341615,1.4221776368834922,3.2445232112145437,0.9409214397411754,0.12208813929083194,-1.7232125185229572,-0.00010796157915976833,0.008044
35.752641677856445,3.329637312020064,1.430100402923278,3.187661411592543,1.0278179538127472,0.16401135236900444,-1.6812893054447846,-0.00010533503354295113,0.008044
35.78516125679016,3.335296519760937,1.4150633166545055,3.2200231588639148,0.9487958649256263,0.12682770853596986,-1.7184729492778192,-0.00010766463877966896,0.008044
35.81571054458618,3.329152237087191,1.4216925695862515,3.164325803126372,0.9551345474853487,0.13294260057550572,-1.7123580572382835,-0.00010728153257896329,0.008044
35.844751834869385,3.327373629022055,1.4315556048868876,3.1026572243821287,1.0513009668279405,0.18154557706534288,-1.6637550807484462,-0.00010423649081115769,0.008044
35.87130379676819,3.335458211415841,1.4365679672963205,3.1625820852255355,1.1652340129214567,0.22741889139174137,-1.6178817664220477,-0.00010136246604477803,0.007893
35.898833990097046,3.3349731364519917,1.4279984445522025,3.198343915600185,1.1652878787073906,0.22383988638342356,-1.6214607714303657,-0.00010158669551639884,0.007893
35.9253716468811,3.3328711449718225,1.4233094605821262,3.1965730509748305,1.1217165537638567,0.2049019769242362,-1.640398680889553,-0.00010277318098422206,0.007893
35.95140743255615,3.3395005028817546,1.4359212108485182,3.2798696002531,1.2085098846641669,0.2342482264970398,-1.6110524313167494,-0.0001009345990262566,0.007893
35.97996640205383,3.329960695310079,1.4362445890721274,3.21652759848498,1.2722727358478818,0.26807847167061943,-1.5772221861431697,-9.881508872033541e-05,0.007893
36.006017208099365,3.3388537362351447,1.4231477714818863,3.285590353530356,1.195102194093006,0.22796619525820755,-1.6173344625555814,-0.0001013281767223243,0.007893
36.032599687576294,3.3244631795356807,1.4288068900766309,3.1504289801542633,1.19371440408949,0.241386655054082,-1.6039140027597072,-0.0001004873668877633,0.007893
36.06967329978943,3.3331945282733075,1.4305854702431715,3.167156310874384,1.209284308042478,0.2464617853114969,-1.5988388725022924,-0.00010016940315946954,0.007893
36.09848213195801,3.329475620375486,1.4370530346337052,3.131442724077191,1.2803336311202178,0.2822244184587648,-1.5630762393550244,-9.792882615112703e-05,0.007734
36.12850761413574,3.3401472695329626,1.434142630629099,3.2425258014632754,1.30300048136638,0.27820336272237267,-1.5670972950914166,-9.818075069468968e-05,0.007734
36.160605907440186,3.333841294879721,1.4279984445522025,3.2398715152579696,1.261724406618835,0.2609736466896746,-1.5843270111241146,-9.926021554964491e-05,0.007734
36.19067740440369,3.33869204457421,1.4228243932818418,3.2998692377856127,1.1847108442983296,0.2218256913455946,-1.6234749664681947,-0.00010171288754128395,0.007734
36.217713356018066,3.3302840786012404,1.4241179060855003,3.2346510593377515,1.1428314280437184,0.20988313603268902,-1.6354175217811004,-0.00010246110467464677,0.007734
36.252503633499146,3.3344880614907253,1.4239562169845352,3.2426066252959536,1.1120120769895465,0.19553570783888907,-1.6497649499749003,-0.0001033599903245791,0.007734
36.278559923172,3.3255950209915803,1.4283218227615377,3.1347733706148797,1.131040042975805,0.21430888493159087,-1.6309917728821985,-0.00010218382556080908,0.007734
36.3070867061615,3.323654721361483,1.4236328387830408,3.0345478063481464,1.1007505880941821,0.210171956725067,-1.6351287010887225,-0.00010244300967028255,0.007734
36.334163665771484,3.3373985112970774,1.4234711496825108,3.139647781794175,1.0780442100051537,0.1891176300209117,-1.6561830277928777,-0.00010376209152158817,0.007734
36.359941720962524,3.330930845187004,1.4328491177533307,3.1307434693477187,1.149367808545454,0.223311619608806,-1.6219890382049833,-0.0001016197921394748,0.007583
36.38760471343994,3.3312542284816056,1.4289685791819529,3.1286341652591108,1.163204093922661,0.2299754534404064,-1.615325204373383,-0.00010120229399807636,0.007583
36.41415786743164,3.336266669694665,1.4302620920297637,3.191075230938859,1.1849195714670733,0.23317983649770038,-1.612120821316089,-0.0001010015350949349,0.007583
36.443670988082886,3.338045277933346,1.4322023613189439,3.2574644088556584,1.2181655225811305,0.24082461993442078,-1.6044760378793685,-0.0001005225791430189,0.007583
36.470881938934326,3.329475620375486,1.4355978326254926,3.1946583926641097,1.2730166432881829,0.2722341551219827,-1.5730665026918067,-9.855472956957795e-05,0.007583
36.499911069869995,3.3310925368341615,1.4354361435141987,3.171312754266803,1.3099086680111167,0.2916219279204693,-1.5536787298933201,-9.734005955922454e-05,0.007583
36.526970624923706,3.3340029865320413,1.4257347971031291,3.1920842395964217,1.2455075014762593,0.2602200371668341,-1.5850806206469552,-9.930743019861083e-05,0.007583
36.55700206756592,3.3317393034256595,1.4315556048868876,3.177758276396513,1.254562034621569,0.2660337852004097,-1.5792668726133798,-9.894319107441981e-05,0.007583
36.584033727645874,3.3322243783722945,1.4299387138169382,3.1739156741527927,1.2458626105031003,0.2625655001028982,-1.5827351577108915,-9.91604837948932e-05,0.007583
36.61155939102173,3.3213910385117864,1.4365679672963205,3.033081419167271,1.3014271634940706,0.30757680644556334,-1.5377238513682263,-9.634046498667127e-05,0.007424
36.64059114456177,3.3202591971079616,1.4297770247107435,2.9200644411167724,1.27716444098927,0.31345824139202777,-1.531842416421762,-9.597198518646068e-05,0.007424
36.668139696121216,3.3281820872291825,1.4396400604552921,2.9419835571605892,1.351909880915226,0.34685347369041253,-1.4984471841233775,-9.387972902154421e-05,0.007424
36.70266342163086,3.3165402897368743,1.4279984445522025,2.808873226127609,1.2959609863030304,0.34271232333406393,-1.502588334479726,-9.4139177654376e-05,0.007424
36.72899413108826,3.3168636729805336,1.4241179060855003,2.719819708378837,1.2207065274470033,0.31814123805358113,-1.527159419760209,-9.56785891547196e-05,0.007424
36.7555730342865,3.311366157993659,1.4208841240937478,2.5873791103722517,1.1379532129852128,0.2935583262157221,-1.551742331598068,-9.721874160476999e-05,0.007424
36.782118797302246,3.3189656640921745,1.4239562169845352,2.5915779685382794,1.1085973264485953,0.2740797775223079,-1.5712208802914822,-9.843909884688423e-05,0.007424
36.80918788909912,3.3221994966659554,1.4334958741900488,2.6357543107469565,1.1767700290652106,0.30840374110403546,-1.5368969167097548,-9.628865641945691e-05,0.007424
36.837135791778564,3.321552730142048,1.4368913455210974,2.6584303218778547,1.2560698760519102,0.3511255293541859,-1.4941751284596045,-9.361207899535087e-05,0.007424
36.86269688606262,3.3186422808410865,1.4338192524092825,2.637190102523157,1.2830083333003357,0.37157344940852594,-1.4737272084052644,-9.23309893352714e-05,0.007424
36.89051389694214,3.316701981358561,1.4305854702431715,2.597579664866724,1.2717900584900714,0.3741079373026188,-1.4711927205111714,-9.217220026400693e-05,0.007424
36.917755365371704,3.3165402897368743,1.4428738427849181,2.56779050152189,1.37822300957069,0.44455228734409263,-1.4007483704696977,-8.775876710262308e-05,0.007266
36.94349145889282,3.3053835685296824,1.4359212108485182,2.4046699639811155,1.3880644037289493,0.5003085059189092,-1.344992151894881,-8.426556510889915e-05,0.007266
36.971566677093506,3.3183188975911415,1.4334958741900488,2.4554341379409843,1.3723969831614544,0.4740838669483916,-1.3712167908653985,-8.590857396922164e-05,0.007266
36.998080253601074,3.3171870562253356,1.44352059925787,2.4765360606370637,1.4546628961869807,0.5162526709175375,-1.3290479868962528,-8.326664175317093e-05,0.007266
37.02514863014221,3.317995514342339,1.4307471593500936,2.5016166915602467,1.3934520122420626,0.47242959685167507,-1.3728710609621153,-8.601221621304159e-05,0.007266
37.05069971084595,3.317995514342339,1.4336575632995927,2.5191731332064884,1.3776720688763648,0.45776806060545744,-1.3875325972083328,-8.693078115441433e-05,0.007266
37.07842230796814,3.3024731197422854,1.4419037080798838,2.3335243855628702,1.443317857862452,0.5608154492754908,-1.2844852085382996,-8.047472382572045e-05,0.007266
37.10445547103882,3.3037666525252956,1.439478371340347,2.2200651156659963,1.466713512920495,0.6231772693702943,-1.2221233884434959,-7.656767202314692e-05,0.007266
37.1307373046875,3.3102343167137835,1.4519284336198273,2.2231178974931862,1.5988799805070109,0.7004420189850993,-1.144858638828691,-7.172693166632289e-05,0.007266
37.16026568412781,3.314276607063249,1.4482095837569187,2.2768012669481976,1.6568100302421747,0.7071564539454465,-1.1381442038683436,-7.130626329623351e-05,0.007114
37.18728995323181,3.3202591971079616,1.439478371340347,2.3906683345633986,1.6161580335862906,0.637362422635343,-1.207938235178447,-7.567895311549255e-05,0.007114
37.21913266181946,3.3325477616714845,1.4296153356046946,2.6270764295520146,1.4959722903306123,0.49188029251663185,-1.3534203652971581,-8.479360400057647e-05,0.007114
37.24536085128784,3.336266669694665,1.403906769585184,2.8399848159438705,1.1727444911931892,0.26483200358989706,-1.580468654223893,-9.901848430672955e-05,0.007114
37.27348279953003,3.336913436322892,1.4237945278837154,2.997268116163655,1.1314474615195869,0.22106101698308497,-1.6242396408307052,-0.00010176079541731909,0.007114
37.30007982254028,3.346129861274732,1.4170035857801004,3.2248923065609696,1.0393816356319878,0.15299983483662466,-1.6923008229771654,-0.00010602491990865622,0.007114
37.33010697364807,3.342896027851907,1.4200756786048645,3.3429920875198196,1.0035069904832694,0.1282782422223977,-1.7170224155913925,-0.00010757376089564262,0.007114
37.356683015823364,3.3383686612532038,1.4173269639697224,3.367929923408301,0.9528308251439741,0.1037242818109833,-1.741576376002807,-0.0001091120994999344,0.007114
37.385706424713135,3.3221994966659554,1.4278367554477527,3.1792006791559833,1.0151018875548043,0.14461522827057063,-1.7006854295432197,-0.00010655022677346504,0.007114
37.4122211933136,3.3343263698375436,1.4378614801989331,3.201729501781754,1.1519247357203066,0.2095850508853543,-1.6357156069284358,-0.00010247978010955945,0.006965
37.43980002403259,3.310072625103513,1.4541920814005633,2.9082211109344756,1.3995804753453354,0.3769020945035425,-1.4683985633102474,-9.19971425618432e-05,0.006965
37.465834617614746,3.304413418923633,1.4490180293726769,2.630600250240048,1.524819176040402,0.5122383612578044,-1.3330622965559855,-8.351814364596856e-05,0.006965
37.49586486816406,3.305221876927962,1.46082133578177,2.446574931353089,1.7222607418305573,0.6795047627156696,-1.1657958950981202,-7.303867889762658e-05,0.006965
37.52155900001526,3.301664661762154,1.4593661335792774,2.2723963609749345,1.8469359980677058,0.8149179609578584,-1.0303826968559315,-6.455486012068756e-05,0.006965
37.54996156692505,3.2979457551451494,1.465510320737943,2.103048659741626,1.9913515574143668,0.9605991075925461,-0.8847015502212439,-5.542774058352925e-05,0.006965
37.57823181152344,3.290993017090536,1.4637317402226764,1.8958454399055185,2.0759010887583123,1.107137752161111,-0.7381629056526791,-4.62468976488953e-05,0.006965
37.608741998672485,3.296328839271626,1.4619531597253177,1.818844449517995,2.1185444006669134,1.1658751297094836,-0.6794255281043062,-4.256692204074377e-05,0.006965
37.639286279678345,3.2871124193347634,1.4480478946342077,1.6474179399531463,2.0190713644759244,1.25424193837048,-0.5910587194433097,-3.703062277074565e-05,0.006814
37.666122913360596,3.2919631665550106,1.4423887754317422,1.5892750745781143,1.8968086442653382,1.268517426132388,-0.5767832316814019,-3.6136244285512406e-05,0.006814
37.6931357383728,3.296328839271626,1.4604979575135153,1.604245193788797,1.9796458496192884,1.276582510597251,-0.568718147216539,-3.563095590957266e-05,0.006814
37.72325086593628,3.3037666525252956,1.4598512009787785,1.7095696814241352,2.0316168534461037,1.2137865277466855,-0.6315141300671048,-3.95652085920264e-05,0.006814
37.750813007354736,3.305868643336552,1.4582343096522756,1.8101009601266256,2.052958956418655,1.152716688019959,-0.692583969793831,-4.3391316088960465e-05,0.006814
37.77784037590027,3.3204208887362214,1.4331724959713983,2.0660399768574633,1.834815650536869,0.9136143944953885,-0.9316862633184018,-5.8371395975892416e-05,0.006814
37.80531454086304,3.3331945282733075,1.4338192524092825,2.408084008566628,1.6881303754398056,0.6702618039203789,-1.1750388538934113,-7.361776268266294e-05,0.006814
37.83633828163147,3.349202003133062,1.4155483839339542,2.8516387273063364,1.4155258388743224,0.3854836404735401,-1.4598170173402503,-9.145949717881918e-05,0.006814
37.8620183467865,3.352435836780497,1.425573108000713,3.2033641856075956,1.3179357613910696,0.27605847930033817,-1.569242178513452,-9.831513052240533e-05,0.006814
37.88857436180115,3.366341322779822,1.4113444675552131,3.6268917904805087,1.117291859756931,0.14757702081112076,-1.6977236370026696,-0.00010636466649208112,0.006814
37.91591835021973,3.3656945559417615,1.4077873076185305,3.915113681470356,0.9437584183887535,0.06736017706610072,-1.7779404807476897,-0.00011139035951185322,0.006663
37.94493627548218,3.356154745617627,1.4077873076185305,3.9952193838015324,0.8222850094310327,0.021148329497134546,-1.8241523283166559,-0.00011428559384064774,0.006663
37.971468448638916,3.368443315035496,1.402774946007708,4.207994584992918,0.6906370780342478,-0.025042366059478988,-1.8703430238732692,-0.0001171795029674538,0.006663
37.99948859214783,3.359873654607422,1.4085957530525677,4.247658748493222,0.6526188689042209,-0.03745129769297424,-1.8827519555067647,-0.00011795693920380732,0.006663
38.0260374546051,3.362945796931635,1.3756111822478574,4.3145989649475345,0.31923920249051607,-0.14521630276582634,-1.9905169605796167,-0.00012470856153753897,0.006663
38.053205251693726,3.3642393305730485,1.4077873076185305,4.377951980865363,0.3851215583022686,-0.12139702087202611,-1.9666976786858164,-0.00012321625152930473,0.006663
38.079718828201294,3.372485607972407,1.3827255009396138,4.527453858108117,0.19815649452835693,-0.17230988674621897,-2.0176105445600094,-0.0001264060109700258,0.006663
38.10925841331482,3.361813955010577,1.4037450805022569,4.496022535521664,0.2627696746234334,-0.1543415801119286,-1.9996422379257193,-0.00012528027242169652,0.006663
38.13685727119446,3.368928390178368,1.4005112988738422,4.564742365695608,0.27792371080656414,-0.1466076700016229,-1.9919083278154135,-0.0001247957325639522,0.006663
38.16538977622986,3.357286587467918,1.4142548711916454,4.464392468013095,0.4163510968318892,-0.10812492547121891,-1.9534255832850094,-0.0001223847369233997,0.006663
38.19294452667236,3.3508189199423697,1.4270283099276846,4.31167322632685,0.6320472792148827,-0.04216779388783424,-1.8874684517016247,-0.00011825243402631163,0.006511
38.22145867347717,3.3425726445159536,1.434304319739226,4.099615016204695,0.8507037947937928,0.03315600273437206,-1.8121446550794182,-0.00011353329698184947,0.006511
38.2501962184906,3.3487169280958877,1.4368913455210974,4.029524859502207,1.0278235120619177,0.09912941796958158,-1.7461712398442089,-0.00010939997389209997,0.006511
38.27703857421875,3.3576099708563136,1.418782165830178,4.093863929497675,0.983386226883933,0.0808995018910454,-1.7644011559227448,-0.0001105421026235438,0.006511
38.3025918006897,3.3542144453357388,1.4142548711916454,4.095602263119221,0.9101748580860495,0.054466824291934786,-1.7908338335218557,-0.000112198145383416,0.006511
38.33477759361267,3.3589035044214444,1.4149016275616448,4.156612975456646,0.8649419383163743,0.03726977701843597,-1.8080308807953545,-0.0001132755634967219,0.006511
38.360461473464966,3.3579333542458643,1.4124762911860516,4.186949326500455,0.8107225006301634,0.017811919719129227,-1.8274887380946612,-0.00011449462439519957,0.006511
38.390016078948975,3.359226887815615,1.4118295348247076,4.224679635717105,0.7667538559414742,0.0022835416903447445,-1.8430171161234457,-0.00011546749813872042,0.006511
38.41703724861145,3.370706999057862,1.396954139148789,4.397482775944908,0.5976299294731446,-0.053400949691849484,-1.89870160750564,-0.00011895620632747196,0.006362
38.445053577423096,3.3731323748591167,1.3770663837761314,4.549372847705394,0.29428077843426553,-0.14505292830454186,-1.9903535861183324,-0.00012469832590807073,0.006362
38.472580432891846,3.3744259086464496,1.3977625845347628,4.672190764198266,0.2744175724924346,-0.14562252046105895,-1.9909231782748495,-0.00012473401162183708,0.006362
38.50060749053955,3.3614905716071615,1.3271044711411522,4.593214653773284,-0.3966294293733192,-0.3444740209125373,-2.189774678726328,-0.0001371923252519124,0.006362
38.5276300907135,3.3749109838214832,1.3929119122725309,4.7090656033545155,-0.2543323561203154,-0.29468731376978635,-2.139987971583577,-0.00013407312116853938,0.006362
38.555745124816895,3.3635925637500286,1.3754494931898678,4.6458311955208575,-0.3171304143029123,-0.3175686978073394,-2.1628693556211296,-0.00013550667061615638,0.006362
38.58276867866516,3.376366209362245,1.3626760580546562,4.764453907503637,-0.47988603370716515,-0.35034639676295437,-2.1956470545767446,-0.0001375602374875861,0.006362
38.61252403259277,3.3768512845477203,1.3746410479020408,4.853675380933453,-0.4825367849752487,-0.34267094316402685,-2.187971600977817,-0.0001370793600088071,0.006362
38.64004611968994,3.3758811341793806,1.3828871900039807,4.903759262283889,-0.40770058643033613,-0.31894932561553646,-2.1642499834293267,-0.0001355931688030037,0.00621
38.666600704193115,3.371192074212898,1.3798150978052746,4.879024089195383,-0.38388667459895814,-0.31487096910630463,-2.160171626920095,-0.0001353376542890478,0.00621
38.69212579727173,3.3731323748591167,1.3680117966750478,4.886451766980722,-0.47699136252547125,-0.33835258849067473,-2.183653246304465,-0.00013680880928746794,0.00621
38.72163724899292,3.3621373384151485,1.3927502231993374,4.751444787758731,-0.3120894687444794,-0.3065692280667751,-2.1518698858805654,-0.000134817539060793,0.00621
38.74845242500305,3.378306510119814,1.4127996693675886,4.863125722437365,-0.010191965150222419,-0.21478366689809678,-2.060084324711887,-0.00012906705035361385,0.00621
38.776965856552124,3.3786298935834718,1.344566885693387,4.945426093492097,-0.43345013839789304,-0.32222282015168646,-2.1675234779654766,-0.00013579825763313628,0.00621
38.80428147315979,3.376527901090447,1.3293681173809697,4.976232194427092,-0.871084202449118,-0.4270355034665707,-2.2723361612803608,-0.00014236491304273532,0.00621
38.83902859687805,3.378468201851498,1.3220921117062308,5.022538765493217,-1.2450971967222153,-0.5059218744598837,-2.351222532273674,-0.00014730725015732493,0.00621
38.86915731430054,3.372808991415182,1.3841807025240298,4.982788323861016,-0.9294627999211325,-0.43983525183944344,-2.2851359096532335,-0.00014316683447281376,0.00621
38.90167236328125,3.364401022279526,1.2981621394446707,4.8477463901713636,-1.508518510451216,-0.5839823810624681,-2.429283038876258,-0.00015219784575841197,0.00621
38.92795515060425,3.362945796931635,1.3321168307085482,4.73466031412223,-1.5980681613120034,-0.6182799523286557,-2.463580610142446,-0.00015434663467181668,0.006057
38.9532105922699,3.3734557583042104,1.3119057042290536,4.78952084097246,-1.8487227727908755,-0.6595237033018397,-2.5048243611156296,-0.00015693061107500215,0.006057
38.98072338104248,3.3673114730455938,1.254991183464578,4.749572597978403,-2.553504008933627,-0.7859557739386948,-2.6312564317524845,-0.0001648517501426861,0.006057
39.00883650779724,3.3642393305730485,1.288299111204112,4.6824335239869725,-2.7370766326497913,-0.8237723778500061,-2.669073035663796,-0.0001672210111785937,0.006057
39.03534936904907,3.365209480816254,1.246583357937794,4.647807320647714,-3.2535471421536677,-0.8983929470400366,-2.7436936048538265,-0.0001718960900797508,0.006057
39.06518626213074,3.362299030117868,1.2667944775974496,4.586455533344276,-3.4271067063567187,-0.9287811248751446,-2.7740817826889344,-0.000173799950243022,0.006057
39.09720182418823,3.36504778910833,1.2428645121455537,4.57856086911282,-3.7711546334654096,-0.968096182921108,-2.8133968407348977,-0.0001762630914434111,0.006057
39.126224756240845,3.3656945559417615,1.2583866515672406,4.581282036512953,-3.867627386275742,-0.9776791288640496,-2.8229797866778394,-0.00017686347587996887,0.006057
39.15345501899719,3.3723239162514544,1.270675012809847,4.667723038810294,-3.820872674880745,-0.959804661243649,-2.805105319057439,-0.0001757436164719182,0.006057
39.18065166473389,3.3694134653238454,1.2703516348725423,4.69111829252947,-3.7911518937950293,-0.9531608280051629,-2.7984614858189527,-0.00017532737139454614,0.005906
39.20921444892883,3.364401022279526,1.2721302135343355,4.643577368239285,-3.7538060040742005,-0.9563438712381404,-2.8016445290519303,-0.00017552679332902732,0.005906
39.23435378074646,3.364401022279526,1.3120673932323816,4.6102987212361635,-3.35623550395653,-0.9161798443417334,-2.7614805021555235,-0.00017301046308969723,0.005906
39.2636194229126,3.362945796931635,1.288460800187606,4.568446945867589,-3.2974849205824053,-0.9156604645164816,-2.7609611223302717,-0.0001729779232459373,0.005906
39.28863883018494,3.367149781333908,1.289916001045124,4.568446945867589,-3.2974849205824053,-0.9156604645164816,-2.7609611223302717,-0.0001729779232459373,0.005906
39.31431031227112,3.3703836156226203,1.3227388677549181,4.568446945867589,-3.2974849205824053,-0.9156604645164816,-2.7609611223302717,-0.0001729779232459373,0.005906
39.34184765815735,3.379438352247696,1.3154628623338718,4.568446945867589,-3.2974849205824053,-0.9156604645164816,-2.7609611223302717,-0.0001729779232459373,0.005906
39.36747217178345,3.3834806456777162,1.3241940688725116,4.568446945867589,-3.2974849205824053,-0.9156604645164816,-2.7609611223302717,-0.0001729779232459373,0.005906
39.39550995826721,3.377336359735807,1.3364824343109487,4.568446945867589,-3.2974849205824053,-0.9156604645164816,-2.7609611223302717,-0.0001729779232459373,0.005808
39.42517828941345,3.377983126657318,1.3295298063991345,4.568446945867589,-3.2974849205824053,-0.9156604645164816,-2.7609611223302717,-0.0001729779232459373,0.005808
39.45419454574585,3.395607527058366,1.3526513374236966,4.568446945867589,-3.2974849205824053,-0.9156604645164816,-2.7609611223302717,-0.0001729779232459373,0.005808
39.48422932624817,3.3805701943898034,1.338746080663053,4.568446945867589,-3.2974849205824053,-0.9156604645164816,-2.7609611223302717,-0.0001729779232459373,0.005808
39.51489520072937,3.377821434926505,1.3696286871963472,4.568446945867589,-3.2974849205824053,-0.9156604645164816,-2.7609611223302717,-0.0001729779232459373,0.005808
39.54240608215332,3.3836423374186944,1.338907769689243,4.568446945867589,-3.2974849205824053,-0.9156604645164816,-2.7609611223302717,-0.0001729779232459373,0.005808
39.56942796707153,3.379276660514271,1.3857975931868802,4.568446945867589,-3.2974849205824053,-0.9156604645164816,-2.7609611223302717,-0.0001729779232459373,0.005808
39.59493446350098,3.388493089783224,1.3993794753174444,4.568446945867589,-3.2974849205824053,-0.9156604645164816,-2.7609611223302717,-0.0001729779232459373,0.005808
39.62444448471069,3.3867144805525045,1.4145782493763563,4.568446945867589,-3.2974849205824053,-0.9156604645164816,-2.7609611223302717,-0.0001729779232459373,0.005808
39.653465270996094,3.3875229392893766,1.3862826603885077,4.568446945867589,-3.2974849205824053,-0.9156604645164816,-2.7609611223302717,-0.0001729779232459373,0.005808
39.681971073150635,3.3842891043855117,1.4084340639654724,4.568446945867589,-3.2974849205824053,-0.9156604645164816,-2.7609611223302717,-0.0001729779232459373,0.005808
39.70848226547241,3.3863910970597915,1.430100402923278,4.568446945867589,-3.2974849205824053,-0.9156604645164816,-2.7609611223302717,-0.0001729779232459373,0.005808
39.739089488983154,3.3718388410903346,1.4197523004103247,4.568446945867589,-3.2974849205824053,-0.9156604645164816,-2.7609611223302717,-0.0001729779232459373,0.005808
39.77010917663574,3.3729706831370043,1.4077873076185305,4.568446945867589,-3.2974849205824053,-0.9156604645164816,-2.7609611223302717,-0.0001729779232459373,0.005808
39.799336433410645,3.38331895393703,1.4074639294459228,4.568446945867589,-3.2974849205824053,-0.9156604645164816,-2.7609611223302717,-0.0001729779232459373,0.005808
39.828063011169434,3.3677965481823864,1.4149016275616448,4.568446945867589,-3.2974849205824053,-0.9156604645164816,-2.7609611223302717,-0.0001729779232459373,0.005808
39.85770130157471,3.376527901090447,1.4134464257323933,4.568446945867589,-3.2974849205824053,-0.9156604645164816,-2.7609611223302717,-0.0001729779232459373,0.005808
39.88507580757141,3.382510495237953,1.4108594002870158,4.568446945867589,-3.2974849205824053,-0.9156604645164816,-2.7609611223302717,-0.0001729779232459373,0.005808
