Relative_Time_s,Raw_S1_V,Raw_S2_V,Norm_S1,Norm_S2,Phase_rad,Unwrapped_Phase_rad,Calculated_Distance_mm,Stage_Position_mm
0.018000364303588867,3.089687220319907,4.883023944866825,0.43609108808413477,0.3815007304419855,0.7169476026089378,-2.1279785427028477,-0.00013332071431631793,0.028262
0.045095205307006836,3.085159865912448,4.898870052158,0.2833887378723121,0.454284489694503,1.0189987627654855,-1.8259273825463,-0.0001143968033726507,0.028262
0.07194662094116211,3.0824111151249087,4.825298872301913,0.12337209409716886,0.021190629933448803,0.0910841027125569,-2.7538420425992287,-0.00017253190333738506,0.028262
0.09980130195617676,3.079824055630986,4.894989372463775,-0.03863955388429133,0.17653549405796287,1.8600799265653734,-0.9848462187464122,-6.17019385957837e-05,0.028262
0.1284019947052002,3.081440967806643,4.889006658389811,-0.12079770929000337,0.24591518379539912,2.0810706608685337,-0.7638554844432521,-4.785657222420224e-05,0.028262
0.15612554550170898,3.085968322041193,4.886419538960941,-0.09080842040813451,0.2774596855076337,1.9343290463808496,-0.9105970989309364,-5.7050131496928287e-05,0.028262
0.18262481689453125,3.086291704494571,4.852140216231678,-0.06356591820192461,0.07400892591893593,2.4436952515303774,-0.40123089378140886,-2.5137654488173957e-05,0.028262
0.20930027961730957,3.085159865912448,4.873483943360351,-0.066371166527918,0.07201890963111994,2.478049084798688,-0.3668770605130982,-2.29853406847568e-05,0.028262
0.2380530834197998,3.0838663361204155,4.873645638289493,-0.09333483989666565,0.07168972806729887,2.620355256861579,-0.22457088845020712,-1.4069667838287315e-05,0.028262
0.2647435665130615,3.081602659025683,4.872352078867589,-0.15595940965204347,0.06294866234528346,2.8462926857427973,0.0013665404310110318,8.561559374236634e-08,0.028262
0.2913546562194824,3.0778837610555816,4.8657225872332335,-0.27167160364246706,0.013212896025513947,3.1397317808157017,0.2948056355039155,1.8469969090917884e-05,0.028262
0.31800317764282227,3.0838663361204155,4.880113435784414,-0.23704514587684428,0.07307871421575733,2.9006321880961066,0.05570604278432034,3.4900584130457725e-06,0.028262
0.3457362651824951,3.082896188787663,4.880436825676029,-0.23155662487846934,0.11711244684351849,2.7312693069628957,-0.11365683834889051,-7.120753603258635e-06,0.028262
0.374234676361084,3.080147438063973,4.879628350950004,-0.2808396575724486,0.14261690996626739,2.719483628404053,-0.12544251690773311,-7.859142197239313e-06,0.028262
0.4035208225250244,3.0871001606327146,4.833383613293489,-0.18096278415382028,-0.1437852199525518,-2.445898769308945,0.9923603925588553,6.217271167928456e-05,0.028262
0.4301755428314209,3.080309129280868,4.870735129626318,-0.2422989692600134,-0.09852209931522606,-2.720726221614546,0.7175329402532546,4.495440260339603e-05,0.028262
0.45688605308532715,3.082896188787663,4.875909367339634,-0.2352343012466906,-0.032795360190617476,-2.955224910975168,0.4830342508926324,3.0262744701578472e-05,0.028262
0.4859507083892822,3.0832195712308406,4.868148010923712,-0.22403903384557486,-0.03785047380756305,-2.9252946687872825,0.512964493080518,3.213791458138422e-05,0.028262
0.5120985507965088,3.0871001606327146,4.851816826480332,-0.14120234754501723,-0.14883584457344576,-2.307999537958038,1.1302596239097626,7.081228377009272e-05,0.028262
0.5386056900024414,3.0841897185668135,4.878819876234023,-0.13946666675461647,-0.048866043676206866,-2.7416061362894704,0.6966530255783301,4.364624790001779e-05,0.028262
0.5663371086120605,3.089848911552641,4.867501231264099,-0.02887668939585796,-0.0533552712233845,-2.0453397730344225,1.392919388833378,8.726827088605983e-05,0.0
0.5927026271820068,3.102784211043309,4.881730385258566,0.298536320510541,0.03711929672031073,0.08536070672999105,3.523619868597792,0.00022075951821579398,0.0
0.6200301647186279,3.097610091040203,4.890946998029076,0.4277254131453526,0.1610898069318402,0.33921510956725465,3.7774742714350555,0.0002366638375683845,0.0
0.6465137004852295,3.0969633260592184,4.887228013771398,0.5056577765772464,0.22340107197533268,0.39978759031094424,3.8380467521787454,0.00024045878485690506,0.0
0.6744954586029053,3.089202146623318,4.884317504500816,0.41021042052248285,0.24787001683555657,0.528047772515153,3.966306934382954,0.000248494457570074,0.0
0.7049305438995361,3.0924359713129475,4.88981513323246,0.40589727418537225,0.3011685002237079,0.6263524502737807,4.064611612141581,0.00025465337768905644,0.0
0.7377586364746094,3.0998737685075963,4.904852767141667,0.5466280863173822,0.43741364967659585,0.6670920324363167,4.1053511943041165,0.0002572057672389806,0.028289
0.7701821327209473,3.0959931785958212,4.901942257080626,0.5701396458351874,0.5136363084227769,0.7275502364861621,4.165809398353963,0.0002609935549391185,0.028289
0.7975602149963379,3.0956697961101765,4.909865312553399,0.5803477368851047,0.6191198575441011,0.814419174788341,4.252678336656142,0.00026643601061897537,0.028289
0.8262031078338623,3.0985802385197614,4.899031747150298,0.6437434068823986,0.6216817089191682,0.7636850664745434,4.201944228342343,0.00026325745057954663,0.028289
0.8545377254486084,3.0985802385197614,4.884640894413334,0.6881203758804872,0.5287941227283657,0.6478846916436695,4.086143853511469,0.000256002401536176,0.028289
0.8809723854064941,3.1003588422574815,4.887874793627005,0.7535592588366865,0.48504941329830137,0.5626433149267539,4.000902476794554,0.0002506619147760177,0.028289
0.9085860252380371,3.0963165610825434,4.903720902102393,0.721241467232063,0.5586834764434876,0.652384516951555,4.0906436788193545,0.00025628432163654695,0.028447
0.9343059062957764,3.092112588839144,4.894989372463775,0.617369006498395,0.5527804866149998,0.7252686420670074,4.163527803934807,0.0002608506099837828,0.028447
0.9632306098937988,3.102945902297855,4.892887337726316,0.7540333081693481,0.5348186015123668,0.6088750283811297,4.047134190248929,0.0002535583937292199,0.028447
0.9912190437316895,3.1081200225858443,4.881892080208192,0.9496983391446129,0.44990483760775635,0.4304046249856334,3.868663786853433,0.00024237698320861032,0.028447
1.0202648639678955,3.0985802385197614,4.899840222117837,0.9022888284640543,0.5085503462693938,0.5032011995983308,3.94146036146613,0.0002469377863992378,0.028447
1.0473620891571045,3.0955081048677586,4.909865312553399,0.809727164426846,0.6155596840367271,0.6444378289212084,4.082696990789008,0.0002557864509562772,0.028447
1.0770611763000488,3.0909807501893045,4.898223272192839,0.6574339933556315,0.6138704362246539,0.7490732409454566,4.187332402813256,0.0002623420000813809,0.028447
1.1065576076507568,3.0841897185668135,4.902265647080952,0.4195787718758376,0.6392837196162634,1.0000193443382424,4.438278506206042,0.00027806411056691626,0.028447
1.1375014781951904,3.093406118740814,4.905014462148891,0.43120512140852596,0.6751581336027579,1.01261222678501,4.45087138865281,0.0002788530715688313,0.028447
1.1676151752471924,3.0972867085491718,4.910835482677925,0.5143435730572795,0.738568117812448,0.9696203243174317,4.407879486185232,0.000276159571126146,0.028447
1.1955225467681885,3.093406118740814,4.903559207098396,0.49754048223554675,0.7350827392732486,0.9836806766870285,4.421939838554829,0.0002770404710900493,0.028606
1.222806692123413,3.0925976625502525,4.868148010923712,0.4701533175841705,0.4996641958171374,0.8151570523345302,4.253416214202331,0.00026648223963847054,0.028606
1.2489938735961914,3.085968322041193,4.903074122088828,0.3228572984037987,0.5646585029020492,1.0683437034345764,4.506602865302377,0.0002823447234477014,0.028606
1.275442361831665,3.0927593537878266,4.906954802267081,0.35100008910676733,0.6356864463265803,1.0823630452463144,4.5206222071141156,0.00028322305404506333,0.028606
1.306352138519287,3.092112588839144,4.902103952080587,0.3582000418106994,0.653491096381343,1.0852222690361533,4.523481430903955,0.00028340218825642963,0.028606
1.3381009101867676,3.0883936904677123,4.907116497279556,0.2913650057852878,0.6989330921480257,1.1985127621254565,4.636771923993258,0.00029049998983704593,0.028606
1.3643178939819336,3.092274280075911,4.899031747150298,0.31958048367488334,0.6775509731419076,1.1498518194758316,4.588110981343633,0.00028745131641146087,0.028606
1.3915786743164062,3.0927593537878266,4.862003604416275,0.3487063187965266,0.41896643095742486,0.8781606425760317,4.316419804443834,0.00027042949920285547,0.028606
1.4188358783721924,3.0883936904677123,4.908895142443419,0.2847193996753582,0.5464679607716805,1.1117825676095516,4.550041729477353,0.0002850662266417803,0.028606
1.449615478515625,3.0846747922384234,4.903882597106792,0.16805355611958628,0.6027402900076496,1.3382819080326658,4.776541069900468,0.00029925671458675264,0.028606
1.4806263446807861,3.0769136137823487,4.91552463848492,-0.06361252588954192,0.718726711416857,1.7162357915001718,5.154494953367974,0.0003229360331096324,0.028765
1.508068323135376,3.084998174687505,4.906469717232084,-0.06952879186997017,0.7403427011451555,1.7200998252784963,5.158358987146298,0.000323178120016587,0.028765
1.5351817607879639,3.078045452268725,4.904852767141667,-0.2080451714623518,0.7448355903216131,1.9052310627984435,5.343490224666245,0.00033477684074291236,0.028765
1.5624654293060303,3.085159865912448,4.904044292111595,-0.1675066438102256,0.7426614610280461,1.8533483147330632,5.2916074766008645,0.00033152631688002397,0.028765
1.590013027191162,3.086291704494571,4.894019202576489,-0.11725467458337693,0.6751820947426691,1.8076830928930845,5.245942254760886,0.0003286653293874592,0.028765
1.6164681911468506,3.081117585369366,4.903882597106792,-0.18207829345709214,0.6928401837873378,1.894532683855074,5.332791845722875,0.000334106572930463,0.028765
1.6440682411193848,3.0827344975664768,4.908733447426503,-0.19620482807275735,0.737115757337466,1.8935768365823624,5.331835998450163,0.00033404668781479194,0.028765
1.670757532119751,3.089687220319907,4.895636152396692,-0.07171840242986353,0.6819384040148032,1.7354323047378248,5.173691466605626,0.0003241387204515714,0.028765
1.6968333721160889,3.0866150869490228,4.907116497279556,-0.04395290560747694,0.7188462074914284,1.6854964403309343,5.123755602198735,0.00032101017146522986,0.028765
1.724719762802124,3.085968322041193,4.898870052158,-0.037017057830348844,0.6904263236291227,1.6798086743858278,5.118067836253629,0.00032065382528811926,0.028765
1.750427007675171,3.087261851861149,4.890461913113825,-0.0071619643061859965,0.615213235414054,1.641461928796955,5.079721090664756,0.0003182513501639476,0.028923
1.7787230014801025,3.085159865912448,4.900810392092192,-0.026888398800898106,0.6306492063881524,1.6737009189848155,5.111960080852617,0.0003202711662074041,0.028923
1.8056771755218506,3.0835429536750913,4.901942257080626,-0.07194690232101693,0.6489011981208683,1.7453593915213172,5.183618553389119,0.00032476066577409064,0.028923
1.835885763168335,3.083381262452832,4.903397512094803,-0.10661285469392226,0.6712520651616541,1.7936060820628241,5.231865243930626,0.0003277833857486173,0.028923
1.8612737655639648,3.0840280273434804,4.8555358087173675,-0.11837902168843704,0.3720040115152866,2.0200107060439336,5.458269867911735,0.0003419679395812608,0.028923
1.8881971836090088,3.085968322041193,4.902265647080952,-0.0891153390870438,0.4699772223197043,1.8576064869631859,5.295865648830987,0.00033179309709044884,0.028923
1.9164774417877197,3.0846747922384234,4.892887337726316,-0.09363076101410943,0.4768563165056464,1.8631120172738258,5.301371179141627,0.0003321380259602543,0.028923
1.9445092678070068,3.093082736263782,4.885125979285128,0.06570844793949629,0.4306078381069423,1.4765596394057552,4.914818801273556,0.0003079200002124078,0.028923
1.971442461013794,3.0890404553916593,4.821741586580715,0.09912089038553286,-0.018787264711232148,-0.8801136916785754,2.558145470189226,0.00016027125018727484,0.02908
2.0009469985961914,3.0950230311421185,4.8385578480506215,0.23813460690773744,-0.22272560699777663,-0.94462582230849,2.4936333395593113,0.000156229478541061,0.02908
2.027198553085327,3.0879086167775727,4.8809219105164665,0.19794420117517889,-0.08675908814422155,-0.7324696581614057,2.7057895037063955,0.00016952134722446105,0.02908
2.057990550994873,3.0845131010142848,4.880760215569252,0.10418591722429289,0.007353645096724213,-0.6523686401704463,2.785890521697355,0.00017453978360514695,0.02908
2.083401918411255,3.087261851861149,4.885449369201668,0.09168011823209755,0.1040836281792943,0.6093577759019444,4.047616937769745,0.000253588638509897,0.02908
2.118161201477051,3.079338981983517,4.875100892669838,-0.07019893634321217,0.10370949970878815,2.759263144514908,6.197522306382709,0.00038828309792484413,0.02908
2.1442785263061523,3.0864533957216627,4.871058519471363,-0.046014279354246304,0.07685186403592785,2.9611722814185577,6.399431443286359,0.0004009329765861182,0.02908
2.1720187664031982,3.081602659025683,4.865237502505959,-0.12283501727234707,0.019753648091748857,-2.8709629909952685,6.850481478052119,0.0004291918671814114,0.02908
2.202521800994873,3.0838663361204155,4.87089682454864,-0.13285953541776885,0.017018938108558104,-2.871225448439692,6.850219020607696,0.0004291754238699466,0.02908
2.231668710708618,3.0861300132677476,4.810746341021806,-0.09612669870571726,-0.38063986036029496,-1.850535176148266,7.870909292899122,0.0004931230405713675,0.02908
2.258448362350464,3.0843514097904148,4.877526316709342,-0.10478871263233251,-0.2196394940305369,-2.0203696042325037,7.701074864814885,0.0004824826855051296,0.029238
2.286303997039795,3.082087732684414,4.875424282536552,-0.15460212099598858,-0.12076902610731875,-2.365579503452521,7.355864965594868,0.00046085482158192485,0.029238
2.3135836124420166,3.0825728063455586,4.880436825676029,-0.180096507232901,-0.018580971382632833,-2.7813212898294086,6.94012317921798,0.0004348080401794637,0.029238
2.341139316558838,3.089687220319907,4.858122926920091,-0.06044257784196408,-0.09385784102887634,-2.1000635713519404,7.621380897695448,0.00047748975140835567,0.029238
2.3716535568237305,3.089687220319907,4.871705299166266,0.023315172731691758,-0.05718995527235289,-1.624888260296864,8.096556208750524,0.0005072601229718191,0.029238
2.397836923599243,3.0919508976026457,4.87025004486176,0.12569560016410242,-0.041096903401595296,-0.8108902018295264,8.910554267217861,0.0005582581948175631,0.029238
2.4231112003326416,3.0890404553916593,4.8555358087173675,0.14111189694276,-0.12664026647899188,-1.0326719341910213,8.688772534856366,0.0005443632713550412,0.029238
2.4494516849517822,3.097610091040203,4.8523019111079515,0.3175283166478945,-0.20779721098188852,-0.7488734730251108,8.972570996022277,0.000562143626187216,0.029238
2.475625991821289,3.0919508976026457,4.856667672918456,0.33164480090545,-0.23588367491450937,-0.7748961443322558,8.946548324715131,0.0005605132708723167,0.029397
2.5087108612060547,3.0882319992373968,4.86604597705342,0.2696513370870544,-0.19384208063167993,-0.8133367125208285,8.908107756526558,0.0005581049176362374,0.029397
2.537639617919922,3.08564493958889,4.883347334772911,0.17625591208766625,-0.05058317002226048,-0.6432755877127582,9.078168881334628,0.000568759475556756,0.029397
2.5656306743621826,3.0866150869490228,4.877041231894213,0.12962911455481965,0.008208699510853469,-0.4679876711238984,9.253456797923487,0.000579741499003742,0.029397
2.5938079357147217,3.0904956764862637,4.87914326611921,0.1719903580178187,0.06319279703510951,0.04108062139440388,9.76252509044179,0.0006116353113859497,0.029397
2.621258020401001,3.0919508976026457,4.872513773793922,0.22976822986439127,0.05806464044192376,0.003070804307997434,9.724515273355383,0.0006092539452850699,0.029397
2.6485538482666016,3.091142441424189,4.875909367339634,0.2545877393147556,0.07681535763938155,0.08708227290970924,9.808526741957095,0.000614517376649616,0.029397
2.6789872646331787,3.091142441424189,4.883670724680604,0.2719613959300106,0.14100469676786087,0.3366168546635539,10.058061323710941,0.0006301510534083068,0.029397
2.708571434020996,3.0775603786300993,4.874939197737082,0.021622960815209376,0.12849041785936505,1.7411448796139568,11.462589348661343,0.0007181466209415377,0.029397
2.7353339195251465,3.0795006731990724,4.874615807872777,-0.11611394675575622,0.11760276290848293,2.762023224793443,12.48346769384083,0.000782106020662043,0.029397
2.7627501487731934,3.0845131010142848,4.863458858536804,-0.11565478632737312,0.03657715074240565,-2.999402266348891,13.005227509878083,0.0008147949740418473,0.029553
2.7908310890197754,3.0883936904677123,4.868148010923712,-0.040333373911357294,0.010710283845549246,-2.571091109223776,13.433538667003198,0.0008416292434067255,0.029553
2.8191163539886475,3.0871001606327146,4.8738073332190375,-0.012608385591062091,0.029837519857714177,-2.5921125409061205,13.412517235320854,0.0008403122224727257,0.029553
2.849787950515747,3.0864533957216627,4.883670724680604,-0.005700893827726948,0.1081202103206937,2.2250873565188516,11.94653182556624,0.0007484662672228483,0.029553
2.875305414199829,3.0825728063455586,4.881730385258566,-0.07586564821511213,0.15015213380116352,2.4376657973383877,12.159110266385776,0.0007617845921070419,0.029553
2.9013442993164062,3.08564493958889,4.878819876234023,-0.06560597762386175,0.16042554118601574,2.3355174329026736,12.05696190195006,0.0007553848598543306,0.029553
2.9286704063415527,3.090010602785643,4.883347334772911,0.025950793112164233,0.19740416525012064,1.6174867294309603,11.338931198478347,0.0007103992717166289,0.029553
2.957233190536499,3.087423543089852,4.883832419635054,0.04004053138696174,0.22648069209955365,1.525585215329122,11.247029684376509,0.0007046415184024221,0.029553
2.98315691947937,3.086938469404548,4.880760215569252,0.04052834809475796,0.22662149126735712,1.5227219932181417,11.244166462265529,0.0007044621336908652,0.029553
3.0140085220336914,3.087261851861149,4.884640894413334,0.0471198198413716,0.25225197037208824,1.4950776618341917,11.216522130881579,0.0007027301791937,0.029553
3.0402538776397705,3.0835429536750913,4.846804285538855,-0.020141149271410967,0.021257153635036042,-2.512577902310268,13.492051873916704,0.0008452951744234634,0.029712
3.0701167583465576,3.0861300132677476,4.879466656006004,-0.017223828403261015,0.07445437478492493,2.84857153765967,12.570016006707057,0.000787528388727626,0.029712
3.096989393234253,3.082249423904527,4.883347334772911,-0.0901817021682746,0.13722434876937264,2.5762028614480914,12.29764733049548,0.0007704641252770202,0.029712
3.1240155696868896,3.0864533957216627,4.872352078867589,-0.06000221543176999,0.1088228968367351,2.6511430201199193,12.372587489167307,0.0007751592268885318,0.029712
3.1524651050567627,3.091142441424189,4.861518519716641,0.05174842760745416,0.0176652886084506,0.0,12.372587489167307,0.0007751592268885318,0.029712
3.179518699645996,3.0916275151304564,4.863620553441089,0.13934887822466013,-0.03231525159351778,-0.7081215794835718,15.296508196743403,0.0009583467870615733,0.029712
3.2069826126098633,3.0883936904677123,4.883023944866825,0.13816919127507168,0.06035795031463787,0.008097881401610081,16.012727657628584,0.0010032188984180994,0.029712
3.2324230670928955,3.087261851861149,4.875262587602994,0.11546841006764272,0.07416535506760133,0.17459984396114625,16.17922962018812,0.0010136504700425535,0.029712
3.260753870010376,3.08564493958889,4.851008352108961,0.06832786317408095,-0.07574391174417368,-1.311893673550371,14.692736102676603,0.0009205196542921781,0.029712
3.287851333618164,3.0932444275021633,4.87914326611921,0.18220448509168233,0.004425969156594399,-0.3512602570836188,15.653369519143356,0.0009807046282989185,0.02987
3.315110206604004,3.0843514097904148,4.883509029726556,0.09004311602583576,0.0892682948283913,0.48486334494715616,16.48949312117413,0.0010330888951712192,0.02987
3.3435134887695312,3.0843514097904148,4.891593777921713,0.025530157679757456,0.20184942611652817,1.6230207769436262,17.627650553170604,0.00110439598722745,0.02987
3.370239734649658,3.092112588839144,4.868309705839618,0.13037108981179252,0.1274647063580086,0.6092727396699166,16.613902515896893,0.0010408833108757273,0.02987
3.3965814113616943,3.0919508976026457,4.891108693001631,0.20063474212019297,0.22539542380152275,0.7802825527904598,16.784912329017438,0.0010515973053934413,0.02987
3.4239935874938965,3.0843514097904148,4.89030021814288,0.10294429594579321,0.28862777542203827,1.2759573689892634,17.28058714521624,0.001082651998492131,0.02987
3.4512834548950195,3.085159865912448,4.85957818095414,0.05018598337546445,0.13076274811379965,1.3397740604088924,17.34440383663587,0.0010866501999376036,0.02987
3.4811902046203613,3.0875852343188237,4.875424282536552,0.060130164609861696,0.12451254339371488,1.178530078129496,17.183159854356475,0.0010765480478409982,0.02987
3.5076308250427246,3.090657367720342,4.886904623846008,0.12646609319365268,0.19566932738184192,0.968805113418307,16.973434889645286,0.0010634084970682044,0.02987
3.534963369369507,3.0885553816982956,4.876717842019469,0.132276241823055,0.1784577879101032,0.8738066465902157,16.878436422817195,0.001057456715505412,0.02987
3.56113862991333,3.0901722940189145,4.874615807872777,0.16759334684664673,0.15257992194399378,0.6003259950438616,16.60495577127084,0.0010403227853063126,0.030027
3.5906929969787598,3.0877469255480636,4.8739690281489825,0.14544031908344887,0.13021009636955805,0.5548202037497602,16.55944997997674,0.0010374717863516178,0.030027
3.618877649307251,3.0948613399007767,4.8763944521463305,0.2674332067186352,0.13050866642847297,0.28807882007690966,16.29270859630389,0.0010207600803379762,0.030027
3.6475400924682617,3.1008439160097927,4.88415580954516,0.46845324180304226,0.1817815029406516,0.270396245560745,16.275026021787724,0.0010196522432906851,0.030027
3.673067569732666,3.094537957418901,4.86927987534347,0.48729225208263016,0.11980013869369638,0.12759802704038428,16.132227803267362,0.0010107057430726654,0.030027
3.7024545669555664,3.0974483997945526,4.8738073332190375,0.5567295648848688,0.10620041825140938,0.08479768487070606,16.089427461097685,0.0010080242441399758,0.030027
3.730306386947632,3.100520533507982,4.866207671964115,0.6647106915944394,0.04668061430074692,-0.024588519858100007,15.980041256368878,0.001001171051469963,0.030027
3.759190559387207,3.103269284807757,4.875585977470511,0.7934224888179346,0.06671887959392542,0.006168529126298868,16.010798305353276,0.0010030980219062596,0.030027
3.787052869796753,3.0959931785958212,4.875909367339634,0.7428957275855568,0.08287332504577687,0.02960724554277682,16.034237021769755,0.0010045664889761078,0.030186
3.815530300140381,3.099065312263178,4.8738073332190375,0.766902001580452,0.08035164869787546,0.025150933544801926,16.02978070977178,0.0010042872950430564,0.030186
3.8489296436309814,3.097771782286122,4.883994114589905,0.7587063902603919,0.14560776051977145,0.11615873991018433,16.120788516137164,0.0010099890563670137,0.030186
3.8782641887664795,3.103916049830798,4.872513773793922,0.8717194801093816,0.11575511488118324,0.06453880262513527,16.069168578852114,0.0010067549979525592,0.030186
3.9043052196502686,3.104562814858157,4.875262587602994,0.9633286453123974,0.11294337026418502,0.05504765660892129,16.0596774328359,0.0010061603649047302,0.030186
3.932833194732666,3.1082817138493,4.880113435784414,1.0993300758497961,0.14289004618281345,0.07631938155476313,16.080949157781742,0.001007493067047919,0.030186
3.9607136249542236,3.103269284807757,4.868148010923712,1.0976560577966785,0.08512931065384641,0.021426818786825574,16.026056595013806,0.0010040539742506866,0.030186
3.9897892475128174,3.0987419297672973,4.87687953695664,1.008984231917881,0.10214360609100348,0.04118398437704047,16.04581376060402,0.0010052917872156648,0.030186
4.015136003494263,3.108766787641287,4.893534117638284,1.1406639886200969,0.22362810578176623,0.1469924445681139,16.151622220795094,0.0010119208293842322,0.030186
4.042603969573975,3.1040777410872336,4.88415580954516,1.142214799530531,0.24696511048795491,0.16775556806075684,16.172385344287736,0.0010132216669631493,0.030186
4.068524360656738,3.101814063521696,4.876717842019469,1.0995503596713532,0.21436483608438034,0.14396131635760584,16.148591092584585,0.0010117309251299834,0.030344
4.098049879074097,3.0998737685075963,4.883670724680604,1.0321852461575574,0.23728933167936003,0.17675786317713554,16.181387639404115,0.0010137856728454065,0.030344
4.12355899810791,3.103916049830798,4.8873897087346965,1.0631546792374031,0.2778045693609756,0.2104337022474231,16.215063478474402,0.0010158955094015354,0.030344
4.149153709411621,3.102945902297855,4.863135468729439,1.0660832790866481,0.14659075591883505,0.08173212225288705,16.086361898479865,0.0010078321825238517,0.030344
4.176630258560181,3.0963165610825434,4.8974147972454585,0.9400082814070218,0.28027303536910303,0.24201261357670542,16.246642389803682,0.001017873970617786,0.030344
4.205091714859009,3.096478252326308,4.9014571720831634,0.8548807833557722,0.4004463875126818,0.403073956895529,16.407703733122506,0.001027964680138164,0.030344
4.231287717819214,3.104724506115672,4.891593777921713,0.9546665581750919,0.41967409099551595,0.380550859460555,16.385180635687533,0.0010265535778275021,0.030344
4.260060548782349,3.099227003511522,4.887066318808501,0.9182665834060879,0.4033462407601621,0.3787507290260462,16.383380505253022,0.0010264407972375782,0.030344
4.28868556022644,3.0950230311421185,4.899840222117837,0.8115365920221088,0.4759593284760739,0.505861422921473,16.51049119914845,0.0010344044529640392,0.030344
4.318441152572632,3.0982568560254973,4.891755472895879,0.7993256046991812,0.4735969798037691,0.5105005228605625,16.51513029908754,0.0010346950988071493,0.030344
4.3461902141571045,3.0953464136256095,4.894342592537306,0.7345279074981733,0.4889646182355887,0.5682675354107509,16.572897311637732,0.0010383142797446266,0.0305
4.372091293334961,3.097933473532311,4.8873897087346965,0.7391695247741341,0.45397726995034343,0.5264328222346328,16.531062598461613,0.0010356932787655593,0.0305
4.398113965988159,3.1008439160097927,4.885934454079494,0.798668664441903,0.4199116556845589,0.4521617547272669,16.45679153095425,0.0010310400966143237,0.0305
4.423965692520142,3.0937295012189217,4.894665982499736,0.7028180466716663,0.4535125517126397,0.5510594703395135,16.555689246566494,0.0010372361713514918,0.0305
4.450984239578247,3.103269284807757,4.889653438263125,0.8200976373719963,0.444054444535553,0.46693197354430244,16.471561749771283,0.0010319654706647567,0.0305
4.47753381729126,3.108605096377021,4.887874793627005,1.0053183717172565,0.42573163856333046,0.3657301335559961,16.370359909782977,0.0010256250394401873,0.0305
4.503539085388184,3.093082736263782,4.886904623846008,0.8349728408514382,0.4065226940005709,0.41814443082707725,16.422774207054058,0.0010289088655748685,0.0305
4.532098054885864,3.1026225197890325,4.889491743294193,0.9001059911559937,0.4100977140376563,0.3918008902763282,16.39643066650331,0.0010272584073708184,0.0305
4.5587334632873535,3.1056946536664274,4.876717842019469,1.0050742072861423,0.3285576585691772,0.2701362288442129,16.274766005071193,0.0010196359528941014,0.0305
4.584254026412964,3.098903621015103,4.884802589370196,0.9473019369630816,0.32467111750341265,0.2832115823892187,16.2878413586162,0.0010204551413584477,0.0305
4.614382028579712,3.106664801226902,4.879466656006004,1.056861373189813,0.2868441494927885,0.2153962498256783,16.220026026052658,0.0010162064196737421,0.030652
4.644010066986084,3.1000354597572883,4.884640894413334,1.0054279560595185,0.2944078311299039,0.2350079340649167,16.239637710291895,0.0010174351180366496,0.030652
4.675423622131348,3.103107593552671,4.895474457412859,1.0287995734002289,0.3709790254720417,0.3056089891286324,16.31023876535561,0.0010218583689781864,0.030652
4.702061653137207,3.1010056072611025,4.8951510674464,1.004534698950473,0.42245120112452017,0.36374304044325056,16.368372816670227,0.001025500545387316,0.030652
4.728497266769409,3.0985802385197614,4.853757165012396,0.940674280328145,0.18614128186727125,0.12799898658560743,16.132628762812583,0.0010107308637268017,0.030652
4.757058143615723,3.100520533507982,4.8932107276814945,0.9334719924047185,0.2802988185017406,0.23830885985585246,16.24293863608283,0.001017641925471744,0.030652
4.784189939498901,3.096478252326308,4.90097208708933,0.8503053810541455,0.3972729448345625,0.4030649184491698,16.407694694676145,0.0010279641138673577,0.030652
4.810669660568237,3.1034309760631125,4.894342592537306,0.9264637719882343,0.435537793757146,0.40900789795163034,16.413637674178606,0.0010283364495166773,0.030652
4.837806701660156,3.100520533507982,4.894180897556696,0.9235246365667809,0.4612593578266615,0.436462571238221,16.441092347465197,0.0010300565216792659,0.03081
4.864617586135864,3.0984185472724945,4.905661242181829,0.8808422362673898,0.554796401782141,0.5500368434369776,16.554666619663955,0.0010371721024023037,0.03081
4.893870115280151,3.0997120772581734,4.9084100573938825,0.875964559340951,0.6383574491115327,0.6279679139933972,16.632597690220376,0.001042054588661221,0.03081
4.9197587966918945,3.1000354597572883,4.854080554773336,0.8788001863653064,0.3394033144930284,0.3225256583994254,16.327155434626405,0.0010229182210329773,0.03081
4.94877290725708,3.100520533507982,4.9082483623781785,0.8901601266307485,0.4865184576019768,0.4782509838532757,16.482880760080256,0.001032674621865985,0.03081
4.975602388381958,3.090010602785643,4.912614127944005,0.6949870660903772,0.6182224797048455,0.7431989430354697,16.74782871926245,0.0010492739674260938,0.03081
5.00628399848938,3.103269284807757,4.915686333518813,0.8146159509650853,0.7306280747317411,0.7451090213107376,16.749738797537717,0.0010493936363959392,0.03081
5.036004543304443,3.1016523722690383,4.911482262769024,0.867106165179174,0.7816523984175049,0.746977808449023,16.751607584676,0.0010495107184205843,0.03081
5.0681352615356445,3.089848911552641,4.912614127944005,0.6757242929577897,0.8248162382756995,0.9227889413941852,16.927418717621165,0.0010605255220751547,0.03081
5.097334384918213,3.0953464136256095,4.9059846322007195,0.6480069892791964,0.8114138788284433,0.938436152086541,16.943065928313523,0.001061505840844682,0.03081
5.124762058258057,3.092112588839144,4.9059846322007195,0.5661048719313855,0.8020322272153718,1.010567084019158,17.01519686024614,0.0010660249406272125,0.03097
5.1531662940979,3.087261851861149,4.897253102257191,0.4150233865270137,0.7380182350500027,1.1433436775596708,17.14797345378665,0.0010743435725777137,0.03097
5.180571794509888,3.099227003511522,4.89676801729481,0.5405163632524589,0.6900169498701967,0.9583834189126321,16.963013195139613,0.0010627555639074599,0.03097
5.20670485496521,3.092112588839144,4.900810392092192,0.49086143371268354,0.683011806507462,1.0111204055841432,17.015750181811125,0.0010660596069665624,0.03097
5.2342751026153564,3.0917892063664163,4.9046910721348445,0.44985298267196233,0.7036401337265034,1.077382624593826,17.08201240082081,0.0010702110240007469,0.03097
5.263830661773682,3.0885553816982956,4.9090568374607395,0.3586470644578889,0.7468033831278341,1.2237238100652206,17.2283535862922,0.0010793794958576864,0.03097
5.292948007583618,3.093082736263782,4.907601582319399,0.3823029257698837,0.767443184044242,1.2024970943372542,17.207126870564235,0.0010780496136024607,0.03097
5.323547840118408,3.0807942029331628,4.907763277333488,0.1613620271331863,0.7829548750822773,1.5170101930982436,17.521639969325225,0.001097754281740418,0.03097
5.351151943206787,3.092112588839144,4.85311038549531,0.22545339842918985,0.4342385355995285,1.2770765071422103,17.281706283369193,0.0010827221140008057,0.03097
5.3809754848480225,3.0909807501893045,4.9067931072550115,0.24844235715725785,0.543328638831568,1.2979614549561262,17.302591231183108,0.001084030584037103,0.03097
5.407860994338989,3.0825728063455586,4.901942257080626,0.10203462747436864,0.5877768008312633,1.618276614655416,17.6229063908824,0.0011040987590870326,0.031125
5.434699296951294,3.093082736263782,4.9105120926348,0.2026742198814138,0.6752735239809851,1.4358623699971393,17.440492146224123,0.0010926702616133582,0.031125
5.460671901702881,3.086938469404548,4.909380227496592,0.15437193004086008,0.7290744171495509,1.5241182825881285,17.52874805881511,0.0010981996130955982,0.031125
5.488561153411865,3.0958314873528647,4.891108693001631,0.2924353361327452,0.6465222213555887,1.2709154721255471,17.27554524835253,0.0010823361168805967,0.031125
5.5151283740997314,3.081926041464569,4.90097208708933,0.12032971327736593,0.6536293268322465,1.5804270711462272,17.58505684737321,0.0011017274343410686,0.031125
5.543032169342041,3.0909807501893045,4.904044292111595,0.1748557775509983,0.6788170765854895,1.4846866394103528,17.489316415637337,0.0010957291676800868,0.031125
5.570066690444946,3.0867767781766515,4.894665982499736,0.13177402039175576,0.634746346343299,1.5592071662139566,17.56383694244094,0.0011003979787913424,0.031125
5.5966057777404785,3.086291704494571,4.900325307103199,0.09224179035799857,0.641130893199521,1.6337254589825565,17.638355235209538,0.0011050666499373039,0.031125
5.624660015106201,3.0809558941511304,4.9054995471729885,-0.03855576782918757,0.6796426461811341,1.8520185592554141,17.856648335482397,0.0011187430059130254,0.031125
5.653275966644287,3.082087732684414,4.910188702593292,-0.10823905963376995,0.7374519548451053,1.9283816077225353,17.93301138394952,0.0011235272534816487,0.031125
5.679501533508301,3.08564493958889,4.879466656006004,-0.08826736561691938,0.5757907356319637,2.002879057524909,18.007508833751892,0.0011281946187877766,0.031287
5.707995176315308,3.0904956764862637,4.904852767141667,0.019462821897627137,0.6296492144623904,1.7718008210596665,17.776430597286648,0.0011137172568547135,0.031287
5.7364654541015625,3.079824055630986,4.912452432917796,-0.11137604442396196,0.7173501790308464,1.9439545556305313,17.948584331857514,0.0011245029195879747,0.031287
5.763216495513916,3.0879086167775727,4.900163612107676,-0.046713254757022114,0.6978897458063885,1.8561203133644826,17.860750089591466,0.001118999986318042,0.031287
5.788760662078857,3.085483248363141,4.891270387974589,-0.04832430217945671,0.6257567815413084,1.8968943682015906,17.901524144428574,0.001121554535627337,0.031287
5.815694332122803,3.0809558941511304,4.914554468290059,-0.13695203260541197,0.728455272385304,1.974029466615808,17.97865924284279,0.0011263871531622775,0.031287
5.843903064727783,3.0783688346958153,4.91229073789199,-0.2489914404963095,0.7854505891032405,2.0801292539800187,18.084759030207003,0.0011330344473695958,0.031287
5.872147560119629,3.082249423904527,4.895797847380929,-0.25241903063340854,0.7168366164509976,2.131990765200867,18.136620541427853,0.0011362836407156458,0.031287
5.902308225631714,3.0832195712308406,4.896444627321904,-0.23606834441628027,0.673062156421482,2.1464022634475204,18.151032039674504,0.001137186540440458,0.031443
5.932284355163574,3.0777220698427064,4.909865312553399,-0.33087285770491276,0.7307179511431869,2.2101094403794233,18.214739216606407,0.0011411778806561582,0.031443
5.958772420883179,3.079824055630986,4.879304961062407,-0.3566110201457513,0.5700131031078612,2.389928652746936,18.39455842897392,0.0011524437958707844,0.031443
5.988211154937744,3.078045452268725,4.885772759119816,-0.40900273125541575,0.500072908856247,2.5246723520812235,18.529302128308206,0.0011608856696417734,0.031443
6.016769886016846,3.0838663361204155,4.8932107276814945,-0.3331769352059169,0.5000509573940255,2.449666360841933,18.454296137068916,0.0011561864435314742,0.031443
6.047246694564819,3.075943466518758,4.886581233922228,-0.4332238679182609,0.4564185570758176,2.6023408315086303,18.60697060773561,0.0011657517042137065,0.031443
6.0733582973480225,3.0769136137823487,4.893049032703704,-0.48450672271602635,0.46842908099000075,2.625580389358734,18.630210165585716,0.001167207693731832,0.031443
6.10446310043335,3.0738414808140453,4.891593777921713,-0.579779714421441,0.4672619764296509,2.6878181210913925,18.692447897318374,0.0011711069712318234,0.031443
6.131275415420532,3.0786922171239772,4.886581233922228,-0.5527208182659793,0.43346627040076313,2.713124189620405,18.717753965847386,0.0011726924304200255,0.031443
6.162835597991943,3.074649936848965,4.882700554962349,-0.6119045832383034,0.3842773557314273,2.80367046824369,18.808300244470672,0.001178365276410948,0.031443
6.188443899154663,3.0799857468473455,4.8198012489957005,-0.550208228224335,-0.0639845501314885,-2.855012411106851,19.432802672299715,0.0012174911924386028,0.031602
6.216565132141113,3.078045452268725,4.884479199456874,-0.5445207769104071,0.04776391137551254,-3.0160660584678047,19.27174902493876,0.0012074009650803238,0.031602
6.243158340454102,3.0743265544341942,4.87768801164852,-0.612414553532185,0.0813069760881949,-3.0740066081137107,19.213808475292854,0.001203770911810679,0.031602
6.268677473068237,3.080147438063973,4.848582929054789,-0.5474402076300324,-0.08670221878539887,-2.821452090033487,19.466362993373078,0.0012195937916370434,0.031602
6.295085191726685,3.0837046448976198,4.890785303056923,-0.43320816858736466,0.07335091595721215,-3.0375773388313116,19.250237744575255,0.001206053254468412,0.031602
6.321935176849365,3.085483248363141,4.885772759119816,-0.3188707418607137,0.15240937785079653,3.0871541495902735,19.091783925817253,0.001196125909864583,0.031602
6.3510096073150635,3.0846747922384234,4.866692756698602,-0.25445954295567547,0.08221837518498752,-3.0101724841295003,19.277642599277065,0.0012077702054297406,0.031602
6.379078388214111,3.0875852343188237,4.814303626148799,-0.15312170382194482,-0.31159601978283125,-2.0953785772406777,20.19243650616589,0.0012650832725830047,0.031602
6.407269477844238,3.0812792765878707,4.883185639819668,-0.20406021408781871,-0.1340747574242985,-2.431824063008612,19.855991020397955,0.0012440045109362312,0.031602
6.436324834823608,3.0837046448976198,4.883509029726556,-0.19284217310780646,-0.007682213778222049,-2.7090797691407658,19.5787353142658,0.0012266340684961188,0.031602
6.467850208282471,3.0796623644148955,4.876071062274798,-0.26311454071739987,0.031856389562560504,-2.8838464316494337,19.403968651757133,0.0012156847023174825,0.03176
6.497105360031128,3.083381262452832,4.888036488591913,-0.2404302015713903,0.13825683015519546,3.109880576989869,19.11451035321685,0.0011975497510706714,0.03176
6.525645971298218,3.081117585369366,4.883185639819668,-0.2683011623487101,0.18082223753232798,2.9973723152298786,19.00200209145686,0.0011905009573336455,0.03176
6.551875829696655,3.0843514097904148,4.884964284327461,-0.22531083718242462,0.22232015280028844,2.8567452746222513,18.861375050849233,0.0011816904843285063,0.03176
6.579741477966309,3.0882319992373968,4.810746341021806,-0.12021760957446645,-0.23692901007608178,-2.109038665194013,20.178776418212557,0.001264227449722475,0.03176
6.606295585632324,3.088878764160269,4.877849706588102,-0.034152349959559,-0.11691423902158017,-2.064359401652383,20.22345568175419,0.001267026665603163,0.03176
6.631784439086914,3.0861300132677476,4.889330048325663,-0.02703166888496464,0.04262803082536867,-2.5460048822394796,19.74181020116709,0.0012368509292268281,0.03176
6.659069299697876,3.0867767781766515,4.881568690309342,-0.009547192113398271,0.1032437781846537,-2.926758522868344,19.361056560538227,0.0012129962021567408,0.03176
6.686438083648682,3.090333985252455,4.877849706588102,0.0714419432180029,0.12120671276095607,0.0,19.361056560538227,0.0012129962021567408,0.03192
6.713465929031372,3.0837046448976198,4.880275130730021,9.33700626292997e-06,0.14973821587655034,2.9033391586603963,18.907968934887382,0.0011846096537553032,0.03192
6.745119094848633,3.081602659025683,4.877041231894213,-0.09061848582000491,0.14843366964000934,3.024114377005294,19.02874415323228,0.0011921763834277742,0.03192
6.773677825927734,3.0916275151304564,4.878496486350443,0.03969203882544163,0.15709495643146015,2.641209452800722,18.64583922902771,0.001168186875551746,0.03192
6.799414873123169,3.0901722940189145,4.871220214394487,0.10278440474833453,0.11528551353986037,0.0,18.64583922902771,0.001168186875551746,0.03192
6.831664323806763,3.090010602785643,4.87687953695664,0.14382406077267876,0.12325294811119183,0.0,18.64583922902771,0.001168186875551746,0.03192
6.859475612640381,3.0916275151304564,4.876556147082698,0.20380182144031733,0.12670249253280588,0.002157421219033668,16.006787197446023,0.001002846720607556,0.03192
6.892114639282227,3.085968322041193,4.87316055350327,0.13641125110310715,0.10677674659344469,0.0,16.006787197446023,0.001002846720607556,0.03192
6.9175097942352295,3.1014906810166494,4.872513773793922,0.3892378747846406,0.08857340513275255,-0.1284140996642029,15.876215676562786,0.0009946662394212135,0.03192
6.954020261764526,3.099065312263178,4.888198183557224,0.5193415046197677,0.17902257112996792,0.12395980282976045,16.12858957905675,0.001010477803438469,0.03192
6.980506420135498,3.094214574938102,4.89030021814288,0.5166640355354711,0.2561667785519577,0.30008731544614015,16.30471709167313,0.001021512428704449,0.032075
7.014446020126343,3.0959931785958212,4.885287674243196,0.5491648102878581,0.2771889915673305,0.32212928561664755,16.32675906184364,0.0010228933877456704,0.032075
7.0409910678863525,3.0961548698390478,4.889653438263125,0.5750403529285639,0.32062795243384046,0.386438951962855,16.391068728189847,0.00102692247473253,0.032075
7.069927930831909,3.099065312263178,4.884802589370196,0.6494032393205569,0.3191203232086711,0.33583782443717236,16.340467600664162,0.0010237522461181163,0.032075
7.098087787628174,3.102299137281289,4.874454112941226,0.7639572690447199,0.24997986679947792,0.18233783959494015,16.18696761582193,0.0010141352658638338,0.032075
7.127971410751343,3.1003588422574815,4.876232757210364,0.8066450840516495,0.21328367584685332,0.12049731730541728,16.12512709353241,0.0010102608740690455,0.032075
7.153538465499878,3.0953464136256095,4.894665982499736,0.7396515430448982,0.3088729658262497,0.27692515656670696,16.2815549327937,0.00102006128833581,0.032075
7.1870129108428955,3.1010056072611025,4.881892080208192,0.8021310777017273,0.2917428926274782,0.23001772080646213,16.234647497033457,0.0010171224744724148,0.032075
7.2146055698394775,3.0959931785958212,4.896121237350611,0.7489917398042002,0.3733688893261843,0.3636845019554576,16.368314278182453,0.0010254968778724192,0.032234
7.242333173751831,3.094214574938102,4.900001917112555,0.6774192001645681,0.45603901274138564,0.5208011264972322,16.525430902724228,0.0010353404454622843,0.032234
7.273481130599976,3.100520533507982,4.82966463231377,0.7491934362902261,0.051142181451948876,-0.12263483108898136,15.881994945138015,0.0009950283183610212,0.032234
7.300976276397705,3.0971250173040605,4.897899882212677,0.7338103931239631,0.21665052393813108,0.13829678794328917,16.142926564170285,0.0010113760348153939,0.032234
7.3301286697387695,3.101167298512682,4.874454112941226,0.8011672732325748,0.17825100731011354,0.06978710555633404,16.07441688178333,0.0010070838111814976,0.032234
7.363606929779053,3.090657367720342,4.889976828202197,0.6451920692295232,0.2534990236606191,0.22775962000463337,16.23238939623163,0.0010169810014237647,0.032234
7.390487432479858,3.099065312263178,4.903882597106792,0.698509440731217,0.3976620340298911,0.4289122860081412,16.433542062235137,0.001029583486166941,0.032234
7.421747207641602,3.1021374460278217,4.895959542365568,0.7952066095201941,0.4464484581024425,0.4344521406705149,16.43908191689751,0.0010299305655034924,0.032234
7.449173927307129,3.0950230311421185,4.888844963422488,0.7253946103019974,0.43379042853767485,0.46079478561179105,16.465424561838788,0.001031580967596406,0.032234
7.475709438323975,3.097610091040203,4.899840222117837,0.7265262159993577,0.4972702599203348,0.5402738913428563,16.54490366756985,0.0010365604403385648,0.032234
7.502138614654541,3.099065312263178,4.897091407269328,0.7554433434701069,0.5236210277194889,0.5506163670444011,16.555246143271397,0.0010372084103348119,0.032393
7.5275022983551025,3.1016523722690383,4.863782248345772,0.8256853399326834,0.3229175954609612,0.262110769639935,16.26674054586693,0.0010191331470939687,0.032393
7.555295705795288,3.1003588422574815,4.904852767141667,0.8498547336732439,0.4526380163426712,0.41243685155204846,16.417066627779043,0.001028551278066023,0.032393
7.581806182861328,3.0916275151304564,4.900810392092192,0.6980232924706957,0.5168465530381922,0.5867023082479991,16.591332084474992,0.0010394692430271985,0.032393
7.610706806182861,3.0914658238947648,4.89240225279657,0.5886162834604802,0.5064733575592726,0.6741923648844551,16.678822141111446,0.0010449506126050758,0.032393
7.638448476791382,3.103754358574633,4.886257844000056,0.7495314047853087,0.45878657709586057,0.4769470595333265,16.48157683576032,0.0010325929292557168,0.032393
7.664623975753784,3.1003588422574815,4.9085717524099906,0.796546979070073,0.5722144022409704,0.5762078211288572,16.58083759735585,0.0010388117493114347,0.032393
7.693805694580078,3.096478252326308,4.903074122088828,0.754457871719911,0.6154436473987361,0.6513861016197237,16.656015877846716,0.0010435217695747897,0.032393
7.721767902374268,3.0980951647787696,4.900001917112555,0.7562455001058831,0.6254913433921719,0.6600854771626358,16.66471525338963,0.001044066797138843,0.032393
7.749074220657349,3.0968016348146454,4.859901570743886,0.7324968371095452,0.3686949049172709,0.36348779327940367,16.3681175695064,0.0010254845538096161,0.032393
7.776025056838989,3.1008439160097927,4.905014462148891,0.7939977830766793,0.48574596331347875,0.48091177559790255,16.485541551824898,0.0010328413240431565,0.032551
7.802549123764038,3.0987419297672973,4.904044292111595,0.79642343961387,0.5612987221223599,0.5648488805094389,16.569478656736436,0.0010381000964226168,0.032551
7.82829737663269,3.0948613399007767,4.883670724680604,0.7231213910899128,0.48014305190593987,0.521683461802828,16.526313238029825,0.0010353957249544636,0.032551
7.858041048049927,3.0963165610825434,4.864752417782291,0.6999349598093071,0.2988659905072776,0.27051078180814797,16.275140558035144,0.001019659419140448,0.032551
7.887302875518799,3.096478252326308,4.894827677481554,0.6868294582373662,0.3698444162727732,0.39156805244682286,16.39619782867382,0.0010272438197680186,0.032551
7.924068212509155,3.0946996486597045,4.910350397613844,0.6432806038539208,0.5216570243483335,0.642648787297028,16.647278563524026,0.0010429743650952183,0.032551
7.958537817001343,3.094052883698106,4.910673787656161,0.6002964047477496,0.6300535108873269,0.8112863657778073,16.815916142004806,0.001053539735926014,0.032551
7.986018180847168,3.0998737685075963,4.906308022221225,0.6827074777110436,0.6772076303991975,0.7753931450076983,16.780022921234696,0.0010512909774276758,0.032551
8.013222455978394,3.088070308007351,4.9072781922924325,0.5122702107916351,0.7165984963490697,0.993601589728087,16.998231365955085,0.001064962029619313,0.03271
8.041125059127808,3.0925976625502525,4.89676801729481,0.48046412757343815,0.6750231327795572,0.9999229946774663,17.004552770904464,0.001065358074131239,0.03271
8.068110942840576,3.095184722383729,4.883347334772911,0.5081998732221072,0.5576224793656035,0.8412979966891849,16.845927772916184,0.0010554200049186799,0.03271
8.095230102539062,3.0935678099797332,4.9072781922924325,0.49636489258175276,0.6328888906255715,0.9398699920081899,16.94449976823519,0.0010615956728419204,0.03271
8.121569395065308,3.090819058954689,4.911320567745643,0.4349554029164221,0.7121711390854976,1.0925958706702528,17.097225646897254,0.0010711641543041217,0.03271
8.152681827545166,3.087261851861149,4.909865312553399,0.3232187582165422,0.7580942390079998,1.283866325257572,17.288496101484572,0.0010831475052268235,0.03271
8.184283018112183,3.086938469404548,4.911320567745643,0.2387531068754586,0.7998148829531954,1.4261746911881525,17.430804467415154,0.0010920633155220509,0.03271
8.214062690734863,3.093082736263782,4.903235817091614,0.2983771554621968,0.7758278142194707,1.3285879127323654,17.333217688959365,0.0010859493727587801,0.03271
8.241041660308838,3.090010602785643,4.903235817091614,0.2807389862723766,0.7590368661058613,1.3497335457783344,17.354363322005334,0.0010872741750750565,0.03271
8.269704341888428,3.087261851861149,4.899031747150298,0.21526726656571035,0.7196236149123848,1.4471318956807873,17.451761671907786,0.0010933763125363359,0.03271
8.298370361328125,3.0893638378552457,4.840013101649611,0.21006206361009944,0.30373647225579714,1.1552222513848482,17.159852027611848,0.001075087781184922,0.032866
8.328514099121094,3.0887170729291484,4.8547273343000175,0.19391842118952612,0.10942394879534317,-0.7801628741224216,15.224466902104577,0.0009538333031759128,0.032866
8.355746030807495,3.0827344975664768,4.904367682122413,0.06699287217990117,0.30000097263852893,2.074037704993883,18.078667481220883,0.0011326528036425445,0.032866
8.383226156234741,3.0864533957216627,4.9053378521645525,0.05001998661195592,0.43978787142909,1.8967325296595645,17.901362305886565,0.0011215443962252747,0.032866
8.410648822784424,3.081764350244992,4.9074398873057135,-0.05248603124418235,0.5514684954612246,2.0365422101674224,18.041171986394424,0.0011303036605221643,0.032866
8.438273906707764,3.0879086167775727,4.893534117638284,-0.0054902455311763975,0.5381555283409151,1.9481535691689407,17.952783345395943,0.0011247659934268944,0.032866
8.465327739715576,3.077236996205688,4.899840222117837,-0.17884318763672968,0.570325829782601,2.237827742942706,18.242457519169708,0.0011429144695470788,0.032866
8.495066404342651,3.0773986874177597,4.899516832129612,-0.2970652473986721,0.5907173802615613,2.3684903103742276,18.37312008660123,0.0011511006549219784,0.032866
8.521329402923584,3.08483648346283,4.899840222117837,-0.2360706968819002,0.6071191261270651,2.2754994144791034,18.280129190706106,0.0011452746503750034,0.033025
8.552572965621948,3.0764285401493483,4.886904623846008,-0.35587450206427973,0.5334939352951871,2.501090426812071,18.505720203039072,0.0011594082303449272,0.033025
8.583341598510742,3.0720628775607683,4.884317504500816,-0.5241121552599334,0.46493502115944874,2.715562375755929,18.72019215198293,0.00117284518605675,0.033025
8.610164642333984,3.085483248363141,4.882215470108648,-0.38250353253151176,0.40311399131350223,2.7116891043361395,18.71631888056314,0.0011726025203991485,0.033025
8.64033842086792,3.085483248363141,4.88059852062244,-0.28337749662162237,0.3492009707632235,2.728376174895385,18.733005951122387,0.00117364798778623,0.033025
8.669126272201538,3.087423543089852,4.872513773793922,-0.17648927142668316,0.25827036205159964,2.85164423789877,18.85627401412577,0.0011813708975253133,0.033025
8.69434666633606,3.0875852343188237,4.884964284327461,-0.09854251375165879,0.2765338399637942,2.6986876306688146,18.703317406895813,0.0011717879606083852,0.033025
8.720252990722656,3.090010602785643,4.873322248431609,0.0028952178226977245,0.21272251962749242,2.7984974006363266,18.803127176863324,0.0011780411767761169,0.033025
8.747043132781982,3.0901722940189145,4.866692756698602,0.0770266300463909,0.12443757442867853,-2.544904948587136,19.742910134819446,0.001236919841547742,0.033025
8.772446632385254,3.0932444275021633,4.879951740839209,0.18829362190230503,0.1498721591546342,-0.28185785712449946,22.005957226282085,0.0013787027818879427,0.033025
8.800111055374146,3.0982568560254973,4.887066318808501,0.3630555256153215,0.21448488847156633,0.21588823024177978,22.503703313648366,0.0014098872429077131,0.033025
8.826788902282715,3.102299137281289,4.88059852062244,0.5635138694510523,0.21716059877387228,0.12187963840789015,22.409694721814475,0.0014039974783430543,0.033025
8.852218627929688,3.0935678099797332,4.886742928883916,0.5350846899420172,0.25945913609351057,0.2334281398433199,22.521243223249904,0.001410986141806454,0.033025
8.877664804458618,3.098903621015103,4.88059852062244,0.6183092748221711,0.24864257210921958,0.17222339124865965,22.460038474655242,0.0014071515820877143,0.033184
8.904728174209595,3.1000354597572883,4.899193442142999,0.6984414872021777,0.3634114393705844,0.3405935936734844,22.628408677080067,0.001417700201449425,0.033184
8.933165550231934,3.0924359713129475,4.904852767141667,0.6076590208611701,0.4809837070794133,0.5938641716810314,22.881679255087615,0.001433567943392154,0.033184
8.96416187286377,3.0877469255480636,4.9059846322007195,0.45348629089361236,0.5707311069910624,0.9139722479219198,23.201787331328504,0.0014536231443852297,0.033184
8.990071296691895,3.092274280075911,4.897253102257191,0.4330653832507163,0.5761074508929843,0.952760980588701,23.240576063995285,0.0014560533105935749,0.033184
9.018290519714355,3.0843514097904148,4.8298263271345965,0.2656457447371681,0.13625391728308675,-0.2535146495860645,22.03430043382052,0.0013804785219150202,0.033184
9.04405689239502,3.083381262452832,4.901295477084815,0.12970199824682158,0.29856917455949555,1.673777107829974,23.96159219123656,0.0015012259395409029,0.033184
9.073863744735718,3.080470820498032,4.887713098662499,-0.021708621769193467,0.3228281195097699,2.3883979120410843,24.67621299544767,0.0015459978929092462,0.033184
9.10049295425415,3.082249423904527,4.86927987534347,-0.09332105752443877,0.21853277029210255,2.933021205452467,25.220836288859054,0.0015801192738601495,0.033342
9.13061809539795,3.0883936904677123,4.880436825676029,-0.02469976374930325,0.2189302860969582,2.849254401854015,25.137069485260604,0.001574871171086728,0.033342
9.1576566696167,3.0961548698390478,4.812686678339995,0.17333515110255385,-0.2265359707665196,-1.4917771407141998,27.079223249871973,0.0016965497134282476,0.033342
9.18384599685669,3.1016523722690383,4.888198183557224,0.41820960527539913,-0.04155399199952258,-0.6491074538335743,27.9218929367526,0.0017493441013100622,0.033342
9.210885763168335,3.092274280075911,4.89450428751832,0.4083717033179785,0.12942276815220127,-0.14247607341720514,28.428524317168968,0.0017810852378754626,0.033342
9.237649917602539,3.11038370029881,4.887874793627005,0.7514852260945025,0.20548946509498817,0.06242964951322245,28.633430040099395,0.0017939228566767724,0.033342
9.265613555908203,3.1074732575347244,4.904852767141667,0.9354146789242758,0.37043832508650565,0.2510899553455093,28.82209034593168,0.0018057426782736332,0.033342
9.293370962142944,3.0974483997945526,4.908895142443419,0.8704152636740351,0.5124982866620292,0.44395022554559865,29.01495061613177,0.0018178256332801509,0.033342
9.32210659980774,3.097610091040203,4.903397512094803,0.8280406733597785,0.5757700271404764,0.5390874535145472,29.11008784410072,0.0018237861084148225,0.0335
9.35042119026184,3.0932444275021633,4.9014571720831634,0.7140034522216763,0.6072942817526296,0.6590941212292043,29.230094511815373,0.0018313046873578774,0.0335
9.378499507904053,3.099065312263178,4.8797900458944055,0.7466774088257041,0.4868080243406873,0.4876227864302561,29.058623177016425,0.0018205617778870274,0.0335
9.404901266098022,3.093406118740814,4.878173096468469,0.6601741672734383,0.3918293448907717,0.4093688133530957,28.980369203939265,0.0018156590613514153,0.0335
9.432803392410278,3.086938469404548,4.872837163647794,0.4746218932152829,0.29023788358715685,0.35306224128196384,28.924062631868132,0.001812131378971831,0.0335
9.45935869216919,3.090010602785643,4.868148010923712,0.40411030269951687,0.1882727968368751,0.06609319093667633,28.637093581522844,0.0017941523824683628,0.0335
9.485907554626465,3.097933473532311,4.856991062693797,0.5078772014150745,0.04349298968824596,-0.3468588216673348,28.22414156891883,0.00176828038414041,0.0335
9.515395164489746,3.103269284807757,4.868309705839618,0.6836390456923821,0.016615200858207176,-0.28434650039021586,28.28665389019595,0.001772196865044231,0.0335
9.541667461395264,3.1024608285350257,4.866692756698602,0.7910473340222097,-0.012837548709813336,-0.28153529977428843,28.289465090811877,0.0017723729905392397,0.0335
9.568621635437012,3.110868774101338,4.875262587602994,1.0287331699376017,0.022928505750485478,-0.16783066709030137,28.403169723495864,0.0017794967385217967,0.0335
9.595359563827515,3.1065031099661478,4.8809219105164665,1.110738235619161,0.08519879077956971,-0.08923915545049291,28.48176123513567,0.0017844206023017901,0.033657
9.624075889587402,3.1082817138493,4.886742928883916,1.2025167890645279,0.1670858704975007,-0.003054628317250372,28.567945762268913,0.0017898201787025108,0.033657
9.652169466018677,3.0998737685075963,4.884964284327461,1.1042617467327769,0.21270469587592297,0.04501340906416284,28.616013799650325,0.0017928317058165642,0.033657
9.681481838226318,3.0984185472724945,4.896929712281867,1.0073582133836012,0.32336130266703644,0.17946726871473198,28.750467659300895,0.0018012554207420125,0.033657
9.708810329437256,3.0971250173040605,4.847774454723374,0.9145257370893373,0.07741666269935198,-0.1238631803363891,28.447137210249775,0.0017822513606305702,0.033657
9.736510515213013,3.097933473532311,4.880436825676029,0.8651680054879517,0.12014901078204447,-0.0719620201162184,28.499038370469947,0.0017855030380396902,0.033657
9.763767719268799,3.0924359713129475,4.897576492234128,0.7243675836612061,0.26282764400263964,0.16483106165251962,28.735831452238685,0.001800338442708044,0.033657
9.798875093460083,3.0959931785958212,4.883347334772911,0.6945572939758697,0.269085637221771,0.18554919511325835,28.756549585699425,0.001801636461601025,0.033657
9.82581377029419,3.0846747922384234,4.87768801164852,0.4549400821299272,0.2362321841805875,0.2264123117009754,28.79741270228714,0.0018041965907486365,0.033657
9.853033065795898,3.0827344975664768,4.883994114589905,0.2497080348381905,0.2547241353576796,0.818569787192243,29.389570177778406,0.0018412960520617983,0.033657
9.886790990829468,3.084998174687505,4.864914112689779,0.14979560063943392,0.14213657861868198,0.0,29.389570177778406,0.0018412960520617983,0.033816
9.917770862579346,3.0971250173040605,4.844540557497549,0.31423190816843155,-0.07071723195948205,-1.0369645693549887,27.534035821231175,0.0017250443319955162,0.033816
9.944294452667236,3.097771782286122,4.874615807872777,0.44183732487197475,-0.021842591964719785,-0.6186765054227116,27.95232388516345,0.0017512506411073597,0.033816
9.971769094467163,3.097610091040203,4.875262587602994,0.5280361161983448,0.01662497547203928,-0.4072451836957169,28.163755206890446,0.0017644970974394253,0.033816
10.000982999801636,3.095184722383729,4.873322248431609,0.5415002652595562,0.030786314483277587,-0.3606838204997006,28.210316570086462,0.001767414229391776,0.033816
10.029811143875122,3.099227003511522,4.875100892669838,0.6290501783652529,0.05240138012158425,-0.2517527355156092,28.319247655070555,0.001774238908198398,0.033816
10.055517673492432,3.106664801226902,4.874777502804729,0.8340851421713331,0.06540426634818519,-0.15624958570161449,28.414750804884548,0.0017802223088282216,0.033816
10.08665919303894,3.10504788863151,4.87687953695664,0.946359610542056,0.08833607507703285,-0.10443421903136871,28.466566171554796,0.0017834686111561882,0.033816
10.11232614517212,3.0980951647787696,4.8927256427493315,0.8905767172813732,0.2086436832833601,0.05562342770941913,28.626623818295585,0.0017934964377376386,0.033965
10.140145301818848,3.094376266178367,4.891917167870448,0.779653684655442,0.28753985830540685,0.19477441767074563,28.76577480825691,0.0018022144341869367,0.033965
10.16825795173645,3.1014906810166494,4.881083605464083,0.8395075782712894,0.2714905675272338,0.1538094220586816,28.724809812644846,0.001799647922181591,0.033965
10.197846412658691,3.0961548698390478,4.8966063223081555,0.7782802905169859,0.36238375238822346,0.3126079072390251,28.88360829782519,0.0018095968605997869,0.033965
10.226082563400269,3.0925976625502525,4.895959542365568,0.6666711833811378,0.42175366095326733,0.4797961711188805,29.050796561705045,0.0018200714299239002,0.033965
10.253851652145386,3.0958314873528647,4.9067931072550115,0.6510448134709682,0.5345892265791774,0.6618602669098597,29.232860657496026,0.0018314779901006672,0.033965
10.281143426895142,3.089525529087442,4.908086667362877,0.5182313465446586,0.6220847656577707,0.9336850456643857,29.504685436250554,0.001848508177644945,0.033965
10.30799388885498,3.0883936904677123,4.877041231894213,0.4033869190990478,0.4790762544868714,0.9529068864515087,29.523907277037676,0.0018497124517918818,0.033965
10.335214853286743,3.0866150869490228,4.8927256427493315,0.28862081946280965,0.48216180887024906,1.2494185598375032,29.820418950423672,0.001868289306447915,0.033965
10.363425493240356,3.089848911552641,4.899678527123523,0.27078455095633747,0.530066395886711,1.336909809452806,29.907910200038977,0.0018737707507675198,0.033965
10.390511274337769,3.088070308007351,4.89143208294795,0.22392416206333807,0.5093442667261165,1.4580172378814562,30.029017628467628,0.0018813582938480115,0.034124
10.419743537902832,3.0838663361204155,4.872513773793922,0.10987189011720788,0.3703706692256326,1.941699554085189,30.51269994467136,0.001911661640711908,0.034124
10.447308540344238,3.082087732684414,4.867662926178401,-0.004339699071301727,0.24117425754793695,2.8066965673741993,31.37769695796037,0.0019658548655865802,0.034124
10.478189706802368,3.0883936904677123,4.870411739782878,0.03758718716788124,0.16882187535746915,-3.099052623294308,31.755133074471452,0.0019895017453140985,0.034124
10.504212141036987,3.0867767781766515,4.875747672404872,0.0356860071235824,0.15328159220562163,-2.996640817288755,31.857544880477004,0.0019959179825350536,0.034124
10.531667232513428,3.0867767781766515,4.873483943360351,0.03435518109256749,0.1275097760317902,-2.835617979433337,32.01856771833242,0.002006006279636423,0.034124
10.559043169021606,3.090657367720342,4.864590722875203,0.1084236047315353,0.05095886770281774,-2.121552388701372,32.73263330906438,0.0020507434481344526,0.034124
10.587134599685669,3.092274280075911,4.867339536350198,0.1915215029372738,0.015458337004573311,-1.5262946853235964,33.32789101244216,0.00208803714288939,0.034124
10.61637568473816,3.0980951647787696,4.88981513323246,0.3621900419580342,0.138480324342006,-0.1993934891793542,34.6547922085864,0.0021711692853180597,0.034282
10.646499156951904,3.1014906810166494,4.876232757210364,0.5472830283830982,0.1352339961266249,-0.10743297732258177,34.74675272044317,0.0021769307349208673,0.034282
10.672826290130615,3.096478252326308,4.893695812617283,0.5799731062390229,0.24785520897237065,0.18448325391148013,35.03866895167723,0.0021952196789528033,0.034282
10.703178882598877,3.0972867085491718,4.8983849671835245,0.6184811624386303,0.3575411339221631,0.40083817666255495,35.2550238744283,0.0022087746055031374,0.034282
10.72917652130127,3.0997120772581734,4.904529377128427,0.6923118076608222,0.4747468325707152,0.5359001238983437,35.390085821664094,0.0022172364179326737,0.034282
10.756856679916382,3.097771782286122,4.835485646114357,0.7064932545166511,0.1025355054835474,-0.13959589945848172,34.714589798307266,0.0021749156846430522,0.034282
10.784930944442749,3.097771782286122,4.902589037082892,0.7164202673157284,0.2834769287179368,0.2025351336230771,35.05672083138882,0.0021963506534666936,0.034282
10.817003726959229,3.096639943570342,4.889168353357536,0.7014941738215427,0.3218380181488763,0.2789199778174443,35.13310567558319,0.0022011362665669077,0.034282
10.845456600189209,3.095184722383729,4.896282932336056,0.6629209055957862,0.39549930739923506,0.43607659334901044,35.29026229111476,0.0022109823396460047,0.034282
10.871950626373291,3.089687220319907,4.911320567745643,0.5296696111381083,0.5459984308270737,0.8311873596468341,35.68537305741258,0.0022357365599258707,0.034282
10.899992942810059,3.0871001606327146,4.905661242181829,0.38639370394355527,0.6141137528824314,1.1541781065780887,36.00836380434384,0.002255972364110128,0.034438
10.925596237182617,3.0925976625502525,4.893049032703704,0.3923505727797536,0.5788157180546383,1.1100924625067836,35.964278160272535,0.0022532103392866936,0.034438
10.952726364135742,3.0845131010142848,4.901942257080626,0.24027037734748946,0.6126177562874104,1.4639187425920088,36.31810444035776,0.0022753780310459026,0.034438
10.981107950210571,3.0827344975664768,4.892240557820792,0.09943924149045835,0.5724493696892389,1.8064333695422297,36.66061906730798,0.0022968370325407153,0.034438
11.009181261062622,3.082249423904527,4.869926655020726,-0.008517553242673916,0.3975229645097099,2.320062572726642,37.17424827049239,0.002329016592103046,0.034438
11.035927534103394,3.079015599553211,4.880275130730021,-0.1465873059185353,0.34315959210067415,2.695535052522556,37.54972075028831,0.0023525404473525116,0.034438
11.061520099639893,3.0782071434821363,4.886257844000056,-0.25886113155852797,0.3444669412748455,2.7941311177266517,37.64831681549241,0.0023587176232863875,0.034438
11.091630458831787,3.073679789607864,4.882538860010713,-0.42495280020930787,0.320913995357618,2.9189476223829542,37.77313332014871,0.0023665375449751225,0.034438
11.117267370223999,3.0812792765878707,4.882700554962349,-0.3943419815589671,0.3054907632012063,2.9328065285300933,37.78699222629585,0.0023674058240625764,0.034438
11.148241519927979,3.0877469255480636,4.87025004486176,-0.24791441080049226,0.21277959952990003,3.070953605525179,37.92513930329093,0.002376060924015935,0.034438
11.174099206924438,3.084998174687505,4.875100892669838,-0.198540111307644,0.17979667965421606,-3.1361270078677164,38.00124399707762,0.0023808289853167693,0.034597
11.203214645385742,3.0879086167775727,4.885287674243196,-0.10772810157558811,0.22372992233890557,3.0008997133543094,37.85508541112006,0.0023716719535646653,0.034597
11.231262683868408,3.0845131010142848,4.8797900458944055,-0.10978469470125832,0.21831297275108633,3.019804508115892,37.87399020588164,0.002372856364352199,0.034597
11.265358924865723,3.093082736263782,4.872352078867589,0.05440069435848921,0.16558493362393664,-3.0173862252911885,38.119984779654146,0.0023882682548553957,0.034597
11.292312383651733,3.0916275151304564,4.890461913113825,0.1412054649503732,0.24782426241042183,2.169820483209142,37.024006180974894,0.0023196037233673456,0.034597
11.320333242416382,3.0956697961101765,4.886257844000056,0.280093810265709,0.277732210491663,0.7933602203998514,35.647545918165605,0.002233366638837031,0.034597
11.346356630325317,3.104401123600913,4.880760215569252,0.5460656758368325,0.2624975541418298,0.21914315452290217,35.073328852288654,0.0021973911682864216,0.034597
11.380877017974854,3.0980951647787696,4.89676801729481,0.6103709629877367,0.3571524732344814,0.3911837516627718,35.24536944942852,0.0022081697428076477,0.034597
11.408508539199829,3.0985802385197614,4.8966063223081555,0.664759665154244,0.4223470863832968,0.4653211666908695,35.31950686445662,0.0022128145514515155,0.034749
11.43909502029419,3.093406118740814,4.892887337726316,0.6028317467034047,0.44351522135016896,0.5609706073442342,35.41515630510999,0.0022188071173989458,0.034749
11.466378211975098,3.0914658238947648,4.892240557820792,0.5219822014233679,0.4540775952331659,0.6825536810834385,35.53673937884919,0.002226424460297101,0.034749
11.495924472808838,3.0971250173040605,4.89240225279657,0.5747625287171853,0.4625350870957367,0.6261997358468859,35.48038543361264,0.002222893809925064,0.034749
11.521952867507935,3.0887170729291484,4.905014462148891,0.4492087467644891,0.5514340908384009,0.9570152035616379,35.81120090132739,0.0022436198433777314,0.034749
11.552992582321167,3.0948613399007767,4.909703617534059,0.48007110609536907,0.644514474803953,1.009402280275092,35.86358797804084,0.0022469019641079106,0.034749
11.578105688095093,3.094214574938102,4.911482262769024,0.48917475656839493,0.7213728784680493,1.0637174842378743,35.91790318200362,0.002250304884600406,0.034749
11.606770277023315,3.090819058954689,4.890785303056923,0.4299223077070631,0.63900348403462,1.0868543011450529,35.941039998910796,0.00225175443726044,0.034749
11.6349458694458,3.0824111151249087,4.894665982499736,0.2259455929815174,0.6068768315576767,1.492592034313853,36.346777732079595,0.0022771744512904884,0.034749
11.663748741149902,3.0916275151304564,4.902589037082892,0.2612868939864958,0.6365158569698273,1.4197406171373903,36.27392631490313,0.002272610212139568,0.034749
11.692796468734741,3.080147438063973,4.8966063223081555,0.06415080563303845,0.6179014549980428,1.864269501503511,36.71845519926925,0.002300460543902149,0.034907
11.723689794540405,3.085968322041193,4.892240557820792,0.0386555400379919,0.5761479587866835,1.952336205824002,36.80652190358974,0.0023059780412320696,0.034907
11.750558137893677,3.0799857468473455,4.881083605464083,-0.0948161419309082,0.47351623786412933,2.36680181285087,37.22098751061661,0.0023319448682838986,0.034907
11.781715393066406,3.0754583928905777,4.8797900458944055,-0.2757463116062876,0.3931633936187449,2.7365139131078022,37.59069961087354,0.002355107828017052,0.034907
11.814466714859009,3.072547951172088,4.8809219105164665,-0.4586474232846585,0.344363212287363,2.9126388342282805,37.76682453199402,0.0023661422909223326,0.034907
11.84442400932312,3.089848911552641,4.883832419635054,-0.2523032189668931,0.32935202502561745,2.8429756782619777,37.697161376027715,0.0023617778006191736,0.034907
11.870797157287598,3.0812792765878707,4.8809219105164665,-0.2734872746892711,0.299695254272166,2.915889843444791,37.77007554121053,0.002366345971016984,0.034907
11.898069143295288,3.085968322041193,4.88059852062244,-0.1976911161876076,0.27680785483428033,2.929429880812134,37.78361557857787,0.002367194272547032,0.034907
11.925498962402344,3.0927593537878266,4.877849706588102,-0.013383801107205617,0.2427015664156772,2.90296192889513,37.75714762666087,0.0023655360198037577,0.035066
11.954019784927368,3.0955081048677586,4.883670724680604,0.16875632372697544,0.2571250429112639,1.8520363399526447,36.70622203771838,0.0022996941198975924,0.035066
11.981178522109985,3.0927593537878266,4.8927256427493315,0.24312940683299963,0.326795960767318,1.170489635381424,36.024675333147165,0.002256994303301718,0.035066
12.009145498275757,3.0982568560254973,4.887713098662499,0.4014405750667877,0.3425868698552436,0.6050390294626796,35.459224727228424,0.002221568063243898,0.035066
12.036645412445068,3.1008439160097927,4.8558591984871065,0.5622583996467491,0.14406603389352982,-0.13414882903505454,34.72003686873069,0.002175256950922391,0.035066
12.064560890197754,3.0972867085491718,4.892240557820792,0.6060808678240558,0.2444631640135146,0.11891962598192268,34.97310532374767,0.0021911120295882392,0.035066
12.093801736831665,3.0958314873528647,4.910673787656161,0.6086315925810022,0.43601780865295364,0.5220930758407852,35.37627877360653,0.002216371387824195,0.035066
12.123656749725342,3.0969633260592184,4.9084100573938825,0.6322921021822241,0.5552124339210996,0.6832340098845501,35.537419707650294,0.0022264670838104085,0.035066
12.151346683502197,3.0832195712308406,4.9105120926348,0.3832294485546683,0.6524784671438764,1.1720095035430718,36.026195201308816,0.0022570895250837576,0.035066
12.179423093795776,3.0924359713129475,4.9105120926348,0.38701059380791636,0.720564690399826,1.2130673552605027,36.06725305302625,0.002259661854648843,0.035066
12.207049369812012,3.0956697961101765,4.898708357166105,0.4521574004660321,0.6905654314144757,1.0843925618048165,35.93857825957056,0.0022516002059838015,0.035222
12.237868070602417,3.08483648346283,4.867501231264099,0.28838515662338704,0.46424676134010884,1.2228976530058546,36.0770833507716,0.002260277736008101,0.035222
12.265428066253662,3.0840280273434804,4.899031747150298,0.1581195862336852,0.51327054157636,1.6792727934946323,36.533458491260376,0.002288870251630412,0.035222
12.2942373752594,3.0858066308149072,4.908733447426503,0.10130868647178419,0.6114170077897951,1.7882965103266257,36.64248220809237,0.002295700733946742,0.035222
12.322548866271973,3.0767519225710807,4.892240557820792,-0.11345893433944182,0.5716088457409179,2.2599186443813393,37.11410434214708,0.002325248494197979,0.035222
12.349883317947388,3.0827344975664768,4.902103952080587,-0.14817127669037639,0.6086367759713851,2.266042177818101,37.12022787558384,0.0023256321417938295,0.035222
12.378375768661499,3.0757817753090966,4.889330048325663,-0.30684490662273084,0.5505137413204346,2.5310605658892698,37.38524626365501,0.0023422358998184427,0.035222
12.408458709716797,3.0773986874177597,4.883185639819668,-0.38666645068887007,0.4694020753479915,2.7087148356163224,37.56290053338206,0.0023533661784683724,0.035222
12.436869382858276,3.0841897185668135,4.873645638289493,-0.3112915389553163,0.34985794406912063,2.8568890630258377,37.711074760791575,0.002362649492865149,0.035222
12.464194536209106,3.0825728063455586,4.88059852062244,-0.2897790998044247,0.31192173769214665,2.9189678199188096,37.77315351768455,0.002366538810377875,0.035222
12.491033554077148,3.085159865912448,4.879466656006004,-0.2247203936497081,0.27791958362490626,2.9639598123708812,37.81814551013662,0.0023693576191449062,0.03538
12.517588376998901,3.0950230311421185,4.868633095672632,0.011445708083045866,0.18284147612293458,-3.019656178167443,38.11771482677788,0.0023881260392583604,0.03538
12.545584440231323,3.090819058954689,4.868471400755924,0.09551197376729297,0.11522297111570799,-2.3619836805029335,38.775387324442384,0.0024293301047201583,0.03538
12.572335004806519,3.0877469255480636,4.883023944866825,0.09498335792788694,0.16363470621109397,-2.7214269546208096,38.415944050324505,0.002406810500739225,0.03538
12.603934049606323,3.0959931785958212,4.884317504500816,0.25398833596250053,0.20603356080058166,0.030807799337344063,41.16817880428266,0.002579241705284099,0.03538
12.631885528564453,3.101975754774624,4.894665982499736,0.480916835675323,0.3037978852938517,0.3258053351784749,41.463176340123795,0.002597723697188932,0.03538
12.660252571105957,3.1000354597572883,4.893049032703704,0.6022667797993612,0.36159461074262667,0.361563174253536,41.498934179198855,0.002599963973842211,0.03538
12.687007427215576,3.094537957418901,4.892078862845419,0.5809617286800706,0.39566933766607015,0.4516168099456405,41.588987814890956,0.0026056059550917036,0.03538
12.714029312133789,3.103754358574633,4.899840222117837,0.7441732164389846,0.4705854963102115,0.4454184067562247,41.58278941170154,0.0026052176168052735,0.03554
12.739944458007812,3.0919508976026457,4.905661242181829,0.6302962307592217,0.561324698720624,0.6783496177647835,41.8157206227101,0.0026198110700826655,0.03554
12.766971588134766,3.093891192458379,4.889330048325663,0.5880823433349899,0.5173952872449057,0.6630968409046446,41.800467845849965,0.0026188554631225887,0.03554
12.793723106384277,3.0927593537878266,4.9046910721348445,0.5366576205586183,0.5877085702426985,0.8329977384557206,41.97036874340104,0.0026294999825902153,0.03554
12.819522142410278,3.08564493958889,4.9046910721348445,0.36316031051774383,0.6369278683411592,1.1894991165738666,42.326870121519185,0.0026518352728347747,0.03554
12.853117942810059,3.0971250173040605,4.9067931072550115,0.46358720508324275,0.6852111717507057,1.0520442732525783,42.1894152781979,0.0026432235422509903,0.03554
12.880900144577026,3.088070308007351,4.894342592537306,0.35888601995218894,0.6370945525984306,1.1985999571831831,42.335970962128506,0.002652405452724546,0.03554
12.910794734954834,3.0858066308149072,4.901133782086871,0.24184519007471963,0.6480937889899144,1.4579164395183062,42.59528744446363,0.0026686519786951516,0.03554
12.937897443771362,3.080147438063973,4.902265647080952,0.05054161289478941,0.663240066551936,1.8745326123512815,43.0119036172966,0.002694753541583692,0.03554
12.968378067016602,3.081117585369366,4.885449369201668,-0.06462089222237284,0.5632041231979367,2.201693657420411,43.339064662365736,0.0027152506205484496,0.03554
12.996378421783447,3.0796623644148955,4.884964284327461,-0.17335964409761634,0.48998747276622817,2.4915425164960103,43.62891352144133,0.002733410040937457,0.035698
13.022902727127075,3.0858066308149072,4.892240557820792,-0.13072677476013833,0.48660817122441125,2.4367547924937067,43.57412579743903,0.0027299775164297264,0.035698
13.053525686264038,3.085968322041193,4.877849706588102,-0.09775876623721753,0.3895617878887766,2.593198630772798,43.73056963571812,0.002739778933056448,0.035698
13.080999374389648,3.0807942029331628,4.872513773793922,-0.17468115727177314,0.28652293403949464,2.945172426523389,44.08254343146871,0.002761830564183561,0.035698
13.110591411590576,3.0835429536750913,4.86927987534347,-0.17540183325061512,0.19311914046288456,-3.083801767720576,44.33675454440433,0.0027777572319029995,0.035698
13.139716148376465,3.0825728063455586,4.868471400755924,-0.1946563058111453,0.12241733615367686,-2.9063631376169683,44.51419317450794,0.0027888740004408416,0.035698
13.166882038116455,3.0901722940189145,4.876556147082698,-0.06125943649729635,0.12611756416254152,-2.8018993415787556,44.61865697054615,0.00279541879759388,0.035698
13.197513103485107,3.094214574938102,4.856182588258447,0.11024337675353486,-0.005334820988062097,-1.9070318975148666,45.51352441461004,0.0028514834450829854,0.035698
13.223525047302246,3.1003588422574815,4.881083605464083,0.3490453594478228,0.06647829202178217,-0.735330518377404,46.6852257937475,0.0029248921104887975,0.035698
13.252050161361694,3.0955081048677586,4.882215470108648,0.42245673611549245,0.12419428091712197,-0.360882756086182,47.05967355603872,0.0029483517658100413,0.035698
13.279590606689453,3.0963165610825434,4.88415580954516,0.4894697013271756,0.17736143308270005,-0.11707496367057278,47.303481348454326,0.0029636266515236202,0.035857
13.309828996658325,3.10504788863151,4.825460567111995,0.7051288019511572,-0.17159168064047794,-0.6392930076949255,46.78126330442997,0.002930908989544864,0.035857
13.335736989974976,3.10019715100725,4.87768801164852,0.762340156636734,-0.07224193832299648,-0.460386548505544,46.960169763619355,0.0029421177195467357,0.035857
13.364255905151367,3.105371271148429,4.889653438263125,0.9023881218848018,0.07602630151061543,-0.187952353762768,47.232603958362134,0.002959186087821335,0.035857
13.391010046005249,3.1016523722690383,4.896282932336056,0.9285466848229899,0.2234311057524544,0.01659594194892559,47.43715225407383,0.0029720013133272423,0.035857
13.418092012405396,3.0955081048677586,4.901780562081068,0.8281076638781009,0.362784697374948,0.2343092006427963,47.6548655127677,0.002985641341449111,0.035857
13.446849346160889,3.094376266178367,4.883670724680604,0.7359253472731371,0.34118323458276517,0.23501118465120913,47.655567496776115,0.002985685321690247,0.035857
13.474411249160767,3.0963165610825434,4.892563947772749,0.7088977291375269,0.38457286478759384,0.324648586789695,47.7452048989146,0.0029913012253484595,0.035857
13.501821279525757,3.0916275151304564,4.909218532478463,0.599353389295711,0.5245201252910491,0.6596224713875188,48.08017878351242,0.0030122877892050526,0.036008
13.529977083206177,3.0879086167775727,4.893049032703704,0.4507973488467604,0.5161001787406648,0.8747501861293586,48.29530649825426,0.0030257658295250412,0.036008
13.556478500366211,3.090657367720342,4.877526316709342,0.39993312215947036,0.40807853334012517,0.7668187553796179,48.18737506750452,0.0030190037803990845,0.036008
13.583853483200073,3.0875852343188237,4.891593777921713,0.30495316175864867,0.42501659307472633,1.1030993331015109,48.52365564522641,0.0030400722103352444,0.036008
13.610968828201294,3.0799857468473455,4.895636152396692,0.09159219327352863,0.46346898903089906,1.9757973398471642,49.39635365197206,0.0030947479127950905,0.036008
13.637990236282349,3.079015599553211,4.890946998029076,-0.07651048335720784,0.45953459154924814,2.4136760593687847,49.834232371493684,0.003122181602796676,0.036008
13.664374113082886,3.0832195712308406,4.880275130730021,-0.11293236132293691,0.38656773102835673,2.6373801921569595,50.057936504281855,0.0031361969672283824,0.036008
13.69474172592163,3.083381262452832,4.871381909318013,-0.1353026759953063,0.27698028555839915,2.9587143015663804,50.379270613691276,0.0031563289808464556,0.036008
13.720792293548584,3.0795006731990724,4.87687953695664,-0.22596189252311147,0.23643928852417676,3.0923674552577194,50.51292376738262,0.0031647025304679323,0.036008
13.756098747253418,3.0835429536750913,4.859901570743886,-0.21129834792655197,0.09635846650966262,-2.8563400587157965,50.847401560588686,0.0031856580135324083,0.036008
13.782307386398315,3.0883936904677123,4.877526316709342,-0.10728386703079966,0.11425933477843146,-2.8183691415609,50.88537247774358,0.003188036942500323,0.036165
13.814356088638306,3.0937295012189217,4.868633095672632,0.06865127464076295,0.06827930193040223,-2.277621988332645,51.42611963097183,0.0032219154780617474,0.036165
13.84005856513977,3.0946996486597045,4.872352078867589,0.21055587533631853,0.060561364049451914,-1.4633273364608135,52.240414282843666,0.0032729321318827114,0.036165
13.8718740940094,3.0948613399007767,4.88140699536052,0.31301409609564107,0.11473328147437875,-0.6980126499924538,53.005728969312024,0.003320880125074002,0.036165
13.90058159828186,3.0980951647787696,4.882215470108648,0.4472348571688856,0.15797277353394737,-0.21949818443577954,53.484243434868695,0.0033508596991526376,0.036165
13.93011999130249,3.101167298512682,4.891270387974589,0.6005643980640348,0.24781490095058986,0.08234573315810602,53.78608735246258,0.003369770626071355,0.036165
13.958447933197021,3.0937295012189217,4.904367682122413,0.564145060207147,0.39687463914719573,0.45965573591803527,54.16339735522251,0.0033934096046029493,0.036165
13.986119747161865,3.097610091040203,4.878173096468469,0.6136515309329797,0.32887597525533147,0.26688731232612073,53.97062893163059,0.0033813324039098152,0.036165
14.012900352478027,3.096478252326308,4.901295477084815,0.62643105802394,0.43340461514004935,0.4705989719625329,54.174340591267004,0.0033940952130417125,0.036165
14.038075685501099,3.0932444275021633,4.9090568374607395,0.5728767214865779,0.5576385201173144,0.7397925193331041,54.443534138637574,0.0034109605504051258,0.036323
14.068503618240356,3.0904956764862637,4.9067931072550115,0.48226368287006666,0.6297086279940006,0.9697660386342539,54.67350765793872,0.0034253687003238382,0.036323
14.09575891494751,3.090010602785643,4.885449369201668,0.40945955545787405,0.5397321162073897,0.9935581167301824,54.69729973603465,0.0034268593059775918,0.036323
14.122394323348999,3.089848911552641,4.90614632721077,0.35537166615287685,0.6129188237505978,1.1955921291736302,54.8993337484781,0.0034395170082591854,0.036323
14.147990703582764,3.08564493958889,4.90097208708933,0.2362601424337391,0.6301069485087645,1.482886859453871,55.18662847875834,0.0034575164090480796,0.036323
14.175742149353027,3.0853215571376604,4.829179547853683,0.14663207588296504,0.16979824912977287,-2.395322075852832,57.59160485063122,0.003608191409466415,0.036323
14.20272183418274,3.0837046448976198,4.894665982499736,0.05264242987174787,0.27843316712429533,2.7585736284267286,56.4623152477312,0.0035374398988156585,0.036323
14.229433298110962,3.0788539083384605,4.874454112941226,-0.10690031750218269,0.22149885754041487,3.1341087249342543,56.837850344238724,0.0035609676770862225,0.036323
14.255435228347778,3.0778837610555816,4.86927987534347,-0.23733023913757884,0.14760228691354235,-2.978941115734293,57.007985810749766,0.0035716268926142994,0.036323
14.281403541564941,3.0909807501893045,4.881083605464083,-0.07550618913947449,0.17353426755291695,-2.9767231560540686,57.01020377042999,0.0035717658507677568,0.036323
14.308688879013062,3.090819058954689,4.873483943360351,0.03464564571155733,0.14168664877489304,-2.698739921610977,57.28818700487308,0.003589181873833873,0.03648
14.339715242385864,3.0950230311421185,4.885611064160541,0.19300193563594312,0.19918056078727508,0.0,57.28818700487308,0.003589181873833873,0.03648
14.366152048110962,3.0924359713129475,4.821094807379351,0.2538513347648116,-0.18504167479595338,-1.431597616559465,58.555329309924595,0.0036685700414585895,0.03648
14.393852233886719,3.099388694760137,4.887551403698397,0.4308209274371201,-0.01676330510672154,-0.788181001981588,59.198745924502475,0.0037088809566943963,0.03648
14.419453382492065,3.105371271148429,4.887228013771398,0.6703246614450692,0.09890389354834142,-0.2459394215675893,59.740987504916475,0.0037428531201265437,0.03648
14.447575092315674,3.1026225197890325,4.873483943360351,0.7848522655715153,0.08944538697169989,-0.21474245159088554,59.77218447489318,0.0037448076522039755,0.03648
14.473968982696533,3.1013289897645313,4.897253102257191,0.8400215844266076,0.23920744687944218,0.03466504387497197,60.02159197035904,0.003760433366836003,0.03648
14.503405570983887,3.0948613399007767,4.904852767141667,0.7536400924588262,0.3940409123356137,0.31006555729164403,60.29699248377571,0.0037776875789603207,0.03648
14.530690908432007,3.0901722940189145,4.903074122088828,0.6025480422917067,0.4907222044649768,0.5991934488844167,60.58612037536848,0.0037958018297680183,0.03648
14.56076455116272,3.085483248363141,4.902750732084467,0.4061586057546162,0.5562714483191477,1.0303479878721984,61.017274914356264,0.0038228142408262447,0.03648
14.590313196182251,3.094537957418901,4.89450428751832,0.44368600684876625,0.5479005763752899,0.9406974943556927,60.927624420839756,0.003817197516975613,0.036638
14.617884874343872,3.08483648346283,4.8985466621746125,0.28245518109130097,0.5686367213494241,1.349999471980192,61.33692639846426,0.0038428408357088317,0.036638
14.646915674209595,3.082087732684414,4.8820537751582185,0.11646860461054626,0.4746413514687593,1.9025744040724393,61.889501330556506,0.00387746039750491,0.036638
14.673539876937866,3.0846747922384234,4.8797900458944055,0.05027799957419502,0.3939509731419976,2.2960408996432737,62.28296782612734,0.0039021116020149017,0.036638
14.705704927444458,3.080309129280868,4.885287674243196,-0.08043042065038838,0.3736379277803546,2.648225402942121,62.63515232942619,0.003924176434252967,0.036638
14.731226682662964,3.082896188787663,4.875100892669838,-0.12192631721995023,0.29239750942954007,2.9258366130774047,62.912763539561475,0.003941569149496441,0.036638
14.757347106933594,3.090657367720342,4.864914112689779,-0.0009734440872557193,0.16850794046897846,-2.887759501180392,63.38235273248326,0.003970989543254752,0.036638
14.788860559463501,3.089848911552641,4.85909309627252,0.06806856647128026,0.043487374829809314,-2.216979948016402,64.05313228564725,0.0040130147833509315,0.036638
14.819050312042236,3.0913041326593422,4.870411739782878,0.14452297509763015,0.03044105745478369,-1.863130868000647,64.406981365663,0.004035183903556416,0.036797
14.847610712051392,3.0984185472724945,4.889491743294193,0.33554107323899574,0.1468405684556228,-0.5028657007707993,65.76724653289284,0.0041204063435930265,0.036797
14.877569675445557,3.0917892063664163,4.884802589370196,0.3411287303403809,0.19746915442392068,-0.16265862314240612,66.10745361052123,0.004141720774022985,0.036797
14.906182050704956,3.0987419297672973,4.855697503602037,0.47941510269847254,0.04141980354393539,-0.5730333225882662,65.69707891107538,0.004116010247826619,0.036797
14.932230472564697,3.1010056072611025,4.898870052158,0.6199655694592379,0.2162278408658738,-0.008807294846479088,66.26130493881716,0.004151359766416619,0.036797
14.961771965026855,3.0890404553916593,4.894827677481554,0.48710087544936914,0.31199771152378475,0.3141656752789045,66.58427790894254,0.004171594456860108,0.036797
14.990123510360718,3.0974483997945526,4.902103952080587,0.5565956012416033,0.4269089820194055,0.5307629622026158,66.80087519586625,0.004185164567851437,0.036797
15.015939950942993,3.0948613399007767,4.875100892669838,0.5552419042293404,0.3296872473968699,0.3021499794730919,66.57226221313672,0.00417084165737661,0.036797
15.047526597976685,3.0927593537878266,4.905014462148891,0.513669313184658,0.4584406030491961,0.6572539923601546,66.92736622602379,0.0041930894008122945,0.036797
15.073554515838623,3.0879086167775727,4.898708357166105,0.3908184955690118,0.5070785702690348,0.9974830786326611,67.2675953122963,0.004214405210113372,0.036797
15.105185985565186,3.0843514097904148,4.9084100573938825,0.2360729233599807,0.6049549670523545,1.4940354581298099,67.76414769179344,0.0042455148837315755,0.036948
15.13312840461731,3.079015599553211,4.9059846322007195,0.02462602770332865,0.657510988972094,1.9671320581995457,68.23724429186318,0.0042751550212593754,0.036948
15.158982038497925,3.0782071434821363,4.900648697095458,-0.1390117980232203,0.6591938035964213,2.2408574133650943,68.51096964702873,0.00429230428246894,0.036948
15.186137914657593,3.081764350244992,4.888844963422488,-0.18480828048882575,0.582712170383458,2.3988561146799965,68.66896834834364,0.0043022031133535775,0.036948
15.212143659591675,3.0799857468473455,4.900001917112555,-0.2512408162997063,0.6025793094814929,2.450043057708233,68.72015529137188,0.0043054100440961815,0.036948
15.23900032043457,3.0693141271420887,4.892240557820792,-0.5039935667226442,0.5654224569250926,2.694199299839846,68.96431153350349,0.004320706760652557,0.036948
15.2684326171875,3.0757817753090966,4.874777502804729,-0.5559205096453411,0.4245190201106313,2.886097081587426,69.15620931525108,0.004332729414464568,0.036948
15.296663761138916,3.0783688346958153,4.874615807872777,-0.5422693744242714,0.3248227844843654,3.010483312663813,69.28059554632746,0.0043405223789355135,0.036948
15.325819492340088,3.0778837610555816,4.875262587602994,-0.5420885789830209,0.259290738986397,3.0980901768620837,69.36820241052573,0.004346011066664052,0.036948
15.356591939926147,3.0840280273434804,4.877849706588102,-0.4232120286908118,0.2304395853221569,3.136175523060422,69.40628775672407,0.0043483971647652565,0.036948
15.382599830627441,3.0835429536750913,4.882700554962349,-0.3493734432439336,0.24215867617637765,3.113992058958726,69.38410429262237,0.00434700734093917,0.037107
15.409456968307495,3.0882319992373968,4.884479199456874,-0.20706143381751702,0.26206416979102665,3.055020835422223,69.32513306908587,0.004343312714565725,0.037107
15.437885046005249,3.0901722940189145,4.872675468720658,-0.06994302610175082,0.1983384311928955,-3.033102891230709,69.52019464961252,0.004355533584621329,0.037107
15.463749885559082,3.0932444275021633,4.8809219105164665,0.08541486259858291,0.20798573858925865,-2.967671496543548,69.58562604429969,0.004359632949395622,0.037107
15.490392684936523,3.097610091040203,4.888683268455569,0.2785403926069791,0.26580269479223523,0.43001389444329247,66.70012612810694,0.0041788525034152455,0.037107
15.521390914916992,3.0946996486597045,4.892563947772749,0.3574782579126384,0.3318064869342229,0.5701988599675512,66.8403110936312,0.00418763527982255,0.037107
15.553403377532959,3.1026225197890325,4.885125979285128,0.5658597830988196,0.3290729574069381,0.2673876151255505,66.5374998487892,0.004168663748552281,0.037107
15.581774711608887,3.096478252326308,4.899516832129612,0.5929768345400193,0.42184036959858945,0.45446432422569794,66.72457655788935,0.004180384355686552,0.037107
15.617066621780396,3.094052883698106,4.897738187223201,0.5650837662279927,0.47507542540617187,0.5901742646297389,66.86028649829339,0.004188886765758558,0.037263
15.647720098495483,3.0987419297672973,4.890785303056923,0.6361836278197922,0.46659526689130193,0.4967534778485908,66.76686571151224,0.0041830338279700814,0.037263
15.673662185668945,3.090819058954689,4.8985466621746125,0.5328285175830269,0.5117230047106403,0.7010009975802597,66.9711132312439,0.004195830209456792,0.037263
15.705143690109253,3.093406118740814,4.894989372463775,0.5104799434035642,0.5199081564020066,0.7495094193697232,67.01962165303337,0.0041988693272456,0.037263
15.732111930847168,3.093406118740814,4.907763277333488,0.4948359414779345,0.6096803557327009,0.9088897530619272,67.17900198672557,0.004208854719254688,0.037263
15.758952379226685,3.0963165610825434,4.904852767141667,0.5401351450808908,0.6533719485328928,0.8925260895999465,67.1626383232636,0.004207829513756698,0.037263
15.786467790603638,3.092112588839144,4.900001917112555,0.49059458099258585,0.6520411541860893,0.9664735070479048,67.23658574071155,0.004212462418796938,0.037263
15.81627082824707,3.090657367720342,4.903882597106792,0.42779118466151383,0.6766415253977358,1.0985132296342248,67.36862546329786,0.004220734884792284,0.037263
15.844031810760498,3.0901722940189145,4.904852767141667,0.3744538068335851,0.7002447672984173,1.2157491274896586,67.4858613611533,0.00422807987128155,0.037263
15.870747566223145,3.0835429536750913,4.9072781922924325,0.20899264162312128,0.7327244921785275,1.5562013179855938,67.82631355164924,0.0042494096583619335,0.037263
15.898046493530273,3.0909807501893045,4.903235817091614,0.23691982739300987,0.7288645406772051,1.4996188438123266,67.76973107747597,0.0042458646903450175,0.037415
15.924591064453125,3.0924359713129475,4.896282932336056,0.28459385899474116,0.6804178731690671,1.3864831564577569,67.6565953901214,0.00423877658755164,0.037415
15.951568126678467,3.090819058954689,4.9090568374607395,0.28671567940551684,0.7305478007376405,1.400670897037901,67.67078313070154,0.0042396654685580605,0.037415
15.978325605392456,3.0883936904677123,4.8974147972454585,0.24132595210164853,0.6890429667422571,1.4840922279828663,67.75420446164651,0.004244891927005651,0.037415
16.004546880722046,3.085159865912448,4.890623608085172,0.14705314268459466,0.6153087157085813,1.7163919561045378,67.98650418976818,0.004259445817031878,0.037415
16.03662919998169,3.085159865912448,4.898708357166105,0.0810621760926369,0.6168862491306083,1.8814514134708797,68.15156364713452,0.004269787013768192,0.037415
16.070926189422607,3.0796623644148955,4.86636936687521,-0.07138149627708376,0.40522452563511696,2.5993916127337333,68.86950384639738,0.004314766931695631,0.037415
16.09745144844055,3.0853215571376604,4.888198183557224,-0.06871707121462813,0.40067835548161523,2.607421328981538,68.87753356264518,0.00431527000420526,0.037415
16.12328791618347,3.082896188787663,4.889330048325663,-0.11372697261490373,0.40494284697760546,2.6617295047868534,68.9318417384505,0.004318672484374249,0.03757
16.15279722213745,3.0825728063455586,4.89030021814288,-0.15148390336613302,0.4143109716452942,2.685012828409455,68.95512506207311,0.004320131215876814,0.03757
16.17870855331421,3.0778837610555816,4.890946998029076,-0.2685387492423669,0.42512397937932667,2.76848646760111,69.03859870126476,0.004325360951506327,0.03757
16.213285207748413,3.080309129280868,4.878173096468469,-0.3036021448219846,0.34865051341781145,2.9328750253336473,69.2029872589973,0.004335660115479332,0.03757
16.241978406906128,3.081117585369366,4.884317504500816,-0.3125215226241032,0.33554462584527806,2.9611743650849203,69.23128659874857,0.004337433107130614,0.03757
16.269081830978394,3.0864533957216627,4.8812453004121,-0.21564008975086146,0.3061577347669826,2.988817912895309,69.25893014655895,0.004339165012535843,0.03757
16.296342134475708,3.0858066308149072,4.875909367339634,-0.16032308671740134,0.25048052366691886,3.1200987246277383,69.39021095829138,0.004347389931746711,0.03757
16.328055381774902,3.0871001606327146,4.872675468720658,-0.09660118455527861,0.190229878906022,-2.963053736003284,69.59024380483994,0.004359922258296728,0.03757
16.358562707901,3.096478252326308,4.880113435784414,0.12925415718213906,0.19699060223209933,-2.529125508279983,70.02417203256324,0.004387108444680264,0.03757
16.386195421218872,3.089202146623318,4.820448028184346,0.14672788694589056,-0.1908299617037103,-1.6799577548455382,70.87333978599769,0.004440309945160841,0.03757
16.41156554222107,3.097933473532311,4.893049032703704,0.32770951038751894,0.015355117844348797,-1.0378326295726068,71.51546491127061,0.004480539946856772,0.03773
16.43928813934326,3.096478252326308,4.895959542365568,0.42627164364210024,0.1788336167725512,-0.2632686705215395,72.29002887032168,0.004529067419400363,0.03773
16.465803861618042,3.0917892063664163,4.828209378944254,0.404640129622534,-0.1524760577335208,-1.0812203765171695,71.47207716432605,0.004477821646225847,0.03773
16.493919610977173,3.097771782286122,4.889168353357536,0.5051230798898407,0.016670927632869613,-0.6254336481366991,71.92786389270653,0.004506377297039131,0.03773
16.52031636238098,3.0904956764862637,4.902589037082892,0.4348361337523535,0.22337172422246235,-0.06934577851401073,72.48395176232921,0.004541216949090589,0.03773
16.547419786453247,3.0877469255480636,4.892563947772749,0.3325102699174293,0.3021048075353818,0.4284384170859905,72.98173595792922,0.004572403797642394,0.03773
16.57299494743347,3.089202146623318,4.904852767141667,0.2890071658605966,0.43806906479477925,1.1344130735112827,73.68771061435451,0.00461663405823717,0.03773
16.59923481941223,3.0937295012189217,4.911967347841591,0.34605499766474607,0.5800525828506017,1.1568172000458041,73.71011474088904,0.0046180377068611,0.03773
16.626810312271118,3.0882319992373968,4.900001917112555,0.27973847481855874,0.600717598208468,1.3450180838096593,73.8983156246529,0.004629828745048209,0.03773
16.651859998703003,3.088070308007351,4.908895142443419,0.23019190876689583,0.6736937778474107,1.4947973999329431,74.04809494077618,0.004639212620409097,0.037888
16.680859804153442,3.0782071434821363,4.906469717232084,0.004884318721282437,0.7088196476465412,1.9624403230144525,74.5157378638577,0.004668511077747397,0.037888
16.709380388259888,3.0796623644148955,4.8966063223081555,-0.12470599643703761,0.6685141084717503,2.218870731077911,74.77216827192115,0.00468457678728788,0.037888
16.73677158355713,3.080147438063973,4.8797900458944055,-0.20604421766344067,0.5296619030440699,2.525068723944563,75.0783662647878,0.004703760502871476,0.037888
16.763867378234863,3.081926041464569,4.88415580954516,-0.2286059743799413,0.4611887685715675,2.6703417040444872,75.22363924488772,0.0047128620502269215,0.037888
16.79037070274353,3.0769136137823487,4.87316055350327,-0.3412741972392141,0.34091713982055444,2.9654116329063465,75.51870917374958,0.004731348577651753,0.037888
16.818905353546143,3.0835429536750913,4.867662926178401,-0.29201696122782095,0.2205567869643861,-3.0898830405392648,75.74659980748356,0.004745626231991641,0.037888
16.847524404525757,3.08564493958889,4.880436825676029,-0.21691189673275219,0.22034709776756642,-3.0799123430712263,75.7565705049516,0.0047462509095821314,0.037888
16.875589609146118,3.0927593537878266,4.870573434704398,-0.02683834748880398,0.15530669329872623,-2.7500339804425327,76.08644886758029,0.004766918232142299,0.037888
16.901715755462646,3.099227003511522,4.886742928883916,0.2312131494413722,0.2161614022609083,0.0,76.08644886758029,0.004766918232142299,0.037888
16.929069995880127,3.0956697961101765,4.896282932336056,0.3430991894094054,0.32152567627765943,0.46555216747874695,73.01884970832198,0.0045747290239611885,0.038047
16.95602822303772,3.095184722383729,4.8966063223081555,0.41204441650727286,0.39740832851353697,0.6037361323456256,73.15703367318886,0.004583386434989269,0.038047
16.98402738571167,3.0982568560254973,4.896282932336056,0.5196810818387961,0.4483985246545053,0.5540318311276653,73.1073293719709,0.004580272393747783,0.038047
17.013508319854736,3.0925976625502525,4.904044292111595,0.48565173730644223,0.5351555150610785,0.778802461176004,73.33210000201925,0.004594354575665517,0.038047
17.040064096450806,3.0846747922384234,4.904367682122413,0.3087061924613394,0.5980130690245475,1.253731065960083,73.80702860680333,0.0046241094907496895,0.038047
17.072606086730957,3.092112588839144,4.905822937191072,0.32859431415890844,0.6515878299853167,1.2485827315633298,73.80188027240658,0.004623786940683728,0.038047
17.101953506469727,3.081117585369366,4.907763277333488,0.13001599866252195,0.7018561272410295,1.7108528600704171,74.26415040091366,0.004652748785224407,0.038047
17.12883687019348,3.085968322041193,4.902750732084467,0.0847611751586475,0.7040651942623787,1.8061402153264938,74.35943775616974,0.00465871866603529,0.038047
17.160310745239258,3.0840280273434804,4.887066318808501,0.01558279920833033,0.6024200130469778,2.0386997927527415,74.59199733359598,0.004673288835969517,0.038206
17.187147855758667,3.0791772907682304,4.89240225279657,-0.1265920594339314,0.5663747795654186,2.3629553043850464,74.91625284522829,0.004693603879361314,0.038206
17.217334270477295,3.0741648632272103,4.819639554199532,-0.32298945091225406,0.062419817589530545,-2.7901844082459206,76.0462984397769,0.0047644027539044155,0.038206
17.24677610397339,3.074488245641446,4.886419538960941,-0.4542176257146574,0.14901292916353154,-2.984848750940777,75.85163409708206,0.004752206771332603,0.038262
17.273119926452637,3.093406118740814,4.876071062274798,-0.1804523569048206,0.14154298962178802,-2.854831868913898,75.98165097910893,0.004760352503649521,0.038262
17.30242133140564,3.0795006731990724,4.891917167870448,-0.2575666691597686,0.24056937274229662,-3.119044037875283,75.71743881014756,0.004743799256335169,0.038262
17.329103708267212,3.090010602785643,4.885934454079494,-0.10842169096298486,0.2705261276389203,3.0747295197756763,75.62802706061893,0.004738197490116095,0.038262
17.355321645736694,3.0963165610825434,4.864914112689779,0.11785480237225866,0.15319797321555825,-2.1950013561105415,76.6414814919123,0.004801691771658735,0.038262
17.384495973587036,3.089525529087442,4.904367682122413,0.14499833877553908,0.33064278973267364,2.062403012756385,74.61570055359964,0.004674773874544422,0.038262
17.41291093826294,3.0843514097904148,4.903559207098396,0.06399881360453263,0.4495350096174065,2.1276864426430087,74.68098398348626,0.004678863969125192,0.038262
17.44563627243042,3.081117585369366,4.8983849671835245,-0.05520085172554972,0.498716994373694,2.346223129302639,74.89952067014589,0.004692555586115266,0.038262
17.473183155059814,3.082249423904527,4.890461913113825,-0.11676561849387956,0.4810167049352403,2.494765002919414,75.04806254376267,0.004701861934040805,0.038262
17.501017808914185,3.0731947159909256,4.889330048325663,-0.33486093982735377,0.46117969159512545,2.760017380826826,75.31331492167008,0.0047184803518429885,0.038262
17.52836322784424,3.0827344975664768,4.872837163647794,-0.3031526805318976,0.33878312628021034,2.9666227189714913,75.51992025981475,0.004731424453820646,0.038262
17.556093215942383,3.081602659025683,4.815758879210659,-0.3028318980967087,-0.12242623403303526,-2.4856971907938044,76.35078565722904,0.004783479287110124,0.038262
17.582794666290283,3.0830578800091173,4.874939197737082,-0.27448235153905587,-0.05591123370127004,-2.54994112225044,76.28654172577241,0.004779454318502401,0.038262
17.61223030090332,3.085483248363141,4.878819876234023,-0.20776266992687173,0.016181183934320026,-2.5996195516903993,76.23686329633244,0.0047763418981625625,0.038262
17.637875080108643,3.0879086167775727,4.878496486350443,-0.11418389260904753,0.06451821643746984,-2.580000006510596,76.25648284151225,0.004777571089023956,0.038262
17.673872709274292,3.089525529087442,4.874777502804729,-0.017428747711329462,0.07388605176929343,-2.415184613503679,76.42129823451917,0.004787896994800289,0.038262
17.705817937850952,3.0924359713129475,4.889006658389811,0.1065498564217122,0.17406057419331492,-2.3449200259434764,76.49156282207937,0.004792299165600738,0.038262
17.733370542526245,3.096478252326308,4.884802589370196,0.2714598858660498,0.21652315844029543,-0.3519740010720348,78.48450884695082,0.004917159911279239,0.038262
17.76375436782837,3.0924359713129475,4.897738187223201,0.30877189992587484,0.3313533775953719,0.5675418718465004,79.40402471986935,0.004974768815947508,0.0
17.792819499969482,3.075943466518758,4.883023944866825,0.01614031667400193,0.3149259907468607,2.766451417113518,81.60293426513637,0.005112533452859501,0.0
17.82221031188965,3.0837046448976198,4.883832419635054,-0.038701801574546335,0.30874596994726583,2.880461848080924,81.71694469610378,0.005119676359515307,0.0
17.851604223251343,3.0812792765878707,4.878334791409255,-0.12396628251462545,0.26824973672963753,3.082386044357598,81.91886889238046,0.0051323271816665315,0.0
17.883221864700317,3.0782071434821363,4.875100892669838,-0.2430264151757739,0.2186257756940284,-3.066930994455099,82.05273716074734,0.0051407142085114045,0.0
17.91000509262085,3.080147438063973,4.88140699536052,-0.2888685107805475,0.22537836962558033,-3.088608797526445,82.031059357676,0.005139356065028149,0.0
17.936789751052856,3.081926041464569,4.870573434704398,-0.28658297956191603,0.1588285835993282,-2.947509549850286,82.17215860535217,0.00514819612244047,0.0
17.96635127067566,3.081117585369366,4.853595470132524,-0.3006081069420638,0.0005416200861337272,-2.660351293704584,82.45931686149787,0.005166186972941503,0.0
17.99657106399536,3.074973319264807,4.871705299166266,-0.4291756860481272,0.008889667508142466,-2.7632687564915726,82.35639939871088,0.005159739055643918,0.038162
18.024561643600464,3.082896188787663,4.870088349941042,-0.3660480029983531,0.004095002762523401,-2.7164765402595275,82.40319161494293,0.005162670650849091,0.038162
18.05165719985962,3.0782071434821363,4.886419538960941,-0.4124836195143832,0.10818555878463629,-2.9066984949007,82.21296966030175,0.005150752989856516,0.038162
18.08342456817627,3.082896188787663,4.875585977470511,-0.35436355642473805,0.10977234073263432,-2.8847018876399937,82.23496626756246,0.0051521311068505,0.038162
18.113887786865234,3.0788539083384605,4.878334791409255,-0.3918045079097143,0.1289681962793916,-2.933488485721211,82.18617966948123,0.0051490745609433265,0.038162
18.140119791030884,3.0796623644148955,4.882215470108648,-0.40238817507874386,0.16793721389746805,-3.0032542284193386,82.11641392678311,0.00514470364344361,0.038162
18.17061185836792,3.081117585369366,4.873322248431609,-0.38167174380384616,0.13670488138106604,-2.9430898033716466,82.1765783518308,0.005148473025494615,0.038162
18.199411392211914,3.079015599553211,4.8873897087346965,-0.40779523931135875,0.20739545415218344,-3.0724091912676,82.04725896393485,0.005140370992121977,0.038162
18.227153778076172,3.077236996205688,4.82901785303445,-0.4604566832828516,-0.1271636260343596,-2.603630667133376,82.51603748806907,0.005169740596391736,0.038005
18.255150079727173,3.082896188787663,4.871543604241939,-0.3879447010626659,-0.08156783458217323,-2.60674044410387,82.51292771109858,0.005169545764687022,0.038005
18.281975507736206,3.0861300132677476,4.887228013771398,-0.27468631465711946,0.05354072291552719,-2.7290499111217628,82.39061824408068,0.005161882912274158,0.038005
18.31192684173584,3.0765902313600804,4.877041231894213,-0.3797804348209001,0.081095424567299,-2.8479856987800685,82.27168245642238,0.005154431425405197,0.038005
18.341511726379395,3.082249423904527,4.879628350950004,-0.34397132666061336,0.1174049943729118,-2.8946860439022317,82.22498211130022,0.0051515055860484734,0.038005
18.368436574935913,3.0840280273434804,4.87316055350327,-0.28452995206514087,0.10026849788151299,-2.828237247376496,82.29143090782595,0.005155668692414676,0.038005
18.396934747695923,3.0786922171239772,4.85957818095414,-0.3460459846165548,-0.0010887461645699727,-2.6902717661179563,82.42939638908449,0.005164312415151195,0.038005
18.42604923248291,3.0830578800091173,4.880275130730021,-0.3047322121029538,0.06413139462866847,-2.7720080800806564,82.3476600751218,0.005159191525281107,0.038005
18.452415943145752,3.0832195712308406,4.885287674243196,-0.2726875714449734,0.14276422282103393,-2.911792591093649,82.2078755641088,0.005150433837886883,0.038005
18.47981858253479,3.081764350244992,4.876717842019469,-0.2783813218840186,0.14142421471753372,-2.9117750894030876,82.20789306579937,0.005150434934391307,0.038005
18.50650691986084,3.0846747922384234,4.867824621093104,-0.22611694897198892,0.0819755691349311,-2.7431266783943506,82.3765414768081,0.005161000983894532,0.037847
18.533220291137695,3.0791772907682304,4.878981571176415,-0.29578188316015774,0.11376577584447904,-2.8632092482094995,82.25645890699295,0.005153477649582917,0.037847
18.56085443496704,3.0866150869490228,4.891270387974589,-0.20079734211865427,0.21687000256797956,-3.0691391332529014,82.05052902194954,0.005140575865649423,0.037847
18.587997436523438,3.077236996205688,4.8763944521463305,-0.31555815524796416,0.19117060076736608,-3.032511338196805,82.08715681700563,0.005142870646213567,0.037847
18.613919019699097,3.0853215571376604,4.873483943360351,-0.23964073249424442,0.1540320820250152,-2.9202327532704317,82.199435401932,0.005149905050388431,0.037847
18.640058040618896,3.073033024785815,4.886257844000056,-0.4239985192050286,0.21207768422187842,-3.0890995296703223,82.03056862553211,0.00513932532000011,0.037847
18.669338703155518,3.0887170729291484,4.886257844000056,-0.2499239867810807,0.25270960575968654,3.115770914846634,81.95225376286947,0.005134418788650172,0.037847
18.696904182434082,3.0791772907682304,4.875100892669838,-0.31244680962653054,0.20774768401506857,-3.067065665331218,82.0526024898712,0.005140705771200104,0.037847
18.722455739974976,3.0835429536750913,4.885125979285128,-0.2718377898989539,0.24223179536353395,-3.14146752899199,81.97820062621044,0.005136044394494154,0.037847
18.748159885406494,3.0824111151249087,4.883832419635054,-0.26528647534270305,0.257860033178941,3.104038341545322,81.94052118956816,0.005133683727171914,0.037847
18.776142597198486,3.0858066308149072,4.870573434704398,-0.19507555663169046,0.18156574808667092,-2.9665532264125414,82.15311492878988,0.005147003010521556,0.037688
18.802953481674194,3.0796623644148955,4.884479199456874,-0.26467790918410433,0.21964912012822219,-3.0869828177522187,82.0326853374502,0.005139457934845259,0.037688
18.827999353408813,3.0812792765878707,4.875585977470511,-0.2821495578413246,0.187796833673162,-3.0155905578220144,82.10407759738041,0.005143930755834545,0.037688
18.855164766311646,3.0812792765878707,4.841630050130823,-0.2943797119013674,-0.05790398156566537,-2.543731950595534,82.57593620460689,0.00517349333144766,0.037688
18.88274645805359,3.081602659025683,4.891755472895879,-0.2966908200553318,0.0998926627745613,-2.8315873733953034,82.28808078180712,0.005155458802519212,0.037688
18.91416072845459,3.084998174687505,4.887066318808501,-0.23268359778602313,0.1794992410055036,-2.979472446030691,82.14019570917173,0.005146193604057469,0.037688
18.941235780715942,3.088070308007351,4.890623608085172,-0.12850354205628858,0.25862810769284605,3.0770107860855993,81.91349363410843,0.005131990414514947,0.037688
18.969395399093628,3.0799857468473455,4.881892080208192,-0.21182749939689596,0.2565714919341035,3.0979313293701716,81.93441417739301,0.005133301114655297,0.037688
18.99955153465271,3.0832195712308406,4.880436825676029,-0.20765427255071575,0.24555739124636664,3.1288567366014184,81.96533958462426,0.005135238632961923,0.037688
19.028473377227783,3.0782071434821363,4.883023944866825,-0.30160800820104566,0.254868800302555,3.110556644018577,81.94703949204141,0.005134092107578213,0.037688
19.058725833892822,3.0838663361204155,4.87025004486176,-0.25800062906785504,0.1773442255008344,-2.9829396673322877,82.13672848787013,0.005145976377985239,0.03753
19.086275100708008,3.0858066308149072,4.886742928883916,-0.1899754642393054,0.23158767480238598,-3.113040825404631,82.00662732979778,0.00513782536566086,0.03753
19.114686965942383,3.0861300132677476,4.880275130730021,-0.1361078488807871,0.22700488930554347,-3.0908466672363506,82.02882148796606,0.005139215859484582,0.03753
19.144376516342163,3.0832195712308406,4.876556147082698,-0.15465051718944242,0.1993288513688501,-3.000610422657894,82.11905773254452,0.005144869281426113,0.03753
19.17115545272827,3.082087732684414,4.8966063223081555,-0.1895053841859598,0.31187055107736655,2.9282021771728473,81.76468502519567,0.005122667355264797,0.03753
19.201049089431763,3.084998174687505,4.894342592537306,-0.15765379267746554,0.37575611812709914,2.713300088605048,81.54978293662788,0.005109203450727706,0.03753
19.227882385253906,3.078530525909762,4.882215470108648,-0.26035767279857086,0.3406887591908536,2.8963962267315915,81.73287907475442,0.0051206746697431875,0.03753
19.260055780410767,3.0832195712308406,4.890461913113825,-0.24162539393189678,0.37039694030725784,2.8126915066094273,81.64917435463225,0.005115430456582955,0.03753
19.286035537719727,3.0832195712308406,4.887874793627005,-0.22851279872522776,0.37417138560351415,2.79252505071634,81.62900789873916,0.005114167001030682,0.037373
19.315206050872803,3.0827344975664768,4.86604597705342,-0.228708981760458,0.2331964617309346,-3.117332423855071,82.00233573134733,0.005137556491252828,0.037373
19.341110467910767,3.0935678099797332,4.8932107276814945,-0.01947130590602861,0.31323744440631857,2.7066441884189723,81.54312703644179,0.005108786449639857,0.037373
19.36787748336792,3.081602659025683,4.892563947772749,-0.10425493585861186,0.3650108116640851,2.664685906213627,81.50116875423645,0.005106157706895112,0.037373
19.394346952438354,3.086938469404548,4.875100892669838,-0.060478478977155,0.28635852814813784,2.9181892176652564,81.75467206568807,0.005122040029900754,0.037373
19.421475172042847,3.080470820498032,4.889491743294193,-0.15483495582598278,0.32598279794096097,2.8589220048052635,81.69540485282808,0.005118326859398577,0.037373
19.44794535636902,3.0871001606327146,4.877526316709342,-0.09275949293130852,0.2749963667803325,2.9986789310785738,81.83516177910138,0.005127082818571804,0.037373
19.47523260116577,3.0893638378552457,4.861680214616118,-0.005556668037816645,0.13505054721143883,-2.476385015425583,82.64328313977681,0.005177712707406435,0.037373
19.501081943511963,3.0932444275021633,4.892887337726316,0.13048531324333398,0.24240764392986058,0.0,82.64328313977681,0.005177712707406435,0.037373
19.526578426361084,3.0914658238947648,4.890138523172337,0.19133969800132125,0.29947249940182996,0.7600839676065457,79.59656681562936,0.004986831836897936,0.037214
19.554383754730225,3.0841897185668135,4.881568690309342,0.09331276512781761,0.2830349061881883,2.327795056307615,81.16427790433043,0.005085051042586809,0.037214
19.582961320877075,3.087423543089852,4.89030021814288,0.08719391179791625,0.32897541309270606,2.0445523701955812,80.8810352182184,0.005067305507808359,0.037214
19.612555503845215,3.083381262452832,4.878173096468469,0.0047857151893223706,0.281346517017179,2.8463449474285647,81.68282779545139,0.005117538889858561,0.037214
19.640617609024048,3.077075304993884,4.883185639819668,-0.17477501483913274,0.28098501833571643,3.0178168697977763,81.8542997178206,0.005128281836141477,0.037214
19.669116258621216,3.077075304993884,4.8927256427493315,-0.3004675258590628,0.3434979435644347,2.9125027747286047,81.74898562275142,0.005121683766611901,0.037214
19.699000120162964,3.0871001606327146,4.876071062274798,-0.1947022919544502,0.2776824997024008,3.0356945396585795,81.87217738768139,0.00512940189617419,0.037214
19.73041009902954,3.081602659025683,4.883832419635054,-0.22691662609250124,0.2826755262161361,3.0313377829791874,81.867820631002,0.005129128939515585,0.037214
19.757761478424072,3.0827344975664768,4.882862249914386,-0.22759166091752084,0.2797876647904636,3.0395696243967825,81.8760524724196,0.005129644675438627,0.037214
19.785909175872803,3.081117585369366,4.866531061786706,-0.25931418389099575,0.17031934631856444,-2.954815252585852,82.16485290261656,0.005147738410349983,0.037214
19.811904430389404,3.0837046448976198,4.890138523172337,-0.23151995197004183,0.24901069107393434,3.125607084123369,81.9620899321462,0.005135035037868758,0.037056
19.840850114822388,3.088070308007351,4.883509029726556,-0.12768898998511027,0.26047760017052923,3.0739771383463474,81.91045998636918,0.005131800352408837,0.037056
19.869302988052368,3.085483248363141,4.891593777921713,-0.10500731683915275,0.32169593985600914,2.813941812308179,81.65042466033101,0.005115508789914578,0.037056
19.89890217781067,3.0838663361204155,4.886742928883916,-0.12038014511452998,0.33263387485100054,2.7932295897175106,81.62971243774034,0.005114211141345548,0.037056
19.926859378814697,3.085159865912448,4.87914326611921,-0.10614112536674461,0.2902904197732066,2.9422026713353424,81.77868551935816,0.005123544505031614,0.037056
19.953309535980225,3.079338981983517,4.877849706588102,-0.2086738068624074,0.25213936187293334,3.1164107460336754,81.95289359405649,0.005134458874933554,0.037056
19.9798321723938,3.0795006731990724,4.886257844000056,-0.27732168413008224,0.2807527801154114,3.04958814815817,81.88607099618099,0.005130272349410643,0.037056
20.00889539718628,3.0866150869490228,4.88415580954516,-0.1878752027976186,0.2869523825215085,3.003670304557783,81.8401531525806,0.0051273955348254295,0.037056
20.037612199783325,3.082896188787663,4.878334791409255,-0.1971376647230085,0.25299422553161127,3.1132140057609035,81.94969685378372,0.005134258594861131,0.037056
20.068161010742188,3.080309129280868,4.894019202576489,-0.25362138565843373,0.33241502989517835,2.9099456466078366,81.74642849463065,0.005121523559100021,0.037056
20.094913959503174,3.078045452268725,4.855050724065758,-0.3369099871142677,0.13162659820935244,-2.9005066909716604,82.21916146423074,0.005151140914690416,0.036897
20.121241569519043,3.080309129280868,4.8983849671835245,-0.35146201133232374,0.2761811063880581,3.0732002993872407,81.90968314741005,0.005131751682404482,0.036897
20.15217113494873,3.0782071434821363,4.892240557820792,-0.4022734253481598,0.33694371475969026,2.9650215392239487,81.80150438724675,0.005124974137758517,0.036897
20.181817293167114,3.0791772907682304,4.897091407269328,-0.4190914166234859,0.4113924461070436,2.839604635157126,81.67608748317993,0.005117116600240168,0.036897
20.20886754989624,3.074649936848965,4.891917167870448,-0.5183640020885925,0.42946399228197357,2.8581587470088627,81.69464159503167,0.0051182790402723105,0.036897
20.241374254226685,3.063493244157446,4.890138523172337,-0.8034797738437388,0.4304119432483149,2.942341699766381,81.77882454778918,0.0051235532153495805,0.036897
20.26821994781494,3.0767519225710807,4.88981513323246,-0.7468108565602936,0.42894784871262315,2.9312232721309495,81.76770612015375,0.005122856630922302,0.036897
20.29490041732788,3.074649936848965,4.87089682454864,-0.7477676100443235,0.3034548785431701,3.0743884382286932,81.91087128625149,0.005131826120898983,0.036897
20.32394027709961,3.0731947159909256,4.883832419635054,-0.776562333912636,0.30071619140467465,3.0796407596182553,81.91612360764105,0.005132155185889735,0.036897
20.35126519203186,3.082087732684414,4.881730385258566,-0.6248436558922067,0.284969320559958,3.088252885703716,81.92473573372652,0.005132694747158073,0.036897
20.379955053329468,3.081764350244992,4.874454112941226,-0.5248905809970704,0.22607416494539237,-3.110220633888552,82.00944752131385,0.00513800205444784,0.036897
20.407098293304443,3.0824111151249087,4.877526316709342,-0.44242342911137605,0.20506032368343644,-3.0672830569606155,82.05238509824179,0.005140692151322489,0.036738
20.43364143371582,3.080147438063973,4.865237502505959,-0.42844642053548043,0.1094995698450224,-2.891264160221513,82.2284039949809,0.005151719971657849,0.036738
20.461427688598633,3.0866150869490228,4.881083605464083,-0.2936625182813773,0.1468623656049452,-2.8981294067236245,82.22153874847878,0.005151289854742076,0.036738
20.487245321273804,3.074649936848965,4.867662926178401,-0.4305637732490878,0.08471844501345965,-2.849072107186159,82.27059604801624,0.005154363360459129,0.036738
20.515389680862427,3.0875852343188237,4.861356824817563,-0.27639466502733634,-0.00027165730770412,-2.566045136028004,82.5536230191744,0.0051720953804059375,0.036738
20.541733026504517,3.0887170729291484,4.875424282536552,-0.14660128885667606,0.03278845959865835,-2.4338936198000423,82.68577453540236,0.005180374850423111,0.036738
20.569353103637695,3.0877469255480636,4.878981571176415,-0.07449592590888851,0.0793347991690998,-2.38598104199771,82.7336871132047,0.005183376637785699,0.036738
20.59563899040222,3.078045452268725,4.869926655020726,-0.2115221652895946,0.05234276514560286,-2.5906625725741765,82.52900558262823,0.005170553064936533,0.036582
20.62292742729187,3.0832195712308406,4.871866994090996,-0.20744053867561338,0.04621429885838639,-2.5704852776142233,82.54918287758818,0.005171817199570905,0.036582
20.651126861572266,3.080632511715463,4.875747672404872,-0.2545833977993575,0.06745628865626371,-2.680592246250972,82.43907590895144,0.005164918850073824,0.036582
20.677937030792236,3.080632511715463,4.874292418010077,-0.28758339918599846,0.07275121276194596,-2.7266972780971277,82.39297087710528,0.005162030307893554,0.036582
20.70448637008667,3.083381262452832,4.864914112689779,-0.2575584024994437,0.014755532801672307,-2.5714525378752358,82.54821561732717,0.005171756599416186,0.036582
20.733224630355835,3.084998174687505,4.867662926178401,-0.20529090549692716,-0.007756337948831377,-2.450752016891601,82.6689161383108,0.005179318649198629,0.036582
20.761414051055908,3.0887170729291484,4.880760215569252,-0.09682865718539536,0.06265557023349928,-2.3942549174813594,82.72541323772104,0.005182858268371953,0.036582
20.78826093673706,3.085968322041193,4.871381909318013,-0.07403008393490032,0.05024177300199892,-2.2977212405711125,82.82194691463128,0.005188906232908713,0.036582
20.815983772277832,3.0841897185668135,4.861195129918887,-0.09244608222753749,-0.02546915735295505,-2.185216622416642,82.93445153278576,0.0051959547983689595,0.036582
20.846874952316284,3.0914658238947648,4.8809219105164665,0.035287721171705505,0.051320426607155495,-1.87666146787992,83.24300668732248,0.0052152861932976725,0.036582
20.872047662734985,3.087261851861149,4.877526316709342,0.043451380995252045,0.08273270684666478,-1.8868001550323925,83.23286800017,0.005214650990927784,0.036426
20.902696132659912,3.088878764160269,4.883023944866825,0.08041594343924681,0.1408915212227754,-1.7144806370818506,83.40518751812054,0.005225447040212486,0.036426
20.928745985031128,3.094214574938102,4.889491743294193,0.20941614270910364,0.22415589309320336,-0.13001787328132652,84.98965028192106,0.005324715760849671,0.036426
20.95574712753296,3.0919508976026457,4.834838866777687,0.25596627914831077,-0.07713346900188739,-1.0996676628202164,84.02000049238217,0.005263965898957833,0.036426
20.982909440994263,3.096478252326308,4.890623608085172,0.3760513817746717,0.07898521068768403,-0.5165171272594437,84.60315102794294,0.005300501063384894,0.036426
21.013255834579468,3.09292104502567,4.881730385258566,0.39136094767641727,0.1297576340580587,-0.351544725465418,84.76812342973697,0.005310836805972657,0.036426
21.038668155670166,3.089687220319907,4.8983849671835245,0.33957764059455586,0.2748728314821525,0.1505830028038466,85.27025115800623,0.005342295782681068,0.036426
21.066781997680664,3.093082736263782,4.883347334772911,0.3689543290655677,0.27751726845743,0.14406453652864518,85.26373269173104,0.0053418873920123575,0.036426
21.093396425247192,3.094376266178367,4.892240557820792,0.4145180129043725,0.3378790282082447,0.3047554284974914,85.42442358369988,0.005351954892258014,0.036426
21.12257480621338,3.099388694760137,4.895636152396692,0.5432876021348041,0.40247269362434834,0.35319343815052895,85.47286159335292,0.005354989598631886,0.036426
21.148990154266357,3.0950230311421185,4.885287674243196,0.5490513051322273,0.379603132118004,0.3034568991447016,85.4231250543471,0.005351873537649685,0.03627
21.176435232162476,3.099227003511522,4.888198183557224,0.6343359062761027,0.3827433800196186,0.2628205131565348,85.38248866835893,0.005349327613478713,0.03627
21.202892541885376,3.099227003511522,4.892240557820792,0.6940351270767812,0.41153730630179236,0.28272648632458897,85.40239464152698,0.005350574749438344,0.03627
21.22988247871399,3.093891192458379,4.899516832129612,0.63269957075729,0.4795654138249855,0.4247526099908919,85.54442076519328,0.005359472876876564,0.03627
21.25762391090393,3.0985802385197614,4.8966063223081555,0.6803896905929226,0.5080361447966536,0.4346324782445435,85.55430063344693,0.005360091863894758,0.03627
21.286086082458496,3.098903621015103,4.873483943360351,0.7200227752778107,0.3758379628455262,0.21623253701765505,85.33590069222004,0.005346408814189742,0.03627
21.311359643936157,3.0985802385197614,4.8985466621746125,0.7415159337572929,0.4481928918785973,0.3151414685591216,85.43480962376151,0.005352605591619942,0.03627
21.34190058708191,3.0997120772581734,4.8983849671835245,0.7784361475838631,0.49777751195652753,0.36481433265124175,85.48448248785363,0.005355717663283262,0.03627
21.37038826942444,3.089202146623318,4.897091407269328,0.6011552802271031,0.5239761041448316,0.5198534092162055,85.63952156441859,0.00536543106970151,0.036113
21.39841628074646,3.0980951647787696,4.892887337726316,0.6489336860609147,0.5146555337832452,0.4671963852625087,85.58686454046489,0.005362132036414096,0.036113
21.42568826675415,3.0971250173040605,4.88981513323246,0.6636285679634424,0.4879183620870803,0.4168002578181607,85.53646841302054,0.005358974651330164,0.036113
21.452521085739136,3.1003588422574815,4.897576492234128,0.7364149932947723,0.5202661899161686,0.41696389487182756,85.5366320500742,0.005358984903411398,0.036113
21.479650020599365,3.100520533507982,4.900810392092192,0.7904904914813632,0.5641862745396383,0.4413161145177892,85.56098426972017,0.005360510602685727,0.036113
21.505508422851562,3.1034309760631125,4.893534117638284,0.8845933492872723,0.5470579736958029,0.3740122093353079,85.49368036453768,0.005356293922613468,0.036113
21.534523010253906,3.097933473532311,4.892078862845419,0.8442153340265062,0.5254936917332896,0.3671972914750156,85.48686544667738,0.005355866958854714,0.036113
21.565818309783936,3.103269284807757,4.882538860010713,0.9190757385203843,0.4476327206785289,0.24656497996393448,85.3662331351663,0.005348309182487355,0.036113
21.59235191345215,3.0985802385197614,4.895797847380929,0.8808530080271001,0.48036410855368966,0.29808519884022394,85.41775335404259,0.005351536993409544,0.036113
21.61976408958435,3.104724506115672,4.903235817091614,0.9728471154450099,0.552212272139803,0.34408942607831894,85.46375758128069,0.005354419220045703,0.036113
21.64884114265442,3.0956697961101765,4.896121237350611,0.8622429656119605,0.5556974549848058,0.39471191021351937,85.51438006541589,0.005357590786680393,0.035955
21.679349422454834,3.098903621015103,4.897576492234128,0.8473200677911485,0.5677115549445687,0.41597218942632486,85.5356403446287,0.005358922771733032,0.035955
21.7053325176239,3.1006822247587524,4.872998858575331,0.8712490440887164,0.4144192604519231,0.21871407308007568,85.33838222828246,0.005346564285757619,0.035955
21.7349750995636,3.102945902297855,4.88237716505948,0.9317493344825846,0.36881678879858365,0.1478829411518424,85.26755109635423,0.005342126620191447,0.035955
21.76171588897705,3.0982568560254973,4.896121237350611,0.8834745244215201,0.427320616645962,0.23166642342775948,85.35133457863014,0.005347375767906417,0.035955
21.787126064300537,3.102784211043309,4.893049032703704,0.9371821701826712,0.4480605226891214,0.24110742345859465,85.36077557866098,0.005347967259240898,0.035955
21.814987897872925,3.104562814858157,4.881568690309342,1.0091525283636944,0.3870465224892786,0.15501630280173798,85.27468445800412,0.005342573534881401,0.035955
21.84393811225891,3.1056946536664274,4.893695812617283,1.08140678333153,0.4241239774262263,0.18143153876477544,85.30109969396716,0.005344228484899343,0.035955
21.871997117996216,3.10019715100725,4.895959542365568,1.0257347436029463,0.4649718184798616,0.2362480334362992,85.35591618863869,0.005347662811928149,0.035955
21.89904499053955,3.1035926673187375,4.896121237350611,1.0523893263260842,0.49462913742286235,0.26008582790387,85.37975398310626,0.005349156281773999,0.035955
21.925840377807617,3.1008439160097927,4.895312762429428,1.0179225255282625,0.5100701096822703,0.2860261914851654,85.40569434668755,0.005350781480399306,0.035796
21.9539794921875,3.1034309760631125,4.879951740839209,1.0437957731201104,0.41981493383214846,0.183723626059782,85.30339178126216,0.005344372087247446,0.035796
21.979594707489014,3.1003588422574815,4.892563947772749,1.0025320369044313,0.4396150542621602,0.21438238685981256,85.3340505420622,0.005346292899796957,0.035796
22.00587821006775,3.1014906810166494,4.894827677481554,0.995522424845579,0.46836876090119883,0.24804899628964275,85.36771715149203,0.005348402158103713,0.035796
22.03387427330017,3.106988183749221,4.879951740839209,1.096865716028906,0.39062398968539064,0.14361153356640646,85.26327968876879,0.005341859010768232,0.035796
22.065338850021362,3.1076349487970996,4.87025004486176,1.1803060225625277,0.27237285806882905,0.018481909788481743,85.13815006499087,0.0053340194717459,0.035796
22.09148335456848,3.1065031099661478,4.8951510674464,1.2168392324565749,0.3534268839422635,0.09349131609024888,85.21315947129264,0.005338718911814451,0.035796
22.12189292907715,3.102945902297855,4.889491743294193,1.1736624663400799,0.3729306469968587,0.11627382540302603,85.23594198060542,0.005340146266627738,0.035796
22.15267324447632,3.1014906810166494,4.8966063223081555,1.1153137254505214,0.43339180801697647,0.18460724540786275,85.30427540061025,0.005344427447186612,0.035796
22.18110704421997,3.10731156627262,4.897253102257191,1.1869696277945754,0.47996994161113576,0.2155098564500505,85.33517801165245,0.00534636353728137,0.035796
22.20802640914917,3.100520533507982,4.882700554962349,1.1058787356312196,0.41682992557868237,0.169421421258788,85.28908957646118,0.005343476034903824,0.035637
22.235238552093506,3.1006822247587524,4.88237716505948,1.052240111576749,0.37050425438730733,0.12874627154715224,85.24841442674955,0.005340927682133505,0.035637
22.264931440353394,3.102299137281289,4.883994114589905,1.0459430796240887,0.34871458450236986,0.105370029716982,85.22503818491938,0.005339463129180415,0.035637
22.294121503829956,3.106341418705664,4.878011401528084,1.1196601717520642,0.2941001070923182,0.04051899591508155,85.16018715111748,0.005335400124795211,0.035637
22.32424259185791,3.104401123600913,4.889006658389811,1.1337621288772726,0.32821041291944786,0.07500785108565702,85.19467600628806,0.005337560897902186,0.035637
22.349201202392578,3.10019715100725,4.886257844000056,1.0623834854849634,0.3340025158479793,0.08737968706441387,85.20704784226682,0.005338336010045938,0.035637
22.375524759292603,3.104562814858157,4.878334791409255,1.0967934490752818,0.285929318860135,0.032564298313499836,85.15223245351591,0.005334901752304544,0.035637
22.40881323814392,3.1128090693357864,4.892240557820792,1.2802554603458154,0.34376746349014603,0.07913182811401105,85.19879998331642,0.0053378192706029495,0.035637
22.43478775024414,3.10504788863151,4.866207671964115,1.2586788332642107,0.21297754596786259,-0.039515237236541614,85.08015291796586,0.005330385872574424,0.035479
22.461997985839844,3.1040777410872336,4.877041231894213,1.2248251907813965,0.192701200703926,-0.06004526433198869,85.05962289087041,0.005329099638797921,0.035479
22.48931121826172,3.109898626498715,4.877849706588102,1.3136276650157177,0.18382690852444666,-0.06314344475445828,85.05652471044795,0.0053289055336325185,0.035479
22.520970106124878,3.105856344925831,4.874777502804729,1.2976643796146647,0.1574021362301772,-0.08752739862406725,85.03214075657834,0.00532737784616645,0.035479
22.548959732055664,3.102945902297855,4.87316055350327,1.2302400693507485,0.12826649718159097,-0.12057881776170333,84.99908933744071,0.005325307130357915,0.035479
22.575785636901855,3.113617525694969,4.812363288782996,1.3892930988737417,-0.29212828070035485,-0.42599788066593486,84.69367027453647,0.005306172215782839,0.035479
22.607306241989136,3.1149110558837307,4.872837163647794,1.5256302267479387,-0.1885324543266278,-0.31901289004771677,84.80065526515469,0.005312874969163157,0.035479
22.63353705406189,3.11038370029881,4.863297163632921,1.5335661924954747,-0.1787813309936415,-0.3106971882760558,84.80897096692635,0.005313395959050034,0.035479
22.660776615142822,3.104239432343938,4.872998858575331,1.4203713428178784,-0.10812575970482202,-0.28519352507934154,84.83447463012307,0.005314993797809606,0.035479
22.688634634017944,3.111030465369388,4.87687953695664,1.4723849768884285,-0.03313494316008779,-0.21904739706990942,84.9006207581325,0.005319137941586675,0.035479
22.71413016319275,3.112647378064761,4.815920573997294,1.5400445289636453,-0.38170505374117414,-0.44000169860557686,84.67966645659683,0.0053052948577769175,0.03532
22.742878437042236,3.1128090693357864,4.874615807872777,1.5905312162676641,-0.2395340672118984,-0.3380532316062431,84.78161492359617,0.005311682066186708,0.03532
22.769801139831543,3.1082817138493,4.872352078867589,1.5383718755184943,-0.15490799435015074,-0.2932524614575367,84.82641569374488,0.0053144888946195555,0.03532
22.798615217208862,3.1068264924879263,4.862812078923675,1.4737353308366707,-0.1584356980087135,-0.3098045777295085,84.80986357747291,0.005313451882299862,0.03532
22.82582688331604,3.103754358574633,4.859739875848812,1.3691147379486048,-0.18111785367686808,-0.35300804815213566,84.76666010705028,0.005310745126840584,0.03532
22.854962587356567,3.108605096377021,4.861841909515997,1.3896303421208853,-0.18316557746346684,-0.34889134402944433,84.77077681117298,0.005311003043884038,0.03532
22.881853818893433,3.1100603177651434,4.870411739782878,1.4321162717158826,-0.12821600915050377,-0.2970368359481197,84.8226313192543,0.005314251798473988,0.03532
22.908053636550903,3.1040777410872336,4.860548350328183,1.3462313976975868,-0.15464492338222338,-0.33903480143974846,84.78063335376267,0.0053116205695180494,0.03532
22.934955835342407,3.105532962407293,4.831443275364746,1.3142369912436889,-0.36463445331534877,-0.5060393160986091,84.61362883910381,0.00530115751232947,0.03532
22.970986127853394,3.102945902297855,4.86976496010081,1.2418408974910482,-0.2594995413704683,-0.4561344938234632,84.66353366137896,0.005304284116484558,0.03532
22.998937606811523,3.103107593552671,4.861680214616118,1.194288632402274,-0.2390965884941081,-0.45855514037780504,84.66111301482462,0.005304132459726158,0.035164
23.02634072303772,3.1006822247587524,4.873645638289493,1.1141270393164697,-0.146091120620351,-0.40924060197481993,84.7104275532276,0.005307222081803697,0.035164
23.059547185897827,3.104562814858157,4.857476147359807,1.1330139367573362,-0.1873702638176718,-0.43947175995154975,84.68019639525087,0.005305328059145486,0.035164
23.0864737033844,3.1006822247587524,4.862812078923675,1.0712347523650334,-0.18115928663598213,-0.461365072816397,84.65830308238603,0.005303956413684163,0.035164
23.11400032043457,3.101167298512682,4.856182588258447,1.0373643247013298,-0.2204286165470345,-0.5153832160270406,84.60428493917539,0.005300572104446844,0.035164
23.142966985702515,3.109898626498715,4.86976496010081,1.1824050587596566,-0.15855545563265222,-0.3936493656967191,84.7260187895057,0.005308198893700978,0.035164
23.174153327941895,3.0985802385197614,4.862650384021394,1.0651835321945793,-0.16205275056739432,-0.44581123290066815,84.67385692230175,0.005304930882649104,0.035164
23.201977729797363,3.102945902297855,4.870735129626318,1.0675034761566973,-0.11130937074560608,-0.3940287501913338,84.72563940501108,0.005308175124752745,0.035164
23.229602336883545,3.0969633260592184,4.870088349941042,0.9535024206852105,-0.08004432401510253,-0.41300848538115953,84.70665966982125,0.005306986018846709,0.035005
23.257320165634155,3.0969633260592184,4.860710045225259,0.8737016818551671,-0.11986091416076558,-0.5070460357629213,84.6126221194395,0.005301094439990126,0.035005
23.284689903259277,3.1008439160097927,4.856991062693797,0.8928411743986089,-0.17220060801010834,-0.5543510989017598,84.56531705630066,0.00529813071423731,0.035005
23.313438892364502,3.0968016348146454,4.864590722875203,0.8281138091144332,-0.1588384011265171,-0.5864434754343717,84.53322467976804,0.0052961200837363075,0.035005
23.343400478363037,3.103107593552671,4.867501231264099,0.9046796705386606,-0.13033592143858608,-0.49902903864507897,84.62063911655733,0.005301596715629176,0.035005
23.370888710021973,3.1006822247587524,4.8694415702621825,0.9114007660119348,-0.09761822860272105,-0.4562343023545994,84.6634338528478,0.005304277863346004,0.035005
23.3999605178833,3.105371271148429,4.8547273343000175,1.006730548447448,-0.17152434180562734,-0.48442858087944346,84.63523957432295,0.00530251145392169,0.035005
23.430510759353638,3.101814063521696,4.871543604241939,1.0047113839132036,-0.1126203356220509,-0.42303739459374345,84.69663076060866,0.005306357694212224,0.035005
23.456087589263916,3.0980951647787696,4.858931401379449,0.9314229586411851,-0.15436624803425328,-0.5098664480230064,84.60980170717939,0.005300917737373235,0.035005
23.484911918640137,3.101975754774624,4.825622261922474,0.9551210715503851,-0.4027372283654154,-0.7279030497508099,84.39176510545158,0.005287257451375928,0.035005
23.511507272720337,3.099388694760137,4.868309705839618,0.92170974318703,-0.29574595177934215,-0.66023879714833,84.45942935805407,0.00529149670769812,0.03485
23.541460514068604,3.1006822247587524,4.860871740122734,0.9233218168658448,-0.2697882239664073,-0.6345453893598036,84.48512276584259,0.005293106434211262,0.03485
23.568517446517944,3.103754358574633,4.862650384021394,0.983825278169061,-0.23991568840103847,-0.5654494488128408,84.55421870638955,0.005297435387706432,0.03485
23.595635890960693,3.099227003511522,4.862003604416275,0.9386776874018634,-0.22326023212264517,-0.577811040930298,84.54185711427209,0.005296660917354351,0.03485
23.621423721313477,3.1068264924879263,4.864914112689779,1.053949399155012,-0.1924524786175376,-0.4792090036788457,84.64045915152354,0.0053028384674450165,0.03485
23.647202014923096,3.098903621015103,4.8555358087173675,0.9815145712712904,-0.2325891691301612,-0.5598328444703884,84.559835310732,0.005297787275513541,0.03485
23.673507928848267,3.103269284807757,4.854889029182688,1.0151852045917305,-0.26494017064293096,-0.5704125242933629,84.54925563090902,0.005297124444360438,0.03485
23.702312707901,3.102784211043309,4.860224960535234,1.0293796463018585,-0.2524794956723758,-0.5503435551024473,84.56932460009993,0.005298381792239861,0.03485
23.728525400161743,3.095184722383729,4.856667672918456,0.8924407363319958,-0.26716127419785246,-0.6559440528295895,84.4637241023728,0.005291765779199025,0.03485
23.75541877746582,3.0932444275021633,4.856667672918456,0.7590834963022055,-0.2774385191656724,-0.7835960710546552,84.33607208414773,0.005283768208776126,0.03485
23.78175449371338,3.1040777410872336,4.860710045225259,0.8751084549080128,-0.25803685076615673,-0.6600184916189317,84.45964966358345,0.0052915105101354835,0.034692
23.81121587753296,3.0997120772581734,4.861356824817563,0.8719509123893786,-0.24020036435343362,-0.6440460115324337,84.47562214366995,0.005292511207469503,0.034692
23.838114023208618,3.0950230311421185,4.85294869061704,0.7791156223104323,-0.28303396150842663,-0.7699587202721319,84.34970943493025,0.00528462260712236,0.034692
23.86432147026062,3.094214574938102,4.846965980401944,0.6985059179189507,-0.3523791692782427,-0.918930871819185,84.20073728338319,0.0052752893017064765,0.034692
23.890836000442505,3.09292104502567,4.868956485507249,0.6170791229774268,-0.2562399913896647,-0.9298571293839901,84.18981102581839,0.005274604756992274,0.034692
23.91718077659607,3.0946996486597045,4.86604597705342,0.5944553691719432,-0.20809150216429056,-0.9098656847121694,84.2098024704902,0.005275857247856433,0.034692
23.94426727294922,3.0953464136256095,4.848097844454741,0.5911187426291096,-0.2924726418422912,-1.0008513114156878,84.11881684378669,0.005270156876118087,0.034692
23.973153591156006,3.094537957418901,4.853433775253054,0.5731581026608744,-0.31643306723385,-1.0469273112785022,84.07274084392388,0.005267270152830574,0.034692
24.00289487838745,3.0845131010142848,4.860548350328183,0.3668356482642683,-0.2863968640405736,-1.376380259210059,83.74328789599232,0.005246629483072663,0.034536
24.032989025115967,3.0982568560254973,4.857314452470737,0.48803494406867576,-0.28664811378584837,-1.1551120312806076,83.96455612392178,0.005260492234792701,0.034536
24.061143398284912,3.0866150869490228,4.862650384021394,0.3478744369415063,-0.2517176112746472,-1.4024296274804544,83.71723852772193,0.005244997455157152,0.034536
24.091615676879883,3.0935678099797332,4.865075807597669,0.38413708718533496,-0.21130881432610726,-1.3041973331397585,83.81547082206262,0.005251151840357764,0.034536
24.117770195007324,3.088878764160269,4.867501231264099,0.31889593777231057,-0.16706521067831478,-1.440884463142137,83.67878369206025,0.005242588208044716,0.034536
24.145652770996094,3.0861300132677476,4.867339536350198,0.22010213252735264,-0.1371585178622253,-1.7161478265797239,83.40352032862266,0.005225342588550829,0.034536
24.172919750213623,3.0925976625502525,4.85957818095414,0.2759464727884232,-0.1672876571851887,-1.5551870814329338,83.56448107376946,0.00523542699546059,0.034536
24.201579093933105,3.0887170729291484,4.8657225872332335,0.24003750761435275,-0.14795252764581074,-1.6561698129725209,83.46349834222987,0.005229100291674672,0.034536
24.228365421295166,3.091142441424189,4.855212418949228,0.26177623373972003,-0.20356686253218212,-1.591234623698747,83.52843353150364,0.005233168568513238,0.034536
24.257049083709717,3.089687220319907,4.870411739782878,0.24886834083887638,-0.14249690869859863,-1.6322041525676063,83.48746400263478,0.005230601772493264,0.034536
24.285279035568237,3.0917892063664163,4.814141931366132,0.28045781766027733,-0.46996054737531406,-1.5552761027181683,83.56439205248422,0.005235421418157484,0.034375
24.314575672149658,3.0917892063664163,4.838234458366343,0.30257045143528083,-0.5406745633931108,-1.526944451116346,83.59272370408604,0.005237196434189608,0.034375
24.34056806564331,3.092274280075911,4.87316055350327,0.3274242956299014,-0.36038719255471063,-1.468688563614841,83.65097959158754,0.005240846243799515,0.034375
24.370254516601562,3.090010602785643,4.871381909318013,0.3010719843897784,-0.24588816094976165,-1.5013975165812425,83.61827063862114,0.005238796983956659,0.034375
24.398268222808838,3.089687220319907,4.862003604416275,0.2763753662939115,-0.2274409629067475,-1.5564668459294695,83.56320130927291,0.005235346816495713,0.034375
24.42557978630066,3.09292104502567,4.852625300861696,0.3215877368398909,-0.2762300394938018,-1.4626353752570833,83.6570327799453,0.005241225484181667,0.034375
24.45340061187744,3.0909807501893045,4.8547273343000175,0.3157363940447686,-0.2965526094293839,-1.4788614916579736,83.64080666354441,0.005240208896191829,0.034375
24.48348307609558,3.0924359713129475,4.858284621811162,0.33976545565096367,-0.2873741580744352,-1.427918063491982,83.6917500917104,0.005243400570401188,0.034375
24.508874893188477,3.091142441424189,4.868633095672632,0.33158579736535915,-0.21286414306660836,-1.421796215239597,83.6978719399628,0.005243784112417973,0.034375
24.53916311264038,3.0932444275021633,4.872675468720658,0.36648503902558277,-0.13411138780744902,-1.2855593312045974,83.8341088239978,0.005252319536216328,0.034375
24.566395044326782,3.0916275151304564,4.872352078867589,0.35966450621733015,-0.08111211876704785,-1.256382901845483,83.8632852533569,0.005254147478709778,0.034219
24.595497369766235,3.0985802385197614,4.858931401379449,0.48926514541495075,-0.13231049623576285,-0.9774512628860258,84.14221689231637,0.005271622920592882,0.034219
24.62361240386963,3.097933473532311,4.867662926178401,0.5674855913158725,-0.11070255827504767,-0.7942263120140789,84.32544184318832,0.005283102209899904,0.034219
24.652130365371704,3.094052883698106,4.878334791409255,0.5472398959710987,-0.025364233025993603,-0.6639760599824339,84.45569209521996,0.005291262563161119,0.034219
24.678954124450684,3.097771782286122,4.870573434704398,0.6049429163338331,-0.016691238256783317,-0.5553466756671464,84.56432147953525,0.005298068340015551,0.034219
24.706510305404663,3.091142441424189,4.868309705839618,0.5172100198433707,-0.025513758703315268,-0.7216089914017005,84.3980591638007,0.005287651782586611,0.034219
24.73453640937805,3.099065312263178,4.861680214616118,0.608922006160893,-0.075306540627099,-0.6671823436466633,84.45248581155573,0.0052910616851824,0.034219
24.760783672332764,3.0987419297672973,4.881730385258566,0.666870395772811,0.021753408137716417,-0.4009824638992874,84.71868569130311,0.005307739465247682,0.034219
24.787171840667725,3.0997120772581734,4.8763944521463305,0.7261842709947287,0.054588984666168246,-0.28718705365715497,84.83248110154524,0.005314868900566203,0.034219
24.814915657043457,3.101975754774624,4.837911068683659,0.8114539901978856,-0.17561754948408623,-0.5960819453394097,84.52358620986298,0.005295516220648936,0.03406
24.84375309944153,3.100520533507982,4.867016146523598,0.8430177893135596,-0.14527281449312457,-0.5307405688026458,84.58892758639975,0.005299609945665179,0.03406
24.876592874526978,3.099388694760137,4.866531061786706,0.8432374456212294,-0.12722298917995312,-0.506465283355538,84.61320287184685,0.005301130824908599,0.03406
24.902039289474487,3.097610091040203,4.874939197737082,0.8090162007228288,-0.05926896230412227,-0.4329835848349534,84.68668457036743,0.005305734552032416,0.03406
24.940704345703125,3.1013289897645313,4.8809219105164665,0.8569363390325384,0.027660563141346232,-0.2664783628243886,84.853189792378,0.005316166327865856,0.03406
24.972931146621704,3.102784211043309,4.878011401528084,0.9186054404104156,0.0693622921395997,-0.1791152662388987,84.9405528889635,0.005321639743225989,0.03406
25.00532555580139,3.1048861973734563,4.858931401379449,1.002398818708776,-0.02697840860109203,-0.2858422494190466,84.83382590578334,0.0053149531543582595,0.03406
25.03351902961731,3.1048861973734563,4.878658181292032,1.0610541835176224,0.03537033158224823,-0.18911931586154587,84.93054883934084,0.005321012976078209,0.03406
25.063438177108765,3.1026225197890325,4.8812453004121,1.0583629310223113,0.09603572878285395,-0.11304198983861506,85.00662616536377,0.005325779322751878,0.03406
25.09241509437561,3.099227003511522,4.889653438263125,0.9908540443991557,0.19382066848471657,0.014615930900308027,85.1342840861027,0.0053337772629752,0.033901
25.11996841430664,3.098903621015103,4.886904623846008,0.9373478229421853,0.24418501494554115,0.09323037530692577,85.2128985305093,0.005338702563523841,0.033901
25.14806628227234,3.100520533507982,4.882215470108648,0.9311434722345695,0.2485889869637513,0.10093432637681458,85.22060248157919,0.005339185226407458,0.033901
25.176352739334106,3.106341418705664,4.878658181292032,1.039300446579401,0.22826750847763858,0.05938227398309615,85.17905042918548,0.005336581934506119,0.033901
25.20284676551819,3.1021374460278217,4.880760215569252,1.0337603136139457,0.22787226273202824,0.059293654774799774,85.17896180997718,0.005336576382393673,0.033901
25.231276273727417,3.1035926673187375,4.889006658389811,1.0580072253338009,0.2818509218672527,0.1274840190315081,85.24715217423389,0.005340848600317754,0.033901
25.259267568588257,3.10731156627262,4.8809219105164665,1.146855077712868,0.26644448206130866,0.09638569451424638,85.21605384971663,0.005338900248510871,0.033901
25.287009239196777,3.1068264924879263,4.884640894413334,1.199673572372721,0.28012806392785433,0.10579834141574963,85.22546649661814,0.005339489963483713,0.033901
25.3136887550354,3.103269284807757,4.874777502804729,1.167896505362749,0.22481294501256843,0.04634521346582737,85.16601336866822,0.005335765145151402,0.033743
25.34022092819214,3.103107593552671,4.891108693001631,1.142527557912473,0.2935391908597029,0.12875839225886032,85.24842654746125,0.005340928441512375,0.033743
25.369162559509277,3.1003588422574815,4.8820537751582185,1.0716442862590823,0.2820730801259584,0.1258290956524964,85.24549725085488,0.005340744917144921,0.033743
25.394537687301636,3.103107593552671,4.877849706588102,1.0751510045399177,0.2463872241198577,0.07944687121939986,85.19911502642178,0.005337839008476713,0.033743
25.42289423942566,3.1065031099661478,4.876556147082698,1.143230719840791,0.21289648573888562,0.03312322152027212,85.15279137672265,0.005334936769594275,0.033743
25.45203709602356,3.101814063521696,4.882215470108648,1.1002615038885237,0.22668701651911388,0.05228492047104345,85.17195307567341,0.005336137275774372,0.033743
25.477508544921875,3.10731156627262,4.886581233922228,1.1764330727011911,0.26506379846339106,0.09173541275169857,85.21140356795406,0.0053386089021115,0.033743
25.504549503326416,3.105371271148429,4.843246998651931,1.1922531631299218,0.006821187095984116,-0.2000062514821167,84.91966190372025,0.005320330894936634,0.033743
25.531684637069702,3.1052095798898347,4.885449369201668,1.2002022258189673,0.10371090757877233,-0.0914590491291647,85.0282091060732,0.005327131522980727,0.033743
25.56168508529663,3.1040777410872336,4.884802589370196,1.183891565569726,0.1672783918101312,-0.02030798530019527,85.09936016990217,0.005331589232710259,0.033743
25.587103605270386,3.0998737685075963,4.891108693001631,1.091224090286427,0.25326500361798715,0.08799824268222839,85.2076663978846,0.005338374763386327,0.033586
25.61644983291626,3.104724506115672,4.884640894413334,1.1201068730265502,0.27090242901752926,0.10662930343209143,85.22629745863446,0.005339542024370307,0.033586
25.64433979988098,3.10504788863151,4.845187336929937,1.1465748221407281,0.023674180800649678,-0.19287567319197085,84.9267924820104,0.00532077763524536,0.033586
25.673566579818726,3.112323995523523,4.87316055350327,1.3057274189533106,0.034656928380915865,-0.15141148236797905,84.96825667283439,0.0053233754225013264,0.033586
25.70036005973816,3.0955081048677586,4.886419538960941,1.0921341777693367,0.12957890671750322,-0.07140431561081736,85.04826383959154,0.005328387978976139,0.033586
25.72902202606201,3.104239432343938,4.885125979285128,1.1113689325095706,0.18751365125524794,0.0038634784774712765,85.12353163367983,0.005333103607386621,0.033586
25.755367040634155,3.105532962407293,4.877849706588102,1.1498332656121204,0.18019562391035257,-0.005202161219764295,85.11446599398259,0.005332535632881279,0.033586
25.782063484191895,3.11038370029881,4.888521573489052,1.2705083197003961,0.2452857844334469,0.06442533755052159,85.18409349275288,0.005336897889213207,0.033586
25.810107707977295,3.1081200225858443,4.88415580954516,1.3112308472163494,0.2621254855441217,0.07883162794094388,85.1984997831433,0.005337800462658831,0.033586
25.838517665863037,3.1035926673187375,4.882700554962349,1.2522365988554807,0.2643388063317686,0.08624790310267506,85.20591605830504,0.005338265102260352,0.033586
25.866570711135864,3.105371271148429,4.887228013771398,1.2453156314379301,0.29567537155528256,0.12089561137460893,85.24056376657697,0.005340435827727523,0.033428
25.895576000213623,3.104401123600913,4.884802589370196,1.2217209506573672,0.3016535165936689,0.13071722302856756,85.25038537823093,0.005341051164891487,0.033428
25.9237539768219,3.1102220090318418,4.871381909318013,1.3177046984591352,0.21754033545411375,0.032804662518772114,85.15247281772113,0.005334916811444894,0.033428
25.950374126434326,3.1121623042533098,4.885125979285128,1.4223933315405037,0.24908665137086364,0.05869865701127793,85.17836681221364,0.005336539104984498,0.033428
25.979673147201538,3.1120006129833664,4.889168353357536,1.4925503738670713,0.29776482400592896,0.09716028758881179,85.21682844279117,0.005338948777807539,0.033428
26.010843515396118,3.109251861435706,4.88237716505948,1.4885352901779723,0.2871586832863819,0.08831525887040094,85.20798341407276,0.005338394624876378,0.033428
26.03734302520752,3.1090901701706297,4.873322248431609,1.4825997308592411,0.22015990995331547,0.03005879430963933,85.149726949512,0.0053347447791129345,0.033428
26.068609952926636,3.1102220090318418,4.882215470108648,1.500319844600441,0.23177141346920502,0.0396625172221939,85.15933067242456,0.00533534646525455,0.033428
26.097224235534668,3.106988183749221,4.870735129626318,1.450223909857315,0.16436754408001153,-0.01979534907771855,85.09987280612465,0.005331621350058247,0.033428
26.12667202949524,3.109736935232558,4.864590722875203,1.468281767611591,0.07675930533658046,-0.09769343357592714,85.02197472162644,0.005326740930420188,0.033428
26.153560638427734,3.1128090693357864,4.867824621093104,1.5402972833212318,0.036710132568250196,-0.12517842641908886,84.99448972878328,0.0053250189586966515,0.033271
26.182607173919678,3.1116772304442923,4.867016146523598,1.5688331384684122,0.0033565629435089775,-0.14928267013689525,84.97038548506548,0.00532350879544734,0.033271
26.217201709747314,3.1129707606070816,4.877364621770564,1.6138082437775607,0.048094172381049946,-0.10890322272972751,85.01076493247264,0.0053260386220710535,0.033271
26.24659752845764,3.1065031099661478,4.864752417782291,1.5202907873071068,-0.0035682251601512264,-0.1613588905719955,84.95830926463037,0.005322752204014513,0.033271
26.278151273727417,3.1160428948131083,4.860224960535234,1.639203615233026,-0.06951913383443974,-0.19674897046691264,84.92291918473546,0.0053205349679678994,0.033271
26.30708074569702,3.109736935232558,4.880760215569252,1.6005675613745884,0.019421613113569536,-0.1326834757138401,84.98698467948853,0.005324548757276441,0.033271
26.334068536758423,3.109736935232558,4.838881237736494,1.5735223236736937,-0.19385173397942604,-0.3038886407479667,84.8157795144544,0.005313822523698915,0.033271
26.36444592475891,3.113617525694969,4.864267333062229,1.6295906768998034,-0.1761218486822452,-0.27812364461142686,84.84154451059095,0.00531543673531823,0.033271
26.39212465286255,3.1105453915660495,4.876556147082698,1.6094635083799265,-0.08285986522260004,-0.21145380182601733,84.90821435337637,0.005319613690529544,0.03311
26.419140815734863,3.103754358574633,4.874454112941226,1.4641244622288894,-0.03140626510239629,-0.19357809474869223,84.92609006045369,0.005320733627591236,0.03311
26.44663715362549,3.1065031099661478,4.878496486350443,1.415512140223034,0.03120700211177232,-0.1438151749270045,84.97585298027538,0.0053238513413669895,0.03311
26.47696828842163,3.109251861435706,4.867339536350198,1.4346085266271462,0.001632031090843467,-0.16864690568713525,84.95102124951525,0.005322295600077209,0.03311
26.504534482955933,3.1079583313226595,4.835809035785083,1.4229759913652869,-0.22651719711104473,-0.37324771015442243,84.74642044504796,0.005309477084827226,0.03311
26.53138780593872,3.1095752439666704,4.872513773793922,1.4460832239151424,-0.14473235546037835,-0.29692640753076716,84.82274174767161,0.005314258716962677,0.03311
26.558180332183838,3.1060180361855054,4.865075807597669,1.3935082714762304,-0.1364191352561327,-0.3039761600496816,84.8156919951527,0.0053138170404970955,0.03311
26.5877685546875,3.106341418705664,4.820286333386589,1.362955806048572,-0.4252806069187095,-0.5551941955795737,84.56447395962282,0.005298077893097871,0.03311
26.614322423934937,3.106664801226902,4.852140216231678,1.3478190815496507,-0.417909278779516,-0.5567162102130623,84.56295194498932,0.005297982536836487,0.03311
26.64148759841919,3.11038370029881,4.872837163647794,1.40909839085667,-0.27657915298203867,-0.4192721277622171,84.70039602744016,0.005306593593237283,0.03311
26.667465209960938,3.11038370029881,4.872028689016125,1.4519939073715837,-0.18296721401969612,-0.32685142662934424,84.79281672857303,0.005312383874316433,0.032954
26.695239543914795,3.109736935232558,4.854565639417747,1.4695207658716019,-0.23233246112678282,-0.3627241399246964,84.75694401527768,0.005310136400638936,0.032954
26.723726749420166,3.109736935232558,4.8511700469824355,1.481789566821606,-0.2892285536088343,-0.40423116249634894,84.71543699270603,0.005307535929916442,0.032954
26.75024938583374,3.111838921713694,4.868956485507249,1.5310027377386277,-0.21203456042109442,-0.3284419333876938,84.79122622181468,0.005312284226931418,0.032954
26.77769923210144,3.1105453915660495,4.855374113833098,1.5404519509671235,-0.2473604559350816,-0.3535326092497627,84.76613554595261,0.005310712262383146,0.032954
26.807088136672974,3.106664801226902,4.858608011594504,1.4720663829926366,-0.25081199144616423,-0.37701494364052374,84.74265321156184,0.005309241062588615,0.032954
26.838435649871826,3.1082817138493,4.833707002953855,1.455446492225955,-0.41705779256807934,-0.511268186202359,84.608399969,0.005300829916593274,0.032954
26.865463733673096,3.112485686794007,4.857314452470737,1.5250625888538338,-0.37811076375509073,-0.45645096281305825,84.66321719238931,0.005304264289277228,0.032954
26.893518686294556,3.1090901701706297,4.8568293678059264,1.508168839932327,-0.35403933229226214,-0.44478082582569395,84.67488732937667,0.005304995439036543,0.032954
26.92080545425415,3.108605096377021,4.859739875848812,1.4869682135094766,-0.3180403976753541,-0.42491385217474814,84.69475430302762,0.0053062401316240375,0.032954
26.948419332504272,3.099388694760137,4.851331741856311,1.2940027425583884,-0.3481602797187828,-0.5303584678469662,84.58930968735541,0.005299633884803347,0.032795
26.97539973258972,3.111838921713694,4.849068013658432,1.3995519607543812,-0.38413780954646437,-0.5104669241124893,84.60920123108988,0.005300880116739579,0.032795
27.002761363983154,3.1079583313226595,4.852786995739168,1.3984363952543486,-0.3848540026438936,-0.5115104823698938,84.60815767283248,0.00530081473641289,0.032795
27.03274631500244,3.1035926673187375,4.845187336929937,1.3132804824820772,-0.4353553213623502,-0.5915028072311279,84.52816534797124,0.005295803109802794,0.032795
27.060227632522583,3.105371271148429,4.856505978031387,1.2880463499765478,-0.3962381817416645,-0.5736028358346369,84.54606531936773,0.005296924567056677,0.032795
27.0867817401886,3.106664801226902,4.846157506090497,1.295382462299248,-0.4369412704305866,-0.6022492028951458,84.51741895230722,0.005295129833678293,0.032795
27.11311984062195,3.098903621015103,4.840659881037309,1.1505177154722155,-0.5016036302973678,-0.7409214555658635,84.37874669963651,0.005286441830763363,0.032795
27.139604330062866,3.1014906810166494,4.8555358087173675,1.0991123998430166,-0.4489949753060248,-0.736362704802713,84.38330545039966,0.005286727442622663,0.032795
27.16921377182007,3.10019715100725,4.858608011594504,1.0381286751609955,-0.39195615500581665,-0.7347689695155756,84.3848991856868,0.005286827292279344,0.03264
27.197810411453247,3.1024608285350257,4.852463605984624,1.039190074650262,-0.39245450345822674,-0.7343511006260943,84.38531705457629,0.005286853472326614,0.03264
27.22767949104309,3.103916049830798,4.801368044788732,1.0680580591822706,-0.7289733365042647,-0.9477771795636821,84.1718909756387,0.005273482041775651,0.03264
27.253135442733765,3.1074732575347244,4.841630050130823,1.157015662085722,-0.6996431006898542,-0.8677259866060164,84.25194216859637,0.005278497356551069,0.03264
27.28009867668152,3.1024608285350257,4.858608011594504,1.1224109654975534,-0.5674098427744992,-0.8082194455806144,84.31144870962177,0.005282225521284311,0.03264
27.310595989227295,3.10731156627262,4.85909309627252,1.1919376958274748,-0.4716550734406329,-0.6888373984948519,84.43083075670754,0.005289704966905883,0.03264
27.338663339614868,3.0959931785958212,4.860386655431509,1.0218563724922176,-0.3961160980093533,-0.7512958427080899,84.3683723124943,0.0052857918614724895,0.03264
27.366490840911865,3.0980951647787696,4.850199877747581,0.9434244506464922,-0.41026007621564703,-0.8364223716009079,84.28324578360149,0.005280458570082792,0.03264
27.39792227745056,3.099388694760137,4.84874462392227,0.9135221085542822,-0.42973532596610436,-0.8837507237150528,84.23591743148734,0.005277493385244387,0.03264
27.42346501350403,3.101975754774624,4.838234458366343,0.9425904764895844,-0.5125169084066699,-0.9200950952055674,84.19957305999682,0.005275216361547363,0.03264
27.452473640441895,3.09955038600902,4.8691181804251595,0.9160633270678764,-0.36727257901580707,-0.8239197714319131,84.29574838377047,0.005281241874778723,0.032483
27.48375916481018,3.0916275151304564,4.8555358087173675,0.74436930784695,-0.3549632394089421,-1.02765743409416,84.09201072110822,0.005268477436522327,0.032483
27.508826971054077,3.0925976625502525,4.864267333062229,0.6429334955121384,-0.28889990248290254,-1.1390200911475015,83.98064806405489,0.005261500416459119,0.032483
27.535062313079834,3.0974483997945526,4.856182588258447,0.6656784352855246,-0.29584704763988073,-1.1027401859402102,84.01692796926218,0.005263773401256899,0.032483
27.562322854995728,3.0998737685075963,4.865237502505959,0.7284748990874946,-0.24113559008130545,-0.9318907742930964,84.1877773809093,0.0052744773464068265,0.032483
27.592794179916382,3.102945902297855,4.851816826480332,0.8318074329817151,-0.29113542596507713,-0.839841981863757,84.27982617333863,0.005280244326906097,0.032483
27.619168758392334,3.1024608285350257,4.863458858536804,0.8947652051247513,-0.2495395814690942,-0.7135650285487182,84.40610312665368,0.005288155747665193,0.032483
27.64935278892517,3.09955038600902,4.865560892323741,0.8825856371124875,-0.2065927043529317,-0.6693887926536933,84.4502793625487,0.00529092344818808,0.032483
27.678901195526123,3.0950230311421185,4.864267333062229,0.7865599296165914,-0.18504052794369139,-0.7609380194426381,84.35873013575976,0.00528518776614727,0.032483
27.708106994628906,3.101814063521696,4.853918859892666,0.8505919507315868,-0.23803909896435965,-0.7504158287899895,84.36925232641241,0.005285846995526624,0.032483
27.733259677886963,3.1010056072611025,4.84874462392227,0.8797893630824006,-0.3091806418902071,-0.8023743826851711,84.31729377251723,0.005282591722326665,0.032327
27.760881185531616,3.102945902297855,4.860871740122734,0.9377275577781464,-0.2791925070440089,-0.7044151292359349,84.41525302596646,0.005288729001148639,0.032327
27.788919925689697,3.099065312263178,4.863782248345772,0.9032842827152503,-0.23905187887349894,-0.6902719220660106,84.42939623313639,0.005289615092077086,0.032327
27.81774353981018,3.1021374460278217,4.8542422496544075,0.9385489989090403,-0.2737193855750921,-0.6970205036098741,84.42264765159253,0.005289192284377669,0.032327
27.844747066497803,3.1079583313226595,4.842115134682967,1.075734321962607,-0.37777384707445616,-0.6867280918131764,84.43294006338922,0.005289837117803024,0.032327
27.87471580505371,3.108766787641287,4.832898528805926,1.1873890516513994,-0.5112502374211577,-0.7200182512020207,84.39964990400038,0.00528775144459704,0.032327
27.901227712631226,3.1040777410872336,4.864590722875203,1.1749223436524285,-0.3961731417142477,-0.631993103325579,84.48767505187682,0.005293266338359916,0.032327
27.927576303482056,3.103916049830798,4.851493436730585,1.1630706474837786,-0.40178937106935647,-0.6450597555966125,84.47460839960578,0.005292447695042072,0.032327
27.95374894142151,3.1082817138493,4.82190328138205,1.2391494773697715,-0.6004014821378512,-0.7511186693568701,84.36854948584553,0.00528580296162095,0.032168
27.983778715133667,3.106664801226902,4.840336491342662,1.2611546514745018,-0.618153437091157,-0.7492504725902843,84.37041768261211,0.005285920006658015,0.032168
28.013420581817627,3.111838921713694,4.847127675265431,1.376558296995655,-0.5858989727804621,-0.6608662512995042,84.4588019039029,0.00529145739685266,0.032168
28.042513370513916,3.1040777410872336,4.849229708527111,1.307340815393416,-0.5494910652497771,-0.6736059490552962,84.4460622061471,0.00529065923767441,0.032168
28.06868600845337,3.101814063521696,4.86604597705342,1.2151385707753812,-0.41336725386636924,-0.6205114205122538,84.49915673469015,0.005293985681212067,0.032168
28.09957528114319,3.1065031099661478,4.863782248345772,1.2412220162055982,-0.3329742016491512,-0.530587412874159,84.58908074232824,0.0052996195410898415,0.032168
28.127117395401,3.1021374460278217,4.860224960535234,1.1751054123522837,-0.3001033173767436,-0.53680104528274,84.58286710991966,0.005299230248672372,0.032168
28.15459656715393,3.1079583313226595,4.795547034003832,1.2413238113728517,-0.7026253365573701,-0.8173601760635472,84.30230797913886,0.005281652842240373,0.032168
28.18207049369812,3.1026225197890325,4.860386655431509,1.184551670520963,-0.5577952821910654,-0.7585851020344315,84.36108305316797,0.0052853351795836825,0.032168
28.21300435066223,3.0972867085491718,4.855212418949228,1.0416861574359915,-0.49045679071386433,-0.8180393495387485,84.30162880566365,0.005281610291109785,0.032168
28.23914122581482,3.1003588422574815,4.863135468729439,1.001055305925551,-0.39119219613355094,-0.7657105700927067,84.3539575851097,0.005284888759437847,0.03201
28.269410371780396,3.0953464136256095,4.860548350328183,0.875738698356655,-0.33872825427035835,-0.8469275597042618,84.27274059549814,0.005279800405935993,0.03201
28.295849084854126,3.1021374460278217,4.8691181804251595,0.9192670898580235,-0.24562052112039487,-0.680782819821282,84.43888533538112,0.005290209597079885,0.03201
28.325738668441772,3.101167298512682,4.8558591984871065,0.9309869609464113,-0.26767913978941515,-0.6972783477349953,84.4223898074674,0.005289176130096855,0.03201
28.353244066238403,3.101167298512682,4.85294869061704,0.9391908707082828,-0.3022691043136176,-0.7315746730193934,84.388093482183,0.0052870274192458825,0.03201
28.380846977233887,3.1024608285350257,4.871058519471363,0.9699336115333401,-0.20733315877977176,-0.5750815354128977,84.54458661978948,0.0052968319245416924,0.03201
28.4096360206604,3.1010056072611025,4.875747672404872,0.9633285256436424,-0.11002693169045284,-0.4275851928722108,84.69208296233018,0.0053060727685408015,0.03201
28.43822455406189,3.10504788863151,4.873483943360351,1.0368299789726667,-0.05680619069546389,-0.29118669333967057,84.82848146186272,0.005314618317767184,0.03201
28.465096712112427,3.1105453915660495,4.8346771719445165,1.1945310198309478,-0.27487075686020235,-0.49469588812743764,84.62497226707495,0.0053018681933300355,0.031853
28.49161148071289,3.103269284807757,4.864914112689779,1.1642967185834963,-0.22857984593382763,-0.4599588178024182,84.65970933739997,0.005304044517449876,0.031853
28.51995062828064,3.1034309760631125,4.871058519471363,1.1462577082587626,-0.15575067791390512,-0.3794689546979498,84.74019920050445,0.005309087315499278,0.031853
28.555497407913208,3.1068264924879263,4.825137177492229,1.1992554137548272,-0.4068978164441719,-0.6249147662091125,84.49475338899329,0.005293709805688933,0.031853
28.581512451171875,3.10731156627262,4.871866994090996,1.2457288096075692,-0.2752541082544384,-0.46643920499503194,84.65322895020736,0.005303638512486843,0.031853
28.609055519104004,3.103754358574633,4.874292418010077,1.2095101730882853,-0.16714606507554747,-0.3620465464601189,84.75762160874228,0.005310178852779738,0.031853
28.63734531402588,3.106988183749221,4.875909367339634,1.2466571397987831,-0.08083213622285805,-0.24118963639531896,84.87847851880709,0.0053177507005482015,0.031853
28.668632745742798,3.108928478905823,4.875747672404872,1.3101600248626335,-0.02147621590059961,-0.15312269763205047,84.96654545757035,0.005323268212566276,0.031853
28.695379972457886,3.113617525694969,4.869926655020726,1.4452370677320758,-0.01822494540317893,-0.12829702752641342,84.99137112767599,0.005324823574147913,0.031853
28.72267246246338,3.1131324518786476,4.856667672918456,1.5304159951239147,-0.10318308900940487,-0.19786352471134597,84.92180463049105,0.005320465139647253,0.031853
28.749305963516235,3.102784211043309,4.868471400755924,1.3900411996743676,-0.08499422447692769,-0.20856411100740602,84.911104044195,0.005319794733541192,0.031702
28.778343200683594,3.1105453915660495,4.860548350328183,1.4417788743221414,-0.1243896741107279,-0.23727317648986987,84.88239497871254,0.005317996072022447,0.031702
28.804677963256836,3.109413552701053,4.8571527575820665,1.4561202412381302,-0.17430691040633595,-0.28269789640256243,84.83697025879985,0.005315150152298705,0.031702
28.83303213119507,3.104401123600913,4.858608011594504,1.3692841775175246,-0.1996745095760423,-0.33569020817163864,84.78397794703078,0.0053118301127792495,0.031702
28.861807346343994,3.1060180361855054,4.867501231264099,1.3397489389978805,-0.15892119735325178,-0.302811531362385,84.81685662384002,0.005313890006048858,0.031702
28.88910984992981,3.108928478905823,4.855697503602037,1.3753242843020217,-0.20805344270010093,-0.3421741677202836,84.77749398748213,0.005311423884003312,0.031702
28.919816970825195,3.11038370029881,4.86604597705342,1.42835203278333,-0.17436091808158816,-0.2905668275106496,84.82910132769176,0.005314657153194069,0.031702
28.94600510597229,3.106664801226902,4.8544039445358775,1.3935964402639955,-0.22737188349673887,-0.3550883056946411,84.76457984950777,0.005310614795911035,0.031702
28.974329948425293,3.104562814858157,4.812524983561296,1.3286425174206042,-0.5400113183299536,-0.6643707857503708,84.45529736945204,0.005291237833061504,0.031545
29.002713203430176,3.1074732575347244,4.862326994218034,1.3394247828525585,-0.43119951376945864,-0.5701220969129354,84.54954605828948,0.005297142640025969,0.031545
29.031734228134155,3.1014906810166494,4.858446316702633,1.231347347009245,-0.3805631615226795,-0.5883682944086405,84.53129986079378,0.005295999491241868,0.031545
29.057432651519775,3.102299137281289,4.862488689119513,1.1713181444268188,-0.31852197434871754,-0.5647612551697091,84.5549069000327,0.0052974785039626585,0.031545
29.08745837211609,3.1121623042533098,4.833868697784636,1.3199227437178822,-0.46339095140936315,-0.6086040326051921,84.51106412259722,0.005294731695060213,0.031545
29.116668224334717,3.104239432343938,4.842923608944517,1.2708209286735668,-0.5052247964976391,-0.6735703315587245,84.44609782364368,0.005290661469158418,0.031545
29.14565420150757,3.102784211043309,4.840336491342662,1.208324653159147,-0.5515297571430163,-0.7534414296332774,84.36622672556913,0.005285657437569358,0.031545
29.173163890838623,3.1035926673187375,4.843893778071547,1.1802022630154532,-0.5605389844315886,-0.7813080813967148,84.3383600738057,0.005283911554401765,0.031545
29.2010178565979,3.103269284807757,4.857637842249278,1.1542665888126387,-0.4764199389088897,-0.7323889322404034,84.38727922296201,0.005286976404811855,0.031545
29.227230310440063,3.1035926673187375,4.851331741856311,1.142361617972906,-0.4590259585822752,-0.7263653777794771,84.39330277742293,0.005287353788590562,0.031545
29.253641843795776,3.093082736263782,4.842115134682967,0.9309031132303899,-0.5074884481794668,-0.9742220401912466,84.14544611501117,0.005271825235732682,0.031384
29.28316354751587,3.106664801226902,4.84243852438639,1.0453821965769432,-0.5392845322410569,-0.8795614889403972,84.24010666626202,0.005277755846430622,0.031384
29.308875560760498,3.096478252326308,4.8558591984871065,0.9286425239746973,-0.47324394757386495,-0.9491866893644727,84.17048146583795,0.005273393734093172,0.031384
29.338996171951294,3.0974483997945526,4.8542422496544075,0.8656747552093387,-0.4376538336653464,-0.9982241948085262,84.1214439603939,0.005270321468502662,0.031384
29.370847940444946,3.097933473532311,4.86006326563936,0.8309723181719441,-0.37444288940685083,-0.9889601061188046,84.13070804908362,0.005270901876103969,0.031384
29.396976947784424,3.095184722383729,4.851816826480332,0.7535556066410586,-0.38445053549296276,-1.1249035055459768,83.99476464965645,0.005262384839510545,0.031384
29.42549228668213,3.1000354597572883,4.84243852438639,0.7931139194753789,-0.4531579933605099,-1.1147341030525195,84.0049340521499,0.005263021966237808,0.031384
29.45580291748047,3.0955081048677586,4.856505978031387,0.7333047281347903,-0.4087000521403841,-1.1792073886728358,83.94046076652958,0.005258982628283627,0.031384
29.482491970062256,3.0974483997945526,4.846157506090497,0.7289382981213952,-0.4456645797096864,-1.2115400161827408,83.90812813901968,0.005256956945736157,0.031384
29.513108253479004,3.0916275151304564,4.846642590676167,0.6133817875843989,-0.46834826082264464,-1.4231304544703571,83.69653770073207,0.00524370052053782,0.031384
29.539666414260864,3.096639943570342,4.858608011594504,0.6293672380096177,-0.40550345486746425,-1.3722604715171853,83.74740768368524,0.005246887593305933,0.031226
29.571096658706665,3.0961548698390478,4.857799537139148,0.6311820523338129,-0.3668312386347187,-1.3515557139097165,83.76811244129271,0.005248184774183738,0.031226
29.59804630279541,3.091142441424189,4.849876488005826,0.5355774150433507,-0.3918883335620385,-1.5643497124575554,83.55531844274488,0.005234852944318297,0.031226
29.630094528198242,3.1040777410872336,4.859901570743886,0.7186541980268173,-0.3434708689506861,-1.1522210138077487,83.96744714139469,0.005260673360921022,0.031226
29.66160774230957,3.089687220319907,4.855697503602037,0.568682915839833,-0.3372382128183108,-1.484098589824178,83.63556956537826,0.005239880784956474,0.031226
29.687953233718872,3.0946996486597045,4.8547273343000175,0.560578024175639,-0.33925833075652456,-1.5040574851606874,83.61561067004175,0.005238630333351896,0.031226
29.723615884780884,3.099227003511522,4.849068013658432,0.6424046096064565,-0.3779064452728876,-1.3325702195371085,83.78709793566533,0.00524937424091031,0.031226
29.75374674797058,3.100520533507982,4.867662926178401,0.7246832228995479,-0.282619722601033,-1.0752170516772903,84.04445110352515,0.005265497762591624,0.031226
29.782822132110596,3.095184722383729,4.8657225872332335,0.679153239950384,-0.22868497343689786,-1.118500523987805,84.00116763121463,0.005262785994906599,0.03107
29.812421560287476,3.1021374460278217,4.854565639417747,0.7816572689736339,-0.2643348927188201,-0.9333591138670483,84.18630904133539,0.0052743853529600305,0.03107
29.841403484344482,3.0956697961101765,4.861518519716641,0.728410073082043,-0.24354516408043805,-1.0160589081044453,84.10360924709799,0.005269204099756444,0.03107
29.87632703781128,3.0985802385197614,4.8668544516109,0.7473870422202612,-0.1938859744400259,-0.8905943124589479,84.22907384274349,0.005277064625216263,0.03107
29.90568518638611,3.0958314873528647,4.861356824817563,0.7075459146583432,-0.19529475092514595,-0.9919401327480664,84.12772802245436,0.005270715173432432,0.03107
29.938652992248535,3.0946996486597045,4.864267333062229,0.6577821233486132,-0.1771319605442472,-1.108096972289418,84.01157118291302,0.005263437791396094,0.03107
29.966317892074585,3.102784211043309,4.877526316709342,0.7791974894316566,-0.07718396415930735,-0.535804532396501,84.58386362280594,0.0052992926815433605,0.03107
29.996521949768066,3.1034309760631125,4.87025004486176,0.8766882478524748,-0.05509270962246732,-0.344454649325876,84.77521350587656,0.005311281008767242,0.03107
30.023797750473022,3.101975754774624,4.848906318790151,0.9168067739982764,-0.18005433991629047,-0.5763009282236712,84.54336722697877,0.0052967555279440325,0.03091
30.053909301757812,3.099227003511522,4.836779204806824,0.8917647344823542,-0.34731468142916294,-0.8628964343305182,84.25677172087192,0.005278799934488902,0.03091
30.08612847328186,3.1035926673187375,4.87413072307933,0.958610319941664,-0.21865229614607187,-0.5945923866846623,84.52507576851778,0.005295609543499655,0.03091
30.11205005645752,3.0984185472724945,4.86879479058974,0.9054022146298308,-0.16369500995828187,-0.5581597542539499,84.5615084009485,0.005297892096863147,0.03091
30.13988733291626,3.1056946536664274,4.872998858575331,1.0087815637177968,-0.09756533498008005,-0.3327392319916976,84.78692892321075,0.005312014995401113,0.03091
30.1697518825531,3.109736935232558,4.874777502804729,1.159272125313951,-0.03957243422298565,-0.16612621773042352,84.95354193747202,0.005322453524563862,0.03091
30.207458019256592,3.0972867085491718,4.878658181292032,1.0239904757910971,0.02655451364691879,-0.07733766111773412,85.04233049408471,0.005328016246909588,0.03091
30.233849048614502,3.1095752439666704,4.832251749494753,1.166793363013201,-0.23247570159961345,-0.4435551581284103,84.67611299707403,0.005305072228764281,0.03091
30.264943599700928,3.1026225197890325,4.86879479058974,1.1323803566692277,-0.17337139377575123,-0.382584115355339,84.7370840398471,0.005308892146499351,0.03091
30.29479455947876,3.1026225197890325,4.872513773793922,1.1082912522284292,-0.10753029312566902,-0.2938625500306352,84.82580560517181,0.005314450671750892,0.03091
30.321027517318726,3.1082817138493,4.877526316709342,1.2008039006910183,-0.028462796966306526,-0.1380474148713178,84.98162074033112,0.005324212699282592,0.030752
30.349058866500854,3.1016523722690383,4.8763944521463305,1.1374377299873473,0.019437641093367763,-0.07246822436178955,85.04719993084065,0.005328321323663696,0.030752
30.374605894088745,3.1081200225858443,4.858931401379449,1.2180814344172264,-0.061925664333466066,-0.18340551875997607,84.93626263644246,0.005321370953142244,0.030752
30.406283855438232,3.117498116313231,4.87914326611921,1.4557820770491567,0.014098742344099465,-0.05274711162933098,85.0669210435731,0.005329556877868705,0.030752
30.43434238433838,3.1095752439666704,4.860871740122734,1.4690474838938457,-0.05289693808000597,-0.12447176912211069,84.99519638608032,0.005325063231725598,0.030752
30.466594219207764,3.109898626498715,4.87687953695664,1.4845832701944408,0.005525231977306825,-0.060161693555309495,85.05950646164712,0.005329092344350676,0.030752
30.49781346321106,3.1056946536664274,4.867339536350198,1.414208302613058,-0.016345208003294066,-0.09041321169868122,85.02925494350374,0.005327197046100674,0.030752
30.52607798576355,3.101167298512682,4.884317504500816,1.2774458098749413,0.08004762085050225,0.02604860042707236,85.1457167556295,0.0053344935350791095,0.030752
30.556126356124878,3.1102220090318418,4.870411739782878,1.3567120999114055,0.0560332296692668,-0.006648077723245672,85.11302007747918,0.00533244504426997,0.030752
30.58174228668213,3.1065031099661478,4.86927987534347,1.3403234866008296,0.031776347403740655,-0.03788857848051354,85.08177957672191,0.0053304877849306605,0.030752
30.61133122444153,3.1145876733349165,4.883832419635054,1.4851014963234999,0.11054121960708183,0.05335263931531424,85.17302079451774,0.005336204169794287,0.030596
30.63872766494751,3.1095752439666704,4.87687953695664,1.489571077385886,0.11993194235825659,0.06320948914774956,85.18287764435017,0.00533682171467747,0.030596
30.671331644058228,3.10731156627262,4.873645638289493,1.4489497741493476,0.10522885097629843,0.049511665996492246,85.16917982119891,0.0053359635276560985,0.030596
30.69804883003235,3.1056946536664274,4.88140699536052,1.3892648553814986,0.146000522323183,0.10242890028245465,85.22209705548487,0.005339278863470381,0.030596
30.72348690032959,3.1115155391751603,4.807027361321581,1.459985438095838,-0.31482081353005353,-0.40006115345758764,84.71960700174482,0.005307797186584496,0.030596
30.752899169921875,3.108928478905823,4.867016146523598,1.4594898336705806,-0.24271509932530752,-0.3294592767219547,84.79020887848046,0.005312220489004882,0.030596
30.779071807861328,3.1116772304442923,4.87768801164852,1.5122679237129535,-0.12202833140236355,-0.1918219202813539,84.92784623492106,0.005320843654280771,0.030596
30.80674386024475,3.116204586089816,4.868309705839618,1.6367126116783182,-0.09924972390521364,-0.1488846518725643,84.97078350332986,0.00532353373182628,0.030596
30.834420919418335,3.1082817138493,4.866531061786706,1.570698852305955,-0.0950068257684174,-0.1544496308569973,84.96521852434542,0.005323185078417201,0.030437
30.864521265029907,3.103916049830798,4.868956485507249,1.440114203541287,-0.07607935093279088,-0.15604025641455274,84.96362789878786,0.005323085423589257,0.030437
30.891785621643066,3.112323995523523,4.875262587602994,1.5112049859336933,-0.02134075580560075,-0.08625389978953094,85.03341425541288,0.005327457632579186,0.030437
30.92513418197632,3.109413552701053,4.856505978031387,1.5047185193662054,-0.1064279858519496,-0.17746584421959774,84.94220231098281,0.005321743081731247,0.030437
30.95680022239685,3.1100603177651434,4.871381909318013,1.5126779957876038,-0.06811671625782893,-0.13570121664147422,84.98396693856093,0.00532435969175345,0.030437
30.98452067375183,3.1105453915660495,4.840821575885232,1.5276246316013893,-0.24236261307315357,-0.3092348909325667,84.81043326426983,0.005313487573942978,0.030437
31.013340711593628,3.108605096377021,4.807835835151614,1.5005872676778116,-0.5813558644857288,-0.6110611946538177,84.50860696054858,0.005294577750557041,0.030437
31.041749477386475,3.102784211043309,4.867824621093104,1.3691610904620697,-0.4239704863073644,-0.5525800371236319,84.56708811807876,0.00529824167363686,0.030437
31.06810688972473,3.108605096377021,4.877849706588102,1.3896627888802935,-0.2478432723834644,-0.3632595642046896,84.7564085909977,0.005310102855588535,0.030437
31.098963260650635,3.108928478905823,4.871705299166266,1.4102639792197051,-0.16497975722057232,-0.26290089631393637,84.85676725888845,0.005316390460948519,0.030437
31.12967085838318,3.1152344384336277,4.87089682454864,1.5465598448444553,-0.11229444561005698,-0.17347074728176226,84.94619740792062,0.005321993379921207,0.03028
31.155943632125854,3.1139409082405356,4.865237502505959,1.6169669434899843,-0.11264876866044053,-0.16205287730078152,84.9576152779016,0.00532270872481369,0.03028
31.18260169029236,3.117336425034356,4.856182588258447,1.7318769323970233,-0.17247125396414173,-0.19710900024417138,84.92255915495821,0.005320512411618709,0.03028
31.208833932876587,3.109736935232558,4.870735129626318,1.665438883389401,-0.11860232312334486,-0.16017371849093937,84.95949443671144,0.00532282645663749,0.03028
31.235663175582886,3.113294143150484,4.862003604416275,1.6876822669510616,-0.13834087642825574,-0.1746467982078314,84.94502135699454,0.005321919698750842,0.03028
31.27606511116028,3.116527968644045,4.857476147359807,1.7657526538830282,-0.18194509288320124,-0.19946177265171605,84.92020638255066,0.005320365007266784,0.03028
31.301483869552612,3.1120006129833664,4.862650384021394,1.7329018995068213,-0.17842549664278057,-0.20212518745314229,84.91754296774923,0.0053201981407515805,0.03028
31.33007264137268,3.108605096377021,4.872837163647794,1.6442813552116196,-0.10894050548632583,-0.15407407537006845,84.9655940798323,0.005323208607472957,0.03028
31.3581645488739,3.1141025995137253,4.861841909515997,1.6884970016401766,-0.13264143373008336,-0.1693058022597886,84.95036235294258,0.005322254319321803,0.030122
31.389729738235474,3.113294143150484,4.866207671964115,1.7038229497266075,-0.12050868208629022,-0.15612309317949905,84.96354506202286,0.005323080233754651,0.030122
31.417071104049683,3.1084434051130256,4.85909309627252,1.6208010896500131,-0.15882426095887292,-0.20561011021490405,84.91405804498746,0.005319979805659091,0.030122
31.449523210525513,3.119115029116877,4.868309705839618,1.7689358460305376,-0.1250068745947702,-0.15115492522502788,84.96851322997733,0.005323391496150977,0.030122
31.47598171234131,3.1210553245170236,4.860710045225259,1.9101301885703834,-0.15133469956652126,-0.15480713526063863,84.96486101994172,0.005323162680286057,0.030122
31.502843618392944,3.1163662773667955,4.85294869061704,1.9183411980449314,-0.22082799615759577,-0.20576872764491339,84.91389942755745,0.005319969868064023,0.030122
31.529521226882935,3.1065031099661478,4.859739875848812,1.733463855294246,-0.22479246238108958,-0.2422839071574614,84.8773842480449,0.005317682143014963,0.030122
31.556223392486572,3.113617525694969,4.864429027968516,1.7415497490341902,-0.19671652887611965,-0.21667552733137155,84.902992627871,0.0053192865424120375,0.030122
31.58634638786316,3.1166896599215654,4.861195129918887,1.806584892318113,-0.19833996866763806,-0.20636131800818094,84.91330683719418,0.005319932741481709,0.030122
31.617146015167236,3.1163662773667955,4.86006326563936,1.8458594906683363,-0.20692318390846282,-0.20664667725217706,84.9130214779502,0.005319914863341737,0.030122
31.6457622051239,3.112647378064761,4.837264289323076,1.8014766886095894,-0.36293138449483786,-0.33788504839396527,84.7817831068084,0.0053116926030908835,0.029966
31.67531132698059,3.1157195122605037,4.85311038549531,1.8297837442381057,-0.367881846104456,-0.3341512602474846,84.78551689495488,0.005311926529934037,0.029966
31.705317974090576,3.1183065727116674,4.818345995844487,1.8995986990175315,-0.6000704519876088,-0.4733805677406987,84.64628758746167,0.005303203626786159,0.029966
31.732837438583374,3.1134558344225907,4.8422768295344785,1.8547191387629967,-0.6051557642363009,-0.49154948518229424,84.62811867002007,0.005302065319701261,0.029966
31.764402389526367,3.109413552701053,4.862003604416275,1.7451784263467176,-0.4789282852073289,-0.4426084559250072,84.67705969927736,0.005305131540929071,0.029966
31.79339075088501,3.110868774101338,4.853272080373983,1.6966249345647857,-0.4480158470976048,-0.43644592813321165,84.68322222706917,0.005305517631573647,0.029966
31.822420358657837,3.1113538479062997,4.857799537139148,1.672012492714605,-0.39658991319582104,-0.40390199542145533,84.71576615978093,0.00530755655267587,0.029966
31.85348391532898,3.1113538479062997,4.853595470132524,1.6547837834195185,-0.3882513276704532,-0.40308037601164914,84.71658777919073,0.005307608028235615,0.029966
31.884753704071045,3.1147493646091884,4.856991062693797,1.7083487050106787,-0.3600738974668858,-0.3614724051296325,84.75819575007274,0.0053102148235053635,0.029966
31.914271593093872,3.111838921713694,4.822873450198404,1.6895941344709586,-0.5648176765805316,-0.527722532390965,84.59194562281141,0.005299799029700644,0.029966
31.94099521636963,3.112485686794007,4.856020893372577,1.6889659384253364,-0.4900533190611681,-0.4722139555869609,84.64745419961541,0.0053032767166047564,0.029807
31.970783472061157,3.11038370029881,4.854080554773336,1.6479011906696301,-0.45048422322784853,-0.45718325713041763,84.66248489807195,0.00530421841005452,0.029807
31.99690079689026,3.108928478905823,4.845672421508421,1.5910308604722494,-0.47810498763283954,-0.5041792799315578,84.61548887527081,0.005301274046094009,0.029807
32.02793765068054,3.1111921566377085,4.857314452470737,1.594971640045557,-0.4208438003004268,-0.45396999054623827,84.66569816465613,0.005304419725522555,0.029807
32.0545129776001,3.114425982060915,4.845510726648526,1.6602302028259421,-0.45842052096570285,-0.45861197311788,84.6610561820845,0.005304128899078643,0.029807
32.080538272857666,3.1121623042533098,4.853433775253054,1.6621611845972943,-0.43259658262024403,-0.43674894485650506,84.68291921034587,0.005305498647168876,0.029807
32.107558250427246,3.105532962407293,4.848097844454741,1.535387842073533,-0.44962619816146054,-0.5064990420975074,84.61316911310487,0.005301128709878066,0.029807
32.13951325416565,3.105371271148429,4.8523019111079515,1.4435215016905554,-0.4338873631596108,-0.5406774935207789,84.5789906616816,0.005298987383982838,0.029807
32.168015480041504,3.114264290787185,4.843893778071547,1.5510901050738273,-0.47818930864320086,-0.5235455091772113,84.59612264602517,0.005300060725816182,0.029648
32.19909644126892,3.1040777410872336,4.851816826480332,1.429513081048131,-0.4570730289583922,-0.5708890456060962,84.54877910959628,0.005297094589660061,0.029648
32.22502160072327,3.105532962407293,4.845834116368714,1.372534169589107,-0.48165332225953383,-0.6305679250699271,84.48910023013245,0.005293355627692142,0.029648
32.253582239151,3.1137792169676173,4.834353782279369,1.4920239699232931,-0.5743914073596681,-0.6349653331394327,84.48470282206294,0.0052930801241693375,0.029648
32.27916598320007,3.1065031099661478,4.849391403396191,1.4350417956091452,-0.5403719400127366,-0.6417527608958729,84.4779153943065,0.005292654882702518,0.029648
32.30769419670105,3.1113538479062997,4.838396153208282,1.4889042954457024,-0.5888987089753751,-0.648286587105025,84.47138156809736,0.0052922455297133115,0.029648
32.33589005470276,3.104239432343938,4.845349031789032,1.3891080148830235,-0.5771227864175937,-0.7031656155955717,84.41650253960681,0.005288807284856738,0.029648
32.364439725875854,3.114264290787185,4.8133334574587545,1.513000664308532,-0.7795178061092068,-0.7676066690801076,84.35206148612228,0.005284769966289164,0.029648
32.39190483093262,3.115557820984608,4.848582929054789,1.62472552628189,-0.6892795663235761,-0.6462715933144512,84.47339656188794,0.005292371771781129,0.029648
32.41746377944946,3.1102220090318418,4.8398514068036835,1.5998079013962583,-0.6835595838995444,-0.6553350717501895,84.4643330834522,0.005291803932681724,0.029648
32.44628572463989,3.105532962407293,4.8396897119581554,1.4917405438327846,-0.6806194254902674,-0.7150808991430398,84.40458725605936,0.005288060776336117,0.02949
32.47185254096985,3.103754358574633,4.837102594483927,1.3817183870458902,-0.6955825828476722,-0.7992849594299614,84.32038319577244,0.005282785278843774,0.02949
32.50441598892212,3.1026225197890325,4.84421716778375,1.2828278734920902,-0.6592483037106421,-0.85013856403228,84.26952959117011,0.005279599232201345,0.02949
32.532448053359985,3.099388694760137,4.839204627423962,1.1511045045462236,-0.6667930172049132,-0.9772801898000246,84.14238796540236,0.005271633638551531,0.02949
32.562471866607666,3.109413552701053,4.849068013658432,1.2526481823949736,-0.6071807257867537,-0.8358792231793964,84.28378893202299,0.005280492599061036,0.02949
32.58963680267334,3.106341418705664,4.849229708527111,1.2643537436917094,-0.5643882923541949,-0.7896701208933183,84.32999803430907,0.005283387661394171,0.02949
32.617284297943115,3.101814063521696,4.845834116368714,1.1850476205841696,-0.5567740066365898,-0.8578418993030605,84.26182625589932,0.005279116607898368,0.02949
32.64586615562439,3.102945902297855,4.847774454723374,1.1514083380293931,-0.5386780538132001,-0.8769852413550974,84.24268291384729,0.005277917251802637,0.02949
32.67494511604309,3.1016523722690383,4.836940899645176,1.1028608361241867,-0.5972874519166762,-0.9799986442919537,84.13966951091044,0.005271463323725781,0.02933
32.704803466796875,3.10504788863151,4.831766665015555,1.134502596309065,-0.6723565649791909,-0.9992740036961388,84.12039415150625,0.0052702556965655905,0.02933
32.73227787017822,3.103107593552671,4.850684962363211,1.1191518215748915,-0.6004369147118482,-0.9639600432319991,84.15570811197038,0.005272468163627611,0.02933
32.76119422912598,3.101975754774624,4.850038182876504,1.0865312756040109,-0.5543484773630163,-0.9647170742616037,84.15495108094078,0.00527242073461665,0.02933
32.789875507354736,3.0998737685075963,4.851008352108961,1.023071887310432,-0.5157035944456158,-1.014175714276013,84.10549244092637,0.005269322084379576,0.02933
32.81755018234253,3.0980951647787696,4.852786995739168,0.9442753110192366,-0.47695005207329766,-1.1009098050913149,84.01875835011107,0.00526388807707592,0.02933
32.843905448913574,3.1014906810166494,4.803146687075337,0.9547427167259398,-0.7764181050445669,-1.2561783623960323,83.86348979280635,0.005254160293381054,0.02933
32.87164258956909,3.1024608285350257,4.853918859892666,0.9808199037457173,-0.652003402934988,-1.166582452613996,83.95308570258838,0.005259773597487395,0.02933
32.90173077583313,3.096639943570342,4.851493436730585,0.8865739193225177,-0.580870553923863,-1.26349466115536,83.85617349404701,0.005253701917435445,0.02933
32.934088706970215,3.1052095798898347,4.841468355280908,0.9862267551537843,-0.5970349821999815,-1.125916785867464,83.99375136933492,0.005262321356137212,0.02933
32.960283279418945,3.1000354597572883,4.855050724065758,0.9559837234343013,-0.5189884102572692,-1.1149271823577456,84.00474097284463,0.0052630098695599595,0.029175
32.98710036277771,3.1003588422574815,4.8555358087173675,0.9410636021243763,-0.4611643212779597,-1.0914021697611092,84.02826598544127,0.00526448374320142,0.029175
33.01445007324219,3.1008439160097927,4.8404981861897864,0.9399945185870583,-0.5196235951911908,-1.140935077587858,83.97873307761452,0.005261380439986136,0.029175
33.0417160987854,3.097933473532311,4.851655131605258,0.8829961525363363,-0.4871408590239196,-1.2159428510071852,83.90372530419519,0.005256681102219864,0.029175
33.068214416503906,3.090819058954689,4.862326994218034,0.705597284884602,-0.394190192255227,-1.5715366100838646,83.54813154511851,0.005234402675527499,0.029175
33.09660720825195,3.1048861973734563,4.86976496010081,0.8532931098407179,-0.28018855862837533,-1.0714711419146379,84.04819701328773,0.00526573244887031,0.029175
33.122474670410156,3.1035926673187375,4.846965980401944,0.9316801826925214,-0.3503873872622009,-0.9850658136178235,84.13460234158455,0.0052711458587605415,0.029175
33.150991678237915,3.1035926673187375,4.863620553441089,0.9865511336887753,-0.2899521247029719,-0.7834072869705895,84.33626086823179,0.005283780036352595,0.029175
33.17795920372009,3.091142441424189,4.85909309627252,0.7843357719918245,-0.2774346707905637,-1.288244320679444,83.83142383452294,0.005252151318018853,0.029175
33.203824043273926,3.105532962407293,4.845510726648526,0.920910053249681,-0.35803413030879483,-1.017536649411925,84.10213150579045,0.005269111517278406,0.029175
33.23146891593933,3.105532962407293,4.859739875848812,1.016512050130192,-0.32083675628691916,-0.7840553128535219,84.33561284234885,0.005283739436660504,0.029016
33.26230549812317,3.1008439160097927,4.851655131605258,0.9928084321911321,-0.34799007179093333,-0.866063843942815,84.25360431125956,0.005278601492021754,0.029016
33.28868532180786,3.0969633260592184,4.860548350328183,0.9012158899092949,-0.30848676723052604,-0.9920873047120156,84.12758085049036,0.005270705952911184,0.029016
33.31837797164917,3.1079583313226595,4.856344283144717,1.0496011456627854,-0.3084940234076094,-0.7120830329766741,84.4075851222257,0.005288248596678616,0.029016
33.34559392929077,3.1082817138493,4.866692756698602,1.1597208260950704,-0.24041400569589075,-0.46397020239557624,84.65569795280679,0.005303793198816427,0.029016
33.37630867958069,3.1081200225858443,4.8621652993169535,1.2336796016926215,-0.22254522457863618,-0.37655695915615406,84.74311119604621,0.005309269755931794,0.029016
33.401777267456055,3.1077966400597443,4.859739875848812,1.2792007432164991,-0.2259945222758062,-0.3541806810415252,84.76548747416085,0.005310671659814806,0.029016
33.42994213104248,3.1129707606070816,4.870573434704398,1.4110655671012071,-0.15713244073164043,-0.19859921092555385,84.92106894427683,0.005320419047917649,0.029016
33.45609784126282,3.1052095798898347,4.872352078867589,1.353370908598864,-0.09722685581396431,-0.1250040400299935,84.99466411517238,0.00532502988423819,0.02886
33.48436784744263,3.1081200225858443,4.850038182876504,1.3692346594452884,-0.2021014361344957,-0.2758805911913236,84.84378756401105,0.0053155772656282,0.02886
33.5131618976593,3.1076349487970996,4.857799537139148,1.370964282954001,-0.2244498255216466,-0.30655084213643574,84.81311731306594,0.005313655733205665,0.02886
33.541300535202026,3.1077966400597443,4.862488689119513,1.3753000200994676,-0.20924263914799063,-0.2834469050329517,84.83622125016943,0.005315103225901829,0.02886
33.56842660903931,3.106664801226902,4.860386655431509,1.3564600313853006,-0.2124273940044998,-0.29595525047740834,84.82371290472497,0.005314319561256672,0.02886
33.59632921218872,3.1061797274454497,4.860386655431509,1.3338970373425019,-0.2146567224040543,-0.3094957447898331,84.81017241041255,0.005313471231098401,0.02886
33.62334704399109,3.10731156627262,4.821418196979239,1.339977946118973,-0.47260011505463295,-0.6332855297798635,84.48638262542252,0.005293185366106375,0.02886
33.65277552604675,3.117336425034356,4.851655131605258,1.5379846342373182,-0.4542244229283193,-0.48980249676407844,84.6298656584383,0.005302174770872478,0.02886
33.677982330322266,3.1074732575347244,4.864914112689779,1.4859642646242555,-0.3541274121815095,-0.41285707221170026,84.70681108299068,0.005306995505085175,0.02886
33.70775127410889,3.112485686794007,4.868309705839618,1.546425029532647,-0.26171908045061193,-0.2850345379350438,84.83463361726734,0.00531500375856777,0.02886
33.735435009002686,3.1111921566377085,4.865237502505959,1.5637475583878322,-0.21724601304882313,-0.22958929226618,84.8900788629362,0.0053184774776911916,0.028704
33.76484513282776,3.1152344384336277,4.7982958445883455,1.6539983502621443,-0.6265401374129635,-0.5790393538851589,84.54062880131723,0.005296583961897677,0.028704
33.79133677482605,3.117498116313231,4.860871740122734,1.7609239181405993,-0.5013441539099481,-0.43461945045543127,84.68504870474695,0.005305632062853755,0.028704
33.81679153442383,3.1147493646091884,4.855050724065758,1.782646799315418,-0.4520048304542361,-0.38701310534720507,84.73265504985517,0.00530861466432668,0.028704
33.84337496757507,3.1131324518786476,4.849714793135548,1.7666028072322373,-0.4525736772860722,-0.39291261372197045,84.7267555414804,0.005308245052201907,0.028704
33.87384796142578,3.109413552701053,4.814950405283433,1.683496994275186,-0.6816951409906283,-0.6061558189135968,84.51351233628877,0.005294885078936792,0.028704
33.899802684783936,3.1134558344225907,4.863620553441089,1.7034479454433433,-0.5218675523128653,-0.4739879491668545,84.64568020603551,0.005303165573523885,0.028704
33.92991304397583,3.113617525694969,4.86604597705342,1.7205386121385555,-0.3940307948105349,-0.3573882207093125,84.76227993449305,0.005310470703145777,0.028704
33.95639109611511,3.1145876733349165,4.858284621811162,1.751252084199905,-0.35560888784122346,-0.313241108751242,84.80642704645112,0.00531323657901489,0.028704
33.98309850692749,3.118144881431438,4.850846657235886,1.841501535961575,-0.37764971124912383,-0.30728987659563795,84.81237827860673,0.005313609431704015,0.028704
34.00959491729736,3.112485686794007,4.864914112689779,1.795301119468762,-0.3005251140060707,-0.25221512483689773,84.86745303036547,0.005317059938886265,0.028545
34.03762364387512,3.1115155391751603,4.865884282143126,1.7442108229569224,-0.24015491770941333,-0.20720471784555203,84.91246343735682,0.005319879901348919,0.028545
34.066649436950684,3.1186299552729384,4.863458858536804,1.8459476561948591,-0.21385322569012952,-0.16511031723736685,84.95455783796501,0.0053225171720944564,0.028545
34.09836435317993,3.109251861435706,4.86604597705342,1.7359133878074324,-0.17842076617461403,-0.1481179267213394,84.97155022848104,0.005323581768186981,0.028545
34.124398946762085,3.1178214988717925,4.849229708527111,1.8245144464440899,-0.26425632062569704,-0.21386017616043337,84.90580797904194,0.005319462927944894,0.028545
34.15185499191284,3.1205702506633277,4.860548350328183,1.9396602055207943,-0.24987314141485475,-0.18180734874823087,84.93786080645414,0.005321471080640374,0.028545
34.178887367248535,3.117174733755752,4.856182588258447,1.9546372148207505,-0.26852831489224144,-0.19465939781202293,84.92500875739034,0.005320665882501751,0.028545
34.20773100852966,3.1187916465539804,4.854080554773336,1.9963711315444614,-0.29541672030960964,-0.209180912070505,84.91048724313187,0.005319756090126009,0.028545
34.233585596084595,3.1202468680955526,4.842115134682967,2.053709882891176,-0.3929619813886126,-0.2716735192109106,84.84799463599147,0.005315840844339336,0.028389
34.262441635131836,3.1220254722317367,4.842923608944517,2.1282220211925194,-0.45592451748312146,-0.3002336199552932,84.81943453524708,0.005314051515661542,0.028389
34.28850793838501,3.1095752439666704,4.8523019111079515,1.939755444794191,-0.43829618668477927,-0.3317016063600993,84.78796654884228,0.005312080004040821,0.028389
34.3153612613678,3.1157195122605037,4.845025642071241,1.9265788735673355,-0.47382867956514774,-0.3624201709103023,84.75724798429208,0.005310155444706025,0.028389
34.34195923805237,3.1145876733349165,4.844540557497549,1.8954802672000712,-0.5018929126881609,-0.39316016894006695,84.72650798626232,0.005308229542534942,0.028389
34.36984062194824,3.1150727471585444,4.859901570743886,1.8830862455009425,-0.42047407433897765,-0.3328807689152397,84.78678738628714,0.005312006127922716,0.028389
34.397961139678955,3.1129707606070816,4.845995811229405,1.833785418700332,-0.45497022463864345,-0.3758896611041014,84.74377849409828,0.005309311563051169,0.028389
34.42542219161987,3.1095752439666704,4.858446316702633,1.733649823049671,-0.3972026591311069,-0.359189669423308,84.76047848577907,0.005310357839963873,0.028389
34.451990604400635,3.115557820984608,4.849391403396191,1.7791799374006931,-0.4163398162527496,-0.3609863419817502,84.75868181322063,0.005310245276014531,0.028389
34.479493856430054,3.113294143150484,4.864105638156342,1.7673010047589663,-0.3329273359582282,-0.2887972865319802,84.8308708686704,0.00531476801731349,0.028389
34.505895376205444,3.1105453915660495,4.858931401379449,1.7058607378813433,-0.3085811482695891,-0.2826881213658532,84.83698003383653,0.005315150764717883,0.028389
34.53212380409241,3.1111921566377085,4.854080554773336,1.6753525542319312,-0.3234537036737374,-0.30722120887157306,84.81244694633081,0.005313613733829174,0.028389
34.5595965385437,3.1186299552729384,4.866531061786706,1.7977468680873794,-0.2519496116063685,-0.2047076347207934,84.91496052048159,0.005320036346961137,0.02823
34.58890151977539,3.111030465369388,4.8568293678059264,1.7365478445770706,-0.2657265257881507,-0.23147358938419987,84.88819456581818,0.00531835942394548,0.02823
34.61544322967529,3.119276720398732,4.84874462392227,1.8530835755401187,-0.3285618406668589,-0.2629075917803191,84.85676056342206,0.005316390041468555,0.02823
34.64397144317627,3.1074732575347244,4.824975482682942,1.7065335235362245,-0.5289294594203157,-0.4896573181338191,84.63001083706855,0.005302183866508688,0.02823
34.670064210891724,3.1129707606070816,4.8547273343000175,1.7101985133250093,-0.47344220337794357,-0.4392681797704817,84.6803999754319,0.005305340813717306,0.02823
34.69763374328613,3.1141025995137253,4.857314452470737,1.7346390123195636,-0.4175798513220074,-0.37855800141613444,84.74111015378624,0.005309144387946109,0.02823
34.72420811653137,3.113294143150484,4.788594160682509,1.7361223572021698,-0.8306035365476557,-0.6985094536055206,84.42115870159685,0.005289098999660262,0.02823
34.75083374977112,3.1176598075923763,4.856344283144717,1.8215357240068453,-0.6739757619296098,-0.5514706441465379,84.56819751105583,0.005298311178597174,0.02823
34.77712631225586,3.1120006129833664,4.856505978031387,1.7719500485935045,-0.563272490138756,-0.4889364437966185,84.63073171140574,0.005302229030254298,0.028074
34.805644035339355,3.1061797274454497,4.864752417782291,1.624740049388259,-0.43152488892401736,-0.4365214758887605,84.68314667931361,0.005305512898405274,0.028074
34.8333957195282,3.1115155391751603,4.80217651854943,1.6248180739005615,-0.7510034629647533,-0.70958658771068,84.41008156749169,0.005288405002328125,0.028074
34.86333680152893,3.111030465369388,4.852140216231678,1.615497688646284,-0.6459152780117369,-0.6357556299420369,84.48391252526034,0.00529303061101301,0.028074
34.88963079452515,3.114264290787185,4.862488689119513,1.671473435942823,-0.5042684558910596,-0.48319049848775225,84.63647765671462,0.005302589021446704,0.028074
34.91641068458557,3.115557820984608,4.864590722875203,1.7356564664258993,-0.3912858946431694,-0.3502408284802946,84.76942732672208,0.005310918496870361,0.028074
34.94516730308533,3.113294143150484,4.810099561928437,1.7368345750766163,-0.6707085585369462,-0.5894075584416655,84.53026059676071,0.005295934379954103,0.028074
34.97499132156372,3.1149110558837307,4.849876488005826,1.7689092600899565,-0.6046024574935939,-0.522972795259005,84.59669535994337,0.005300096607112511,0.028074
35.0030632019043,3.1202468680955526,4.850199877747581,1.8944865728730143,-0.5562005278546115,-0.43442285050594426,84.68524530469642,0.0053056443801046925,0.028074
35.03040599822998,3.1147493646091884,4.857799537139148,1.8761406576281372,-0.47231918972572184,-0.3739447713259044,84.74572338387647,0.005309433413008436,0.028074
35.05894136428833,3.1152344384336277,4.850038182876504,1.8726735197303463,-0.4646660698727338,-0.36872806388124607,84.75094009132113,0.005309760246737699,0.027915
35.08940291404724,3.1223488548054767,4.857637842249278,2.0077465692950907,-0.40930889871768544,-0.28712734918896166,84.83254080601341,0.005314872641131337,0.027915
35.11574077606201,3.1160428948131083,4.85311038549531,1.9804226626246204,-0.40034610606045706,-0.2864122740061462,84.83325588119622,0.005314917441552136,0.027915
35.145779609680176,3.121863780945273,4.858284621811162,2.0737959658562017,-0.360029605716169,-0.23544830274160752,84.88421985246076,0.005318110402814214,0.027915
35.17344689369202,3.1221871635184706,4.84421716778375,2.1454072804229583,-0.42436121971858604,-0.2691720760192317,84.85049607918313,0.005315997563115603,0.027915
35.20063066482544,3.123965767690454,4.854080554773336,2.2299102136702205,-0.40449975368804303,-0.24014403370356724,84.87952412149879,0.005317816208961445,0.027915
35.22889256477356,3.11798319015148,4.855212418949228,2.1734372255667864,-0.38314992076172333,-0.23481602199783683,84.88485213320452,0.005318150016052183,0.027915
35.256760358810425,3.119600102963255,4.842923608944517,2.1651561443699228,-0.4490560750442873,-0.2827726580709486,84.83689549713141,0.005315145468379746,0.027915
35.29285931587219,3.123480693822112,4.846157506090497,2.234359414810959,-0.47391379574243037,-0.28592302068203873,84.83374513452031,0.0053149480939301275,0.027766
35.32656383514404,3.124127458980444,4.848259539321024,2.295301708959689,-0.4774844179228901,-0.2767755821749572,84.8428925730274,0.00531552119324079,0.027766
35.35282230377197,3.119600102963255,4.8346771719445165,2.250461282744943,-0.5693455159193949,-0.34449561137793705,84.77517254382443,0.00531127844243965,0.027766
35.38120937347412,3.1312418760088128,4.851816826480332,2.4440730752951896,-0.5208823740517358,-0.2773153198051272,84.84235283539724,0.005315487377953205,0.027766
35.409234285354614,3.117336425034356,4.841791744981139,2.3108512246606585,-0.5529155976540364,-0.3212368770996479,84.79843127810271,0.005312735633386761,0.027766
35.43671631813049,3.125582680602566,4.840174796495938,2.3769709870513926,-0.5859771472478953,-0.3277851738074468,84.7918829813949,0.005312325373801376,0.027766
35.46478724479675,3.122510546092754,4.836779204806824,2.363879797585281,-0.6314606465612727,-0.3572957880512756,84.76237236715107,0.005310476494175971,0.027766
35.49258542060852,3.128331432615463,4.828694463397177,2.4672160104079,-0.7164905547550001,-0.3825101080107652,84.73715804719158,0.005308896783158899,0.027766
35.519490480422974,3.1236423851112884,4.840336491342662,2.44892632223969,-0.699415787923169,-0.3772056858115087,84.74246246939084,0.005309229112335369,0.027766
35.54759669303894,3.128493123912784,4.837749373842915,2.529873579025572,-0.7044847195526669,-0.3630493515486063,84.75661880365375,0.005310116025693825,0.027615
35.58103895187378,3.1336672455705594,4.831281580539939,2.6865367050550684,-0.7505861397858902,-0.35656125064929767,84.76310690455306,0.0053105225139309445,0.027615
35.60767102241516,3.1301100369009354,4.8188310802246495,2.7274508608806767,-0.8647719707311259,-0.4027297263683248,84.71693842883403,0.005307629996906812,0.027615
35.63665294647217,3.124450841561238,4.81656735314781,2.6467157236599745,-0.9595956574144893,-0.46306478399629253,84.65660337120606,0.005303849924495434,0.027615
35.66480278968811,3.131403567311026,4.808967698530311,2.724576185389824,-1.0759721940646982,-0.49624239190534025,84.623425763297,0.005301771302790854,0.027615
35.69295835494995,3.128331432615463,4.8037934661005295,2.719703481871091,-1.1914782896366611,-0.5448227857573936,84.57484536944496,0.005298727675855643,0.027615
35.720988273620605,3.1299483456008974,4.820286333386589,2.747542603239839,-1.163822014985093,-0.5270685302477555,84.5925996249546,0.005299840003813467,0.027615
35.75153684616089,3.1349607760285187,4.826592430793706,2.8639050344159216,-1.1029732908343526,-0.47684425193427193,84.64282390326808,0.005302986622318497,0.027615
35.77779197692871,3.122510546092754,4.82966463231377,2.70473363074042,-1.0401664310510776,-0.48530778007093095,84.63436037513142,0.005302456370911271,0.027615
35.80513072013855,3.12881650650824,4.818669385430865,2.7151886977109245,-1.0685420035638633,-0.4951371364447219,84.62453101875764,0.005301840548530205,0.027615
35.833651304244995,3.12881650650824,4.82352022941726,2.722507244590272,-1.0564900347723556,-0.48828114882787843,84.63138700637448,0.005302270085364379,0.027456
35.861799240112305,3.128654815210376,4.830796496067909,2.7245052260357494,-1.000181347877574,-0.4632690585387259,84.65639909666363,0.0053038371264209384,0.027456
35.88854217529297,3.1213787070875103,4.8346771719445165,2.5852787568263,-0.935233366887662,-0.4654714516052194,84.65419670359714,0.005303699143536743,0.027456
35.915419578552246,3.124127458980444,4.827077515234692,2.5409452483704276,-0.9397697499325002,-0.47858160042196113,84.6410865547804,0.0053028777751018795,0.027456
35.9418568611145,3.1178214988717925,4.82966463231377,2.388036748838181,-0.9259239524197614,-0.5131402660978526,84.60652788910451,0.005300712628272967,0.027456
35.96839189529419,3.1153961297089827,4.835323951279592,2.2341257845124156,-0.8789978732265252,-0.5359212855383086,84.58374686966405,0.005299285366802182,0.027456
35.99477791786194,3.128493123912784,4.830796496067909,2.3795132026164656,-0.8759368347954811,-0.4891574375060024,84.63051071769635,0.0053022151847015335,0.027456
36.02352166175842,3.1236423851112884,4.8050870241699295,2.3875343567856864,-1.0429429084193034,-0.5721614512520206,84.54750670395033,0.0052970148717370585,0.027456
36.0490288734436,3.121702089659081,4.842600219238699,2.355649150624472,-0.9130388250768012,-0.5158803760259152,84.60378777917644,0.005300540956705051,0.027297
36.08146333694458,3.1184682639921677,4.835809035785083,2.270829484522471,-0.8667867964283941,-0.5169286655177271,84.60273948968464,0.005300475279960172,0.027297
36.108526945114136,3.1157195122605037,4.83758767900257,2.1583307013771402,-0.8227082547597765,-0.5291643262851525,84.5905038289172,0.005299708699376341,0.027297
36.13610649108887,3.120085176812071,4.835809035785083,2.1639565806819627,-0.803555397206469,-0.5153722664396286,84.60429588876273,0.005300572790453201,0.027297
36.16618752479553,3.1213787070875103,4.842761914091408,2.1928947050786634,-0.7444037378930212,-0.46838686269893137,84.65128129250343,0.005303516489115309,0.027297
36.192978620529175,3.122672237380302,4.7997510972970305,2.238151401375033,-0.9859760871443951,-0.5939253379722051,84.52574281723015,0.005295651334997563,0.027297
36.2187135219574,3.11798319015148,4.852140216231678,2.179206056960141,-0.810396114937494,-0.5141852841812308,84.60548287102112,0.005300647156486219,0.027297
36.24589824676514,3.1189533378352934,4.848259539321024,2.15669432209223,-0.7130220413594346,-0.459327463590616,84.66034069161174,0.005304084072639372,0.027297
36.27492308616638,3.1184682639921677,4.845834116368714,2.13156110454989,-0.6608176309402636,-0.43182585036845167,84.68784230483391,0.005305807085651981,0.027297
36.30587911605835,3.118144881431438,4.836779204806824,2.107717850206513,-0.683848985145944,-0.45592365647819444,84.66374449872417,0.005304297325727464,0.027297
36.3345513343811,3.1183065727116674,4.80330838183104,2.0941525731954047,-0.9201835294988586,-0.6136673611063738,84.506000794096,0.005294414470727798,0.027139
36.36693978309631,3.1242891502707053,4.833707002953855,2.200281921051939,-0.8856178692049771,-0.5522286941244233,84.56743946107795,0.0052982636857477365,0.027139
36.39635705947876,3.1205702506633277,4.835809035785083,2.2026974377462745,-0.8475921273181133,-0.5287871598351193,84.59088099536726,0.005299732329361102,0.027139
36.42316269874573,3.119438411680858,4.826269041168371,2.1825132918244323,-0.8837400276101565,-0.55766182621197,84.5620063289904,0.005297923292723864,0.027139
36.450538873672485,3.1202468680955526,4.8396897119581554,2.1840093950871386,-0.82074573608769,-0.5189042165204442,84.60076393868194,0.005300351509036,0.027139
36.47659969329834,3.1223488548054767,4.838719542893359,2.2256816820448426,-0.7830327076921123,-0.48116108927701184,84.63850706592537,0.00530271616665996,0.027139
36.504151582717896,3.1204085593793045,4.8212565021790965,2.2173522693387384,-0.8715271337452081,-0.5380044988871222,84.58166365631526,0.005299154850687399,0.027139
36.529640436172485,3.120085176812071,4.844540557497549,2.205271678255096,-0.7802818306141992,-0.4860822415395533,84.63358591366283,0.005302407849859891,0.027139
36.55779457092285,3.1252592980179723,4.8299880219558196,2.296815302042578,-0.8121547506443109,-0.476251375371447,84.64341677983093,0.005303023766831599,0.027139
36.584944009780884,3.1141025995137253,4.83629412029416,2.1452707644218587,-0.7929764566440131,-0.515442141708154,84.60422601349423,0.005300568412673762,0.027139
36.61138081550598,3.1160428948131083,4.830958190891521,2.076689599213361,-0.8146580140443862,-0.5563582688223153,84.56330988638007,0.005298004962345457,0.02698
36.637404680252075,3.110868774101338,4.8404981861897864,1.9286827555714476,-0.7670691801276894,-0.5896289253221414,84.53003922988024,0.005295920511021669,0.02698
36.665404081344604,3.1149110558837307,4.835000561611257,1.9032029864363327,-0.7699271910476563,-0.6044918008512838,84.5151763543511,0.005294989331903753,0.02698
36.69365620613098,3.119276720398732,4.815435489638577,1.9697421748416022,-0.9006511139548647,-0.6606785302374537,84.45898962496493,0.005291469157829371,0.02698
36.72021746635437,3.1187916465539804,4.834192087447393,2.0069446035590577,-0.8687536907447608,-0.6222613495130879,84.4974068056893,0.0052938760458094,0.02698
36.74739217758179,3.1199234855288616,4.826269041168371,2.0548613111224663,-0.8985531220088059,-0.6194119047316123,84.50025625047077,0.005294054567352756,0.02698
36.777896881103516,3.1166896599215654,4.829502937493344,2.0259029857799034,-0.8981361419955782,-0.6323053044763913,84.48736285072599,0.005293246778538421,0.02698
36.805599212646484,3.1149110558837307,4.835970730621043,1.9712571475822487,-0.8552910890469473,-0.630426105756927,84.48924204944545,0.0052933645128626135,0.02698
36.83460760116577,3.116527968644045,4.824167008642475,1.9642550703248933,-0.9029590784926184,-0.6651944940305249,84.45447366117185,0.005291186226631223,0.026824
36.863266706466675,3.1105453915660495,4.821579891779778,1.843728583777498,-0.9533479353250793,-0.763165124966714,84.35650303023566,0.005285048234994407,0.026824
36.892986536026,3.1121623042533098,4.838072763524802,1.7906100512633776,-0.8801095642192678,-0.7480805830485182,84.37158757215386,0.005285993301809374,0.026824
36.918914556503296,3.116204586089816,4.835809035785083,1.8315521009635922,-0.8437363138281226,-0.6975444777530637,84.4221236774493,0.005289159456693716,0.026824
36.9472599029541,3.1147493646091884,4.833221918463902,1.8320865272915303,-0.8352963057912804,-0.6911899250890821,84.42847823011329,0.00528955757795449,0.026824
36.973747968673706,3.1149110558837307,4.8212565021790965,1.8355856266403905,-0.9081116524146179,-0.7392988544057872,84.38036930079657,0.005286543488905759,0.026824
37.00196361541748,3.1141025995137253,4.831604970189951,1.8224099916403278,-0.8909973344842208,-0.7358621853576954,84.38380596984466,0.005286758800838264,0.026824
37.02972888946533,3.1129707606070816,4.831928359841555,1.7913120409978958,-0.876889653617407,-0.7456699326740315,84.37399822252833,0.0052861443322936765,0.026824
37.05986785888672,3.103107593552671,4.817214132304677,1.5789184328570787,-0.9638227197666699,-0.9583803235560721,84.16128783164629,0.005272817740560812,0.026824
37.09055805206299,3.1141025995137253,4.834838866777687,1.6427429559919893,-0.9087184980038064,-0.8725155527468005,84.24715260245556,0.005278197283798292,0.026824
37.120951652526855,3.1100603177651434,4.828694463397177,1.6092951014256525,-0.9105710507647815,-0.900543803111458,84.2191243520909,0.005276441276261249,0.026667
37.15349102020264,3.108928478905823,4.817375827094888,1.564006598001465,-0.9863358688462303,-0.9840759652985164,84.13559218990385,0.005271207874087456,0.026667
37.181918144226074,3.10731156627262,4.83629412029416,1.5010546385802301,-0.9149032393853509,-0.9984921601842351,84.12117599501812,0.005270304680111897,0.026667
37.21350955963135,3.1071498750107853,4.795708728740932,1.4538632663116215,-1.1319214533892274,-1.1473395249312957,83.97232863027106,0.0052609791927566655,0.026667
37.238152503967285,3.1105453915660495,4.839042932580029,1.4864543209681962,-0.9987280512569692,-1.0586738811104992,84.06099427409185,0.005266534214450865,0.026667
37.268685817718506,3.1100603177651434,4.840174796495938,1.4998930569089772,-0.8980458647699541,-0.9886578447675051,84.13101031043485,0.005270920813183665,0.026667
37.29430317878723,3.106988183749221,4.82966463231377,1.4499251584732846,-0.8967172328059869,-1.0373010753510943,84.08236707985125,0.00526787324944281,0.026667
37.32207155227661,3.1115155391751603,4.828856158215615,1.5024476502601025,-0.9011063360170043,-0.9880472768664945,84.13162087833585,0.005270959066082868,0.026667
37.34838390350342,3.108605096377021,4.834192087447393,1.4829633807389366,-0.8690723461882819,-0.986415928304955,84.1332522268974,0.005271061272261718,0.026667
37.37460970878601,3.108766787641287,4.831928359841555,1.472449392794816,-0.8615421618102536,-0.992042166084579,84.12762598911777,0.005270708780906829,0.026667
37.40152096748352,3.112647378064761,4.83031141159946,1.540089620098165,-0.8669093242184394,-0.9297021989655359,84.18996595623682,0.005274614463591114,0.02651
37.43065524101257,3.112647378064761,4.841144965582272,1.587437779210484,-0.7993897800311284,-0.8360877664577933,84.28358038874457,0.005280479533544497,0.02651
37.45649242401123,3.110868774101338,4.841468355280908,1.5862064815694334,-0.7499984404750556,-0.795802287260789,84.32386586794158,0.005283003472933612,0.02651
37.48311185836792,3.1150727471585444,4.7973256761336955,1.6665945955594847,-1.0058498082671719,-0.9125364149627466,84.20713174023962,0.005275689923018513,0.02651
37.50983214378357,3.1115155391751603,4.840821575885232,1.6541162562204341,-0.8987757774796976,-0.8540172333201989,84.26565092188217,0.005279356228360052,0.02651
37.53792762756348,3.113617525694969,4.839204627423962,1.6860064296825104,-0.8344622488432559,-0.7822180091287544,84.33745014607362,0.005283854546207,0.02651
37.564844846725464,3.1134558344225907,4.849391403396191,1.7052045502284647,-0.7224215290512559,-0.6741033615494203,84.44556479365295,0.0052906280741134536,0.02651
37.59370827674866,3.1120006129833664,4.845025642071241,1.690518226948618,-0.6727164192216736,-0.6378409522770502,84.48182720292532,0.005292899962767407,0.02651
37.619818925857544,3.1157195122605037,4.852786995739168,1.752112821075443,-0.5868590294165381,-0.5089217996242943,84.61074635557807,0.0053009769208644045,0.02651
37.64776945114136,3.1160428948131083,4.856182588258447,1.8014790388708644,-0.5044184364934237,-0.3927600831870836,84.72690807201528,0.005308254608444819,0.02651
37.67644190788269,3.1153961297089827,4.851008352108961,1.8235353875352998,-0.48075256583687753,-0.35662674010773204,84.76304141509463,0.005310518410928399,0.02635
37.70684552192688,3.1160428948131083,4.85311038549531,1.8514748353927613,-0.45035667304389543,-0.3118188355733766,84.80784931962899,0.0053133256863400905,0.02635
37.73256850242615,3.1121623042533098,4.841953439831853,1.7960324273940476,-0.5024837776268903,-0.3933664528576184,84.72630170234474,0.005308216618570394,0.02635
37.76081943511963,3.114264290787185,4.855050724065758,1.7978477530662547,-0.45280256705610344,-0.3351226971169761,84.78454545808539,0.005311865668109186,0.02635
37.786662578582764,3.1202468680955526,4.859739875848812,1.9147435179564172,-0.38717466201004497,-0.22244340455498024,84.89722475064738,0.005318925177155711,0.02635
37.813170433044434,3.1205702506633277,4.843893778071547,2.0028205555793863,-0.44549041783851256,-0.2602478945715325,84.85942026063083,0.005316556675071583,0.02635
37.83914875984192,3.123157311244574,4.856667672918456,2.114474500269045,-0.40226891971413453,-0.19540051827870122,84.92426763692366,0.00532061945030893,0.02635
37.86678600311279,3.119438411680858,4.850199877747581,2.120757235590377,-0.4145670514089822,-0.20531033547584698,84.91435781972652,0.005319998586949195,0.02635
37.89437818527222,3.122995619956212,4.8131717626784685,2.193905175090295,-0.6667926204614808,-0.39397437741758795,84.72569377778478,0.005308178531280058,0.02635
37.92420029640198,3.1228339286681215,4.840659881037309,2.2419837315590985,-0.6624995753189976,-0.37642490265902695,84.74324325254335,0.005309278029448737,0.02635
37.95167779922485,3.1212170158021313,4.843085303798024,2.244388709563861,-0.6435370038943513,-0.36184737680273704,84.75782077839965,0.005310191331026326,0.026194
37.9804573059082,3.121863780945273,4.857314452470737,2.258572198713684,-0.5366462116834889,-0.27760312088946876,84.84206503431291,0.005315469346828655,0.026194
38.006099700927734,3.1202468680955526,4.850523267490934,2.2372506299096324,-0.5065034968683801,-0.2585786615095089,84.86108949369287,0.005316661254765282,0.026194
38.0343337059021,3.1199234855288616,4.845672421508421,2.2160755295678913,-0.5173184791812135,-0.2718410293466427,84.84782712585574,0.005315830349604308,0.026194
38.06378149986267,3.1254209893101335,4.835809035785083,2.3075029992213447,-0.5897825543014846,-0.3065901369495533,84.81307801825284,0.005313653271332838,0.026194
38.0938663482666,3.11798319015148,4.84874462392227,2.2277521754525735,-0.5554010606261927,-0.2994141532936169,84.82025400190878,0.0053141028563487265,0.026194
38.11963224411011,3.1223488548054767,4.852786995739168,2.2563016283006436,-0.5047382783996975,-0.2529991657587942,84.8666689894436,0.005317010817669269,0.026194
38.1499400138855,3.117174733755752,4.850846657235886,2.176286210766671,-0.4820402846400538,-0.251290225897351,84.86837792930504,0.00531711788504729,0.026194
38.17840266227722,3.119276720398732,4.851331741856311,2.1609004318728333,-0.4629602005940842,-0.23817445302473078,84.88149370217766,0.0053179396058368085,0.026035
38.20690178871155,3.1220254722317367,4.847289370129317,2.2032554054796734,-0.47619987782418394,-0.24065249599229202,84.8790156592101,0.005317784353116016,0.026035
38.2338125705719,3.123480693822112,4.835970730621043,2.2610288975877846,-0.5599357041269654,-0.29537687424719467,84.8242912809552,0.005314355797304456,0.026035
38.260502576828,3.127522976132934,4.850846657235886,2.3795953736906363,-0.5206784826491548,-0.24142578355945973,84.87824237164293,0.005317735905611139,0.026035
38.28691053390503,3.1204085593793045,4.844863947212945,2.325091853490783,-0.5325601161117703,-0.2605609906928312,84.85910716450955,0.005316537059178988,0.026035
38.31336283683777,3.1249359154344645,4.779215867591951,2.3744394222036114,-0.9727917682723363,-0.5391859378459699,84.58048221735642,0.005299080831949544,0.026035
38.34003162384033,3.123965767690454,4.8511700469824355,2.3902327129166863,-0.8075500686107199,-0.43445388995762635,84.68521426524477,0.00530564243544135,0.026035
38.366244077682495,3.1252592980179723,4.843893778071547,2.4262880263056825,-0.7397532024589752,-0.3810824731974125,84.73858568200498,0.005308986226397769,0.026035
38.39467239379883,3.1242891502707053,4.843893778071547,2.4327767382291277,-0.6922953961527716,-0.34843564029179963,84.7712325149106,0.005311031594335368,0.026035
38.42377829551697,3.125582680602566,4.834838866777687,2.46231884654933,-0.7186493714740835,-0.3585100780579,84.7611580771445,0.005310400417275845,0.026035
38.44979238510132,3.1309184934052032,4.8435703883609404,2.586123367065834,-0.6796503731670325,-0.3071964255370125,84.81247172966539,0.005313615286538378,0.02588
38.4761323928833,3.124450841561238,4.829341242673315,2.547786477989613,-0.7459680469261102,-0.35575425248644393,84.76391390271596,0.00531057307344993,0.02588
38.50237441062927,3.1278463587251304,4.822388365788439,2.5865756826437623,-0.8381350682315497,-0.4010915138286859,84.71857664137372,0.005307732633123113,0.02588
38.53081727027893,3.129301580403463,4.825945651544627,2.641853138184946,-0.8792477443817666,-0.4108214965918117,84.7088466586106,0.00530712303663225,0.02588
38.55908727645874,3.1267145196571953,4.825783956733352,2.63054733552086,-0.9090904467491171,-0.4299035604984302,84.68976459470397,0.005305927519694645,0.02588
38.586636543273926,3.128331432615463,4.8275625996792595,2.6538832869628393,-0.9182782185783052,-0.42909142892851965,84.69057672627389,0.005305978400828476,0.02588
38.61371350288391,3.1276846674288965,4.820609722982502,2.657718447586494,-0.970454307295129,-0.4558353648375633,84.66383279036485,0.005304302857317358,0.02588
38.64437961578369,3.1309184934052032,4.8188310802246495,2.722903087791858,-1.018679687987593,-0.46399069472556237,84.65567746047685,0.005303791914944428,0.02588
38.67280459403992,3.1238040764007353,4.841144965582272,2.631032277615826,-0.905629034669534,-0.4277554320527729,84.69191272314964,0.005306062102827451,0.02588
38.7004816532135,3.1265528283628625,4.851655131605258,2.6198477318206472,-0.7573446666587638,-0.3455231249847411,84.77414503021767,0.005311214067331878,0.02588
38.72864770889282,3.1149110558837307,4.849391403396191,2.387018469810778,-0.6684392215220958,-0.3419286141296019,84.7777395410728,0.005311439268265631,0.02572
38.75616645812988,3.119276720398732,4.838234458366343,2.3084130132037197,-0.6796096352958697,-0.3711717615218592,84.74849639368055,0.00530960714579778,0.02572
38.78531455993652,3.1205702506633277,4.790857886799915,2.278389202252484,-0.9991307866200275,-0.5964661086862143,84.5232020465162,0.005295492152299195,0.02572
38.81512904167175,3.1178214988717925,4.849229708527111,2.2042475165556144,-0.838753334937469,-0.522434695520586,84.59723345968183,0.0053001303197839815,0.02572
38.841599464416504,3.1221871635184706,4.835000561611257,2.2367233659125674,-0.8201060994145077,-0.4964906846980351,84.62317747050439,0.005301755746913853,0.02572
38.8683443069458,3.123480693822112,4.836455815131316,2.284456469890807,-0.7974785715506967,-0.4631004549471845,84.65656770025524,0.0053038476896624465,0.02572
38.89508819580078,3.1265528283628625,4.834192087447393,2.377244666413134,-0.7965329110618432,-0.4319430522900752,84.68772510291235,0.0053057997427941525,0.02572
38.92178273200989,3.1260677544814923,4.823196839807037,2.432821400104844,-0.8682113280641997,-0.46107345141147116,84.65859470379095,0.00530397468415693,0.02572
38.94827389717102,3.1176598075923763,4.837264289323076,2.309225054038743,-0.8258330854038517,-0.47414040506169497,84.64552775014073,0.005303156021957276,0.02572
38.975826025009155,3.124450841561238,4.8320900546679555,2.3539576588706494,-0.8302108500994714,-0.46183354362133167,84.6578346115811,0.0053039270633589135,0.02572
39.00152897834778,3.1246125328520424,4.834353782279369,2.3883954834865757,-0.8183816768476204,-0.4428492740456766,84.67681888115675,0.005305116453350312,0.025564
39.02953886985779,3.118144881431438,4.85294869061704,2.2875019154622245,-0.687760880254371,-0.38144273717406435,84.73822541802836,0.005308963655375674,0.025564
39.05597949028015,3.1160428948131083,4.843408693506236,2.1762514049416253,-0.6590922586611584,-0.39487399126519135,84.72479416393723,0.005308122169264015,0.025564
39.085461139678955,3.117336425034356,4.8547273343000175,2.1233760554131607,-0.5645561628465354,-0.32903817786728234,84.79062997733514,0.0053122468714138105,0.025564
39.111727476119995,3.1280080500216365,4.83758767900257,2.2926133881840705,-0.6111468112524695,-0.3201380030740095,84.79953015212841,0.005312804479320642,0.025564
39.138402700424194,3.1121623042533098,4.836779204806824,2.1048294143480013,-0.6490794113644863,-0.41294690660568445,84.70672124859674,0.005306989876839716,0.025564
39.16484785079956,3.1271995935418238,4.837749373842915,2.2640057327719014,-0.669249255961591,-0.37442217790444726,84.74524597729797,0.00530940350284497,0.025564
39.19219613075256,3.127361284837243,4.819639554199532,2.378554156991491,-0.8025170072793743,-0.43601712169378337,84.68365103350864,0.005305544496873117,0.025564
39.21964931488037,3.1278463587251304,4.832736833977536,2.4681130579450996,-0.8096342787393828,-0.4138639409045635,84.70580421429786,0.005306932423408995,0.025405
39.2457013130188,3.129301580403463,4.81689074272545,2.5589293008958767,-0.918871615191387,-0.45505616327660253,84.66461199192582,0.005304351675341892,0.025405
39.274500131607056,3.1312418760088128,4.795223644530816,2.660000688000863,-1.1378908021681473,-0.54308288615184,84.57658526905058,0.005298836682903226,0.025405
39.302870750427246,3.1247742241431173,4.785683655788173,2.6057506051165817,-1.3539701140178224,-0.6612562542743645,84.45841190092806,0.005291432962642377,0.025405
39.32929968833923,3.1297866543011312,4.826269041168371,2.664650588104862,-1.2382046182999373,-0.589674329710798,84.52999382549162,0.005295917666375728,0.025405
39.35858774185181,3.127361284837243,4.827400904864006,2.659005555724518,-1.149721967752232,-0.5489022705618689,84.57076588464055,0.005298472090652478,0.025405
39.386122941970825,3.1252592980179723,4.822873450198404,2.614429016271179,-1.117571325780264,-0.5464037707123943,84.57326438449003,0.0052986286250244026,0.025405
39.41582274436951,3.128169741318414,4.802984992320028,2.639475462133738,-1.2259168253334018,-0.5920078366785687,84.52766031852386,0.005295771469029485,0.025405
39.4422070980072,3.129463271702414,4.790049413177667,2.682007985218986,-1.3868649621009699,-0.6507730162457378,84.46889513895668,0.005292089751587508,0.025405
39.468865156173706,3.1309184934052032,4.819154469813411,2.7399057641345963,-1.308039488449627,-0.5983732430807014,84.52129491212172,0.005295372667767435,0.025405
39.49688506126404,3.123157311244574,4.811716509673759,2.6304341462576972,-1.3017977859970695,-0.6302992027934229,84.489368952409,0.005293372463503755,0.025405
39.5233428478241,3.1276846674288965,4.76563351443255,2.6413040490928945,-1.6006197061244563,-0.7501326716344253,84.36953548356799,0.005285864735702799,0.025405
39.55000352859497,3.130756802103806,4.805410413691242,2.7082880074079925,-1.5480932608912972,-0.7075792452030237,84.41208890999938,0.005288530765032792,0.025247
39.5788152217865,3.123319002533208,4.801044655287225,2.6114267177407333,-1.5400481240353976,-0.7375838700271364,84.38208428517527,0.005286650934980905,0.025247
39.605998277664185,3.129463271702414,4.793121612994777,2.6623738641438712,-1.5865441295187481,-0.7376601160211426,84.38200803918126,0.005286646158066955,0.025247
39.637399196624756,3.1221871635184706,4.8018531290439626,2.5574118092243667,-1.561644588735103,-0.7656737490173783,84.35399440618502,0.005284891066327679,0.025247
39.664987564086914,3.1254209893101335,4.795708728740932,2.546438394980906,-1.584640397934048,-0.7786277555881379,84.34104039961426,0.005284079480414281,0.025247
39.69152784347534,3.1247742241431173,4.793445002457511,2.5262570000025946,-1.615631064174902,-0.7979967429384883,84.32167141226391,0.005282865987337489,0.025247
39.71789765357971,3.1220254722317367,4.8023382133027575,2.459005003170512,-1.5788139569594433,-0.8105089618797993,84.3091591933226,0.00528208208001255,0.025247
39.74493384361267,3.1267145196571953,4.801368044788732,2.5025536410107563,-1.5594249539550986,-0.7856471094058842,84.33402104579652,0.005283639708468164,0.025247
39.77063727378845,3.1249359154344645,4.794091781387722,2.4986626734675927,-1.5937249392126478,-0.8004419684972423,84.31922618670517,0.005282712790671444,0.02509
39.79974365234375,3.123965767690454,4.800559571037932,2.4771889888014873,-1.575181784832798,-0.8018348832159398,84.31783327198647,0.005282625522693149,0.02509
39.82664752006531,3.123157311244574,4.809937867156086,2.4465324035245013,-1.5004995104757763,-0.7843959896839506,84.33527216551846,0.005283718092799433,0.02509
39.8543541431427,3.1212170158021313,4.800074486792203,2.3875727799396658,-1.5131154706660046,-0.8145195594198547,84.30514859578255,0.005281830810689038,0.02509
39.880871057510376,3.117498116313231,4.807189056086795,2.2744260189148413,-1.4751381798633494,-0.8503118204537963,84.26935633474861,0.005279588377453794,0.02509
39.9110369682312,3.117498116313231,4.809452782841414,2.1952232861974927,-1.4336604733997564,-0.8719599854132869,84.24770816978912,0.00527823209083806,0.02509
39.937580585479736,3.114264290787185,4.818992775018832,2.077281354228672,-1.3418601753111197,-0.8953314838072699,84.22433667139514,0.005276767835067618,0.02509
39.96475672721863,3.115881203536671,4.8131717626784685,2.0259720111221835,-1.3158978071929692,-0.9139061163006686,84.20576203890174,0.00527560410938971,0.02509
39.992080211639404,3.115881203536671,4.818669385430865,1.990055470947656,-1.2615539668632052,-0.9100001299752427,84.20966802522716,0.005275848824680096,0.02509
40.021119594573975,3.1111921566377085,4.817214132304677,1.874288867378333,-1.2330877390387325,-0.9760036244952186,84.14366453070718,0.005271713617082749,0.02509
40.04779100418091,3.112647378064761,4.82901785303445,1.821377252306624,-1.135501861267993,-0.9652355942693468,84.15443256093306,0.005272388248641614,0.024932
40.07759952545166,3.1074732575347244,4.831766665015555,1.684339097272758,-1.0491066515251204,-1.0391742997071007,84.0804938554953,0.005267755889420517,0.024932
40.10461354255676,3.1153961297089827,4.833868697784636,1.7415374284166254,-0.974800225432851,-0.9338526089860826,84.18581554621632,0.005274354434827884,0.024932
40.13516163825989,3.104401123600913,4.841468355280908,1.5690762085424539,-0.8727857522562634,-1.054886078469771,84.06478207673263,0.0052667715253746465,0.024932
40.162394285202026,3.109413552701053,4.827400904864006,1.5452283751923492,-0.8939287615216679,-1.1027266767811057,84.01694147842129,0.005263774247623863,0.024932
40.18890833854675,3.112485686794007,4.843893778071547,1.5879099069303155,-0.8002182874966388,-0.9664732741367004,84.15319488106569,0.005272310706335288,0.024932
40.2141592502594,3.10731156627262,4.84437886264045,1.5177869548304026,-0.7314294676038756,-1.004138092880903,84.11553006232148,0.005269950954844,0.024932
40.241777658462524,3.1153961297089827,4.835000561611257,1.6249509287069537,-0.7449793922809866,-0.8573622062470195,84.26230594895537,0.005279146661312725,0.024932
40.26894950866699,3.1105453915660495,4.848097844454741,1.6062156846449516,-0.6682941649239784,-0.7850299649380584,84.33463819026433,0.005283678373398112,0.024773
40.30057454109192,3.1102220090318418,4.846642590676167,1.5868510122504471,-0.6241889704726452,-0.7463545617635714,84.37331359343881,0.005286101439361523,0.024773
40.32713460922241,3.112647378064761,4.852786995739168,1.6201707537170755,-0.5528898152922201,-0.5729615504627501,84.54670660473963,0.0052969647444466965,0.024773
40.35694646835327,3.105371271148429,4.839204627423962,1.5028695398410523,-0.5923420753120179,-0.8379587818899363,84.28170937331244,0.005280362311914249,0.024773
40.382779598236084,3.1141025995137253,4.837911068683659,1.5895087308807938,-0.6284692914688165,-0.7494745602017024,84.37019359500067,0.005285905967268131,0.024773
40.409873247146606,3.1105453915660495,4.855050724065758,1.5814061461666424,-0.5409924267454381,-0.6000885371652511,84.51957961803713,0.005295265202288798,0.024773
40.43557691574097,3.1082817138493,4.8568293678059264,1.5319843264477733,-0.4680564963854916,-0.4964602001226358,84.62320795507975,0.005301757656813451,0.024773
40.462568521499634,3.1120006129833664,4.795547034003832,1.5692640703021399,-0.820192561863486,-1.0145899538199614,84.10507820138243,0.005269296131715681,0.024773
40.487974882125854,3.113294143150484,4.860710045225259,1.6203598977899876,-0.6379646806546282,-0.7201563810846737,84.39951177411771,0.005287742790574334,0.024773
40.51581645011902,3.111838921713694,4.846480895813878,1.6280019694164949,-0.6040221608819011,-0.6543248917847108,84.46534326341768,0.0052918672218135844,0.024773
40.54266381263733,3.1147493646091884,4.836455815131316,1.6896014352085336,-0.6462198145778681,-0.6468751334195243,84.47279302178286,0.0052923339591827824,0.024614
40.572843074798584,3.1160428948131083,4.849068013658432,1.7577210687640248,-0.59277948394783,-0.4982980985452705,84.62137005665711,0.0053016425100083356,0.024614
40.59951996803284,3.1121623042533098,4.85909309627252,1.7304047907539264,-0.48941382226196634,-0.34123542623394715,84.77843272896844,0.005311482697418486,0.024614
40.63173508644104,3.1153961297089827,4.85909309627252,1.7737834138534319,-0.41705785908185594,-0.1813015403531561,84.93836661484923,0.005321502770215803,0.024614
40.659796714782715,3.116204586089816,4.862812078923675,1.8197734547766389,-0.3419406033208974,-0.03297206560999644,85.0866960895924,0.005330795811066584,0.024614
40.68665647506714,3.1061797274454497,4.853272080373983,1.6582164337164471,-0.35212446977710665,-0.07232076109562935,85.04734739410677,0.0053283305624354125,0.024614
40.71984314918518,3.1139409082405356,4.857476147359807,1.695126555700373,-0.33159360822741046,-0.01838172273651522,85.10128643246588,0.005331709915647518,0.024614
40.74966740608215,3.1150727471585444,4.8542422496544075,1.7428386474511337,-0.33849859612282046,-0.03103551509727117,85.08863264010513,0.005330917138557669,0.024614
40.78021430969238,3.1163662773667955,4.8544039445358775,1.801237119261451,-0.34226825812560535,-0.03469901274218766,85.08496914246021,0.0053306876155088615,0.024614
40.81124520301819,3.1204085593793045,4.8555358087173675,1.9202410753903703,-0.33746021478580673,-0.020988214519789855,85.0986799406826,0.005331546615435869,0.024614
40.84196186065674,3.118144881431438,4.855212418949228,1.9597938297948632,-0.3362222435301715,-0.01799062618909652,85.1016775290133,0.005331734418371593,0.024458
40.86804914474487,3.1163662773667955,4.8479361495888575,1.9531057469020672,-0.38322799021987525,-0.08690978971269557,85.0327583654897,0.00532741654019441,0.024458
40.89580202102661,3.1166896599215654,4.852463605984624,1.9546740908256153,-0.3863447881080697,-0.09124593050453775,85.02842222469786,0.005327144875148854,0.024458
40.92143630981445,3.125906063188245,4.838072763524802,2.133896995912737,-0.48320736116734747,-0.18302363546543599,84.93664451973696,0.005321394878643646,0.024458
40.94878387451172,3.1186299552729384,4.848582929054789,2.118727977263941,-0.48186225486427264,-0.18470101276390238,84.9349671424385,0.005321289788702595,0.024458
40.9780535697937,3.119276720398732,4.856505978031387,2.1206096684209252,-0.4287930351930024,-0.12283955519170074,84.9968286000107,0.005325165492120968,0.024458
41.00443434715271,3.123965767690454,4.846157506090497,2.2125518852688173,-0.45972966784651925,-0.14345478072126672,84.97621337448113,0.005323873920548116,0.024458
41.031492948532104,3.1213787070875103,4.835809035785083,2.226911418289459,-0.5494703863671928,-0.23284044868513445,84.88682770651727,0.00531827378837411,0.024458
41.060616970062256,3.117498116313231,4.8435703883609404,2.1619630657597138,-0.561225083592209,-0.2618835242285964,84.85778463097381,0.005316454200676351,0.024302
41.08768701553345,3.117336425034356,4.844055472927448,2.113374217985837,-0.5662618835902414,-0.2821066653651271,84.83756148983728,0.005315187193717429,0.024302
41.11460518836975,3.1250976067260825,4.833868697784636,2.229362078599505,-0.636808887878424,-0.31784762552176804,84.80182052968064,0.005312947974551063,0.024302
41.143704891204834,3.128169741318414,4.831604970189951,2.3699286057635636,-0.7010853993088793,-0.33281411714406245,84.78685403805835,0.0053120103037457185,0.024302
41.170450925827026,3.1250976067260825,4.8396897119581554,2.4089501500439194,-0.6928874962767901,-0.31539115580369387,84.80427699939872,0.005313101875678796,0.024302
41.20196986198425,3.1268762109518,4.828209378944254,2.4706402451291916,-0.762680836868048,-0.3530127009171268,84.76665545428529,0.0053107448353386065,0.024302
41.22752046585083,3.119115029116877,4.838396153208282,2.3638232548659652,-0.7445149367741165,-0.3703572725541016,84.74931088264832,0.005309658174625752,0.024302
41.253469705581665,3.1238040764007353,4.8278859893109605,2.3796763945677073,-0.8009477034112303,-0.41007686016968997,84.70959129503272,0.0053071696891044025,0.024302
41.281044006347656,3.1247742241431173,4.835000561611257,2.409523599713361,-0.7936421573461271,-0.3946095207171414,84.72505863448526,0.005308138738699126,0.024302
41.31102180480957,3.128654815210376,4.830958190891521,2.5054166746219346,-0.8151240045358524,-0.38147527567021905,84.73819287953219,0.005308961616795179,0.024302
41.34100151062012,3.128169741318414,4.842600219238699,2.563166822979267,-0.7535655923583857,-0.32220409455898846,84.79746406064342,0.0053126750359136264,0.024143
41.369627475738525,3.1228339286681215,4.82901785303445,2.500466885081373,-0.7998363585917541,-0.3719642726779238,84.74770388252449,0.005309557493909234,0.024143
41.39759349822998,3.1215403983731598,4.835000561611257,2.4315769192922296,-0.7928642159724899,-0.38725859535825663,84.73240955984416,0.005308599284047711,0.024143
41.425158739089966,3.1296249630016364,4.831443275364746,2.5396040066262424,-0.8113879581285431,-0.36930743001777155,84.75036072518465,0.0053097239486709575,0.024143
41.45135974884033,3.128654815210376,4.824328703449773,2.5964729594609604,-0.8711630578137196,-0.3946523730533006,84.72501578214911,0.0053081360539427,0.024143
41.47861075401306,3.128169741318414,4.836779204806824,2.626906222366579,-0.8310907839573477,-0.35987470916625663,84.75979344603616,0.005310314921303732,0.024143
41.50553321838379,3.1246125328520424,4.836940899645176,2.5794594779337436,-0.8019763630175678,-0.35202596027844946,84.76764219492397,0.005310806655965156,0.024143
41.532142877578735,3.1247742241431173,4.76563351443255,2.549371758069601,-1.2507447100387954,-0.638210272207983,84.48145788299443,0.005292876824377612,0.024143
41.56008958816528,3.123319002533208,4.835485646114357,2.500185343203845,-1.1053085743431197,-0.575777398659032,84.54389075654339,0.005296788327774538,0.024143
41.591434478759766,3.1265528283628625,4.833707002953855,2.5282548777322575,-1.015205400595954,-0.5097549149102841,84.60991324029214,0.005300924725072577,0.024143
41.618478775024414,3.1268762109518,4.821741586580715,2.554153554511028,-1.0308565318032576,-0.510483699435251,84.60918445576718,0.0053008790657430764,0.023984
41.6507134437561,3.1328587890431776,4.818345995844487,2.687907680309002,-1.064152731976768,-0.48683675867473836,84.63283139652769,0.005302360578347797,0.023984
41.67831492424011,3.1246125328520424,4.822064976183782,2.622160498493423,-1.0629920057736293,-0.5070117658135889,84.61265638938885,0.00530109658704849,0.023984
41.70413064956665,3.1309184934052032,4.828047684127409,2.698012523426699,-1.0228178226146734,-0.45963895803564236,84.66002919716679,0.00530406455709395,0.023984
41.73141312599182,3.123157311244574,4.816405658359585,2.601108877762164,-1.0712915826434828,-0.5191346745668951,84.60053348063553,0.005300337070529808,0.023984
41.7577006816864,3.121863780945273,4.8298263271345965,2.508276316452496,-1.016925406192446,-0.5182811039349435,84.60138705126748,0.005300390547876541,0.023984
41.786797285079956,3.1208936332321873,4.834353782279369,2.4245435167474767,-0.949081866112695,-0.5041390792955363,84.61552907590689,0.005301276564717863,0.023984
41.816436529159546,3.11038370029881,4.836617509968871,2.162805495495128,-0.8866977790043302,-0.5778520939475429,84.54181606125489,0.005296658345327675,0.023984
41.843688011169434,3.1247742241431173,4.822388365788439,2.2577139703625644,-0.9366458806862998,-0.5685894634326354,84.5510786917698,0.005297238661572372,0.023984
41.871299266815186,3.116851351199357,4.820286333386589,2.171024848230105,-0.9854393287198304,-0.6535370535098252,84.46613110169261,0.00529191658093985,0.023984
41.8980233669281,3.1141025995137253,4.823035145002522,2.057217446753108,-1.0015096494425006,-0.7394027409210921,84.38026541428134,0.005286536980276023,0.023826
41.92565846443176,3.1189533378352934,4.823196839807037,2.07130229494729,-1.0116950449306676,-0.7373786541477663,84.38228950105467,0.005286663792031426,0.023826
41.95378565788269,3.1221871635184706,4.767250461091579,2.1436617107867315,-1.3869095063205443,-0.9151819989769124,84.20448615622553,0.00527552417362609,0.023826
41.9808292388916,3.1163662773667955,4.8120398992275835,2.0818132635963806,-1.3548791408345087,-0.9391675671541657,84.18050058804828,0.0052740214455588175,0.023826
42.00786066055298,3.1160428948131083,4.8162439635717575,2.0322693486355377,-1.3047983343052851,-0.9481622250803546,84.17150593012208,0.005273457918156784,0.023826
42.0358829498291,3.119600102963255,4.8118782044504735,2.0663386305180484,-1.2984651492612214,-0.9213636526720682,84.19830450253036,0.005275136884717975,0.023826
42.06384253501892,3.1147493646091884,4.792474834074055,1.9964370979796497,-1.421691361291386,-1.0273104348313167,84.09235772037111,0.005268499176492287,0.023826
42.09156155586243,3.1150727471585444,4.8178609114679,1.9537560270466305,-1.3409285994284266,-1.0227098726470012,84.09695828255543,0.005268787407893292,0.023826
42.118632078170776,3.1184682639921677,4.826592430793706,1.9895042980179674,-1.22694789994469,-0.9378241566463461,84.18184399855609,0.0052741056120318,0.023665
42.15053606033325,3.1095752439666704,4.828047684127409,1.8426530385720017,-1.1375869485344117,-1.010573386105795,84.10909476909664,0.005269547775078625,0.023665
42.17761516571045,3.109413552701053,4.82190328138205,1.7367321562130327,-1.11545978636339,-1.1048177482566097,84.01485040694583,0.005263643239186888,0.023665
42.206743478775024,3.117336425034356,4.835647340949521,1.8157125813031572,-1.0095452985509732,-0.9521318171749299,84.1675363380275,0.005273209217879516,0.023665
42.234270334243774,3.112647378064761,4.82352022941726,1.7803738520539554,-1.0151923412633208,-0.9943317249527919,84.12533643024965,0.005270565336968065,0.023665
42.26433730125427,3.116527968644045,4.798942623566026,1.8306367634550622,-1.1808472526738143,-1.046352825929657,84.07331532927279,0.005267306145109417,0.023665
42.292717695236206,3.119600102963255,4.780347730480726,1.9251958208917015,-1.4191459656291057,-1.0781578365020914,84.04151031870035,0.005265313518471852,0.023665
42.31831455230713,3.1134558344225907,4.821418196979239,1.87263712407491,-1.3157425853121805,-1.0757089678874445,84.043959187315,0.005265466943380243,0.023665
42.34989404678345,3.1157195122605037,4.805572108452492,1.8795960490638246,-1.3476154475896565,-1.0839888856030673,84.03567926959937,0.005264948195412547,0.023665
42.37812638282776,3.1160428948131083,4.809129393300282,1.8907172984627485,-1.3465222183968664,-1.0745146031464425,84.045153552056,0.0052655417719357145,0.023665
42.40754699707031,3.1134558344225907,4.820286333386589,1.8485021583746428,-1.2723527651172288,-1.0763132797311732,84.04335487547127,0.005265429082431432,0.023508
42.43558216094971,3.1147493646091884,4.8175375218854946,1.8439515674792828,-1.238519239966749,-1.0638903000189806,84.05577785518346,0.005266207398798788,0.023508
42.46461272239685,3.1141025995137253,4.8075124456184115,1.8282661502275352,-1.2807931608477892,-1.0981987588389748,84.02146939636347,0.005264057927765511,0.023508
42.49177002906799,3.1131324518786476,4.8041168556155025,1.7985363528707363,-1.332725308968224,-1.146868531448444,83.972799623754,0.0052610087011310805,0.023508
42.51880407333374,3.1111921566377085,4.822873450198404,1.7402254847245033,-1.2456736646314643,-1.1656211365827784,83.95404701861966,0.005259833825228137,0.023508
42.546353578567505,3.122995619956212,4.8261073463563005,1.9275329494842033,-1.1634609327969019,-0.9471226379024992,84.17254551729994,0.005273523049690005,0.023508
42.57310724258423,3.117013042477419,4.795385339267126,1.9430231346025753,-1.3080394959230464,-1.0142984572642182,84.10536969793822,0.005269314394366482,0.023508
42.60087966918945,3.1210553245170236,4.816405658359585,2.031991290570833,-1.2709467539593555,-0.9267531521154386,84.192915003087,0.005274799225337874,0.023508
42.630672454833984,3.1116772304442923,4.828371073761496,1.9130189435431244,-1.1662584881444154,-0.9614208793402002,84.15824727586224,0.005272627245656416,0.023357
42.65821671485901,3.1074732575347244,4.831928359841555,1.7484882811383111,-1.0695724611795607,-1.0662929354998143,84.05337521970262,0.005266056870458336,0.023357
42.68425941467285,3.1184682639921677,4.830796496067909,1.8458168758821354,-1.009339046362606,-0.9156251856809785,84.20404296952145,0.005275496407383726,0.023357
42.714051485061646,3.110868774101338,4.810584646247869,1.7670718492395667,-1.1001542783066385,-1.0647073207722573,84.05496083443018,0.005266156211351051,0.023357
42.74469327926636,3.1176598075923763,4.823681924222966,1.8432003684330402,-1.0775547980667715,-0.9690899502015574,84.15057820500087,0.0052721467680647205,0.023357
42.770256757736206,3.1166896599215654,4.826592430793706,1.8777403258973107,-1.0425862389915292,-0.9089249502809987,84.21074320492143,0.0052759161861322835,0.023357
42.797536849975586,3.11038370029881,4.838719542893359,1.780043261900035,-0.9383210597248155,-0.928634166178881,84.19103398902355,0.005274681377279943,0.023357
42.82584762573242,3.1220254722317367,4.83031141159946,1.9366553864987146,-0.920654552758619,-0.7462331905280868,84.37343496467435,0.0052861090434324735,0.023357
42.85238838195801,3.120731941947622,4.82643073598084,2.021283864666801,-0.9338198963484696,-0.6879753593932483,84.43169279580918,0.00528975897481362,0.023357
42.88214635848999,3.1178214988717925,4.832251749494753,2.0242737802456365,-0.9047377885963951,-0.6576383511556099,84.46202980404682,0.005291659629132871,0.023357
42.9092755317688,3.1254209893101335,4.836617509968871,2.173241774695792,-0.8556569247429203,-0.5126368969906848,84.60703125821175,0.005300744165023735,0.023206
42.93508744239807,3.1163662773667955,4.84243852438639,2.102519308332712,-0.7830024658354705,-0.47686547725365674,84.64280267794878,0.005302985292523729,0.023206
42.96951413154602,3.1278463587251304,4.824005313835575,2.274888663883934,-0.8534208712779904,-0.46004870961745176,84.65961944558498,0.005304038885606911,0.023206
42.9961051940918,3.1208936332321873,4.836779204806824,2.261172159949506,-0.8186712533823431,-0.43382138402967874,84.68584677117275,0.005305682062787412,0.023206
43.02413296699524,3.1257443718952698,4.835323951279592,2.345320643023884,-0.8039209839003227,-0.3862143100218843,84.73345384518055,0.005308664709926875,0.023206
43.05185890197754,3.1242891502707053,4.817699216676499,2.3760995699318888,-0.9095531641860909,-0.46513091086762787,84.6545372443348,0.005303720478871422,0.023206
43.08222937583923,3.1265528283628625,4.838719542893359,2.4413948364419342,-0.845197907360993,-0.38788070098120825,84.73178745422122,0.0053085603082947295,0.023206
43.10977911949158,3.125906063188245,4.852625300861696,2.474601517844172,-0.7086599006117678,-0.2624116308089521,84.85725652439348,0.005316421114089662,0.023206
43.137712240219116,3.1186299552729384,4.859901570743886,2.3572211426159337,-0.5652109658854927,-0.1500125895438628,84.96965556565857,0.005323463065015962,0.023047
43.16776442527771,3.119438411680858,4.845834116368714,2.290679885233222,-0.5573498781085022,-0.1524397992595773,84.96722835594285,0.005323310997066685,0.023047
43.19734859466553,3.113294143150484,4.849714793135548,2.125350968241734,-0.5263152106440604,-0.14475642418115772,84.97491173102127,0.005323792370836794,0.023047
43.22691226005554,3.114264290787185,4.840659881037309,2.028370731659652,-0.5641653884467994,-0.22585619662603656,84.89381195857639,0.005318711361147896,0.023047
43.25630187988281,3.127037902246676,4.831766665015555,2.207359653572527,-0.6491711205502811,-0.27750530431498344,84.84216285088745,0.0053154754751684515,0.023047
43.2828574180603,3.124450841561238,4.835000561611257,2.2826518785443013,-0.6873985493434743,-0.29524605920072367,84.82442209600171,0.00531436399304285,0.023047
43.31319260597229,3.129463271702414,4.817214132304677,2.4322314767063915,-0.8311789467749131,-0.3810817601094272,84.73858639509301,0.005308986271073692,0.023047
43.34169316291809,3.1223488548054767,4.831119885715531,2.3994371391783167,-0.8403359279900348,-0.4004651617036592,84.71920299349878,0.005307771874925158,0.023047
43.36909294128418,3.1267145196571953,4.841953439831853,2.460856136216222,-0.7754692560892015,-0.3243317473386153,84.79533640786383,0.005312541735608807,0.023047
43.40088486671448,3.127361284837243,4.834030392615815,2.5163494394024757,-0.782190219434563,-0.3145170774476605,84.80515107775479,0.005313156637861994,0.023047
43.42768979072571,3.1280080500216365,4.842600219238699,2.5676947569765796,-0.7305119427874909,-0.25961791422685054,84.8600502409756,0.0053165961441864655,0.022898
43.45604467391968,3.1262294457750106,4.8404981861897864,2.5692614647853036,-0.7081669302478782,-0.24095348420249563,84.87871467099995,0.0053177654958003195,0.022898
43.48565912246704,3.1280080500216365,4.832736833977536,2.6047331747445535,-0.7435892248173297,-0.2622212973643664,84.85744685783808,0.005316433038735651,0.022898
43.51380109786987,3.130271728201245,4.827239210049151,2.673313391080651,-0.8045550214001411,-0.2938507575348673,84.82581739766758,0.005314451410566593,0.022898
43.54094099998474,3.126391137068801,4.818992775018832,2.6463195099494996,-0.9014863589113752,-0.37111297385228836,84.74855518135016,0.005309610828924253,0.022898
43.57154297828674,3.136739380436654,4.808320919454391,2.827423886727328,-1.0395510002481427,-0.41254142918989883,84.70712672601255,0.005307015280544514,0.022898
43.60014033317566,3.131403567311026,4.820771417781055,2.851071899537,-1.0542814254855448,-0.4151383594971485,84.7045297957053,0.005306852579372183,0.022898
43.62698006629944,3.126391137068801,4.814465320931862,2.770750465868927,-1.1060820513756309,-0.4686532295929211,84.65101492560953,0.005303499800871583,0.022898
43.65450859069824,3.1325354064341293,4.810746341021806,2.8332755152619793,-1.1668105529992157,-0.48515197321244685,84.63451618199001,0.005302466132420264,0.022742
43.68576407432556,3.130271728201245,4.8178609114679,2.833293029442849,-1.1625120336239112,-0.4827203417883789,84.63694781341408,0.00530261847739551,0.022742
43.713255405426025,3.133505554264539,4.789726023731532,2.8958053188194715,-1.3446092648680081,-0.5601949064616608,84.5594732487408,0.005297764591843417,0.022742
43.74017548561096,3.1341523194902536,4.809452782841414,2.9520639275254292,-1.3422902329030235,-0.5420135131706152,84.57765464203185,0.005298903680557042,0.022742
43.76868939399719,3.1250976067260825,4.807350750852405,2.816444875277208,-1.354496684667523,-0.5910416489137571,84.5286265062887,0.00529583200199088,0.022742
43.79911231994629,3.132050332522596,4.818507690637477,2.8558865973908496,-1.2896370100398735,-0.5446705592126748,84.57499759598979,0.005298737213053168,0.022742
43.82472276687622,3.127361284837243,4.8062188875014575,2.7928707622247324,-1.3250862299407218,-0.584076262829384,84.53559189237308,0.005296268392786004,0.022742
43.85471272468567,3.128169741318414,4.817214132304677,2.764384684301225,-1.2775603231929922,-0.5685854387011047,84.55108271650136,0.00529723891372721,0.022742
43.88679122924805,3.1271995935418238,4.806703971792342,2.725694421739187,-1.3134410629018145,-0.6019711817223474,84.51769697348011,0.005295147252078254,0.022742
43.919339418411255,3.1205702506633277,4.815920573997294,2.5704861882273278,-1.2779193375603926,-0.6444544618442942,84.47521369335817,0.00529248561750878,0.022742
43.946171283721924,3.1299483456008974,4.81689074272545,2.643090497689205,-1.2466711563660726,-0.5960663074836924,84.52360184771877,0.005295517200381607,0.022583
43.974411487579346,3.1223488548054767,4.7944151708552,2.5470384538662802,-1.3726696237962335,-0.7080575195628958,84.41161063563956,0.00528850080050166,0.022583
44.00634789466858,3.121863780945273,4.814950405283433,2.470427019725372,-1.325762303547751,-0.7187770756836206,84.40089107951884,0.005287829205910602,0.022583
44.033265590667725,3.1210553245170236,4.804925329409868,2.401174010156785,-1.358884565271139,-0.7733503086304704,84.34631784657199,0.005284410119555632,0.022583
44.058758020401,3.1257443718952698,4.824005313835575,2.443321938168982,-1.2565383408829542,-0.6913325769084484,84.42833557829401,0.005289548640626382,0.022583
44.087504863739014,3.117336425034356,4.8188310802246495,2.3103254286723245,-1.2189385114990843,-0.7409437535668947,84.37872440163557,0.00528644043376365,0.022583
44.1137535572052,3.1166896599215654,4.813980236583863,2.2047278680648126,-1.2245334982069815,-0.8126780837689733,84.30699007143349,0.005281946181612311,0.022583
44.14291000366211,3.119276720398732,4.756416919226739,2.180809591981547,-1.607172901759961,-1.0233678592155766,84.09630029598688,0.005268746184150867,0.022583
44.16933274269104,3.1197617942459224,4.820933112580004,2.1734418019366197,-1.4505529275627367,-0.9607995302793344,84.15886862492312,0.005272666174009769,0.022427
44.20211958885193,3.122995619956212,4.7997510972970305,2.230784371532685,-1.4802805199131979,-0.9369785573974584,84.182689597805,0.005274158589960678,0.022427
44.23056888580322,3.1199234855288616,4.824005313835575,2.211549148704002,-1.3415155091323898,-0.8781707758670634,84.24149737933539,0.0052778429764728805,0.022427
44.26135277748108,3.1210553245170236,4.822226670985911,2.2199595004418087,-1.2560821207805775,-0.8212983054372481,84.2983698497652,0.005281406113144834,0.022427
44.28960609436035,3.1163662773667955,4.82190328138205,2.135221716354929,-1.198406406935704,-0.84469830355676,84.27496985164568,0.005279940071828303,0.022427
44.31980061531067,3.1129707606070816,4.822388365788439,2.0102802482981255,-1.1548419202382596,-0.9200573363334276,84.19961081886902,0.005275218727191429,0.022427
44.34737825393677,3.1116772304442923,4.815435489638577,1.8978212139522321,-1.1700914243882872,-1.0429751015787898,84.07669305362366,0.005267517764077459,0.022427
44.375269412994385,3.121863780945273,4.813495152239436,2.015974951785521,-1.193532023827807,-0.9411309016932952,84.17853725350915,0.0052738984400124995,0.022427
44.4028205871582,3.118144881431438,4.791828055159656,2.0268075432714916,-1.3524934875609398,-1.0240525487871224,84.09561560641532,0.005268703287429432,0.022427
44.42923092842102,3.1208936332321873,4.813656847020514,2.0875153755207734,-1.3201496391851475,-0.9572415377115099,84.16242661749094,0.005272889087023765,0.022427
44.455437898635864,3.1178214988717925,4.7997510972970305,2.0706358378434087,-1.3889982180488776,-1.0069993498838956,84.11266880531855,0.005269771693249102,0.022268
44.48554992675781,3.117336425034356,4.802984992320028,2.04944515844442,-1.415915649921447,-1.0367899501153646,84.08287820508708,0.005267905272125454,0.022268
44.51284575462341,3.1212170158021313,4.778084004722499,2.1096117083836377,-1.5985874400486626,-1.069211110315349,84.0504570448871,0.00526587404288602,0.022268
44.54559516906738,3.116851351199357,4.7973256761336955,2.0673532648448365,-1.5998621079687105,-1.0993620038469785,84.02030615135547,0.005263985048903117,0.022268
44.5747492313385,3.1163662773667955,4.795061949794902,2.028397351437037,-1.6156479756786462,-1.1330302149560807,83.98663794024637,0.005261875690249004,0.022268
44.6005437374115,3.116851351199357,4.8058954979761825,2.010503214982233,-1.5554215633722253,-1.1251243973724834,83.99454375782996,0.005262371000340881,0.022268
44.6331844329834,3.1147493646091884,4.812363288782996,1.9573523071045988,-1.4707099230880243,-1.1357417615223417,83.9839263936801,0.005261705808214076,0.022268
44.65976166725159,3.1153961297089827,4.813656847020514,1.932646675298914,-1.4029011440541066,-1.129590307084301,83.99007784811813,0.005262091205098163,0.022268
44.68793058395386,3.1121623042533098,4.816405658359585,1.852852715328366,-1.3373499076511017,-1.1781659470979922,83.94150220810444,0.0052590478759973105,0.022268
44.717849016189575,3.1197617942459224,4.81672904793643,1.943871988279396,-1.2893363843453305,-1.0645682768521672,84.05509987835026,0.005266164922639429,0.022268
44.74600386619568,3.112485686794007,4.823358534611949,1.8669604360912597,-1.2121099303423266,-1.101951872170697,84.01771628303173,0.00526382279017354,0.022112
44.772409200668335,3.1157195122605037,4.802823297565117,1.8756223674752894,-1.2931576772181996,-1.1350579680273305,83.9846101871751,0.00526174864879511,0.022112
44.80281853675842,3.1205702506633277,4.821741586580715,1.975435750242637,-1.2254231254388237,-0.9961850479716765,84.12348310723075,0.005270449223791274,0.022112
44.833022117614746,3.118144881431438,4.8131717626784685,1.9984301021914814,-1.2343918722823797,-0.979764533631483,84.13990362157095,0.005271477991073154,0.022112
44.86030197143555,3.1186299552729384,4.821741586580715,2.023901151659056,-1.1842870619837478,-0.922063216352274,84.19760493885016,0.005275093056113653,0.022112
44.88576364517212,3.1128090693357864,4.820933112580004,1.9292308521544603,-1.1545328397193797,-0.9967171760907028,84.12295097911174,0.005270415885249785,0.022112
44.91204881668091,3.1137792169676173,4.8131717626784685,1.8817116477190434,-1.1847686722787534,-1.0698778876478994,84.04979026755454,0.005265832268390422,0.022112
44.943093061447144,3.1095752439666704,4.832898528805926,1.7671981833627692,-1.0761466150641636,-1.1477549727397922,83.97191318246264,0.005260953164393377,0.022112
44.97328186035156,3.111838921713694,4.8404981861897864,1.730788769317419,-0.9501112008415376,-1.109891139472491,84.00977701572994,0.0052633253844118835,0.021953
44.99963092803955,3.1150727471585444,4.835162256445225,1.7678021969830862,-0.8969927763358663,-0.9864843353622329,84.1331838198402,0.005271056986467689,0.021953
45.02574300765991,3.106988183749221,4.831443275364746,1.637461556525161,-0.8842779503829105,-1.2494369592508339,83.8702311959516,0.005254582651344155,0.021953
45.057257890701294,3.111838921713694,4.828371073761496,1.6399731305311078,-0.895590325640898,-1.2523973173906775,83.86727083781176,0.005254397180929902,0.021953
45.08443737030029,3.117336425034356,4.812363288782996,1.7479812633258012,-1.0088280566761127,-1.1292940422081776,83.99037411299426,0.00526210976649064,0.021953
45.113641023635864,3.1183065727116674,4.8050870241699295,1.842336962378918,-1.1359667637357453,-1.0851180840422303,84.03455007116021,0.005264877449613427,0.021953
45.14083170890808,3.117336425034356,4.82190328138205,1.8896359456192713,-1.1143256570043214,-1.0113906410190665,84.10827751418337,0.00526949657296045,0.021953
45.169222593307495,3.1150727471585444,4.832413444321948,1.8789952203943854,-1.0300279918885529,-0.9544430958944595,84.16522505930797,0.005273064413162884,0.021953
45.19539451599121,3.1084434051130256,4.822388365788439,1.743421679117472,-1.0369770297052519,-1.1586563236083034,83.96101183159412,0.005260270180117155,0.021953
45.22135329246521,3.115881203536671,4.818669385430865,1.792270238544352,-1.0663094226217893,-1.1046520782772566,84.01501607692516,0.005263653618633646,0.021953
45.25232791900635,3.1204085593793045,4.81672904793643,1.9139642588884067,-1.0996080448248275,-0.9705270824470013,84.14914107275541,0.005272056729798974,0.021794
45.28086543083191,3.120085176812071,4.816405658359585,1.9929000709398579,-1.1250447381906064,-0.9042785275041756,84.21538962769824,0.005276207290761014,0.021794
45.310242652893066,3.117498116313231,4.828209378944254,1.998155122614999,-1.065190906207737,-0.847331672828584,84.27233648237383,0.00527977508770589,0.021794
45.34142851829529,3.1187916465539804,4.826915820420632,2.0268336670004468,-1.0318038565370475,-0.7864536652623412,84.33321448994008,0.005283589176660272,0.021794
45.372212648391724,3.127361284837243,4.824490398257469,2.2125337109514502,-1.0243903576610447,-0.625348338484063,84.49431981671836,0.005293682641803471,0.021794
45.40105628967285,3.1205702506633277,4.825137177492229,2.211273690675941,-1.0149455922671697,-0.6171481636712219,84.5025199915312,0.005294196393771184,0.021794
45.42957949638367,3.1187916465539804,4.838234458366343,2.1760166646430834,-0.9221640948174136,-0.5445371352217803,84.57513101998065,0.00529874557224543,0.021794
45.45745801925659,3.120085176812071,4.840336491342662,2.1763367549681174,-0.8433872659668468,-0.4509528211249041,84.66871533407752,0.005304608755239913,0.021794
45.4847252368927,3.119438411680858,4.835323951279592,2.1640608138797166,-0.821222192709485,-0.4301206877407455,84.68954746746168,0.005305913916381238,0.021636
45.5125687122345,3.119115029116877,4.776628752490158,2.1492176529913127,-1.1918764745258146,-0.8176612034787408,84.30200695172368,0.005281633982468428,0.021636
45.54035186767578,3.119438411680858,4.840336491342662,2.1450774424959618,-1.0321859317627393,-0.6834802229527634,84.43618793224967,0.005290040601150149,0.021636
45.57111430168152,3.1208936332321873,4.836455815131316,2.1703043049779196,-0.9459344541944451,-0.5745701868137206,84.5450979683887,0.005296863961218352,0.021636
45.59985113143921,3.1210553245170236,4.849391403396191,2.1910881098335424,-0.8004520727970824,-0.3858906271810214,84.7337775280214,0.005308684989091673,0.021636
45.62812352180481,3.122510546092754,4.847774454723374,2.23376178353276,-0.7092527001255371,-0.2461922991577705,84.87347585604466,0.005317437277005818,0.021636
45.65373659133911,3.1213787070875103,4.844540557497549,2.2417583470742017,-0.6666897270804335,-0.1860650396885227,84.93360311551392,0.005321204330583408,0.021636
45.68516445159912,3.121863780945273,4.840821575885232,2.2567309449709088,-0.6613637206489729,-0.17512628610791633,84.94454186909452,0.005321889658189786,0.021636
45.71166515350342,3.1215403983731598,4.82901785303445,2.260961761214896,-0.7352950483951709,-0.27126060733839374,84.84840754786404,0.005315866713822837,0.021636
45.738040924072266,3.13302048034811,4.837749373842915,2.4857984265083606,-0.729600201883082,-0.20320555997916195,84.91646259522328,0.0053201304539615135,0.021636
45.771743059158325,3.1197617942459224,4.8306348012446945,2.386933986105375,-0.7724222939958068,-0.2737045013627783,84.84596365383966,0.005315713600579209,0.021477
45.79821825027466,3.125582680602566,4.8298263271345965,2.430228920062703,-0.8077169041390553,-0.29770347214724324,84.8219646830552,0.005314210032820591,0.021477
45.82623505592346,3.1357692325735878,4.820286333386589,2.657410464119657,-0.8951890451367572,-0.31222843013525925,84.80743972506718,0.0053133000246905655,0.021477
45.85432982444763,3.1297866543011312,4.814465320931862,2.700812489407009,-0.9947173851314836,-0.37781749155360056,84.74185066364885,0.005309190781883764,0.021477
45.88142991065979,3.134637393412396,4.808320919454391,2.824943951598657,-1.1048127186022303,-0.41831909368277714,84.70134906151966,0.00530665330210262,0.021477
45.9093964099884,3.136415997814543,4.819154469813411,2.946210992631743,-1.1106029180005188,-0.3891444376203873,84.73052371758206,0.005308481133496648,0.021477
45.93594169616699,3.1328587890431776,4.822388365788439,2.9623478869934825,-1.0933794779836241,-0.3745640963951951,84.74510405880726,0.005309394611460881,0.021477
45.96616840362549,3.1280080500216365,4.809291088070649,2.879893670290284,-1.1674932108796003,-0.4423535487015254,84.67731460650093,0.005305147511209056,0.021477
45.99430441856384,3.134637393412396,4.758518949599906,2.9503007782169837,-1.5534149371218338,-0.6287588112392489,84.49090934396321,0.005293468971103908,0.021477
46.03077483177185,3.1299483456008974,4.809937867156086,2.908960710681964,-1.4852627170781034,-0.6100045352834342,84.50966361991902,0.0052946439516860615,0.021477
46.06077218055725,3.128331432615463,4.81672904793643,2.848772649575604,-1.3928753509442435,-0.5831781114911688,84.5364900437113,0.005296324663173873,0.02132
46.09074592590332,3.1276846674288965,4.8058954979761825,2.7941410014154178,-1.3994807260581492,-0.6070230829055102,84.51264507229695,0.005294830743682667,0.02132
46.12100529670715,3.1262294457750106,4.812201594005092,2.7277738358924846,-1.3626151658108105,-0.6123803188531816,84.50728783634928,0.0052944951056539125,0.02132
46.148115158081055,3.1265528283628625,4.812201594005092,2.6875668226143454,-1.3368092736376558,-0.6138430820288063,84.50582507317365,0.005294403461575959,0.02132
46.179139137268066,3.123965767690454,4.8037934661005295,2.6094218932042086,-1.3740642453377159,-0.6710030176271639,84.44866513757529,0.0052908223148250295,0.02132
46.213062047958374,3.1262294457750106,4.756902003153118,2.59847046014463,-1.708652940903544,-0.8463212180214883,84.27334693718096,0.00527983839405695,0.02132
46.240917921066284,3.1254209893101335,4.803146687075337,2.57517945062509,-1.638610127225753,-0.8266163825782123,84.29305177262424,0.0052810729284679244,0.02132
46.27471995353699,3.1242891502707053,4.802984992320028,2.53700073525273,-1.590643986345246,-0.8234849718974191,84.29618318330503,0.005281269115553651,0.02132
46.30369782447815,3.1197617942459224,4.737822038043091,2.4227756022264595,-1.9857904401208617,-1.038158301343162,84.08150985385929,0.00526781954308286,0.021165
46.33035397529602,3.1176598075923763,4.8037934661005295,2.3021929955238654,-1.8283510618759813,-1.0546160572323022,84.06505209797015,0.00526678844256791,0.021165
46.35988974571228,3.1152344384336277,4.82190328138205,2.170910156257367,-1.5989946657024867,-1.0554388646228308,84.06422929057962,0.005266736892579576,0.021165
46.391663551330566,3.120731941947622,4.812686678339995,2.1852622034978584,-1.4990834370261348,-0.9996157602034694,84.12005239499898,0.005270234285061312,0.021165
46.41884183883667,3.1090901701706297,4.83031141159946,1.9703085701831697,-1.3131882168695523,-1.0959221309780012,84.02374602422445,0.005264200561559305,0.021165
46.45026755332947,3.1105453915660495,4.822226670985911,1.8479660336782857,-1.2362530161965912,-1.199341970891371,83.92032618431108,0.005257721169659885,0.021165
46.478399991989136,3.102945902297855,4.831119885715531,1.6154512271952859,-1.1238877765852113,-1.5239204707246676,83.59574768447779,0.00523738589062341,0.021165
46.5049090385437,3.10731156627262,4.827724294494912,1.5370658790159275,-1.0675725203725812,-1.6769810037687576,83.4426871514337,0.005227796442614618,0.021165
46.5313766002655,3.1141025995137253,4.832413444321948,1.6134461683031922,-0.9973007962463426,-1.5142716639689366,83.60539649123352,0.005237990401328363,0.021165
46.56955409049988,3.1040777410872336,4.846157506090497,1.4731623253086863,-0.857685100583869,-1.9627125966670331,83.15695555853543,0.005209894974482542,0.021165
46.59656476974487,3.1026225197890325,4.839204627423962,1.3468386302760702,-0.8056987750161798,-2.3844744248427605,82.7351937303597,0.005183471029374371,0.021006
46.62488293647766,3.114264290787185,4.823681924222966,1.4834120950836904,-0.8714359457634389,-1.9147443354904026,83.20492381971205,0.005212900250483331,0.021006
46.65414047241211,3.114264290787185,4.817052437514866,1.5790135204490103,-0.9610689531898409,-1.5959830990955952,83.52368505610686,0.005232871070150774,0.021006
46.68120336532593,3.113294143150484,4.819477859403761,1.627184512892794,-1.0078546242993354,-1.4813357295417828,83.63833242566066,0.00524005388186465,0.021006
46.707669734954834,3.109251861435706,4.830473106421878,1.5827791874959696,-0.9682642188252925,-1.5860966556803358,83.53357149952211,0.005233490469111675,0.021006
46.7385196685791,3.1131324518786476,4.837264289323076,1.6266954789586376,-0.8958701089366167,-1.4511624760660082,83.66850567913644,0.00524194427672809,0.021006
46.7727632522583,3.112323995523523,4.822388365788439,1.6418118787258416,-0.9430665116388964,-1.4255665256712042,83.69410162953125,0.005243547897404596,0.021006
46.79996395111084,3.11798319015148,4.819154469813411,1.7617683911057154,-0.9973805731261755,-1.1770164572446127,83.94265169795784,0.005259119893080791,0.021006
46.827017068862915,3.1081200225858443,4.813656847020514,1.6551128972000757,-1.0715705990808202,-1.4370236295069112,83.68264452569554,0.005242830094458411,0.02085
46.85540771484375,3.1100603177651434,4.817214132304677,1.6179540602713158,-1.1000993815910611,-1.515580789582131,83.60408736562032,0.005237908382850084,0.02085
46.885425329208374,3.112323995523523,4.819477859403761,1.6356928856447277,-1.1051759241801953,-1.4822484756823293,83.63741967952012,0.005239996697092808,0.02085
46.91222596168518,3.112323995523523,4.822388365788439,1.6481100634060961,-1.0895805823094036,-1.4551703512898135,83.66449780391264,0.0052416931779613474,0.02085
46.94116735458374,3.1107070828335583,4.840174796495938,1.6255520797177045,-0.9616426365066678,-1.4754488779684207,83.64421927723403,0.005240422701023812,0.02085
46.968000411987305,3.1056946536664274,4.8320900546679555,1.5128864692793342,-0.9252775358714329,-1.7941132967469144,83.32555485845553,0.0052204579471100895,0.02085
46.99530506134033,3.1081200225858443,4.830796496067909,1.4808955519216032,-0.9083325986469164,-1.897513547687429,83.22215460751502,0.005213979782486134,0.02085
47.029456615448,3.109898626498715,4.831281580539939,1.4928769178138768,-0.8932796551518493,-1.877140950754315,83.24252720444814,0.005215256153051483,0.02085
47.059309244155884,3.1105453915660495,4.828209378944254,1.513763877019786,-0.9029553480805934,-1.8063897891905192,83.31327836601193,0.005219688808366895,0.02085
47.0866961479187,3.1102220090318418,4.8151121000680845,1.5221347469127884,-0.9958984816597973,-1.7338848792312387,83.3857832759712,0.005224231338375179,0.02085
47.113951683044434,3.114425982060915,4.806703971792342,1.6092443776329985,-1.116277773828578,-1.5320777672180792,83.58759038798436,0.005236874825040008,0.02069
47.14061999320984,3.116851351199357,4.808806003760736,1.717096133319389,-1.18671350434237,-1.3587158944694029,83.76095226073303,0.005247736179253059,0.02069
47.16737914085388,3.1183065727116674,4.8162439635717575,1.8207173713744325,-1.187082388760796,-1.199389219334962,83.92027893586747,0.0052577182094814216,0.02069
47.19470167160034,3.1197617942459224,4.80347007658714,1.9213772475116484,-1.271383083330082,-1.1155210738834898,84.00414708131895,0.005262972661458073,0.02069
47.22102737426758,3.119438411680858,4.802014823796499,1.9855891586602168,-1.3399680277273138,-1.0828866169973341,84.0367815382051,0.005265017254021427,0.02069
47.25650072097778,3.1212170158021313,4.795708728740932,2.0649125085346896,-1.4294668052285937,-1.0535441049935157,84.06612405020893,0.0052668556018156745,0.02069
47.28357744216919,3.1267145196571953,4.790372802625381,2.226688894765669,-1.5272222910535327,-0.9714343581068968,84.14823379709554,0.005271999887760096,0.02069
47.309422731399536,3.124450841561238,4.831766665015555,2.2961823473794802,-1.3233109523749926,-0.7996296225551627,84.32003853264727,0.005282763685235981,0.02069
47.33822464942932,3.1262294457750106,4.831443275364746,2.379202778067337,-1.1827006736102892,-0.6375591929066139,84.48210896229583,0.00529291761537047,0.020532
47.36577892303467,3.1205702506633277,4.839204627423962,2.327942037657062,-1.0332096761346583,-0.5318007420667507,84.58786741313568,0.0052995435243860045,0.020532
47.398581981658936,3.1262294457750106,4.830958190891521,2.4014345612616386,-0.9828212676878321,-0.44086929849196416,84.67879885671047,0.005305240501478548,0.020532
47.42515754699707,3.1242891502707053,4.834030392615815,2.4153793126983025,-0.9273366275536161,-0.37686890567072895,84.74279924953171,0.005309250212063607,0.020532
47.45086693763733,3.118144881431438,4.839204627423962,2.3063905959104103,-0.8544548438949853,-0.33989526747220083,84.77977288773025,0.005311566660165213,0.020532
47.47863531112671,3.1189533378352934,4.849229708527111,2.2457234993574215,-0.7374801750299393,-0.20233281229840835,84.91733534290404,0.005320185132776117,0.020532
47.50431227684021,3.122995619956212,4.851655131605258,2.28138155972724,-0.6396404649110417,-0.04993548800063926,85.0697326672018,0.005329733029866032,0.020532
47.534422636032104,3.1208936332321873,4.840174796495938,2.2657171870398005,-0.6466845543278028,-0.06174516393284144,85.0579229912696,0.0053289931378043736,0.020532
47.56967234611511,3.1238040764007353,4.847289370129317,2.3110021470893947,-0.6048069254377987,0.0015799230515612444,85.12124807825401,0.005332960539571584,0.020532
47.597089529037476,3.1212170158021313,4.853433775253054,2.2927016004350995,-0.5350670657507053,0.10307465285828597,85.22274280806074,0.00533931932073673,0.020532
47.62351036071777,3.1254209893101335,4.8385578480506215,2.361141248828436,-0.5841214677254,0.02878802010431581,85.14845617530678,0.0053346651634018855,0.020374
47.65399742126465,3.128169741318414,4.84130666043139,2.462174024923795,-0.6003744511748557,0.006292685882662396,85.12596084108512,0.005333255800493834,0.020374
47.679935455322266,3.1254209893101335,4.84130666043139,2.4797719459705174,-0.6117515395894512,-0.006950607357542649,85.11271754784491,0.005332426090381981,0.020374
47.70798397064209,3.1280080500216365,4.84437886264045,2.542090511574203,-0.5995027440688462,0.006714844814221441,85.12638300001667,0.005333282249318002,0.020374
47.741238594055176,3.12881650650824,4.846157506090497,2.601338514294564,-0.5792264640596176,0.026881266065822685,85.14654942126828,0.005334545702699939,0.020374
47.767725467681885,3.1208936332321873,4.844702252355047,2.4896870552369412,-0.574607532468005,0.03561449118371693,85.15528264638617,0.0053350928509853365,0.020374
47.79648423194885,3.1268762109518,4.838881237736494,2.5271560787643153,-0.609672135886534,-0.00447968635608293,85.11518846884637,0.00533258089690203,0.020374
47.82305908203125,3.127361284837243,4.82190328138205,2.562759399186141,-0.7459194175098736,-0.14796475105244958,84.97170340415,0.00532359136484841,0.020374
47.84866452217102,3.1325354064341293,4.845995811229405,2.6876817685840058,-0.6827819648582725,-0.07211344119532881,85.04755471400712,0.005328343551305673,0.020374
47.88271689414978,3.13302048034811,4.82352022941726,2.7845024316667377,-0.7864580076784362,-0.15441567179412816,84.96525248340832,0.005323187205998111,0.020374
47.91355848312378,3.129463271702414,4.836455815131316,2.7835268638920656,-0.7739249073354466,-0.1439395587966322,84.97572859640582,0.0053238435485504715,0.020217
47.940244913101196,3.137386145684144,4.8261073463563005,2.935969041050314,-0.8332368026896932,-0.17173305173526673,84.94793510346719,0.0053221022488815295,0.020217
47.9675190448761,3.1331821716533144,4.81672904793643,2.96142852390508,-0.9364572108723447,-0.242909359094199,84.87675879610825,0.005317642957610932,0.020217
47.994211196899414,3.128493123912784,4.8060571927386215,2.8886251201913278,-1.0789241992669438,-0.35953781046379957,84.76013034473864,0.005310336028460016,0.020217
48.02183413505554,3.133505554264539,4.807835835151614,2.9345377823434124,-1.1669489748214015,-0.4064793407150374,84.71318881448741,0.005307395078530959,0.020217
48.054401874542236,3.133505554264539,4.8162439635717575,2.9666766458498577,-1.173247218096116,-0.401675388229931,84.71799276697251,0.005307696052607531,0.020217
48.080771684646606,3.1318886412192954,4.808320919454391,2.9579238353165755,-1.2297836016774653,-0.43984990217515496,84.67981825302729,0.005305304368027202,0.020217
48.10980010032654,3.137062763059854,4.814141931366132,3.0517969177553246,-1.231061232460509,-0.41457970382582604,84.70508845137662,0.005306887579900461,0.020217
48.13705563545227,3.129463271702414,4.808806003760736,2.9706330041541196,-1.2670619253847177,-0.45910545674757336,84.66056269845488,0.005304097981666327,0.020068
48.16610312461853,3.1343140107973624,4.8037934661005295,3.0075683088084384,-1.3252411015606689,-0.4824802435500348,84.63718791165242,0.005302633519872676,0.020068
48.19216060638428,3.134799084720321,4.777275531256146,3.0427980267441916,-1.5404343976251202,-0.5871405566672303,84.53252759853522,0.005296076410660649,0.020068
48.22245979309082,3.1336672455705594,4.790534497349831,3.045583818458102,-1.603835777240167,-0.6172307678893793,84.50243738731308,0.005294191218505953,0.020068
48.25197386741638,3.1341523194902536,4.792313139344862,3.0569088772724675,-1.636514629398787,-0.6288597164949282,84.49080843870753,0.0052934626492540885,0.020068
48.279077768325806,3.1393264414527615,4.809937867156086,3.1648364706114935,-1.5434325016719648,-0.5500505328669469,84.56961762233551,0.0052984001504765505,0.020068
48.30463910102844,3.131403567311026,4.795223644530816,3.087260708255916,-1.5750834227045594,-0.5895364637327494,84.5301316914697,0.005295926303864457,0.020068
48.3311607837677,3.1301100369009354,4.798619234076394,3.007957663121281,-1.574898666932527,-0.6162993325808683,84.50336882262158,0.005294249574179273,0.020068
48.35724711418152,3.1280080500216365,4.808644308991558,2.9118205135797575,-1.5088119583003532,-0.6173774339037884,84.50229072129866,0.005294182029683126,0.01991
48.39276099205017,3.131726949916267,4.778084004722499,2.916399541257669,-1.6636148559139028,-0.6938740695562654,84.42579408564619,0.0052893894126978865,0.01991
48.42011284828186,3.123157311244574,4.808320919454391,2.7539797902438083,-1.5730409481499101,-0.7177968722976292,84.40187128290482,0.005287890616969488,0.01991
48.44853901863098,3.1249359154344645,4.808320919454391,2.674660977930752,-1.5096392127151212,-0.7211216776867417,84.39854647751571,0.0052876823134454885,0.01991
48.479076862335205,3.123319002533208,4.818184301051895,2.5878877971066223,-1.4003644375543292,-0.7002486267183077,84.41941952848414,0.005288990038128435,0.01991
48.50697088241577,3.1187916465539804,4.8162439635717575,2.439646539144566,-1.3366380420091653,-0.7456260771189551,84.37404207808349,0.005286147079903121,0.01991
48.53505992889404,3.1247742241431173,4.820286333386589,2.4515027009171595,-1.2654338416458422,-0.6847362090881848,84.43493194611426,0.005289961911931539,0.01991
48.565327405929565,3.121702089659081,4.816405658359585,2.400426991516509,-1.2411227959653086,-0.6991461326261147,84.42052202257634,0.005289059110864344,0.01991
48.59590435028076,3.121702089659081,4.806542277028318,2.3646739949360507,-1.288998622593733,-0.7627530688381718,84.35691508636428,0.0052850740508644,0.01991
48.622020959854126,3.1197617942459224,4.773394858754794,2.302146884004781,-1.5405965403051782,-0.9709973410496033,84.14867081415285,0.0052720272674658016,0.01991
48.6495316028595,3.1153961297089827,4.82966463231377,2.1740028791290444,-1.3465027056806498,-0.9665653161410013,84.15310283906145,0.005272304939780078,0.01975
48.679590463638306,3.118144881431438,4.824167008642475,2.1374270924119694,-1.2468072101362062,-0.9311693465116795,84.18849880869077,0.005274522544826464,0.01975
48.706114292144775,3.119276720398732,4.8188310802246495,2.133699049024548,-1.212126719976347,-0.9065235354262949,84.21314461977614,0.0052760666379988675,0.01975
48.733606815338135,3.123965767690454,4.81672904793643,2.2217144516913474,-1.2016801529730101,-0.8076111509081885,84.31205700429425,0.005282263631762692,0.01975
48.760146141052246,3.1220254722317367,4.823843619029072,2.245825219352622,-1.147559081305056,-0.7339453253186515,84.38572282988379,0.005286878894694726,0.01975
48.7869029045105,3.1111921566377085,4.828209378944254,2.0533276912618206,-1.0809509463878477,-0.8759310783078991,84.24373707689455,0.005277983296533655,0.01975
48.81620907783508,3.112323995523523,4.832575139149543,1.9404544273380782,-1.0056018652874767,-0.9650555971289392,84.15461255807351,0.005272399525704262,0.01975
48.84282040596008,3.1137792169676173,4.8131717626784685,1.8895681503475672,-1.080516990176427,-1.145232362189572,83.97443579301287,0.005261111209333093,0.01975
48.87226057052612,3.1160428948131083,4.810099561928437,1.8976977693613626,-1.1531703254102286,-1.1870364951905132,83.93263166001194,0.005258492124243081,0.019602
48.900795698165894,3.111838921713694,4.806542277028318,1.8221384795164404,-1.227431893205181,-1.3541972158533915,83.76547093934906,0.005248019280538511,0.019602
48.92800045013428,3.1105453915660495,4.797163981392639,1.7442469702115693,-1.3411170537784587,-1.5006542832931056,83.61901387190935,0.005238843548520586,0.019602
48.953824520111084,3.1257443718952698,4.775173500289741,1.9834730102073341,-1.5653773315895911,-1.264853200874448,83.854814954328,0.005253616803097057,0.019602
48.98232102394104,3.1252592980179723,4.770484354527675,2.141556234409159,-1.7532105440903718,-1.1851516489940592,83.9345165062084,0.005258610212389294,0.019602
49.01040267944336,3.1331821716533144,4.775496889664853,2.4053395592562743,-1.8517151183115272,-1.0350327289069192,84.08463542629553,0.005268015364394724,0.019602
49.03758525848389,3.1267145196571953,4.7779223100284405,2.464987830270787,-1.9047108962127048,-1.0184311726675668,84.10123698253489,0.0052690554741947875,0.019602
49.067187547683716,3.1326970977385176,4.774526721544245,2.6223666718394294,-1.9641483342552704,-0.953882503237366,84.16578565196508,0.005273099535045923,0.019602
49.09421992301941,3.1343140107973624,4.790696192074676,2.7637818761881556,-1.8993717043877256,-0.8597854097684946,84.25988274543396,0.0052789948443569025,0.019602
49.12510919570923,3.136577689125462,4.78471348751849,2.9065225414667433,-1.8933897160104267,-0.7944183766256377,84.32524977857682,0.005283090176793984,0.019602
49.15079879760742,3.133990628183417,4.7881090765245675,2.956440981835076,-1.8668619272009805,-0.7630639918511012,84.35660416335135,0.005285054571119962,0.01945
49.18308448791504,3.142883650463818,4.787785687087914,3.1632589827991886,-1.8504201319356643,-0.6801789648383312,84.43948919036411,0.005290247429405758,0.01945
49.21349120140076,3.1399732067176855,4.7921514446160645,3.2517815513803234,-1.8101875062051658,-0.63468100079963,84.48498715440282,0.005293097937972387,0.01945
49.242016315460205,3.1338289368768524,4.795708728740932,3.194997287236369,-1.7586204401631018,-0.6303918999605751,84.48927625524188,0.0052933666559017096,0.01945
49.26963806152344,3.134475702104743,4.823196839807037,3.167748308519982,-1.5416725984350885,-0.5358162770933154,84.58385187810913,0.005299291945722329,0.01945
49.29717135429382,3.1328587890431776,4.822226670985911,3.1174240081152527,-1.3961920832924588,-0.4723785031748973,84.64728965202755,0.005303266407477332,0.01945
49.32362723350525,3.137224454371863,4.8175375218854946,3.166572040357861,-1.3252067626894102,-0.41814221391856243,84.70152594128389,0.00530666438385746,0.01945
49.35503959655762,3.1338289368768524,4.822226670985911,3.1353506295206284,-1.244665998270482,-0.3779284612735232,84.74173969392893,0.0053091838294817405,0.01945
49.38187766075134,3.142398576499994,4.801691434291823,3.279120730711545,-1.323393725534433,-0.38994028241459366,84.72972787278786,0.0053084312727511955,0.01945
49.4130539894104,3.137062763059854,4.7982958445883455,3.2766347445318234,-1.4008435361528944,-0.4326348914179161,84.68703326378454,0.005305756398143415,0.01945
49.440083503723145,3.1322120238261686,4.822388365788439,3.1811445073494733,-1.2965479106902928,-0.3977662937613602,84.7219018614411,0.005307940962627262,0.019294
49.471312522888184,3.133343862958791,4.813495152239436,3.136176351831688,-1.2820515642392034,-0.4004380696082571,84.7192300855942,0.00530777357228133,0.019294
49.50126576423645,3.1399732067176855,4.817699216676499,3.2328237097030934,-1.2442445704233094,-0.35483960775156137,84.7648285474509,0.005310630377171261,0.019294
49.53030228614807,3.1318886412192954,4.816082268784328,3.1442267800138572,-1.2284179639227493,-0.36547699428155156,84.75419116092091,0.005309963930615443,0.019294
49.55630326271057,3.134475702104743,4.810422951474329,3.1322089534642235,-1.2545733494126494,-0.38470302264235506,84.7349651325601,0.00530875939411139,0.019294
49.584322690963745,3.1336672455705594,4.753829805012389,3.108171467162122,-1.6452220444002978,-0.6105225084157555,84.5091456467867,0.005294611499973504,0.019294
49.61202120780945,3.137709528309523,4.813010067898581,3.1694702666525014,-1.5293149444110803,-0.5312532058424195,84.58841494936004,0.005299577828265992,0.019294
49.63951539993286,3.1325354064341293,4.823358534611949,3.1123793758104896,-1.3800949223883454,-0.4655189639101232,84.65414919129233,0.005303696166827021,0.019294
49.668179750442505,3.1396498240846786,4.8188310802246495,3.2099158230276346,-1.3054281185528427,-0.3951996798167434,84.72446847538572,0.005308101764438749,0.019136
49.6966986656189,3.134637393412396,4.8118782044504735,3.181316285133089,-1.2989059982345115,-0.39843922659210534,84.72122892861036,0.005307898802481434,0.019136
49.723753452301025,3.1378712196226206,4.815758879210659,3.2237966408966834,-1.268808621193354,-0.37019230082153887,84.74947585438092,0.005309668510326415,0.019136
49.751737117767334,3.1336672455705594,4.81689074272545,3.172282848364858,-1.2402936549091592,-0.36491010720549377,84.75475804799696,0.0053099994468522845,0.019136
49.77924418449402,3.128978197806376,4.82643073598084,3.045598151423341,-1.157567267853844,-0.34121886382771066,84.77844929137474,0.00531148373507549,0.019136
49.806814193725586,3.128978197806376,4.833383613293489,2.9569188635642734,-1.05391414442662,-0.28611542292066133,84.83355273228179,0.005314936039671421,0.019136
49.83433175086975,3.1312418760088128,4.825945651544627,2.9385933818687437,-1.0302930977183256,-0.2716387690204003,84.84802938618205,0.005315843021485457,0.019136
49.86111330986023,3.131403567311026,4.824005313835575,2.928890546135991,-1.0265243135959907,-0.2707794150290661,84.84888874017338,0.005315896861167426,0.019136
49.887659311294556,3.1204085593793045,4.8278859893109605,2.709598474202537,-0.9983542671865462,-0.3031188150686594,84.81654934013379,0.005313870754311873,0.019136
49.916178464889526,3.131080184706872,4.834353782279369,2.76234410786668,-0.9360820688085728,-0.22841163854325006,84.8912565166592,0.0053185512592789355,0.019136
49.943724632263184,3.127037902246676,4.809937867156086,2.721141016917441,-1.0531297092588305,-0.35215929345880764,84.76750886174364,0.005310798302462295,0.018984
49.971842527389526,3.1276846674288965,4.8188310802246495,2.7047988585547182,-1.0765524693621977,-0.380053956560365,84.73961419864207,0.005309050664346739,0.018984
49.999863386154175,3.132373715130013,4.825298872301913,2.783984388651134,-1.0503952414062436,-0.329094700323968,84.79057345487847,0.0053122433302059706,0.018984
50.02923798561096,3.1380329109359915,4.814303626148799,2.948789315029061,-1.1044255513966912,-0.3273542001205205,84.79231395508192,0.005312352374881814,0.018984
50.0550491809845,3.1360926151935207,4.807835835151614,3.0266527438040525,-1.1847999213122207,-0.365965438491537,84.7537027167109,0.005309933328929536,0.018984
50.085683822631836,3.131403567311026,4.801044655287225,2.9905320994906672,-1.2857427863300401,-0.44682001402816157,84.67284814117428,0.005304867681156324,0.018984
50.11522841453552,3.1404582806692405,4.750919301641324,3.140247738294781,-1.686189552098364,-0.6264518031455713,84.49321635205688,0.005293613508260091,0.018984
50.14375948905945,3.140296589351783,4.772424690664912,3.241923683708923,-1.8250131602143844,-0.6554897369269636,84.46417841827548,0.005291794242700633,0.018984
50.171385526657104,3.137062763059854,4.793445002457511,3.2505968116299653,-1.7838919977711434,-0.6344284672930187,84.48523968790943,0.0052931137595358165,0.018984
50.19857168197632,3.130271728201245,4.80347007658714,3.125417936900439,-1.689149809637343,-0.6331401976833867,84.48652795751906,0.005293194471357455,0.018984
50.2271511554718,3.130756802103806,4.800397876288961,3.047167728873282,-1.6430430227823571,-0.6390498233542271,84.48061833184822,0.005292824225370492,0.018826
50.25400400161743,3.128331432615463,4.820124638589229,2.9455175623095036,-1.4809811571577127,-0.5881535040834702,84.53151465111898,0.00529601294814428,0.018826
50.286704540252686,3.131403567311026,4.808806003760736,2.933737472444523,-1.4420058726727565,-0.5687048477488056,84.55096330745364,0.005297231432589963,0.018826
50.31400442123413,3.136415997814543,4.7947385603242605,3.022366457223809,-1.5072762680963951,-0.5737563313633499,84.54591182383909,0.005296914950355611,0.018826
50.34402823448181,3.1399732067176855,4.7982958445883455,3.1531567834775664,-1.5295613159462718,-0.5402063060018383,84.5794618492006,0.005299016904513873,0.018826
50.371052503585815,3.1336672455705594,4.806865666556764,3.1228349481714757,-1.4887779290751832,-0.5273576442649267,84.59231051093751,0.005299821890431915,0.018826
50.3973503112793,3.129463271702414,4.8131717626784685,3.020359625445402,-1.4187402348278313,-0.5208788234899745,84.59878933171247,0.005300227797256778,0.018826
50.42507338523865,3.127037902246676,4.814303626148799,2.901751879222561,-1.3622670467918045,-0.5289244014222035,84.59074375378023,0.005299723730991312,0.018826
50.453136682510376,3.136577689125462,4.79781076035924,3.0031015435908297,-1.4312463468726955,-0.5350743031181469,84.58459385208428,0.005299338431388602,0.018667
50.483203649520874,3.139003058821934,4.782288066906444,3.1209213336158577,-1.5816593914382007,-0.5799619389830972,84.53970621621933,0.0052965261607019415,0.018667
50.51046967506409,3.142883650463818,4.779539256986772,3.2783952290457417,-1.7050336043747605,-0.5896726887488157,84.52999546645361,0.005295917769184201,0.018667
50.537548780441284,3.137709528309523,4.766603682423247,3.2886268999710553,-1.876501810385445,-0.6638408297216,84.45582732548083,0.005291271035518623,0.018667
50.56709432601929,3.1360926151935207,4.762723010545402,3.2645390532634457,-2.0220614284476435,-0.7314105163167808,84.38825763888565,0.005287037703883823,0.018667
50.59670805931091,3.133343862958791,4.768544018447128,3.194552533971463,-2.0856553497501458,-0.7807689482599602,84.33889920694247,0.005283945331817026,0.018667
50.62473011016846,3.138356293563549,4.774041637489259,3.24243702010855,-2.0940009364255543,-0.7664740423184645,84.35319411288397,0.005284840926877296,0.018667
50.65455889701843,3.134799084720321,4.779539256986772,3.2072061246542556,-2.063672685865922,-0.7678418613950675,84.35182629380736,0.00528475523117469,0.018667
50.682772397994995,3.137386145684144,4.761591147957022,3.232544523583841,-2.1605278375442816,-0.7942128262773482,84.32545532892509,0.005283103054799429,0.018667
50.71130156517029,3.139003058821934,4.7784073941118,3.281531419610989,-2.117688314794893,-0.7613286655731711,84.35833948962926,0.005285163291642421,0.018667
50.73789167404175,3.128493123912784,4.7866538240720695,3.1126971471854783,-2.0334454023241055,-0.792290003628177,84.32737815157425,0.005283223522221419,0.018508
50.764965534210205,3.134475702104743,4.783581624555152,3.110138210484361,-1.9946881032931347,-0.7778590254583637,84.34180912974406,0.0052841276423895855,0.018508
50.795507192611694,3.125906063188245,4.779539256986772,2.942721879673879,-1.9941537026732163,-0.8492911793977228,84.27037697580471,0.005279652321987034,0.018508
50.82358241081238,3.130271728201245,4.782934845727641,2.9099054845311874,-1.9714392270388115,-0.8553180615670278,84.2643500936354,0.005279274729722927,0.018508
50.84990191459656,3.1221871635184706,4.797163981392639,2.7306839434954884,-1.861922187461996,-0.9007456183265926,84.21892253687584,0.005276428632266917,0.018508
50.878029108047485,3.1141025995137253,4.80217651854943,2.448978813438879,-1.7522815719413267,-1.0347042729919516,84.08496388221047,0.005268035942599025,0.018508
50.90514302253723,3.1210553245170236,4.809452782841414,2.386160265756202,-1.6276608478543522,-1.0250745959760361,84.09459355922638,0.00526863925480008,0.018508
50.932716608047485,3.125582680602566,4.756902003153118,2.4296873158182706,-1.8861705626651952,-1.1029013019643505,84.01676685323807,0.0052637633071215524,0.018508
50.95858335494995,3.1208936332321873,4.8133334574587545,2.3695312163035385,-1.695851249482528,-1.0722308362464388,84.04743731895599,0.005265684852999893,0.018352
50.99376463890076,3.1189533378352934,4.788755855402613,2.289921933632597,-1.7243296867976743,-1.152915115343899,83.96675303985853,0.005260629874527362,0.018352
51.02000403404236,3.1199234855288616,4.813010067898581,2.252945442173964,-1.5846902940892456,-1.127269946065448,83.99239820913698,0.005262236578833047,0.018352
51.05065035820007,3.115881203536671,4.81381854180199,2.1489368726838767,-1.4816235748888331,-1.1932383513195084,83.92642980388293,0.005258103569625347,0.018352
51.078798055648804,3.1249359154344645,4.813010067898581,2.2511309356387827,-1.4147960157530568,-1.0304146058435357,84.0892535493589,0.0052683046960083895,0.018352
51.10929203033447,3.121863780945273,4.807027361321581,2.263291756966121,-1.4073783901834116,-1.0110743693049347,84.1085937858975,0.005269516387808203,0.018352
51.13723826408386,3.118144881431438,4.811231425345998,2.19992930689788,-1.3745265036994292,-1.0648393781157004,84.05482877708673,0.005266147937781085,0.018352
51.16564059257507,3.1163662773667955,4.799104318311435,2.121200580874173,-1.4313173377502462,-1.2046865610358888,83.91498159416653,0.005257386323907684,0.018352
51.19261813163757,3.121702089659081,4.807189056086795,2.169215507486413,-1.4178794868223166,-1.1333527636794631,83.98631539152296,0.005261855482138187,0.018352
51.22142505645752,3.1265528283628625,4.813010067898581,2.296575992730058,-1.3701751541064777,-0.9435931811778518,84.17607497402457,0.005273744174895093,0.018352
51.24839949607849,3.119600102963255,4.814465320931862,2.2513532813842154,-1.327207661410288,-0.9609673936808333,84.15870076152159,0.005272655657142165,0.018193
51.27728843688965,3.1197617942459224,4.81106973057087,2.2228223845184765,-1.3194708223825957,-0.9909485205191003,84.12871963468332,0.005270777299270656,0.018193
51.303311347961426,3.1228339286681215,4.808482614222776,2.2622257781588253,-1.3310762958979985,-0.950808328011753,84.16885982719067,0.005273292136253494,0.018193
51.33303618431091,3.1204085593793045,4.811716509673759,2.2429331366185323,-1.3179235512109297,-0.9634068266562961,84.15626132854612,0.005272502823389243,0.018193
51.36003756523132,3.1315652586135108,4.823681924222966,2.4450533759201996,-1.2299932890997578,-0.6563306662855681,84.46333748891685,0.005291741557346654,0.018193
51.385921001434326,3.1249359154344645,4.818345995844487,2.4584124879042144,-1.2035484620843298,-0.6152549410089142,84.5044132141935,0.005294315006714235,0.018193
51.411898612976074,3.122995619956212,4.80799752991881,2.4302638517099813,-1.253122130021382,-0.6946617717605188,84.4250063834419,0.00528934006209663,0.018193
51.4423942565918,3.1331821716533144,4.809129393300282,2.6074348913668555,-1.280376896099086,-0.5884417263045669,84.53122642889785,0.0052959948906349434,0.018193
51.472233295440674,3.1280080500216365,4.775658584353,2.631454573351657,-1.5196677364655455,-0.7679750067710435,84.35169314843138,0.005284746889438024,0.018193
51.503124952316284,3.127361284837243,4.8131717626784685,2.6357683453972713,-1.440363100001079,-0.707150684454674,84.41251747074774,0.005288557614939383,0.018193
51.53204679489136,3.1309184934052032,4.809776172384132,2.7075380162593903,-1.4071902598970494,-0.6367465178221595,84.48292163738026,0.005292968530556216,0.018035
51.56059217453003,3.131726949916267,4.815435489638577,2.7734017931333863,-1.3467352621494457,-0.5522515596133164,84.5674165955891,0.0052982622531941425,0.018035
51.586116552352905,3.131403567311026,4.818507690637477,2.813256434021218,-1.284204014277227,-0.4810141583516521,84.63865399685076,0.005302725372079815,0.018035
51.614158391952515,3.1349607760285187,4.802499908056482,2.9099047159628895,-1.345751193347516,-0.4895479361826838,84.63012021901973,0.005302190719434867,0.018035
51.64068102836609,3.138194602249634,4.811554814897442,3.0400585458222946,-1.3292598082577696,-0.4294295150300858,84.69023864017232,0.0053059572192800455,0.018035
51.6668598651886,3.130271728201245,4.802984992320028,2.9780411508350837,-1.3740987630676613,-0.4839280074507398,84.63574014775168,0.005302542815519445,0.018035
51.69642996788025,3.1312418760088128,4.801529739540079,2.953378982958311,-1.4150604895629533,-0.5231218805613042,84.59654627464111,0.0053000872667180515,0.018035
51.722615003585815,3.139003058821934,4.757710476371603,3.0861155411730947,-1.7320311720629917,-0.662083817211772,84.45758433799064,0.0052913811147126425,0.018035
51.75233006477356,3.13560754126403,4.786330434642524,3.113406097300878,-1.765613059266305,-0.6683773075842501,84.45129084761817,0.0052909868190864585,0.018035
51.779316663742065,3.138194602249634,4.80799752991881,3.182509512758872,-1.6465673480487781,-0.5789828283212973,84.54068532688112,0.005296587503300188,0.017876
51.80996370315552,3.136901071748118,4.808806003760736,3.2058818903267943,-1.557916206296514,-0.520830266252343,84.59883788895007,0.005300230839432944,0.017876
51.836447954177856,3.1360926151935207,4.80330838183104,3.2066175465124314,-1.5320305843042576,-0.5054288372147562,84.61423931798765,0.005301195759651629,0.017876
51.86622643470764,3.1338289368768524,4.80444024513206,3.1633824838288276,-1.5064638479607475,-0.5044233428667129,84.6152448123357,0.005301258755223263,0.017876
51.892619132995605,3.142236885179265,4.761106063996468,3.295618026915337,-1.773673135083446,-0.6058467079610601,84.51382144724136,0.005294904445153215,0.017876
51.919673442840576,3.1411050459417966,4.807189056086795,3.366307894539689,-1.6575285449555428,-0.5246452002274555,84.59502295497497,0.0052999918286946186,0.017876
51.94504451751709,3.137062763059854,4.809129393300282,3.337665759211524,-1.5634613865529987,-0.48270180164446125,84.63696635355797,0.0053026196389604294,0.017876
51.97291302680969,3.137062763059854,4.780994509282987,3.3176162644817806,-1.6827205460093633,-0.5529334151888651,84.56673474001356,0.005298219534026366,0.017876
51.9983446598053,3.1349607760285187,4.8178609114679,3.2629565972852945,-1.523649028730999,-0.482161224080433,84.63750693112199,0.005302653506870999,0.017876
52.02809143066406,3.1341523194902536,4.8120398992275835,3.2090698224515055,-1.4505968065218309,-0.45425815216593274,84.66541000303648,0.005304401671809982,0.017876
52.05483961105347,3.1341523194902536,4.80573380321414,3.171349080067847,-1.440949573700738,-0.4599566119971511,84.65971154320526,0.0053040446556465405,0.017717
52.08555746078491,3.144985637668757,4.806542277028318,3.3543196758030525,-1.4288773670085357,-0.4002290564844083,84.719439098718,0.005307786667234313,0.017717
52.111674547195435,3.143045341785638,4.788755855402613,3.4448990704098534,-1.5374479690658778,-0.43907766729306286,84.68059048790934,0.0053053527495799425,0.017717
52.140021562576294,3.142560267820996,4.79991279204442,3.4989296411512596,-1.5400432203235235,-0.427037518608983,84.69263063659342,0.0053061070810691115,0.017717
52.17112469673157,3.1380329109359915,4.785845350501169,3.4492509917791434,-1.634412978311004,-0.48947384550743944,84.63019430969496,0.005302195361315199,0.017717
52.19993042945862,3.138517984877737,4.797163981392639,3.4238509422594734,-1.6260038133525385,-0.49216999796146693,84.62749815724094,0.0053020264437420835,0.017717
52.22642660140991,3.135930923883418,4.797972455101879,3.3560708812587223,-1.6147982548546012,-0.5059441297570153,84.61372402544539,0.005301163475881639,0.017717
52.252241373062134,3.140134898034598,4.737660343446821,3.3898748820401976,-2.003762255725001,-0.6817358844153412,84.43793227078707,0.005290149886302772,0.017717
52.282522678375244,3.1393264414527615,4.8041168556155025,3.397912673948907,-1.8388036753822723,-0.6058107055390473,84.51385744966336,0.005294906700753318,0.017717
52.30905103683472,3.134637393412396,4.80638058226469,3.3129140807779884,-1.7084390669343181,-0.5692773191930727,84.55039083600934,0.005297195566484949,0.017717
52.33428120613098,3.138517984877737,4.803631771343637,3.3284151045586765,-1.6352689293497686,-0.5249908558460489,84.59467729935636,0.005299970172905778,0.017559
52.360546350479126,3.1362543065038957,4.799427707803441,3.295515798086598,-1.6117093784400203,-0.5224557343488152,84.5972124208536,0.005300129001673129,0.017559
52.387542486190796,3.1271995935418238,4.798134149844914,3.0974862013889193,-1.6037283218026182,-0.5899920284385645,84.52967612676385,0.005295897762123653,0.017559
52.41430068016052,3.127361284837243,4.796840591911713,2.961990485023369,-1.6066522109892436,-0.652255135834159,84.46741301936825,0.005291996894804291,0.017559
52.44164800643921,3.13560754126403,4.791019581525551,3.026518557996076,-1.6469967611066518,-0.6468883464984245,84.47277980870399,0.005292333131365641,0.017559
52.46910500526428,3.1296249630016364,4.797163981392639,2.9560631537189344,-1.6348124613094979,-0.672916547301197,84.44675160790122,0.005290702429620413,0.017559
52.49540448188782,3.136577689125462,4.793283307725947,3.0411194357382914,-1.65181533707546,-0.6431227317964473,84.47654542340597,0.005292569052185251,0.017559
52.52136468887329,3.137386145684144,4.7784073941118,3.116283841342649,-1.7615895644667143,-0.6724769259705731,84.44719122923183,0.00529072997248734,0.017559
52.548996925354004,3.133990628183417,4.792313139344862,3.1032738917482274,-1.746942280457372,-0.6701395564091213,84.44952859879328,0.005290876411830265,0.017559
52.576311349868774,3.1325354064341293,4.778892478198707,3.0660419133775005,-1.824986939929966,-0.7281500766367945,84.39151807856561,0.005287241974809678,0.017559
52.603689193725586,3.142236885179265,4.759974201435597,3.2274796275994078,-2.0040860955412154,-0.7436730734809814,84.37599508172143,0.005286269438204602,0.0174
52.634251832962036,3.131080184706872,4.776467057799646,3.1248609152444784,-2.020945034775667,-0.7940700588039312,84.32559809639848,0.0052831119993734235,0.0174
52.66025972366333,3.137709528309523,4.76563351443255,3.181152880310151,-2.1040227802694766,-0.804579037685621,84.31508911751679,0.005282453597729268,0.0174
52.69300651550293,3.139003058821934,4.703381097851605,3.245557269319374,-2.5717508268192595,-0.9362095470037045,84.1834586081987,0.005274206769494892,0.0174
52.71930551528931,3.143692107075646,4.755931835303894,3.3812653932561747,-2.5534165156132373,-0.8811208347069667,84.23854732049544,0.005277658151323601,0.0174
52.75074815750122,3.136901071748118,4.742996265330369,3.3450110066748944,-2.6256887245254035,-0.9145629916497959,84.20510516355262,0.005275562955266674,0.0174
52.78246545791626,3.140134898034598,4.747362019915922,3.382132969831544,-2.647555921079192,-0.9074127285603151,84.2122554266421,0.005276010928854524,0.0174
52.81245183944702,3.140943354623248,4.733617978667189,3.423743352811197,-2.753288312436154,-0.9211554821184424,84.19851267308397,0.005275149926882804,0.0174
52.83982706069946,3.142883650463818,4.752374553310967,3.4903706424824845,-2.703896969549244,-0.8858551918216114,84.2338129633808,0.00527736153749048,0.01725
52.86912536621094,3.1415901198990754,4.753344721108383,3.512009730777711,-2.6629400621966424,-0.8675215070782162,84.2521466481242,0.005278510167468174,0.01725
52.89459419250488,3.138517984877737,4.75027252313168,3.4677820595584796,-2.6544829566149777,-0.8798753740971814,84.23979278110524,0.005277736181103892,0.01725
52.92129898071289,3.136415997814543,4.75011082850525,3.39619766820359,-2.6496268105538303,-0.9031801266763697,84.21648802852604,0.00527627610704841,0.01725
52.947770833969116,3.125906063188245,4.7572253924393335,3.14296350007732,-2.5994190806432815,-0.9854839077481083,84.1341842474543,0.005271119664601635,0.01725
52.97478270530701,3.138356293563549,4.759489117486831,3.2063246963826755,-2.5493800780357456,-0.9458711531205125,84.1737970020819,0.005273601456892774,0.01725
53.00240111351013,3.133343862958791,4.739438984027311,3.1538024841549297,-2.646267427686515,-0.9936695187282597,84.12599863647415,0.005270606825077604,0.01725
53.0296790599823,3.1357692325735878,4.751889469417555,3.1639119589842215,-2.632173833855527,-0.9858521027314056,84.133816052471,0.005271096596691318,0.01725
53.05785155296326,3.130756802103806,4.762237926576595,3.074113544331933,-2.554223329003774,-1.0021834955563622,84.11748465964605,0.0052700734129920886,0.01725
53.08641457557678,3.142398576499994,4.755446751384582,3.2362547710794463,-2.5443387509438296,-0.9321666330868718,84.18750152211554,0.005274460063482823,0.01725
53.1138482093811,3.1378712196226206,4.737013565065653,3.2622535810591105,-2.6586959135521733,-0.9543424188680998,84.16532573633431,0.005273070720713828,0.017092
53.14018654823303,3.140619971986971,4.765148430442512,3.333577777146693,-2.5536398796797917,-0.8973363274054222,84.22233182779699,0.0052766422289229915,0.017092
53.166348457336426,3.137224454371863,4.778892478198707,3.317879678679875,-2.3896752593856463,-0.8511081491670892,84.26856000603533,0.00527953848639016,0.017092
53.192524671554565,3.1351224673369877,4.720844107568584,3.2662659887989802,-2.6568142202091583,-0.9525875864630624,84.16708056873935,0.005273180663321355,0.017092
53.21900653839111,3.139811515401046,4.787300602935897,3.3207614538472416,-2.406578222373861,-0.8554812469274617,84.26418690827495,0.00527926450594088,0.017092
53.24704837799072,3.141266737260617,4.7911812762515815,3.387033295167089,-2.2058811405745327,-0.7571789444369491,84.36248921076546,0.0052854232772461245,0.017092
53.27810525894165,3.134637393412396,4.798619234076394,3.305298515630707,-2.016457069441512,-0.70803733978314,84.41163081541927,0.005288502064791968,0.017092
53.3053195476532,3.133990628183417,4.800397876288961,3.2355841637498597,-1.8721581046452775,-0.6654836764523205,84.4541844787501,0.005291168108964028,0.017092
53.33317422866821,3.136577689125462,4.771454522589206,3.2367841427599187,-1.9615741161599058,-0.7099504425560231,84.4097177126464,0.005288382206333284,0.016934
53.367440938949585,3.127037902246676,4.792313139344862,3.053249041342717,-1.8869314666425943,-0.7557619769888116,84.36390617821361,0.005285512052160231,0.016934
53.39499545097351,3.1399732067176855,4.800074486792203,3.174774592360773,-1.7836178399827771,-0.6422743958890733,84.47739375931334,0.0052926222015694585,0.016934
53.42191743850708,3.138679676192197,4.78471348751849,3.234842464357423,-1.8123620109269587,-0.6334091660234586,84.48625898917896,0.00529317762012963,0.016934
53.448139667510986,3.1354458499547437,4.79926601305724,3.2143899419391073,-1.736738364178098,-0.5984903693500537,84.52117778585237,0.005295365329649319,0.016934
53.47417211532593,3.1378712196226206,4.802014823796499,3.2469482006608845,-1.6657167243209132,-0.5428680492701475,84.57680010593228,0.005298850142722465,0.016934
53.50031232833862,3.136577689125462,4.792636528803642,3.2447389685976535,-1.6777036353084311,-0.5510908460955724,84.56857730910686,0.005298334973455273,0.016934
53.526800870895386,3.1349607760285187,4.7921514446160645,3.2119424901663916,-1.6892859585661084,-0.5709366899308956,84.54873146527153,0.005297091604679113,0.016934
53.55251598358154,3.134475702104743,4.7717779119462005,3.1796099505709976,-1.8314359575273003,-0.667884210602239,84.45178394460018,0.005291017712274783,0.016934
53.57807946205139,3.142236885179265,4.791666360432044,3.306977253634844,-1.800090069662334,-0.598718231841373,84.52094992336104,0.005295351053758139,0.016934
53.60914993286133,3.145955785625052,4.786330434642524,3.4680094087886855,-1.8132542875858504,-0.5498983440115307,84.56976981119088,0.005298409685312783,0.016934
53.63518810272217,3.1415901198990754,4.7784073941118,3.496356867192049,-1.8745968298239817,-0.5720772607387276,84.54759089446368,0.005297020146385817,0.016777
53.66444230079651,3.1440154897222863,4.767412155759645,3.5630751154911384,-1.989876927625903,-0.6057445290745528,84.51392362612786,0.005294910846797717,0.016777
53.69082450866699,3.146925933591174,4.773718248121239,3.66602792376674,-2.0290836973883155,-0.5919280536781785,84.52774010152423,0.005295776467541635,0.016777
53.71951484680176,3.142398576499994,4.773556553437819,3.6505948366838057,-2.0575922644429943,-0.6088284151626003,84.51083974003981,0.005294717637191568,0.016777
53.74891924858093,3.1394881327685837,4.767735545096959,3.5835416439165564,-2.1158460756115,-0.6545164032901766,84.46515175191223,0.005291855223360502,0.016777
53.77893328666687,3.1411050459417966,4.772262995984643,3.567854426440546,-2.1268365548738446,-0.6642523306921665,84.45541582451024,0.0052912452544300265,0.016777
53.80637574195862,3.137224454371863,4.762076231921112,3.4818733331855465,-2.2015510617537872,-0.7245932178487042,84.3950749373537,0.005287464816790852,0.016777
53.83589315414429,3.13528415864573,4.7556084460239605,3.384186548533234,-2.29640433593761,-0.7982293661880628,84.32143878901434,0.005282851413178409,0.016777
53.86539626121521,3.1362543065038957,4.762237926576595,3.334555808868831,-2.319184680461234,-0.8264325660233346,84.29323558917906,0.0052810844448220136,0.016619
53.89642858505249,3.1357692325735878,4.7690291024619516,3.2904392862839353,-2.2904501417298264,-0.8337681217728861,84.28590003342951,0.0052806248624000995,0.016619
53.924460887908936,3.136415997814543,4.756740308510599,3.2720577269114117,-2.3511868963299145,-0.8640210658902612,84.25564708931213,0.00527872947481091,0.016619
53.951528549194336,3.1271995935418238,4.7690291024619516,3.081065551566312,-2.312851692837899,-0.9371519828849728,84.18251617231742,0.005274147724620911,0.016619
53.97960925102234,3.1271995935418238,4.786007045214559,2.9473710288247417,-2.17431508065289,-0.9548481711591736,84.16481998404322,0.005273039034653391,0.016619
54.00737500190735,3.122995619956212,4.791504665704829,2.77253483035435,-2.0411692843593703,-1.0078215897856642,84.11184656541673,0.005269720178814699,0.016619
54.0333948135376,3.122672237380302,4.791342970978007,2.6438994890679908,-1.9490310554604546,-1.062287480261513,84.05738067494087,0.005266307817609734,0.016619
54.060163497924805,3.120731941947622,4.784875182229117,2.516354736465306,-1.9270874333613417,-1.1615373232159556,83.95813083198644,0.005260089681621549,0.016619
54.08807325363159,3.127361284837243,4.788594160682509,2.5551984595768658,-1.8872588439751858,-1.1097564850609059,84.00991167014149,0.005263333820691655,0.016619
54.1153302192688,3.125906063188245,4.780347730480726,2.55426405403863,-1.9136340795400677,-1.1221292209116127,83.99753893429079,0.005262558652169716,0.01646
54.14203095436096,3.1349607760285187,4.769675881153892,2.728610049975095,-2.0023094084756607,-1.0210430201874254,84.09862513501497,0.005268891838439044,0.01646
54.17117524147034,3.1341523194902536,4.779539256986772,2.835027239334371,-1.9994886163009942,-0.9459935476103836,84.173674607592,0.005273593788713564,0.01646
54.197662353515625,3.128169741318414,4.7753351949770995,2.7938942182779467,-2.0251735971084734,-0.9854998925803466,84.13416826262204,0.005271118663130421,0.01646
54.224395513534546,3.137547836996697,4.767412155759645,2.9463511907743616,-2.095280664725049,-0.9208790976864422,84.19878905751594,0.005275167242738748,0.01646
54.252378702163696,3.1360926151935207,4.750434217758503,3.0249460568257285,-2.25605755053623,-0.9434046917255193,84.17626346347686,0.005273755984012485,0.01646
54.28105688095093,3.1305951108026804,4.7717779119462005,2.9737124113878948,-2.2281760719063817,-0.9603044673865848,84.1593636878158,0.005272697190365038,0.01646
54.307870626449585,3.138679676192197,4.781641288091559,3.094098937676411,-2.1437655123800243,-0.8614655210901818,84.2582026341122,0.00527888958312562,0.01646
54.3344943523407,3.1404582806692405,4.788917550123112,3.212744525024796,-2.0368058423609736,-0.7542060668286349,84.36546208837375,0.005285609532021893,0.01646
54.36178994178772,3.136901071748118,4.779215867591951,3.2270463989129268,-2.025763776646788,-0.7422460816441387,84.37742207355824,0.005286358841160125,0.01646
54.3899302482605,3.134475702104743,4.792474834074055,3.1901826866935776,-1.930800400461273,-0.7100066658874554,84.40966148931491,0.005288378683866039,0.016301
54.41525673866272,3.1393264414527615,4.784875182229117,3.2581281372062763,-1.9143259748619108,-0.6704869014398136,84.44918125376256,0.0052908546501974855,0.016301
54.44290781021118,3.1435304157527346,4.787785687087914,3.3869399989228763,-1.8836449652983214,-0.6019494137806272,84.51771874142175,0.005295148615869039,0.016301
54.469900131225586,3.1456324029718616,4.798619234076394,3.5177333266396418,-1.790891746748174,-0.506494703594858,84.61317345160751,0.005301128981691084,0.016301
54.49619102478027,3.138517984877737,4.793930086654576,3.471788576661831,-1.756815522715951,-0.5015520923897406,84.61811606281263,0.005301438642922732,0.016301
54.522483110427856,3.1456324029718616,4.781479593388824,3.57712733105689,-1.8148769562947904,-0.5017139706901484,84.61795418451223,0.005301428501029753,0.016301
54.54831910133362,3.1399732067176855,4.796193812954607,3.5414893951607143,-1.7587115694877138,-0.4813338201021933,84.63833433510018,0.005302705344841725,0.016301
54.57570290565491,3.1394881327685837,4.796517202432369,3.5071678348503985,-1.7172681415509978,-0.46764446139539956,84.65202369380698,0.00530356300155428,0.016301
54.60340213775635,3.143368724430096,4.734264757015506,3.5581427854249053,-2.0978315564178387,-0.6480263844419445,84.47164177076044,0.005292261831759697,0.016301
54.63109040260315,3.137386145684144,4.8037934661005295,3.4782001861232845,-1.9067798432838496,-0.5823734923986793,84.5372946628037,0.005296375073640896,0.016301
54.65899920463562,3.140619971986971,4.804601939890933,3.48474040069162,-1.7677245005290516,-0.5033541253350439,84.61631402986734,0.005301325743137951,0.016145
54.68620681762695,3.140943354623248,4.791342970978007,3.495568554413239,-1.7576197067792276,-0.4940847693160382,84.62558338588634,0.005301906480744514,0.016145
54.71356654167175,3.140134898034598,4.738145427236805,3.487523253248359,-2.1005457891216874,-0.6750520373821262,84.44461611782026,0.005290568638298134,0.016145
54.74011850357056,3.144985637668757,4.785683655788173,3.5756415970294055,-2.0278286048852925,-0.6100699806054211,84.50959817459696,0.005294639851448718,0.016145
54.76806664466858,3.141266737260617,4.78471348751849,3.5654493953946096,-1.9833095463587314,-0.5918822547120755,84.5277859004903,0.005295779336908384,0.016145
54.793806314468384,3.142560267820996,4.781802982794689,3.5833148686406004,-1.971295116145997,-0.5800848954213695,84.53958325978101,0.0052965184573159066,0.016145
54.82068157196045,3.144662255018842,4.77096943855667,3.636445724016598,-2.03416150875678,-0.5933722276727429,84.52629592752965,0.005295685988100846,0.016145
54.848464250564575,3.1343140107973624,4.78439009809842,3.4736372127121538,-1.9898702358609501,-0.627253797408027,84.49241435779436,0.005293563262242187,0.016145
54.87542152404785,3.136739380436654,4.7717779119462005,3.4065462786611715,-2.0418449516336796,-0.6788815684338906,84.4407865867685,0.005290328713033347,0.016145
54.90124249458313,3.1362543065038957,4.770646049203613,3.3502076199583444,-2.0856740499494464,-0.7234234355424176,84.39624471965998,0.005287538105223765,0.016145
54.92825245857239,3.137062763059854,4.778892478198707,3.326395567004589,-2.0620991785744103,-0.7221715207783618,84.39749663442403,0.005287616539365491,0.016145
54.95478296279907,3.1267145196571953,4.766441987757147,3.109727035694587,-2.127511540432247,-0.858524109666014,84.26114404553638,0.005279073866502684,0.015986
54.98079514503479,3.1325354064341293,4.764663346456012,3.0705591141399697,-2.1850023027393273,-0.9055017076487376,84.21416644755367,0.005276130656881799,0.015986
55.00967621803284,3.13302048034811,4.779215867591951,3.052516573555935,-2.129501298911632,-0.8908961127691428,84.22877204243326,0.005277045717021404,0.015986
55.035666942596436,3.1268762109518,4.769352491807135,2.921136741587608,-2.155544118345602,-0.9812219002546491,84.13844625494775,0.005271386685096461,0.015986
55.0620002746582,3.1336672455705594,4.759650812136027,2.9604209188484907,-2.237603776431553,-0.9904782339453789,84.12918992125702,0.005270806763356258,0.015986
55.088277101516724,3.1343140107973624,4.777275531256146,3.0004198490944987,-2.1790882700347334,-0.9427425069547973,84.1769256482476,0.005273797470777917,0.015986
55.11609697341919,3.1331821716533144,4.767897239766206,3.006544089536015,-2.199829451397955,-0.9479410983018024,84.1717270569006,0.005273471772046508,0.015986
55.14236378669739,3.134475702104743,4.710819045879627,3.0358310701297424,-2.5898794471911404,-1.0657065899464753,84.05396156525592,0.005266093605794917,0.015986
55.16992998123169,3.1315652586135108,4.784551792808258,3.0000819293780094,-2.377808964370214,-1.0190503244580205,84.10061783074437,0.005269016683503376,0.015986
55.19529700279236,3.133343862958791,4.789240939565295,3.0094325472516403,-2.1985086018164264,-0.9452345685683914,84.174433586634,0.005273641339770117,0.015835
55.22095060348511,3.1393264414527615,4.781802982794689,3.131603039596906,-2.1219344549663757,-0.8420266757769529,84.27764147942543,0.00528010745289763,0.015835
55.24852919578552,3.145309020319764,4.793445002457511,3.3327474512818838,-1.9917369040975375,-0.6780098047192854,84.4416583504831,0.0052903833302011495,0.015835
55.28273272514343,3.1396498240846786,4.7890792448440065,3.364173475857622,-1.9293219880956958,-0.6303489251038988,84.48931923009849,0.005293369348334207,0.015835
55.31482720375061,3.1440154897222863,4.781156203984539,3.4705467415570452,-1.9377591387489557,-0.5936501739529328,84.52601798124945,0.005295668574393013,0.015835
55.3403537273407,3.1472493162487325,4.789887718454402,3.6075080659479943,-1.8862184099749773,-0.5194221010556384,84.60024605414675,0.0053003190628741715,0.015835
55.36643052101135,3.1451473289941236,4.795385339267126,3.6627559678207713,-1.8139697299476913,-0.46376907639951076,84.65589907880288,0.005303805799630264,0.015835
55.39351034164429,3.144662255018842,4.784066708679928,3.692054493442729,-1.837863647476421,-0.46876483676385683,84.65090331843852,0.005303492808532392,0.015835
55.42113375663757,3.140296589351783,4.79991279204442,3.6281884123124755,-1.7503341952109097,-0.4371020406278638,84.68256611457451,0.005305476525244469,0.015835
55.44769072532654,3.137224454371863,4.80638058226469,3.5241071232959,-1.6465104308143623,-0.40174982879794224,84.71791832640443,0.005307691388805941,0.015676
55.47725534439087,3.1399732067176855,4.799104318311435,3.5043752497280414,-1.621706086730715,-0.39083028683680254,84.72883786836557,0.005308375512778554,0.015676
55.50343060493469,3.1411050459417966,4.742511181505157,3.512437950508568,-1.9766829074899508,-0.6010192144533529,84.51864894074902,0.005295206894106475,0.015676
55.53446578979492,3.144177181046016,4.788917550123112,3.577456875682684,-1.9198480189379319,-0.5480199875285775,84.5716481676738,0.005298527366869724,0.015676
55.56201171875,3.1399732067176855,4.7884324659628,3.54172007639877,-1.8832550823385406,-0.5397542556344636,84.57991389956791,0.005299045226076646,0.015676
55.58911061286926,3.138517984877737,4.797002286651979,3.4885793014932127,-1.8012571147694028,-0.5097866286238797,84.60988152657849,0.005300922738165814,0.015676
55.61694073677063,3.1438537983988293,4.782126372202131,3.5545058176372666,-1.8417307573243533,-0.5118758348365,84.60779232036587,0.005300791846590062,0.015676
55.64673471450806,3.1440154897222863,4.781641288091559,3.6037793808027994,-1.8732537921726102,-0.5140137439421547,84.60565441126022,0.005300657903712636,0.015676
55.672420024871826,3.140619971986971,4.773071469389924,3.5726458369672804,-1.951702815439431,-0.5670809581048346,84.55258719709754,0.005297333171457602,0.015676
55.699299573898315,3.1322120238261686,4.791342970978007,3.3883522720543104,-1.8864045272165049,-0.598832238604175,84.5208359165982,0.005295343911081296,0.015676
55.7251353263855,3.136577689125462,4.775496889664853,3.3437218185730373,-1.9449509064998107,-0.6521758531199384,84.46749230208243,0.005292001861972839,0.015525
55.75331401824951,3.138194602249634,4.7746884162300285,3.3437305176493837,-1.9912525132197125,-0.6783730175229773,84.44129513767939,0.005290360574431076,0.015525
55.77873253822327,3.139003058821934,4.784228403388977,3.359361615456874,-1.9608977673772128,-0.6544034912910484,84.46526466391131,0.005291862297448924,0.015525
55.80860996246338,3.1393264414527615,4.7827731510217495,3.376553387340575,-1.9492239007004446,-0.6403050210337059,84.47936313416865,0.0052927455855497,0.015525
55.83428192138672,3.130271728201245,4.775173500289741,3.213587539897886,-1.9910521244349755,-0.7413769922530875,84.37829116294927,0.005286413290777963,0.015525
55.864123582839966,3.1299483456008974,4.786977213503193,3.09326144385859,-1.9426724122072412,-0.7801986459534874,84.33946950924887,0.005283981062022636,0.015525
55.892353773117065,3.1315652586135108,4.777760615334775,3.040283190988254,-1.9694448302281,-0.8289816355092943,84.29068651969307,0.0052809247421944285,0.015525
55.917975664138794,3.1210553245170236,4.789240939565295,2.8000733300407905,-1.9126537079169603,-0.9742864836027163,84.14538167159965,0.00527182119826638,0.015525
55.945924520492554,3.1238040764007353,4.792313139344862,2.685051447190076,-1.8526871808725403,-1.0471688685108302,84.07249928669154,0.005267255018945473,0.015525
55.97616982460022,3.130756802103806,4.8002361815403845,2.73891118607602,-1.7585830112966656,-0.9288075296525956,84.19086062554977,0.005274670515825423,0.015525
56.00533866882324,3.125906063188245,4.728120362958951,2.6828629625880147,-2.167177411890247,-1.1894662408417667,83.93020191436061,0.005258339897414031,0.015366
56.03127598762512,3.1301100369009354,4.786492129357099,2.724879241153756,-2.0691515987194156,-1.1174264904329068,84.00224166476947,0.00526285328455161,0.015366
56.058796882629395,3.1325354064341293,4.8050870241699295,2.8011656579613393,-1.8781932431660633,-0.9513825000252737,84.1682856551771,0.005273256163605531,0.015366
56.08684206008911,3.130756802103806,4.801529739540079,2.8201911336159093,-1.76792662563185,-0.8570555796039839,84.2626125755984,0.005279165871883817,0.015366
56.116167068481445,3.134637393412396,4.8062188875014575,2.908509002544907,-1.6598889608551113,-0.6906520999735845,84.4290160552288,0.005289591273420464,0.015366
56.142662048339844,3.130756802103806,4.784875182229117,2.8953314748244128,-1.7246879671376072,-0.7584267162817488,84.36124143892063,0.0052853451026638534,0.015366
56.1781587600708,3.1336672455705594,4.805572108452492,2.9423572321142655,-1.6338772148674472,-0.6407897018382749,84.4788784533641,0.0052927152196462,0.015366
56.2051784992218,3.139164750137212,4.806542277028318,3.0815253172888695,-1.56392671582524,-0.4881479525743349,84.63152020262804,0.005302278430288593,0.015208
56.23170828819275,3.136577689125462,4.80638058226469,3.1289429502372257,-1.516025195244382,-0.4191182890164442,84.70054986618592,0.0053066032314413635,0.015208
56.26263380050659,3.1328587890431776,4.79635550769329,3.090260257317315,-1.548451508167841,-0.46882882248699487,84.65083933271538,0.005303488799740882,0.015208
56.29214429855347,3.140134898034598,4.8151121000680845,3.2038074452812295,-1.4477457937208609,-0.32387057417101206,84.79579758103137,0.00531257062872727,0.015208
56.319889545440674,3.137386145684144,4.80638058226469,3.2301654480227255,-1.4346985497713263,-0.3030330100587441,84.81663514514364,0.005313876130111006,0.015208
56.35077142715454,3.138517984877737,4.802661602810601,3.270491061629987,-1.4500335395072572,-0.3055419108317475,84.81412624437063,0.00531371894410725,0.015208
56.37809944152832,3.133343862958791,4.798942623566026,3.1987189398280362,-1.4852360914445697,-0.36192233132087703,84.75774582388149,0.005310186635025074,0.015208
56.404046058654785,3.138679676192197,4.7866538240720695,3.251603507584513,-1.5907288459788735,-0.4369241069790865,84.68274404822328,0.005305487673026592,0.015208
56.430869340896606,3.1378712196226206,4.800559571037932,3.2729976966126486,-1.57308451956915,-0.4136688117500764,84.70599934345229,0.005306944648512646,0.015208
56.45951175689697,3.1322120238261686,4.808482614222776,3.1785985738060627,-1.5086058839285943,-0.3917522085697073,84.72791594663266,0.005308317753143525,0.015051
56.48703050613403,3.1326970977385176,4.8075124456184115,3.121894192314131,-1.4698538116210573,-0.3758976543927578,84.74377050080962,0.005309311062260897,0.015051
56.51401734352112,3.1338289368768524,4.788594160682509,3.1040761358900486,-1.5671953087569965,-0.4820780088116975,84.63759014639068,0.00530265872041937,0.015051
56.53990626335144,3.1415901198990754,4.799104318311435,3.2416035761629973,-1.566185501290557,-0.419727659041085,84.69994049616129,0.005306565053590724,0.015051
56.56813836097717,3.136415997814543,4.799104318311435,3.2378727298267695,-1.5654786360640416,-0.42057549213535983,84.69909266306702,0.005306511935708433,0.015051
56.59782385826111,3.137224454371863,4.794091781387722,3.2508861455559117,-1.5979625166889118,-0.44364345119944637,84.67602470400293,0.005305066697084768,0.015051
56.62419247627258,3.1456324029718616,4.780024341081961,3.4224956292827633,-1.7132543070916884,-0.4678676239093078,84.65180053129306,0.005303549020122998,0.015051
56.65046954154968,3.143045341785638,4.7866538240720695,3.4926222378456337,-1.7503415969318623,-0.4689731353604986,84.65069501984188,0.005303479758345495,0.015051
56.677138566970825,3.137547836996697,4.788594160682509,3.4354608044717367,-1.7635367584745405,-0.4981827937655302,84.62148536143684,0.00530164973400768,0.015051
56.70378518104553,3.1456324029718616,4.780186035781146,3.551697890523824,-1.8280924480169234,-0.49900615252416985,84.6206620026782,0.005301598149475393,0.015051
56.73213505744934,3.1362543065038957,4.783743319263016,3.4518137482622007,-1.8498772068962952,-0.5489895430701379,84.57067861213224,0.005298466622912595,0.014895
56.764840602874756,3.1388413675069295,4.784066708679928,3.4318948751845064,-1.862998881340428,-0.5652592812033018,84.55440887399908,0.00529744730196263,0.014895
56.79141640663147,3.1360926151935207,4.786007045214559,3.364826635912836,-1.8594181126046527,-0.5912469830210159,84.52842117218137,0.00529581913753322,0.014895
56.81811594963074,3.1393264414527615,4.791828055159656,3.380378901659737,-1.8186137497047374,-0.5573252751324785,84.5623428800699,0.005297944378101099,0.014895
56.84451174736023,3.138517984877737,4.792959918264003,3.3756404791758836,-1.7826038960198265,-0.5345007519453921,84.58516740325699,0.005299374365140051,0.014895
56.87261986732483,3.134799084720321,4.7784073941118,3.30044854600142,-1.8531415557277668,-0.6169529824103456,84.50271517279204,0.005294208622139372,0.014895
56.90455961227417,3.131726949916267,4.786492129357099,3.188439163952807,-1.8493264994056895,-0.6726681725631269,84.44699998263926,0.0052907179906314045,0.014895
56.93106293678284,3.1215403983731598,4.80217651854943,2.9131575145022364,-1.7434645903019217,-0.7798797493286961,84.33978840587369,0.0052840010413245705,0.014895
56.95772385597229,3.117013042477419,4.820124638589229,2.6329603301151843,-1.551276254421402,-0.9017411506242133,84.21792700457817,0.0052763662608311225,0.014895
56.986451387405396,3.1153961297089827,4.822550060591364,2.405572291406324,-1.400786984471006,-1.2466022988711187,83.87306585633127,0.005254760246624877,0.014895
57.015584230422974,3.116204586089816,4.815273794853133,2.2620256690636746,-1.3433167982434373,-1.9096043580950806,83.21006379710731,0.005213222276971923,0.014736
57.04708695411682,3.117013042477419,4.819639554199532,2.177168038308191,-1.2743642868766647,-2.4985229662445794,82.62114518895781,0.0051763257350486485,0.014736
57.07831311225891,3.117336425034356,4.808967698530311,2.1240176987697623,-1.2963102346882114,-2.5579106160801865,82.5617575391222,0.00517260501900816,0.014736
57.10755896568298,3.113617525694969,4.807674140384814,2.014937439467063,-1.3201830283858529,-2.67396270469087,82.44570545051151,0.005165334199758344,0.014736
57.14121460914612,3.1212170158021313,4.800882960537065,2.085456305099462,-1.381574789941676,-2.4025463948561185,82.71712176034626,0.005182338796176082,0.014736
57.16808199882507,3.1212170158021313,4.792313139344862,2.134819511042138,-1.4809319382898374,-2.1088672772342227,83.01080087796815,0.005200738187408386,0.014736
57.19479584693909,3.1238040764007353,4.789887718454402,2.219373773891031,-1.5664393696536179,-1.824212237119347,83.29545591808302,0.005218572208062397,0.014736
57.221980571746826,3.1246125328520424,4.783743319263016,2.294186764000857,-1.6667200520419656,-1.6284802197642183,83.49118793543815,0.0052308350818859334,0.014736
57.25187063217163,3.1228339286681215,4.797649065616996,2.312180843796486,-1.6454272791558238,-1.5935072153623837,83.52616093983998,0.005233026187592629,0.014736
57.28074669837952,3.1178214988717925,4.793283307725947,2.2279016656364132,-1.659245709567898,-1.7620178978354581,83.35765025736691,0.005222468766967182,0.014736
57.31192946434021,3.117336425034356,4.797163981392639,2.159531237899512,-1.6433867252323604,-1.9022324892560214,83.21743566594635,0.005213684134457676,0.014578
57.33764982223511,3.119438411680858,4.792959918264003,2.15229695193173,-1.6599449788891567,-1.905031803167528,83.21463635203484,0.005213508753680666,0.014578
57.36945915222168,3.124127458980444,4.781317898686485,2.2378579849442515,-1.748131403961488,-1.7158027136348795,83.40386544156749,0.005225364210340429,0.014578
57.398322343826294,3.131403567311026,4.783258235140607,2.4383757682888123,-1.7970959611951431,-1.3867585031071947,83.73290965209517,0.005245979272150911,0.014578
57.423922061920166,3.131080184706872,4.7827731510217495,2.572488213727073,-1.8345626363729999,-1.209072374095285,83.91059578110708,0.005257111546827835,0.014578
57.45166325569153,3.13302048034811,4.770646049203613,2.7038669432668874,-1.940576429266982,-1.1091461917695655,84.0105219634328,0.005263372056386191,0.014578
57.48507046699524,3.1318886412192954,4.78762399237018,2.773957043508522,-1.9030841118286226,-1.0161164583837419,84.10355169681861,0.00526920049415413,0.014578
57.51688289642334,3.1404582806692405,4.794253476121263,2.988645199107282,-1.8332225211733735,-0.7789567379105612,84.3407114172918,0.005284058869229841,0.014578
57.5435152053833,3.140296589351783,4.788270771243487,3.1358019062776483,-1.8236810623605046,-0.6723509706601424,84.44731718454221,0.005290737863756737,0.014421
57.57093954086304,3.143045341785638,4.793768391921826,3.2919366317420446,-1.7808318721901402,-0.5570197620541932,84.56264839314817,0.005297963518905863,0.014421
57.59656739234924,3.1399732067176855,4.794091781387722,3.341855905640317,-1.7487097819771829,-0.5107766095987832,84.60889154560357,0.005300860714527846,0.014421
57.62478303909302,3.141266737260617,4.788755855402613,3.401799411422242,-1.7613306595439346,-0.4957443564526383,84.62392379874971,0.0053018025053810005,0.014421
57.651556730270386,3.1435304157527346,4.790372802625381,3.48750989087405,-1.7595269890742578,-0.46289787568509927,84.65677027951725,0.005303860381525345,0.014421
57.68121528625488,3.143045341785638,4.793283307725947,3.5381322209595485,-1.7391155065108077,-0.432026347378005,84.68764180782433,0.005305794524244994,0.014421
57.707563400268555,3.136415997814543,4.795385339267126,3.4454427811843242,-1.7109976975227823,-0.4428594577526348,84.6768086974497,0.005305115815327385,0.014421
57.737133502960205,3.136739380436654,4.802984992320028,3.386810176591694,-1.6413152855531645,-0.40968987171226395,84.70997828349007,0.005307193934451115,0.014421
57.761616706848145,3.1404582806692405,4.738953900227936,3.4176423922654964,-2.0138135559610424,-0.6550866394632386,84.4645815157391,0.005291819497298228,0.014421
57.789243936538696,3.1411050459417966,4.80217651854943,3.4517249502847953,-1.8586055298906727,-0.5436623629603294,84.576005792242,0.005298800377902728,0.014421
57.81682872772217,3.139003058821934,4.7973256761336955,3.4349577183016624,-1.7818747708581195,-0.4976201052249818,84.62204804997735,0.0053016849872006295,0.014263
57.84756517410278,3.138356293563549,4.794091781387722,3.41072064913971,-1.7494398110447702,-0.4834998551706852,84.63616830003164,0.005302569639834942,0.014263
57.87561583518982,3.128978197806376,4.782288066906444,3.21250461196574,-1.804394816358657,-0.6172014624574597,84.50246669274486,0.005294193054530621,0.014263
57.906190156936646,3.137547836996697,4.7819646774982125,3.239378466355808,-1.844990976792698,-0.6331637259202364,84.48650442928208,0.005293192997281801,0.014263
57.93370842933655,3.1396498240846786,4.774365026858856,3.2988151864093576,-1.9234082188952109,-0.656693549699116,84.4629746055032,0.00529171882221331,0.014263
57.96078372001648,3.1315652586135108,4.7779223100284405,3.18417081077374,-1.9548960666212698,-0.741387040138161,84.37828111506415,0.005286412661264462,0.014263
57.98790717124939,3.128169741318414,4.777598920641504,3.038294718285525,-1.9790652166037286,-0.8540014432331771,84.26566671196915,0.005279357217630213,0.014263
58.016258001327515,3.1362543065038957,4.78439009809842,3.092431527695429,-1.951302831353822,-0.7977019371827163,84.32196621801961,0.00528288445731411,0.014263
58.04675769805908,3.130433419501827,4.770322659852132,3.0178272395688395,-2.0244222220944854,-0.8970874107617832,84.22258074444055,0.005276657823885093,0.014263
58.076383113861084,3.1291398891047835,4.785845350501169,2.940604226646702,-1.9734782795506636,-0.9267527434500985,84.19291541175224,0.005274799250941301,0.014263
58.1023530960083,3.1276846674288965,4.769837575827863,2.858423105365198,-2.043136520324253,-1.037446775945119,84.08222137925722,0.005267864121104867,0.014104
58.13094520568848,3.1276846674288965,4.7779223100284405,2.8008963204681536,-2.0387058776216054,-1.0877862274748655,84.03188192772747,0.00526471028684312,0.014104
58.15698599815369,3.127522976132934,4.792313139344862,2.7575025697068916,-1.9409236996657957,-1.0793815254914632,84.04028662971088,0.005265236852712821,0.014104
58.18511509895325,3.132373715130013,4.779539256986772,2.820876986457664,-1.9565186201340807,-1.0238705436615592,84.09579761154077,0.005268714690295038,0.014104
58.213881492614746,3.132050332522596,4.7725863853455746,2.8589890752171687,-2.013179679636542,-1.020591598004091,84.09907655719825,0.005268920120645244,0.014104
58.2439181804657,3.129463271702414,4.7881090765245675,2.8356675143773704,-1.9507149017392593,-1.0059625674406572,84.11370558776167,0.005269836649061923,0.014104
58.27096223831177,3.1336672455705594,4.7884324659628,2.9005924598013273,-1.9048619002994795,-0.914755294385374,84.20491286081696,0.005275550907241956,0.014104
58.29848837852478,3.125582680602566,4.792474834074055,2.7897898516498523,-1.846169087018157,-0.9834530681834461,84.13621508701888,0.005271246899428481,0.014104
58.327584981918335,3.1336672455705594,4.802823297565117,2.868478095892079,-1.736999086891281,-0.807515162676694,84.31215299252564,0.005282269645554335,0.013945
58.35513520240784,3.1357692325735878,4.781156203984539,2.964184887200223,-1.803133107905873,-0.779365767617353,84.34030238758498,0.00528403324296924,0.013945
58.38218832015991,3.139003058821934,4.793121612994777,3.0936796741424244,-1.7707036182280693,-0.6533302481688669,84.46633790703348,0.005291929537572267,0.013945
58.41022872924805,3.1326970977385176,4.808159224686402,3.062450962549564,-1.6490669105472289,-0.5574606148798973,84.56220754032245,0.005297935898884113,0.013945
58.44077205657959,3.138679676192197,4.80638058226469,3.156215923489597,-1.5756233315497918,-0.4265058752134932,84.69316227998885,0.005306140389242017,0.013945
58.46764421463013,3.133505554264539,4.807027361321581,3.121851344652195,-1.5199575112411183,-0.38102338998404445,84.7386447652183,0.005308989928040453,0.013945
58.497636795043945,3.1394881327685837,4.802823297565117,3.213421199494441,-1.5086509838473676,-0.33051042280706566,84.78915773239528,0.005312154633290591,0.013945
58.52503228187561,3.142236885179265,4.805572108452492,3.3306451278812745,-1.4826513265642796,-0.2668760497017699,84.85279210550058,0.005316141412248754,0.013945
58.55312371253967,3.133990628183417,4.793121612994777,3.2533267923252622,-1.546366371288954,-0.35511292486675955,84.76455523033559,0.005310613253486827,0.013945
58.58164572715759,3.1480577728974075,4.7949002550593836,3.4710791114158517,-1.579264788566579,-0.31586547845492163,84.80380267674742,0.005313072158727511,0.013945
58.61169624328613,3.148219464227962,4.797002286651979,3.626630736781146,-1.588463909129022,-0.28524017176042366,84.83442798344193,0.00531499087533237,0.013796
58.637738943099976,3.14142842857971,4.791828055159656,3.604266795001156,-1.628945807271798,-0.3204952956598731,84.79917285954248,0.005312782094460166,0.013796
58.665122270584106,3.142560267820996,4.789726023731532,3.610487048365183,-1.6711129064215133,-0.3498261515728321,84.76984200362952,0.005310944476935668,0.013796
58.69447207450867,3.1448239463436627,4.785360266363366,3.658591251714876,-1.729353243818528,-0.3779185351302105,84.74174962007214,0.005309184451367947,0.013796
58.7285840511322,3.1354458499547437,4.780509425180699,3.511014093089313,-1.802036331100511,-0.47538473789724484,84.6442834173051,0.005303078062833552,0.013796
58.75476336479187,3.1475726989073833,4.772262995984643,3.6420852159767745,-1.9071697337161542,-0.4990305966371569,84.62063755856519,0.005301596618018876,0.013796
58.78509759902954,3.144985637668757,4.76886740778995,3.683834970939296,-2.003103507154144,-0.5419528871464623,84.57771526805588,0.0052989074788588894,0.013796
58.814905643463135,3.1440154897222863,4.769999270502225,3.694309788114217,-2.0628103514852896,-0.5717624737352224,84.54790568146713,0.005297039868214452,0.013796
58.841360092163086,3.138194602249634,4.76142945330311,3.5891420963282066,-2.1609880315046874,-0.6646905874148153,84.45497756778754,0.005291217797057619,0.013638
58.871073484420776,3.1378712196226206,4.763369789175982,3.509274708733257,-2.2169464710254725,-0.7280101090795512,84.3916580461228,0.005287250743965162,0.013638
58.8986279964447,3.1338289368768524,4.7690291024619516,3.3752424973834,-2.218883395124799,-0.7939278939110902,84.32574026129126,0.005283120906194933,0.013638
58.930094957351685,3.1411050459417966,4.774365026858856,3.422045023867325,-2.185132911727689,-0.7526765433126112,84.36699161188974,0.005285705358724853,0.013638
58.95660638809204,3.132050332522596,4.784875182229117,3.27980670140394,-2.092358732748414,-0.7770080857380978,84.34266006946426,0.005284180954906164,0.013638
58.987558364868164,3.123480693822112,4.7947385603242605,3.0146148047347454,-1.9625232701493571,-0.876973453192045,84.24269470201031,0.005277917990346885,0.013638
59.01333713531494,3.128169741318414,4.761591147957022,2.91960551405824,-2.0897232465426825,-1.0346996750337971,84.08496848016856,0.0052680362306672755,0.013638
59.03964114189148,3.1328587890431776,4.80347007658714,2.9437240519920707,-1.9032316837774181,-0.8963296951221815,84.22333846008017,0.0052767052957877906,0.013638
59.066598653793335,3.1271995935418238,4.792959918264003,2.85123197912279,-1.8418364498707147,-0.9425096165674315,84.17715853863493,0.005273812061673535,0.013638
59.09502029418945,3.125582680602566,4.790534497349831,2.7552375151748936,-1.8148172138120713,-1.0366132706454578,84.0830548845569,0.005267916341331579,0.013638
59.12241721153259,3.11798319015148,4.791504665704829,2.541166336620046,-1.789520777570801,-1.3518875195192162,83.76778063568314,0.005248163986116567,0.01348
59.149746894836426,3.1262294457750106,4.801529739540079,2.550691570535756,-1.7058558997151627,-1.293755287234903,83.82591286796745,0.0052518060485610045,0.01348
59.17587423324585,3.127522976132934,4.800559571037932,2.582359244754222,-1.6536734571845584,-1.1901659340558153,83.92950222114654,0.005258296060694238,0.01348
59.20123839378357,3.1280080500216365,4.7997510972970305,2.6139016207227987,-1.6224648906484573,-1.0918559375810892,84.02781221762126,0.005264455314037929,0.01348
59.22729229927063,3.1265528283628625,4.8041168556155025,2.6078562719955367,-1.5718955198287072,-1.043145398972858,84.0765227562295,0.0052675070947169455,0.01348
59.254350662231445,3.1305951108026804,4.771131133233789,2.681749562006738,-1.7535179631551507,-1.0922404880227803,84.02742766717957,0.0052644312214361715,0.01348
59.28248906135559,3.1291398891047835,4.790049413177667,2.705349852353185,-1.7561857585761884,-1.057933792813056,84.06173436238929,0.005266580581976895,0.01348
59.31290411949158,3.1326970977385176,4.790049413177667,2.790620087297108,-1.758053215370907,-0.9396036602477921,84.18006449495455,0.00527399412374067,0.01348
59.33960318565369,3.133343862958791,4.79635550769329,2.8628092577950297,-1.7178711222564162,-0.810291575479059,84.30937657972328,0.005282095699562578,0.01348
59.366369009017944,3.1338289368768524,4.780347730480726,2.9227166817266834,-1.795062674336933,-0.8236895421122506,84.29597861309009,0.0052812562989548745,0.01348
59.39216661453247,3.133505554264539,4.776143668419806,2.958401875418147,-1.8767562964602027,-0.8596829824090685,84.25998517279326,0.005279001261568559,0.013328
59.42068529129028,3.1404582806692405,4.789564329009059,3.117756581444017,-1.845644077331345,-0.703193167154546,84.41647498804778,0.005288805558714554,0.013328
59.446260929107666,3.1362543065038957,4.790534497349831,3.14805483190633,-1.8174825530345164,-0.6579909753398253,84.4616771798625,0.005291637536754026,0.013328
59.47566032409668,3.13560754126403,4.786168739928344,3.1567636008141373,-1.8264928543697572,-0.6599522341920526,84.45971592101027,0.00529151466125228,0.013328
59.50213146209717,3.140619971986971,4.776628752490158,3.2597347909752314,-1.8955659376880052,-0.6517325915535994,84.46793556364872,0.005292029632905421,0.013328
59.53373098373413,3.1328587890431776,4.769999270502225,3.1818145458339213,-1.9875340528589927,-0.7677223699023993,84.35194578529992,0.005284762717477217,0.013328
59.55958294868469,3.1388413675069295,4.789726023731532,3.242895433484722,-1.9221246783325516,-0.6816157904626653,84.43805236473965,0.005290157410350228,0.013328
59.58933782577515,3.140134898034598,4.7947385603242605,3.310652068598423,-1.843359432058244,-0.5822174215092741,84.53745073369303,0.00529638485169177,0.013328
59.615692377090454,3.146279168279334,4.787462297652841,3.4768317831349513,-1.8360960422266746,-0.49977350729831116,84.619894647904,0.005301550073667965,0.013171
59.64350366592407,3.147734390237118,4.720682413013327,3.6212826009947587,-2.2703725955756626,-0.7027257980944757,84.41694235710784,0.005288834840014006,0.013171
59.67075276374817,3.140619971986971,4.787300602935897,3.5848980911016635,-2.1360690851304027,-0.6475558922201132,84.47211226298221,0.005292291308729425,0.013171
59.70220112800598,3.1480577728974075,4.777598920641504,3.703179020559347,-2.1058863295601022,-0.5842516834433202,84.535416471759,0.005296257402448881,0.013171
59.73070406913757,3.1435304157527346,4.787947381806044,3.6984756172700144,-2.0166733851377074,-0.5348373615194344,84.5848307936829,0.0052993532760980495,0.013171
59.76018738746643,3.141913502538625,4.782126372202131,3.663933216716028,-1.9925221465821743,-0.5325860852310531,84.58708206997127,0.005299494321581765,0.013171
59.78562641143799,3.138517984877737,4.788917550123112,3.574128499715287,-1.9309354863024806,-0.5268393902100238,84.5928287649923,0.0052998543597446435,0.013171
59.81463670730591,3.142236885179265,4.787947381806044,3.583140238035867,-1.8942077948573723,-0.4986010481120156,84.62106710709031,0.0053016235298110085,0.013171
59.84024405479431,3.1432070331077306,4.78471348751849,3.6081984658111175,-1.8897749793391834,-0.48641019660789636,84.63325795859443,0.005302387303034299,0.013171
59.86646056175232,3.1411050459417966,4.776628752490158,3.5851142017667383,-1.9398634251665996,-0.5286581901465829,84.59100996505575,0.005299740409485337,0.013171
59.89362072944641,3.136415997814543,4.741702708470969,3.4783301677493883,-2.20471218298075,-0.7360754761777758,84.38359267902456,0.005286745437881861,0.013013
59.921982288360596,3.134475702104743,4.772424690664912,3.366081324879078,-2.18797900183206,-0.7854208692490942,84.33424728595324,0.0052836538827179015,0.013013
59.947585105895996,3.128978197806376,4.780671119881068,3.1812570849832835,-2.122010533377483,-0.8619183943041624,84.25774976089816,0.005278861210010395,0.013013
59.97368049621582,3.1351224673369877,4.764986735779951,3.1706301732113467,-2.1790239416412693,-0.9017423366010191,84.2179258186013,0.005276366186528078,0.013013
60.001938819885254,3.127522976132934,4.777275531256146,3.0163162666271384,-2.1380823856815305,-0.996656918232079,84.12301123697024,0.0052704196604855666,0.013013
60.03034520149231,3.134799084720321,4.785845350501169,3.0489215972172468,-2.053040394061599,-0.9196620536599819,84.20000610154234,0.005275243492181916,0.013013
60.05639123916626,3.1271995935418238,4.778084004722499,2.9248702607803905,-2.044574760946773,-1.0264547137758704,84.09321344142646,0.005268552788565936,0.013013
60.08479404449463,3.1299483456008974,4.771616217267507,2.8911593484763376,-2.0812019473836583,-1.0801370716933585,84.03953108350896,0.00526518951672831,0.013013
60.11108326911926,3.121863780945273,4.77420333217386,2.711311645952418,-2.0898197265402456,-1.2778671583466301,83.8418009968557,0.005252801461179142,0.013013
60.138378381729126,3.1238040764007353,4.773556553437819,2.6229182683282213,-2.1001074848493433,-1.3854835250194089,83.73418463018292,0.005246059151240848,0.013013
60.16468572616577,3.136577689125462,4.7890792448440065,2.807918015964772,-2.0051813946219483,-1.1272769092746735,83.99239124592766,0.0052622361425786295,0.012854
60.19127082824707,3.133343862958791,4.785360266363366,2.8749178078623743,-1.9632011855588283,-1.0256213752184133,84.09404677998393,0.005268604998346025,0.012854
60.21812129020691,3.124127458980444,4.787300602935897,2.743692584095697,-1.9210490981186226,-1.1600062424195468,83.95966191278279,0.005260185605890214,0.012854
60.24628949165344,3.128978197806376,4.7982958445883455,2.7455849664349166,-1.819202296961829,-1.08706480996709,84.03260334523524,0.005264755484619097,0.012854
60.273709774017334,3.1322120238261686,4.777437225948628,2.809409662681636,-1.8851434061253205,-1.0484561206485241,84.07121203455381,0.005267174370869816,0.012854
60.30261421203613,3.142398576499994,4.76822062910588,3.0509620539242728,-1.991940390398126,-0.8731365074732023,84.24653164772913,0.005278158380150523,0.012854
60.330878019332886,3.138679676192197,4.793768391921826,3.14817368745189,-1.8986134018164733,-0.7221737651179267,84.3974943900844,0.005287616398754597,0.012854
60.35872220993042,3.130433419501827,4.7911812762515815,3.056846751398351,-1.8503057661843572,-0.7526272936791046,84.36704086152322,0.005285708444280549,0.012854
60.384552240371704,3.146440859606885,4.785683655788173,3.302293063038764,-1.8526605888291714,-0.5833040037411956,84.53636415146113,0.005296316775855283,0.012854
60.413798332214355,3.143692107075646,4.780347730480726,3.420980448859753,-1.8894153009378614,-0.5518531818751503,84.56781497332717,0.005298287212094593,0.012854
60.44009876251221,3.1448239463436627,4.78471348751849,3.5259366320610694,-1.8864202335955296,-0.5034634450541652,84.61620471014815,0.00530131889411069,0.012695
60.47067975997925,3.1432070331077306,4.779700951684774,3.5681559416287736,-1.9173023655679633,-0.5088521713896187,84.6108159838127,0.005300981283166839,0.012695
60.49888825416565,3.1435304157527346,4.7746884162300285,3.6039594620186075,-1.9718985345674094,-0.5321930479725474,84.58747510722976,0.005299518945893995,0.012695
60.52556228637695,3.1394881327685837,4.7746884162300285,3.5508968816509237,-2.010115852867016,-0.579414950417801,84.5402532047845,0.005296560430270345,0.012695
60.55193734169006,3.1475726989073833,4.761267758649593,3.6700031679699077,-2.125165710496159,-0.6011576299321562,84.51851052527014,0.005295198222190783,0.012695
60.582282304763794,3.140134898034598,4.77290977470808,3.6096274827380386,-2.1291049864765252,-0.6282879752964081,84.49138017990589,0.005293498469608214,0.012695
60.60862493515015,3.14142842857971,4.768382323776308,3.5923645171710157,-2.1616496685084625,-0.6546949098509234,84.46497324535137,0.005291844039684667,0.012695
60.639355182647705,3.142721959142271,4.765310125105464,3.6052804557065947,-2.2046436800628704,-0.6732348504352608,84.44643330476704,0.005290682487501464,0.012695
60.671146869659424,3.144177181046016,4.754638278193579,3.642446629321297,-2.3049521363025907,-0.7099488740010813,84.40971928120122,0.005288382304605351,0.01254
60.6988422870636,3.141751811218714,4.758033865661746,3.6215879233557677,-2.352827668843359,-0.7428219350250568,84.37684622017724,0.005286322763172234,0.01254
60.728816509246826,3.138356293563549,4.761914537266023,3.541361792677555,-2.3608086695670485,-0.7839452434661809,84.33572291173611,0.005283746332655478,0.01254
60.757559299468994,3.140134898034598,4.761267758649593,3.5195785200333805,-2.3706506821861857,-0.7993423706786998,84.32032578452359,0.005282781681951911,0.01254
60.78446984291077,3.13528415864573,4.753991499647841,3.4105801793267294,-2.425412349436375,-0.8815358158175597,84.23813233938473,0.0052776321521995516,0.01254
60.81370425224304,3.1338289368768524,4.745583379124367,3.3061563267988703,-2.5190645641708027,-0.9799239347006331,84.13974422050165,0.005271468004382032,0.01254
60.83998131752014,3.1393264414527615,4.76563351443255,3.339309685279967,-2.452706450846085,-0.9334619315886334,84.18620622361365,0.005274378911291643,0.01254
60.870906591415405,3.1336672455705594,4.762399621232471,3.253141979433142,-2.427532332857396,-0.9747274260739563,84.14494072912834,0.005271793572628213,0.01254
60.89655113220215,3.134475702104743,4.7690291024619516,3.2084495930577313,-2.3662934984071455,-0.9768338995321073,84.14283425567018,0.005271661599236333,0.01254
60.92647910118103,3.134475702104743,4.77096943855667,3.177164922594938,-2.3106603763395897,-0.9723862973560286,84.14728185784625,0.0052719402474873415,0.01254
60.95272874832153,3.130271728201245,4.769352491807135,3.07401561457592,-2.2823554725451722,-1.0360210386697455,84.08364711653253,0.005267953445460427,0.012383
60.981247901916504,3.138194602249634,4.784066708679928,3.1549361748514215,-2.1657336672946594,-0.9111520960101558,84.20851605919212,0.00527577665246051,0.012383
61.00976920127869,3.1315652586135108,4.786168739928344,3.083455502683202,-2.0702686343518497,-0.9089446899181297,84.21072346528415,0.00527591494941749,0.012383
61.0378623008728,3.1380329109359915,4.788270771243487,3.158419094851514,-1.9896133415854398,-0.7881522263120109,84.33151592889027,0.005283482759528743,0.012383
61.065059185028076,3.1445005636942938,4.783419929847683,3.3358936804784602,-1.9650694891552882,-0.6470939473824718,84.4725742078198,0.005292320250194053,0.012383
61.093337297439575,3.134637393412396,4.773394858754794,3.2695007853486926,-2.0138461468982767,-0.7264599295181433,84.39320822568413,0.005287347864797109,0.012383
61.11950731277466,3.1396498240846786,4.8037934661005295,3.319900809704388,-1.8479900566201601,-0.557171542294528,84.56249661290775,0.005297954009669908,0.012383
61.14975619316101,3.1247742241431173,4.799427707803441,3.067680690309046,-1.7606141675292808,-0.6449980443274184,84.47467011087485,0.0052924515613359795,0.012383
61.17714309692383,3.138356293563549,4.808320919454391,3.153626729544887,-1.6409404662806903,-0.42871955796108147,84.69094859724119,0.005306001699044129,0.012383
61.20599722862244,3.140296589351783,4.7982958445883455,3.251288977584009,-1.6231262546752783,-0.3547466647245761,84.76492149047769,0.005310636200176744,0.012383
61.2319438457489,3.139164750137212,4.789564329009059,3.2977775391176984,-1.668103048081892,-0.3862384047404324,84.73342975046184,0.00530866320036038,0.012224
61.258358001708984,3.1411050459417966,4.800721265787301,3.367819553081334,-1.6261826323863902,-0.3117642743981811,84.80790388080409,0.005313329104671006,0.012224
61.28408479690552,3.1341523194902536,4.794253476121263,3.2824738915087326,-1.639391485563801,-0.36031141468442157,84.75935674051784,0.005310287561116363,0.012224
61.31476616859436,3.135930923883418,4.797002286651979,3.2571069457332156,-1.630552597027091,-0.3611843132501178,84.75848384195214,0.005310232872848614,0.012224
61.341899156570435,3.140134898034598,4.796840591911713,3.3206001271723684,-1.6254292036463844,-0.3282346903387765,84.79143346486349,0.005312297210986825,0.012224
61.367669343948364,3.1276846674288965,4.801044655287225,3.124420235733173,-1.5941832839639645,-0.3816938982416246,84.73797425696064,0.0053089479197973855,0.012224
61.395339012145996,3.1411050459417966,4.793768391921826,3.2464694407121604,-1.6201834273125504,-0.35332228980323244,84.76634586539903,0.005310725439178997,0.012224
61.42255163192749,3.1362543065038957,4.794253476121263,3.2381538333940307,-1.6351920420121133,-0.3759931767831641,84.7436749784191,0.00530930507765481,0.012224
61.45021843910217,3.14142842857971,4.809614477612575,3.3323329626301867,-1.5446343481056315,-0.22872784491882212,84.89094031028344,0.005318531448524719,0.012065
61.48243284225464,3.1394881327685837,4.79926601305724,3.360758332079012,-1.549329000203167,-0.2264900084584358,84.89317814674382,0.005318671651985156,0.012065
61.50973343849182,3.138679676192197,4.806542277028318,3.3650310821601845,-1.5047429655602438,-0.1729960014808232,84.94667215372144,0.005322023123383377,0.012065
61.53769659996033,3.13302048034811,4.808482614222776,3.2586469511700713,-1.46076679612235,-0.1381078174125939,84.98156033778966,0.0053242089149822276,0.012065
61.563737630844116,3.134799084720321,4.761914537266023,3.218553076397343,-1.7363660586623402,-0.5101352773553552,84.6095328778469,0.005300900894854423,0.012065
61.59005808830261,3.137386145684144,4.7973256761336955,3.2404873898039965,-1.6963071409982768,-0.4504446916446312,84.66922346355763,0.005304640590234437,0.012065
61.6170699596405,3.137547836996697,4.790857886799915,3.2589664108425964,-1.710819040611701,-0.45682253422796004,84.6628456209743,0.005304241009828928,0.012065
61.64456486701965,3.142560267820996,4.779215867591951,3.3687767794541967,-1.7975730154223013,-0.48871356089942775,84.63095459430282,0.005302242994167209,0.012065
61.674213886260986,3.1338289368768524,4.787138908219347,3.2768939468880975,-1.8061732074620156,-0.5487663726280256,84.57090178257423,0.005298480604840581,0.012065
61.700557231903076,3.1438537983988293,4.789240939565295,3.4063260694136974,-1.7983635719806914,-0.4708372115186887,84.64883094368356,0.0053033629714700735,0.012065
61.72734785079956,3.142560267820996,4.7866538240720695,3.471928540453945,-1.8099180823541585,-0.4516583070178421,84.66800984818441,0.005304564555600997,0.011907
61.757975816726685,3.1456324029718616,4.787462297652841,3.5772253057113694,-1.812687097433807,-0.412475364891112,84.70719279031114,0.005307019419561567,0.011907
61.786314249038696,3.1415901198990754,4.780186035781146,3.5728079950379277,-1.86249768528841,-0.4546507743506468,84.66501738085161,0.005304377073502672,0.011907
61.81514382362366,3.146602550934708,4.771939606625287,3.666590935535513,-1.9516203380404182,-0.4858618898868289,84.63380626531543,0.005302421655186936,0.011907
61.84422731399536,3.1488662295529104,4.751404385527675,3.7759890217251324,-2.1491123547110464,-0.5718962042356368,84.54777195096662,0.005297031489818948,0.011907
61.87230467796326,3.1445005636942938,4.764501651794633,3.7681926292899988,-2.2011867008104775,-0.6048431612907172,84.51482499391155,0.005294967318700215,0.011907
61.89882707595825,3.1420751938588083,4.776628752490158,3.71586012693143,-2.1578516301965056,-0.6005966148074858,84.51907154039478,0.005295233370541979,0.011907
61.92638659477234,3.142560267820996,4.770484354527675,3.688602380716346,-2.1679425531151924,-0.6179505704292352,84.50171758477303,0.005294146121909873,0.011907
61.95260143280029,3.1474110075779214,4.768058934435846,3.7632720153349504,-2.1909636214239625,-0.6009272218388524,84.51874093336342,0.005295212657567345,0.011907
61.9785852432251,3.1475726989073833,4.781317898686485,3.8186657615487123,-2.1198444537358654,-0.5385961718956237,84.58107198330664,0.005299117781578587,0.011907
62.00562238693237,3.1445005636942938,4.78762399237018,3.7980663471664875,-2.0285717289568352,-0.48941377523851626,84.63025437996374,0.005302199124798235,0.011758
62.03368306159973,3.139811515401046,4.7528596372079095,3.6930217047044964,-2.193403877459464,-0.6316440621683972,84.48802409303386,0.0052932882062572875,0.011758
62.06252598762512,3.142236885179265,4.769999270502225,3.6663654815283104,-2.1960206106990063,-0.6448473776110303,84.47482077759122,0.005292461000808157,0.011758
62.09514045715332,3.136901071748118,4.768382323776308,3.544581068465384,-2.2084906054641777,-0.7107809487427373,84.40888720645951,0.005288330174005017,0.011758
62.12510561943054,3.137547836996697,4.770807743879945,3.471831985905573,-2.20126217945645,-0.7457565764774525,84.3739115787248,0.0052861389039429935,0.011758
62.15091395378113,3.1394881327685837,4.776628752490158,3.4584076483717996,-2.1579044652486883,-0.7261377703040707,84.39353038489818,0.005287368048504643,0.011758
62.179099321365356,3.1362543065038957,4.767412155759645,3.386510578755775,-2.188192272423207,-0.7887198795216377,84.33094827568061,0.0052834471952926025,0.011758
62.20620894432068,3.137709528309523,4.768705713118343,3.3643076447680533,-2.2008831123923462,-0.8108344178881993,84.30883373731405,0.005282061689756413,0.011758
62.23338079452515,3.135930923883418,4.766603682423247,3.3143905730147254,-2.2235964659977667,-0.8580611454391621,84.26160700976308,0.00527910287183341,0.0116
62.26349377632141,3.131403567311026,4.721167496680268,3.191948579938164,-2.538431410074408,-1.0917900937470293,84.02787806145521,0.005264459439242577,0.0116
62.29265785217285,3.137062763059854,4.780186035781146,3.215614238990474,-2.3705187041368307,-1.0063042100049806,84.11336394519726,0.0052698152446963185,0.0116
62.32276678085327,3.129463271702414,4.76886740778995,3.085305129018678,-2.3274477864486136,-1.0894953780144803,84.03017277718776,0.0052646032062658235,0.0116
62.34830093383789,3.128654815210376,4.780509425180699,2.9784637451356337,-2.220702510941559,-1.139693100013779,83.97997505518846,0.005261458251549551,0.0116
62.38487219810486,3.131403567311026,4.763369789175982,2.95679980042278,-2.2587466066312927,-1.1780857647336092,83.94158239046862,0.00525905289953014,0.0116
62.41176509857178,3.130433419501827,4.770484354527675,2.9228850304779734,-2.2385690366195394,-1.2045057662335166,83.91516238896872,0.005257397650944911,0.0116
62.43957853317261,3.137224454371863,4.780024341081961,3.0303947560117543,-2.161678871043143,-1.0566310954996647,84.06303705970258,0.005266662197713549,0.0116
62.471259355545044,3.13302048034811,4.780347730480726,3.0244015228661674,-2.105728098487626,-1.029270561330174,84.09039759387207,0.00526837637193399,0.0116
62.49892830848694,3.133990628183417,4.785683655788173,3.0389562688146414,-2.031456221441454,-0.9623513754650642,84.15731677973717,0.0052725689488242015,0.0116
62.52604627609253,3.129301580403463,4.786977213503193,2.9585195485045648,-1.970955280111784,-1.0097855374531408,84.1098826177491,0.005269597134855055,0.01144
62.55205845832825,3.132373715130013,4.778084004722499,2.9615888716160383,-1.9871151811819006,-1.018651280158784,84.10101687504346,0.005269041684164769,0.01144
62.57824635505676,3.1299483456008974,4.7973256761336955,2.916862376061282,-1.8718315267619672,-0.9782389007808736,84.14142925442137,0.0052715735740206885,0.01144
62.60532069206238,3.1341523194902536,4.790534497349831,2.966803867594691,-1.8358137676359483,-0.867015396344696,84.25265275885755,0.0052785418759855015,0.01144
62.639567852020264,3.138517984877737,4.789887718454402,3.086137955330371,-1.8148566501958994,-0.6985308043842524,84.421137350818,0.005289097662005284,0.01144
62.66963315010071,3.136415997814543,4.7973256761336955,3.129046795243897,-1.7512505550717665,-0.5749195783896287,84.54474857681262,0.005296842071366756,0.01144
62.69613218307495,3.13560754126403,4.781802982794689,3.1434579751504397,-1.8088538222451274,-0.6361200616401199,84.48354809356213,0.0052930077788775586,0.01144
62.72287368774414,3.1420751938588083,4.782126372202131,3.278545869033756,-1.8470484525573605,-0.5736892882010783,84.54597886700118,0.005296919150699778,0.01144
62.75241565704346,3.137224454371863,4.790857886799915,3.2793573430007963,-1.8163379587030555,-0.5399073474262462,84.57976080777601,0.0052990356346702275,0.011282
62.778446674346924,3.1404582806692405,4.789887718454402,3.342425408751854,-1.8012235839428627,-0.484716891610725,84.63495126359153,0.005302493390867065,0.011282
62.80704617500305,3.138194602249634,4.789402634286979,3.3428230307745666,-1.793835007044543,-0.47649872402849075,84.64316943117376,0.005303008270105951,0.011282
62.83305788040161,3.144177181046016,4.77096943855667,3.458726431868857,-1.9099394323857717,-0.5278691721132176,84.59179898308903,0.005299789842525049,0.011282
62.8622887134552,3.143045341785638,4.779862646383171,3.517983799655911,-1.9327019764016147,-0.5180270936075279,84.60164106159472,0.005300406461964767,0.011282
62.8903226852417,3.1393264414527615,4.7827731510217495,3.4875889162799067,-1.9294868470175222,-0.5302272646410083,84.58944089056124,0.005299642104860443,0.011282
62.91919445991516,3.142883650463818,4.779215867591951,3.535062536910573,-1.9506404799063646,-0.5247644748938584,84.59490368030839,0.005299984355976531,0.011282
62.948318004608154,3.1451473289941236,4.784551792808258,3.612044097494568,-1.930341687270857,-0.47417582398899605,84.64549233121325,0.00530315380291389,0.011282
62.97413086891174,3.1396498240846786,4.746876936058976,3.559681128206481,-2.164004478392116,-0.6700802572896774,84.44958789791256,0.005290880126999748,0.011282
63.00319170951843,3.144662255018842,4.770484354527675,3.6199021057127143,-2.1722495468521235,-0.6451501486302818,84.47451800657196,0.005292442031797074,0.011282
63.030513286590576,3.143368724430096,4.786330434642524,3.637056775028506,-2.0737659216186994,-0.5706896768127586,84.54897847838947,0.0052971070803827765,0.011125
63.05755615234375,3.140134898034598,4.780671119881068,3.5865650076790634,-2.0420613772281344,-0.5712150587282055,84.54845309647402,0.005297074164500002,0.011125
63.08833193778992,3.149674686215244,4.761752842611326,3.735595882419699,-2.1443360934684184,-0.5753769318290417,84.54429122337318,0.00529681341755939,0.011125
63.11512112617493,3.141913502538625,4.773071469389924,3.689917402320807,-2.141460426346489,-0.5930425773916267,84.52662557781059,0.005295706641133782,0.011125
63.14386463165283,3.137547836996697,4.767250461091579,3.5735674196043634,-2.177745273311629,-0.6726837956238757,84.44698435957834,0.00529071701182565,0.011125
63.174025535583496,3.1357692325735878,4.71453802020242,3.4577474137988253,-2.5499524957901496,-0.9384713227831504,84.18119683241906,0.005274065066203946,0.011125
63.2005398273468,3.137547836996697,4.778892478198707,3.411048427638993,-2.387094090662899,-0.8905415384785886,84.22912661672362,0.005277067931577012,0.011125
63.23113203048706,3.1343140107973624,4.772748080026631,3.315859105247839,-2.31351868080127,-0.9156656006451462,84.20400255455706,0.0052754938753319155,0.011125
63.25929379463196,3.1267145196571953,4.774526721544245,3.102351512464879,-2.2503137834672624,-1.0567144173525964,84.06295373784961,0.005266656977487531,0.011125
63.290807485580444,3.1407816633049737,4.770322659852132,3.2247713308900137,-2.2337298885738877,-0.9394753453338146,84.18019280986839,0.005274002162842394,0.011125
63.318843364715576,3.129463271702414,4.781317898686485,3.0917150933484043,-2.149780840740817,-1.008845354282577,84.11082280091962,0.005269656038593682,0.010967
63.34949040412903,3.1343140107973624,4.782611456316253,3.0923257712444268,-2.082505880421215,-0.9620495778417021,84.1576185773605,0.005272587856850722,0.010967
63.37681317329407,3.1268762109518,4.780186035781146,2.9490031799695724,-2.0513708333795995,-1.1102490842719643,84.00941907093024,0.005263302958689337,0.010967
63.4036386013031,3.127522976132934,4.772748080026631,2.8611773713578876,-2.0785124007029645,-1.2469496639828397,83.87271849121936,0.005254738483733983,0.010967
63.42989540100098,3.130756802103806,4.787947381806044,2.8621993329934905,-1.9975116349377169,-1.201500663370288,83.91816749183191,0.005257585924676189,0.010967
63.455729484558105,3.1326970977385176,4.78471348751849,2.900414723745322,-1.9620876673954186,-1.1164851419739703,84.00318301322822,0.00526291226129711,0.010967
63.48235487937927,3.1262294457750106,4.779054172895132,2.802165441523429,-1.9745248824800494,-1.2892407931567278,83.83042736204547,0.00525208888767953,0.010967
63.511415243148804,3.131403567311026,4.785036876940138,2.8333909878942536,-1.9438692838724703,-1.215799081656621,83.90386907354558,0.005256690109562797,0.010967
63.5418267250061,3.1257443718952698,4.7819646774982125,2.745873822585216,-1.9426231040523614,-1.380129772880738,83.73953838232146,0.00524639457100428,0.01081
63.56725287437439,3.128654815210376,4.783096540433927,2.7408618306322303,-1.9343039796327772,-1.386971380345481,83.73269677485672,0.005245965935105954,0.01081
63.59514117240906,3.140619971986971,4.780671119881068,2.9686035518478824,-1.9444380178379772,-0.9964998347128035,84.1231683204894,0.00527042950197906,0.01081
63.62341499328613,3.136739380436654,4.763369789175982,3.053022716056173,-2.0653614614587834,-0.989393080675688,84.13027507452651,0.005270874749666329,0.01081
63.650864362716675,3.143692107075646,4.794091781387722,3.2464912059719535,-1.947880494465229,-0.6913099812326232,84.42835817396957,0.00528955005627581,0.01081
63.680384397506714,3.134475702104743,4.793283307725947,3.2037940516348855,-1.87096296028447,-0.6446928313665853,84.47497532383561,0.005292470683337978,0.01081
63.70677042007446,3.138679676192197,4.7947385603242605,3.255156085849313,-1.8075462294245965,-0.5268829199534879,84.5927852352487,0.005299851632547732,0.01081
63.73337244987488,3.146925933591174,4.750757607013324,3.4504846030174594,-2.052515790120913,-0.6416918896989787,84.4779762655032,0.005292658696364762,0.01081
63.761027812957764,3.142883650463818,4.790696192074676,3.5090895176268684,-1.961228923493675,-0.5318711003967591,84.58779705480542,0.005299539116342097,0.01081
63.7872576713562,3.1420751938588083,4.781802982794689,3.534487948767236,-1.9558386801404597,-0.5144244285102652,84.60524372669191,0.00530063217377274,0.01081
63.814258337020874,3.1470876249198168,4.741702708470969,3.649141909024943,-2.2158948614624774,-0.6517117778392131,84.46795637736297,0.005292030936912578,0.010654
63.84078359603882,3.1470876249198168,4.789726023731532,3.729399681205338,-2.081977244354989,-0.5254395581571266,84.59422859704506,0.005299942061103211,0.010654
63.86793613433838,3.139164750137212,4.779377562289165,3.632455031652623,-2.056319929730849,-0.5487679395342617,84.57090021566792,0.005298480506671796,0.010654
63.89746284484863,3.1457940942983207,4.776143668419806,3.692718851473163,-2.0596363752359363,-0.5246110835352554,84.59505707166693,0.005299993966151201,0.010654
63.924482345581055,3.1448239463436627,4.748655576885022,3.7161535138904678,-2.242808654086815,-0.6375785530225943,84.48208960217958,0.0052929164024331805,0.010654
63.951066732406616,3.149674686215244,4.783743319263016,3.8263078367676764,-2.1401785511452136,-0.5264874868171787,84.593180668385,0.005299876406964925,0.010654
63.97823143005371,3.1415901198990754,4.784228403388977,3.7471657667773512,-2.065145993925056,-0.5060237917885376,84.61364436341364,0.005301158484948336,0.010654
64.00561118125916,3.146117476952057,4.76563351443255,3.7792663699216957,-2.134963451674035,-0.541390136578969,84.57827801862321,0.005298942735937903,0.010654
64.03622269630432,3.1451473289941236,4.766441987757147,3.7829867806023683,-2.178516531601982,-0.5684100270962126,84.55125812810597,0.005297249903499878,0.010654
64.06626057624817,3.136577689125462,4.764825041117786,3.619965974556692,-2.219641968479555,-0.6706851109511667,84.44898304425102,0.005290842232105324,0.010654
64.09281969070435,3.142560267820996,4.764986735779951,3.6214764740540466,-2.247365946212704,-0.6877864661707362,84.43188168903146,0.005289770809227744,0.010498
64.12365126609802,3.140296589351783,4.762399621232471,3.5787837987404205,-2.283793979614043,-0.7336846540692263,84.38598350113297,0.0052868952260986595,0.010498
64.15208172798157,3.13560754126403,4.774365026858856,3.4582738775979944,-2.23057032087015,-0.7719022124830929,84.3477659427191,0.005284500844724545,0.010498
64.17873907089233,3.131403567311026,4.77290977470808,3.292666893146421,-2.202888213738325,-0.8736298389004474,84.24603831630175,0.005278127472273882,0.010498
64.20594239234924,3.1331821716533144,4.7753351949770995,3.211117020372363,-2.167553315314603,-0.9198740258243002,84.19979412937789,0.005275230211841061,0.010498
64.23134422302246,3.1325354064341293,4.772424690664912,3.141532103414376,-2.1619677944657534,-0.983684123301652,84.13598403190053,0.0052712324235149296,0.010498
64.26098871231079,3.1242891502707053,4.779862646383171,2.9334475922052246,-2.1091218298576,-1.200314039836461,83.91935411536572,0.005257660268234631,0.010498
64.28629493713379,3.1291398891047835,4.790534497349831,2.881538473492146,-2.0019169798028913,-1.2177247308267896,83.90194342437539,0.005256569465055467,0.010498
64.31385540962219,3.1357692325735878,4.772748080026631,2.973327151520267,-2.0438947031992667,-1.102702041602562,84.01696611359962,0.00526377579105088,0.010498
64.34106826782227,3.1299483456008974,4.785198571651555,2.9250791719942595,-1.9913643299707477,-1.1376240664752342,83.98204408872695,0.00526158787928017,0.01034
64.36784982681274,3.1349607760285187,4.781641288091559,2.988180632544013,-1.9779972930250727,-1.0272938587070943,84.0923742964951,0.005268500215008722,0.01034
64.39471554756165,3.128331432615463,4.789240939565295,2.904226594879029,-1.9186404318748411,-1.1135950460874835,84.00607310911471,0.005263093329686803,0.01034
64.42112255096436,3.1309184934052032,4.7866538240720695,2.8954587908966323,-1.8941118842800673,-1.1070263419623443,84.01264181323985,0.0052635048678243,0.01034
64.4480528831482,3.131403567311026,4.783743319263016,2.89869633245549,-1.8960908122804823,-1.1025887963966285,84.01707935880557,0.00526378288601516,0.01034
64.47615051269531,3.137709528309523,4.769675881153892,3.0228376723578596,-1.9900291213939547,-0.9875744202504616,84.13209373495174,0.005270988691185064,0.01034
64.50272274017334,3.1399732067176855,4.777437225948628,3.1534866340714274,-2.004722183227795,-0.8399534986991514,84.27971465650305,0.0052802373402265415,0.01034
64.53136968612671,3.1435304157527346,4.790211107901325,3.313690946728471,-1.9309648841413019,-0.6151714026125765,84.50449675258962,0.005294320240506973,0.01034
64.55832934379578,3.144662255018842,4.7881090765245675,3.4477089786781274,-1.8931645448925893,-0.487382536694632,84.63228561850757,0.005302326384621666,0.01034
64.58494687080383,3.1467642422628046,4.775658584353,3.582146626037996,-1.948619090620994,-0.47331164689387367,84.64635650830833,0.005303207944769787,0.01034
64.61167168617249,3.144985637668757,4.787462297652841,3.6418779579821514,-1.9097778032205956,-0.41313639560265397,84.70653175959956,0.005306978005099493,0.010183
64.64012598991394,3.141266737260617,4.786977213503193,3.6118148480615346,-1.8857803873571852,-0.4031116618489161,84.7165564933533,0.005307606068135872,0.010183
64.66646480560303,3.1451473289941236,4.781802982794689,3.6657707153002526,-1.9030247048449127,-0.3980257788854974,84.72164237631671,0.005307924705535641,0.010183
64.6959137916565,3.146279168279334,4.766280293091441,3.7254148358262515,-2.017223236926043,-0.4699645297238472,84.64970362547835,0.005303417646156832,0.010183
64.72245168685913,3.1445005636942938,4.772748080026631,3.7327906991607738,-2.0546090831854733,-0.4957211749877117,84.62394698021448,0.00530180395773091,0.010183
64.75171041488647,3.1495129948822305,4.780347730480726,3.8348288644075086,-2.030779246987267,-0.4397637977945367,84.67990435740766,0.0053053097625823005,0.010183
64.77867078781128,3.1407816633049737,4.77420333217386,3.7375054772498655,-2.0545238362627734,-0.49384929015127754,84.62581886505092,0.005301921233830505,0.010183
64.80490756034851,3.146925933591174,4.776790447181064,3.7881291769978547,-2.054123796742875,-0.47366127434648203,84.64600688085571,0.0053031860401402085,0.010183
64.83113193511963,3.144177181046016,4.770807743879945,3.7704407342251733,-2.093205413351538,-0.5091790555534443,84.61048909964875,0.005300960803434848,0.010027
64.85830664634705,3.1393264414527615,4.767250461091579,3.6643087704783874,-2.143966764215165,-0.5935149420471685,84.52615321315503,0.0052956770468535605,0.010027
64.8845202922821,3.140134898034598,4.767897239766206,3.6056414044939857,-2.175244397324265,-0.6465316476552642,84.47313650754693,0.005292355479027322,0.010027
64.91321229934692,3.1318886412192954,4.760620980039452,3.4051991663674737,-2.2450110036874045,-0.8231972683974288,84.29647088680476,0.005281287140564394,0.010027
64.94002723693848,3.13560754126403,4.772262995984643,3.3367646349369373,-2.2172520045269835,-0.856672362468238,84.26299579273395,0.005279189880952153,0.010027
64.96846723556519,3.13302048034811,4.76676537708974,3.2388604381137984,-2.233990862382385,-0.9526647073591283,84.16700344784306,0.005273175831593603,0.010027
64.99487805366516,3.134637393412396,4.764501651794633,3.201577515693455,-2.260601656180397,-1.0043997886960891,84.1152683665061,0.0052699345592496175,0.010027
65.02195525169373,3.128169741318414,4.763369789175982,3.0504794117293312,-2.2866760082984614,-1.1742685506844024,83.94539960451779,0.005259292053118167,0.010027
65.0485098361969,3.1297866543011312,4.774850110916205,2.975960752733784,-2.2293962562396277,-1.2360376982231023,83.88363045697909,0.0052554221330473995,0.010027
65.078293800354,3.128331432615463,4.769352491807135,2.8956726790118745,-2.225470588475189,-1.338699622683747,83.78096853251844,0.005248990225569236,0.010027
65.10479354858398,3.1357692325735878,4.775011805602776,2.983221095384066,-2.185488634121632,-1.2059917449844384,83.91367641021775,0.005257304552379976,0.009868
65.13494896888733,3.134799084720321,4.771454522589206,3.0257549773471393,-2.1809054867933693,-1.1488244238008514,83.97084373140133,0.005260886161847741,0.009868
65.1613450050354,3.136415997814543,4.778892478198707,3.086778710655652,-2.1287611843651506,-1.0392318149219006,84.08043634028029,0.005267752286015033,0.009868
65.1899733543396,3.1396498240846786,4.7921514446160645,3.1919953574192426,-2.005026242905824,-0.8072822578068442,84.31238589739534,0.005282284237357294,0.009868
65.2180655002594,3.136739380436654,4.787138908219347,3.209396979956125,-1.9513904667004773,-0.729767217506171,84.38990093769601,0.005287140658761815,0.009868
65.25347805023193,3.139811515401046,4.724239693319082,3.2809531476572458,-2.3276744898034534,-0.971456119745796,84.14821203545638,0.005271998524364168,0.009868
65.28347659111023,3.144985637668757,4.778892478198707,3.4310425231156434,-2.2314994864722193,-0.7908376431401317,84.32883051206204,0.005283314514557005,0.009868
65.31321620941162,3.1480577728974075,4.777113836564057,3.595480122969127,-2.1758790953412266,-0.6455098391772564,84.47415831602491,0.005292419496701112,0.009868
65.34056639671326,3.1440154897222863,4.785683655788173,3.6324613945350874,-2.0805619192389684,-0.5518510734736203,84.56781708172855,0.005298287344188772,0.009868
65.37289071083069,3.146117476952057,4.774850110916205,3.6989733093521253,-2.0851163938979864,-0.5239114833116727,84.5957566718905,0.005300037797045015,0.009868
65.40117931365967,3.1457940942983207,4.781802982794689,3.739281645862788,-2.0425599094234754,-0.4730853310520743,84.6465828241501,0.005303222123761294,0.009712
65.42745399475098,3.145955785625052,4.777275531256146,3.7706224833482493,-2.042557563129083,-0.460643740265276,84.6590244149369,0.0053040016061374744,0.009712
65.45697093009949,3.1445005636942938,4.7528596372079095,3.7644360524261633,-2.203193961380022,-0.5810972337618616,84.53857092144031,0.005296455032958939,0.009712
65.48258829116821,3.144177181046016,4.765471819768811,3.7538555470249833,-2.2326608569840225,-0.6059344064191957,84.51373374878298,0.005294898950726989,0.009712
65.50894045829773,3.14142842857971,4.782449761611152,3.6933241621718595,-2.141585720155091,-0.5699407717389805,84.54972738346319,0.005297154000291685,0.009712
65.54023361206055,3.146602550934708,4.775496889664853,3.7509522525292565,-2.123577741556821,-0.5300459348639996,84.58962222033817,0.005299653465414557,0.009712
65.56736326217651,3.140943354623248,4.771454522589206,3.6819168506995905,-2.13756786199799,-0.572531219705685,84.54713693549648,0.005296991705246698,0.009712
65.59633946418762,3.1407816633049737,4.762884705202458,3.630467067654317,-2.2037438365289,-0.6485428562352419,84.47112529896692,0.005292229474108031,0.009712
65.62857460975647,3.142398576499994,4.755123362107003,3.625702237405141,-2.301130762066128,-0.7182795032613521,84.40138865194082,0.005287860379491252,0.009556
65.6561930179596,3.133505554264539,4.74267287611317,3.450491764393085,-2.451216352499876,-0.9194243746852034,84.20024378051697,0.005275258383088962,0.009556
65.68406844139099,3.139003058821934,4.760944369343736,3.434094488177456,-2.436063716279916,-0.9228695050804967,84.19679865012168,0.005275042541041688,0.009556
65.71183133125305,3.1351224673369877,4.769352491807135,3.34761635544727,-2.3701378105034183,-0.9516942630483216,84.16797389215385,0.005273236631233318,0.009556
65.73939275741577,3.1312418760088128,4.772748080026631,3.2120816261868304,-2.30164928468963,-1.0322049657342844,84.08746318946788,0.005268192527556141,0.009556
65.76697587966919,3.133505554264539,4.782449761611152,3.1609573365402444,-2.189877619549001,-1.0143851352518443,84.10528301995032,0.0052693089638741015,0.009556
65.79606795310974,3.132050332522596,4.765471819768811,3.097045320274972,-2.2233394177023134,-1.1103187923422055,84.00934936285996,0.005263298591385092,0.009556
65.82246088981628,3.1325354064341293,4.7746884162300285,3.061681913346239,-2.1861244710614645,-1.1319312772684704,83.9877368779337,0.0052619445401713705,0.009556
65.84895014762878,3.1312418760088128,4.782449761611152,3.0119275167161055,-2.109010250009285,-1.1521023427187398,83.96756581248343,0.005260680795824148,0.009556
65.87645483016968,3.13528415864573,4.778892478198707,3.055224477004617,-2.078434518616309,-1.0652275560740492,84.05444059912811,0.00526612361791052,0.009556
65.90275263786316,3.1331821716533144,4.776305363109529,3.044907329073089,-2.0740527591932967,-1.0769461914794718,84.0427219637227,0.005265389429660164,0.009397
65.93213963508606,3.1404582806692405,4.790534497349831,3.178310399002482,-1.9773686303378866,-0.7961236894534135,84.32354446574875,0.0052829833366544775,0.009397
65.96482253074646,3.140134898034598,4.7746884162300285,3.265442544460852,-2.013944919906346,-0.7418380597568109,84.37783009544536,0.005286384404279469,0.009397
65.9959659576416,3.140296589351783,4.775011805602776,3.32956004802519,-2.0374206661234298,-0.7065980420141826,84.41307011318798,0.005288592238730656,0.009397
66.02593278884888,3.1504831428844082,4.7725863853455746,3.5713174209881027,-2.0698111118290807,-0.5670037578865978,84.55266439731557,0.005297338008154968,0.009397
66.05375552177429,3.143692107075646,4.762884705202458,3.6092974994243017,-2.1563141114106656,-0.6181138572649164,84.50155429793725,0.00529413589177026,0.009397
66.08471035957336,3.146440859606885,4.761591147957022,3.689008586656904,-2.225376835425596,-0.627029527103444,84.49263862809872,0.005293577313078028,0.009397
66.11226153373718,3.151129908224659,4.741702708470969,3.83543140638627,-2.4045715701620654,-0.6707403906868561,84.4489277645153,0.005290838768755621,0.009397
66.13837432861328,3.142883650463818,4.732001032823758,3.778552279985044,-2.593837542485575,-0.7988851268556872,84.32078302834647,0.005282810328891652,0.009397
66.16470217704773,3.1553338830429363,4.753021331841008,3.9793620480909153,-2.5880261190396516,-0.704918372945302,84.41474978225685,0.0052886974722542,0.009397
66.19277930259705,3.1474110075779214,4.766280293091441,3.9668037824971636,-2.4967242268623644,-0.6641390326719216,84.45552912253022,0.005291252352703177,0.009238
66.22031354904175,3.1415901198990754,4.773556553437819,3.8455129287879894,-2.3849406350748326,-0.654232911872638,84.46543524332951,0.0052918729844786214,0.009238
66.24717783927917,3.1474110075779214,4.773879942805052,3.8731093989850924,-2.304564464378995,-0.5927630232500889,84.52690513195206,0.005295724155576284,0.009238
66.27470064163208,3.141913502538625,4.736366786690744,3.7861768639165794,-2.49510922348032,-0.7453665081584582,84.3743016470437,0.00528616334224717,0.009238
66.30069255828857,3.142560267820996,4.771616217267507,3.737824096605985,-2.3965760711571273,-0.7137902876703571,84.4058778675318,0.005288141634878606,0.009238
66.33176517486572,3.146925933591174,4.767088766423906,3.788352210547147,-2.357390052796462,-0.6642530309815372,84.45541512422062,0.005291245210555942,0.009238
66.36282587051392,3.144985637668757,4.7520511640483,3.7862218671385683,-2.4288958435580494,-0.7083361104366773,84.41133204476549,0.005288483346409156,0.009238
66.39627075195312,3.141751811218714,4.755123362107003,3.722230589827869,-2.4587371669865266,-0.7586963652252561,84.36097178997692,0.005285328208795298,0.009238
66.42378044128418,3.1480577728974075,4.756255224585398,3.7993117696676766,-2.4721792978497796,-0.7264094921148375,84.39325866308734,0.005287351024768175,0.00908
66.45385503768921,3.1551721917003523,4.733456284081087,3.990768688634441,-2.6315885037562787,-0.7213712264032123,84.39829692879896,0.005287666678883154,0.00908
66.48204755783081,3.15598064841601,4.7399240678302075,4.140413543135822,-2.7006218426553708,-0.6943977339513886,84.42527042125079,0.005289356604420052,0.00908
66.50858044624329,3.1561423397599624,4.740732540842864,4.2482899435476345,-2.743626041440726,-0.6749400807780415,84.44472807442413,0.005290575652529763,0.00908
66.53979110717773,3.1588910926490468,4.735234924549712,4.376928463079228,-2.8098991207406128,-0.6605339867719358,84.45913416843024,0.005291478213671645,0.00908
66.56832480430603,3.1522617475806234,4.737660343446821,4.338850334708294,-2.8403328618452246,-0.684556307928171,84.435111847274,0.0052899731829808665,0.00908
66.59389615058899,3.16438859866478,4.674761175056381,4.54657081996972,-3.275465241065823,-0.7698898387139476,84.34977831648823,0.0052846269226445,0.00908
66.62950444221497,3.1501597602159226,4.742996265330369,4.416974957202972,-3.1311228323421996,-0.7638286092245619,84.35583954597762,0.005285006666814351,0.00908
66.65553903579712,3.151129908224659,4.745906768355669,4.345007865768529,-3.0109342466546587,-0.7459996910161905,84.37366846418598,0.005286123672490549,0.00908
66.68465995788574,3.1415901198990754,4.744613211439867,4.110255787077942,-2.935312858812473,-0.8020848560455482,84.31758329915662,0.005282609861559559,0.00908
66.7112169265747,3.139003058821934,4.761752842611326,3.8959293040568794,-2.7696121305774457,-0.8266804245712682,84.2929877306309,0.005281068916151011,0.00892
66.74362301826477,3.1354458499547437,4.7525362479428885,3.6771507297287265,-2.71425981436598,-0.9153857495428974,84.20428240565927,0.005275511408379406,0.00892
66.77302360534668,3.137224454371863,4.767088766423906,3.5583807454872614,-2.579768673042663,-0.9254447172720737,84.19422343793009,0.005274881200538478,0.00892
66.79870176315308,3.132373715130013,4.77420333217386,3.3814917095039,-2.4388164345015486,-0.9824611147474193,84.13720704045474,0.005271309046643777,0.00892
66.8249990940094,3.138679676192197,4.74202609768347,3.3795444463576234,-2.5518516340886817,-1.0418082744576829,84.07785988074448,0.005267590867364033,0.00892
66.85847020149231,3.134475702104743,4.770484354527675,3.296931319904857,-2.443742555839725,-1.059493293396059,84.0601748618061,0.005266482877170407,0.00892
66.88656902313232,3.1454707116456757,4.775658584353,3.4516022494095937,-2.3340236982839833,-0.8585979835930888,84.26107017160908,0.005279069238201901,0.00892
66.91870021820068,3.133505554264539,4.768544018447128,3.3286217727961676,-2.304028938635587,-0.9458522199545273,84.17381593524763,0.005273602643081041,0.00892
66.94787955284119,3.1443388723700183,4.764339957133645,3.4519105531592214,-2.3106921376310523,-0.8416866546111922,84.27798150059097,0.005280128755680418,0.008762
66.9775390625,3.142721959142271,4.77420333217386,3.5069626808983188,-2.2504628597134233,-0.753103189226514,84.36656496597564,0.0052856786287852,0.008762
67.00840377807617,3.144177181046016,4.783743319263016,3.5736241869554863,-2.145536495083849,-0.6171215651174915,84.50254659008466,0.0052941980602062896,0.008762
67.03479766845703,3.1457940942983207,4.7746884162300285,3.651537260185153,-2.131662425228537,-0.5581116917961336,84.56155646340602,0.005297895108040676,0.008762
67.06652355194092,3.1454707116456757,4.7556084460239605,3.6998264076057836,-2.2474822903699407,-0.6267723861699388,84.49289576903222,0.005293593423302942,0.008762
67.09459114074707,3.139164750137212,4.712759380283212,3.6117537401329525,-2.6104705076455375,-0.9075104433110667,84.2121577118911,0.005276004806894108,0.008762
67.12263178825378,3.1487045382212635,4.762723010545402,3.7344779829203447,-2.535839516529708,-0.7949325785540301,84.32473557664814,0.0052830579613524,0.008762
67.15291690826416,3.144662255018842,4.756255224585398,3.7422599040124336,-2.526150942530022,-0.7851843282660009,84.33448382693616,0.005283668702328239,0.008762
67.17987823486328,3.14999806888209,4.774365026858856,3.8508323139676626,-2.4002201949113395,-0.6534146853154039,84.46625346988677,0.005291924247471597,0.008762
67.21176981925964,3.1432070331077306,4.772424690664912,3.795582918963363,-2.324834610183461,-0.6309617551873116,84.48870640001486,0.005293330953706223,0.008762
67.23963809013367,3.143045341785638,4.776628752490158,3.753783340622051,-2.244405166757606,-0.593904391695474,84.5257637635067,0.005295652647309927,0.008604
67.27162718772888,3.143692107075646,4.770322659852132,3.737023643168051,-2.229593856877142,-0.5911797384705781,84.5284884167316,0.005295823350494625,0.008604
67.29808235168457,3.142398576499994,4.763531483834609,3.7002918402647547,-2.263906720728323,-0.6377981211552081,84.48187003404698,0.005292902646194716,0.008604
67.33174014091492,3.142721959142271,4.76822062910588,3.6808295818721892,-2.257074710620224,-0.6437265606865573,84.47594159451563,0.0052925312214941195,0.008604
67.36371755599976,3.133505554264539,4.759327422838028,3.489080905519987,-2.3108028470128494,-0.8165077245258744,84.30316043067631,0.005281706249474333,0.008604
67.39132785797119,3.141266737260617,4.764178262473052,3.504856911338017,-2.316497701565941,-0.808360516586416,84.31130763861577,0.005282216682996277,0.008604
67.41937303543091,3.137224454371863,4.765956903761209,3.437775072613773,-2.308781990831892,-0.8574618772403207,84.26220627796187,0.005279140416791089,0.008604
67.4509379863739,3.140619971986971,4.768058934435846,3.456442821234968,-2.2895512278256405,-0.826981447517632,84.29268670768455,0.005281050056659044,0.008604
67.47804307937622,3.141266737260617,4.767735545096959,3.4820102523384864,-2.2782173499793523,-0.7970027279262228,84.32266542727596,0.005282928263713302,0.008604
67.50737357139587,3.137709528309523,4.769190797134347,3.431157416275954,-2.260709182244055,-0.8259401752639036,84.29372797993828,0.005281115293764531,0.008604
67.53524446487427,3.144985637668757,4.752697942575203,3.536185511148719,-2.3569639226478403,-0.8136608155597597,84.30600733964242,0.00528188461214545,0.008445
67.56390190124512,3.14142842857971,4.737175259660359,3.5409551370584857,-2.5264697061076764,-0.9160703379682201,84.20359781723396,0.00527546851799492,0.008445
67.59142589569092,3.144177181046016,4.766441987757147,3.5974189062676176,-2.4525709097055373,-0.83300776028107,84.2866603949211,0.005280672500068978,0.008445
67.62586665153503,3.144177181046016,4.756740308510599,3.636943544714016,-2.464671433912918,-0.8140898437400549,84.30557831146211,0.00528185773295362,0.008445
67.65517163276672,3.1487045382212635,4.722461053142604,3.7521108461271035,-2.698673268459381,-0.8704676056694791,84.24920054953269,0.00527832559043378,0.008445
67.6854305267334,3.1454707116456757,4.750595912385718,3.770227917765161,-2.6773685452990557,-0.8501526910969228,84.26951546410524,0.005279598347121753,0.008445
67.71321368217468,3.152585130256217,4.753668110377327,3.9204099572720863,-2.642242509423611,-0.7551761518435893,84.36449200335858,0.005285548754892531,0.008445
67.74385857582092,3.14999806888209,4.73410306242784,3.97553735124942,-2.74637744151967,-0.7798253018003685,84.3398428534018,0.005284004452535349,0.008445
67.77126169204712,3.1508065255539868,4.765310125105464,4.029751537412464,-2.613953121170704,-0.6910295986250127,84.42863855657716,0.005289567622622827,0.008289
67.80447459220886,3.1506448342190607,4.695943150646029,4.06457646564025,-2.9776381094570903,-0.8376582306838287,84.28200992451833,0.005280381141851044,0.008289
67.83242440223694,3.1454707116456757,4.757387087083031,3.9889538514243577,-2.827963161915912,-0.8101995152220223,84.30946863998014,0.00528210146726134,0.008289
67.86102080345154,3.147896081567126,4.77096943855667,3.982893050788653,-2.633829140795726,-0.7213814032432436,84.39828675195892,0.005287666041290454,0.008289
67.8917007446289,3.1493513035494907,4.777598920641504,4.006775508502926,-2.4543183685258305,-0.6107731735301819,84.50889498167199,0.005294595795467335,0.008289
67.91886758804321,3.145955785625052,4.767412155759645,3.95786818719634,-2.395682004717203,-0.5952520735113548,84.52441608169082,0.005295568213233756,0.008289
67.94949626922607,3.1467642422628046,4.763531483834609,3.9392580720007424,-2.38016842421637,-0.5933407554520435,84.52632739975013,0.0052956879598777375,0.008289
67.9767677783966,3.1411050459417966,4.768058934435846,3.8168559260994703,-2.339521731194779,-0.6239563764513228,84.49571177875085,0.005293769850094695,0.008289
68.00793385505676,3.141751811218714,4.780347730480726,3.743674431100486,-2.2302181005937864,-0.5784626621078353,84.54120549309434,0.005296620092412211,0.00813
68.03461527824402,3.1394881327685837,4.78762399237018,3.6486973600082413,-2.1058332817574055,-0.5178762527127158,84.60179190248945,0.005300415912349454,0.00813
68.06037664413452,3.141913502538625,4.779215867591951,3.6290884366327982,-2.0740829842242845,-0.49628465718915565,84.62338349801301,0.005301768654814035,0.00813
68.08878946304321,3.1407816633049737,4.77420333217386,3.593487177807554,-2.084836452328676,-0.5292698402035564,84.59039831499861,0.005299702088787599,0.00813
68.11412215232849,3.139003058821934,4.767573850428105,3.5341912775675617,-2.1359808352566234,-0.6247224360305021,84.49494571917167,0.005293721855432975,0.00813
68.13997149467468,3.138194602249634,4.776628752490158,3.477059138945548,-2.1122075243088076,-0.6444701482249449,84.47519800697722,0.005292484634735941,0.00813
68.16607642173767,3.1349607760285187,4.764986735779951,3.374566609409918,-2.1721618352931884,-0.8068760194768988,84.31279213572527,0.0052823096887343836,0.00813
68.19481825828552,3.137062763059854,4.7556084460239605,3.34344685962065,-2.275831877415197,-0.9353274692344001,84.18434068596777,0.005274262032852062,0.00813
68.22427606582642,3.13302048034811,4.722946136822416,3.2435379953923884,-2.56329409668526,-1.2056661237508033,83.91400203145136,0.005257324952987684,0.00813
68.25013256072998,3.1236423851112884,4.772424690664912,2.992351711728835,-2.4389863414252115,-1.45983241742243,83.65983573777973,0.005241401093255343,0.00813
68.27856779098511,3.130756802103806,4.774365026858856,2.9540213712531567,-2.3392049741379783,-1.5013090898412293,83.61835906536093,0.005238802524010696,0.00813
68.30474734306335,3.1312418760088128,4.777598920641504,2.9365651372509536,-2.248081451865415,-1.521146849456766,83.5985213057454,0.005237559661721764,0.007974
68.33422803878784,3.131726949916267,4.774041637489259,2.933720777827506,-2.207699207906233,-1.5227641904888394,83.59690396471332,0.005237458333133453,0.007974
68.36229395866394,3.1338289368768524,4.7890792448440065,2.972354745749417,-2.0804956007617865,-1.4089747541571214,83.71069340104503,0.005244587394178461,0.007974
68.39027523994446,3.1394881327685837,4.801206350037781,3.108773580262473,-1.9116659332820427,-0.831200913645249,84.2884672415569,0.005280785701437934,0.007974
68.41775703430176,3.137709528309523,4.789887718454402,3.169891745822742,-1.867953166148148,-0.5909992248189941,84.52866893038316,0.005295834659917387,0.007974
68.44547963142395,3.143045341785638,4.787462297652841,3.3157995194236274,-1.853311656089592,-0.3750415056082321,84.74462664959393,0.005309364701132339,0.007974
68.47093033790588,3.142236885179265,4.800559571037932,3.402309951831702,-1.756892486646651,-0.12752449344013078,84.99214366176203,0.0053248719744461845,0.007974
68.50180792808533,3.1435304157527346,4.805248718930388,3.487867269160666,-1.6585480359872946,0.0614534226363515,85.18112157783851,0.005336711694751506,0.007974
68.52828121185303,3.13560754126403,4.801368044788732,3.3946323068921807,-1.6152388092746024,0.16191799282608338,85.28158614802824,0.005343005935032784,0.007974
68.56001162528992,3.136901071748118,4.801529739540079,3.354367846220113,-1.5838585219078178,0.24452773052763324,85.36419588572979,0.005348181546073422,0.007974
68.58575940132141,3.147734390237118,4.802984992320028,3.5355578451543805,-1.5523178626226894,0.22369317103106495,85.34336132623322,0.005346876232932896,0.007815
68.61446499824524,3.1445005636942938,4.730060697863227,3.599890805690475,-2.010025877698292,-0.4337617138190411,84.68590644138311,0.00530568580120625,0.007815
68.64239978790283,3.1415901198990754,4.790049413177667,3.588673845023316,-1.9357412987563891,-0.3457881751328017,84.77387998006935,0.0053111974615840316,0.007815
68.67042541503906,3.143692107075646,4.790049413177667,3.621446996248931,-1.8837420934970475,-0.2632128220288807,84.85645533317327,0.005316370918383438,0.007815
68.69649910926819,3.1440154897222863,4.7759819737304765,3.650638205830953,-1.9398957181321326,-0.3237584206211528,84.795909734581,0.005312577655297816,0.007815
68.72429919242859,3.1415901198990754,4.759974201435597,3.6241970251216307,-2.084522240282724,-0.5059366625973568,84.6137314926048,0.0053011639437092065,0.007815
68.75234746932983,3.1378712196226206,4.771292827911301,3.5338131588886483,-2.111292839290828,-0.5970705486822991,84.52259760651985,0.00529545428332145,0.007815
68.779789686203,3.1357692325735878,4.765310125105464,3.4299194312978187,-2.169393899610534,-0.7515018766392729,84.36816627856288,0.005285778953169911,0.007815
68.8057873249054,3.139003058821934,4.767250461091579,3.4196938550107845,-2.1972987045964625,-0.7904540211925913,84.32921413400956,0.005283338548987355,0.007659
68.83109450340271,3.138679676192197,4.763208094517747,3.4062859482124423,-2.243427770245008,-0.8483116525650458,84.2713565026371,0.0052797136906589295,0.007659
68.85924363136292,3.1325354064341293,4.767250461091579,3.2781503529024567,-2.249122414040602,-1.0021694132623309,84.11749874193981,0.005270074295266711,0.007659
68.88557291030884,3.139164750137212,4.764825041117786,3.3165805018406007,-2.2690660861866028,-0.9707205336092699,84.14894762159287,0.005272044609823768,0.007659
68.91504216194153,3.137709528309523,4.771616217267507,3.315356590927431,-2.238345875051535,-0.9460054201129567,84.17366273508918,0.005273593044885313,0.007659
68.94154906272888,3.1396498240846786,4.768382323776308,3.351999873609499,-2.2381182905109633,-0.90219750545433,84.21747064974781,0.005276337669587957,0.007659
68.9722249507904,3.139164750137212,4.772748080026631,3.368275166335562,-2.2092356206949177,-0.8562920615225752,84.26337609367957,0.005279213707317273,0.007659
69.00224995613098,3.1360926151935207,4.780347730480726,3.3202928397185576,-2.1390178232438837,-0.8395370521712768,84.28013110303087,0.005280263431160942,0.007659
69.02911281585693,3.136901071748118,4.781317898686485,3.302330219198554,-2.0834823950098085,-0.7946678068382249,84.32500034836391,0.005283074549656074,0.007659
69.0591299533844,3.138356293563549,4.779862646383171,3.317881399767531,-2.0541820502384387,-0.7336569404951431,84.386011214707,0.005286896962391301,0.007659
69.08651781082153,3.134637393412396,4.7884324659628,3.256892188851045,-1.9772889042489108,-0.6950063479592952,84.42466180724284,0.0052893184739348734,0.007502
69.11468434333801,3.135930923883418,4.76142945330311,3.23919975387282,-2.1011230184392238,-0.9106126757635564,84.20905547943858,0.005275810447863579,0.007502
69.1405417919159,3.1432070331077306,4.788594160682509,3.367440126896996,-2.0090837535297013,-0.606432737811963,84.51323541739016,0.005294867729595795,0.007502
69.17024326324463,3.137547836996697,4.779862646383171,3.3478333268077187,-2.002103001202346,-0.6171911447297849,84.50247701047235,0.005294193700950109,0.007502
69.19664216041565,3.1393264414527615,4.770484354527675,3.368483585286172,-2.058918512819275,-0.6791452602977585,84.44052289490438,0.00529031219238383,0.007502
69.22648048400879,3.148219464227962,4.7784073941118,3.5548138684903554,-2.0465617874873767,-0.497976724047437,84.6216914311547,0.005301662644552327,0.007502
69.25415015220642,3.1529085129329046,4.760620980039452,3.7758701270845445,-2.1549331768015807,-0.4870246481552521,84.6326435070469,0.005302348806819423,0.007502
69.28140568733215,3.148219464227962,4.77096943855667,3.8399844477492304,-2.1627081512156883,-0.4640313688204916,84.65563678638165,0.005303789366657725,0.007502
69.30795073509216,3.1448239463436627,4.765956903761209,3.819239431283718,-2.2011293055867056,-0.507522383458827,84.61214577174331,0.00530106459616706,0.007502
69.33656001091003,3.154040352309926,4.761752842611326,3.9828430362732594,-2.2556836433194065,-0.48034919182838964,84.63931896337375,0.0053027670331257624,0.007502
69.3635618686676,3.1495129948822305,4.761752842611326,4.009865500386246,-2.2938716797322996,-0.4980019511267258,84.62166620407541,0.00530166106404192,0.007346
69.38921093940735,3.1438537983988293,4.764339957133645,3.9194061568623897,-2.303582056398739,-0.5435999354368012,84.57606821976533,0.005298804289070928,0.007346
69.4184341430664,3.1509682168891864,4.748008798397336,3.993584703433196,-2.4178259421662855,-0.5908870777380731,84.52878107746406,0.0052958416860826585,0.007346
69.4487509727478,3.142398576499994,4.747847103776394,3.879884582450362,-2.4988604900135,-0.6988752858660295,84.42079286933611,0.0052890760797776855,0.007346
69.4771478176117,3.1451473289941236,4.752374553310967,3.8534195293724345,-2.5257974938533807,-0.7300638921078687,84.38960426309427,0.005287122071699479,0.007346
69.50421714782715,3.1522617475806234,4.74057084623955,3.97239408111349,-2.6223128249732843,-0.7245927044586821,84.39507545074346,0.005287464848955411,0.007346
69.53131484985352,3.1509682168891864,4.754314888919925,4.030676250408952,-2.599448193568784,-0.6843232650791198,84.43534489012302,0.005289987783428415,0.007346
69.55984902381897,3.1445005636942938,4.758842338893976,3.946473689368658,-2.5536557690410358,-0.6981020030007764,84.42156615220136,0.005289124526987982,0.007346
69.59236216545105,3.1470876249198168,4.750595912385718,3.937531927445933,-2.5758562957062097,-0.7157005353613701,84.40396761984077,0.0052880219552946355,0.007188
69.62280225753784,3.1407816633049737,4.740085762431956,3.809397621376742,-2.6605454693366792,-0.8336020068230121,84.28606614837913,0.005280635269724844,0.007188
69.65045475959778,3.140943354623248,4.756255224585398,3.722828608892839,-2.613445109494888,-0.8614923930012239,84.25817576220092,0.00527888789956428,0.007188
69.67919158935547,3.1415901198990754,4.758357254953459,3.6747303072649595,-2.5666450941302625,-0.8669931373183704,84.25267501788377,0.005278543270543397,0.007188
69.7055766582489,3.1380329109359915,4.7557701406637305,3.572311458058756,-2.550906330667322,-0.9338982648096567,84.18576989039249,0.00527435157442919,0.007188
69.73374247550964,3.1360926151935207,4.754638278193579,3.4631182439247934,-2.547335991725734,-1.024226902539037,84.09544125266311,0.0052686923639326385,0.007188
69.76028656959534,3.137547836996697,4.767412155759645,3.4148080087271824,-2.460794340957132,-1.0198568731685709,84.09981128203357,0.005268966152143168,0.007188
69.78678226470947,3.1435304157527346,4.767250461091579,3.496615908987511,-2.4012790135390887,-0.9002339556961569,84.21943419950598,0.005276460688618037,0.007188
69.81587600708008,3.1394881327685837,4.698691957126267,3.475756394529147,-2.810681175003115,-1.131220041796229,83.98844811340591,0.005261989100029141,0.007188
69.84422516822815,3.1451473289941236,4.743157959939556,3.5705297978275756,-2.8047101583657112,-1.0586825238025148,84.06098563139962,0.005266533672974586,0.007188
69.87108707427979,3.1362543065038957,4.7746884162300285,3.4649960833748445,-2.593083989525827,-1.046735398375526,84.0729327568266,0.005267282176431735,0.007031
69.89944267272949,3.146117476952057,4.775496889664853,3.581747591539941,-2.439626530116338,-0.8523448577732569,84.26732329742887,0.005279461004934636,0.007031
69.92841124534607,3.1445005636942938,4.769999270502225,3.63222362816037,-2.368376467558812,-0.7581424594004321,84.3615256958017,0.005285362911739308,0.007031
69.9562783241272,3.146117476952057,4.760782674691398,3.698806872889809,-2.379139624837671,-0.7184712642298542,84.40119689097229,0.005287848365408971,0.007031
69.98466277122498,3.150321451550029,4.7439664329913676,3.8266651963175473,-2.497311934548277,-0.7227221163420503,84.3969460388601,0.005287582043813768,0.007031
70.01284909248352,3.1508065255539868,4.756416919226739,3.925541028960162,-2.498117807198864,-0.6688604664751698,84.45080768872697,0.005290956548532875,0.007031
70.0387191772461,3.1440154897222863,4.750434217758503,3.8635040287288205,-2.538043550267889,-0.7280747019281657,84.39159345327397,0.005287246697136412,0.007031
70.0679714679718,3.1475726989073833,4.756578613868473,3.8888281709244357,-2.5255661102558684,-0.7060453330664473,84.4136228221357,0.005288626866688711,0.007031
70.09517812728882,3.1527468215944237,4.753829805012389,4.006555136633343,-2.534916976990561,-0.6520286089646794,84.46763954623746,0.005292011087016951,0.007031
70.12523818016052,3.1571124878294268,4.730222392441123,4.173339072671847,-2.696781430229069,-0.6701935687638618,84.44947458643828,0.005290873027883668,0.007031
70.15199279785156,3.1592144753470843,4.728767141254127,4.330712858183598,-2.8196609951439906,-0.6693447324139883,84.45032342278816,0.00529092620862127,0.006875
70.18147540092468,3.1516149822327173,4.736690175877417,4.293999402777425,-2.853549139759187,-0.6984220150947301,84.42124614010741,0.005289104477800408,0.006875
70.20960021018982,3.146117476952057,4.741702708470969,4.1620499151217585,-2.8442921831955865,-0.7473707867440437,84.3722973684581,0.005286037771501338,0.006875
70.23607778549194,3.1435304157527346,4.748978966131217,4.0196852434636945,-2.789940064010328,-0.7867392964299779,84.33292885877218,0.005283571281483901,0.006875
70.2671172618866,3.142883650463818,4.727473584670023,3.9075299659392413,-2.8933826587476417,-0.8924487883656048,84.22721936683655,0.005276948439809487,0.006875
70.29575514793396,3.137224454371863,4.759650812136027,3.7196462108346644,-2.7540907547129847,-0.9408456726765311,84.17882248252562,0.005273916309993543,0.006875
70.32421112060547,3.133343862958791,4.754314888919925,3.5131275442713106,-2.69169274438658,-1.0650069445906456,84.0546612106115,0.005266137439516312,0.006875
70.3511176109314,3.133990628183417,4.766441987757147,3.3810644837982506,-2.5682270365007716,-1.1284729869900483,83.9911951682121,0.005262161206703001,0.006875
70.38368773460388,3.1299483456008974,4.770646049203613,3.210495304588845,-2.4541415093564165,-1.2777074341363186,83.84196072106583,0.005252811468115472,0.006716
70.40952348709106,3.128654815210376,4.777437225948628,3.066096868034788,-2.329600854801524,-1.4628514819251253,83.65681667327702,0.005241211944808593,0.006716
70.44104719161987,3.137062763059854,4.764178262473052,3.1275180406580705,-2.329656307018009,-1.3544512740545658,83.76521688114758,0.0052480033634509,0.006716
70.46741986274719,3.144662255018842,4.76563351443255,3.31738794442885,-2.320120670839116,-1.0490368017665843,84.07063135343556,0.005267137990417701,0.006716
70.4959466457367,3.1388413675069295,4.749625744628312,3.3377968125011552,-2.4187646940333773,-1.09284201147101,84.02682614373113,0.0052643935351840716,0.006716
70.52738451957703,3.136577689125462,4.765471819768811,3.3083329968858286,-2.3835603698413848,-1.107666912461193,84.01200124274095,0.005263464735222034,0.006716
70.55412459373474,3.136577689125462,4.746715241440779,3.2877083259551143,-2.4823213839833573,-1.1908729995818712,83.92879515562028,0.005258251762089183,0.006716
70.58046865463257,3.1420751938588083,4.780186035781146,3.379521114597034,-2.3312416858730973,-0.9752633476142649,84.14440480758789,0.005271759996423775,0.006716
70.60750651359558,3.142236885179265,4.78471348751849,3.446915068453081,-2.1956987030501964,-0.7535141575824429,84.3661539976197,0.005285652881065627,0.006716
70.6351408958435,3.147896081567126,4.764986735779951,3.6034659027087423,-2.230605660412155,-0.643055453580782,84.47661270162136,0.005292573267255824,0.006716
70.66120052337646,3.1521000562432366,4.765795209096683,3.794301540315034,-2.2497213901209183,-0.5337624158905471,84.5859057393116,0.005299420622885714,0.006558
70.68998694419861,3.1438537983988293,4.771131133233789,3.7685113848125416,-2.2279960723596886,-0.5273744179591272,84.59229373724303,0.005299820839537423,0.006558
70.71638870239258,3.153716969629409,4.757710476371603,3.9410833993645866,-2.3010860800206947,-0.5049860696960409,84.61468208550612,0.0053012234996314515,0.006558
70.74394536018372,3.1553338830429363,4.742834570721574,4.093133831656604,-2.4501212473406437,-0.5500451772587281,84.56962297794342,0.005298400486012581,0.006558
70.77003073692322,3.159861240746446,4.746715241440779,4.287069198971344,-2.5289139982328384,-0.5267269168643831,84.59294123833777,0.005299861406350828,0.006558
70.7969970703125,3.1553338830429363,4.753829805012389,4.3353238913813374,-2.537260498574436,-0.5154404052113553,84.6042277499908,0.005300568521467605,0.006558
70.83033204078674,3.1493513035494907,4.689475371134885,4.253477096917826,-2.966506350992464,-0.7615452607471459,84.35812289445501,0.0052851497216637915,0.006558
70.86043787002563,3.1483811555587895,4.747847103776394,4.177434328639633,-2.8829367761918134,-0.7564819643301678,84.36318619087199,0.005285466943986085,0.006558
70.88793969154358,3.151938364906124,4.739115594827337,4.192954436338024,-2.881884771739892,-0.7493007433214309,84.37036741188072,0.005285916857129162,0.006558
70.91714262962341,3.137062763059854,4.75609352994445,3.9163183384703357,-2.7694464491187083,-0.8302634511256544,84.2894047040765,0.0052808444347241254,0.006558
70.9441180229187,3.1388413675069295,4.746715241440779,3.7570480883301896,-2.7524416394774898,-0.9192290034191535,84.200439151783,0.00527527062336123,0.0064
70.97232103347778,3.1328587890431776,4.759165728189618,3.529933853982432,-2.6586235252035673,-1.0448703898284075,84.07479776537375,0.00526739902172257,0.0064
70.99981355667114,3.1349607760285187,4.771292827911301,3.4115789099357454,-2.513163738735426,-1.08153110155258,84.03813705364958,0.005265102178884952,0.0064
71.02734041213989,3.137386145684144,4.771454522589206,3.3756054732808725,-2.4102780600230096,-1.0575146876340835,84.06215346756808,0.005266606839479351,0.0064
71.05507206916809,3.137062763059854,4.788594160682509,3.3441740643303186,-2.2254922826383416,-0.9347570801877549,84.18491107501441,0.005274297768492065,0.0064
71.0844657421112,3.138356293563549,4.765956903761209,3.3471720913597576,-2.245078197582569,-0.9520290540084374,84.16763910119373,0.005273215656129926,0.0064
71.1119384765625,3.1341523194902536,4.786330434642524,3.2680206683036293,-2.124745977130013,-0.9383528198116375,84.18131533539052,0.0052740724905742985,0.0064
71.13942623138428,3.1326970977385176,4.785845350501169,3.1844896584624105,-2.0437049080755307,-1.009421491335025,84.11024666386713,0.005269619942833392,0.0064
71.166424036026,3.1456324029718616,4.771616217267507,3.3760180883172897,-2.0805930503737673,-0.6725167020261725,84.44715145317598,0.005290727480464007,0.00624
71.19448471069336,3.144985637668757,4.770807743879945,3.497587981577654,-2.111733890893155,-0.5784813405048093,84.54118681469734,0.005296618922185547,0.00624
71.22097420692444,3.1504831428844082,4.785198571651555,3.6889369744748097,-2.0388517613564536,-0.3348494687036075,84.78481868649854,0.005311882786236311,0.00624
71.24768662452698,3.152585130256217,4.773233164072162,3.863506296968864,-2.0665575656549033,-0.29855434345075405,84.82111381175139,0.005314156724590391,0.00624
71.27376985549927,3.147896081567126,4.739115594827337,3.89507976266981,-2.3104193243640467,-0.527569626537585,84.59209852866456,0.0052998086094577495,0.00624
71.30130958557129,3.1474110075779214,4.766441987757147,3.907806182702407,-2.3013356424849825,-0.5131742458435652,84.60649390935859,0.005300710499396238,0.00624
71.32793068885803,3.1517766735692843,4.762723010545402,4.001089732058653,-2.3194451109173277,-0.4853461129394174,84.63432204226274,0.005302453969305553,0.00624
71.35449695587158,3.1495129948822305,4.739115594827337,4.0226381874360335,-2.4874406060477514,-0.6027923167143616,84.51687583848779,0.005295095806867915,0.00624
71.38178706169128,3.15598064841601,4.747847103776394,4.162722192296974,-2.5475907547305225,-0.5803277706235239,84.53934038457862,0.005296503240858211,0.00624
71.40882897377014,3.1443388723700183,4.742349486897536,4.035780846809786,-2.625866002812111,-0.6867849296029931,84.43288322559916,0.005289833556839123,0.00624
71.4358925819397,3.14854284688989,4.730869170756611,4.028171955576429,-2.7561904381715716,-0.7651216778081331,84.35454647739401,0.0052849256543305466,0.006082
71.46353197097778,3.1445005636942938,4.730707476177153,3.9447206829859005,-2.8484813704602017,-0.8569560552798515,84.2627120999223,0.005279172107216405,0.006082
71.48893356323242,3.14142842857971,4.742349486897536,3.82692975734447,-2.836489433822892,-0.9209274588076332,84.19874069639451,0.005275164212849524,0.006082
71.51576733589172,3.1399732067176855,4.738792205628927,3.716351093562052,-2.851499287415489,-1.0008638497779774,84.11880430542416,0.005270156090572831,0.006082
71.54344916343689,3.1393264414527615,4.7525362479428885,3.6264460220141994,-2.771580824152599,-1.0305192454515337,84.0891489097506,0.005268298140196363,0.006082
71.57332158088684,3.137224454371863,4.751727774787203,3.5228874500871012,-2.7209570392536246,-1.0932278718511188,84.02644028335102,0.005264369360512913,0.006082
71.6034460067749,3.138356293563549,4.764663346456012,3.4722714613895227,-2.600414151914294,-1.0812057733610683,84.03846238184107,0.005265122561133179,0.006082
71.62958860397339,3.13560754126403,4.776628752490158,3.3837152414523777,-2.437310845969181,-1.08333385153196,84.03633430367017,0.005264989234177022,0.006082
71.65610647201538,3.138679676192197,4.768705713118343,3.381100918721546,-2.375266113874532,-1.040532575842291,84.07913557935984,0.005267670791595992,0.006082
71.68808102607727,3.1299483456008974,4.7725863853455746,3.210520809035138,-2.306302925254848,-1.2711536434459036,83.84851451175624,0.005253222071906248,0.006082
71.7150526046753,3.139003058821934,4.783581624555152,3.2661148194269165,-2.1856883693446543,-1.0482323926101746,84.07143576259196,0.005267188387731951,0.005933
71.74734735488892,3.139164750137212,4.781641288091559,3.3081556284077682,-2.1140241205868056,-0.8499766200215287,84.26969153518061,0.00527960937821115,0.005933
71.77687430381775,3.142398576499994,4.781156203984539,3.4000842299325424,-2.0670506314927226,-0.5995634024870112,84.52010475271513,0.005295298102681813,0.005933
71.80500912666321,3.1529085129329046,4.772262995984643,3.667559380094081,-2.0926797439906886,-0.3989829377445092,84.72068521745763,0.0053078647382473225,0.005933
71.83161544799805,3.146279168279334,4.776628752490158,3.726666901181929,-2.081896760422655,-0.35204124967760936,84.76762690552452,0.005310805698063741,0.005933
71.86101651191711,3.1480577728974075,4.776790447181064,3.8024171876155126,-2.0732848436547924,-0.30752447238142466,84.8121436828207,0.005313594733962876,0.005933
71.88955044746399,3.1483811555587895,4.783096540433927,3.8616923921280195,-2.025767197354473,-0.22953865605260737,84.89012949914952,0.005318480650117977,0.005933
71.91967248916626,3.1506448342190607,4.781802982794689,3.9469350639411585,-2.0010154718430297,-0.18055956772899942,84.93910858747313,0.005321549255797417,0.005933
71.94572281837463,3.1457940942983207,4.77420333217386,3.9128548740751232,-2.0336891936618096,-0.2250731296255984,84.89459502557654,0.005318760421347386,0.005774
71.9780969619751,3.144662255018842,4.76676537708974,3.8671237278207697,-2.105496894776757,-0.32145161940038425,84.79821653580174,0.005312722179493133,0.005774
72.00610208511353,3.143692107075646,4.765471819768811,3.816361914207157,-2.164272910361743,-0.4107222083454216,84.7089459468567,0.005307129257174247,0.005774
72.03391337394714,3.1432070331077306,4.745745073739822,3.771453639131029,-2.3352031290447486,-0.6179025466880123,84.5017656085141,0.005294149130661764,0.005774
72.05894064903259,3.1438537983988293,4.772262995984643,3.752517853983738,-2.280386492277109,-0.5757959751923162,84.5438721800098,0.005296787163929753,0.005774
72.08634161949158,3.136415997814543,4.761914537266023,3.5955127243012623,-2.3100998459706714,-0.7358985772588016,84.38376957794331,0.005286756520836758,0.005774
72.11800003051758,3.140296589351783,4.766927071756626,3.560609173913443,-2.297920523280754,-0.7578099201601922,84.36185823504192,0.005285383745769424,0.005774
72.14489555358887,3.137062763059854,4.767412155759645,3.4736766547731235,-2.2862035130456495,-0.8452076279205029,84.2744605272816,0.005279908161972694,0.005774
72.17317152023315,3.14142842857971,4.768705713118343,3.4971989375955634,-2.2694909808280537,-0.7965390251908078,84.3231291300113,0.005282957315312585,0.005774
72.20607852935791,3.1357692325735878,4.7890792448440065,3.4042894763926648,-2.1237498418070633,-0.71214141244032,84.40752674276179,0.005288244939126778,0.005774
72.23646640777588,3.138356293563549,4.738307121834248,3.389252879803426,-2.3557730559858583,-1.0318283205619896,84.08783983464012,0.005268216124882147,0.005615
72.26178359985352,3.1404582806692405,4.777113836564057,3.4193522845137005,-2.2628705940007814,-0.8926167966682906,84.22705135853381,0.005276937913863627,0.005615
72.29397392272949,3.142560267820996,4.790049413177667,3.4810468910239583,-2.1127326001681337,-0.5868063080751594,84.53286184712695,0.005296097351783932,0.005615
72.3215000629425,3.1483811555587895,4.790049413177667,3.636733184513943,-2.007636004485273,-0.2771413104802252,84.84252684472189,0.005315498279871149,0.005615
72.3499391078949,3.143368724430096,4.795061949794902,3.6488385301893804,-1.9010897032402378,-0.08758624178606905,85.03208191341605,0.005327374159563285,0.005615
72.37636065483093,3.146925933591174,4.79635550769329,3.7260623140555036,-1.8179966637649576,0.053578232975572335,85.17324638817769,0.005336218303540134,0.005615
72.40315198898315,3.147896081567126,4.785521961075572,3.7988689746304583,-1.8311080455485558,0.02955160663095285,85.14921976183307,0.00533471300312352,0.005615
72.43239140510559,3.137709528309523,4.801368044788732,3.6529585218803544,-1.736030815967491,0.20427043659650465,85.32393859179862,0.005345659372529074,0.005615
72.46015071868896,3.140619971986971,4.811716509673759,3.6070712357215573,-1.6013917152595745,0.4542841738372027,85.57395232903932,0.005361323069022689,0.00546
72.48824644088745,3.131726949916267,4.789402634286979,3.4030750467569235,-1.653952698966251,0.5702637396632987,85.68993189486541,0.0053685893446226264,0.00546
72.51690173149109,3.143692107075646,4.778084004722499,3.491527837462473,-1.7652133743800273,0.2132348164917553,85.33290297169387,0.005346221002971795,0.00546
72.54510831832886,3.147896081567126,4.772748080026631,3.634694841015334,-1.8782021794032524,-0.051155812060077445,85.06851234314203,0.005329656574924367,0.00546
72.57367968559265,3.1454707116456757,4.760620980039452,3.6880367141869077,-2.0370814511426976,-0.30590738968735626,84.81376076551476,0.005313696046365965,0.00546
72.60131001472473,3.1445005636942938,4.767897239766206,3.7066260140132443,-2.100424678173544,-0.38946241423488254,84.73020574096724,0.005308461211834576,0.00546
72.62820529937744,3.141266737260617,4.765310125105464,3.657138487283274,-2.161786186828435,-0.5082864252679246,84.6113817299342,0.005301016727921344,0.00546
72.65386462211609,3.1443388723700183,4.759489117486831,3.68187225330021,-2.243037052365349,-0.5926213865682698,84.52704676863385,0.005295733029304666,0.00546
72.68262648582458,3.142721959142271,4.769675881153892,3.667935870997025,-2.232891489453358,-0.5916941466600241,84.5279740085421,0.005295791122130523,0.00546
72.70863246917725,3.149674686215244,4.759165728189618,3.7925554867422724,-2.294938420186675,-0.5696746483955807,84.54999350680654,0.005297170673276642,0.00546
72.73678255081177,3.141266737260617,4.761267758649593,3.717289118193608,-2.3245415076199225,-0.6546831321273466,84.46498502307477,0.00529184477757486,0.0053
72.76931834220886,3.1407816633049737,4.764339957133645,3.655227654900135,-2.325050935920085,-0.7075883782760509,84.41207977692608,0.005288530192833481,0.0053
72.79838538169861,3.131726949916267,4.7636931784936305,3.4367845401819075,-2.329662847997905,-0.9627303893133141,84.15693776588881,0.005272545203097454,0.0053
72.82808017730713,3.137062763059854,4.7690291024619516,3.386999411161046,-2.297784859005492,-1.006200523494868,84.11346763170727,0.005269821740795457,0.0053
72.85736203193665,3.1296249630016364,4.773556553437819,3.2083997509344133,-2.245683077575022,-1.318795426638961,83.80087272856318,0.005250237250189703,0.0053
72.88359832763672,3.1315652586135108,4.742996265330369,3.1208800059412933,-2.410275317898647,-1.5490071609065883,83.57066099429555,0.005235814175783334,0.0053
72.91269588470459,3.137062763059854,4.780186035781146,3.1658662371926303,-2.280809439613798,-1.4361553486007952,83.68351280660134,0.005242884493423563,0.0053
72.94410252571106,3.13528415864573,4.736043397505637,3.162981581338204,-2.480608361391002,-1.4838961259894115,83.63577202921273,0.005239893469587683,0.0053
72.97005701065063,3.1420751938588083,4.7944151708552,3.292212393365174,-2.236425667313678,-1.1156641579037638,84.00400399729838,0.005262963697051972,0.0053
72.99969601631165,3.14142842857971,4.788917550123112,3.37017395460999,-2.101667950814543,-0.7412209642301882,84.37844719097195,0.005286423066143184,0.0053
73.02794051170349,3.1420751938588083,4.781802982794689,3.4372470546554386,-2.0541459992650575,-0.5274550661547673,84.59221308904738,0.005299815786819627,0.005144
73.0557210445404,3.1399732067176855,4.773071469389924,3.4435732016796843,-2.078327360404144,-0.5721948989430066,84.54747325625914,0.005297012776194273,0.005144
73.08756613731384,3.151453290896425,4.724239693319082,3.6698766411119106,-2.4165303153960145,-0.7796736507436123,84.33999450445853,0.005284013953677774,0.005144
73.11592483520508,3.1445005636942938,4.78083281458183,3.693913962860752,-2.280932624537148,-0.6204255459109982,84.49924260929114,0.0052939910613711795,0.005144
73.14774298667908,3.141913502538625,4.710172267757556,3.660740058629558,-2.6509069772486304,-0.9618760135060398,84.1577921416961,0.005272598730889506,0.005144
73.17883658409119,3.146440859606885,4.764986735779951,3.7250183781005606,-2.5492514523510565,-0.8403776752201073,84.27929047998204,0.005280210764997684,0.005144
73.20495390892029,3.1456324029718616,4.763369789175982,3.754388192064012,-2.4887308656179252,-0.770342000687941,84.3493261545142,0.005284598594089415,0.005144
73.23343181610107,3.142236885179265,4.725856638975034,3.709322022679963,-2.6931744945877387,-0.9469656979465625,84.17270245725558,0.005273532882189051,0.005144
73.26089286804199,3.138194602249634,4.7759819737304765,3.5996506605242544,-2.5064983988956127,-0.9218066237258709,84.19786153147628,0.005275109131986373,0.004988
73.28790950775146,3.12881650650824,4.773233164072162,3.341630618559603,-2.393910211932303,-1.1672125895228487,83.9524555656793,0.005259734118563548,0.004988
73.32235884666443,3.13560754126403,4.773071469389924,3.2922666514714307,-2.3161623092712023,-1.1985627234540912,83.92110543174806,0.005257769990558612,0.004988
73.34976553916931,3.1349607760285187,4.791019581525551,3.245211868178067,-2.143653829904021,-1.1346588038733318,83.98500935132881,0.005261773656965557,0.004988
73.37982940673828,3.1338289368768524,4.7884324659628,3.19039850899479,-2.0399191500148164,-1.167511885100528,83.95215627010161,0.005259715367293548,0.004988
73.40630769729614,3.128978197806376,4.79635550769329,3.058279113864285,-1.9151772765071393,-2.581484234651789,82.53818392055035,0.005171128100137057,0.004988
73.43236207962036,3.1396498240846786,4.782126372202131,3.1720456396652996,-1.9214748705407747,-0.7194723147662166,84.40019584043593,0.005287785648248109,0.004988
73.46040916442871,3.1415901198990754,4.79781076035924,3.2891822288056933,-1.8226918234969824,0.3077857002344152,85.42745385543655,0.005352144742853026,0.004988
73.48580265045166,3.134799084720321,4.799589402550038,3.2399277707422782,-1.7418415757064192,0.8455905393068109,85.96525869450895,0.005385838938480034,0.004988
73.5141830444336,3.139811515401046,4.781317898686485,3.3023247012075503,-1.8054590217335715,0.3708579703633184,85.49052612556545,0.005356096305304618,0.004988
73.5410943031311,3.1451473289941236,4.791504665704829,3.4491276125024433,-1.782970043115857,0.2760447120671255,85.39571286726925,0.005350156127305148,0.00483
73.56781315803528,3.1445005636942938,4.783581624555152,3.5393896428341134,-1.8193553518473589,0.13400261723195278,85.25367077243408,0.005341256999251742,0.00483
73.59341144561768,3.140296589351783,4.714214631122696,3.521323016886442,-2.301207205318137,-0.818529134476678,84.30113902072544,0.005281579605425454,0.00483
73.62433218955994,3.1440154897222863,4.779054172895132,3.5805514202772017,-2.21190855902595,-0.6335343258385306,84.4861338293636,0.005293169778699064,0.00483
73.65393900871277,3.1445005636942938,4.7701609651769825,3.631386308276456,-2.207910059631564,-0.5784568803993551,84.54121127480278,0.005296620454644011,0.00483
73.68276953697205,3.148219464227962,4.764986735779951,3.738845774583554,-2.2391536100191276,-0.5326543278159617,84.58701382738617,0.005299490046092134,0.00483
73.71000790596008,3.146925933591174,4.780509425180699,3.7890673851314425,-2.158896587440913,-0.40066791446873035,84.71900024073341,0.00530775917219204,0.00483
73.73678207397461,3.145309020319764,4.7701609651769825,3.7929724931560425,-2.1708016795220284,-0.4136696590917828,84.70599849611035,0.005306944595425535,0.00483
73.76520013809204,3.1517766735692843,4.7528596372079095,3.9207061493761786,-2.2929648428551013,-0.4815107469925603,84.63815740820958,0.005302694260134354,0.00467
73.7917730808258,3.1530702042716583,4.760782674691398,4.035119725864936,-2.3263514875450713,-0.458298364406054,84.66136979079609,0.005304148547085709,0.00467
73.82423138618469,3.1456324029718616,4.764339957133645,3.9714591354990634,-2.326317921867701,-0.4879394309118315,84.63172872429031,0.0053022914944508516,0.00467
73.85011076927185,3.1467642422628046,4.76142945330311,3.9487717358126657,-2.3454433307723868,-0.5173318409768568,84.60233631422528,0.005300450020476038,0.00467
73.87881875038147,3.1380329109359915,4.761267758649593,3.7641404580421276,-2.3598949450299167,-0.6494618048398099,84.47020635036233,0.005292171900743485,0.00467
73.90719652175903,3.144177181046016,4.750919301641324,3.7536486309561496,-2.4380960631882815,-0.7323737371220417,84.3872944180801,0.005286977356806415,0.00467
73.9334626197815,3.1435304157527346,4.683492675639297,3.733804344547776,-2.9364528391402946,-1.0557163455128455,84.0639518096893,0.0052667195080290455,0.00467
73.96027064323425,3.143692107075646,4.7531830264745,3.723038345916076,-2.826792998805464,-1.0153273857427791,84.10434076945937,0.005269249930615073,0.00467
73.98627805709839,3.137547836996697,4.7481704930186694,3.5967520801210346,-2.783009774038482,-1.0993577850768066,84.02031037012534,0.005263985313214717,0.00467
74.01555347442627,3.1470876249198168,4.754961667468803,3.692726800972582,-2.707680746246321,-0.977528291443473,84.14213986375867,0.005271618094650267,0.00467
74.0413715839386,3.143368724430096,4.757387087083031,3.688034061710437,-2.638993007668377,-0.9401784711466481,84.1794896840555,0.005273958111065674,0.004514
74.06766819953918,3.1407816633049737,4.773071469389924,3.634749115361915,-2.4877202662864564,-0.8802043423783412,84.2394638128238,0.005277715570799142,0.004514
74.09430384635925,3.146117476952057,4.747523714535687,3.7005747139308904,-2.549914172509747,-0.8672450837218072,84.25242307148034,0.005278527485762769,0.004514
74.12314581871033,3.1495129948822305,4.7570636977960294,3.8122776747465905,-2.530684061969488,-0.7608930713086659,84.35877508389348,0.005285190582208229,0.004514
74.14937210083008,3.1504831428844082,4.776305363109529,3.9092197596930798,-2.390627439540514,-0.574309900701086,84.54535825450105,0.005296880268492946,0.004514
74.17920303344727,3.142398576499994,4.775496889664853,3.820829121832278,-2.297906945126623,-0.5361268649384664,84.58354129026367,0.005299272486976583,0.004514
74.20513153076172,3.144985637668757,4.78439009809842,3.8089557050381484,-2.174492041319852,-0.39547508967577166,84.72419306552636,0.005308084509641089,0.004514
74.23312091827393,3.1451473289941236,4.759165728189618,3.8037693151838767,-2.2540588064932483,-0.4973201600583982,84.62234799514374,0.005301703779168234,0.004514
74.2614586353302,3.1488662295529104,4.790857886799915,3.8720138874789756,-2.1012452064581653,-0.2718415865106689,84.84782656869147,0.0053158303146972185,0.004514
74.29198956489563,3.1487045382212635,4.781802982794689,3.916660086062578,-2.053850078215593,-0.19761256824541118,84.92205558695673,0.0053204808624069495,0.004514
74.3171157836914,3.148219464227962,4.777113836564057,3.9385374190338425,-2.051524509561584,-0.18935941213167135,84.93030874307047,0.005320997933724337,0.004355
74.34462976455688,3.1480577728974075,4.784066708679928,3.950726550111884,-2.004151993206146,-0.12827207744223848,84.9913960777599,0.005324825137304186,0.004355
74.37019538879395,3.1432070331077306,4.783096540433927,3.8655088842643295,-1.9773742020404206,-0.1062283077555783,85.01343984744656,0.005326206209087512,0.004355
74.40198302268982,3.1432070331077306,4.772748080026631,3.8058565181710415,-2.0267147587655394,-0.19061305286238045,84.92905510233976,0.005320919391448482,0.004355
74.42875456809998,3.148219464227962,4.776952141872363,3.8609749215097784,-2.0335936142219735,-0.18542717499858025,84.93424098020355,0.005321244293663088,0.004355
74.45492935180664,3.141266737260617,4.769352491807135,3.765182722530848,-2.088408739062845,-0.2992453210619144,84.82042283414022,0.0053141134339148265,0.004355
74.48374438285828,3.144177181046016,4.766441987757147,3.754378216098257,-2.145928232774143,-0.3905278387246416,84.72914031647748,0.005308394461559058,0.004355
74.51277613639832,3.139811515401046,4.760135896085971,3.6624400129567753,-2.227681172528554,-0.5780866934583611,84.54158146174376,0.005296643647353154,0.004355
74.54138970375061,3.136577689125462,4.778892478198707,3.535583237204777,-2.1615041643797954,-0.6089827364244793,84.51068541877764,0.005294707968757185,0.004355
74.5698618888855,3.128978197806376,4.780509425180699,3.299908423611273,-2.1045419754933925,-0.9852494857061144,84.134418669496,0.005271134351457459,0.004355
74.59688949584961,3.130433419501827,4.785036876940138,3.1630610667099446,-2.0348812489818258,-1.6063928131741838,83.51327534202792,0.00523221888757986,0.004197
74.6263210773468,3.138679676192197,4.787462297652841,3.226642996401846,-1.9701613140731742,-0.8321499919869166,84.2875181632152,0.005280726240404884,0.004197
74.6528069972992,3.137386145684144,4.779700951684774,3.246150333807137,-1.975921121902326,-0.7318680099989032,84.38780014520322,0.005287009041290046,0.004197
74.68054032325745,3.1378712196226206,4.797649065616996,3.26918047496848,-1.8618680280580722,0.40837379806754115,85.52804195326966,0.005358446722307103,0.004197
74.70654392242432,3.136901071748118,4.791989749887662,3.2665515638734997,-1.8192648620078031,0.7200789520799893,85.83974710728211,0.005377975468934516,0.004197
74.73545169830322,3.137709528309523,4.791019581525551,3.2803363343504746,-1.795825616819624,0.7745471312782871,85.8942152864804,0.005381387973531016,0.004197
74.763427734375,3.1378712196226206,4.797163981392639,3.293110675348825,-1.7389926603085746,0.9277153504587742,86.04738350566089,0.0053909841682209135,0.004197
74.79069232940674,3.138517984877737,4.802823297565117,3.3145527207582623,-1.661975588194583,1.0303675941084514,86.15003574931056,0.005397415469183265,0.004197
74.81719923019409,3.1380329109359915,4.8058954979761825,3.320187147504028,-1.587850892133385,1.1254729055688057,86.24514106077092,0.005403373944705798,0.004197
74.84689927101135,3.145955785625052,4.800882960537065,3.477256334497117,-1.568942294564954,0.8273178921954009,85.94698604739752,0.005384694132591976,0.004197
74.87397241592407,3.1457940942983207,4.728120362958951,3.584079763464328,-2.0344289101780526,-0.3072053681923228,84.81246278700979,0.0053136147262689915,0.004038
74.90287709236145,3.1474110075779214,4.775173500289741,3.6901061832585667,-2.050695631069299,-0.2765258776272931,84.84314227757483,0.005315536837566127,0.004038
74.93051838874817,3.146117476952057,4.791019581525551,3.739324661458558,-1.9578271551626731,-0.09522629171029173,85.02444186349183,0.005326895500172286,0.004038
74.95861792564392,3.142236885179265,4.788755855402613,3.6987775512561565,-1.907712820773772,-0.007561314512256308,85.11210684068986,0.005332387828758325,0.004038
74.9868061542511,3.1493513035494907,4.783258235140607,3.8078946588301847,-1.908802952963734,-0.007979468668224883,85.1116886865339,0.0053323616308387275,0.004038
75.01452565193176,3.146279168279334,4.75011082850525,3.82490159629721,-2.1276508079979677,-0.33193791699954206,84.78773023820258,0.005312065198861796,0.004038
75.04237627983093,3.1457940942983207,4.762723010545402,3.827431446724356,-2.1978657267764112,-0.42388841334277244,84.69577974185935,0.005306304376744367,0.004038
75.06983184814453,3.144985637668757,4.7636931784936305,3.8135773324625974,-2.2406332015973396,-0.4860802515282242,84.6335879036739,0.005302407974536758,0.004038
75.09695672988892,3.1457940942983207,4.759974201435597,3.819504462040139,-2.2950384787083746,-0.5466046220753987,84.57306353312673,0.005298616041416678,0.003882
75.12404274940491,3.1445005636942938,4.747847103776394,3.798653437510486,-2.412909265592953,-0.6866078946915125,84.43306026051062,0.005289844648314146,0.003882
75.15108013153076,3.1407816633049737,4.757872171016478,3.712182678421927,-2.4294614873165896,-0.7775721631635806,84.34209599203855,0.005284145614697692,0.003882
75.17717170715332,3.137062763059854,4.76142945330311,3.5797781079290623,-2.417643826586601,-0.9087477440611242,84.210920411141,0.00527592728833999,0.003882
75.2032482624054,3.140296589351783,4.741702708470969,3.549594942452897,-2.539158463974765,-1.0443874558452666,84.07528069935687,0.005267429278185361,0.003882
75.23234367370605,3.138356293563549,4.771939606625287,3.490966706045551,-2.4252828831208784,-1.0334984842311827,84.08616967097095,0.005268111486884662,0.003882
75.25940728187561,3.134475702104743,4.791019581525551,3.374926901686398,-2.2200382315987923,-1.0187060014361176,84.100962153766,0.005269038255803227,0.003882
75.28809189796448,3.131080184706872,4.787300602935897,3.2280740071053744,-2.1008350303465955,-1.3478744673708627,83.77179368783126,0.005248415409224574,0.003882
75.31413102149963,3.140943354623248,4.7827731510217495,3.315902078902864,-2.0471799847790204,-0.8007895120288862,84.31887864317324,0.005282691016602297,0.003882
75.34347867965698,3.1470876249198168,4.757872171016478,3.49613180011988,-2.173450990746833,-0.6982596040252457,84.42140855117688,0.005289114653072085,0.003882
75.37277603149414,3.138194602249634,4.780186035781146,3.4504175047321963,-2.115032410607526,-0.6520281234686136,84.46764003173351,0.00529201111743393,0.003723
75.39881229400635,3.1457940942983207,4.787947381806044,3.5652925826288406,-2.023075641870906,-0.2810922623289387,84.83857589287318,0.005315250747430324,0.003723
75.42603945732117,3.1493513035494907,4.777598920641504,3.7144551807910724,-2.0267909192784743,-0.21086442884436177,84.90880372635776,0.0053196506155385615,0.003723
75.4526047706604,3.146925933591174,4.76886740778995,3.7719939694767053,-2.086838337047756,-0.2876603450702379,84.83200781013188,0.00531483924822336,0.003723
75.48162150382996,3.1524234389182837,4.781156203984539,3.9185211913256928,-2.048020583015402,-0.1811021642869503,84.93856599091517,0.005321515261394166,0.003723
75.51082801818848,3.144177181046016,4.7784073941118,3.861715144254657,-2.0389332366246733,-0.18299821408672068,84.9366699411154,0.005321396471327155,0.003723
75.54044389724731,3.146602550934708,4.773233164072162,3.8688259399872207,-2.0666145983426416,-0.22041681110219782,84.89925134409992,0.005319052145957934,0.003723
75.56600689888,3.1504831428844082,4.780994509282987,3.948803545361547,-2.0349277942621096,-0.15703754071172127,84.9626306144904,0.00532302294238832,0.003723
75.59312319755554,3.153716969629409,4.7143763256623625,4.067287911748885,-2.4510440877332527,-0.5507296342734123,84.5689385209287,0.005298357603861144,0.003723
75.61971163749695,3.1517766735692843,4.770807743879945,4.112726942391148,-2.3710496170448003,-0.46064762435320944,84.6590205308489,0.005304001362794145,0.003723
75.65576696395874,3.146279168279334,4.773718248121239,4.038284194789864,-2.2959045799815474,-0.42346611020197006,84.69620204500015,0.005306330834603437,0.003572
75.6818916797638,3.145955785625052,4.759812506785615,3.9799242675971938,-2.334792271578305,-0.4907877036977575,84.62888045150436,0.00530211304633459,0.003572
75.70843839645386,3.1448239463436627,4.7725863853455746,3.9171973051772895,-2.277971235647493,-0.4650948368701248,84.65457331833198,0.005303722738955805,0.003572
75.73742938041687,3.1454707116456757,4.769837575827863,3.885788439100282,-2.256281589592038,-0.45812764114961846,84.66154051405249,0.005304159243127065,0.003572
75.76356267929077,3.139164750137212,4.744936600666467,3.741927162179073,-2.4049283433493236,-0.7339925013492483,84.38567565385286,0.005286875939053014,0.003572
75.79300022125244,3.136577689125462,4.764825041117786,3.591224241660374,-2.37813023670271,-0.8701089505370767,84.24955920466503,0.00527834806065962,0.003572
75.8250641822815,3.139164750137212,4.764178262473052,3.5357322239711713,-2.363626874348843,-0.93024350233209,84.18942465287002,0.005274580550208025,0.003572
75.85287880897522,3.140134898034598,4.764178262473052,3.515637821938923,-2.3534745207011367,-0.9492283213842656,84.17043983381784,0.005273391125791185,0.003572
75.87893342971802,3.128493123912784,4.782934845727641,3.2765716288150295,-2.22296379965835,-1.3457249123490844,83.77394324285302,0.005248550081734288,0.00342
75.90596318244934,3.133505554264539,4.7779223100284405,3.2061003383799753,-2.164584973155467,-1.5800199966817696,83.53964815852034,0.005233871179960983,0.00342
75.93157744407654,3.1299483456008974,4.780347730480726,3.0880204027960465,-2.1077623699662684,-2.153645685120692,82.96602247008141,0.005197932760001291,0.00342
75.96262621879578,3.1305951108026804,4.722299358583447,3.0178644535670975,-2.4499007511001545,-1.9188456785527372,83.20082247664936,0.005212643295830922,0.00342
75.99113750457764,3.134475702104743,4.787947381806044,3.0437553249514773,-2.2574834802157384,-2.0309231948274977,83.0887449603746,0.005205621488877187,0.00342
76.0179660320282,3.134799084720321,4.781479593388824,3.0681289380443273,-2.165344526544626,-2.1001708250376714,83.01949733016443,0.0052012830318208456,0.00342
76.04549646377563,3.140943354623248,4.781641288091559,3.203940530560146,-2.0997834306267893,-1.5890553440790867,83.530612811123,0.005233305103308923,0.00342
76.07203030586243,3.145955785625052,4.770807743879945,3.3958837026363877,-2.125167157070282,-0.8065498781695484,84.31311827703254,0.0052823301219254055,0.00342
76.09945440292358,3.1512915995604054,4.785845350501169,3.6333689896741093,-2.0439997340337346,-0.2646129225712128,84.85505523263087,0.005316283200203634,0.00342
76.12997364997864,3.1532318956106855,4.785845350501169,3.837108716239122,-1.9871825379081496,-0.09254827182691926,85.02711988337516,0.005327063281715489,0.00342
76.16457796096802,3.146440859606885,4.786977213503193,3.8484764384272556,-1.939963701638473,-0.017255674345911208,85.10241248085617,0.005331780464091844,0.003264
76.19112801551819,3.1451473289941236,4.79603211821632,3.831433828556237,-1.8473361198102587,0.13077414380752567,85.2504422990096,0.0053410547310547354,0.003264
76.22316074371338,3.142560267820996,4.800559571037932,3.769503971853711,-1.7527096112511236,0.30597389781298584,85.42564205301507,0.005352031230997438,0.003264
76.25073099136353,3.142398576499994,4.792636528803642,3.7230280703447254,-1.7385986561595705,0.35646130614705207,85.47612946134913,0.005355194334951734,0.003264
76.27751922607422,3.144662255018842,4.788270771243487,3.7342449652094913,-1.7574443568508327,0.3170301882009287,85.43669834340301,0.00535272392244269,0.003264
76.30361700057983,3.144177181046016,4.765148430442512,3.7327217859733244,-1.9227637899888572,0.009584079508367406,85.12925223471045,0.005333462010725948,0.003264
76.32965207099915,3.145955785625052,4.789564329009059,3.7660305814256216,-1.8778493228013953,0.09045725102536349,85.21012540622745,0.005338528823562311,0.003264
76.3555383682251,3.1445005636942938,4.783743319263016,3.761221721080344,-1.8847070192454196,0.07873381250112092,85.1984019677032,0.0053377943343901075,0.003264
76.38683772087097,3.145955785625052,4.780509425180699,3.785980536000541,-1.9107839738993233,0.029496005245940777,85.14916416044802,0.005334709519622055,0.003105
76.41279077529907,3.1448239463436627,4.741055930050667,3.7814366930596184,-2.188611877915841,-0.43506563373573326,84.68460252146635,0.005305604108871847,0.003105
76.44112133979797,3.141913502538625,4.7746884162300285,3.7220059697687646,-2.161815193210922,-0.4364177861679289,84.68325036903416,0.005305519394705558,0.003105
76.47162628173828,3.1435304157527346,4.771292827911301,3.7116544817165984,-2.165397906340578,-0.45042510645848455,84.6692430487436,0.005304641817272647,0.003105
76.49934244155884,3.137709528309523,4.76563351443255,3.5919083768406495,-2.205139790364916,-0.6422668456063299,84.47740130959575,0.005292622674604794,0.003105
76.52510070800781,3.136415997814543,4.767088766423906,3.4830860903010863,-2.22338465624192,-0.8471873253228833,84.2724808298792,0.00527978413127101,0.003105
76.5561203956604,3.140296589351783,4.758195560307406,3.4819105301133138,-2.29466660482833,-0.9550488894834299,84.16461926571866,0.005273026459380722,0.003105
76.58279705047607,3.137709528309523,4.75609352994445,3.4310876107183303,-2.358393732280613,-1.1206857360680036,83.99898241913408,0.005262649088434251,0.003105
76.6105432510376,3.141266737260617,4.767088766423906,3.4642616049768513,-2.330662415582912,-1.0304334621107158,84.08923469309137,0.0052683035146378985,0.003105
76.64236068725586,3.139811515401046,4.739600678627885,3.459358385171777,-2.4921012362936033,-1.1747878097358366,83.94488034546625,0.005259259520841042,0.003105
76.669016122818,3.1388413675069295,4.776952141872363,3.43717612102121,-2.3593641484916144,-1.110078841596799,84.00958931360529,0.005263313624621625,0.002947
76.69547581672668,3.133990628183417,4.769837575827863,3.3278984875231714,-2.3132566285829284,-1.3086910731831207,83.81097708201897,0.005250870301507372,0.002947
76.72182416915894,3.142398576499994,4.768058934435846,3.4139042313133534,-2.2926834742513735,-1.087890922556462,84.03177723264562,0.005264703727555601,0.002947
76.75055813789368,3.1470876249198168,4.7758202790415405,3.5647333068072107,-2.2272185129174553,-0.7114889648539798,84.40817919034811,0.005288285815844526,0.002947
76.77696204185486,3.14854284688989,4.77420333217386,3.6984386775746634,-2.1920313224139014,-0.4971581701845932,84.6225099850175,0.005301713928051434,0.002947
76.80415391921997,3.1530702042716583,4.774526721544245,3.879532495603893,-2.1652726325961003,-0.33719897269602617,84.78246918250606,0.00531173558665498,0.002947
76.83149695396423,3.1504831428844082,4.778569088807041,3.9562981342932257,-2.1199458430323888,-0.2460668846781872,84.8736012705239,0.005317445134391418,0.002947
76.85913157463074,3.146602550934708,4.777275531256146,3.9350340330141957,-2.096727716655318,-0.2220334108022257,84.89763474439987,0.005318950863815069,0.002947
76.88703775405884,3.1491896122170244,4.779539256986772,3.9701491940219933,-2.0655814320267507,-0.1710863474572411,84.94858180774484,0.005322142765773274,0.002947
76.91359877586365,3.1553338830429363,4.776467057799646,4.113479887916797,-2.0639917703155435,-0.14184758480129755,84.9778205704008,0.0053239746135315055,0.002947
76.94167017936707,3.1512915995604054,4.767250461091579,4.1356863193703814,-2.1235172140899574,-0.2026159804298188,84.91705217477227,0.005320167391912268,0.002788
76.97045493125916,3.146925933591174,4.77096943855667,4.066855766482207,-2.1407169773175463,-0.238597605468788,84.8810705497333,0.005317913094767728,0.002788
76.99826264381409,3.1415901198990754,4.781156203984539,3.915549317577517,-2.085735631204245,-0.21306410349884392,84.90660405170324,0.005319512802966527,0.002788
77.02804112434387,3.139003058821934,4.776790447181064,3.759634775406579,-2.0759720532019132,-0.2567392581360844,84.862928897066,0.005316776495857566,0.002788
77.05505204200745,3.1432070331077306,4.7779223100284405,3.731744641970633,-2.061690750635963,-0.2434076441759329,84.87626051102615,0.005317611739381168,0.002788
77.08185410499573,3.143692107075646,4.762076231921112,3.721596554112073,-2.1559489987872764,-0.42319914217916443,84.69646901302292,0.005306347560508695,0.002788
77.1106276512146,3.1411050459417966,4.7690291024619516,3.6644928635773986,-2.176185164558064,-0.5101966598755922,84.60947149532649,0.005300897049157061,0.002788
77.14154648780823,3.1349607760285187,4.765471819768811,3.5057702166522446,-2.2137546992086614,-0.8066200717626298,84.31304808343945,0.005282325724202504,0.002788
77.17109775543213,3.126391137068801,4.777598920641504,3.2290392878496155,-2.1602662594149087,-1.6437636525146067,83.47590450268748,0.005229877554293134,0.002632
77.19742965698242,3.130433419501827,4.780186035781146,3.1134526716767645,-2.1058030986751812,-2.2477408110260884,82.871927344176,0.005192037573960806,0.002632
77.22413754463196,3.139164750137212,4.7746884162300285,3.201292124982633,-2.1038490477424716,-1.8336605917328797,83.28600756346921,0.005217980255953412,0.002632
77.25281524658203,3.1407816633049737,4.762399621232471,3.294029759652447,-2.183332150684859,-1.3682713280130763,83.75139682718901,0.005247137518505252,0.002632
77.28018617630005,3.1357692325735878,4.795547034003832,3.262071051832469,-2.0208855198730413,-1.3510518776938367,83.76861627750826,0.005248216340199469,0.002632
77.30656957626343,3.1357692325735878,4.797487370875148,3.239699956358488,-1.8944069352429607,0.0,83.76861627750826,0.005248216340199469,0.002632
77.34259128570557,3.13560754126403,4.782449761611152,3.2209151879306415,-1.904807974936344,0.0,83.76861627750826,0.005248216340199469,0.002632
77.37094116210938,3.1378712196226206,4.798457539332171,3.251515872854956,-1.806769682115815,1.5209685996286495,86.64063675483075,0.0054281522812270454,0.002632
77.39826130867004,3.142721959142271,4.797163981392639,3.366686404685347,-1.7466535060158985,1.0148889605835245,86.13455711578563,0.005396445711999734,0.002632
77.42972779273987,3.14142842857971,4.79926601305724,3.42230576253412,-1.6907424107403461,0.957263520657867,86.07693167585997,0.005392835400777366,0.002632
77.45651531219482,3.138194602249634,4.790211107901325,3.3987392784221613,-1.7111790434000935,0.9843282468915291,86.10399640209363,0.0053945310422332535,0.002473
77.48697209358215,3.144177181046016,4.788270771243487,3.4978678052221963,-1.7382506279192105,0.6785198219263262,85.79818797712842,0.005375371733602009,0.002473
77.51312208175659,3.1532318956106855,4.745259989894633,3.7422578871227774,-2.0401790146487335,-0.19691384626250613,84.92275430893959,0.005320524638277802,0.002473
77.54015278816223,3.1467642422628046,4.786168739928344,3.7883308619492713,-1.9823803774997073,-0.0755751973101701,85.04409295789192,0.005328126667634712,0.002473
77.56669068336487,3.142560267820996,4.79635550769329,3.739331895228869,-1.8749001357465784,0.13475022815560442,85.25441838335769,0.005341303838080408,0.002473
77.59465193748474,3.1438537983988293,4.786815518787433,3.7300326332522262,-1.8624298485591402,0.16267755733015835,85.28234571253225,0.0053430535227693195,0.002473
77.62091422080994,3.147734390237118,4.777437225948628,3.7985231960768395,-1.9154026922434286,0.04699363083413571,85.16666178603623,0.0053358057693705585,0.002473
77.64963245391846,3.1438537983988293,4.790049413177667,3.7714665438458224,-1.8695050689379848,0.1368413777526459,85.25650953295474,0.005341434851411806,0.002473
77.67584753036499,3.1550105003580415,4.7839050139712755,3.9681520283300213,-1.8778022131566257,0.08804925628763964,85.20771741148972,0.005338377959457218,0.002473
77.70423769950867,3.1501597602159226,4.7779223100284405,4.012081803055183,-1.9229718626042718,0.023597212501196653,85.14326536770328,0.005334339952332464,0.002473
77.73140120506287,3.1577592532145453,4.7746884162300285,4.189707748390241,-1.9758671824928216,-0.037471730595912855,85.08219642460617,0.005330513901010581,0.002314
77.75842380523682,3.143692107075646,4.783419929847683,4.042170728605783,-1.9554471777904594,-0.01852188989239706,85.10114626530968,0.005331701133986889,0.002314
77.7844626903534,3.1493513035494907,4.78762399237018,4.048269882974926,-1.913493635795055,0.03473823086229192,85.15440638606437,0.005335037952099053,0.002314
77.81387901306152,3.1506448342190607,4.775658584353,4.077539307533985,-1.9628494542527082,-0.026876011842314074,85.09279214335976,0.005331177737024232,0.002314
77.84057569503784,3.1493513035494907,4.778730783502678,4.073027888224659,-1.9771857898906582,-0.04467661992314412,85.07499153527893,0.005330062505015554,0.002314
77.86727833747864,3.1440154897222863,4.776467057799646,3.966744830213977,-2.002114820820285,-0.08669445958314238,85.03297369561892,0.005327430030916269,0.002314
77.89349484443665,3.1493513035494907,4.76142945330311,3.995471754100665,-2.1185011600391954,-0.23819792458652217,84.88147023061555,0.005317938135311911,0.002314
77.92394042015076,3.1451473289941236,4.76886740778995,3.934330549527641,-2.1510355055802726,-0.3040149177618121,84.81565323744026,0.005313814612274346,0.002314
77.94935512542725,3.146602550934708,4.774365026858856,3.919656723678312,-2.1376393890465075,-0.2916901972620599,84.82797795794,0.005314586772570045,0.002314
77.97620749473572,3.13302048034811,4.781641288091559,3.6468849002327635,-2.080389834378116,-0.35040994751006727,84.769258207692,0.005310907901335941,0.002314
78.00921750068665,3.1491896122170244,4.772101301304768,3.768444801074993,-2.1030810142081404,-0.31142623572574946,84.80824191947632,0.005313350283247925,0.002156
78.03861355781555,3.1445005636942938,4.777113836564057,3.7629116748349043,-2.0859861647563793,-0.2829805219255011,84.83668763327657,0.0053151324454300064,0.002156
78.06606149673462,3.1440154897222863,4.776790447181064,3.7496634808411287,-2.0761474266884012,-0.27139244288024655,84.84827571232182,0.005315858454149016,0.002156
78.09674143791199,3.1378712196226206,4.7753351949770995,3.6216396778923112,-2.0788347643796485,-0.37016637431562854,84.74950178088643,0.005309670134656813,0.002156
78.12262296676636,3.146440859606885,4.721005802124231,3.6976481115845163,-2.438162046324619,-0.8616866144005397,84.25798154080152,0.005278875731332701,0.002156
78.14920854568481,3.139811515401046,4.774041637489259,3.622728939797157,-2.34075562402768,-0.8492365745825908,84.27043158061947,0.005279655743052033,0.002156
78.17618560791016,3.139164750137212,4.76822062910588,3.5577855126668965,-2.3108689429297717,-0.9120754821640094,84.20759267303805,0.0052757188010775285,0.002156
78.20716953277588,3.1393264414527615,4.754476583556556,3.515450115387585,-2.380373648225159,-1.0659387106549556,84.0537294445471,0.005266079063120691,0.002156
78.23610615730286,3.142883650463818,4.755285056745596,3.554565376285945,-2.42370780232745,-1.0418893163591922,84.07777883884286,0.005267585789980028,0.002004
78.26486349105835,3.1456324029718616,4.752374553310967,3.635071090793781,-2.47319061247314,-0.9717900224472427,84.14787813275481,0.005271977604911367,0.002004
78.29207015037537,3.1454707116456757,4.748493882262512,3.688300089031829,-2.533360447973102,-0.9577399294226854,84.16192822577936,0.005272857862113522,0.002004
78.32000541687012,3.1448239463436627,4.757710476371603,3.713060380181511,-2.51484114295009,-0.9143609590547497,84.2053071961473,0.005275575612880131,0.002004
78.35095882415771,3.136415997814543,4.752697942575203,3.5678924926397437,-2.5348562951420783,-1.1110114109978089,84.00865674420425,0.005263255197895883,0.002004
78.37672877311707,3.137709528309523,4.765310125105464,3.491274984486854,-2.465888318706394,-1.1795985826054491,83.9400695725966,0.005258958119458216,0.002004
78.40534591674805,3.142883650463818,4.7531830264745,3.537642784655453,-2.4973978345017276,-1.1283105672629816,83.99135758793906,0.005262171382517081,0.002004
78.44050598144531,3.139003058821934,4.754961667468803,3.4951002023611286,-2.5077523885705872,-1.2006498350173034,83.91901832018475,0.005257639230215453,0.002004
78.4704008102417,3.146925933591174,4.771292827911301,3.61844548457573,-2.407553943092332,-0.9291468573447625,84.19052129785729,0.0052746492564896535,0.002004
78.4995129108429,3.145309020319764,4.772424690664912,3.673537162767058,-2.3299682339101717,-0.7610248611811118,84.35864329402094,0.005285182325395675,0.002004
78.52776098251343,3.138679676192197,4.766118598426129,3.583976263641828,-2.3171475353735844,-0.8730602468963043,84.24660790830575,0.005278163157978093,0.001848
78.55657815933228,3.144177181046016,4.768705713118343,3.627533694875963,-2.291151796457612,-0.7683579145755188,84.35131024062653,0.005284722899749671,0.001848
78.58251929283142,3.14854284688989,4.754314888919925,3.7423989492227845,-2.3676354736078076,-0.7279375693350403,84.39173058586701,0.005287255288677583,0.001848
78.61230492591858,3.1495129948822305,4.756255224585398,3.841554639450913,-2.40840811248468,-0.6782404522103381,84.44142770299172,0.005290368879825974,0.001848
78.63907027244568,3.1493513035494907,4.77290977470808,3.9078386205665314,-2.3273746678685034,-0.5327816063008882,84.58688654890116,0.0052994820719240695,0.001848
78.66660904884338,3.1448239463436627,4.761591147957022,3.8667373522558175,-2.3451192249461004,-0.5848100408289532,84.5348581143731,0.005296222420608586,0.001848
78.70438313484192,3.1420751938588083,4.765795209096683,3.7848414330075033,-2.329880885294682,-0.6374196187328784,84.48224853646917,0.005292926359879927,0.001848
78.72991442680359,3.1522617475806234,4.767735545096959,3.9243894136580724,-2.3064481102076737,-0.49589923902020416,84.62376891618185,0.005301792801780063,0.001848
78.7570366859436,3.149674686215244,4.767735545096959,3.9720729666049883,-2.2900451676467757,-0.4467780820574379,84.67289007314461,0.005304870308250594,0.00169
78.78859090805054,3.1506448342190607,4.784551792808258,4.024201466075019,-2.167924968689172,-0.2714026193425851,84.84826553585947,0.005315857816579979,0.00169
78.81566429138184,3.1456324029718616,4.785845350501169,3.9638163536461417,-2.073930202166952,-0.1617393918271974,84.95792876337485,0.005322728365099709,0.00169
78.84567070007324,3.1483811555587895,4.7759819737304765,3.974671808349474,-2.0730273942010737,-0.15790736168592115,84.96176079351613,0.00532296844693581,0.00169
78.87376189231873,3.1522617475806234,4.773718248121239,4.0572706763974375,-2.0872890239909427,-0.15932780026955526,84.9603403549325,0.0053228794545504025,0.00169
78.90185928344727,3.1498363775485303,4.771454522589206,4.068214852577233,-2.1121657597018695,-0.18842039582337702,84.93124775937868,0.005321056764357472,0.00169
78.92959260940552,3.151938364906124,4.774526721544245,4.116500803094333,-2.1093667386976875,-0.17421234327202925,84.94545581193003,0.005321946917936175,0.00169
78.96633648872375,3.1566274137934625,4.764825041117786,4.240926032332732,-2.1712371134465664,-0.2151237100092316,84.90454444519283,0.0053193837658518815,0.00169
78.99386620521545,3.1542020436505944,4.76676537708974,4.281148659204885,-2.2017804386260775,-0.23623828907808292,84.88342986612398,0.005318060909108987,0.00169
79.02049922943115,3.153716969629409,4.758033865661746,4.299929491439216,-2.2806074804697998,-0.3055022383805498,84.81416591682151,0.005313721429639591,0.00169
79.05321645736694,3.154848809016005,4.6972367066227525,4.334951089421656,-2.735785545005774,-0.6417001059855402,84.47796804921651,0.005292658181603363,0.00153
79.0837390422821,3.151129908224659,4.761752842611326,4.28759115832159,-2.6299430109127604,-0.5939082656892344,84.52575988951281,0.005295652404599006,0.00153
79.11179566383362,3.1532318956106855,4.765471819768811,4.295064234292359,-2.531385191656945,-0.51807555118892,84.60159260401312,0.005300403426032185,0.00153
79.13797664642334,3.14999806888209,4.770322659852132,4.23779534516359,-2.4304798743066676,-0.4606382761738107,84.65902987902822,0.0053040019484701375,0.00153
79.16494655609131,3.1517766735692843,4.758195560307406,4.2320821457814795,-2.4396332574736475,-0.4710645670384363,84.6486035881636,0.00530334872734133,0.00153
79.19608855247498,3.1475726989073833,4.761752842611326,4.146832852861277,-2.42263640964026,-0.4959924558518589,84.62367569935017,0.005301786961620336,0.00153
79.22392225265503,3.1491896122170244,4.764339957133645,4.118408367914944,-2.393717367334323,-0.4828206049947379,84.63684755020729,0.005302612195770916,0.00153
79.25384569168091,3.147896081567126,4.74946405000345,4.073511212332046,-2.471346209415756,-0.582218271499972,84.53744988370205,0.005296384798438693,0.00153
79.28098487854004,3.146925933591174,4.747362019915922,4.023333191555387,-2.5395161605024446,-0.6762106800279551,84.44345747517407,0.00529049604777989,0.001372
79.31314277648926,3.1501597602159226,4.690930621470788,4.050708617312941,-2.95851087229367,-0.9323442386447605,84.18732391655726,0.00527444893625601,0.001372
79.34254717826843,3.144662255018842,4.74946405000345,3.963621348087254,-2.8667016628872872,-0.9462514203588513,84.17341673484317,0.005273577632639437,0.001372
79.37214994430542,3.152585130256217,4.751727774787203,4.055785358497557,-2.7875416263679025,-0.8348182282184371,84.28484992698358,0.005280559071820603,0.001372
79.3990364074707,3.146602550934708,4.748493882262512,4.004675089957245,-2.7534061576994433,-0.8493927333280015,84.27027542187402,0.005279645959496855,0.001372
79.42935013771057,3.1432070331077306,4.749140660754902,3.903272862156088,-2.7252560183350387,-0.9107513635267873,84.20891679167524,0.005275801758888901,0.001372
79.45745968818665,3.144985637668757,4.7556084460239605,3.866666323264827,-2.6629978055444883,-0.9000513494288223,84.2196168057732,0.005276472129145982,0.001372
79.48625612258911,3.1483811555587895,4.764663346456012,3.9066667870825538,-2.5598426883178904,-0.7823719360163521,84.33729621918567,0.005283844902480692,0.001372
79.5118727684021,3.1456324029718616,4.70451295945496,3.881542078351407,-2.88337797267356,-1.0197528816790087,84.09991527352302,0.005268972667349679,0.001372
79.54472064971924,3.1470876249198168,4.77290977470808,3.8920797997338457,-2.6598535700006942,-0.8749437661391202,84.24472438906291,0.005278045152967307,0.001372
79.57374930381775,3.137386145684144,4.709687184170088,3.7119560961395397,-2.9193431206912503,-1.1836331586647555,83.93603499653727,0.0052587053478482595,0.001213
79.60082650184631,3.1474110075779214,4.773394858754794,3.779619616131195,-2.681837688973448,-0.9968839241063507,84.12278423109568,0.005270405438262578,0.001213
79.62790775299072,3.141266737260617,4.7881090765245675,3.7082340087658623,-2.4187755082750995,-0.8497369164873835,84.26993123871465,0.005279624395959563,0.001213
79.65828490257263,3.145955785625052,4.797487370875148,3.7488891373804067,-2.1729299271244034,-0.4065917029362799,84.71307645226575,0.005307388038886831,0.001213
79.68774485588074,3.1393264414527615,4.796840591911713,3.6492226526870453,-2.005093334714509,-0.030925038363918193,85.08874311683812,0.005330924060073398,0.001213
79.7162024974823,3.14142842857971,4.800882960537065,3.6200811361353056,-1.8610120043717429,0.44372498962943246,85.56339314483147,0.005360661521947406,0.001213
79.7441041469574,3.1404582806692405,4.788917550123112,3.5809320639460163,-1.8388783867551861,0.5713948095244189,85.69106296472646,0.005368660207668841,0.001213
79.77282238006592,3.144985637668757,4.780347730480726,3.6410277645177795,-1.879767759486062,0.3633366780418613,85.4830048332439,0.005355625086236958,0.001213
79.80043864250183,3.144985637668757,4.791666360432044,3.6830947549179998,-1.8339223310334691,0.4368602719839021,85.55652842718594,0.005360231438165209,0.001055
79.82910180091858,3.1472493162487325,4.794091781387722,3.756291675300648,-1.7858731031674995,0.46383763627468305,85.58350579147672,0.005361921606278019,0.001055
79.85556411743164,3.1487045382212635,4.789887718454402,3.8356545375377515,-1.7798981850679696,0.40789746468784344,85.52756561988988,0.005358416879380979,0.001055
79.88300037384033,3.1457940942983207,4.788270771243487,3.8349585055927498,-1.7863540270867062,0.39734062645006085,85.5170087816521,0.005357755479283873,0.001055
79.91090416908264,3.147896081567126,4.801529739540079,3.8750963087065275,-1.7036391743763022,0.4977025503770892,85.61737070557912,0.0053640432886389025,0.001055
79.94711232185364,3.1448239463436627,4.793445002457511,3.8438177339538173,-1.6989302076844879,0.5305838134888952,85.65025196869092,0.00536610334394384,0.001055
79.97619199752808,3.1483811555587895,4.792798223533625,3.890672774564847,-1.6998892451355956,0.49095415654038327,85.61062231174242,0.005363620492699591,0.001055
80.00475740432739,3.1448239463436627,4.779539256986772,3.854721260054641,-1.7877945019629427,0.3802557938934208,85.49992394909546,0.005356685091573321,0.001055
80.03258562088013,3.1504831428844082,4.72262274770215,3.9389302694087007,-2.2237955886883967,-0.3746284240034137,84.74503973119863,0.005309390581249786,0.001055
80.06233096122742,3.1530702042716583,4.708393627953963,4.047876609887696,-2.6226131513084026,-0.7337403202416062,84.38592783496044,0.005286891738538171,0.001055
80.089439868927,3.148219464227962,4.776467057799646,4.03038898571144,-2.4539139738126963,-0.5952416853316043,84.52442646987045,0.005295568864067165,0.000896
80.12067747116089,3.1487045382212635,4.758518949599906,4.027522654825297,-2.4539094711749794,-0.597200279614813,84.52246787558724,0.005295446155504248,0.000896
80.15590906143188,3.1475726989073833,4.764016567812852,4.003641209191953,-2.4177361665476567,-0.5759884572104214,84.54367969799164,0.005296775104672745,0.000896
80.18427276611328,3.1501597602159226,4.726826806387343,4.036924229658535,-2.6370952404405097,-0.7537727912066997,84.36589536399535,0.005285636677321626,0.000896
80.21353554725647,3.148219464227962,4.751242690898499,4.022722319551021,-2.6300086142552224,-0.7587178691014888,84.36095028610056,0.005285326861548556,0.000896
80.23908281326294,3.1451473289941236,4.76142945330311,3.9534059453428956,-2.55802681544365,-0.753163039584772,84.36650511561727,0.005285674879079849,0.000896
80.26733875274658,3.138194602249634,4.764986735779951,3.770509406388287,-2.4842353390875798,-0.8651807164064819,84.25448743879556,0.005278656821148232,0.000896
80.29614663124084,3.140134898034598,4.764501651794633,3.679981849630902,-2.4357727898740333,-0.9344050933255416,84.1852630618765,0.005274319820941816,0.000896
80.32155013084412,3.1445005636942938,4.7463918522055595,3.7009876088240343,-2.5209977335822296,-0.988634547335473,84.13103360786657,0.0052709222727990585,0.000737
80.35018658638,3.1388413675069295,4.77290977470808,3.6063165775777954,-2.40618740263679,-1.0223033394598322,84.09736481574221,0.005268812877743559,0.000737
80.37681007385254,3.13528415864573,4.774850110916205,3.4712968196078,-2.313054232276456,-1.2258010351520203,83.89386712005002,0.005256063473740195,0.000737
80.40422201156616,3.1378712196226206,4.775011805602776,3.4267830150289895,-2.246797184782503,-1.3030394774468155,83.81662867775522,0.005251224381572309,0.000737
80.42935943603516,3.142721959142271,4.773394858754794,3.4893734042071536,-2.2110555338373192,-1.0131888368559856,84.10647931834605,0.005269383913575639,0.000737
80.46120309829712,3.141266737260617,4.769837575827863,3.5050616604190163,-2.209440598324908,-0.9567455819921362,84.1629225732099,0.0052729201593158005,0.000737
80.48900580406189,3.143692107075646,4.7827731510217495,3.5629184670259213,-2.1232038823638413,-0.5303344652750156,84.58933368992702,0.005299635388596701,0.000737
80.51653623580933,3.1512915995604054,4.776305363109529,3.75029332474678,-2.105391313816561,-0.2527983823931314,84.8668697728089,0.005317023397016828,0.000737
80.54301476478577,3.148219464227962,4.751727774787203,3.822080686112781,-2.2546243820183944,-0.49690023724408394,84.62276791795794,0.005301730087896647,0.000737
80.58118081092834,3.1487045382212635,4.75754878172712,3.8817068451062506,-2.3207897247466063,-0.5458988848399915,84.57376927036204,0.005298660256802521,0.000737
80.60876154899597,3.14999806888209,4.768382323776308,3.948445172733329,-2.2958289852975096,-0.45999117299653264,84.6596769822055,0.005304042490353478,0.00058
80.6351249217987,3.1493513035494907,4.7557701406637305,3.9826619938642196,-2.361335054484404,-0.5211148551527939,84.59855330004923,0.005300213009556003,0.00058
80.66057348251343,3.159376166696514,4.746876936058976,4.200363905384922,-2.4656998354416126,-0.502337061379026,84.617331093823,0.005301389463561045,0.00058
80.68622732162476,3.153716969629409,4.74930235537898,4.243380163765247,-2.522797764924013,-0.5312276138594998,84.58844054134252,0.005299579431638074,0.00058
80.7142813205719,3.160508006150192,4.741864403077024,4.404741641030533,-2.611702393098974,-0.5269756042951105,84.59269255090692,0.005299845825749211,0.00058
80.74254035949707,3.158729401300439,4.748817271507923,4.483319648966461,-2.628191038768105,-0.5071049972420097,84.61256315796003,0.005301090745974232,0.00058
80.76938939094543,3.1512915995604054,4.745259989894633,4.394574152105152,-2.66313730224295,-0.5679706679952715,84.55169748720677,0.005297277429937755,0.00058
80.80037498474121,3.1558189570723307,4.747847103776394,4.419952365309817,-2.6705784420671614,-0.5619899258984172,84.55767822930362,0.005297652131464342,0.00058
80.82915472984314,3.1553338830429363,4.7450982952803535,4.428342107818265,-2.6938723123183914,-0.574174049122564,84.54549410607947,0.0052968887797768295,0.00058
80.85727381706238,3.143692107075646,4.744613211439867,4.209214780205398,-2.7133695047770776,-0.6994585472252473,84.42020960797679,0.005289039537670001,0.00058
80.88391089439392,3.1495129948822305,4.7481704930186694,4.168325721138754,-2.703613328218598,-0.7175254476912923,84.40214270751075,0.0052879076220856665,0.000422
80.91352009773254,3.1483811555587895,4.747362019915922,4.117828365594291,-2.702103143664428,-0.7494909048658448,84.3701772503362,0.005285904943252944,0.000422
80.94344568252563,3.1517766735692843,4.743157959939556,4.1481052600829615,-2.728705536428625,-0.7483841965209207,84.37128395868112,0.005285974280017448,0.000422
80.97097682952881,3.1498363775485303,4.738953900227936,4.131799061157087,-2.7749867315738643,-0.7908595632609103,84.32880859194113,0.005283313141231983,0.000422
81.00478553771973,3.1474110075779214,4.755446751384582,4.07350969164351,-2.6988731327428948,-0.7783084751991131,84.34135968000292,0.0052840994837595355,0.000422
81.03494071960449,3.1454707116456757,4.710172267757556,3.9952071096266337,-2.9434653329926586,-0.9879709894056373,84.1316971657964,0.005270963845594751,0.000422
81.06221795082092,3.1508065255539868,4.743157959939556,4.043520368276514,-2.8976590689583976,-0.9277493361082042,84.19191881909383,0.00527473681307248,0.000422
81.08930969238281,3.146925933591174,4.750757607013324,4.00233960071652,-2.8155947777945793,-0.9114418229984875,84.20822633220355,0.005275758500675472,0.000422
81.11783194541931,3.14854284688989,4.76256131588874,4.004763083311186,-2.6804903336789967,-0.8165164857988503,84.30315166940319,0.005281705700568804,0.000273
81.14512729644775,3.146117476952057,4.764178262473052,3.95958449149538,-2.575278942232236,-0.7666611030439165,84.35300705215812,0.005284829207271534,0.000273
81.17445588111877,3.1529085129329046,4.702087541756806,4.059209563188044,-2.910140756930711,-0.9235818372444502,84.19608631795758,0.005274997912474696,0.000273
81.20073652267456,3.149027920884831,4.759165728189618,4.053947063110172,-2.7690129074208456,-0.8414754344396903,84.27819272076233,0.005280141988907897,0.000273
81.23074197769165,3.1488662295529104,4.76886740778995,4.047138311027396,-2.6063937287474204,-0.7217563996687957,84.39791175553323,0.005287642547260634,0.000273
81.25663352012634,3.155495574385794,4.768705713118343,4.170497272060227,-2.493624131819299,-0.5353838853253612,84.58428426987666,0.0052993190356474176,0.000273
81.28599858283997,3.1529085129329046,4.769514186480317,4.20684850958344,-2.409366273227337,-0.43269488123019245,84.68697327397183,0.005305752639701061,0.000273
81.31339859962463,3.1584060186040457,4.771454522589206,4.338544452267857,-2.3376198341673495,-0.30994287201006576,84.80972528319195,0.005313443217977383,0.000273
81.34154009819031,3.1533935869499867,4.7525362479428885,4.333856542225649,-2.411865206878915,-0.3820153134051423,84.73765284179687,0.005308927782705602,0.000273
81.36909675598145,3.1556572657289257,4.7690291024619516,4.3743250361439525,-2.3553265102221954,-0.31564301531604644,84.80402513988597,0.005313086096341986,0.000273
81.39614176750183,3.149027920884831,4.76563351443255,4.2745278941792995,-2.3380898130820422,-0.3315707285130076,84.788097426689,0.005312088203713733,0.000115
81.42307829856873,3.1498363775485303,4.7572253924393335,4.220294905024536,-2.38134318241303,-0.3982118791142337,84.72145627608778,0.005307913046106302,0.000115
81.44912600517273,3.156304031104188,4.764016567812852,4.307331899135802,-2.3669397644142878,-0.3488617069603749,84.77080644824164,0.005311004900686202,0.000115
81.48195886611938,3.1495129948822305,4.747200325296548,4.237007704390019,-2.4674954768010178,-0.4770438203814529,84.64262433482057,0.00530297411908717,0.000115
81.50907564163208,3.1393264414527615,4.762399621232471,3.990905649593774,-2.437884651025849,-0.6014583098115528,84.51820984539047,0.005295179384192404,0.000115
81.53681993484497,3.141266737260617,4.759004033541601,3.856134232189668,-2.439497461275515,-0.7328736871271817,84.38679446807484,0.005286946034266979,0.000115
81.56478834152222,3.1407816633049737,4.7497874392535655,3.75241923469736,-2.50126461950056,-0.9376382740186123,84.18202988118341,0.005274117257828106,0.000115
81.59983825683594,3.142398576499994,4.764178262473052,3.7110687543352823,-2.4498209423073307,-0.9434315383943888,84.17623661680763,0.005273754302032593,0.000115
81.62872409820557,3.1315652586135108,4.764986735779951,3.4727483083219304,-2.4084912278921644,-1.421424020056195,83.69824413514583,0.005243807430946178,-4.2e-05
81.65698480606079,3.1470876249198168,4.758680644246744,3.6059241607132204,-2.421049721050305,-1.1062610591111335,84.01340709609089,0.005263552813822958,-4.2e-05
81.6835253238678,3.1467642422628046,4.770322659852132,3.6928972534625815,-2.3532450448820232,-0.8399087989468669,84.27975935625516,0.005280240140726059,-4.2e-05
81.71302700042725,3.1498363775485303,4.752697942575203,3.813153456522836,-2.4217390264944085,-0.7591297660363098,84.36053838916571,0.005285301055652268,-4.2e-05
81.74319314956665,3.1483811555587895,4.745583379124367,3.8692077803631544,-2.5164932381114435,-0.805645390247258,84.31402276495476,0.005282386789308775,-4.2e-05
81.77168369293213,3.1588910926490468,4.758195560307406,4.111570948850086,-2.499842612136998,-0.5776503635380102,84.54201779166401,0.0052966709840088005,-4.2e-05
81.79897618293762,3.1550105003580415,4.773718248121239,4.206225111833014,-2.3860596765461013,-0.40438663973069905,84.71528151547132,0.005307526189058827,-4.2e-05
81.83246779441833,3.1529085129329046,4.7557701406637305,4.2318579974243935,-2.4244965383584205,-0.43276062107297775,84.68690753412903,0.005305748521011598,-4.2e-05
81.85844945907593,3.1613164629110413,4.766441987757147,4.412301136690046,-2.3811896922810445,-0.32200104153641995,84.7976671136656,0.005312687757458238,-4.2e-05
81.88820195198059,3.1579209445615093,4.7572253924393335,4.472986284253673,-2.411513097852343,-0.3306495144161241,84.7890186407859,0.005312145919014414,-4.2e-05
81.9157452583313,3.159376166696514,4.751727774787203,4.543590908657533,-2.4689096308434415,-0.3570309721524981,84.76263718304952,0.005310493085247748,-0.0002
81.94447755813599,3.153555278289561,4.742349486897536,4.4805140638746,-2.5707892160911485,-0.4577059267454251,84.66196222845659,0.00530418566410099,-0.0002
81.97357439994812,3.1472493162487325,4.7541531942836865,4.314485191570271,-2.5644454952618623,-0.5242822591679532,84.59538589603406,0.005300014567439527,-0.0002
82.00398278236389,3.14999806888209,4.753021331841008,4.251390015258146,-2.5674516859830625,-0.5598007255775855,84.55986742962443,0.0052977892878052985,-0.0002
82.02913165092468,3.1553338830429363,4.75754878172712,4.310348462782101,-2.5397688375218777,-0.5048740148312703,84.61479414037075,0.0053012305200192495,-0.0002
82.05760598182678,3.1399732067176855,4.74930235537898,4.054744187368376,-2.5746460663801907,-0.6978965047008867,84.42177165050113,0.005289137401732518,-0.0002
82.08534383773804,3.148219464227962,4.7463918522055595,4.035196289947919,-2.61820902713654,-0.7542002532062727,84.36546790199574,0.0052856098962531205,-0.0002
82.11488890647888,3.142721959142271,4.750434217758503,3.9152626966504096,-2.622107404224266,-0.8700666271539284,84.24960152804809,0.005278350712276424,-0.0002
82.14641261100769,3.146117476952057,4.747038630677566,3.896934220832851,-2.647176652465042,-0.9107765879192729,84.20889156728275,0.005275800178546826,-0.000356
82.17429399490356,3.146925933591174,4.696913317626243,3.8997292975059503,-2.9945116194079424,-1.1153085474128088,84.00435960778921,0.005262985976526931,-0.000356
82.20083737373352,3.140619971986971,4.759165728189618,3.7798107786594835,-2.828072511154892,-1.1566553647728859,83.96301279042913,0.005260395542876153,-0.000356
82.2264244556427,3.142398576499994,4.762723010545402,3.7302428351087347,-2.6881609189862488,-1.1406952817475016,83.97897287345452,0.005261395463517641,-0.000356
82.25222611427307,3.1508065255539868,4.7011173747020285,3.8580453761140046,-2.9955411031042676,-1.1525119045996404,83.96715625060239,0.005260655136222116,-0.000356
82.2870922088623,3.143045341785638,4.771616217267507,3.7975070606275114,-2.7468783868938944,-1.0926262567967655,84.02704189840526,0.005264407052504239,-0.000356
82.3134491443634,3.1472493162487325,4.768544018447128,3.8363802892973204,-2.5930272206625213,-0.9303177422094709,84.18935041299255,0.005274575898979972,-0.000356
82.33996963500977,3.149674686215244,4.77420333217386,3.910466579552473,-2.4480974178354495,-0.683061267844872,84.43660688735716,0.005290066849250436,-0.000356
82.3696711063385,3.1506448342190607,4.779700951684774,3.9810769951382734,-2.3104763945359093,-0.42063607003514814,84.69903208516688,0.0053065081404216115,-0.000356
82.40299034118652,3.148219464227962,4.772748080026631,3.9836292553868464,-2.259886293512378,-0.33706921613913815,84.7825989390629,0.005311743716077574,-0.000356
82.43080306053162,3.1556572657289257,4.780994509282987,4.1291659353567765,-2.170217980880921,-0.1421144952729318,84.9775536599291,0.005323957891231901,-0.000508
82.45798707008362,3.1488662295529104,4.773071469389924,4.099791521599999,-2.159577747535233,-0.1323609483764511,84.98730720682558,0.005324568964047374,-0.000508
82.48960971832275,3.1475726989073833,4.764178262473052,4.0542294159342696,-2.210640131931594,-0.22438545682829678,84.89528269837373,0.0053188035049719145,-0.000508
82.51472735404968,3.1495129948822305,4.763531483834609,4.059835966148942,-2.2506391132664296,-0.28429237076733543,84.83537578443469,0.005315050256337793,-0.000508
82.54382872581482,3.149674686215244,4.767897239766206,4.066885553348608,-2.249915041660162,-0.28008942106720197,84.83957873413482,0.005315313576782531,-0.000508
82.57037997245789,3.147734390237118,4.760944369343736,4.0343202401443214,-2.295152798692126,-0.3651094587782803,84.75455869642374,0.005309986957208424,-0.000508
82.59888648986816,3.146279168279334,4.763046399859906,3.9833995032171052,-2.3129894641646707,-0.42557336702907395,84.69409478817295,0.005306198812132433,-0.000508
82.62785720825195,3.152585130256217,4.762399621232471,4.069630067088465,-2.3297304421804137,-0.3947886609212661,84.72487949428076,0.005308127515324665,-0.000508
82.65591597557068,3.143368724430096,4.75609352994445,3.9518663479915572,-2.382938418427068,-0.5584628493057201,84.56120530589631,0.005297873107550965,-0.000664
82.68469262123108,3.1454707116456757,4.763531483834609,3.910056769070264,-2.3712479138132596,-0.5812696731463904,84.53839848205564,0.005296444229399844,-0.000664
82.71130084991455,3.1432070331077306,4.753668110377327,3.8370400375352127,-2.4279580673835714,-0.7525593122418791,84.36710884296015,0.005285712703408895,-0.000664
82.74005341529846,3.1399732067176855,4.765148430442512,3.723428289695549,-2.3921233873617704,-0.8790897768900059,84.24057837831202,0.0052777853998242285,-0.000664
82.76610350608826,3.142883650463818,4.761752842611326,3.7001500983015254,-2.389379500561954,-0.9205147426755869,84.19915341252644,0.0052751900700696115,-0.000664
82.79285740852356,3.1404582806692405,4.765148430442512,3.63698033746237,-2.365118390586648,-1.0272068730383521,84.09246128216368,0.005268505664777711,-0.000664
82.8211932182312,3.1448239463436627,4.770807743879945,3.677136554082913,-2.310901629042175,-0.8272263798733528,84.29244177532868,0.005281034711317919,-0.000664
82.85633325576782,3.141266737260617,4.770484354527675,3.6364958653320447,-2.275077552307165,-0.8490353199316328,84.2706328352704,0.005279668351926269,-0.000664
82.88424682617188,3.1457940942983207,4.784228403388977,3.6955474350487494,-2.1595752947384375,-0.33069996148096065,84.78896819372108,0.005312142758438035,-0.000664
82.91251063346863,3.142560267820996,4.762723010545402,3.6743834963984696,-2.220212867494734,-0.5894053660575895,84.53026278914444,0.005295934517309889,-0.000664
82.94500970840454,3.1508065255539868,4.773879942805052,3.818943839016796,-2.189255027072924,-0.29784360732608545,84.82182454787595,0.005314201253163359,-0.000823
82.97654485702515,3.1512915995604054,4.783258235140607,3.929511085140398,-2.1058824973731562,-0.05337617900596603,85.06629197619607,0.005329517465952477,-0.000823
83.00168943405151,3.1550105003580415,4.767735545096959,4.078783207236218,-2.1496492386626116,-0.11153737379984928,85.00813078140219,0.0053258735889679075,-0.000823
83.0292010307312,3.151938364906124,4.779700951684774,4.123898651355622,-2.1015626691149185,-0.030854470505098312,85.08881368469694,0.0053309284812445516,-0.000823
83.05744361877441,3.1440154897222863,4.769514186480317,4.002354364405634,-2.1349232493342827,-0.10027630176555746,85.01939185343649,0.005326579110258398,-0.000823
83.08668971061707,3.1579209445615093,4.769999270502225,4.186023543654564,-2.155084171011391,-0.10260466199045136,85.0170634932116,0.005326433235362509,-0.000823
83.1141037940979,3.154040352309926,4.76256131588874,4.239591914932843,-2.218132908930757,-0.17614960098986346,84.94351855421218,0.00532182554613774,-0.000823
83.14228105545044,3.14854284688989,4.748817271507923,4.170839703262612,-2.352692399850353,-0.3707690848862732,84.74889907031577,0.005309632374029911,-0.000823
83.168447971344,3.1495129948822305,4.764825041117786,4.141463167278798,-2.3415650762534224,-0.37115102311700826,84.74851713208504,0.00530960844508668,-0.000823
83.1964955329895,3.1483811555587895,4.7520511640483,4.09902457789233,-2.4178183599779195,-0.4938449972599189,84.62582315794214,0.005301921502785907,-0.000823
83.22701120376587,3.1393264414527615,4.7541531942836865,3.8943174610453917,-2.457365895982606,-0.7318608209887073,84.38780733421335,0.005287009491691187,-0.000981
83.25395035743713,3.1474110075779214,4.748655576885022,3.90727257156528,-2.521219318609482,-0.7954103461873707,84.32425780901468,0.0052830280285683555,-0.000981
83.28208351135254,3.1457940942983207,4.759650812136027,3.885091129412045,-2.493576416616265,-0.7893098896299338,84.33035826557212,0.005283410230366717,-0.000981
83.30852198600769,3.143368724430096,4.772101301304768,3.8226890916180434,-2.392311621774845,-0.7303930952185568,84.38927505998349,0.005287101446682354,-0.000981
83.33752036094666,3.1315652586135108,4.773071469389924,3.550882544419843,-2.3150432961609875,-1.2756447542759766,83.84402340092608,0.005252940697779613,-0.000981
83.3637945652008,3.1404582806692405,4.76822062910588,3.5324930497452094,-2.292870313423093,-1.3282572684477683,83.79141088675428,0.005249644453089828,-0.000981
83.39185428619385,3.142721959142271,4.7753351949770995,3.563370428508516,-2.230540785093917,-1.051802374047598,84.06786578115445,0.005266964723599162,-0.000981
83.41946315765381,3.143045341785638,4.785360266363366,3.5912345973036666,-2.1209527588892065,-0.29389404375867056,84.82577411144338,0.005314448698626498,-0.000981
83.44603490829468,3.145309020319764,4.785036876940138,3.654489541676605,-2.0463687973588898,0.23647349493039907,85.35614165013244,0.005347676937393606,-0.000981
83.4744074344635,3.1456324029718616,4.768382323776308,3.70501800656724,-2.103734336126106,-0.07131473811591796,85.04835341708613,0.0053283935911265096,-0.000981
83.49986696243286,3.1488662295529104,4.781641288091559,3.802887971447344,-2.056656297333833,0.09721454014946111,85.21688269535152,0.0053389521768033256,-0.001138
83.52678728103638,3.145955785625052,4.78083281458183,3.81514691125745,-2.0290208118936213,0.17542576115470773,85.29509391635676,0.005343852214864202,-0.001138
83.55511903762817,3.1445005636942938,4.778084004722499,3.795603151962618,-2.0277610534291868,0.19009272293985285,85.3097608781419,0.005344771119722876,-0.001138
83.58214473724365,3.149674686215244,4.774365026858856,3.8819225834181728,-2.051347272540745,0.090948504565147,85.2106166597672,0.005338559601256501,-0.001138
83.61154055595398,3.1487045382212635,4.776628752490158,3.9235961732200164,-2.052964030407695,0.07866908018891292,85.19833723539097,0.005337790278823789,-0.001138
83.63968515396118,3.151129908224659,4.792959918264003,3.999642716980454,-1.9466490925118987,0.2677343086671279,85.38740246386918,0.005349635469368369,-0.001138
83.6682538986206,3.1501597602159226,4.781479593388824,4.034125285110503,-1.9477604551519498,0.24966271406846888,85.36933086927053,0.005348503259690321,-0.001138
83.69689059257507,3.140619971986971,4.783258235140607,3.8738879699826874,-1.9368362970284605,0.37131423064613683,85.4909823858482,0.005356124890624248,-0.001138
83.72253489494324,3.1508065255539868,4.753991499647841,3.958596970525766,-2.1217422798259595,-0.07483007114367052,85.0448380840584,0.005328173350790006,-0.001138
83.75020217895508,3.14854284688989,4.775658584353,3.9741432421776204,-2.108623505074349,-0.045416537424472464,85.07425161777759,0.0053300161481901285,-0.001296
83.78034281730652,3.146117476952057,4.771292827911301,3.938150602701884,-2.12816372464496,-0.09256803810931298,85.02710011709274,0.0053270620433313425,-0.001296
83.81012797355652,3.147734390237118,4.781802982794689,3.9442057746916146,-2.072693040946345,0.031109634485292637,85.15077778968735,0.005334810615661565,-0.001296
83.83950161933899,3.1415901198990754,4.7784073941118,3.8296943233240994,-2.056203957176326,0.09044051061767497,85.21010866581973,0.00533852777475328,-0.001296
83.86624193191528,3.1407816633049737,4.780347730480726,3.7339112984914617,-2.031895658780858,0.2242292688567923,85.34389742405885,0.005346909820181838,-0.001296
83.90038585662842,3.1299483456008974,4.773718248121239,3.457488074874076,-2.0584968091967935,0.0,85.34389742405885,0.005346909820181838,-0.001296
83.92853665351868,3.134637393412396,4.778084004722499,3.354616861425618,-2.0483942515414015,2.874944383480381,87.99461253868245,0.005512980682946184,-0.001296
83.9559977054596,3.1396498240846786,4.77096943855667,3.3794820629582127,-2.0881309035335667,-3.126719230298367,88.27613423208328,0.005530618395219385,-0.001296
83.98201489448547,3.1415901198990754,4.751080996269715,3.4343877251107267,-2.2467974062818867,-1.9246876346199526,89.4781658277617,0.005605927289435528,-0.001445
84.01359868049622,3.140296589351783,4.736205092097995,3.447821674480088,-2.4557361104367947,-1.694005149175794,89.70884831320586,0.0056203798570354895,-0.001445
84.0408387184143,3.1388413675069295,4.765310125105464,3.4291004235370277,-2.410504189412701,-1.7673603190813025,89.63549314330035,0.005615784057099379,-0.001445
84.0687186717987,3.144662255018842,4.772424690664912,3.528495612444114,-2.332033406334418,-1.4274595407519386,89.97539392162972,0.005637079297466787,-0.001445
84.09891533851624,3.1411050459417966,4.769514186480317,3.5293222044098305,-2.296252765387915,-1.3993174649022027,90.00353599747945,0.005638842436323377,-0.001445
84.12834215164185,3.145309020319764,4.781479593388824,3.6111508666509256,-2.1924830261651573,-0.7209571645261013,90.68189629785554,0.005681342620415976,-0.001445
84.15520977973938,3.1443388723700183,4.776790447181064,3.6496809188575603,-2.15069522967454,-0.375214502637976,91.02763895974367,0.005703003862636024,-0.001445
84.18558979034424,3.1472493162487325,4.770646049203613,3.7329019900583633,-2.161869244578066,-0.29461625286542237,91.10823720951622,0.005708053451255782,-0.001445
84.21272706985474,3.1487045382212635,4.769837575827863,3.819281757868158,-2.175010195843433,-0.25736968224303114,91.1454837801386,0.005710386998940385,-0.001445
84.23920273780823,3.141266737260617,4.775496889664853,3.7359975079817254,-2.1469748745386603,-0.23348680310444977,91.16936665927719,0.005711883293401439,-0.001445
84.26653361320496,3.147896081567126,4.7753351949770995,3.8058236103788103,-2.12841397787483,-0.12382877222432556,91.27902469015731,0.005718753516344989,-0.001604
84.29311466217041,3.153555278289561,4.7132444638928686,3.964076955079488,-2.523931207134806,-0.7479292704988635,90.65492419188277,0.005679652781743855,-0.001604
84.31819176673889,3.1474110075779214,4.770646049203613,3.9561042173891927,-2.4231344288002403,-0.6268029261926018,90.77605053618903,0.005687241509929489,-0.001604
84.34557437896729,3.1542020436505944,4.755446751384582,4.081773388744403,-2.4525765208013577,-0.5540894368823417,90.84876402549929,0.005691797107714306,-0.001604
84.37185621261597,3.151453290896425,4.745421684509304,4.116616772057213,-2.5391433118975537,-0.6266797841177633,90.77617367826387,0.005687249224945901,-0.001604
84.398273229599,3.157435870521438,4.75609352994445,4.256632222069507,-2.529527427229058,-0.5235289324694739,90.87932452991217,0.005693711764369169,-0.001604
84.42754220962524,3.149027920884831,4.745421684509304,4.192142924327188,-2.5930089463969446,-0.6261125519100241,90.77674091047162,0.0056872847628057065,-0.001604
84.4535756111145,3.1516149822327173,4.682199119926183,4.19700044907789,-3.053402471612693,-0.9443624040513472,90.4584910583303,0.00566734598204871,-0.001604
84.48344302177429,3.138679676192197,4.745259989894633,3.9504005640594158,-2.9607853052341793,-1.0945751416702625,90.30827832071138,0.0056579349522488855,-0.001604
84.51463460922241,3.145309020319764,4.751889469417555,3.905905718405641,-2.852336348138883,-1.0826570113411094,90.32019645104053,0.005658681639124205,-0.001604
84.54035186767578,3.1404582806692405,4.758195560307406,3.781009271535254,-2.7349327891562014,-1.1626154891035314,90.24023797327811,0.005653672133080319,-0.001763
84.56865239143372,3.1432070331077306,4.772262995984643,3.746706789260697,-2.5601972543551317,-1.0893919137591186,90.31346154862253,0.005658259688440399,-0.001763
84.59739589691162,3.1396498240846786,4.778084004722499,3.6539450124427857,-2.399584563152242,-1.1130810276910639,90.28977243469058,0.005656775533629835,-0.001763
84.62798380851746,3.137386145684144,4.775658584353,3.5452617450358206,-2.303113103402739,-1.3857098039734992,90.01714365840814,0.005639694974560386,-0.001763
84.65446710586548,3.1454707116456757,4.76563351443255,3.625433547001251,-2.301540428308425,-1.035542214199459,90.36731124818219,0.005661633444456705,-0.001763
84.68423795700073,3.1474110075779214,4.766927071756626,3.71905383173439,-2.2919289309171775,-0.7286520434276169,90.67420141895403,0.005680860525915896,-0.001763
84.71087574958801,3.1467642422628046,4.7753351949770995,3.7720880231774,-2.229881817339802,-0.4455146089416173,90.95733885344002,0.005698599466538585,-0.001763
84.73780655860901,3.141913502538625,4.779539256986772,3.715461900851195,-2.158789302505887,-0.25824875721263135,91.144604705169,0.005710331923712636,-0.001763
84.76408076286316,3.151129908224659,4.777437225948628,3.853948726322279,-2.1228543100061534,-0.053607677608762894,91.34924578477288,0.005723152962254029,-0.00192
84.7908844947815,3.151938364906124,4.7701609651769825,3.9665145147158674,-2.14557208531771,-0.08995808458971634,91.31289537779192,0.005720875560425422,-0.00192
84.81948208808899,3.1467642422628046,4.768705713118343,3.945310501264434,-2.1710489814184983,-0.15208779728111513,91.25076566510052,0.005716983050463472,-0.00192
84.84531235694885,3.1545254263327522,4.7572253924393335,4.080467791867595,-2.264414600248559,-0.27398184661507075,91.12887161576656,0.005709346224526557,-0.00192
84.88231039047241,3.1542020436505944,4.764339957133645,4.168827890879284,-2.2829621007601264,-0.2650759854488108,91.13777747693281,0.0057099041886922944,-0.00192
84.90815353393555,3.150321451550029,4.760459285387898,4.155679908910191,-2.321477224103845,-0.32512327373723454,91.07773018864438,0.005706142145416612,-0.00192
84.93699312210083,3.146440859606885,4.752697942575203,4.071476273297026,-2.399501551949695,-0.4862040077064247,90.9166494546752,0.0056960502210459405,-0.00192
84.96351408958435,3.150321451550029,4.738953900227936,4.087533776602625,-2.5445439424386196,-0.6547734541237997,90.74808000825782,0.005685489118780442,-0.00192
84.9902126789093,3.146602550934708,4.770807743879945,4.026898982630804,-2.436499515338565,-0.5742337982809089,90.8286196641007,0.005690535036411795,-0.00192
85.01747274398804,3.1440154897222863,4.766280293091441,3.934454596298267,-2.3906556042715996,-0.5975604427134854,90.80529301966813,0.00568907359080229,-0.00192
85.04391765594482,3.139003058821934,4.770322659852132,3.772868470511081,-2.331969163136936,-0.723431427980732,90.67942203440089,0.005681187604486745,-0.002078
85.071284532547,3.138356293563549,4.772424690664912,3.647258175686286,-2.277058887941392,-0.92400874398759,90.47884471839403,0.0056686211661937545,-0.002078
85.10026502609253,3.134475702104743,4.782934845727641,3.484330930434929,-2.1694728567265464,-2.111283277073252,89.29157018530837,0.005594236821772921,-0.002078
85.12820601463318,3.1411050459417966,4.785845350501169,3.498406927003398,-2.0750137237931043,0.0,89.29157018530837,0.005594236821772921,-0.002078
85.15621566772461,3.141913502538625,4.787300602935897,3.523885133529402,-1.99931787488261,1.5389565998318537,86.6586247550339,0.0054292792536039195,-0.002078
85.18345022201538,3.142236885179265,4.777113836564057,3.5479698817057272,-2.0133519672284983,1.2901600779462925,86.40982823314833,0.005413691817287447,-0.002078
85.21047735214233,3.1415901198990754,4.788594160682509,3.5523291982339895,-1.947644017682211,1.3755252850715736,86.49519344027361,0.005419040062189037,-0.002078
85.23956775665283,3.143045341785638,4.789887718454402,3.583505736111484,-1.8931378252282658,1.2862460036735288,86.40591415887556,0.005413446595276293,-0.002078
85.26660752296448,3.142398576499994,4.791666360432044,3.5928293053251434,-1.843281377052996,1.304636397621097,86.42430455282313,0.005414598778161811,-0.002078
85.29874753952026,3.1487045382212635,4.791666360432044,3.7212308785548958,-1.8083818633303095,0.9804831310339608,86.100151286236,0.005394290140559444,-0.002078
85.32579469680786,3.1491896122170244,4.7784073941118,3.820486985900497,-1.871186132845107,0.6672169099688657,85.7868850651709,0.0053746635909841245,-0.002234
85.35546636581421,3.1512915995604054,4.770484354527675,3.9305912879589773,-1.9672767049692328,0.3282109904156726,85.44787914561772,0.005353424414721151,-0.002234
85.38249635696411,3.1508065255539868,4.767897239766206,3.9982892931091745,-2.051561355852124,0.11438053980318286,85.23404869500523,0.005340027649741544,-0.002234
85.41363191604614,3.1488662295529104,4.764339957133645,4.008177872026684,-2.133964829682622,-0.05743290149439961,85.06223525370764,0.005329263306838986,-0.002234
85.44407844543457,3.152585130256217,4.765148430442512,4.086974925255178,-2.186328120971108,-0.14158490484517453,84.97808325035686,0.005323991070783624,-0.002234
85.47269916534424,3.1542020436505944,4.7436430437694685,4.173382884250596,-2.3644715373300635,-0.3792532080150353,84.740414947187,0.005309100832318763,-0.002234
85.50324940681458,3.153716969629409,4.766927071756626,4.224493448971213,-2.335980707232317,-0.31739542525608305,84.80227272994595,0.005312976305505148,-0.002234
85.53034687042236,3.1470876249198168,4.7690291024619516,4.132145759167724,-2.3022073604695783,-0.3122490313199686,84.80741912388207,0.005313298733998644,-0.002234
85.55787920951843,3.140296589351783,4.771131133233789,3.9362522983199604,-2.2647362516037584,-0.3685177407677417,84.75115041443429,0.005309773423763276,-0.00239
85.58755803108215,3.143368724430096,4.765148430442512,3.8585019098535955,-2.2778681163159016,-0.4776854345230543,84.64198272067898,0.005302933921099289,-0.00239
85.61321687698364,3.1420751938588083,4.748493882262512,3.779076623325968,-2.396634700663031,-0.8602698181815867,84.25939833702044,0.005278964495519067,-0.00239
85.64301609992981,3.1399732067176855,4.760620980039452,3.6828538997490923,-2.3999842160245524,-1.0913058756926968,84.02836227950934,0.005264489776154142,-0.00239
85.67515587806702,3.142236885179265,4.784228403388977,3.659248018059505,-2.247009959340612,-0.8234155577659725,84.29625259743607,0.005281273464442207,-0.00239
85.70196676254272,3.136739380436654,4.771616217267507,3.536473842404309,-2.2229065862593282,-1.5318412383089306,83.5878269168931,0.005236889643893882,-0.00239
85.72815251350403,3.1354458499547437,4.784066708679928,3.4255319065719214,-2.1241194468945666,-3.009788048209993,82.10988010699205,0.005144294290856505,-0.00239
85.75466299057007,3.1393264414527615,4.785360266363366,3.4228725911211026,-2.0464578221496614,2.6135911561832645,81.45007400420572,0.005102956552167651,-0.00239
85.78604865074158,3.141266737260617,4.780671119881068,3.4585110912587806,-2.0229457075998,2.2700808537995227,81.10656370182197,0.0050814351702693885,-0.00239
85.81431746482849,3.146440859606885,4.791342970978007,3.5834581009410478,-1.9362745517287594,1.279720373770858,80.1162032217933,0.005019387755796699,-0.00239
85.84072136878967,3.146602550934708,4.78762399237018,3.6740460096677054,-1.9000727975518725,0.9732257687116692,79.80970861673411,0.0050001854570607875,-0.00255
85.86854839324951,3.149027920884831,4.792474834074055,3.784332575645909,-1.8428167150948302,0.8117944847268506,79.64827733274929,0.004990071570260725,-0.00255
85.89864110946655,3.145309020319764,4.785360266363366,3.7896581265161835,-1.8495459098898555,0.7885171537379421,79.62500000176038,0.004988613214204712,-0.00255
85.92827582359314,3.143368724430096,4.780024341081961,3.7558859895909404,-1.889362682332349,0.7753470128886353,79.61182986091107,0.004987788087188418,-0.00255
85.95572066307068,3.1472493162487325,4.779377562289165,3.807245539571715,-1.9214897363149952,0.5965043751213113,79.43298722314375,0.004976583355684374,-0.00255
85.9859459400177,3.1495129948822305,4.779862646383171,3.8869472526951734,-1.9407871891520712,0.44023549719596583,79.27671834521841,0.004966792900558847,-0.00255
86.0148549079895,3.157435870521438,4.758195560307406,4.095863558516079,-2.0968483778654377,0.01766657965995399,78.8541494276824,0.004940318390218053,-0.00255
86.04136419296265,3.1522617475806234,4.7636931784936305,4.142104901514064,-2.1699210573596734,-0.10381113347330762,78.73267171454914,0.004932707648303397,-0.00255
86.07336640357971,3.1522617475806234,4.765310125105464,4.174473841612628,-2.2104336522587142,-0.16103506378812033,78.67544778423432,0.004929122492197514,-0.002705
86.1048231124878,3.1532318956106855,4.754314888919925,4.215882112596077,-2.3111327726685826,-0.292477017616825,78.54400583040562,0.004920887477217844,-0.002705
86.13943004608154,3.1491896122170244,4.7531830264745,4.166742849729301,-2.3890689522752715,-0.4219974167886392,78.41448543123381,0.0049127728502187445,-0.002705
86.16826224327087,3.138517984877737,4.762076231921112,3.92609524282459,-2.3851137399347944,-0.6234562227788266,78.21302662524363,0.00490015118539415,-0.002705
86.197594165802,3.139811515401046,4.76886740778995,3.782641931665168,-2.337664311507186,-0.7599050150183093,78.07657783300415,0.004891602485262117,-0.002705
86.22340154647827,3.146602550934708,4.699338735137926,3.813474691174584,-2.7618955754471877,-1.1768092565595178,77.65967359146295,0.00486548287448203,-0.002705
86.25153422355652,3.1407816633049737,4.760297590736738,3.722557555986807,-2.657794484393533,-1.2532231695936176,77.58325967842885,0.004860695440179957,-0.002705
86.27824902534485,3.1318886412192954,4.764825041117786,3.4870404724124597,-2.555136535433664,-1.6962154008207309,77.14026744720174,0.004832941381800795,-0.002705
86.3078076839447,3.131726949916267,4.766118598426129,3.3190535124405436,-2.4747653464400132,-2.1240288931581155,76.71245395486436,0.004806138291803406,-0.002705
86.33541679382324,3.1396498240846786,4.773879942805052,3.3545877186686752,-2.3674417623346176,-2.2068510216507056,76.62963182637176,0.004800949374194394,-0.002705
86.36385178565979,3.1388413675069295,4.764501651794633,3.363836654469053,-2.354017286146956,-2.208636081769856,76.62784676625262,0.004800837537779972,-0.002864
86.3932855129242,3.144177181046016,4.764339957133645,3.473435968455018,-2.3456839808890044,-1.8573575152193706,76.97912533280311,0.004822845611863764,-0.002864
86.41848492622375,3.1454707116456757,4.781156203984539,3.575155503394689,-2.2292125337042696,-1.2857604853912143,77.55072236263126,0.004858656933636296,-0.002864
86.44559788703918,3.141751811218714,4.778084004722499,3.5744841352071623,-2.1678952586966327,-1.0168881078570795,77.8195947401654,0.004875502149278014,-0.002864
86.47174835205078,3.141913502538625,4.773071469389924,3.577139179272043,-2.157951842006245,-0.8822815840628804,77.9542012639596,0.004883935428817141,-0.002864
86.49725103378296,3.138517984877737,4.781802982794689,3.5133726735045063,-2.093544723099268,0.0,77.9542012639596,0.004883935428817141,-0.002864
86.5258686542511,3.1470876249198168,4.781156203984539,3.634361216341015,-2.0527150532514504,0.5911064616089153,79.4275893096314,0.004976245169151548,-0.002864
86.55320835113525,3.146925933591174,4.771292827911301,3.715928194361662,-2.0890278083689404,0.14691016866007214,78.98339301668256,0.004948415674688046,-0.002864
86.58196902275085,3.148219464227962,4.778245699416952,3.798025094843216,-2.068702122668308,0.17803929404896074,79.01452214207144,0.004950365956210912,-0.002864
86.60909223556519,3.145309020319764,4.782449761611152,3.7992428899542894,-2.026814606134095,0.3298834757892649,79.16636632381174,0.004959879198176538,-0.003013
86.63946270942688,3.151938364906124,4.786168739928344,3.9282204292583147,-1.9730252915394506,0.3520955019594398,79.18857834998192,0.004961270811454584,-0.003013
86.66615009307861,3.149674686215244,4.78471348751849,3.974754677525175,-1.9449472270166281,0.37437021862425157,79.21085306664673,0.004962666352376333,-0.003013
86.69466090202332,3.152585130256217,4.718418689280672,4.063578689104096,-2.361462007948115,-0.4454002631055795,78.3910825849169,0.0049113066304588195,-0.003013
86.72166204452515,3.14999806888209,4.771616217267507,4.075755463531807,-2.303023020284596,-0.3421212487375432,78.49436159928494,0.0049177771994486485,-0.003013
86.75015139579773,3.153716969629409,4.774041637489259,4.156154254468075,-2.246158305799656,-0.2125174319399467,78.62396541608254,0.0049258970526740616,-0.003013
86.77639675140381,3.1443388723700183,4.7779223100284405,4.031183290329568,-2.180821127454395,-0.1354930667992425,78.70098978122324,0.004930722732620663,-0.003013
86.80479979515076,3.1542020436505944,4.768058934435846,4.13432873980266,-2.1999786234613925,-0.14403248082051648,78.69245036720197,0.004930187726860825,-0.003013
86.83202028274536,3.1495129948822305,4.761591147957022,4.115905492856829,-2.2559419938611147,-0.24376646293434892,78.59271638508814,0.004923939258903935,-0.003013
86.85848593711853,3.138517984877737,4.767088766423906,3.890509093013848,-2.2589461986892534,-0.40010752168966346,78.43637532633282,0.004914144281552447,-0.003013
86.88532543182373,3.149027920884831,4.752374553310967,3.935856733988212,-2.357857489926408,-0.5626988094874324,78.27378403853506,0.004903957718955215,-0.003171
86.91311049461365,3.1448239463436627,4.752374553310967,3.8863500316509905,-2.4270953937924062,-0.7502224748227951,78.08626037319969,0.00489220910941239,-0.003171
86.93865299224854,3.1498363775485303,4.766603682423247,3.9485704012547225,-2.3819450629778047,-0.5909199237930717,78.24556292422942,0.0049021896282331855,-0.003171
86.96698188781738,3.141751811218714,4.763369789175982,3.835874563709163,-2.371616393056649,-0.7343487272096731,78.10213412081282,0.004893203621024322,-0.003171
86.993399143219,3.1457940942983207,4.707100071762738,3.8351125239127577,-2.734598331738103,-1.1443025936968325,77.69218025432566,0.004867519460578144,-0.003171
87.02255845069885,3.142883650463818,4.755931835303894,3.7783290622535826,-2.667409769056431,-1.1847064078375613,77.65177644018493,0.004864988107345839,-0.003171
87.04865264892578,3.137547836996697,4.770322659852132,3.6354555815573093,-2.5256970784863197,-1.3771075501255727,77.45937529789693,0.004852933917319782,-0.003171
87.08045411109924,3.140619971986971,4.774850110916205,3.5948191774954377,-2.3967110053711265,-1.4312123419643716,77.40527050605813,0.004849544179429511,-0.003171
87.1064612865448,3.137709528309523,4.780994509282987,3.510123663885843,-2.2659952791820372,-1.8797093628812995,76.9567734851412,0.004821445238581432,-0.00333
87.13497543334961,3.1404582806692405,4.76822062910588,3.5039618333714007,-2.2585367015378357,-1.9354092523648188,76.90107359565768,0.004817955565680948,-0.00333
87.16400003433228,3.150321451550029,4.767412155759645,3.6902736686546445,-2.2586348378256025,-0.7931534050188382,78.04332944300366,0.004889519428964424,-0.00333
87.19493913650513,3.1454707116456757,4.768705713118343,3.726941893534422,-2.250192908174029,-0.6422166283035209,78.19426621971897,0.004898975820786275,-0.00333
87.22190999984741,3.1470876249198168,4.7701609651769825,3.783859670361962,-2.234709104035215,-0.4576571021337623,78.37882574588873,0.004910538723028503,-0.00333
87.25252723693848,3.1530702042716583,4.763854873153044,3.9393271905550047,-2.265359737615459,-0.3564951202693961,78.4799877277531,0.004916876657088065,-0.00333
87.27973365783691,3.1495129948822305,4.781156203984539,3.979404408383473,-2.1729855634127917,-0.11735621799185278,78.71912663003064,0.004931859030562548,-0.00333
87.30560111999512,3.1512915995604054,4.775173500289741,4.0418334836970775,-2.147685288333634,-0.050260540479422765,78.78622230754307,0.004936062664891555,-0.00333
87.33252024650574,3.156304031104188,4.758680644246744,4.182408904206584,-2.2384855633593452,-0.18268511034593454,78.65379773767656,0.00492776608769712,-0.00333
87.36195826530457,3.1532318956106855,4.75754878172712,4.221436656411848,-2.3094925516852833,-0.27423533478381507,78.56224751323867,0.004922030343152264,-0.00333
87.38831353187561,3.1475726989073833,4.768382323776308,4.139381010302589,-2.287920964154591,-0.2766620488598973,78.5598207991626,0.004921878306255476,-0.003486
87.41856408119202,3.141751811218714,4.761106063996468,3.969441990042684,-2.3206931164191307,-0.4503316465977387,78.38615120142475,0.004910997672658472,-0.003486
87.44807243347168,3.1483811555587895,4.751404385527675,3.9786097538270506,-2.4074632995761607,-0.5986311707913967,78.23785167723109,0.0049017065082498515,-0.003486
87.4751718044281,3.1420751938588083,4.759327422838028,3.863152114107375,-2.4160748592820034,-0.7728153547638817,78.0636674932586,0.0048907936351339784,-0.003486
87.50789713859558,3.1445005636942938,4.751080996269715,3.8292067939575714,-2.476358175305798,-0.9258679388146255,77.91061490920787,0.004881204685140297,-0.003486
87.53696370124817,3.14142842857971,4.7636931784936305,3.746070035024657,-2.4355779155678987,-1.0433842159029576,77.79309863211954,0.004873842132515444,-0.003486
87.56483697891235,3.145955785625052,4.750595912385718,3.7753743557615516,-2.4932017982750256,-1.0521164141516484,77.78436643387084,0.00487329504856478,-0.003486
87.59177684783936,3.140296589351783,4.761106063996468,3.6865123159356767,-2.4643897003034234,-1.229168308883302,77.6073145391392,0.004862202509517512,-0.003486
87.61866426467896,3.138679676192197,4.776628752490158,3.593058870859867,-2.3420937298415794,-1.4498950962138657,77.38658775180863,0.0048483736797783365,-0.003486
87.64539241790771,3.1393264414527615,4.773879942805052,3.540141466122673,-2.2745716307157138,-1.7544717244895658,77.08201112353294,0.004829291544864421,-0.003486
87.67359280586243,3.141751811218714,4.76886740778995,3.5499743091167484,-2.260284835053822,-1.7010018392636768,77.13548100875883,0.004832641505002494,-0.003645
87.70346641540527,3.143692107075646,4.763046399859906,3.5943573211143307,-2.2885818896178516,-1.4009161061342759,77.43556674188824,0.004851442279302658,-0.003645
87.7308087348938,3.145309020319764,4.7890792448440065,3.656675448344064,-2.137113477959914,-0.08017875243320115,78.75630409558931,0.004934188248722078,-0.003645
87.75968337059021,3.144177181046016,4.790211107901325,3.6784231241675056,-2.0236387904538025,0.763286713024572,79.59976956104708,0.004987032493200759,-0.003645
87.78625917434692,3.1451473289941236,4.7890792448440065,3.712396508574421,-1.9516533085450718,0.8878922645078807,79.7243751125304,0.004994839198389821,-0.003645
87.8196268081665,3.1504831428844082,4.785036876940138,3.8393029433725867,-1.927859182117982,0.6385386878694291,79.47502153589194,0.004979216861844763,-0.003645
87.84728455543518,3.1488662295529104,4.785845350501169,3.896887427211067,-1.905884151567119,0.5965302158399506,79.43301306386246,0.0049765849746401134,-0.003645
87.87370681762695,3.1472493162487325,4.744451516827153,3.9059465459058065,-2.1628416200069944,-0.10153256417781453,78.7349502838447,0.004932850403730675,-0.003645
87.90430116653442,3.1488662295529104,4.772262995984643,3.9435379489843148,-2.1597334359506966,-0.08313143985955802,78.75335140816296,0.004934003258888329,-0.003801
87.93082594871521,3.152585130256217,4.774041637489259,4.041726979125494,-2.1458555967659323,-0.03649939261844308,78.79998345540407,0.004936924819291059,-0.003801
87.95963764190674,3.148219464227962,4.775658584353,4.0260842441778895,-2.1255028269323284,0.006990089015610097,78.84347293703813,0.004939649493736946,-0.003801
87.98568773269653,3.144177181046016,4.760135896085971,3.937009281251195,-2.213383388439274,-0.22822031308820268,78.60826253493431,0.004924913246075689,-0.003801
88.01330137252808,3.146925933591174,4.7497874392535655,3.9277818397987767,-2.3429847685151914,-0.5430942014012536,78.29338864662127,0.0049051859739876295,-0.003801
88.040363073349,3.1472493162487325,4.763369789175982,3.927572634717206,-2.3443441869328194,-0.5461660196568876,78.29031682836563,0.0049049935204473925,-0.003801
88.06963443756104,3.1445005636942938,4.763531483834609,3.874301158384453,-2.344231951767293,-0.6210253175423063,78.21545753048021,0.004900303484872773,-0.003801
88.10331678390503,3.1472493162487325,4.762237926576595,3.890136157727165,-2.352664011542018,-0.6149169433030623,78.22156590471945,0.004900686182724536,-0.003801
88.13477802276611,3.14142842857971,4.768544018447128,3.7887205896633525,-2.3170771579162155,-0.7190738260178517,78.11740902200467,0.0048941606141035005,-0.003801
88.1634578704834,3.144177181046016,4.756902003153118,3.770854723091019,-2.3687619797084976,-0.8846315032126272,77.9518513448099,0.004883788203225653,-0.003801
88.19261956214905,3.142560267820996,4.765471819768811,3.7270985980280895,-2.348558469813965,-0.9643867128490509,77.87209613517348,0.0048787914322029205,-0.00396
88.22451376914978,3.147896081567126,4.771131133233789,3.7995943734112427,-2.297182028144827,-0.6383849262736794,78.19809792174885,0.004899215882065756,-0.00396
88.2502224445343,3.1493513035494907,4.780186035781146,3.8784664343387534,-2.2016441367861224,-0.22661305101761925,78.60986979700492,0.0049250139432035255,-0.00396
88.27900314331055,3.1542020436505944,4.780347730480726,4.027426940609096,-2.133703784507717,-0.003057390104336867,78.8334254579182,0.0049390200056728195,-0.00396
88.30531930923462,3.1493513035494907,4.774850110916205,4.037949231377254,-2.122315699586105,0.021808868715900737,78.85829171673844,0.00494057791019195,-0.00396
88.3344213962555,3.1543637349915365,4.763369789175982,4.14218990073868,-2.189875838682463,-0.10197621178220623,78.73450663624033,0.004932822608612288,-0.00396
88.36179089546204,3.1509682168891864,4.76676537708974,4.149533324146579,-2.2148275462912204,-0.14388038817536017,78.69260245984717,0.00493019725566936,-0.00396
88.392258644104,3.1558189570723307,4.7636931784936305,4.24842378573882,-2.252506475257706,-0.17801327023484295,78.65846957778768,0.00492805878475599,-0.00396
88.4188756942749,3.1493513035494907,4.766280293091441,4.192647022968054,-2.2618604762149888,-0.20865366828275272,78.62782917973978,0.004926139122657567,-0.004119
88.4481155872345,3.1470876249198168,4.761752842611326,4.109853260965498,-2.298195462759203,-0.3044901219392565,78.53199272608327,0.004920134840094267,-0.004119
88.47579789161682,3.147896081567126,4.756578613868473,4.067522637467435,-2.3576724489997964,-0.4354720737482033,78.40101077427433,0.004911928644859077,-0.004119
88.50517868995667,3.147734390237118,4.751080996269715,4.0347661990275085,-2.4354764881082516,-0.592252373071523,78.24423047495101,0.004902106148495951,-0.004119
88.53163433074951,3.1411050459417966,4.759650812136027,3.8837116150182007,-2.4335564352654075,-0.7900390495204819,78.04644379850205,0.004889714547520062,-0.004119
88.56022214889526,3.136739380436654,4.769675881153892,3.693598360275405,-2.3662550574833987,-1.1422653910879483,77.69421745693458,0.004867647094058265,-0.004119
88.58596754074097,3.1341523194902536,4.777760615334775,3.5105190565445907,-2.265952681921404,-2.1079545521203547,76.72852829590218,0.004807145370862862,-0.004119
88.61375570297241,3.136901071748118,4.769999270502225,3.435488570976786,-2.2468047738223604,-2.5125126567912086,76.32397019123133,0.004781799262142861,-0.004119
88.64118957519531,3.1432070331077306,4.784875182229117,3.504842298869781,-2.1355290362146717,3.135728760255781,75.68902630109872,0.004742019174475369,-0.004119
88.67044258117676,3.141751811218714,4.795061949794902,3.5252648920397123,-1.990614825450825,1.9756234709497418,74.52892101179268,0.004669337019675081,-0.004119
88.69642162322998,3.142560267820996,4.78439009809842,3.5551857162921463,-1.9593875575467934,1.7517276711999263,74.30502521204286,0.004655309647050753,-0.004277
88.72351264953613,3.142883650463818,4.773071469389924,3.582380296919155,-2.0119964512013593,1.6112878302936795,74.16458537113661,0.004646510902358379,-0.004277
88.75014114379883,3.1509682168891864,4.794091781387722,3.7576666014729114,-1.9105249872850303,0.9220478990608649,73.47534543990379,0.004603329094777473,-0.004277
88.7775092124939,3.140134898034598,4.790857886799915,3.6709918861901385,-1.8607715330124264,1.2756201126529259,73.82891765349585,0.004625480868929587,-0.004277
88.80506420135498,3.152585130256217,4.7819646774982125,3.8509447351695765,-1.8844546784503347,0.7592764977153263,73.31257403855825,0.004593131247824519,-0.004277
88.83259057998657,3.1491896122170244,4.784875182229117,3.911286685530751,-1.8818839694542537,0.6622211801186801,73.21551872096161,0.00458705060179801,-0.004277
88.86150050163269,3.1445005636942938,4.784066708679928,3.862900993953917,-1.885403615130999,0.7353362396718396,73.28863378051477,0.004591631358497994,-0.004277
88.88829231262207,3.1407816633049737,4.781156203984539,3.757155967932349,-1.9070162776736639,0.9319886055478933,73.48528614639082,0.004603951893392715,-0.004277
88.91600918769836,3.1435304157527346,4.782611456316253,3.7362594804311127,-1.9125706862741898,0.9830319038622745,73.5363294447052,0.00460714982460103,-0.004277
88.94875574111938,3.145309020319764,4.778245699416952,3.7560069598658345,-1.945182137202008,0.8442852949542036,73.39758283579714,0.004598457163167944,-0.004277
88.9751923084259,3.145309020319764,4.767735545096959,3.76983019547012,-2.0371589865428095,0.48382516992982977,73.03712271077276,0.004575873852111734,-0.004434
89.00169920921326,3.1445005636942938,4.766118598426129,3.7638814509114895,-2.112181062216427,0.10938312556654564,72.66268066640949,0.004552414555026356,-0.004434
89.02763986587524,3.1360926151935207,4.764663346456012,3.59721723892175,-2.1742709679882517,0.0,72.66268066640949,0.004552414555026356,-0.004434
89.0549590587616,3.1396498240846786,4.7758202790415405,3.5493023272055284,-2.1443297585332637,0.0,72.66268066640949,0.004552414555026356,-0.004434
89.08859038352966,3.137547836996697,4.7701609651769825,3.475136867023677,-2.1606048992866778,-2.8938491653711886,69.65944837547175,0.004364258017612642,-0.004434
89.11657381057739,3.138679676192197,4.774041637489259,3.445096056621473,-2.146465621101119,-3.0380573672141713,69.51524017362877,0.004355223180045361,-0.004434
89.14530420303345,3.1456324029718616,4.7758202790415405,3.558442567028639,-2.1248660157122847,0.0,69.51524017362877,0.004355223180045361,-0.004434
89.17336010932922,3.1318886412192954,4.774365026858856,3.3721599801417224,-2.1193207461389156,3.0866829712924724,69.35679520495583,0.00434529638991125,-0.004434
89.19985628128052,3.1399732067176855,4.790211107901325,3.398012249520103,-2.0111838781791036,2.5828972005547195,68.85300943421808,0.0043137335346148595,-0.004434
89.23091912269592,3.1407816633049737,4.78083281458183,3.4317338468286818,-1.9971901184853011,2.4388073022834,68.70891953594676,0.0043047061089252665,-0.00459
89.2593743801117,3.144177181046016,4.78439009809842,3.520964003106746,-1.9639902626709267,1.9604459728106691,68.23055820647403,0.004274736129028005,-0.00459
89.28683018684387,3.144662255018842,4.792959918264003,3.592800118142909,-1.8843674550961589,1.5566749770605002,67.82678721072386,0.004249439333739247,-0.00459
89.31257843971252,3.14854284688989,4.7759819737304765,3.7180854455096375,-1.9403334712515128,0.9743363865597068,67.24444862022307,0.004212955038760919,-0.00459
89.33942008018494,3.144985637668757,4.7890792448440065,3.7370351316123176,-1.8933395851034767,1.0128384261087726,67.28295065977213,0.00421536724326031,-0.00459
89.36953020095825,3.147896081567126,4.793768391921826,3.8065499469202075,-1.8295928381102051,0.9445604027984696,67.21467263646183,0.004211089533378765,-0.00459
89.39665484428406,3.1380329109359915,4.782288066906444,3.6645852058173842,-1.8605019353044712,1.3004774364703224,67.57058967013369,0.004233388213658787,-0.00459
89.42611742019653,3.1487045382212635,4.790049413177667,3.771460008899464,-1.8310745390807126,1.023350480159329,67.29346271382269,0.0042160258375679265,-0.00459
89.45380425453186,3.146440859606885,4.715669881993728,3.802522343289489,-2.299836190812331,-0.6835834438717043,65.58652878979166,0.004109084134220896,-0.00459
89.48635149002075,3.148219464227962,4.761752842611326,3.8586409990926804,-2.3247784629773522,-0.6350771897785237,65.63503504388484,0.00411212311620062,-0.00459
89.51242423057556,3.1443388723700183,4.7556084460239605,3.822924011566786,-2.3826635167941075,-0.8335369876234846,65.43657524603988,0.004099689343265035,-0.00475
89.54504776000977,3.142560267820996,4.756578613868473,3.7635470999610865,-2.416800086824218,-1.0344674720322136,65.23564476163115,0.0040871007784972395,-0.00475
89.5713243484497,3.144177181046016,4.756740308510599,3.7532332802994444,-2.4396318578959963,-1.0932452964509962,65.17686693721237,0.004083418268838322,-0.00475
89.59984064102173,3.148219464227962,4.763531483834609,3.8241386549996603,-2.410933321441515,-0.8824385207269828,65.38767371293638,0.004096625596524318,-0.00475
89.62585830688477,3.1394881327685837,4.765956903761209,3.705022316737649,-2.37488692474479,-1.1424228966329422,65.12768933703042,0.004080337226124287,-0.00475
89.65594577789307,3.143368724430096,4.758033865661746,3.6966409227459662,-2.401782020752891,-1.207319917845759,65.0627923158176,0.004076271340566011,-0.00475
89.6828145980835,3.1404582806692405,4.758033865661746,3.6345239145734816,-2.420608587958573,-1.4309054424007313,64.83920679126263,0.004062263407099447,-0.00475
89.71150302886963,3.147896081567126,4.764016567812852,3.7347920949930398,-2.394425548296164,-1.0780273611800175,65.19208487248333,0.004084371692926033,-0.00475
89.74067831039429,3.144985637668757,4.7784073941118,3.748729786250699,-2.2814167123211955,-0.7666956861881203,65.50341654747523,0.004103877040591097,-0.0049
89.76870489120483,3.143368724430096,4.774526721544245,3.7272361514051098,-2.227842405531204,-0.6211771431179242,65.64893509054542,0.004112993972796507,-0.0049
89.79777884483337,3.1472493162487325,4.776628752490158,3.787190652841625,-2.176510623501012,-0.22226238628406386,66.04784984737928,0.004137986518193538,-0.0049
89.82565140724182,3.1480577728974075,4.769514186480317,3.8447838137772887,-2.187386817404544,-0.2140936528732482,66.0560185807901,0.004138498300315178,-0.0049
89.85568737983704,3.147896081567126,4.776305363109529,3.8819740244357046,-2.1503193683450554,-0.0596671230289561,66.21044511063438,0.004148173329858513,-0.0049
89.88536238670349,3.1504831428844082,4.769352491807135,3.9580072044754626,-2.1701167669489982,-0.10155160446787516,66.16856062919547,0.004145549210830925,-0.0049
89.91123604774475,3.151453290896425,4.770484354527675,4.02998044306895,-2.1765281488419332,-0.09944205796504285,66.1706701756983,0.004145681376753183,-0.0049
89.93884229660034,3.1564657224486887,4.774526721544245,4.177236778038313,-2.1544204110957264,-0.03624712989212213,66.23386510377122,0.004149640623889739,-0.0049
89.96493458747864,3.1567891051385097,4.76822062910588,4.286566217075488,-2.1804342938774064,-0.06822309515939365,66.20188913850396,0.004147637286710892,-0.0049
89.99521279335022,3.1512915995604054,4.762399621232471,4.256846749781465,-2.2369418229793308,-0.15620991583611374,66.11390231782724,0.004142124794198565,-0.0049
90.02408051490784,3.1491896122170244,4.748332187640394,4.195418095759084,-2.3690501231450987,-0.37728868656580067,65.89282354709755,0.004128273912226598,-0.005059
90.05388140678406,3.146117476952057,4.693194344277959,4.0930430002089055,-2.8242910692130287,-0.9531302704777971,65.31698196318555,0.0040921966634388,-0.005059
90.07932639122009,3.146117476952057,4.762399621232471,4.021380433323793,-2.6876415657142627,-0.9231962757972031,65.34691595786614,0.004094072068417314,-0.005059
90.10713911056519,3.1411050459417966,4.754314888919925,3.8743415790255966,-2.6451783120874763,-1.083112251879236,65.18699998178411,0.004084053117692949,-0.005059
90.13389420509338,3.1443388723700183,4.746876936058976,3.833914417519816,-2.6643901157637595,-1.161068089229827,65.10904414443353,0.004079169079761107,-0.005059
90.16559886932373,3.1435304157527346,4.7636931784936305,3.789990395142343,-2.567200273888483,-1.1644382087552905,65.10567402490807,0.004078957937245593,-0.005059
90.19477868080139,3.1411050459417966,4.716316660168759,3.712368552298593,-2.810868895969287,-1.4136431045638445,64.85646912909951,0.004063344915754257,-0.005059
90.22180581092834,3.1399732067176855,4.775173500289741,3.6361582500298897,-2.5942036211231767,-1.504830606985743,64.7652816266776,0.004057631896230964,-0.005059
90.24817514419556,3.1435304157527346,4.777113836564057,3.6515610778994,-2.429771989596891,-1.4147789527257348,64.85533328093761,0.004063273753341075,-0.00521
90.28277111053467,3.1445005636942938,4.784875182229117,3.6810930686119945,-2.2636060872568473,-1.018110600662423,65.25200163300093,0.0040881255584615285,-0.00521
90.30994081497192,3.147734390237118,4.790211107901325,3.7642655008286776,-2.112183616961638,0.1910871083183022,66.46119934198165,0.004163883419302645,-0.00521
90.33823084831238,3.1448239463436627,4.776143668419806,3.766236168439328,-2.098740956297481,0.2687258430209369,66.53883807668429,0.004168747590327614,-0.00521
90.3665702342987,3.146440859606885,4.782611456316253,3.7988656549674427,-2.046777961310868,0.46329593367852134,66.73340816734186,0.004180937667882677,-0.00521
90.39390873908997,3.1532318956106855,4.771616217267507,3.952956381944435,-2.0827441876385167,0.17090285836489247,66.44101509202824,0.00416261884892859,-0.00521
90.42109704017639,3.1483811555587895,4.782611456316253,3.967069828158285,-2.035580223249589,0.28891502597587987,66.55902725963922,0.004170012469760842,-0.00521
90.44802355766296,3.14999806888209,4.779377562289165,4.008199260869754,-2.023842014957063,0.28779445615018756,66.55790668981354,0.004169942264555948,-0.00521
90.47395753860474,3.1521000562432366,4.770322659852132,4.077614891027738,-2.075199650616762,0.14137689983542115,66.41148913349878,0.004160769007963078,-0.00521
90.50291705131531,3.1532318956106855,4.7701609651769825,4.148080847186648,-2.1122138237451225,0.05473342704515635,66.3248456607085,0.00415534067800042,-0.00521
90.52961015701294,3.1521000562432366,4.768705713118343,4.175532001449568,-2.1476981983176886,-0.01081929855689406,66.25929293510646,0.004151233711681321,-0.005366
90.55834174156189,3.1470876249198168,4.769514186480317,4.097872745902561,-2.1672181197762215,-0.05275110646795309,66.2173611271954,0.004148606627586678,-0.005366
90.58651185035706,3.1457940942983207,4.752697942575203,4.018511251448122,-2.2915201789203588,-0.3546708323665974,65.91544140129676,0.004129690951175831,-0.005366
90.61503791809082,3.148219464227962,4.752697942575203,4.009833234803735,-2.378531620321247,-0.5394251149701256,65.73068711869323,0.0041181158471814,-0.005366
90.64360499382019,3.1498363775485303,4.752212858679437,4.035008643461624,-2.4426311129483986,-0.6210564797479858,65.64905575391536,0.004113001532518726,-0.005366
90.672780752182,3.140943354623248,4.772101301304768,3.8807563243522387,-2.356649909207336,-0.6794289416665579,65.5906832919968,0.0041093444193649915,-0.005366
90.70229434967041,3.142560267820996,4.7753351949770995,3.8040297189109293,-2.2751865021429087,-0.6131451634861779,65.65696707017717,0.0041134971871101805,-0.005366
90.72949385643005,3.142560267820996,4.781802982794689,3.7503210951020014,-2.175608985194925,-0.23506508524518788,66.03504714841816,0.004137184411905142,-0.005366
90.7553641796112,3.140134898034598,4.783581624555152,3.6658500317304985,-2.0942026113027046,0.7975958473127353,67.06770808097608,0.004201882006553023,-0.005366
90.78064966201782,3.142236885179265,4.787462297652841,3.647345310446489,-2.0116862676977854,1.3488387718409232,67.61895100550426,0.0042364181162858625,-0.005366
90.81095004081726,3.142560267820996,4.790534497349831,3.640642009176919,-1.9337120862910324,1.4614315936389075,67.73154382730225,0.004243472207822862,-0.005525
90.8370611667633,3.1404582806692405,4.792636528803642,3.5953246750751626,-1.8653003886875128,1.6510544852198963,67.92116671888323,0.004255352336709967,-0.005525
90.86504817008972,3.1440154897222863,4.779539256986772,3.632352581009327,-1.9035823024492906,1.5091820476102578,67.7792942812736,0.00424646383790965,-0.005525
90.899977684021,3.142560267820996,4.790372802625381,3.630147098570882,-1.8591031391080088,1.5266301334679528,67.79674236713129,0.0042475569839274885,-0.005525
90.926677942276,3.142883650463818,4.786168739928344,3.634853264514247,-1.8556272646211922,1.5107434613022268,67.78085569496557,0.004246561662574974,-0.005525
90.95527458190918,3.1487045382212635,4.796193812954607,3.7506476499872767,-1.7872367853161795,1.2111759834021312,67.48128821706547,0.004227793357661124,-0.005525
90.98390579223633,3.1487045382212635,4.782611456316253,3.831703719818392,-1.8287250416239664,0.9692889340075291,67.23940116767086,0.0042126388090780375,-0.005525
91.01391911506653,3.1451473289941236,4.783743319263016,3.8196929255300383,-1.8503200224212328,0.9627112920979568,67.23282352576129,0.00421222671097634,-0.005525
91.0435221195221,3.1448239463436627,4.788755855402613,3.805035365730275,-1.8324578278547756,1.0247521156044157,67.29486434926775,0.004216113651911444,-0.005684
91.07131719589233,3.14999806888209,4.796678897171843,3.894775137170132,-1.7678266938181495,0.9312185514219767,67.20133078508532,0.004210253648467276,-0.005684
91.09953379631042,3.140943354623248,4.792474834074055,3.7825928699481914,-1.75024444248123,1.1727518359919538,67.4428640696553,0.00422538603320887,-0.005684
91.12809228897095,3.142721959142271,4.788755855402613,3.7384403026506092,-1.7624049218967754,1.264528636146597,67.53464086980995,0.004231135973026751,-0.005684
91.15536260604858,3.149674686215244,4.782449761611152,3.8419085888997784,-1.8124065655940222,0.9703656975748439,67.24047793123819,0.004212706269761998,-0.005684
91.18482255935669,3.149027920884831,4.756740308510599,3.9018363811083803,-2.0165563930348456,0.39999149053056426,66.67010372419391,0.004176971559479554,-0.005684
91.21259641647339,3.151938364906124,4.782126372202131,4.00003587306615,-1.9924402521101574,0.36038219631917967,66.63049442998252,0.004174489983988138,-0.005684
91.23805856704712,3.149027920884831,4.777113836564057,4.012525480024832,-2.0085376312877874,0.31292958090391265,66.58304181456725,0.00417151701388699,-0.005684
91.26518487930298,3.1483811555587895,4.777760615334775,4.008768196814537,-2.01555048358448,0.29927292624775836,66.56938515991109,0.004170661406127141,-0.005684
91.29718518257141,3.13560754126403,4.775011805602776,3.7592629562498847,-2.0385445606981314,0.6150795848064631,66.88519181846979,0.004190447117524126,-0.005684
91.32639741897583,3.141266737260617,4.770646049203613,3.693984346848948,-2.08336377629458,0.6273455961255174,66.89745782978885,0.004191215599610787,-0.005842
91.35863518714905,3.1315652586135108,4.773879942805052,3.4607892230814645,-2.0934606632328103,2.8976004446841075,69.16771267834744,0.004333450115615577,-0.005842
91.38580965995789,3.1362543065038957,4.776143668419806,3.3881776810525697,-2.0856348886873075,2.9389859519700834,69.20909818563342,0.0043360429732421865,-0.005842
91.41880345344543,3.1360926151935207,4.776305363109529,3.3342246000204914,-2.0790930182429954,2.954110141588695,69.22422237525204,0.004336990524038845,-0.005842
91.44589591026306,3.1411050459417966,4.76676537708974,3.3933324957133,-2.1372795719835835,-3.126455491840202,69.42684204900273,0.004349684918788084,-0.005842
91.47570776939392,3.1411050459417966,4.763369789175982,3.434708022698249,-2.200350549360704,-2.8005526041454036,69.75274493669752,0.004370103172503197,-0.005842
91.50517416000366,3.133505554264539,4.759489117486831,3.316795814098229,-2.2700321061379394,-2.7219346411029433,69.83136289973999,0.0043750286934991,-0.005842
91.53304243087769,3.141266737260617,4.769837575827863,3.384257347342775,-2.250724198935352,-2.68460262236675,69.86869491847618,0.00437736759462282,-0.005842
91.55910134315491,3.1420751938588083,4.779377562289165,3.4471054295683934,-2.1744427979371013,-2.915208948229135,69.6380885926138,0.004362919798522966,-0.006
91.58909916877747,3.1394881327685837,4.781479593388824,3.4410990589357593,-2.1072160489495992,2.9903791034232348,69.26049133708658,0.00433926282321962,-0.006
91.61798906326294,3.145309020319764,4.786815518787433,3.5493946648190757,-2.0250509878012473,2.143907780491912,68.41402001415526,0.00428623025773231,-0.006
91.6504476070404,3.1504831428844082,4.783743319263016,3.725201652743828,-1.9877481847453198,0.9474988631655766,67.21761109682892,0.004211273631868139,-0.006
91.67887759208679,3.1415901198990754,4.781641288091559,3.676391437960643,-1.975465991367273,1.2294588135015707,67.4995710471649,0.004228938801527059,-0.006
91.70795440673828,3.1487045382212635,4.783419929847683,3.7797243713997424,-1.9551663440025617,0.8414235462194085,67.11153577988274,0.004204627870765383,-0.006
91.73918533325195,3.1411050459417966,4.770484354527675,3.7051823356787645,-2.0260628527794413,0.9024485617540448,67.17256079541738,0.004208451169966468,-0.006
91.76741051673889,3.151938364906124,4.768382323776308,3.8623780412654387,-2.089520174920498,0.17830842483698878,66.44842065850032,0.0041630828176163195,-0.006
91.79436707496643,3.154040352309926,4.737822038043091,4.013040063260433,-2.335003772123532,-0.47597695648738725,65.79413527717595,0.004122090959543308,-0.006
91.82713103294373,3.1498363775485303,4.77290977470808,4.037253423381317,-2.275991629615698,-0.33074464320147745,65.93936759046187,0.004131189959068226,-0.006
91.8532133102417,3.1501597602159226,4.717771911085376,4.060452779591094,-2.597448399109277,-0.8143426813932731,65.45576955227007,0.004100891892334993,-0.006157
91.88786554336548,3.147734390237118,4.766280293091441,4.029817298514055,-2.503319822911102,-0.7371097344456657,65.53300249921767,0.004105730640211995,-0.006157
91.9153482913971,3.1543637349915365,4.759489117486831,4.136497547734455,-2.4821105976232163,-0.5952876948593661,65.67482453880397,0.004114615981508447,-0.006157
91.9433000087738,3.1508065255539868,4.753991499647841,4.142423674951998,-2.503434290242293,-0.6178896943859042,65.65222253927743,0.004113199935875755,-0.006157
91.974285364151,3.139003058821934,4.76886740778995,3.918446825568667,-2.420488696722435,-0.7711495313093545,65.49896270235398,0.0041035980012111865,-0.006157
92.00130248069763,3.1415901198990754,4.759327422838028,3.811663058938042,-2.4251926372843915,-1.0006828199558286,65.2694294137075,0.0040892174323343715,-0.006157
92.03320288658142,3.138517984877737,4.763046399859906,3.677539389270717,-2.4040173511792657,-1.3848560635038871,64.88525617015944,0.004065148462547679,-0.006157
92.0590250492096,3.1328587890431776,4.7758202790415405,3.474277764640767,-2.3051522267669817,-2.314350308376901,63.955761925286424,0.004006914399472034,-0.006157
92.09132218360901,3.136739380436654,4.769999270502225,3.406994665011204,-2.2742444552142627,-2.5902532736210206,63.6798589600423,0.003989628708065759,-0.006316
92.12117910385132,3.134637393412396,4.785521961075572,3.319271474521613,-2.150481499563069,-3.104453309407218,63.16565892425611,0.0039574133850741,-0.006316
92.14727807044983,3.13560754126403,4.7890792448440065,3.2766152506448294,-2.040443204921562,2.8666122077659697,62.85353913424971,0.003937858660944665,-0.006316
92.17599987983704,3.1432070331077306,4.782611456316253,3.393630974637371,-2.0059695353477283,2.6211439365208715,62.60807086300461,0.003922479744001818,-0.006316
92.20445227622986,3.1440154897222863,4.775658584353,3.4911669907028697,-2.0275825839395836,2.4492591613847967,62.436186087868535,0.003911710931938452,-0.006316
92.23099946975708,3.144177181046016,4.785521961075572,3.562567203818692,-1.977818189670788,1.9404816106133747,61.927408537097115,0.0038798353349172535,-0.006316
92.26009964942932,3.1470876249198168,4.784228403388977,3.668797387560945,-1.9514937408929753,1.3385273873090473,61.32545431379279,0.003842122094193161,-0.006316
92.28583574295044,3.144985637668757,4.785036876940138,3.7025334910482215,-1.9277474847615221,1.2160019941045888,61.202928920588334,0.003834445713714645,-0.006316
92.31371355056763,3.1480577728974075,4.732647811156441,3.785523800521926,-2.2558053724594695,-0.6357545317211536,59.35117239476259,0.003718430679818006,-0.006316
92.34182286262512,3.144662255018842,4.779054172895132,3.777991976333532,-2.1801272760248676,-0.272036260879714,59.71489066560403,0.003741218118086479,-0.006316
92.36970138549805,3.140134898034598,4.786977213503193,3.68521964859259,-2.0750250183201677,0.8090340936004399,60.795961020084185,0.003808948628048494,-0.006475
92.39731049537659,3.1467642422628046,4.783096540433927,3.7484040949781225,-2.0269853196202434,0.732880881210709,60.71980780769445,0.003804177526992002,-0.006475
92.42509436607361,3.1440154897222863,4.7866538240720695,3.7395081749413843,-1.969953305701847,0.9742583486414254,60.96118527512517,0.0038193001495805045,-0.006475
92.45586252212524,3.1495129948822305,4.783743319263016,3.8395310974539334,-1.9491798072757378,0.7215063070068883,60.70843323349063,0.0038034648946381196,-0.006475
92.4830334186554,3.1475726989073833,4.766280293091441,3.8720471190320147,-2.0495318086276284,0.3406207717524764,60.327547698236216,0.003779601904192561,-0.006475
92.51780772209167,3.146602550934708,4.730222392441123,3.876058322331348,-2.3570118123750183,-0.7250651855558405,59.2618617409279,0.003712835247379963,-0.006475
92.54513430595398,3.141751811218714,4.77096943855667,3.785116108462815,-2.3041631961170888,-0.8154888628829708,59.17143806360077,0.0037071700825249405,-0.006475
92.57174897193909,3.143692107075646,4.761267758649593,3.7589565806566,-2.3309988507712025,-0.9761730261501171,59.01075390033362,0.0036971030038414846,-0.006475
92.60079503059387,3.1440154897222863,4.77290977470808,3.74689491491633,-2.2731881846690576,-0.8516506617076008,59.13527626477614,0.003704904497250693,-0.006475
92.62803387641907,3.1407816633049737,4.7701609651769825,3.675951712606026,-2.2508057975817275,-1.1721710146152897,58.814755911868446,0.0036848234665706114,-0.006475
92.6537778377533,3.140296589351783,4.742996265330369,3.6169164657267805,-2.4138612219033466,-1.612598593689795,58.37432833279394,0.003657230087094031,-0.006633
92.68388247489929,3.1388413675069295,4.769514186480317,3.5474667774097237,-2.3535322362861706,-1.9310234083691697,58.05590351811456,0.0036372803446989904,-0.006633
92.71130347251892,3.128331432615463,4.7784073941118,3.295726896285044,-2.2527913939142095,-2.811926586781184,57.17500033970255,0.003582090577211845,-0.006633
92.73877286911011,3.136739380436654,4.784875182229117,3.282009057162209,-2.13971967027897,-3.140202463429777,56.84672446305396,0.0035615236525510276,-0.006633
92.76527833938599,3.1394881327685837,4.779700951684774,3.3255315982514535,-2.0946119712463735,2.9945817416391973,56.69832336094335,0.003552226124149456,-0.006633
92.79321813583374,3.1435304157527346,4.780671119881068,3.4341224216544832,-2.0566536119674965,2.7361232963537483,56.4398649156579,0.003536033355352655,-0.006633
92.82022714614868,3.141266737260617,4.793283307725947,3.466385972632144,-1.9471041425360671,2.2644191763237713,55.968160795627924,0.0035064804585699318,-0.006633
92.84595942497253,3.1472493162487325,4.786330434642524,3.6045955277005577,-1.9161641385974577,1.6649725996502238,55.36871421895437,0.003468924325275899,-0.006633
92.87617540359497,3.141266737260617,4.783743319263016,3.5857171468644107,-1.9115273903026748,1.7448410540260175,55.448582673330165,0.003473928191233681,-0.006792
92.9040834903717,3.146925933591174,4.782288066906444,3.6818773457280334,-1.9178561218392038,1.3197008774538264,55.02344249675797,0.003447292588060174,-0.006792
92.93220543861389,3.147734390237118,4.781156203984539,3.7648144948099245,-1.9297330323694033,0.9799198425828165,54.68366146188696,0.003426004849781289,-0.006792
92.95896792411804,3.1487045382212635,4.778569088807041,3.841620511194228,-1.9550681228736915,0.7001672749997689,54.40390889430392,0.0034084779756171244,-0.006792
92.98491477966309,3.154040352309926,4.780186035781146,3.998509792210588,-1.9621644030963212,0.4380089310235019,54.14175055032765,0.0033920534031970915,-0.006792
93.01372218132019,3.1506448342190607,4.7263417226794315,4.042707243998942,-2.321386488435153,-0.41925550130286854,53.28448611800128,0.003338344634907277,-0.006792
93.04132747650146,3.1474110075779214,4.777437225948628,4.0111454196328,-2.2366723401566473,-0.25562990139948377,53.448111717904666,0.0033485959985473674,-0.006792
93.0687460899353,3.144985637668757,4.771939606625287,3.942177113498508,-2.2135425964482,-0.24032859190632283,53.46341302739783,0.0033495546461420993,-0.006792
93.09607458114624,3.1504831428844082,4.773556553437819,4.000149366819405,-2.186713493784925,-0.13361687075374043,53.57012474855041,0.0033562402788232994,-0.006792
93.12782049179077,3.143045341785638,4.758357254953459,3.89697985412128,-2.267932963133283,-0.45610013211091044,53.24764148719324,0.0033360362692919877,-0.006792
93.15791440010071,3.134799084720321,4.764825041117786,3.665386108463172,-2.2822334705514735,-1.335045177205044,52.36869644209911,0.0032809691814876625,-0.006948
93.18907356262207,3.1338289368768524,4.7725863853455746,3.4845204771943745,-2.241180074928707,-2.5244827547505295,51.179258864553624,0.0032064493194256987,-0.006948
93.21934938430786,3.130433419501827,4.776628752490158,3.2922895042180897,-2.185846992079274,-3.0001740037792866,50.70356761552487,0.0031766466236551,-0.006948
93.24937605857849,3.133505554264539,4.7839050139712755,3.2171028511621347,-2.099241559355526,3.048359398909841,50.46891571103441,0.003161945366619577,-0.006948
93.27619504928589,3.142398576499994,4.782934845727641,3.336347285860622,-2.0450007267164345,2.8345436188317996,50.25509993095637,0.0031485495207686605,-0.006948
93.30573344230652,3.1467642422628046,4.785198571651555,3.5041934410657394,-1.992138546432767,2.2770707000089176,49.69762701213349,0.003113623093524207,-0.006948
93.3336067199707,3.144662255018842,4.781317898686485,3.581060724714201,-1.980666901242021,1.8619929005381286,49.2825492126627,0.0030876179117933786,-0.006948
93.36118078231812,3.1475726989073833,4.780994509282987,3.6911178581142163,-1.9747644062916732,1.1991327874551234,48.619689099579695,0.0030460888352568387,-0.006948
93.38784193992615,3.1435304157527346,4.782288066906444,3.690032803558417,-1.9621220330314908,1.2293883964011336,48.64994470852571,0.0030479843898011216,-0.006948
93.41636228561401,3.1475726989073833,4.780347730480726,3.7673983133051707,-1.9660383118794675,0.8852059705017383,48.30576228262631,0.003026420898461708,-0.006948
93.44429922103882,3.1522617475806234,4.774365026858856,3.9121792298664366,-2.0081413534559593,0.4231702695009439,47.84372658162552,0.0029974737411192164,-0.007107
93.47833132743835,3.1480577728974075,4.771131133233789,3.932275817694674,-2.058890046694219,0.24799029529304856,47.668546607417625,0.002986498480407402,-0.007107
93.50570964813232,3.156304031104188,4.77096943855667,4.105718538004893,-2.0954779601405296,0.08391921690975247,47.50447552903433,0.002976219206942113,-0.007107
93.53715324401855,3.1495129948822305,4.764986735779951,4.095878351598404,-2.160451140375386,-0.05368342930434944,47.36687288282023,0.002967598216308543,-0.007107
93.56444907188416,3.1527468215944237,4.762723010545402,4.151490263105112,-2.220825959440602,-0.16264361739751199,47.25791269472707,0.002960771714153042,-0.007107
93.59548902511597,3.148219464227962,4.759165728189618,4.102918542963616,-2.286492549177748,-0.31028063208858175,47.110275680036,0.0029515220568547395,-0.007107
93.62202668190002,3.144177181046016,4.764016567812852,3.990793290401215,-2.3005443211496024,-0.4316129300094731,46.9889433821151,0.0029439204253984804,-0.007107
93.65404891967773,3.136415997814543,4.764339957133645,3.762305529793496,-2.308252905390857,-0.930439983221668,46.49011632890291,0.0029126682404163502,-0.007107
93.68014931678772,3.136577689125462,4.783419929847683,3.6054890989904704,-2.1881171838190823,-2.083116072383951,45.33744023974062,0.0028404515349850705,-0.007263
93.71317887306213,3.136739380436654,4.778569088807041,3.498842599055993,-2.13593702888849,3.135628780823207,44.27299978576819,0.00277376291062961,-0.007263
93.74102091789246,3.1378712196226206,4.78471348751849,3.446065060642702,-2.0589854431609713,2.7494948411297675,43.886865846074755,0.0027495711005955125,-0.007263
93.77512621879578,3.1454707116456757,4.79635550769329,3.555995867926068,-1.9285236817094595,1.9283604404351973,43.06573144538019,0.0026981259273226406,-0.007263
93.8021948337555,3.144662255018842,4.782611456316253,3.6173224235164256,-1.9276258690992565,1.6485879852850318,42.78595899023002,0.0026805978071756794,-0.007263
93.8316605091095,3.143045341785638,4.787462297652841,3.6290009938092145,-1.8950825481553677,1.589678170919741,42.72704917586473,0.0026769070281693055,-0.007263
93.86161732673645,3.1480577728974075,4.789402634286979,3.73405105245463,-1.8595362819933003,1.2212371849690717,42.35860818991406,0.0026538237054549883,-0.007263
93.89013743400574,3.14999806888209,4.790857886799915,3.845086117877192,-1.8250794393082133,0.9718744127836169,42.1092454177286,0.002638200792796557,-0.007263
93.91795206069946,3.1415901198990754,4.78439009809842,3.7603105635540146,-1.8435127872469692,1.1612290822485647,42.29860008719355,0.002650064117207776,-0.007422
93.9515688419342,3.151453290896425,4.770484354527675,3.891592794423936,-1.947905363050511,0.6251662271117471,41.76253723205673,0.0026164790592144234,-0.007422
93.9800717830658,3.1498363775485303,4.775173500289741,3.952240335195759,-1.9901291480800316,0.4234576542810711,41.560828659226054,0.0026038417461617487,-0.007422
94.00912690162659,3.14854284688989,4.774850110916205,3.9696935974466183,-2.0218134540867387,0.3208714874697833,41.45824249241477,0.0025974145850020864,-0.007422
94.03882765769958,3.146279168279334,4.772101301304768,3.9381608533287107,-2.06207754800418,0.22959088255956278,41.36696188750455,0.002591695732482832,-0.007422
94.06685972213745,3.144662255018842,4.760135896085971,3.884837913298298,-2.168985693189586,-0.14606472215479185,40.9913062827902,0.002568160404211226,-0.007422
94.0961549282074,3.1487045382212635,4.765795209096683,3.9256369041361094,-2.206587413065126,-0.2512902171464621,40.88608078779853,0.0025615678855955264,-0.007422
94.14362502098083,3.1451473289941236,4.760944369343736,3.8854461545524464,-2.264823458675593,-0.49020925624496287,40.64716174870003,0.002546599286844562,-0.007422
94.17280578613281,3.1480577728974075,4.7572253924393335,3.9135626649748607,-2.3300567343285308,-0.621515840506747,40.51585516443824,0.0025383727529501078,-0.007422
94.20938158035278,3.146117476952057,4.77420333217386,3.8957441986599637,-2.264018077401658,-0.47060592612967456,40.66676507881532,0.002547827461810382,-0.007422
94.23679304122925,3.1393264414527615,4.771939606625287,3.7520211955827265,-2.232684612519698,-0.7216237423881723,40.41574726255682,0.0025321008584174745,-0.00758
94.26782584190369,3.140134898034598,4.7690291024619516,3.667040102067015,-2.229900094170751,-1.2934237582384673,39.84394724670653,0.0024962768192979745,-0.00758
94.29740834236145,3.134475702104743,4.766441987757147,3.4981782789014164,-2.2449721813496795,-2.476896178257458,38.66047482668753,0.0024221306823683287,-0.00758
94.32927107810974,3.132373715130013,4.773718248121239,3.3393499828938116,-2.2076503749949667,-2.901737346668348,38.23563365827664,0.002395513812457799,-0.00758
94.35950136184692,3.1380329109359915,4.78471348751849,3.337545230998938,-2.1091847854354993,3.05810139979687,37.91228709756227,0.002375255716062048,-0.00758
94.39524412155151,3.1380329109359915,4.776305363109529,3.336281904672541,-2.095577945966728,3.0138964743395933,37.86808217210499,0.002372486218099546,-0.00758
94.42686581611633,3.1415901198990754,4.777598920641504,3.404147614310765,-2.0775425321455434,2.9032622569858058,37.7574479547512,0.002365554835762062,-0.00758
94.45627450942993,3.137547836996697,4.781479593388824,3.3735285679973686,-2.0393858628954895,2.796521035068752,37.650706732834145,0.0023588673548183385,-0.00758
94.48319864273071,3.137709528309523,4.774365026858856,3.35522023723718,-2.0594846391671666,2.882868069371374,37.737053767136764,0.0023642771125115245,-0.007737
94.51948475837708,3.136577689125462,4.786330434642524,3.3205293942010403,-1.9948304862392254,2.726714118425522,37.580899816190914,0.00235449385771565,-0.007737
94.54951000213623,3.1474110075779214,4.791666360432044,3.505620924774271,-1.9144662397606835,2.105829016892363,36.96001471465775,0.0023155945720397604,-0.007737
94.57803654670715,3.1396498240846786,4.784066708679928,3.48518490730227,-1.9082112043455037,2.1590866661177173,37.013272363883104,0.0023189312353072917,-0.007737
94.60486650466919,3.148219464227962,4.774365026858856,3.6365047939016355,-1.967662378182177,1.56111440938784,36.41530010715323,0.0022814674701382557,-0.007737
94.63591766357422,3.1454707116456757,4.783258235140607,3.6893036812073388,-1.9507676431496175,1.27971339850539,36.13389909627078,0.00226383731878695,-0.007737
94.66845154762268,3.1438537983988293,4.773718248121239,3.6950128834371547,-2.0017071982549095,1.1391728865073363,35.99335858427273,0.0022550322669154387,-0.007737
94.69442367553711,3.146602550934708,4.759165728189618,3.7521343574149864,-2.133109416347779,-0.01203566550641343,34.84215003225898,0.002182907504657928,-0.007737
94.72165513038635,3.142560267820996,4.779539256986772,3.7139943420548414,-2.0910486218114768,0.47723852682755463,35.33142422459294,0.0022135611900732195,-0.007896
94.75317478179932,3.1493513035494907,4.722299358583447,3.818546412389261,-2.4382011273917947,-1.0326130101971287,33.82157268756826,0.0021189669630223926,-0.007896
94.78348708152771,3.148219464227962,4.792474834074055,3.8698578474625323,-2.2195065459827856,-0.3570276462917356,34.497158051473654,0.0021612932936173972,-0.007896
94.80996036529541,3.1501597602159226,4.782934845727641,3.9432758764479607,-2.1291862173555156,0.01050499266752087,34.86469069043291,0.0021843197071724756,-0.007896
94.83647465705872,3.146117476952057,4.786492129357099,3.9165434466911337,-2.042557762545108,0.31095287417897716,35.16513857194437,0.0022031431705552664,-0.007896
94.86496710777283,3.149027920884831,4.78439009809842,3.9540807815623347,-1.9957476135127816,0.4070655585157187,35.26125125628111,0.002209164759341758,-0.007896
94.89057159423828,3.1529085129329046,4.7779223100284405,4.055356966234924,-2.005533642853571,0.29422920505333683,35.14841490281873,0.0022020954102188357,-0.007896
94.91958475112915,3.1524234389182837,4.781641288091559,4.116875289056469,-1.9879158120430451,0.29226594240027715,35.14645164016567,0.0022019724091762766,-0.007896
94.94905495643616,3.1516149822327173,4.776952141872363,4.144313104388398,-2.0064343515162197,0.2429033504751176,35.09708904824051,0.00219887977648102,-0.007896
94.97640490531921,3.1467642422628046,4.768705713118343,4.069769514035194,-2.0736525677574607,0.13331919957543956,34.987504897340834,0.0021920141822174915,-0.007896
95.00515675544739,3.155495574385794,4.781156203984539,4.1863391141656905,-2.038790544512199,0.16783384212353636,35.02201953988893,0.00219417657093831,-0.008054
95.03680372238159,3.1527468215944237,4.766118598426129,4.214812796902213,-2.1133231527949996,0.030657301734095387,34.88484299949949,0.0021855822764070636,-0.008054
95.0640594959259,3.153878660969531,4.755123362107003,4.256619390014126,-2.2378362834523955,-0.17294779512179362,34.6812379026436,0.002172826143576517,-0.008054
95.09248423576355,3.147896081567126,4.760620980039452,4.170258927801467,-2.2888253239770977,-0.29196822387420596,34.56221747389119,0.0021653693538293086,-0.008054
95.11957168579102,3.1558189570723307,4.7758202790415405,4.262931708297227,-2.224517807725462,-0.14995611758569075,34.7042295801797,0.0021742666030599806,-0.008054
95.14915418624878,3.146117476952057,4.768382323776308,4.140302528985606,-2.2284386433827144,-0.19417253261708853,34.6600131651483,0.002171496385260225,-0.008054
95.17654824256897,3.1543637349915365,4.773556553437819,4.213837209064538,-2.197140726639081,-0.11519011435179542,34.73899558341359,0.002176444739865429,-0.008054
95.20238399505615,3.1527468215944237,4.753021331841008,4.234061463331404,-2.310338347947106,-0.29640756756929804,34.557778130196084,0.002165091222983226,-0.008054
95.2341411113739,3.1545254263327522,4.769837575827863,4.282593465314453,-2.278938568201765,-0.22819370393700897,34.62599199382837,0.002169364913174755,-0.008054
95.26158404350281,3.1543637349915365,4.764016567812852,4.313440864494732,-2.2952565344663927,-0.2412865811474688,34.61289911661791,0.0021685446268292275,-0.008054
95.28951811790466,3.146925933591174,4.7717779119462005,4.191283948069258,-2.2556153606574836,-0.2244224315323701,34.629763266233006,0.002169601188457037,-0.00821
95.32000088691711,3.14854284688989,4.762237926576595,4.137024126458071,-2.2906323977651573,-0.3155968810100081,34.538588816755365,0.002163888986718237,-0.00821
95.34701037406921,3.1474110075779214,4.756902003153118,4.077167237354169,-2.3502506476027625,-0.47497202430456503,34.37921367346081,0.0021539039198945334,-0.00821
95.37570381164551,3.150321451550029,4.738307121834248,4.091517451442608,-2.5143236200428496,-0.7184282343422032,34.135757463423175,0.002138651061289232,-0.00821
95.40595364570618,3.1495129948822305,4.75609352994445,4.085937591004778,-2.512153642930769,-0.7219974202284557,34.132188277536926,0.0021384274469987996,-0.00821
95.43288588523865,3.1474110075779214,4.752697942575203,4.041406662536873,-2.532975045128556,-0.8036631033867175,34.05052259437866,0.002133310982243492,-0.00821
95.46138834953308,3.1501597602159226,4.7572253924393335,4.063360046999991,-2.517762844845597,-0.7562417404800653,34.09794395728532,0.0021362819943329925,-0.00821
95.48901867866516,3.149027920884831,4.756578613868473,4.056852401778517,-2.5113696164602684,-0.7559027311248269,34.098282966640554,0.0021363032337245063,-0.00821
95.51706409454346,3.1475726989073833,4.766118598426129,4.024172032059203,-2.444128503158654,-0.7001363418939799,34.1540493558714,0.002139797072923493,-0.00837
95.5428102016449,3.149674686215244,4.726665111817648,4.04192079948578,-2.6566337035409697,-0.937243388617577,33.91694230914781,0.0021249419979289534,-0.00837
95.57013058662415,3.146602550934708,4.765310125105464,3.9949698986490323,-2.5511325045856217,-0.8907450277750255,33.963440669990355,0.002127855182699225,-0.00837
95.59996223449707,3.146117476952057,4.760782674691398,3.952729262231878,-2.5070688507564296,-0.9017226060512558,33.95246309171412,0.0021271674226735096,-0.00837
95.63230395317078,3.1456324029718616,4.764501651794633,3.913785810955926,-2.451756248042232,-0.8923040838462603,33.96188161391912,0.0021277575057420065,-0.00837
95.65817070007324,3.137709528309523,4.759004033541601,3.73340030730817,-2.4492075791869676,-1.3479176685648024,33.50626802920058,0.0020992127026117358,-0.00837
95.68953967094421,3.145955785625052,4.753991499647841,3.766505546360008,-2.4804021773369223,-1.2760369128369293,33.57814878492845,0.0021037161285189653,-0.00837
95.71829795837402,3.141751811218714,4.762884705202458,3.708429165282877,-2.443727857266155,-1.4242325029156069,33.42995319484977,0.002094431475722268,-0.00837
95.74589490890503,3.142398576499994,4.765148430442512,3.680275705745127,-2.403162240279575,-1.508577218783543,33.34560847898184,0.002089147165968826,-0.00837
95.77536392211914,3.140943354623248,4.770646049203613,3.632443267950688,-2.338596152001573,-1.7321037527816932,33.12208194498369,0.0020751429283398922,-0.00837
95.8036937713623,3.141913502538625,4.7557701406637305,3.617710572192505,-2.3912720711772506,-1.7563060094785006,33.09787968828688,0.0020736266244457805,-0.008528
95.83407402038574,3.1378712196226206,4.764501651794633,3.529272641838232,-2.3706985023367935,-2.108438042594968,32.74574765517041,0.002051565079535127,-0.008528
95.86038446426392,3.1407816633049737,4.769675881153892,3.523616121451349,-2.3222545044333684,-2.2402423637313134,32.61394333403407,0.002043307361756848,-0.008528
95.88747119903564,3.13528415864573,4.770807743879945,3.4134065003192875,-2.2808969087348756,-2.6455360189725368,32.208649678792845,0.0020179151698055137,-0.008528
95.91679787635803,3.136415997814543,4.781156203984539,3.3581347767361813,-2.1838615831963777,-3.017557997977138,31.836627699788245,0.0019946074930658475,-0.008528
95.9454255104065,3.1420751938588083,4.7701609651769825,3.428819630143767,-2.1882771765508493,-2.962212585921431,31.891973111843953,0.001998074957479293,-0.008528
95.9724268913269,3.1399732067176855,4.773718248121239,3.437674004521557,-2.167963871635797,-3.044028483443869,31.810157214321514,0.0019929490815922797,-0.008528
95.99984669685364,3.147896081567126,4.7839050139712755,3.596997157956681,-2.0867233750450924,2.397001901237811,30.96800229182361,0.0019401869443905506,-0.008528
96.02679228782654,3.149027920884831,4.773879942805052,3.7303983794482005,-2.095812382358179,0.6274440906210135,29.198444481206813,0.0018293217704232422,-0.008687
96.05309319496155,3.142883650463818,4.720844107568584,3.7050291611283757,-2.4511102062899366,-1.4288434172826874,27.142156973303113,0.0017004925957431077,-0.008687
96.08060669898987,3.1470876249198168,4.785683655788173,3.768520757677738,-2.2732236969030613,-0.8696066086316526,27.70139378195415,0.0017355295330548134,-0.008687
96.1102683544159,3.153716969629409,4.7784073941118,3.9410899603702156,-2.1965754163460374,-0.1766140504581012,28.3943863401277,0.0017789464477546396,-0.008687
96.13719749450684,3.147896081567126,4.77420333217386,3.9493883270507393,-2.170581154813899,-0.082594298099177,28.488406092486624,0.0017848369115411843,-0.008687
96.16560888290405,3.1435304157527346,4.776143668419806,3.8708221318140033,-2.139619232794073,0.03479844496600256,28.605798835551802,0.0017921917245935387,-0.008687
96.19295382499695,3.149674686215244,4.749140660754902,3.9345758693141457,-2.2956051709012915,-0.5015193722897373,28.069481018296063,0.0017585906928809327,-0.008687
96.22316575050354,3.1579209445615093,4.76256131588874,4.138578597090502,-2.3164976088536875,-0.3426308823018202,28.22836950828398,0.0017685452702212309,-0.008687
96.25312662124634,3.1506448342190607,4.771616217267507,4.140755407414893,-2.2715479409184907,-0.2549659668133076,28.316034423772493,0.001774037594941086,-0.008687
96.27979254722595,3.1495129948822305,4.7758202790415405,4.120404160185404,-2.2124236395844292,-0.1413279260387923,28.429672464547007,0.0017811571708510584,-0.008687
96.30857467651367,3.146440859606885,4.771292827911301,4.0467832491896845,-2.200823818802033,-0.13842552435844963,28.43257486622735,0.0017813390102152675,-0.008845
96.33582520484924,3.1487045382212635,4.7784073941118,4.038998639260063,-2.1458955016753096,0.005568371820835834,28.576568762406634,0.00179036042124483,-0.008845
96.36098551750183,3.148219464227962,4.761267758649593,4.024174406272076,-2.220211464661959,-0.20019684061094176,28.370803549974855,0.001777468954271667,-0.008845
96.39501786231995,3.1567891051385097,4.760459285387898,4.179422556839122,-2.2775517788351123,-0.24828740865639048,28.322712981929406,0.001774456015581245,-0.008845
96.42580318450928,3.1533935869499867,4.767088766423906,4.222471215425549,-2.2740730481710534,-0.2236688821531613,28.347331508432635,0.0017759983993379238,-0.008845
96.45232582092285,3.1506448342190607,4.753021331841008,4.199480240249415,-2.364190973019483,-0.3872778938445177,28.18372249674128,0.0017657480749716013,-0.008845
96.48083591461182,3.153555278289561,4.7528596372079095,4.239636595988926,-2.4283373483033195,-0.45725046284327203,28.113749927742525,0.0017613641995263103,-0.008845
96.51226925849915,3.1504831428844082,4.747523714535687,4.208371004562714,-2.5083461299215477,-0.5904833694960842,27.980517021089714,0.0017530169789463361,-0.008845
96.53987979888916,3.146440859606885,4.766118598426129,4.10836004025377,-2.442012062581546,-0.5915933035587874,27.97940708702701,0.00175294744008628,-0.008845
96.56790685653687,3.130271728201245,4.765148430442512,3.725852196937114,-2.401961184000358,-1.3712529284030384,27.19974746218276,0.001704100717235493,-0.008845
96.59417915344238,3.141751811218714,4.762076231921112,3.679971820686857,-2.394138302142357,-1.5510645392710782,27.01993585131472,0.00169283527826502,-0.009001
96.62073707580566,3.1448239463436627,4.762076231921112,3.7072305923400566,-2.388662284841744,-1.4362942070566422,27.134706183529158,0.0017000257937547652,-0.009001
96.64874982833862,3.1357692325735878,4.770484354527675,3.5513116347137985,-2.329510011366861,-2.1813093812112054,26.389691009374594,0.0016533495922792445,-0.009001
96.68054986000061,3.142883650463818,4.772748080026631,3.579668439814314,-2.273209825294052,-2.240192844012558,26.33080754657324,0.0016496604642337507,-0.009001
96.71318030357361,3.145955785625052,4.769190797134347,3.6588932391143176,-2.257203914964333,-1.7223811001712068,26.84861929041459,0.0016821020655868458,-0.009001
96.74345374107361,3.1394881327685837,4.773718248121239,3.589350525617915,-2.2162125885252317,-2.505884372254301,26.065116018331494,0.0016330145330731888,-0.009001
96.77313828468323,3.1454707116456757,4.775658584353,3.656295693408737,-2.174752721163836,0.0,26.065116018331494,0.0016330145330731888,-0.009001
96.80181431770325,3.1501597602159226,4.770322659852132,3.7937823686102927,-2.180837144961499,-0.22670565095003234,28.344294739635764,0.0017758081416933624,-0.009001
96.82855367660522,3.140943354623248,4.783258235140607,3.7118979319563157,-2.099989979895153,0.9638686385743885,29.534869029160184,0.0018503992202878062,-0.009158
96.85771942138672,3.142560267820996,4.783419929847683,3.6858288442337632,-2.0423331359720875,1.472525979075697,30.043526369661492,0.0018822672859740975,-0.009158
96.88436889648438,3.1474110075779214,4.7866538240720695,3.7613305397971826,-1.9806967771481514,1.1060637838801917,29.677064174465986,0.0018593079371587965,-0.009158
96.91227793693542,3.151129908224659,4.728605446679747,3.886056773584459,-2.3194655654909346,-0.668835629108427,27.90216476147737,0.0017481081046272617,-0.009158
96.94031262397766,3.1553338830429363,4.778892478198707,4.054615193610512,-2.2257532394534563,-0.1894609654628246,28.381539425122973,0.0017781415712717144,-0.009158
96.96911334991455,3.1498363775485303,4.780186035781146,4.066356014626379,-2.1516439847021567,0.003989947951839347,28.57499033853764,0.0017902615308690647,-0.009158
96.99910116195679,3.151453290896425,4.765956903761209,4.105824610174588,-2.193384389027245,-0.09345131398059238,28.477549076605207,0.0017841567049114613,-0.009158
97.02755427360535,3.141751811218714,4.76563351443255,3.9459525099530657,-2.224730328245587,-0.26050717816192087,28.31049321242388,0.0017736904306063196,-0.009158
97.05500054359436,3.1456324029718616,4.767573850428105,3.9090420843607685,-2.2339065483984513,-0.33580445548538074,28.235195935100418,0.0017689729550315484,-0.009158
97.08746767044067,3.141266737260617,4.763046399859906,3.798829736526561,-2.270117088959106,-0.7710449002152242,27.799955490370575,0.0017417045564897887,-0.009158
97.11420035362244,3.1443388723700183,4.761914537266023,3.7810561277704853,-2.3029112636480575,-0.9711900564402259,27.599810334145573,0.001729165193587672,-0.009316
97.1435375213623,3.1393264414527615,4.751727774787203,3.6717395459600914,-2.3928883469004574,-1.6026317421259728,26.968368648459826,0.0016896045237334554,-0.009316
97.17157626152039,3.137062763059854,4.76563351443255,3.5514679152057718,-2.3643830987568433,-2.118143539467627,26.45285685111817,0.0016573070171181949,-0.009316
97.20137810707092,3.139164750137212,4.771454522589206,3.5079027954529267,-2.3061316120380018,-2.418319830874565,26.152680559711232,0.0016385005692202918,-0.009316
97.23012733459473,3.13560754126403,4.781479593388824,3.5079027954529267,-2.3061316120380018,-2.418319830874565,26.152680559711232,0.0016385005692202918,-0.009316
97.25619864463806,3.137547836996697,4.785198571651555,3.5079027954529267,-2.3061316120380018,-2.418319830874565,26.152680559711232,0.0016385005692202918,-0.009316
97.28556680679321,3.136739380436654,4.7944151708552,3.5079027954529267,-2.3061316120380018,-2.418319830874565,26.152680559711232,0.0016385005692202918,-0.009316
97.31907916069031,3.142721959142271,4.790696192074676,3.5079027954529267,-2.3061316120380018,-2.418319830874565,26.152680559711232,0.0016385005692202918,-0.009316
97.34728050231934,3.140134898034598,4.800074486792203,3.5079027954529267,-2.3061316120380018,-2.418319830874565,26.152680559711232,0.0016385005692202918,-0.00942
97.37351536750793,3.1420751938588083,4.736690175877417,3.5079027954529267,-2.3061316120380018,-2.418319830874565,26.152680559711232,0.0016385005692202918,-0.00942
97.40055537223816,3.1467642422628046,4.785360266363366,3.5079027954529267,-2.3061316120380018,-2.418319830874565,26.152680559711232,0.0016385005692202918,-0.00942
97.4280035495758,3.1380329109359915,4.7982958445883455,3.5079027954529267,-2.3061316120380018,-2.418319830874565,26.152680559711232,0.0016385005692202918,-0.00942
97.45436072349548,3.142236885179265,4.787785687087914,3.5079027954529267,-2.3061316120380018,-2.418319830874565,26.152680559711232,0.0016385005692202918,-0.00942
97.48202443122864,3.1440154897222863,4.7779223100284405,3.5079027954529267,-2.3061316120380018,-2.418319830874565,26.152680559711232,0.0016385005692202918,-0.00942
97.51226615905762,3.145309020319764,4.778245699416952,3.5079027954529267,-2.3061316120380018,-2.418319830874565,26.152680559711232,0.0016385005692202918,-0.00942
97.53929042816162,3.14999806888209,4.793283307725947,3.5079027954529267,-2.3061316120380018,-2.418319830874565,26.152680559711232,0.0016385005692202918,-0.00942
97.56699538230896,3.145309020319764,4.789564329009059,3.5079027954529267,-2.3061316120380018,-2.418319830874565,26.152680559711232,0.0016385005692202918,-0.00942
97.60155391693115,3.146279168279334,4.783743319263016,3.5079027954529267,-2.3061316120380018,-2.418319830874565,26.152680559711232,0.0016385005692202918,-0.00942
97.62765407562256,3.144662255018842,4.790696192074676,3.5079027954529267,-2.3061316120380018,-2.418319830874565,26.152680559711232,0.0016385005692202918,-0.00942
97.65653085708618,3.1487045382212635,4.787138908219347,3.5079027954529267,-2.3061316120380018,-2.418319830874565,26.152680559711232,0.0016385005692202918,-0.00942
97.6844630241394,3.1522617475806234,4.776467057799646,3.5079027954529267,-2.3061316120380018,-2.418319830874565,26.152680559711232,0.0016385005692202918,-0.00942
97.71109127998352,3.1483811555587895,4.778892478198707,3.5079027954529267,-2.3061316120380018,-2.418319830874565,26.152680559711232,0.0016385005692202918,-0.00942
97.74164128303528,3.147734390237118,4.759327422838028,3.5079027954529267,-2.3061316120380018,-2.418319830874565,26.152680559711232,0.0016385005692202918,-0.00942
97.77078533172607,3.1435304157527346,4.7746884162300285,3.5079027954529267,-2.3061316120380018,-2.418319830874565,26.152680559711232,0.0016385005692202918,-0.00942
97.79968404769897,3.149027920884831,4.7819646774982125,3.5079027954529267,-2.3061316120380018,-2.418319830874565,26.152680559711232,0.0016385005692202918,-0.00942
97.8265974521637,3.1524234389182837,4.783581624555152,3.5079027954529267,-2.3061316120380018,-2.418319830874565,26.152680559711232,0.0016385005692202918,-0.00942
97.85439610481262,3.148219464227962,4.763854873153044,3.5079027954529267,-2.3061316120380018,-2.418319830874565,26.152680559711232,0.0016385005692202918,-0.00942
