Relative_Time_s,Raw_S1_V,Raw_S2_V,Norm_S1,Norm_S2,Phase_rad,Unwrapped_Phase_rad,Calculated_Distance_mm,Stage_Position_mm
0.055109262466430664,3.125582680602566,4.908086667362877,0.0,0.0,0.0,0.0,0.0,0.012302
0.08768796920776367,3.1297866543011312,4.905661242181829,0.6956521340868108,0.5624997550192334,0.679958926233711,0.0,0.0,0.012302
0.12252259254455566,3.125906063188245,4.914554468290059,0.6173912577008733,0.6197914486796385,0.787557849273392,0.107598923039681,6.741217071247489e-06,0.012302
0.15112066268920898,3.1309184934052032,4.918435149156873,0.6636956101570822,0.6848956484897991,0.8013695056803466,0.12141057944663558,7.606535899005926e-06,0.012302
0.1799311637878418,3.133343862958791,4.910997177700093,0.7450217067963804,0.682551895699969,0.7415838888164756,0.06162496258276473,3.860886689588125e-06,0.012346
0.20668482780456543,3.137062763059854,4.891108693001631,0.8769499867189379,0.5527862262881551,0.561070557090797,-0.11888836914291367,-7.448516035271267e-06,0.012346
0.23310542106628418,3.1349607760285187,4.913260908052888,0.9269084710220128,0.6046586408187542,0.5768708116732294,-0.10308811456048117,-6.458608860439508e-06,0.012346
0.2628190517425537,3.133505554264539,4.91342260308112,0.9325315794403609,0.6420109981997035,0.6020759886021835,-0.07788293763152732,-4.8794706665133915e-06,0.012346
0.2885439395904541,3.1322120238261686,4.900487002099127,0.9103807951784417,0.5848242798278478,0.5696936144559877,-0.11026531177772325,-6.9082699075741475e-06,0.012346
0.3169562816619873,3.137062763059854,4.8985466621746125,0.9927013485863748,0.5322935731219737,0.4898014557349134,-0.1901574704987974,-1.191362097443103e-05,0.012346
0.34571266174316406,3.138517984877737,4.901780562081068,1.0796735676528249,0.5163554183783254,0.44314891227175135,-0.23681001396195933,-1.4836465493004895e-05,0.012346
0.37435054779052734,3.130271728201245,4.912614127944005,0.9742497473531463,0.5749904064698128,0.531645008355719,-0.14831391787799175,-9.292066192279617e-06,0.012346
0.40349698066711426,3.138194602249634,4.907116497279556,1.0602357063775916,0.5806182149130915,0.49898073145501887,-0.18097819477869193,-1.1338527019603599e-05,0.012346
0.43393564224243164,3.13560754126403,4.904044292111595,1.0682519551897125,0.5647660062159392,0.4839767376388378,-0.19598218859487293,-1.2278547387774293e-05,0.012346
0.46062612533569336,3.130271728201245,4.905661242181829,0.9662546186289825,0.5640861308569313,0.5269212339136172,-0.15303769232009357,-9.588017006750834e-06,0.012346
0.4884810447692871,3.138194602249634,4.9072781922924325,1.054639116270671,0.574026889094703,0.4963040522171896,-0.18365487401652114,-1.1506224569565634e-05,0.012346
0.514925479888916,3.1349607760285187,4.8983849671835245,1.0512908617082648,0.5236937326385204,0.45895959388092067,-0.22099933235279012,-1.3845905050940956e-05,0.012346
0.5413393974304199,3.125906063188245,4.904852767141667,0.8663383670358822,0.530127203955737,0.5484417476236035,-0.13151717861010725,-8.239727913278458e-06,0.012346
0.5678529739379883,3.128331432615463,4.900325307103199,0.7857846681366414,0.5054639568556374,0.5717715630432638,-0.10818736319044708,-6.7780836371729576e-06,0.0
0.5983903408050537,3.1271995935418238,4.910997177700093,0.7065709899805102,0.5569497115560614,0.6719057602902305,-0.008053165943480156,-5.045416645643991e-07,0.0
0.6266469955444336,3.129301580403463,4.867339536350198,0.6935127234915719,0.31173969810511726,0.4142084738494695,-0.26575045238424133,-1.664962283724454e-05,0.0
0.6552815437316895,3.1331821716533144,4.910188702593292,0.7626328160974362,0.4161343946043917,0.49614628002742467,-0.18381264620628635,-1.15161092091974e-05,0.0
0.6816868782043457,3.1276846674288965,4.917141588842045,0.7001473030601824,0.5340023723877173,0.6560283137050462,-0.023930612528664685,-1.4992850220643034e-06,0.012402
0.7096316814422607,3.1250976067260825,4.904852767141667,0.6042335271322261,0.5373432517801653,0.7360779519095494,0.056119025675838596,3.5159323459791845e-06,0.012402
0.7363767623901367,3.128331432615463,4.8983849671835245,0.6023112802041121,0.4980151865183573,0.698217078315038,0.018258152081326973,1.143897754949492e-06,0.012402
0.7664144039154053,3.130271728201245,4.853595470132524,0.6400961461390682,0.1819438898053485,0.25432781501954527,-0.4256311112141655,-2.666636088832249e-05,0.012402
0.7991683483123779,3.1297866543011312,4.913260908052888,0.656762942523388,0.3450690052807763,0.47779335854516297,-0.20216556768854765,-1.2665944394423725e-05,0.012402
0.827747106552124,3.1262294457750106,4.904205987116802,0.5966905631848116,0.40092322653450896,0.5934949014617338,-0.08646402477197679,-5.417087303249869e-06,0.012402
0.8579955101013184,3.131726949916267,4.904367682122413,0.6655094738320461,0.44106284847592897,0.5865179482016772,-0.09344097803203333,-5.854202797469489e-06,0.012402
0.8840916156768799,3.1278463587251304,4.903397512094803,0.6354218333210818,0.46291058149110836,0.6340487955771898,-0.04591013065652083,-2.8763313589189477e-06,0.012402
0.9117569923400879,3.1296249630016364,4.906308022221225,0.6502300536383696,0.496954001913956,0.6584573364079322,-0.021501589825778655,-1.3471034867054011e-06,0.012402
0.937335729598999,3.127361284837243,4.903882597106792,0.614943629661961,0.5051593900579249,0.6963923536218238,0.016433427388113042,1.0295763016791446e-06,0.012402
0.9657604694366455,3.1223488548054767,4.851816826480332,0.4891561706868977,0.17548650366165897,0.3162218594586045,-0.3637370667751063,-2.278861585896691e-05,0.01256
0.9989871978759766,3.117013042477419,4.902750732084467,0.29349625349253583,0.27284047194392647,0.7788760166756693,0.09891709044195851,6.197288596276637e-06,0.01256
1.0277299880981445,3.12881650650824,4.906954802267081,0.39457779827847644,0.36807159363696484,0.77216893046364,0.09221000422992942,5.77708063514133e-06,0.01256
1.057340145111084,3.128978197806376,4.894019202576489,0.4685957495136662,0.35140001860298603,0.6510078329685581,-0.02895109326515266,-1.813824884458657e-06,0.01256
1.084054708480835,3.1221871635184706,4.8974147972454585,0.38345178492251986,0.3616049215274003,0.7791384848901663,0.09917955865645567,6.2137325825010676e-06,0.01256
1.1123065948486328,3.1250976067260825,4.894989372463775,0.3825466644358683,0.3531233495660976,0.7673968576281534,0.08743793139444289,5.478103861443005e-06,0.01256
1.144852638244629,3.129301580403463,4.895959542365568,0.4666956956103047,0.35343625072644463,0.6558746688789437,-0.024084257354766603,-1.5089110768180776e-06,0.01256
1.1712610721588135,3.1252592980179723,4.897576492234128,0.444078271676391,0.36407195096848904,0.6993829757991635,0.019424049565453405,1.2169427985362116e-06,0.01256
1.197084903717041,3.1318886412192954,4.895797847380929,0.5619417397598369,0.36005860477941076,0.5680197012423077,-0.11193922499140241,-7.013142819059321e-06,0.01256
1.2232396602630615,3.1221871635184706,4.9014571720831634,0.44879397809483335,0.39370760649670594,0.7366275854848604,0.05666865925115028,3.550367627821694e-06,0.01256
1.2531397342681885,3.121702089659081,4.898223272192839,0.35980793598047905,0.3964285678522796,0.8682977235512448,0.18833879731753456,1.1799678656513706e-05,0.01272
1.2793045043945312,3.128654815210376,4.892240557820792,0.43773510614047156,0.35979156482335317,0.7009215331682251,0.020962606934515016,1.3133354845260781e-06,0.01272
1.306424856185913,3.1202468680955526,4.888198183557224,0.3227188990611666,0.3081039917559583,0.7926694879136562,0.11271056167994598,7.061468098770271e-06,0.01272
1.3375568389892578,3.118144881431438,4.837102594483927,0.19981624986881505,-0.05724389089487607,-0.5953567722833426,-1.2753156985170528,-7.990024170504524e-05,0.01272
1.366929292678833,3.137062763059854,4.888198183557224,0.49530616686961826,0.016179172753209285,-0.05189237161245065,-0.7318512978461607,-4.585146694113041e-05,0.01272
1.393646001815796,3.1220254722317367,4.900325307103199,0.3988882074166317,0.14570033501386984,0.304366960888401,-0.37559196534530925,-2.3531341179645888e-05,0.01272
1.4231410026550293,3.1265528283628625,4.890623608085172,0.42269998821028126,0.17386513326310749,0.35531927973905647,-0.32463964649465393,-2.0339109956950357e-05,0.01272
1.4550464153289795,3.1322120238261686,4.893372422659687,0.5534986813174039,0.2112888287666441,0.33537828831909805,-0.3445806379146126,-2.1588439857104194e-05,0.01272
1.4844658374786377,3.124127458980444,4.895797847380929,0.482014273472906,0.25311041923813454,0.469322941762472,-0.21063598447123844,-1.31966273845778e-05,0.012876
1.5136597156524658,3.125582680602566,4.89450428751832,0.46132301571472417,0.27405219723203383,0.5299361477787489,-0.15002277845496148,-9.399128603021421e-06,0.012876
1.5412702560424805,3.133343862958791,4.8974147972454585,0.6033608906867117,0.3074614465677147,0.45859948912319687,-0.22135943711051342,-1.3868466097758373e-05,0.012876
1.5683033466339111,3.1322120238261686,4.891108693001631,0.6799613130509112,0.29022291189556754,0.3842439371545514,-0.29571498907915905,-1.852694131398531e-05,0.012876
1.595351219177246,3.131726949916267,4.886904623846008,0.7237989987383187,0.2510726003456696,0.3078848626738911,-0.3720740635598194,-2.3310939907018185e-05,0.012876
1.6214406490325928,3.133505554264539,4.895959542365568,0.7903549488417632,0.28200072627215456,0.3200848445615136,-0.3598740816721968,-2.2546594652935837e-05,0.012876
1.6486361026763916,3.1360926151935207,4.899031747150298,0.8891180352772494,0.32344208655931705,0.32960249005099607,-0.3503564361827143,-2.195030137750854e-05,0.012876
1.6859314441680908,3.1470876249198168,4.89450428751832,1.1799913772677169,0.32328436435685964,0.24717643622746413,-0.432782490006246,-2.711440437643762e-05,0.012876
1.7174363136291504,3.1404582806692405,4.895636152396692,1.2499070306632687,0.3304656272251829,0.2388115808135898,-0.44114734542012024,-2.7638473805029677e-05,0.012876
1.7459402084350586,3.1411050459417966,4.864590722875203,1.3118914691938848,0.13549250942771315,0.0736181710776514,-0.6063407551560587,-3.798806283724338e-05,0.012876
1.7718846797943115,3.136415997814543,4.903882597106792,1.2607153397929065,0.25213634531755874,0.17367492956753386,-0.5062839966661763,-3.171937250679338e-05,0.013035
1.8035469055175781,3.1407816633049737,4.894827677481554,1.3129355449967668,0.2754536793060868,0.1847815441162369,-0.4951773821174734,-3.102352818526732e-05,0.013035
1.8325533866882324,3.131080184706872,4.9054995471729885,1.1538374812204786,0.36052583493542106,0.28591382859987413,-0.3940450976338361,-2.4687454706502746e-05,0.013035
1.8632981777191162,3.141751811218714,4.909218532478463,1.2576862658255923,0.4440346874799282,0.3269232685110595,-0.35303565772265055,-2.2118158206112775e-05,0.013035
1.889427900314331,3.134475702104743,4.911967347841591,1.1836412561493543,0.5201992260705477,0.4072326793027322,-0.2727262469309777,-1.7086665736518097e-05,0.013035
1.9190232753753662,3.1404582806692405,4.8983849671835245,1.252461945880433,0.48601436852160973,0.36007766609684994,-0.3198812601368599,-2.004099065946517e-05,0.013035
1.9474008083343506,3.131403567311026,4.847451064993603,1.1180277017680118,0.13396000147266018,0.08296057545606902,-0.5969983507776406,-3.7402748652834095e-05,0.013035
1.9737560749053955,3.121702089659081,4.91229073789199,0.8282715425517159,0.3052302802454325,0.3354823165819047,-0.34447660965180504,-2.158192234669313e-05,0.013035
1.9999065399169922,3.1228339286681215,4.914716163321525,0.648268318724217,0.4407444835683351,0.6149717789481547,-0.06498714728555499,-4.0715320778024495e-06,0.013193
2.030688762664795,3.116851351199357,4.909865312553399,0.40161388763848965,0.5043544101163359,0.9772528699755443,0.2972939437418345,1.8625864944687713e-05,0.013193
2.057803153991699,3.123319002533208,4.904205987116802,0.3593905693487197,0.5124230099193988,1.0516565629276122,0.37169763669390243,2.3287356258196157e-05,0.013193
2.083829164505005,3.127037902246676,4.908895142443419,0.404834251004178,0.5482793756876377,1.0145847757932298,0.3346258495595198,2.0964758993911362e-05,0.013193
2.109199047088623,3.1145876733349165,4.904044292111595,0.18555786808512073,0.5421288187580986,1.3913686470678595,0.7114097208341497,4.4570774681173785e-05,0.013193
2.1378180980682373,3.1178214988717925,4.901295477084815,0.09728178915419532,0.520115089264777,1.570154487737598,0.8901955615038883,5.5771947770756684e-05,0.013193
2.175262689590454,3.124127458980444,4.879951740839209,0.16266244895866297,0.36720545515552167,1.363631083858323,0.6836721576246136,4.283297908489284e-05,0.013193
2.201615571975708,3.1187916465539804,4.900001917112555,0.1008202129254051,0.3893353987004597,1.5597014761351105,0.8797425499014013,5.511705255182733e-05,0.013193
2.2306582927703857,3.1299483456008974,4.90614632721077,0.28253065919169407,0.44440970686548614,1.1254209417880434,0.44546201555433407,2.7908793685042206e-05,0.013193
2.2571825981140137,3.125906063188245,4.895797847380929,0.3282062252742946,0.41629503390730876,1.0002463483161586,0.3202874220824492,2.006643725097323e-05,0.013193
2.2863242626190186,3.139164750137212,4.8484212341877075,0.6275704622243217,0.09140646421686732,0.0639256396905085,-0.6160332865432008,-3.85953129490917e-05,0.013352
2.315021514892578,3.1305951108026804,4.905661242181829,0.6642993134273829,0.23273445145758095,0.3004826598627006,-0.3794762663710085,-2.3774697856874443e-05,0.013352
2.3448121547698975,3.1305951108026804,4.912452432917796,0.6900095092695078,0.37541406242879216,0.4937728435060678,-0.18618608272764114,-1.1664808195611777e-05,0.013352
2.3716776371002197,3.1276846674288965,4.912452432917796,0.6493109882806415,0.47528979010863615,0.6501735331384797,-0.02978539309522943,-1.8660948895680787e-06,0.013352
2.3991312980651855,3.117498116313231,4.901618867081914,0.4153872342815011,0.47541110324678526,0.9258316810130082,0.24587275477929915,1.5404258379627115e-05,0.013352
2.425748586654663,3.1187916465539804,4.860224960535234,0.2777275626513858,0.2088293500325463,0.7049153465321877,0.024956420298478443,1.563553256860079e-06,0.013352
2.4571895599365234,3.1271995935418238,4.906469717232084,0.3509310161408103,0.320138806990576,0.8092180474474656,0.12925912121375638,8.098257584039907e-06,0.013352
2.4869351387023926,3.13302048034811,4.872998858575331,0.519564750924336,0.18243039300099798,0.2841325001062929,-0.39582642612741625,-2.4799057329569837e-05,0.013352
2.5149693489074707,3.137062763059854,4.899031747150298,0.7191301176084829,0.2537428532695056,0.30356390786520365,-0.37639501836850564,-2.3581653530328914e-05,0.013352
2.5439352989196777,3.1420751938588083,4.897738187223201,0.9599128519510092,0.29532823970587035,0.2670827664391383,-0.41287615979457093,-2.586724604754482e-05,0.013352
2.5702342987060547,3.1278463587251304,4.8983849671835245,0.8415041980043501,0.3286046780663489,0.34831025808479377,-0.33164866814891547,-2.077823457914594e-05,0.013508
2.597163438796997,3.138517984877737,4.900163612107676,0.9738355622454226,0.3633565217342429,0.33465497651590187,-0.3453039497178072,-2.163375631323389e-05,0.013508
2.624248743057251,3.133990628183417,4.907601582319399,0.9751631534453028,0.43559949693782957,0.4067603390385834,-0.27319858719512546,-1.711625848858436e-05,0.013508
2.65437388420105,3.129463271702414,4.910027007573143,0.8847881078183775,0.5017945866298269,0.515743914920564,-0.16421501131314487,-1.0288291056696006e-05,0.013508
2.6807196140289307,3.134799084720321,4.9194053194099885,0.9291342857036986,0.6085478488514778,0.5882757506038345,-0.09168317562987416,-5.744074115633656e-06,0.013508
2.7070975303649902,3.1221871635184706,4.90517615715652,0.7058287602555277,0.5916084194557856,0.7277064721366544,0.04774754590294594,2.9914478923958066e-06,0.013508
2.733386516571045,3.131403567311026,4.9163331136584265,0.7353844718306198,0.6516258534625147,0.7572705579067908,0.07731163167308241,4.8436775807540316e-06,0.013508
2.7605865001678467,3.1299483456008974,4.901133782086871,0.7267256404253504,0.5957213465434592,0.714198026063588,0.034239099829879605,2.1451255993725016e-06,0.013508
2.786412477493286,3.1299483456008974,4.872675468720658,0.7206644584416647,0.37325483756894323,0.46811754741393197,-0.21184137881977638,-1.327214695977794e-05,0.013667
2.8163468837738037,3.1362543065038957,4.8763944521463305,0.8435955621290467,0.2414866127807446,0.23306755878637006,-0.4468913674473385,-2.799834450125612e-05,0.013667
2.843939781188965,3.127522976132934,4.880760215569252,0.7535603554411154,0.17737385501586553,0.16810175305498923,-0.5118571731787191,-3.206853950202041e-05,0.013667
2.8720998764038086,3.130756802103806,4.883832419635054,0.755753108624465,0.1522865920876208,0.1287321947089876,-0.5512267315247208,-3.453509521941978e-05,0.013667
2.8971874713897705,3.1440154897222863,4.876232757210364,1.0246793900472098,0.08576717432866744,0.0168698378348429,-0.6630890883988656,-4.154342214767227e-05,0.013667
2.9241373538970947,3.137224454371863,4.890461913113825,1.0759712351593342,0.13087025394039226,0.06337198874931035,-0.6165869374843982,-3.862999992430367e-05,0.013667
2.949388027191162,3.1318886412192954,4.885611064160541,1.0042668141978792,0.13119240558208115,0.06890966943334123,-0.6110492568003674,-3.828305679041618e-05,0.013667
2.9810492992401123,3.133990628183417,4.90097208708933,0.9964650298120463,0.23037626601534067,0.18207364133333254,-0.4978852849003761,-3.11931819322723e-05,0.013667
3.0091757774353027,3.12881650650824,4.901618867081914,0.8866559417021458,0.30397163638147656,0.2991304609738466,-0.38082846525986214,-2.3859414933734964e-05,0.013667
3.0374720096588135,3.1457940942983207,4.879951740839209,1.1521809479172123,0.21590503813720563,0.14065404088475203,-0.5393048853489566,-3.3788175541318456e-05,0.013667
3.065194845199585,3.136577689125462,4.894342592537306,1.1521788450420583,0.2469667635560435,0.17046488555322775,-0.5094940406804807,-3.192048607649616e-05,0.013826
3.0902762413024902,3.128331432615463,4.910188702593292,0.9858730027409797,0.3707933404200324,0.3382789727130864,-0.34167995352062186,-2.1406708083191735e-05,0.013826
3.1170167922973633,3.1315652586135108,4.87914326611921,0.9346763115431534,0.2574718976297456,0.22797805122324866,-0.4519808750104597,-2.8317208987066097e-05,0.013826
3.1418514251708984,3.1296249630016364,4.909218532478463,0.8597081883938228,0.3718969313659668,0.3936479932669322,-0.28631093296677634,-1.7937764565623392e-05,0.013826
3.167956590652466,3.130271728201245,4.906308022221225,0.8202739818718477,0.4332444468263512,0.4873032997458765,-0.19265562648783185,-1.2070133803037202e-05,0.013826
3.194838285446167,3.127522976132934,4.90517615715652,0.7372352492610971,0.46889603803819885,0.5862039823008585,-0.09375494393285,-5.873873182921157e-06,0.013826
3.2212307453155518,3.1208936332321873,4.90792497234798,0.5454124776581766,0.5115604925900552,0.8276730386005205,0.1477141123668122,9.25448757125661e-06,0.013826
3.2488749027252197,3.132373715130013,4.911482262769024,0.6426582939310711,0.5643422880971741,0.7761341396497288,0.09617521341602031,6.025506317306248e-06,0.013826
3.2769336700439453,3.1262294457750106,4.8558591984871065,0.58681730917016,0.24295618869761376,0.3599732389386385,-0.31998568729506993,-2.004753316120906e-05,0.013826
3.3050060272216797,3.123965767690454,4.888036488591913,0.5020764432491088,0.22527756166375634,0.39459723217409065,-0.285361694059618,-1.7878293472931612e-05,0.013826
3.3330442905426025,3.132373715130013,4.895636152396692,0.6123230698447207,0.26186086533999914,0.37735644819391556,-0.3026024780397931,-1.8958451749664414e-05,0.013826
3.3676037788391113,3.128169741318414,4.888844963422488,0.6047130902397037,0.2437191693602468,0.34835523057518564,-0.3316036956585229,-2.0775416992209134e-05,0.013982
3.3956520557403564,3.1454707116456757,4.88237716505948,0.9482992109865876,0.18935331161402127,0.13792386805932438,-0.542035058174384,-3.395922453640403e-05,0.013982
3.4238529205322266,3.1394881327685837,4.889006658389811,1.068157292700811,0.19400554856919894,0.12507550235779574,-0.5548834238759126,-3.476419190743276e-05,0.013982
3.450394630432129,3.1432070331077306,4.890785303056923,1.2270579669773214,0.20872044959750335,0.12024669034562332,-0.559712235888085,-3.5066723466770926e-05,0.013982
3.4771530628204346,3.146925933591174,4.8691181804251595,1.4132884589574783,0.0794375460790609,0.0001621188276516218,-0.679796807406057,-4.259018318775581e-05,0.013982
3.503953218460083,3.1393264414527615,4.883994114589905,1.390388896038713,0.0847728425686544,0.004494070912741269,-0.6754648553209674,-4.231878057030524e-05,0.013982
3.5362095832824707,3.149027920884831,4.890785303056923,1.5700114262334623,0.1322575553971222,0.03758988035494495,-0.6423690458787636,-4.024528364955763e-05,0.013982
3.563537359237671,3.143692107075646,4.89450428751832,1.5881384715876756,0.18945519254331752,0.07711664319420675,-0.6028422830395017,-3.776887885947513e-05,0.013982
3.5899157524108887,3.133505554264539,4.894989372463775,1.395392579836322,0.23261853927724724,0.12385885653850795,-0.5561000696952003,-3.484041640239002e-05,0.01414
3.6199872493743896,3.136739380436654,4.901942257080626,1.3256878575337807,0.3076245617118244,0.19433020547378044,-0.4856287207599277,-3.0425291724040755e-05,0.01414
3.650932788848877,3.1396498240846786,4.894342592537306,1.3355902155310366,0.31117043005827666,0.1956497879837664,-0.4843091382499416,-3.034261810713144e-05,0.01414
3.6803109645843506,3.138517984877737,4.903882597106792,1.3196957745140971,0.37511088975896273,0.25127545498024506,-0.42868347125346307,-2.6857595345166615e-05,0.01414
3.7067315578460693,3.125906063188245,4.874454112941226,1.0542218059999708,0.23028585010276728,0.16785071997999876,-0.5121082062537095,-3.2084267061393365e-05,0.01414
3.7340686321258545,3.1276846674288965,4.906308022221225,0.9042595959919596,0.3341166899421191,0.3341843581688654,-0.34577456806484297,-2.1663241184879955e-05,0.01414
3.761660575866699,3.1265528283628625,4.903720902102393,0.7764599602130466,0.39013160462165936,0.4756842405008416,-0.20427468573286656,-1.2798083473180072e-05,0.01414
3.791019916534424,3.122510546092754,4.9046910721348445,0.6054784717386655,0.43559204727232265,0.6921122152695053,0.012153289035796933,7.614198841907117e-07,0.01414
3.819037914276123,3.1215403983731598,4.8951510674464,0.4662262118925055,0.4059560045032683,0.8460776854044554,0.16611875917074692,1.0407563417370888e-05,0.01414
3.846463203430176,3.128654815210376,4.891108693001631,0.5122278992788901,0.3591691024504589,0.6933651227476906,0.013406196513982005,8.399162207899177e-07,0.01414
3.873173475265503,3.1315652586135108,4.900487002099127,0.6031247391197027,0.38683495280336694,0.6222764253198978,-0.057682500913810886,-3.6138861699296766e-06,0.0143
3.902743339538574,3.127361284837243,4.903559207098396,0.5819699094988733,0.425992721571126,0.7065010795426844,0.02654215330897558,1.6629015601591905e-06,0.0143
3.929166793823242,3.137224454371863,4.889006658389811,0.7660745987754896,0.35965313553916844,0.4392148880418858,-0.2407440381918231,-1.5082937395769933e-05,0.0143
3.9599571228027344,3.13560754126403,4.895959542365568,0.8623391798682352,0.35800710090760185,0.3810623317549471,-0.29889659447876205,-1.8726273166274085e-05,0.0143
3.98691987991333,3.127361284837243,4.867501231264099,0.763420018022831,0.17352153712417748,0.14862978900276275,-0.5313291372309463,-3.328848420751883e-05,0.0143
4.014696836471558,3.1301100369009354,4.892078862845419,0.7496113926832852,0.20271497644468078,0.20250961811718943,-0.47744930811651964,-2.9912840534132606e-05,0.0143
4.041346549987793,3.130433419501827,4.891108693001631,0.7464670948088239,0.21690038280945143,0.22787137484498712,-0.45208755138872214,-2.832389240546776e-05,0.0143
4.06815767288208,3.151453290896425,4.870735129626318,1.168179224529185,0.09558016445770655,0.008009921546211874,-0.6719490046874974,-4.209850780510699e-05,0.0143
4.096217632293701,3.13528415864573,4.879466656006004,1.1372906776815386,0.0669060077821212,-0.02204113175041387,-0.702000057984123,-4.398124666316667e-05,0.014448
4.127516984939575,3.143368724430096,4.849714793135548,1.27871220683749,-0.14483252462773452,-0.21106707481163534,-0.8910260010453446,-5.582397592359831e-05,0.014448
4.154181480407715,3.134637393412396,4.894665982499736,1.2016202849346456,-0.0034661965661367984,-0.08992299878169464,-0.7698819250154039,-4.823413682165519e-05,0.014448
4.179802894592285,3.127037902246676,4.901780562081068,0.9943950519143321,0.14132357959663674,0.06798137334565457,-0.6119775528880547,-3.834121578733459e-05,0.014448
4.206740856170654,3.1318886412192954,4.834838866777687,0.9471634859263927,-0.18857350301677642,-0.35317700388903117,-1.0331359301227405,-6.472735388340388e-05,0.014448
4.238948583602905,3.1354458499547437,4.9067931072550115,0.9858405307640149,0.04404014405905869,-0.05418066431506374,-0.7341395905487731,-4.599483155292279e-05,0.014448
4.265655279159546,3.134475702104743,4.902265647080952,0.9933492416062503,0.17770301911648695,0.1147217290515573,-0.5652371971821519,-3.541286971379061e-05,0.014448
4.2942376136779785,3.138194602249634,4.920537184723707,1.0736053523547762,0.38897542280673797,0.3344333297570716,-0.3455255964766375,-2.1647642780423368e-05,0.014448
4.320716857910156,3.130756802103806,4.910997177700093,0.9797846064640067,0.4754077377218224,0.46462558892050837,-0.21533333731320092,-1.3490922850306882e-05,0.014448
4.3512678146362305,3.128493123912784,4.914069383198088,0.8684579056049255,0.5557020348959937,0.6154030131681376,-0.06455591306557174,-4.044514674622818e-06,0.014448
4.377520322799683,3.1267145196571953,4.9082483623781785,0.7546596467504245,0.5744080246403569,0.7264329156527015,0.04647398941899206,2.911657867846381e-06,0.014607
4.407034873962402,3.134799084720321,4.872998858575331,0.8380443629561554,0.3604188453558541,0.4062692170883127,-0.2736897091453969,-1.714702793851662e-05,0.014607
4.4348554611206055,3.131403567311026,4.924902951119604,0.8279353937210115,0.5450015199135778,0.6346849929356048,-0.045273933298104696,-2.8364727397796487e-06,0.014607
4.463630437850952,3.128493123912784,4.931855838952526,0.762163456684808,0.7190010925432956,0.850982085487944,0.1710231592542344,1.0714830670918031e-05,0.014607
4.489951133728027,3.127037902246676,4.934766350361048,0.6867752721394489,0.8595508089558159,1.0174379589609321,0.33747903272722257,2.11435147521862e-05,0.014607
4.520761966705322,3.128978197806376,4.921669050057259,0.673133981216326,0.8735605470366571,1.0384106142802765,0.3584516880465667,2.24574797815203e-05,0.014607
4.549132347106934,3.127522976132934,4.911482262769024,0.6342372488022049,0.8177423262098069,1.0446159292713693,0.36465700303765947,2.284625110161052e-05,0.014607
4.577947616577148,3.119438411680858,4.835970730621043,0.4439660510316621,0.2922112813547373,0.7070342401145331,0.027075313880823293,1.696304786205704e-06,0.014607
4.603962659835815,3.123319002533208,4.902265647080952,0.3890370837239165,0.3514228152234734,0.9729967171684162,0.2930377909347064,1.8359211253826245e-05,0.014607
4.630899906158447,3.115557820984608,4.899840222117837,0.19406506749335287,0.3772458837543985,1.6512889964829307,0.9713300702492209,6.085513373554193e-05,0.014607
4.657876491546631,3.11798319015148,4.893049032703704,0.10649769825290063,0.3515720203387931,1.9812379339489488,1.301279007715239,8.152687790407433e-05,0.014763
4.686175346374512,3.1178214988717925,4.894989372463775,0.041939670271629315,0.3461003187340687,2.1857291468535625,1.5057702206198529,9.433852709543573e-05,0.014763
4.715847969055176,3.1149110558837307,4.902427342081721,-0.061946599614687216,0.39018680842160586,2.334083645095111,1.6541247188614012,0.00010363313570200572,0.014763
4.747081279754639,3.1260677544814923,4.896929712281867,0.0903330138962558,0.3856306735520212,1.9839072265383002,1.3039483003045904,8.169411267058638e-05,0.014763
4.774102687835693,3.128978197806376,4.9046910721348445,0.2556244004460998,0.43244139552356825,1.449361077258565,0.7694021510248554,4.8204078336643834e-05,0.014763
4.8006932735443115,3.1257443718952698,4.909380227496592,0.3061109743714078,0.4954172470360776,1.344066305896966,0.6641073796632562,4.1607219463306005e-05,0.014763
4.827929973602295,3.130271728201245,4.890461913113825,0.4327559320561573,0.417625304835587,0.9673184514341105,0.28735952520040065,1.8003460277684365e-05,0.014763
4.855872392654419,3.1328587890431776,4.902103952080587,0.5735813220429781,0.43817096463006544,0.7529511505410716,0.07299222430736196,4.57306090682386e-06,0.014763
4.882016181945801,3.1325354064341293,4.9053378521645525,0.6656373550060359,0.4733862675802036,0.6888697031260321,0.008910776892322447,5.582721425794283e-07,0.01492
4.907451391220093,3.1331821716533144,4.900487002099127,0.74312005815757,0.4667869683941864,0.6036478214431469,-0.07631110479056269,-4.7809932275082585e-06,0.01492
4.934085369110107,3.134475702104743,4.916171418622916,0.8234449107817358,0.5632091704629733,0.6481853731920529,-0.03177355304165652,-1.990655781002672e-06,0.01492
4.9616053104400635,3.1265528283628625,4.91390768816824,0.7198896805658511,0.6161213705948653,0.7952695843383388,0.11531065810462926,7.224367632611335e-06,0.01492
4.987382888793945,3.1388413675069295,4.891917167870448,0.8952271404724338,0.51149319300774,0.5401861112852278,-0.13977281494848204,-8.756954620071232e-06,0.01492
5.015247583389282,3.122672237380302,4.912452432917796,0.6918763675917613,0.5705451815138939,0.7778172799669378,0.09785835373322782,6.130957319222687e-06,0.01492
5.0408935546875,3.1297866543011312,4.917141588842045,0.6930090975402702,0.6420899232243669,0.848460551816358,0.16850162558264814,1.0556853199095625e-05,0.01492
5.069414854049683,3.128493123912784,4.909541922515124,0.6677150493582951,0.6432128835736827,0.8768847426648803,0.19692581643117024,1.2337666939339002e-05,0.01492
5.09542989730835,3.1252592980179723,4.908895142443419,0.5847918192999305,0.6398322872456421,0.9732899548648581,0.2933310286311481,1.837758298942863e-05,0.01492
5.122349500656128,3.117498116313231,4.917950064035778,0.3702238159950124,0.6957992336229174,1.3279298972797708,0.647970971046061,4.059625178662448e-05,0.01492
5.152326345443726,3.1322120238261686,4.917464978918325,0.5167653607667098,0.731851094247385,1.1313069325639182,0.45134800633020844,2.8277558914085407e-05,0.015078
5.178881883621216,3.1223488548054767,4.9072781922924325,0.4204313824602338,0.6914623634680188,1.2465233338990853,0.5665644076653755,3.549602123347028e-05,0.015078
5.2045183181762695,3.1262294457750106,4.9084100573938825,0.43125847114060967,0.6704819217695831,1.2178646682679057,0.5379057420341959,3.3700517333112146e-05,0.015078
5.234858751296997,3.1183065727116674,4.904852767141667,0.2790548198483153,0.632878936347479,1.4707597176413596,0.7908007914076498,4.9544731902449324e-05,0.015078
5.26275110244751,3.123319002533208,4.9084100573938825,0.27359922189556185,0.629473522785213,1.4806606513025509,0.8007017250688409,5.016503869672362e-05,0.015078
5.292842626571655,3.1197617942459224,4.906469717232084,0.19804117133768737,0.6145897279174427,1.629990822878182,0.9500318966444719,5.952077454834283e-05,0.015078
5.319601774215698,3.1197617942459224,4.909865312553399,0.14515053594718122,0.6260460811607188,1.7317604538765987,1.0518015276428885,6.589677864243657e-05,0.015078
5.350121974945068,3.122672237380302,4.9053378521645525,0.16682274442408754,0.6048988491516496,1.6948598618621669,1.0149009356284566,6.358490698239134e-05,0.015078
5.377793073654175,3.1238040764007353,4.848259539321024,0.20481937821158,0.22238746871909096,1.7883188138012804,1.10835988756757,6.94402358692846e-05,0.015078
5.404818296432495,3.116851351199357,4.900163612107676,0.09119962927963485,0.2890044751911604,2.253182135206773,1.5732232089730627,9.856454742860973e-05,0.015078
5.434029817581177,3.1223488548054767,4.911805652816997,0.1225353704192575,0.4106364102823092,1.9175432626275304,1.2375843363938197,7.753632118167012e-05,0.015237
5.462458848953247,3.1149110558837307,4.910673787656161,-0.005529609511341517,0.4884870946163931,2.136257911847497,1.4562989856137867,9.123908776521492e-05,0.015237
5.489265441894531,3.111030465369388,4.906954802267081,-0.1734359597777133,0.5190242295076934,2.3612120280484783,1.6812531018147678,0.0001053327653368965,0.015237
5.516993522644043,3.123965767690454,4.906469717232084,-0.030100845014420362,0.5372752226231752,2.1246322132394253,1.4446732870057148,9.051072213005879e-05,0.015237
5.54340124130249,3.127361284837243,4.9130992130250615,0.13871200060496322,0.5927592710463533,1.7528166931288753,1.0728577668951649,6.72159803174512e-05,0.015237
5.5719380378723145,3.131080184706872,4.91342260308112,0.33188100014619804,0.6336814393590172,1.3625637416766938,0.6826048154429836,4.276610866340159e-05,0.015237
5.598467588424683,3.134799084720321,4.916171418622916,0.5420993103332148,0.6800353001383587,1.0499146942188777,0.3699557679851677,2.3178225843657866e-05,0.015237
5.625026226043701,3.124450841561238,4.909865312553399,0.48055645324187873,0.6718579817153524,1.13211509224856,0.4521561660148501,2.8328191203968e-05,0.015237
5.651650667190552,3.129463271702414,4.912937517997638,0.5385634176759627,0.6859255352065465,1.059155409922924,0.3791964836892141,2.3757169096014483e-05,0.015237
5.678222179412842,3.1325354064341293,4.90792497234798,0.6411248219491312,0.663481140607891,0.90990677847776,0.22994785224405034,1.4406541843105822e-05,0.015396
5.705266237258911,3.1228339286681215,4.9082483623781785,0.5172656143024017,0.6498533986386812,1.0610243465995313,0.3810654203658215,2.3874260489436515e-05,0.015396
5.7315051555633545,3.122672237380302,4.910997177700093,0.4273032992727389,0.6580223208041864,1.2083506590023192,0.5283917327686092,3.3104451871996635e-05,0.015396
5.758107900619507,3.1242891502707053,4.909703617534059,0.39693837576786,0.6554072290291924,1.2584503809074794,0.5784914546737692,3.624326675072237e-05,0.015396
5.788795709609985,3.1153961297089827,4.899193442142999,0.19633510249305278,0.5858683054698824,1.6424864466057307,0.9625275203720205,6.030364216084645e-05,0.015396
5.815946340560913,3.1228339286681215,4.895797847380929,0.20591281068314085,0.5153160529303976,1.6306622009881628,0.9507032747544526,5.956283728882764e-05,0.015396
5.843483924865723,3.122510546092754,4.910673787656161,0.20609546706774642,0.5617628444700531,1.623713238491671,0.9437543122579608,5.9127475453546696e-05,0.015396
5.873976469039917,3.1247742241431173,4.907601582319399,0.2518755024358356,0.574483922852893,1.5176130841743771,0.8376541579406671,5.248015825612493e-05,0.015396
5.902982950210571,3.117174733755752,4.899678527123523,0.13066065520243408,0.5323469921039662,1.8142812080812407,1.134322281847531,7.106681474745783e-05,0.015396
5.929078578948975,3.1262294457750106,4.90097208708933,0.22841896206013795,0.5111844765806602,1.5708549463096444,0.8908960200759346,5.581583244125509e-05,0.015396
5.955798387527466,3.1163662773667955,4.885287674243196,0.09793672956583907,0.3953290279074542,2.0424665787951803,1.3625076525614708,8.536293475507597e-05,0.015552
5.991530418395996,3.132373715130013,4.894342592537306,0.32942527026642,0.3725635563952099,1.1602190709141236,0.480260144680414,3.0088943220792612e-05,0.015552
6.0177106857299805,3.1343140107973624,4.881083605464083,0.5305976891864821,0.27121104892378295,0.40835274228051166,-0.271606183953198,-1.70164922863257e-05,0.015552
6.047036409378052,3.132373715130013,4.886742928883916,0.632287942000879,0.23672262948197562,0.2337121294753975,-0.44624679675831236,-2.7957961281705803e-05,0.015552
6.0761048793792725,3.1309184934052032,4.883347334772911,0.6741232891670713,0.19070573401904387,0.1116174252943554,-0.5683415009393544,-3.5607358514339973e-05,0.015552
6.11043381690979,3.1360926151935207,4.9105120926348,0.807755873504983,0.333493954066847,0.32195733840023477,-0.35800158783347524,-2.2429280398528847e-05,0.015552
6.144857406616211,3.132050332522596,4.846804285538855,0.8197769310290057,0.023029046756308947,-0.1986563864748336,-0.8786153127085436,-5.504642962742283e-05,0.015552
6.174604892730713,3.131080184706872,4.908895142443419,0.8086264514430428,0.20570360147348438,0.11167783112301256,-0.5682810951106976,-3.5603574008028566e-05,0.015552
6.2016191482543945,3.123965767690454,4.910188702593292,0.6573428428401268,0.3419091269622468,0.44271165980227617,-0.237247266431434,-1.4863859947599768e-05,0.01571
6.229064464569092,3.1393264414527615,4.911805652816997,0.8612269647565729,0.44766966652207535,0.45450908277033836,-0.22544984346337205,-1.4124735550604666e-05,0.01571
6.25652813911438,3.1296249630016364,4.914392773258998,0.8082936456432014,0.5383687195038779,0.6056070864357629,-0.07435183979794746,-4.658242643745962e-06,0.01571
6.286881446838379,3.130271728201245,4.917626673957071,0.7842838019464129,0.622691401641322,0.7199548873844677,0.03999596115075721,2.5058006945943427e-06,0.01571
6.3164286613464355,3.1349607760285187,4.920698879770142,0.8620421416812543,0.7015089579009168,0.729505225982172,0.0495462997484617,3.104142237169973e-06,0.01571
6.3439013957977295,3.127522976132934,4.921507355008393,0.7664729611276546,0.7618895839557728,0.8639478490514998,0.18398892281778934,1.1527153175708916e-05,0.01571
6.370298624038696,3.122510546092754,4.918596844198047,0.5984875723788852,0.7854060104759953,1.0604982158019292,0.3805392895682187,2.3841297688189882e-05,0.01571
6.397441387176514,3.128654815210376,4.880113435784414,0.6048108516193649,0.5539507666780346,0.8411943025658252,0.1612353763321146,1.0101612922447395e-05,0.01571
6.425487279891968,3.1141025995137253,4.916009723587811,0.3157588803372791,0.6231821620078427,1.417146729347246,0.7371878031135355,4.6185806164915794e-05,0.01571
6.4550652503967285,3.1212170158021313,4.9072781922924325,0.25690075865054685,0.6153941109003258,1.539663348456494,0.8597044222227839,5.386163693458071e-05,0.01571
6.481005668640137,3.119276720398732,4.904852767141667,0.17656963836337491,0.594317468738997,1.718046763219397,1.0380878369856867,6.503759750050226e-05,0.015862
6.5097339153289795,3.1197617942459224,4.901780562081068,0.13012046286516252,0.5597721453102361,1.8387609929929345,1.1588020667592243,7.260050615704857e-05,0.015862
6.53827691078186,3.1223488548054767,4.885934454079494,0.14977995392915075,0.43350706307417336,1.88764683176709,1.2076879055333796,7.566326962694924e-05,0.015862
6.5659215450286865,3.121863780945273,4.890138523172337,0.15375898870866525,0.3722048423838886,1.9524415903782302,1.2724826641445197,7.972274829585462e-05,0.015862
6.593152046203613,3.128978197806376,4.906631412243345,0.30002258281478644,0.4355433187367096,1.3671897219544689,0.6872307957207584,4.305593254210612e-05,0.015862
6.623541355133057,3.128978197806376,4.9059846322007195,0.4024070986890832,0.4757135837984717,1.1082648581855197,0.4283059319518092,2.683394200075129e-05,0.015862
6.651201486587524,3.138194602249634,4.894019202576489,0.6599458523127474,0.42674941171603126,0.5778771483701362,-0.10208177786357431,-6.395560514517779e-06,0.015862
6.680034399032593,3.125906063188245,4.895797847380929,0.59239686045902,0.4039328273027056,0.6193376715218244,-0.060621254711886285,-3.7980030431485035e-06,0.015862
6.707510948181152,3.136739380436654,4.849068013658432,0.7635908539696483,0.08691958429456133,-0.13081812038559823,-0.8107770466193089,-5.079627112652475e-05,0.016018
6.73839807510376,3.1305951108026804,4.895312762429428,0.7595135876490936,0.16292694733715252,0.01503177738196803,-0.6649271488517428,-4.1658579104200086e-05,0.016018
6.76784873008728,3.1388413675069295,4.8974147972454585,0.9229638754307125,0.2296737716413035,0.10952453650906147,-0.5704343897246493,-3.5738480808216926e-05,0.016018
6.793635368347168,3.1407816633049737,4.905822937191072,1.076509519943231,0.3305632337418842,0.20818627681968943,-0.4717726494140215,-2.9557190240692274e-05,0.016018
6.824961185455322,3.1451473289941236,4.902589037082892,1.2720349708941825,0.380352515962273,0.2161106731684438,-0.4638482530652672,-2.906071616421985e-05,0.016018
6.850031852722168,3.1349607760285187,4.902589037082892,1.2034679599447198,0.4152050135165585,0.265504642936598,-0.4144542832971132,-2.596611760494834e-05,0.016018
6.87725830078125,3.128654815210376,4.837425984162624,1.028297122915455,0.019810156322964793,-0.1746615638925898,-0.8546204901263008,-5.35431217592454e-05,0.016018
6.908395051956177,3.1362543065038957,4.88059852062244,1.0589384272606701,0.02115866881040318,-0.16650831569575375,-0.8464672419294648,-5.3032309807062955e-05,0.016018
6.936540365219116,3.125906063188245,4.895636152396692,0.871691662922554,0.11897764034265765,-0.060250216654366834,-0.7402091428880777,-4.637509716050198e-05,0.016018
6.966341733932495,3.124127458980444,4.8932107276814945,0.704749360596517,0.1718259168351616,0.035223225097715784,-0.6447357011359951,-4.039355778066508e-05,0.016018
6.993635416030884,3.131080184706872,4.909865312553399,0.7281071521402858,0.31611141340310683,0.3281012553430072,-0.3518576708907035,-2.2044355748644896e-05,0.016177
7.023048639297485,3.1160428948131083,4.905822937191072,0.4411967237106825,0.3910695829751408,0.9104373210529997,0.23047839481928922,1.443978104814791e-05,0.016177
7.051684856414795,3.1252592980179723,4.894989372463775,0.4262289913466107,0.3737486125795197,0.9148089014227608,0.23484997518905026,1.4713666430867733e-05,0.016177
7.078273773193359,3.1220254722317367,4.874454112941226,0.3505341845505025,0.2293322560771438,0.6700684471411832,-0.009890479092527604,-6.196518015033948e-07,0.016177
7.103801727294922,3.117336425034356,4.9090568374607395,0.20298260217385064,0.3511575151373064,1.856187250779736,1.176228324546025,7.369228461692234e-05,0.016177
7.135948657989502,3.131403567311026,4.889168353357536,0.3833921611734549,0.3083101578552386,0.882778500718134,0.20281957448442323,1.2706918798744132e-05,0.016177
7.162567377090454,3.1147493646091884,4.900487002099127,0.17380927460741882,0.3512336915867032,1.990407021960657,1.3104480957269462,8.210133358528497e-05,0.016177
7.194561958312988,3.1220254722317367,4.897899882212677,0.17384038283309208,0.3646134934877699,1.9658649527867094,1.2859060265529985,8.056373998299454e-05,0.016177
7.221611976623535,3.131403567311026,4.908895142443419,0.36299260763490904,0.4448127141855185,1.2237810841231973,0.5438221578894866,3.407118873425226e-05,0.016333
7.249184608459473,3.124450841561238,4.895474457412859,0.3551817613530408,0.41449380518173157,1.212886006212742,0.5329270799790311,3.338859746727974e-05,0.016333
7.277215957641602,3.128331432615463,4.9014571720831634,0.42797504415865845,0.43181224677834196,1.017237377837684,0.3372784516039731,2.1130948075364346e-05,0.016333
7.30388069152832,3.1268762109518,4.91390768816824,0.44958251355185924,0.52414352401561,1.0908849889133219,0.41092606267961096,2.5745069843633276e-05,0.016333
7.330294370651245,3.128493123912784,4.906631412243345,0.4973164405664194,0.5419003958789185,1.0146247243386541,0.33466579810494346,2.096726182394696e-05,0.016333
7.357847213745117,3.1322120238261686,4.847289370129317,0.6057301979667006,0.17203855446942165,0.028980279905838575,-0.6509786463278722,-4.078468668338489e-05,0.016333
7.3874125480651855,3.1388413675069295,4.902427342081721,0.8153155026530283,0.2683435734363491,0.1897143362242433,-0.4902445900094674,-3.071448213324372e-05,0.016333
7.416694641113281,3.130271728201245,4.9053378521645525,0.7891991018532977,0.35450709374459266,0.3502367857549401,-0.32972214047877046,-2.065753503261402e-05,0.016333
7.443755388259888,3.1318886412192954,4.918435149156873,0.8035263208836656,0.4991966000352518,0.5577315722880676,-0.12222735394564288,-7.657707918581224e-06,0.016333
7.47444486618042,3.120731941947622,4.918111759075739,0.5885553581825956,0.598395919860738,0.931507187262527,0.25154826102881667,1.5759836470340065e-05,0.016333
7.501802921295166,3.124127458980444,4.918111759075739,0.5065539472785522,0.667835443738567,1.1248121059348322,0.4448531797011219,2.7870649300959962e-05,0.016484
7.531496047973633,3.1238040764007353,4.90614632721077,0.4426312202096873,0.6393597383921651,1.2146512615540335,0.5346923353203235,3.349919308576416e-05,0.016484
7.55748987197876,3.117174733755752,4.872028689016125,0.26418965764416014,0.39963504565585195,1.5811180033173429,0.9011590770836329,5.645882674964577e-05,0.016484
7.590780258178711,3.120085176812071,4.896444627321904,0.19797621552426128,0.3891194387909558,1.8699573608779794,1.1899984346442694,7.455500051262893e-05,0.016484
7.623171329498291,3.1262294457750106,4.899031747150298,0.27553985428539907,0.39842518532247795,1.531557728315551,0.8515988020818412,5.335380894408104e-05,0.016484
7.655482769012451,3.1309184934052032,4.892887337726316,0.4243996277662353,0.3653558645544898,0.8970664903784179,0.217107564144708,1.3602080544705086e-05,0.016484
7.68515682220459,3.128331432615463,4.890785303056923,0.4764275506478976,0.3286656707872108,0.6541063799383809,-0.025852546295328738,-1.6196967543719273e-06,0.016484
7.713840007781982,3.1322120238261686,4.898708357166105,0.5911079750237354,0.3540242137663831,0.5207315557361283,-0.1592273704975813,-9.97580865946301e-06,0.016484
7.74482274055481,3.128493123912784,4.8983849671835245,0.5963842635967296,0.3696918599087021,0.5492059071171828,-0.1307530191165267,-8.191852294473414e-06,0.01664
7.773316144943237,3.139003058821934,4.910188702593292,0.8120342188192791,0.45670090786691064,0.4867897649615086,-0.19316916127220085,-1.2102307447133909e-05,0.01664
7.802638053894043,3.129463271702414,4.906954802267081,0.7705978535801787,0.4967738987830519,0.5785047455480451,-0.10145418068566436,-6.35624070824023e-06,0.01664
7.833735466003418,3.1318886412192954,4.911482262769024,0.7905054470924704,0.5539916724322681,0.6358306507766872,-0.04412827545702247,-2.764695737018535e-06,0.01664
7.8610029220581055,3.126391137068801,4.915686333518813,0.6935711861805596,0.621127461536008,0.8176929368683697,0.13773401063466006,8.629220790986332e-06,0.01664
7.890514612197876,3.1254209893101335,4.911643957792808,0.60615198484007,0.6420808335402238,0.9535939867347288,0.27363506050101916,1.71436041275342e-05,0.01664
7.9168102741241455,3.123157311244574,4.907116497279556,0.49930636769640063,0.6275815138623849,1.109271381653742,0.4293124554200325,2.6897002048146893e-05,0.01664
7.945256471633911,3.1291398891047835,4.910835482677925,0.5451666179967017,0.6413903342903176,1.0446620446892538,0.36470311845554426,2.2849140294490063e-05,0.01664
7.971628665924072,3.11798319015148,4.907763277333488,0.35226878360524483,0.6312648328455112,1.4013331354160474,0.7213742091823379,4.5195063261964505e-05,0.01664
8.001375436782837,3.1178214988717925,4.9053378521645525,0.2139794300182583,0.6085519753310213,1.7092542197140497,1.02929529348034,6.448673283844546e-05,0.01664
8.029385089874268,3.1242891502707053,4.890946998029076,0.24761166728972353,0.49994461517903466,1.652772735677073,0.9728138094433636,6.094809198923323e-05,0.0168
8.06290888786316,3.1221871635184706,4.901295477084815,0.22876292736575105,0.4905861467594341,1.7145454304005987,1.0345865041668894,6.481823429589573e-05,0.0168
8.092504501342773,3.1252592980179723,4.903397512094803,0.27752533390516165,0.49757689028957147,1.5599071246369036,0.8799481984031943,5.51299367067222e-05,0.0168
8.126789331436157,3.117336425034356,4.888198183557224,0.15187640672208516,0.40455371958231684,2.0661138263211702,1.3861549000874611,8.684446657906488e-05,0.0168
8.152813911437988,3.1318886412192954,4.897738187223201,0.35740043429181084,0.4008958461248421,1.21071845172927,0.5307595254955608,3.325279726711008e-05,0.0168
8.180058479309082,3.120731941947622,4.900487002099127,0.2762672375683182,0.41604367337542186,1.5611037164903527,0.8811447902566434,5.5204904793780204e-05,0.0168
8.208540439605713,3.128331432615463,4.887066318808501,0.37273487750932577,0.34018880016760816,1.0189494366956904,0.33899051046198125,2.1238210862709613e-05,0.0168
8.240398645401001,3.1262294457750106,4.903397512094803,0.39787091767498006,0.3922987476752857,1.043031091674675,0.3630721654409659,2.274695889718905e-05,0.0168
8.266805410385132,3.1388413675069295,4.882862249914386,0.66981400644883,0.29648401658279466,0.2852845244488314,-0.3946744017848778,-2.472688145694006e-05,0.016958
8.296292543411255,3.1267145196571953,4.888198183557224,0.6156089173411576,0.2637887079875578,0.2392640270876205,-0.4406948991460886,-2.761012743816874e-05,0.016958
8.324777841567993,3.135930923883418,4.899031747150298,0.7635349431004343,0.3106936737600936,0.2600975360812277,-0.41986139015248125,-2.6304880113064002e-05,0.016958
8.353186845779419,3.133990628183417,4.900487002099127,0.8279527200437962,0.3529021527201151,0.30207339505752906,-0.37788553117617973,-2.367503616000728e-05,0.016958
8.381566047668457,3.1326970977385176,4.8983849671835245,0.8469582036177293,0.36890641717632405,0.3181420361315873,-0.36181689010212126,-2.2668314210938664e-05,0.016958
8.408361196517944,3.1357692325735878,4.876071062274798,0.9222185733731841,0.2363593852782079,0.08448381004540703,-0.5954751161883014,-3.730731595957766e-05,0.016958
8.436342000961304,3.130433419501827,4.898061577202556,0.8672921212917322,0.2852431460342801,0.17412152858014665,-0.505837397653562,-3.169139247871515e-05,0.016958
8.466001272201538,3.133343862958791,4.898061577202556,0.8875392645906174,0.31946177856353636,0.22273655707967627,-0.45722236915403225,-2.8645595636312246e-05,0.016958
8.491570472717285,3.128978197806376,4.898223272192839,0.8136687759321499,0.34445648829905134,0.29612104011631735,-0.383837886117391,-2.4047959193159015e-05,0.016958
8.518118858337402,3.1420751938588083,4.887551403698397,1.026089912777582,0.2932027709877957,0.1476438577270094,-0.5323150685066989,-3.335025412639366e-05,0.016958
8.547277450561523,3.138517984877737,4.894019202576489,1.10304556258667,0.29899184274858287,0.14086973048602794,-0.5390891957476802,-3.377466229805227e-05,0.017114
8.576356887817383,3.142236885179265,4.902103952080587,1.231914533770927,0.35512754116914913,0.1799089940741856,-0.5000499321595224,-3.132879999093265e-05,0.017114
8.602673530578613,3.134475702104743,4.9082483623781785,1.1656010437111035,0.4340058790315562,0.2781927856351251,-0.40176614059858307,-2.517118842029273e-05,0.017114
8.631993293762207,3.1322120238261686,4.904205987116802,1.0735294201679795,0.46317903816005485,0.3424065515666962,-0.33755237466701193,-2.1148109723237764e-05,0.017114
8.657911539077759,3.130271728201245,4.8694415702621825,0.9699488441137515,0.2596418910782297,0.11017149515568604,-0.5697874310780222,-3.5697947979915054e-05,0.017114
8.684883832931519,3.1271995935418238,4.9130992130250615,0.8354859131644334,0.39841593896487426,0.3754315140965442,-0.30452741213716394,-1.9079051456721308e-05,0.017114
8.711718559265137,3.117174733755752,4.908733447426503,0.5391879427124555,0.4674327588828554,0.8566798599040615,0.17672093367035324,1.1071803892182454e-05,0.017114
8.738934516906738,3.1252592980179723,4.844540557497549,0.4948228446478488,0.10220288435860266,-0.3964437171098843,-1.0764026433435925,-6.743807158894833e-05,0.017114
8.766658067703247,3.1268762109518,4.903559207098396,0.4963759738942985,0.2267502736597986,0.2018630885822916,-0.4780958376514164,-2.9953346478008125e-05,0.017114
8.797237157821655,3.121863780945273,4.8985466621746125,0.39637620268427465,0.28164176880434305,0.7622048669260093,0.08224594069230129,5.152818669302861e-06,0.017114
8.82527494430542,3.1082817138493,4.9082483623781785,0.052463331769990636,0.38256583837618613,2.4625137469071214,1.782554820673413,0.00011167945410686467,0.01727
8.851860284805298,3.127361284837243,4.900648697095458,0.1965069243540539,0.4042543349553866,1.9975839483792974,1.317625022145589,8.255097766652359e-05,0.01727
8.880925416946411,3.123480693822112,4.8739690281489825,0.2190765647484196,0.24756126199569073,2.468895208050299,1.7889362818165906,0.0001120792612200086,0.01727
8.907665252685547,3.1250976067260825,4.890946998029076,0.26748401031399816,0.24725111584429557,2.001979829965779,1.3220209037320707,8.282638555311595e-05,0.01727
8.935038089752197,3.1205702506633277,4.901942257080626,0.21006487117797246,0.31786736530876203,2.147555939112958,1.4675970128792497,9.194692435057991e-05,0.01727
8.961638689041138,3.120085176812071,4.899355137136104,0.16008886499792396,0.3506320678488064,2.261172370622849,1.5812134443891406,9.906514641109477e-05,0.01727
8.988670349121094,3.123965767690454,4.86879479058974,0.20336653232852273,0.17669234585991428,-3.023086073191172,2.5801403077547054,0.00016164925630747593,0.01727
9.015737056732178,3.124127458980444,4.887551403698397,0.2369217691806862,0.1757678712803921,-2.9399881357828663,2.663238245163011,0.00016685545371556465,0.01727
9.041026592254639,3.124127458980444,4.893049032703704,0.2604104349771947,0.21053741160699624,0.0,2.663238245163011,0.00016685545371556465,0.01727
9.072293519973755,3.121863780945273,4.897899882212677,0.23120032544231392,0.2661260975019788,2.2483406407155635,1.568381714481855,9.826122129492303e-05,0.01727
9.099048852920532,3.140134898034598,4.8927256427493315,0.5792315538416084,0.27170483620075064,0.28657308641969254,-0.393385839814016,-2.4646151318478263e-05,0.01743
9.12662672996521,3.131080184706872,4.883994114589905,0.6402446874118706,0.2193599456538315,0.09082998526210406,-0.5891289409716043,-3.690971955712901e-05,0.01743
9.156497240066528,3.133990628183417,4.887066318808501,0.7416495410618195,0.20251019076248158,0.032595553308263234,-0.6473633729254451,-4.055818494815209e-05,0.01743
9.187111854553223,3.134799084720321,4.890623608085172,0.8289372889741498,0.21363203228712616,0.04811081739842593,-0.6318481088352823,-3.9586132810502474e-05,0.01743
9.220789194107056,3.1309184934052032,4.899516832129612,0.8117778320483667,0.27870900171948415,0.1745004505333028,-0.5054584757004053,-3.166765250932579e-05,0.01743
9.248326539993286,3.1380329109359915,4.893049032703704,0.9432444954665077,0.2825962029143664,0.14534222446959985,-0.5346167017641084,-3.3494454541865086e-05,0.01743
9.276006698608398,3.1238040764007353,4.903882597106792,0.7483146039412741,0.35510893075822936,0.3558476506666154,-0.32411127556709296,-2.030600680855257e-05,0.01743
9.301060914993286,3.128169741318414,4.908895142443419,0.6999071641073358,0.4381595202748325,0.5584428375903413,-0.12151608864336705,-7.613146191916734e-06,0.01743
9.32982087135315,3.1394881327685837,4.898061577202556,0.8942828598853465,0.42650324053191163,0.3807196833841517,-0.2992392428495565,-1.8747740547000402e-05,0.017588
9.355494022369385,3.1305951108026804,4.909541922515124,0.8509979917900763,0.4923022056889506,0.5042613245143261,-0.17569760171938187,-1.1007690770763042e-05,0.017588
9.382285356521606,3.123319002533208,4.904529377128427,0.6739594422547767,0.5060698009504315,0.7062157585718705,0.02625683233816245,1.6450258180523568e-06,0.017588
9.408097505569458,3.120085176812071,4.888198183557224,0.48481506475170477,0.4104987570449208,0.8832673992305959,0.20330847299688815,1.2737548947310958e-05,0.017588
9.437044620513916,3.123480693822112,4.912452432917796,0.4208922630267872,0.49984907633992237,1.211082209209022,0.5311232829753143,3.3275587161869556e-05,0.017588
9.465079069137573,3.122510546092754,4.9054995471729885,0.35658108370829883,0.5176026128591136,1.4140454366549262,0.7340865104212186,4.599150601162642e-05,0.017588
9.492473602294922,3.1150727471585444,4.908086667362877,0.1615632592056524,0.5466967620883108,1.956283024403939,1.2763240981702317,7.996341929794868e-05,0.017588
9.519653558731079,3.1197617942459224,4.89676801729481,0.11961599745477167,0.49414597417443573,2.1230080997718854,1.4430491735381779,9.040896923956782e-05,0.017588
9.546225786209106,3.1262294457750106,4.89450428751832,0.2206877016367862,0.44277708568744273,1.8959633564372085,1.2160044302035011,7.618431106952016e-05,0.017588
9.574258089065552,3.142721959142271,4.896929712281867,0.6240466421445151,0.42244386763810315,0.6195296845249636,-0.06042924170874375,-3.7859731705613166e-06,0.017588
9.600420951843262,3.137386145684144,4.88237716505948,0.7987891817977208,0.31446060040850926,0.23752162163617915,-0.44243730459752806,-2.7719291480358516e-05,0.017747
9.633474349975586,3.140134898034598,4.887228013771398,0.9765437532904082,0.2701223158794,0.11132518625430353,-0.5686337399794037,-3.5625667682777826e-05,0.017747
9.660075902938843,3.1448239463436627,4.886581233922228,1.1955371933743133,0.23491884957007,0.04455879454779827,-0.635400131685909,-3.980867181369747e-05,0.017747
9.689701318740845,3.140943354623248,4.878334791409255,1.2705717127949046,0.1571514207650248,-0.039758054391877524,-0.7197169806255848,-4.509123566664906e-05,0.017747
9.715881586074829,3.142721959142271,4.891270387974589,1.3589654499552009,0.18604756068713557,-0.00884797450594079,-0.6888069007396482,-4.315467763879728e-05,0.017747
9.744909763336182,3.1407816633049737,4.901942257080626,1.381710622110379,0.2750248766987367,0.07447152176272634,-0.6054874044709813,-3.793459927047624e-05,0.017747
9.774540424346924,3.138356293563549,4.8985466621746125,1.3487191889108976,0.3154339909315921,0.11557632405282299,-0.5643826021808844,-3.535932818894261e-05,0.017747
9.801628589630127,3.1328587890431776,4.899840222117837,1.2147556018413201,0.3520537067500892,0.17249971454496887,-0.5074592116887384,-3.179300130667979e-05,0.017747
9.82727837562561,3.1328587890431776,4.888844963422488,1.120981090892604,0.30685415834729646,0.1373662345884871,-0.5425926916452202,-3.399416102244779e-05,0.017747
9.85780644416809,3.132050332522596,4.866207671964115,1.0390345832003642,0.12938114562035571,-0.09280862522216961,-0.7727675514558769,-4.841492519455169e-05,0.017747
9.886447668075562,3.133505554264539,4.899840222117837,1.011019857965225,0.2218167150322142,0.03731558669167737,-0.6426433395420301,-4.026246851603315e-05,0.017905
9.918513298034668,3.1268762109518,4.885125979285128,0.8577138832164438,0.19172992806601313,-0.008279777866196934,-0.6882387040999043,-4.3119079356031435e-05,0.017905
9.945830345153809,3.1262294457750106,4.889006658389811,0.7373562216699179,0.19566918008559894,-0.0011497717624558783,-0.6811086979961631,-4.267237489555172e-05,0.017905
9.9766845703125,3.128978197806376,4.89240225279657,0.7085406458876693,0.2203016602582868,0.06298349826406728,-0.6169754279696398,-3.865433937508202e-05,0.017905
10.002763748168945,3.1212170158021313,4.888844963422488,0.5318479945358439,0.21462772580305195,0.08942932003110983,-0.5905296062025971,-3.6997473115431724e-05,0.017905
10.028796911239624,3.13302048034811,4.867501231264099,0.6462066358008535,0.07315597455099256,-0.36762525592087114,-1.0475841821545782,-6.563255628223078e-05,0.017905
10.054832220077515,3.134637393412396,4.888683268455569,0.7588663852090208,0.11058407899341088,-0.19535010867509325,-0.8753090349088004,-5.4839286881786835e-05,0.017905
10.08797311782837,3.1404582806692405,4.876071062274798,0.9551195362221726,0.05553374855018013,-0.2201142700536462,-0.9000731962873534,-5.6390794859042925e-05,0.017905
10.12138295173645,3.137386145684144,4.896929712281867,1.030540207652069,0.15137353164201361,-0.06289622725501903,-0.7428551534887262,-4.654087327914599e-05,0.018064
10.147420883178711,3.1357692325735878,4.8812453004121,1.050725976197237,0.11741969828931893,-0.10795558360424583,-0.787914509837953,-4.936390248482689e-05,0.018064
10.17397141456604,3.141913502538625,4.897738187223201,1.188769082633485,0.19990203121975114,0.005389123787141024,-0.6745698024465661,-4.226270430535639e-05,0.018064
10.201297283172607,3.1407816633049737,4.902265647080952,1.2625731649851868,0.2868063401289965,0.09822889620815177,-0.5817300300255552,-3.6446167847045897e-05,0.018064
10.227834939956665,3.137386145684144,4.884964284327461,1.2457577477861819,0.23618099887883337,0.04470138967823862,-0.6352575365554682,-3.979973803722045e-05,0.018064
10.256365776062012,3.1338289368768524,4.896929712281867,1.162247813268823,0.27782660687207467,0.09943563411334357,-0.5805232921203634,-3.637056409621652e-05,0.018064
10.283904314041138,3.134637393412396,4.903074122088828,1.1200952094365935,0.34656187827462903,0.19083085576815015,-0.48912807046555695,-3.0644530683943296e-05,0.018064
10.31043529510498,3.124450841561238,4.9046910721348445,0.8851535826142558,0.4050932388293976,0.36672486714628694,-0.3132340590874203,-1.962453458421272e-05,0.018064
10.340112686157227,3.1278463587251304,4.847451064993603,0.7891727094686256,0.07731521068810784,-0.26032327065295036,-0.9402821968866575,-5.890994276127487e-05,0.018064
10.366235494613647,3.1150727471585444,4.904367682122413,0.4643773972378782,0.2145372373834501,0.14969180285997088,-0.5302671233737364,-3.3221947612710305e-05,0.018064
10.394315958023071,3.1249359154344645,4.911320567745643,0.43593372330305385,0.35538434227427507,1.042602818219399,0.3626438919856918,2.2720126989895788e-05,0.018223
10.420352220535278,3.116851351199357,4.8983849671835245,0.2529796708436665,0.37064394986422455,2.0492224748710264,1.3692635486373197,8.578620071974823e-05,0.018223
10.448332786560059,3.1213787070875103,4.894180897556696,0.21621618163279246,0.3542423348622125,2.249392544710017,1.5694336184763102,9.83271244932489e-05,0.018223
10.477415084838867,3.1236423851112884,4.890461913113825,0.23613391454789434,0.3188028663138719,2.291074429119249,1.6111155028855424,0.00010093855054476853,0.018223
10.50666069984436,3.1212170158021313,4.900487002099127,0.20116328259802527,0.3585785875077656,2.2913024732647256,1.611343547031019,0.00010095283781682533,0.018223
10.534966468811035,3.1260677544814923,4.901133782086871,0.2745099314451635,0.3905882603751387,1.9090461587115295,1.229087232477823,7.700396620676433e-05,0.018223
10.564102172851562,3.127037902246676,4.897253102257191,0.34541780447167675,0.38799502381582957,1.5538202037662194,0.8738612775325127,5.474858293732025e-05,0.018223
10.591118812561035,3.133505554264539,4.886742928883916,0.5254881128551288,0.3184714119064216,0.5793644741436712,-0.10059445209003526,-6.302377556809269e-06,0.018223
10.618029356002808,3.1343140107973624,4.878981571176415,0.6678416789985872,0.21980488101109072,0.06450465727165641,-0.6154542689620501,-3.855903671981043e-05,0.018223
10.646018743515015,3.1343140107973624,4.8927256427493315,0.767489175299011,0.23927998465712136,0.09503853849804182,-0.5849203877356648,-3.6646048043345304e-05,0.018223
10.673519611358643,3.136901071748118,4.898870052158,0.8894163445114835,0.29249590045074875,0.16993946788795072,-0.5100194583457558,-3.195340419904448e-05,0.018381
10.706429481506348,3.1354458499547437,4.892240557820792,0.9454175317735666,0.28703869764228923,0.14545954565495783,-0.5344993805787488,-3.348710421199911e-05,0.018381
10.736124992370605,3.1343140107973624,4.902589037082892,0.9617922722414967,0.3498853406925565,0.23999752610192346,-0.4399614001317831,-2.7564172739577974e-05,0.018381
10.772440433502197,3.129463271702414,4.9054995471729885,0.8754284909757072,0.4126279979059518,0.38362367794747537,-0.29633524828623115,-1.856580138653242e-05,0.018381
10.799891948699951,3.1451473289941236,4.894180897556696,1.1312782506169128,0.3836311684914234,0.2304547623683041,-0.44950416386540226,-2.8162039706742982e-05,0.018381
10.830313920974731,3.136739380436654,4.89450428751832,1.1408078270801911,0.3654167217093379,0.20580064298557033,-0.47415828324813614,-2.9706653405136295e-05,0.018381
10.862720489501953,3.13302048034811,4.893049032703704,1.0724785185819234,0.34329160690727356,0.1953260903037933,-0.48463283592991324,-3.0362898201620328e-05,0.018381
10.891309976577759,3.134637393412396,4.904529377128427,1.057256703155731,0.40176238180326146,0.2778043444521634,-0.4021545817815433,-2.519552478221692e-05,0.018381
10.92313003540039,3.1271995935418238,4.892078862845419,0.8966014144938729,0.3624835677200262,0.2889224971289896,-0.39103642910471725,-2.4498957581464225e-05,0.01854
10.952713012695312,3.1228339286681215,4.899355137136104,0.6960992290837149,0.3818634095366894,0.48678818510202315,-0.19317074113168387,-1.2102406427452821e-05,0.01854
10.980850458145142,3.1291398891047835,4.891270387974589,0.6829216209678486,0.34334595282730274,0.40834504308218694,-0.27161388315152024,-1.701697465144329e-05,0.01854
11.006661415100098,3.1326970977385176,4.889653438263125,0.7454364342645899,0.3059670647129946,0.26070631827465485,-0.41925260795905217,-2.6266739090839256e-05,0.01854
11.034791231155396,3.1183065727116674,4.893372422659687,0.49897939403509556,0.30376018078155936,0.6220269175101817,-0.05793200872352511,-3.6295181693841213e-06,0.01854
11.06183910369873,3.1223488548054767,4.893049032703704,0.40798120574808294,0.30013202825780955,1.097495423422688,0.4175364971889812,2.6159222445760123e-05,0.01854
11.088522672653198,3.1351224673369877,4.882215470108648,0.6018911944358651,0.22780064613140183,0.10158823032178853,-0.5783706959119184,-3.623570105207136e-05,0.01854
11.117076873779297,3.128654815210376,4.888521573489052,0.6071933870592597,0.21779368228773516,0.059422656445016625,-0.6205362697886905,-3.8877430898495725e-05,0.01854
11.143901586532593,3.129301580403463,4.890461913113825,0.6239484014466787,0.22328880951173966,0.07633513333216879,-0.6036237929015384,-3.781784150217154e-05,0.01854
11.171508312225342,3.134475702104743,4.887228013771398,0.7400247510841268,0.20630206225165745,0.008471095182251143,-0.671487831051456,-4.2069614657292254e-05,0.01854
11.198039054870605,3.1388413675069295,4.878981571176415,0.9093216898352476,0.1412863362527501,-0.11213190976680192,-0.7920908360005092,-4.9625554929170954e-05,0.018696
11.224597692489624,3.1305951108026804,4.888844963422488,0.861525172755016,0.15931699899916868,-0.08708305933578019,-0.7670419855694877,-4.805621080034121e-05,0.018696
11.25196123123169,3.135930923883418,4.888521573489052,0.9356763218901383,0.1698551292951567,-0.05755570613812184,-0.7375146323718291,-4.620628245699335e-05,0.018696
11.28131103515625,3.1301100369009354,4.884964284327461,0.8701908053903884,0.154315151295136,-0.0954623793455742,-0.7754213055792816,-4.858118645529862e-05,0.018696
11.307628631591797,3.141266737260617,4.883023944866825,1.0493509818050315,0.13093716583795395,-0.10446142198418341,-0.7844203482178909,-4.914498856545454e-05,0.018696
11.339858055114746,3.141266737260617,4.885449369201668,1.1747631052952787,0.13019757714768063,-0.0892598291343231,-0.7692187553680307,-4.819258835237956e-05,0.018696
11.369738101959229,3.13560754126403,4.8927256427493315,1.1484211344321054,0.1765548719527438,-0.03312517349386807,-0.7130840997275758,-4.467567676812067e-05,0.018696
11.400921821594238,3.141266737260617,4.884479199456874,1.2441122121342154,0.15587997090619013,-0.05309607253635841,-0.7330549987700663,-4.592688042100248e-05,0.018696
11.427271842956543,3.1378712196226206,4.895636152396692,1.2426176913343479,0.21328255180971423,0.012623157556597675,-0.6673357686771104,-4.1809482371874295e-05,0.018855
11.454598665237427,3.140943354623248,4.9053378521645525,1.3035280613669464,0.31596437860595017,0.12151887364906272,-0.5584400525846456,-3.4987019473825387e-05,0.018855
11.486055850982666,3.1362543065038957,4.89676801729481,1.251600084176726,0.33263330573678523,0.1472853721977603,-0.5326735540359482,-3.337271372637199e-05,0.018855
11.515453338623047,3.1336672455705594,4.900001917112555,1.1630765786927035,0.3651348941073442,0.20351278282144306,-0.4764461434122653,-2.9849990917811647e-05,0.018855
11.543107509613037,3.1187916465539804,4.902103952080587,0.8011101037392245,0.40142767712030114,0.4382787297880785,-0.24168019644562966,-1.5141588967957347e-05,0.018855
11.570889711380005,3.121863780945273,4.9082483623781785,0.6096900935757139,0.4664159741973702,0.8501936662183912,0.17023473998468308,1.0665435144559097e-05,0.018855
11.598870754241943,3.129301580403463,4.900487002099127,0.6256960960082115,0.4619077630262106,0.8081210748199854,0.12816214858627717,8.029530775312213e-06,0.018855
11.626650094985962,3.1184682639921677,4.913584298109755,0.4184220267850019,0.5431270509570412,1.4571522408459816,0.7771933146122736,4.869220520164058e-05,0.018855
11.655320644378662,3.122672237380302,4.904529377128427,0.35811278801053514,0.5416471926380968,1.6353375735979137,0.9553786473642054,5.985575566348169e-05,0.018855
11.683589935302734,3.117174733755752,4.9084100573938825,0.20502675510473567,0.5656113021886511,2.0231071701512566,1.3431482439175486,8.415004179710895e-05,0.018855
11.712953567504883,3.1176598075923763,4.899193442142999,0.10764914056040438,0.5230111566815054,2.280556106185062,1.6005971799513539,0.00010027956348317225,0.01901
11.74104642868042,3.1199234855288616,4.902589037082892,0.08513698398162013,0.5150660620200079,2.3328783888893394,1.6529194626556314,0.00010355762478163558,0.01901
11.76899242401123,3.1208936332321873,4.888521573489052,0.08894369196251882,0.4188794734097537,2.5115648350148465,1.8316059087811385,0.00011475257066950089,0.01901
11.796279668807983,3.1204085593793045,4.893534117638284,0.08182577873151728,0.38384053375907323,2.6061770868761718,1.9262181606424638,0.00012068015534580403,0.01901
11.822978258132935,3.1236423851112884,4.897091407269328,0.1420606325169987,0.38222994823511147,2.50558839094058,1.8256294647068718,0.00011437813841980313,0.01901
11.855057954788208,3.1326970977385176,4.896121237350611,0.36683374234897714,0.37485253672606184,1.6301552982266194,0.9501963719929116,5.953107914987023e-05,0.01901
11.881520986557007,3.1187916465539804,4.880760215569252,0.24374011829860712,0.27073000177757806,2.7088433488975565,2.028884422663849,0.00012711233457797435,0.01901
11.911571979522705,3.1223488548054767,4.888198183557224,0.22931371273256196,0.24576089762392145,2.8995401455619625,2.219581219328255,0.00013905974506118354,0.01901
11.940255165100098,3.127522976132934,4.884802589370196,0.323563060863588,0.20640752237293217,-3.0824750824544465,2.520751298491432,0.00015792845509701766,0.01901
11.970355033874512,3.131403567311026,4.84955309826567,0.46779848225626514,-0.048223130603549734,-1.2286516582882279,4.374574722657651,0.00027407298295125147,0.01901
12.001396417617798,3.1238040764007353,4.890785303056923,0.4155023946940864,0.039160374176575474,-1.343326111387932,4.259900269557947,0.0002668884744168435,0.019167
12.032094717025757,3.1280080500216365,4.8983849671835245,0.4636777477766577,0.1492871721958368,-0.5966331010053184,5.00659327994056,0.0003136697945859694,0.019167
12.059579133987427,3.128978197806376,4.890785303056923,0.5169657141623901,0.17741758613615177,-0.21794100584742776,5.385285375098451,0.00033739536306292704,0.019167
12.086883783340454,3.1299483456008974,4.9053378521645525,0.5738325100576015,0.2908589026344621,0.3958930338691356,5.999119414815014,0.00037585289024397574,0.019167
12.113221406936646,3.123480693822112,4.902103952080587,0.4832044747409029,0.3494344830892723,0.9250692648269448,6.528295645772823,0.00040900649198137996,0.019167
12.14470362663269,3.1221871635184706,4.905661242181829,0.3936778925815826,0.4133540646682587,1.491000528519849,7.094226909465727,0.00044446284589444207,0.019167
12.171142816543579,3.1322120238261686,4.91229073789199,0.5331832143773148,0.5008061244823514,1.0798604752206615,6.683086856166539,0.0004187043692510284,0.019167
12.20055103302002,3.119115029116877,4.915686333518813,0.3667064878154103,0.583897577971072,1.6001158603723786,7.203342241318256,0.0004512990680148795,0.019167
12.231404304504395,3.1183065727116674,4.8983849671835245,0.23386843152068473,0.5306032148519881,1.9931576139745233,7.596383994920401,0.0004759236618699564,0.019326
12.2611403465271,3.116851351199357,4.903720902102393,0.11153396659602607,0.5276721720585658,2.2696038272868972,7.872830208232775,0.0004932433884974789,0.019326
12.287171602249146,3.112485686794007,4.9059846322007195,-0.062143632752678,0.5402037811237557,2.4994972310751615,8.10272361202104,0.0005076465190716865,0.019326
12.321744680404663,3.119600102963255,4.899516832129612,-0.04023969648915133,0.5073092259051344,2.52543389609833,8.128660277044208,0.0005092714859773583,0.019326
12.348306894302368,3.1223488548054767,4.900810392092192,0.030527842381116128,0.49261637323227386,2.4602336544265015,8.06346003537238,0.0005051866032499959,0.019326
12.374753475189209,3.127522976132934,4.909865312553399,0.184412951617561,0.5406647328810931,2.0973044234650873,7.700530804410965,0.00048244859938996156,0.019326
12.403944730758667,3.1134558344225907,4.902589037082892,0.00843687284106739,0.5274235653597249,2.4335267877624003,8.036753168708278,0.0005035133821768707,0.019326
12.430930852890015,3.1223488548054767,4.9053378521645525,0.06460144091226624,0.5358630880909634,2.336940735217473,7.940167116163352,0.0004974621362362385,0.019326
12.456696271896362,3.1150727471585444,4.900325307103199,-0.04282249075155848,0.5094790757502901,2.526119258173951,8.12934563911983,0.000509314424832076,0.019326
12.488382339477539,3.123157311244574,4.894342592537306,0.045024234782272576,0.4524685898852121,2.5157817114478833,8.119008092393763,0.0005086667636427638,0.019326
12.515300750732422,3.119438411680858,4.900487002099127,0.0315169412177184,0.4521445940076885,2.53556139639075,8.13878777733663,0.000509905987475437,0.019482
12.541894912719727,3.124127458980444,4.898870052158,0.11662705540311719,0.4415011269961496,2.418020426299848,8.021246807245728,0.0005025418878008003,0.019482
12.569010972976685,3.137062763059854,4.885772759119816,0.43707373074367456,0.349675683486418,1.1009716196217836,6.704198000567663,0.00042002701080737513,0.019482
12.595815896987915,3.1186299552729384,4.8985466621746125,0.28964724063463054,0.367689555682967,2.064046059419463,7.667272440365343,0.0004803649182049423,0.019482
12.623008489608765,3.119600102963255,4.896121237350611,0.2060139148819736,0.36467426193956265,2.412572459594011,8.01579884053989,0.0005022005653681638,0.019482
12.648926258087158,3.128331432615463,4.875262587602994,0.3235575516289054,0.22818854358849242,0.0,8.01579884053989,0.0005022005653681638,0.019482
12.675340414047241,3.1378712196226206,4.9067931072550115,0.598229428980586,0.33577357668274305,0.4738670331717604,6.077093414117639,0.00038073806604651097,0.019482
12.701823949813843,3.1297866543011312,4.905822937191072,0.6274562405124325,0.4048330972708937,0.6259271941950405,6.22915357514092,0.00039026483940435167,0.019482
12.731110334396362,3.128978197806376,4.900487002099127,0.6316106590774355,0.4187997491776561,0.6529642536697432,6.256190634615622,0.0003919587475006249,0.019482
12.757155179977417,3.124450841561238,4.90517615715652,0.5432143973628093,0.4587847496841142,0.9471450217041529,6.550371402650033,0.00041038956780516377,0.01964
12.784743070602417,3.125906063188245,4.909541922515124,0.5106848419940514,0.5148992620954943,1.1296096864398624,6.732836067385742,0.0004218212241644211,0.01964
12.813435792922974,3.1305951108026804,4.921507355008393,0.5824793792661906,0.6312627968919751,1.096607514280128,6.699833895226008,0.0004197535937452077,0.01964
12.841281652450562,3.124127458980444,4.90614632721077,0.5023007620370568,0.6137588855995546,1.2504370864665428,6.853663467412423,0.0004293912230893539,0.01964
12.869675874710083,3.121863780945273,4.874454112941226,0.40052355438419646,0.39733944719115866,1.411497078359808,7.014723459305688,0.000439481847941105,0.01964
12.897515296936035,3.1187916465539804,4.920537184723707,0.2673229867232726,0.5427209224590006,1.8880243962019239,7.491250777147804,0.00046933692454599233,0.01964
12.926025152206421,3.1134558344225907,4.918758539239627,0.06647389741506848,0.6330296147237624,2.211755385856488,7.814981766802368,0.0004896191059312686,0.01964
12.951804876327515,3.1149110558837307,4.917141588842045,-0.04477264061428278,0.6858290264712615,2.304510459554891,7.907736840500771,0.0004954303359008278,0.01964
12.980180978775024,3.121863780945273,4.9072781922924325,0.01757217252827075,0.6592469160247209,2.2535736924365892,7.85680007338247,0.0004922390790150557,0.01964
13.007133960723877,3.1197617942459224,4.91390768816824,0.018822236780589585,0.6833477924880658,2.2255266127899933,7.828752993735874,0.0004904818917982046,0.01964
13.034055471420288,3.1212170158021313,4.916171418622916,0.04904510816091194,0.714801747328687,2.1515887307139665,7.7548151116598465,0.00048584958416182623,0.019797
13.062845468521118,3.1105453915660495,4.9074398873057135,-0.14501626522559846,0.6805694877381316,2.4190869669423014,8.022313347888181,0.0005026087080047853,0.019797
13.091124057769775,3.1116772304442923,4.901942257080626,-0.2580331416100553,0.6211902256344339,2.581265733713711,8.18449211465959,0.0005127694256055564,0.019797
13.120460271835327,3.119438411680858,4.9084100573938825,-0.1806232222569171,0.621291425286087,2.519967401582944,8.123193782528825,0.0005089290027525644,0.019797
13.149593114852905,3.120085176812071,4.8409832707335525,-0.11339280040649277,0.1869872970793533,-3.051648694201393,8.834762993924073,0.0005535097697316425,0.019797
13.182965755462646,3.117336425034356,4.895959542365568,-0.12176628729606398,0.23714101398572554,3.1270673646353955,8.730293745581275,0.0005469646309843973,0.019797
13.2154860496521,3.127037902246676,4.832575139149543,0.06802445135283244,-0.13608462205166413,-2.249632942347143,9.636778745778322,0.0006037571339716672,0.019797
13.243361473083496,3.1176598075923763,4.89676801729481,0.011747527934075104,0.016199005276445723,-2.595945500847576,9.29046618727789,0.0005820601869632892,0.019797
13.271197080612183,3.132050332522596,4.8809219105164665,0.2625710891293941,0.020714196450457165,-2.016849257867103,9.869562430258362,0.0006183413445138677,0.019954
13.300037145614624,3.125582680602566,4.880436825676029,0.3077127866742599,0.020749830217219507,-1.8261086926376868,10.060302995487778,0.0006302914971564711,0.019954
13.327125310897827,3.129463271702414,4.895636152396692,0.4175728510786445,0.1186914533274367,-1.0996168951152137,10.786794793010252,0.000675807184202648,0.019954
13.356648921966553,3.1301100369009354,4.9067931072550115,0.5075183758223428,0.2591256135000117,0.21140820565018326,12.097819893775648,0.0007579446679287105,0.019954
13.384971141815186,3.117498116313231,4.90517615715652,0.3161324055606801,0.347012854709765,1.9402268286056394,13.826638516731105,0.0008662574770621247,0.019954
13.41368579864502,3.124127458980444,4.905661242181829,0.31585788044320234,0.4116589248025979,1.817914451197418,13.704326139322884,0.000858594442309397,0.019954
13.440967798233032,3.131726949916267,4.911967347841591,0.4689265959128986,0.49753619219641076,1.1925958910821894,13.079007579207655,0.0008194173944976627,0.019954
13.467924118041992,3.122995619956212,4.904367682122413,0.3999877257594901,0.5086919244392584,1.4366910925416616,13.323102780667128,0.0008347102867739298,0.019954
13.495117425918579,3.115881203536671,4.912614127944005,0.20825225579670234,0.5696259607124677,1.9963333618695276,13.882745049994995,0.0008697726267417136,0.019954
13.524553060531616,3.1120006129833664,4.9163331136584265,-0.004223438277955607,0.6362381323421884,2.304884964760472,14.191296652885939,0.0008891037991550484,0.019954
13.550765752792358,3.1149110558837307,4.902589037082892,-0.09426077559939666,0.5943249449824859,2.468545082630603,14.35495677075607,0.0008993573253921244,0.02011
13.582758665084839,3.1152344384336277,4.908733447426503,-0.15076517288960628,0.6045690630951779,2.511576087692915,14.397987775818383,0.0009020532756648983,0.02011
13.608212232589722,3.1202468680955526,4.906631412243345,-0.08923129625988793,0.5981982732346235,2.4577995530491905,14.344211241174659,0.000898684103528862,0.02011
13.63847017288208,3.115557820984608,4.908086667362877,-0.14072279849532815,0.6031137243511638,2.504045122027117,14.390456810152585,0.0009015814505492276,0.02011
13.664771795272827,3.114425982060915,4.917950064035778,-0.19959293596279404,0.6700962395967807,2.477489818940861,14.36390150706633,0.0008999177251378571,0.02011
13.691136360168457,3.108766787641287,4.914392773258998,-0.3549324576934446,0.6940673206561582,2.5684114446771247,14.454823132802595,0.0009056140871296296,0.02011
13.717754125595093,3.106988183749221,4.9090568374607395,-0.4995396838267381,0.676472060342607,2.6655128143797557,14.551924502505226,0.0009116976183824422,0.02011
13.744202852249146,3.1077966400597443,4.90614632721077,-0.5844603963282086,0.6454053700149892,2.730602671588556,14.617014359714027,0.0009157755853749112,0.02011
13.771682500839233,3.1141025995137253,4.900487002099127,-0.5167309932259984,0.5872003400985402,2.758708261096438,14.64511994922191,0.0009175364383131709,0.02011
13.798299789428711,3.1090901701706297,4.897738187223201,-0.5704073593574019,0.5287484804862003,2.8357680078389103,14.722179695964382,0.0009223643349646532,0.020269
13.826860427856445,3.1212170158021313,4.910835482677925,-0.3634156091357209,0.5722072109269826,2.703272329752656,14.589684017878128,0.0009140633027447286,0.020269
13.852912902832031,3.115881203536671,4.9014571720831634,-0.3261300786299245,0.5422116308000119,2.718643535537621,14.605055223663093,0.0009150263294360373,0.020269
13.88130497932434,3.119276720398732,4.895959542365568,-0.2315519477329729,0.4857980475901885,2.7387860499571244,14.625197738082598,0.0009162882850228282,0.020269
13.908293008804321,3.119438411680858,4.902750732084467,-0.1620863865429833,0.4900585526938895,2.6835359629914,14.569947651116873,0.0009128267928543248,0.020269
13.934704542160034,3.1199234855288616,4.912937517997638,-0.10367788499073334,0.558665934891515,2.5234075011162678,14.409819189241741,0.0009027945296095789,0.020269
13.962160587310791,3.128978197806376,4.9074398873057135,0.11981677122520741,0.5712744190321227,2.1639237628265127,14.050335450951986,0.00088027239049392,0.020269
13.991557598114014,3.1325354064341293,4.893534117638284,0.34800216943361445,0.49051699569472196,1.5446114281232624,13.431023116248735,0.0008414716407726978,0.020269
14.020113468170166,3.1205702506633277,4.902589037082892,0.26642758256167703,0.4923201493292747,1.863225963808965,13.749637651934437,0.0008614332694436462,0.020269
14.047349452972412,3.119115029116877,4.9130992130250615,0.17997754554446987,0.5612907197406211,2.0405789224295185,13.926990610554991,0.0008725446705479882,0.020269
14.076798677444458,3.1213787070875103,4.920860574816983,0.16511469392336078,0.6595701478998335,1.9712972803283095,13.857708968453782,0.0008682040826009835,0.020425
14.113844633102417,3.115557820984608,4.920375489677675,0.03731939463294596,0.7252407456308896,2.1340836231788267,14.020495311304298,0.0008784028656592968,0.020425
14.141161680221558,3.123319002533208,4.904367682122413,0.10438442424484208,0.6680851118433878,2.079910503143746,13.966322191269217,0.0008750088469157396,0.020425
14.166675329208374,3.117498116313231,4.917303283879983,0.03393863945645051,0.7114095417270513,2.152594726484369,14.03900641460984,0.0008795626111482448,0.020425
14.194704294204712,3.116527968644045,4.914554468290059,-0.0349386267929263,0.7240282993751034,2.2362569602882965,14.122668648413768,0.0008848041624835658,0.020425
14.22179388999939,3.1153961297089827,4.900325307103199,-0.10597879929948568,0.641194723649209,2.417770190206744,14.304181878332216,0.0008961762101734136,0.020425
14.250057220458984,3.1115155391751603,4.90517615715652,-0.23396778476188435,0.6144612318142051,2.5729442455919194,14.45935593371739,0.000905898073196071,0.020425
14.280081033706665,3.113294143150484,4.881083605464083,-0.2876905119846251,0.44053942171707583,2.8453016733866323,14.731713361512103,0.0009229616319182496,0.020425
14.307268619537354,3.1084434051130256,4.904529377128427,-0.4231224993071653,0.4698358521701249,2.859902821612816,14.746314509738287,0.0009238764134690453,0.020425
14.334773540496826,3.106988183749221,4.901133782086871,-0.5472727129563575,0.4684683456387902,2.8994021011664786,14.78581378929195,0.0009263510963943653,0.020583
14.36148738861084,3.1197617942459224,4.876717842019469,-0.37656918305865017,0.31021940166766665,3.0586344546612327,14.945046142786705,0.0009363272172452949,0.020583
14.392560243606567,3.116851351199357,4.886904623846008,-0.3157723636095084,0.26507014318614663,3.1205066729624864,15.006918361087958,0.0009402035948377971,0.020583
14.421433210372925,3.11798319015148,4.899355137136104,-0.25038850351910225,0.3136740123629737,3.034643505488216,14.921055193613688,0.0009348241520514089,0.020583
14.448252201080322,3.1113538479062997,4.892240557820792,-0.33831544701023386,0.3018633759808371,3.0662770517219236,14.952688739847396,0.0009368060362178157,0.020583
14.48377013206482,3.1137792169676173,4.890946998029076,-0.3509512674618319,0.2852625956339095,3.0920870699268184,14.978498758052291,0.000938423068530192,0.020583
14.511542320251465,3.124450841561238,4.904367682122413,-0.14457895121465994,0.3601004068455074,2.9149188280423095,14.801330516167782,0.0009273232401775021,0.020583
14.54357647895813,3.1250976067260825,4.907116497279556,0.01292514913984844,0.43019521517608156,2.6216232953453433,14.508034983470816,0.0009089478810560333,0.020583
14.569631099700928,3.1213787070875103,4.868309705839618,0.048178016440113845,0.2292615495157994,-3.0579970423012255,15.111599953003834,0.0009467620371951467,0.02074
14.602347373962402,3.124450841561238,4.8983849671835245,0.1348115475167021,0.28235799493329167,2.983190097522718,14.869601785648191,0.0009316005269225314,0.02074
14.630035877227783,3.119276720398732,4.894665982499736,0.09110719056966568,0.2955671671265796,2.9570782226370187,14.843489910762493,0.0009299645828836044,0.02074
14.66060185432434,3.1296249630016364,4.895312762429428,0.2692098037123873,0.3089802553195672,2.323696171906059,14.210107860031533,0.0008902823465527197,0.02074
14.68670392036438,3.1249359154344645,4.916818198767384,0.29931640783520425,0.456911140352033,1.6817541859450067,13.56816587407048,0.0008500638187806967,0.02074
14.71682357788086,3.1147493646091884,4.918758539239627,0.11495624727058959,0.5729627672488832,2.145151589408742,14.031563277534216,0.0008790962886117328,0.02074
14.742437601089478,3.1084434051130256,4.9210222698642285,-0.14126976782852693,0.6687822484876431,2.4104792929827132,14.296890981108188,0.0008957194256681151,0.02074
14.76912808418274,3.1166896599215654,4.905661242181829,-0.15432364242316132,0.6368975004471221,2.4637168275310226,14.350128515656497,0.0008990548287241088,0.02074
14.798163652420044,3.1113538479062997,4.9163331136584265,-0.27107004424308717,0.6833282101564483,2.514519126432672,14.400930814558146,0.00090223766099547,0.02074
14.827337265014648,3.109898626498715,4.918596844198047,-0.38214034892336174,0.7304130488164606,2.546488080841128,14.432899768966603,0.0009042405589345948,0.02074
14.857088088989258,3.116851351199357,4.917303283879983,-0.31967217971482736,0.7550390976082042,2.477894112928036,14.364305801053511,0.0008999430546992616,0.020898
14.888030052185059,3.1102220090318418,4.914716163321525,-0.4096401052569676,0.7556106557222829,2.5404197021125388,14.426831390238014,0.0009038603668553037,0.020898
14.917225360870361,3.111838921713694,4.9105120926348,-0.4400089603265261,0.7289273992591201,2.5845160630149295,14.470927751140405,0.0009066230631026021,0.020898
14.945806741714478,3.1090901701706297,4.894665982499736,-0.5167019363277952,0.6081657501546596,2.7441823756899537,14.63059406381543,0.0009166263720791341,0.020898
14.97359561920166,3.11798319015148,4.9014571720831634,-0.391039204421906,0.567382608259382,2.729788667785795,14.616200355911271,0.000915724586943178,0.020898
14.999253988265991,3.1178214988717925,4.884802589370196,-0.3063361616007383,0.43154271981772974,2.871952379621158,14.758364067746633,0.0009246313344650191,0.020898
15.025773048400879,3.1128090693357864,4.896282932336056,-0.3481309838193397,0.41041314376776167,2.9187450169658273,14.805156705091303,0.0009275629560534644,0.020898
15.052199602127075,3.128169741318414,4.891108693001631,-0.06760474732510285,0.3622890999355928,2.879923451656456,14.766335139781932,0.0009251307328359553,0.020898
15.082829713821411,3.1312418760088128,4.889976828202197,0.19072014655690073,0.3213106013515922,2.6689851106280966,14.555396798753572,0.0009119151624069037,0.020898
15.112663745880127,3.125582680602566,4.891270387974589,0.2574171268735324,0.30095898709772323,2.4716013575763656,14.35801304570184,0.0008995488051231181,0.020898
15.14241099357605,3.1305951108026804,4.898061577202556,0.40519197868180945,0.33046286730793895,0.6033803052022232,12.489791993327698,0.0007825022465206311,0.021057
15.174695491790771,3.136415997814543,4.896929712281867,0.6260256964344448,0.3438239147724505,0.2494351986065134,12.135846886731988,0.0007603271101209148,0.021057
15.205070972442627,3.1296249630016364,4.914069383198088,0.6436527578177148,0.4635933588314296,0.5383949727980477,12.424806660923522,0.0007784308281475851,0.021057
15.236461877822876,3.1291398891047835,4.918273454116104,0.6462090910816335,0.5745153183057522,0.7440096192256193,12.630421307351094,0.0007913128619583222,0.021057
15.264172792434692,3.1157195122605037,4.9236093906752245,0.37734634208025464,0.6865357118944968,1.4092700844475274,13.295681772573001,0.0008329923237808729,0.021057
15.29160475730896,3.119276720398732,4.915686333518813,0.2608815467641554,0.7139082891595699,1.6764992966351389,13.562910984760613,0.000849734592906288,0.021057
15.319547414779663,3.1163662773667955,4.914392773258998,0.1206605388586364,0.7247357553501107,1.9588921622668882,13.845303850392362,0.0008674268852900434,0.021057
15.344664096832275,3.1128090693357864,4.91552463848492,-0.049233293497774444,0.7396066523325047,2.217432760304593,14.103844448430067,0.0008836248010671332,0.021057
15.371024131774902,3.1228339286681215,4.8544039445358775,0.034014933489576724,0.35626624716981875,2.8266645507906274,14.713076238916102,0.0009217939911514665,0.021057
15.399131059646606,3.1202468680955526,4.910188702593292,0.0401147782055372,0.44730297894969034,2.548160646675342,14.434572334800816,0.0009043453474309466,0.021216
15.426206588745117,3.1141025995137253,4.912937517997638,-0.07952837105238231,0.5287370332705832,2.546861006469746,14.43327269459522,0.0009042639232261966,0.021216
15.452514410018921,3.117013042477419,4.903397512094803,-0.10458292572494529,0.5242825108473834,2.5835368594062147,14.469948547531688,0.0009065617146811047,0.021216
15.481735944747925,3.1254209893101335,4.900001917112555,0.047444106506219635,0.49928933768475914,2.411002357681172,14.297414045806645,0.0008957521963741314,0.021216
15.50871205329895,3.1107070828335583,4.895797847380929,-0.1428760971165095,0.45471077548081507,2.748353049457541,14.634764737583014,0.00091688767039334,0.021216
15.539341449737549,3.1189533378352934,4.891755472895879,-0.10979589978144885,0.3974641095640821,2.841453826457882,14.727865514583355,0.0009227205591391657,0.021216
15.566003561019897,3.11038370029881,4.901295477084815,-0.2594658400471435,0.41884979282897306,2.8824397484184052,14.768851436543878,0.0009252883822083537,0.021216
15.596792697906494,3.117498116313231,4.903882597106792,-0.22075654554796328,0.4504864436984502,2.8090535242996117,14.695465212425084,0.0009206906366840647,0.021216
15.626361608505249,3.128493123912784,4.909218532478463,0.02807909919653762,0.5070071136140505,2.4263575399261574,14.31276922805163,0.0008967142191691349,0.021372
15.656670331954956,3.1212170158021313,4.911967347841591,0.05552491185205765,0.5642799243644181,2.265213718024578,14.151625406150051,0.0008866183422547501,0.021372
15.688564777374268,3.127037902246676,4.911320567745643,0.19212829075650265,0.6002042231609565,1.885982349730265,13.772394037855738,0.0008628589875913639,0.021372
15.71708083152771,3.1305951108026804,4.913584298109755,0.35948979339990356,0.6399345730513689,1.4079040826860811,13.294315770811554,0.0008329067419355025,0.021372
15.743160724639893,3.121863780945273,4.91229073789199,0.30055587633820713,0.6594124803505439,1.5672400738894947,13.453651762014967,0.0008428893558281012,0.021372
15.776880502700806,3.1276846674288965,4.917626673957071,0.37669344522872805,0.7074220342339996,1.393934612524339,13.28034630064981,0.0008320315358640076,0.021372
15.808920860290527,3.1183065727116674,4.911967347841591,0.24085930171000713,0.7045703687983805,1.7059831496773044,13.592394837802775,0.000851581795906458,0.021372
15.838597536087036,3.120731941947622,4.919890404542011,0.1946884447610407,0.7536158983029316,1.7860384432882732,13.672450131413743,0.0008565973675933137,0.021372
15.868695974349976,3.116527968644045,4.915201248418349,0.07758623692023608,0.7577394179153112,2.001983734949794,13.888395423075265,0.0008701266302056106,0.021372
15.900936841964722,3.123480693822112,4.900648697095458,0.13583208354474116,0.6668758406327742,1.9665868094952428,13.852998497620714,0.0008679089652754897,0.021372
15.931092500686646,3.119276720398732,4.9153629434514325,0.09182156578931094,0.6980630447869891,2.0277179598441317,13.914129647969602,0.0008717389139652637,0.02153
15.962081670761108,3.119115029116877,4.913260908052888,0.05775333380380467,0.7063524137679266,2.082659224817167,13.969070912942637,0.0008751810580210696,0.02153
15.990904808044434,3.109736935232558,4.9046910721348445,-0.15522485353063983,0.6569466136747077,2.446951629704421,14.33336331782989,0.0008980044665587749,0.02153
16.01779294013977,3.109251861435706,4.911643957792808,-0.31409219235237146,0.667154240037308,2.577196798022832,14.463608486148303,0.0009061645013185261,0.02153
16.04736328125,3.114425982060915,4.916494808694341,-0.3209515116627244,0.7055495951285867,2.53872508763141,14.425136775756881,0.0009037541969816034,0.02153
16.07570481300354,3.1116772304442923,4.91342260308112,-0.38118781411603153,0.7126346662165787,2.57409996141407,14.46051164953954,0.0009059704803448573,0.02153
16.104236125946045,3.117498116313231,4.9054995471729885,-0.3059619273961431,0.6665525257727616,2.5718822278411597,14.45829391596663,0.0009058315363573263,0.02153
16.13052749633789,3.1204085593793045,4.8927256427493315,-0.19460815481954905,0.5520033359902966,2.6374918965708094,14.52390358469628,0.0009099420702398643,0.02153
16.15898323059082,3.1150727471585444,4.895959542365568,-0.2242692077638232,0.4926522412233859,2.7571703897500823,14.643582077875553,0.0009174400886074252,0.02153
16.188191413879395,3.114425982060915,4.902427342081721,-0.25807542245075554,0.4927731541641241,2.7786275948689583,14.66503928299443,0.0009187844113326191,0.02169
16.218385457992554,3.115881203536671,4.897738187223201,-0.2523919479504636,0.4626494503321033,2.8245816553774614,14.710993343502933,0.0009216634949557777,0.02169
16.24942398071289,3.1060180361855054,4.88981513323246,-0.44732654177716424,0.39052117979644585,2.999723915968536,14.886135604094008,0.000932636392858836,0.02169
16.28019118309021,3.1145876733349165,4.8951510674464,-0.41095468686178904,0.37440639727015645,3.015115626823542,14.901527314949014,0.000933600704220328,0.02169
16.306779384613037,3.122672237380302,4.904205987116802,-0.2224509115422185,0.4214594009270674,2.8804185824429385,14.766830270568411,0.0009251617534448613,0.02169
16.33712339401245,3.121702089659081,4.902103952080587,-0.11006348676546021,0.4408548318940979,2.7672041065751216,14.653615794700594,0.0009180687144452886,0.02169
16.362415552139282,3.116527968644045,4.894827677481554,-0.1357401151482847,0.4075566199096718,2.8600648556228547,14.746476543748326,0.0009238865651174421,0.02169
16.392890691757202,3.1166896599215654,4.902265647080952,-0.1504528855470097,0.43216455221191613,2.8171760577095526,14.703587745835023,0.0009211995243135875,0.02169
16.420082330703735,3.1139409082405356,4.891108693001631,-0.21618660506108972,0.3775150858465047,2.961671233190496,14.848082921315967,0.0009302523411647915,0.02169
16.44826579093933,3.1160428948131083,4.899516832129612,-0.21980890633028624,0.3934271392110587,2.932291498416741,14.818703186542212,0.0009284116613140042,0.02169
16.47510838508606,3.109251861435706,4.901618867081914,-0.35930102931210905,0.41810724761848295,2.9397238296064097,14.826135517731881,0.0009288773068472452,0.021846
16.504521369934082,3.1084434051130256,4.89450428751832,-0.47324986143641895,0.38954997709828343,3.0068465522384695,14.893258240363942,0.0009330826355893273,0.021846
16.532849311828613,3.118144881431438,4.893372422659687,-0.35736188247948586,0.36226821945126725,3.024824247374946,14.911235935500418,0.0009342089623399307,0.021846
16.56121802330017,3.1153961297089827,4.883509029726556,-0.3316750782800893,0.27962931372656896,-3.127616784510366,15.041980210794692,0.0009424002668221939,0.021846
16.591261863708496,3.1137792169676173,4.897738187223201,-0.34630300935071584,0.3134487620258319,3.100710933350609,14.98712262147608,0.0009389633651585432,0.021846
16.621967792510986,3.1134558344225907,4.893534117638284,-0.3630642998367353,0.3100390357903165,3.107146296369932,14.993557984495403,0.0009393665492966366,0.021846
16.65489363670349,3.1153961297089827,4.900163612107676,-0.33566677043015797,0.3503605721410316,3.0394844738614593,14.92589616198693,0.0009351274452230985,0.021846
16.68164587020874,3.1178214988717925,4.834353782279369,-0.2675754578065117,-0.045372606086728016,-2.586019532880825,15.583577462424232,0.0009763320621904369,0.021846
16.708395957946777,3.119115029116877,4.903882597106792,-0.19382458271325625,0.125530764457448,-2.8045832645134725,15.365013730791585,0.0009626387507964724,0.022004
16.735452890396118,3.1186299552729384,4.899840222117837,-0.15198157878520313,0.21912144821817692,-2.98059220220814,15.189004793096917,0.0009516115544086252,0.022004
16.76257014274597,3.123965767690454,4.891270387974589,-0.015082778319660255,0.22942657990434778,-2.9397022772066324,15.229894718098425,0.0009541733631393737,0.022004
16.791053295135498,3.122995619956212,4.886581233922228,0.06118116379667799,0.20643183438753154,-2.767412660493926,15.402184334811132,0.0009649675390713583,0.022004
16.819236040115356,3.121863780945273,4.903720902102393,0.09173983561594627,0.3007522057334538,3.0623410503142527,14.948752738439724,0.0009365594404422051,0.022004
16.847155570983887,3.1178214988717925,4.906469717232084,0.03160916642576127,0.38448480598121126,2.7468413526524427,14.633253040777914,0.0009167929605577655,0.022004
16.874051332473755,3.114264290787185,4.891917167870448,-0.08222142991086454,0.3493475977781745,2.96442539645121,14.850837084576682,0.0009304248931928755,0.022004
16.9061176776886,3.1205702506633277,4.904367682122413,-0.03472893697943142,0.40495990834649487,2.766925293110928,14.6533369812364,0.0009180512464072133,0.022004
16.93564534187317,3.122510546092754,4.895959542365568,0.037646243703978684,0.3897218418727208,2.7173597358881323,14.603771424013605,0.000914945897663407,0.022163
16.972318410873413,3.1257443718952698,4.89143208294795,0.15352626465193792,0.34988852231856005,2.627065099195253,14.513476787320725,0.0009092888173774671,0.022163
17.006407260894775,3.1178214988717925,4.892887337726316,0.07485966675095541,0.3313802004517377,2.914431262600517,14.80084295072599,0.0009272926935476037,0.022163
17.03312611579895,3.1189533378352934,4.900810392092192,0.04261913492577658,0.3694660554149001,2.7870509061713973,14.67346259429687,0.0009193121431011564,0.022163
17.06172251701355,3.1260677544814923,4.881892080208192,0.16352902807459238,0.2742511317273354,-3.002921142861872,15.166675852443188,0.0009502126162811285,0.022163
17.09568953514099,3.120731941947622,4.897576492234128,0.14055725321625634,0.3086423676690897,2.9739542193051482,14.860365907430621,0.0009310218867452011,0.022163
17.122656106948853,3.1186299552729384,4.884964284327461,0.08208570636545569,0.2514662181568872,-2.9409062716612717,15.228690723643787,0.0009540979312694071,0.022163
17.157515287399292,3.1189533378352934,4.90614632721077,0.04767736265590588,0.3479012804850007,2.868730067603963,14.755141755729436,0.000924429452288455,0.022163
17.184980869293213,3.1257443718952698,4.9130992130250615,0.160548047918275,0.46019751154961774,2.1004216495783425,13.986833337703816,0.0008762938977934775,0.022163
17.210981607437134,3.1254209893101335,4.897738187223201,0.23303578805647088,0.4398465005019527,1.7539788467972568,13.64039053492273,0.0008545887908059529,0.022322
17.23758053779602,3.1268762109518,4.917464978918325,0.313125034280316,0.5526841810627231,1.3758826369907713,13.262294325116244,0.0008309005553467423,0.022346
17.263948440551758,3.1152344384336277,4.911482262769024,0.13440489402618658,0.5931288700280494,1.965945807264412,13.852357495389885,0.000867868805624639,0.022346
17.2904851436615,3.119115029116877,4.9054995471729885,0.08756166356961763,0.5828984684407872,2.1049651076852056,13.991376795810679,0.0008765785515473183,0.022346
17.316755056381226,3.1257443718952698,4.9197287094975986,0.18846705855787324,0.6674039007388467,1.759704824378436,13.646116512503909,0.000854947530993395,0.022346
17.344449043273926,3.1153961297089827,4.912614127944005,0.050405180446071014,0.6807243441221662,2.065255928275653,13.951667616401126,0.0008740907181140581,0.022346
17.371007680892944,3.1249359154344645,4.9072781922924325,0.1461531715487739,0.6556736383803484,1.8741093297273819,13.760521017852856,0.0008621151269385843,0.022346
17.40300416946411,3.1145876733349165,4.9059846322007195,0.004481112466367689,0.6298048075490302,2.2189654863056583,14.105377174431133,0.0008837208284100845,0.022346
17.430012702941895,3.113617525694969,4.910350397613844,-0.11425454519921202,0.6398216383751844,2.393803970368123,14.280215658493598,0.0008946746943055476,0.022346
17.455679655075073,3.1187916465539804,4.912129042866589,-0.09302168298511038,0.6582917588859124,2.3384922190325907,14.224903907158065,0.000891209338781439,0.022346
17.49416470527649,3.1134558344225907,4.926358206650523,-0.1857673713807936,0.7628875660537676,2.3293299458989285,14.215741634024404,0.0008906353100614927,0.022346
17.522372245788574,3.113617525694969,4.902427342081721,-0.24742848389221597,0.6819378815453894,2.488123056603287,14.374534744728763,0.0009005839117615483,0.022346
17.552714109420776,3.11038370029881,4.918435149156873,-0.35580864892468944,0.7283981514958172,2.526864094394854,14.41327578252033,0.0009030110898218905,0.022346
17.58241367340088,3.112485686794007,4.918273454116104,-0.38928346361718186,0.7598786731708158,2.518777149640111,14.405188837765587,0.0009025044318694238,0.022346
17.61413264274597,3.1121623042533098,4.927004986897023,-0.41923757255117394,0.8381650757518133,2.465282038429624,14.351693726555101,0.0008991528912895296,0.022346
17.643970251083374,3.1199234855288616,4.91229073789199,-0.2836837151964787,0.7981738322408493,2.391907685319431,14.278319373444909,0.0008945558894998763,0.022346
17.670334815979004,3.113617525694969,4.914877858353395,-0.31596992456319256,0.7868466371980894,2.432468385987584,14.31888007411306,0.0008970970718838772,0.022346
17.69804286956787,3.114425982060915,4.923124305515267,-0.3222659242103111,0.8320426330056913,2.393754361056743,14.28016604918222,0.0008946715862155472,0.022346
17.72577667236328,3.1021374460278217,4.9190819293239985,-0.5744991822811675,0.8376381467052885,2.5651168064659715,14.451528494591448,0.0009054076736198551,0.022346
17.753339767456055,3.106988183749221,4.90792497234798,-0.653236391038156,0.7696799686570103,2.6638109164984596,14.550222604623936,0.0009115909921939381,0.0
17.78097105026245,3.1137792169676173,4.910997177700093,-0.5713959282813685,0.7419009198170263,2.649817851913248,14.536229540038725,0.0009107143079001176,0.0
17.80851721763611,3.1076349487970996,4.921830745106529,-0.6380206366157128,0.7922472919845494,2.636988534956347,14.523400223081824,0.0009099105339585288,0.0
17.8352108001709,3.105532962407293,4.918596844198047,-0.7270492311545703,0.8066564060961275,2.6648968508527746,14.551308538978251,0.0009116590274400238,0.0
17.861010789871216,3.106341418705664,4.9014571720831634,-0.7730649017849914,0.7063260674184115,2.7663455263338075,14.652757214459283,0.0009180149232397984,0.0
17.894015550613403,3.1071498750107853,4.916979893804513,-0.7889715255433749,0.7360948760880768,2.746687314445501,14.633099002570976,0.0009167833098571738,0.0
17.922545433044434,3.1120006129833664,4.902427342081721,-0.7022800852159768,0.6631829985694192,2.7805490406018047,14.666960728727279,0.0009189047924889526,0.0
17.954585552215576,3.1121623042533098,4.912614127944005,-0.6383352076703365,0.6777697126035764,2.742267200978539,14.628678889104012,0.0009165063838107175,0.0
17.985034227371216,3.1113538479062997,4.8398514068036835,-0.6098781399161217,0.2192304359019848,-3.0337344930680104,15.13586250223705,0.0009482821184976577,0.0
18.01155734062195,3.113617525694969,4.9014571720831634,-0.5443060218669307,0.2951278882825211,-3.1221088677410562,15.047488127564003,0.0009427453452068409,0.0
18.0390465259552,3.1153961297089827,4.918920234281609,-0.46253597585128875,0.46075615809833975,2.9272070756209745,14.813618763746447,0.0009280931153956997,0.022217
18.07191014289856,3.119438411680858,4.9105120926348,-0.3237752062257984,0.5225292509223637,2.774459671556938,14.66087135968241,0.0009185232853381491,0.022217
18.098663091659546,3.1220254722317367,4.918758539239627,-0.17446875375016596,0.6188954446481166,2.4865906777566797,14.373002365882153,0.0009004879061682899,0.022217
18.124508142471313,3.105371271148429,4.919243624366792,-0.4058237822417045,0.6894767821583231,2.602288489950499,14.488700178075971,0.0009077365295246716,0.022217
18.152756214141846,3.1215403983731598,4.8809219105164665,-0.24168536589375947,0.49200864026776564,2.7735799880681653,14.659991676193638,0.0009184681719858562,0.022217
18.181599617004395,3.1212170158021313,4.884640894413334,-0.13331021371115329,0.37773927547385683,2.9611513134006766,14.847563001526149,0.0009302197674915262,0.022217
18.211483001708984,3.1212170158021313,4.921507355008393,-0.05744760718333793,0.5352508062568193,2.470561467041007,14.356973155166479,0.0008994836545841428,0.022217
18.24033212661743,3.1139409082405356,4.918111759075739,-0.15108291020654038,0.6236338642158238,2.447905677265248,14.334317365390719,0.0008980642389200788,0.022217
18.270379543304443,3.1082817138493,4.911482262769024,-0.3307580472535859,0.6427936482352083,2.6043518946558795,14.490763582781351,0.0009078658046013346,0.02206
18.297123432159424,3.1113538479062997,4.917464978918325,-0.3945741276243933,0.6947471844759964,2.5877872522105534,14.474198940336025,0.0009068280075000536,0.02206
18.324827909469604,3.1160428948131083,4.9105120926348,-0.3446801721245928,0.6863229693867119,2.5595212080079524,14.445932896133424,0.0009050571018596233,0.02206
18.35123038291931,3.110868774101338,4.8966063223081555,-0.4141022228852802,0.5908426523416411,2.7314525052049916,14.617864193330464,0.0009158288285926033,0.02206
18.378257513046265,3.1084434051130256,4.91584802855311,-0.5116106969376597,0.647964814721179,2.7145752670947307,14.600986955220202,0.0009147714469529893,0.02206
18.405650854110718,3.1166896599215654,4.916171418622916,-0.4135622927995662,0.69003366289187,2.6064381611843923,14.492849849309863,0.0009079965120019282,0.02206
18.439167022705078,3.1184682639921677,4.910835482677925,-0.30905884538045747,0.685106838610959,2.5295998112529654,14.416011499378437,0.0009031824861580709,0.02206
18.464836835861206,3.110868774101338,4.919243624366792,-0.38916729416437057,0.7358247579323262,2.535756040799316,14.422167728924787,0.0009035681822091093,0.02206
18.494109869003296,3.1137792169676173,4.921669050057259,-0.38654756046972166,0.7869523113202085,2.4784046766330667,14.364816364758537,0.0008999750422012462,0.02191
18.521399974822998,3.119115029116877,4.872675468720658,-0.27710505457750917,0.50711651291266,2.7760637534796637,14.662475441605135,0.0009186237832254483,0.02191
18.547957181930542,3.1120006129833664,4.9194053194099885,-0.3439735555398828,0.6122731972494515,2.657002916106271,14.543414604231742,0.0009111644618238526,0.02191
18.57976222038269,3.117174733755752,4.918273454116104,-0.286433685380524,0.6785912051983732,2.5164752934927734,14.402886981618245,0.0009023602174895987,0.02191
18.607299327850342,3.103107593552671,4.9211839649118785,-0.529851401113656,0.743763822386906,2.6221583524196093,14.50857004054508,0.0009089814031005038,0.02191
18.63718605041504,3.106988183749221,4.922477525307658,-0.6219829442208981,0.7977179931897936,2.621001106868788,14.50741279499426,0.0009089089001121614,0.02191
18.663800716400146,3.1115155391751603,4.911158872722666,-0.5951706862068581,0.7625692041630492,2.6398148235513363,14.526226511676807,0.000910087604735694,0.02191
18.696510553359985,3.1105453915660495,4.921507355008393,-0.5959673212830195,0.8046317563392597,2.6006383536898467,14.487050041815317,0.0009076331462712343,0.02191
18.724207401275635,3.115557820984608,4.850684962363211,-0.49543801601151133,0.37782549655266306,3.0670045144926728,14.953416202618143,0.0009368516127376389,0.02191
18.75166082382202,3.1090901701706297,4.90517615715652,-0.5555022753072819,0.43010277284662674,3.0044587739076776,14.89087046203315,0.0009329330380692856,0.02191
18.78450846672058,3.11038370029881,4.921830745106529,-0.5714603029152475,0.5739885891052772,2.830012695884814,14.716424384010285,0.0009220037569393414,0.021758
18.81332039833069,3.113617525694969,4.908086667362877,-0.5174135359663337,0.58616694546061,2.7929435919481227,14.679355280073594,0.0009196813277809965,0.021758
18.840262174606323,3.1183065727116674,4.917141588842045,-0.3850155851265391,0.6530251579870624,2.6298560218349882,14.51626770996046,0.0009094636724300272,0.021758
18.86718726158142,3.105532962407293,4.9197287094975986,-0.5499456951121099,0.7164925834212412,2.660149737333902,14.546561425459373,0.0009113616144010399,0.021758
18.895030736923218,3.1137792169676173,4.906308022221225,-0.4990924411331332,0.6744614032650471,2.677871178140297,14.564282866265767,0.000912471886473625,0.021758
18.923595428466797,3.109736935232558,4.907763277333488,-0.5450168959864904,0.6544145811278143,2.7256852411051002,14.612096929230571,0.0009154675017493017,0.021758
18.954871654510498,3.109736935232558,4.902750732084467,-0.5771640143838463,0.6080901261702352,2.793596311568534,14.680007999694006,0.0009197222215420449,0.021758
18.98091197013855,3.105532962407293,4.897253102257191,-0.6844495955922458,0.5402463298723991,2.9056462703398185,14.79205795846529,0.000926742301981168,0.021758
19.01038646697998,3.104239432343938,4.911158872722666,-0.7856364550298562,0.582339039840871,2.888444156244375,14.774855844369846,0.0009256645664246606,0.021602
19.042060375213623,3.102945902297855,4.91229073789199,-0.8825542088795592,0.6190956071031838,2.8782093316696966,14.764621019795168,0.0009250233409161246,0.021602
19.068931579589844,3.1105453915660495,4.91390768816824,-0.7971357871539163,0.6552418762430012,2.822790125844954,14.709201813970425,0.0009215512532239183,0.021602
19.095884561538696,3.1120006129833664,4.910188702593292,-0.7079950683433379,0.6565859193009161,2.7918923342048223,14.678304022330295,0.0009196154650711737,0.021602
19.12240433692932,3.1189533378352934,4.862973773826356,-0.5053791796402496,0.35336004973167756,3.1121581143796475,14.99856980250512,0.0009396805464275616,0.021602
19.151037216186523,3.108928478905823,4.9082483623781785,-0.5657219590602567,0.4327686350253356,3.008464608342412,14.894876296467885,0.000933184008977852,0.021602
19.18136477470398,3.1060180361855054,4.903074122088828,-0.6666575495540075,0.4550212979819097,2.9982931545737816,14.884704842699254,0.0009325467537354439,0.021602
19.213644981384277,3.1095752439666704,4.905014462148891,-0.6655733411157565,0.48309816677030754,2.9655245736601445,14.851936261785617,0.0009304937581215929,0.021602
19.240248203277588,3.103754358574633,4.9163331136584265,-0.7822056840283836,0.5756686765826782,2.893661145326013,14.780072833451486,0.0009259914177988579,0.021602
19.27005696296692,3.102945902297855,4.912129042866589,-0.8801526691785493,0.6133846856311658,2.882138010763745,14.768549698889219,0.0009252694779389506,0.021602
19.2961528301239,3.103754358574633,4.924741256062639,-0.9324112136723327,0.7210359407116563,2.804362069449029,14.690773757574503,0.0009203967107354187,0.021443
19.330478191375732,3.099227003511522,4.9084100573938825,-1.060296525689869,0.6911834258401447,2.85958570390875,14.745997392034223,0.000923856545618886,0.021443
19.359023094177246,3.0997120772581734,4.914716163321525,-1.1400336374269113,0.710911685484626,2.8619745751995804,14.748386263325052,0.0009240062116143423,0.021443
19.393205165863037,3.1068264924879263,4.844702252355047,-1.0523713787822282,0.2736797990894726,-3.0892394276351176,15.08035756766994,0.0009448046597845787,0.021443
19.420631647109985,3.114425982060915,4.900487002099127,-0.837746942163651,0.3269924404506804,-3.1314046349124314,15.038192360392626,0.0009421629529061027,0.021443
19.45384192466736,3.1082817138493,4.899678527123523,-0.8114228696235632,0.35910295442240986,3.1188970590968412,15.005308747222314,0.0009401027503668426,0.021443
19.481464385986328,3.1068264924879263,4.899516832129612,-0.8223438413198636,0.38053864721419417,3.0972399720050374,14.98365166013051,0.0009387459047675338,0.021443
19.513213396072388,3.1186299552729384,4.900810392092192,-0.5919450598098283,0.40387696814861956,3.052386452971315,14.938798141096788,0.0009359357715461804,0.021443
19.539857387542725,3.1065031099661478,4.909541922515124,-0.6752311127179833,0.4764638150206519,2.9749118458142316,14.861323533939704,0.0009310818833324209,0.021287
19.574350118637085,3.101167298512682,4.902912427086446,-0.8411400280273892,0.4845662569356227,2.994415316286069,14.880827004411541,0.000932303801957432,0.021287
19.599676847457886,3.1111921566377085,4.906954802267081,-0.7551023834552103,0.5162796431311446,2.946600704954845,14.833012393080317,0.0009293081523258623,0.021287
19.626530647277832,3.105856344925831,4.91342260308112,-0.8024847157398368,0.5801456998183768,2.891939894247616,14.778351582373087,0.0009258835791065567,0.021287
19.661415100097656,3.1095752439666704,4.904044292111595,-0.7606523574458519,0.564435245649637,2.8971821109876084,14.78359379911308,0.0009262120110274394,0.021287
19.68816828727722,3.109251861435706,4.915686333518813,-0.737891445093011,0.6284379627881643,2.8241406999056227,14.710552388031093,0.0009216358685031103,0.021287
19.72157597541809,3.1160428948131083,4.901133782086871,-0.5850022943526132,0.5794898230714312,2.822542033345352,14.708953721470824,0.0009215357098955437,0.021287
19.749481201171875,3.1079583313226595,4.917141588842045,-0.641023354521631,0.6483511723146391,2.765500313826221,14.651912001951693,0.0009179619695407833,0.021287
19.78129816055298,3.1163662773667955,4.901618867081914,-0.5106728920414111,0.5965540707909969,2.7659317301827584,14.65234341830823,0.0009179889983550627,0.021287
19.80759358406067,3.1153961297089827,4.91503955338567,-0.43899278497342503,0.6467544714187645,2.6535966400434803,14.540008328168952,0.0009109510540527042,0.02113
19.83623719215393,3.1079583313226595,4.903882597106792,-0.5388166979561813,0.6100197187113023,2.7630979346100673,14.64950962273554,0.0009178114572556596,0.02113
19.862674236297607,3.1111921566377085,4.8763944521463305,-0.5434760524053738,0.4072220295803788,3.0464278080221083,14.932839496147581,0.0009355624544355782,0.02113
19.893024444580078,3.1081200225858443,4.8985466621746125,-0.6086941159783888,0.407971997948753,3.0537548367225433,14.940166524848017,0.0009360215026264106,0.02113
19.920535564422607,3.1178214988717925,4.915686333518813,-0.4586945996902644,0.5189136893975512,2.8513741205796,14.737785808705073,0.0009233420788922998,0.02113
19.947911262512207,3.10504788863151,4.9130992130250615,-0.6113036125694835,0.5799061977884012,2.8323839226136354,14.71879561073911,0.0009221523174792854,0.02113
19.9749493598938,3.117336425034356,4.901295477084815,-0.47030385581014555,0.5465592545860021,2.814752788172029,14.701164476297503,0.0009210477032217673,0.02113
20.00212025642395,3.1082817138493,4.904205987116802,-0.5542127091761034,0.5419664010481594,2.8588748476702683,14.745286535795742,0.0009238120095206178,0.02113
20.033755779266357,3.1081200225858443,4.9059846322007195,-0.6162097757179027,0.5502097414164903,2.8710581369350345,14.757469825060507,0.0009245753089594542,0.02113
20.06277060508728,3.109251861435706,4.901942257080626,-0.6367816378834554,0.5299384032092945,2.9030280696115693,14.789439757737043,0.0009265782681883881,0.02113
20.094237089157104,3.116527968644045,4.900810392092192,-0.5044428209308784,0.5084567973451765,2.8869778051212878,14.77338949324676,0.0009255726975569793,0.02113
20.121602058410645,3.1105453915660495,4.902589037082892,-0.5324578155898279,0.5048780104845814,2.90261031889883,14.789022007024304,0.0009265520955450505,0.02097
20.15245485305786,3.114425982060915,4.897738187223201,-0.47380744792896473,0.4711228497564253,2.933775981676892,14.820187669802365,0.0009285046661844307,0.02097
20.17995858192444,3.115557820984608,4.9153629434514325,-0.40992610466366997,0.5610359511735372,2.755612249559401,14.642023937684874,0.0009173424690313545,0.02097
20.20835041999817,3.1076349487970996,4.914069383198088,-0.5249917600833268,0.6156417843121846,2.7451794912536926,14.631591179379166,0.0009166888427086754,0.02097
20.237289905548096,3.102299137281289,4.90792497234798,-0.7131463984081224,0.6142825149818376,2.830067358849188,14.716479046974662,0.0009220071816474912,0.02097
20.268142223358154,3.102784211043309,4.914716163321525,-0.8350720382503006,0.6570810478838225,2.8266972530381507,14.713108941163625,0.0009217960399912044,0.02097
20.296096324920654,3.1102220090318418,4.911482262769024,-0.7704200062317929,0.666206676802817,2.7961230182118464,14.682534706337321,0.0009198805231074953,0.02097
20.32200312614441,3.1115155391751603,4.903559207098396,-0.6990766296144875,0.6215529283707544,2.817010290234766,14.703421978360241,0.0009211891387586091,0.02097
20.348307609558105,3.1079583313226595,4.914716163321525,-0.7208753892049429,0.6621703372560642,2.7814552985706236,14.6678669866961,0.000918961570768119,0.020813
20.376590251922607,3.1105453915660495,4.915201248418349,-0.6839606133816729,0.6937275251824907,2.732154105649532,14.618565793775009,0.0009158727848029476,0.020813
20.40661096572876,3.1084434051130256,4.916818198767384,-0.7005115702850988,0.7262342292560852,2.7060471967950357,14.592458884920513,0.0009142371518925465,0.020813
20.43793749809265,3.10504788863151,4.9127758229706195,-0.7805754919858466,0.722947241283357,2.7443449445943178,14.630756632719795,0.0009166365572393793,0.020813
20.46469783782959,3.109413552701053,4.910673787656161,-0.7485767700472498,0.7071046763171304,2.746761350382134,14.63317303850761,0.0009167879483080601,0.020813
20.496456146240234,3.105856344925831,4.918273454116104,-0.7979167863542554,0.7449732405457351,2.7304734606855376,14.616885148811015,0.0009157674901382622,0.020813
20.523342609405518,3.1095752439666704,4.890623608085172,-0.757454806875921,0.5933561671354055,2.8689417667322985,14.755353454857776,0.0009244427155232311,0.020813
20.550525665283203,3.109251861435706,4.9074398873057135,-0.7356531596940683,0.5955575816028499,2.859731607796099,14.746143295921577,0.0009238656866934284,0.020813
20.578072547912598,3.1105453915660495,4.905661242181829,-0.6943050527240697,0.5856402336277573,2.8573334471250083,14.743745135250487,0.00092371543870582,0.020813
20.604608297348022,3.1157195122605037,4.887713098662499,-0.5610135585837496,0.4630730595142754,2.9784533938393722,14.864865081964851,0.0009313037660737282,0.020813
20.63226628303528,3.119438411680858,4.893372422659687,-0.39270951413847327,0.41373437714245975,3.0220895528737164,14.908501240999195,0.0009340376300557823,0.020813
20.658912420272827,3.118144881431438,4.91342260308112,-0.30098363937094774,0.508364013626286,2.7708200570763686,14.657231745201848,0.0009182952586016726,0.020654
20.687685251235962,3.1131324518786476,4.910673787656161,-0.337862479565593,0.5568964169571903,2.7035363163326647,14.589948004458144,0.0009140798418585925,0.020654
20.717791080474854,3.1077966400597443,4.913745993138795,-0.47128635334539215,0.6106607759234712,2.7163578583973926,14.602769546522872,0.0009148831286927421,0.020654
20.748044729232788,3.1107070828335583,4.911320567745643,-0.5059874190126616,0.6326708192522861,2.7076197494528667,14.594031437578346,0.0009143356744290454,0.020654
20.777657508850098,3.116527968644045,4.918273454116104,-0.4128868677213585,0.6928695406003574,2.551522611535737,14.437934299661217,0.0009045559790457398,0.020654
20.806094884872437,3.113294143150484,4.907116497279556,-0.4129338700562451,0.663133608804486,2.5937472385049123,14.480158926630391,0.000907201408647732,0.020654
20.83396291732788,3.117013042477419,4.9046910721348445,-0.33796677502767014,0.6266934502002899,2.5779264095068464,14.464338097632325,0.0009062102124581221,0.020654
20.86436104774475,3.1120006129833664,4.911967347841591,-0.3865767598550044,0.6480603599747894,2.592220463377327,14.478632151502806,0.0009071057541349983,0.020654
20.893601417541504,3.1102220090318418,4.904529377128427,-0.4564733113550915,0.615100508950513,2.7004313939196454,14.586843082045124,0.0009138853142984252,0.020503
20.920629501342773,3.109413552701053,4.913584298109755,-0.5217052436057033,0.6503619731040509,2.6944229697920803,14.58083465791756,0.0009135088784554279,0.020503
20.94715642929077,3.108928478905823,4.920375489677675,-0.5771502038360713,0.718795023273836,2.644113684829532,14.530525372955012,0.0009103569341696407,0.020503
20.977311372756958,3.1102220090318418,4.906631412243345,-0.5898747221418592,0.6781564453596729,2.7004783587792645,14.586890046904744,0.0009138882567099705,0.020503
21.005943775177002,3.1113538479062997,4.901780562081068,-0.5759558000461578,0.6184594289447264,2.7687884983143323,14.655200186439812,0.0009181679787161404,0.020503
21.03168272972107,3.11038370029881,4.903074122088828,-0.5857777702324457,0.5850048537254661,2.8184128384142437,14.704824526539724,0.000921277010286164,0.020503
21.05826711654663,3.105371271148429,4.912614127944005,-0.6937400937792825,0.6230450112128151,2.816219507593158,14.702631195718638,0.0009211395951638162,0.020503
21.08506679534912,3.109251861435706,4.9127758229706195,-0.6910528605263975,0.6507147886530508,2.7831282745680346,14.669539962693515,0.0009190663849617462,0.020503
21.112232208251953,3.109736935232558,4.902912427086446,-0.6793891895617634,0.6065419384782962,2.830253783297546,14.716665471423026,0.000922018861389614,0.020347
21.14061689376831,3.108928478905823,4.918920234281609,-0.6875289660053044,0.6787459932353938,2.749601029258865,14.636012717384345,0.0009169658580043648,0.020347
21.169754028320312,3.103269284807757,4.917464978918325,-0.8073572285341626,0.7199138259761146,2.7577662933351275,14.644177981460608,0.0009174774227675348,0.020347
21.197529315948486,3.1056946536664274,4.9153629434514325,-0.8423239763990139,0.7351896345273237,2.7566778180914033,14.643089506216883,0.0009174092283313144,0.020347
21.223518133163452,3.1056946536664274,4.8571527575820665,-0.8668006999044218,0.3708826615895408,3.1371403541122582,15.023552042237739,0.0009412457173066552,0.020347
21.250815391540527,3.1035926673187375,4.912452432917796,-0.9263257042135802,0.47211780952116406,3.03571728116862,14.9221289692941,0.0009348914255402414,0.020347
21.27644395828247,3.1081200225858443,4.9084100573938825,-0.8766888722441245,0.5169407340067944,2.9833597695969423,14.869771457722422,0.0009316111571059107,0.020347
21.310626745224,3.116527968644045,4.909218532478463,-0.6723778849833527,0.5535251168298915,2.8929974731012,14.77940916122668,0.0009259498378424309,0.020347
21.33866786956787,3.1116772304442923,4.910188702593292,-0.6271862754404982,0.5853841877117374,2.834702349106193,14.721114037231672,0.0009222975700134982,0.020347
21.368323802947998,3.105532962407293,4.911643957792808,-0.719465178331929,0.6170605418632231,2.8318633962238375,14.718275084349317,0.0009221197058017167,0.020347
21.397111415863037,3.108928478905823,4.910188702593292,-0.7155821581444443,0.6298589852350677,2.8154668666644853,14.701878554789964,0.0009210924411985759,0.02019
21.42479658126831,3.117174733755752,4.901618867081914,-0.5465597072037319,0.5836095398352816,2.7992902131019233,14.685701901227402,0.0009200789521220041,0.02019
21.4510018825531,3.1081200225858443,4.9054995471729885,-0.6108526743372307,0.5762349373058555,2.840256512890398,14.726668201015876,0.000922645545835754,0.02019
21.477903842926025,3.109413552701053,4.908733447426503,-0.6297707976931977,0.5919060577215213,2.827232467591792,14.71364415571727,0.0009218295719019697,0.02019
21.50969099998474,3.1121623042533098,4.910350397613844,-0.5875787064044119,0.6132925134959357,2.778391229340154,14.664802917465632,0.0009187696027147187,0.02019
21.536885023117065,3.111838921713694,4.899193442142999,-0.5645659811297012,0.5563880045965837,2.8485366601109634,14.734948348236442,0.0009231643081822428,0.02019
21.564035415649414,3.11798319015148,4.910188702593292,-0.4245440357832373,0.5873882091484125,2.7134330848994,14.599844773024879,0.000914699887704104,0.02019
21.591840028762817,3.1107070828335583,4.899840222117837,-0.47326779671913827,0.5424216595018577,2.82509104672465,14.711502734850129,0.0009216954090079695,0.02019
21.621038913726807,3.1016523722690383,4.917464978918325,-0.6899830999572535,0.6244867923626434,2.8115660557181426,14.697977743843621,0.0009208480501526405,0.02019
21.648130178451538,3.104724506115672,4.911320567745643,-0.779727300904269,0.6423490307597198,2.8255985773503713,14.71201026547585,0.0009217272064834612,0.02004
21.67999005317688,3.1076349487970996,4.906631412243345,-0.7838525974517581,0.6246442505997972,2.846530960683921,14.7329426488094,0.000923038648418786,0.02004
21.706556797027588,3.1074732575347244,4.902103952080587,-0.7900011741988181,0.5830842266650087,2.8949612285482713,14.781372916673751,0.0009260728697591972,0.02004
21.732819318771362,3.1061797274454497,4.893534117638284,-0.8203921310362112,0.49878386103775557,2.997626917229897,14.884038605355377,0.0009325050130708614,0.02004
21.764504432678223,3.119438411680858,4.903882597106792,-0.5742745148551994,0.5064402914445846,2.929207438925249,14.815619127050729,0.0009282184408438973,0.02004
21.79296565055847,3.1082817138493,4.89450428751832,-0.6269921705076412,0.45138310777653934,3.026397585110749,14.91280927323623,0.0009343075340626196,0.02004
21.81949234008789,3.1152344384336277,4.9127758229706195,-0.5236771493253923,0.5305514562476673,2.870063163798869,14.756474851924349,0.0009245129725558786,0.02004
21.847901105880737,3.1147493646091884,4.902103952080587,-0.4611392427418101,0.5172192706185255,2.8624541488747015,14.748865837000182,0.0009240362575493236,0.02004
21.875896215438843,3.112647378064761,4.896929712281867,-0.45975400995634785,0.47455339708985533,2.9431746356134423,14.829586323738923,0.0009290935044792201,0.02004
21.902896881103516,3.1071498750107853,4.886257844000056,-0.5696539012633154,0.3759372728634648,3.14073386408303,15.027145552208511,0.0009414708555336589,0.02004
21.929507732391357,3.1095752439666704,4.9082483623781785,-0.597670787312278,0.4485726912175885,3.0259518071332674,14.912363495258749,0.0009342796054734953,0.019883
21.96541690826416,3.110868774101338,4.895959542365568,-0.5911956535166151,0.4202507898824921,3.069879404607201,14.956291092732682,0.0009370317284652929,0.019883
21.994289875030518,3.116851351199357,4.871705299166266,-0.4660108929301047,0.24417544861102575,-2.8822678628327827,15.287329132472285,0.000957771706354309,0.019883
22.023715257644653,3.1115155391751603,4.91342260308112,-0.4859902503033087,0.38967276365428793,3.1138500381437795,15.000261726269262,0.0009397865477242277,0.019883
22.05034041404724,3.109898626498715,4.912614127944005,-0.5325844931654959,0.486312548162977,2.9461528582130345,14.832564546338517,0.0009292800941258745,0.019883
22.07609510421753,3.106341418705664,4.911643957792808,-0.6369395851926393,0.5477103941791098,2.8878075158052403,14.774219203930723,0.00092562468004592,0.019883
22.103159189224243,3.103754358574633,4.867986316008207,-0.7621620548822285,0.3094388418486963,-3.0572629172293317,15.112334078075737,0.000946808031117087,0.019883
22.131362676620483,3.1111921566377085,4.900487002099127,-0.6998178022536188,0.35202377038213317,-3.1086599461789106,15.060937049126158,0.0009435879382092935,0.019883
22.159570932388306,3.112323995523523,4.900325307103199,-0.6333507402748056,0.3807915533541108,3.1339878682324507,15.020399556357933,0.0009410482098313993,0.019724
22.187657117843628,3.115881203536671,4.9067931072550115,-0.5150846704272928,0.4425956835186874,3.0176141203973357,14.904025808522817,0.0009337572381990733,0.019724
22.222289323806763,3.110868774101338,4.894989372463775,-0.5333853716971314,0.4098168829599985,3.0804386036667184,14.9668502917922,0.000937693276471052,0.019724
22.248117923736572,3.108766787641287,4.907116497279556,-0.5885871627074718,0.4649967484562196,2.9960876735335944,14.882499361659075,0.000932408577385548,0.019724
22.27937936782837,3.1147493646091884,4.90097208708933,-0.5065762521092478,0.4640393060272452,2.9754876835218673,14.861899371647349,0.0009311179603383552,0.019724
22.305801153182983,3.106664801226902,4.904852767141667,-0.6122120781964191,0.48836910532784056,2.9652614805066797,14.85167316863216,0.0009304772749821031,0.019724
22.336143493652344,3.119600102963255,4.8621652993169535,-0.42528760829976114,0.2303999479727672,-2.8210601158284647,15.348536879476603,0.0009616064539274415,0.019724
22.365291357040405,3.111030465369388,4.905822937191072,-0.46726655892960406,0.33107155717390113,-3.0479227985282247,15.121674196776842,0.0009473932021007422,0.019724
22.392804861068726,3.1095752439666704,4.907116497279556,-0.5259996476786621,0.40987502040595714,3.0792489359409974,14.965660624066478,0.0009376187421898975,0.019724
22.42450976371765,3.1121623042533098,4.902427342081721,-0.51493890139424,0.4348290995919278,3.030969733720948,14.917381421846429,0.0009345939853150357,0.019724
22.45325803756714,3.109898626498715,4.8966063223081555,-0.5528485489291388,0.414796943485277,3.0736083758333064,14.960020063958787,0.0009372653535219148,0.019565
22.480077028274536,3.1210553245170236,4.9085717524099906,-0.35438531145821817,0.47785779491310276,2.870212207896154,14.756623896021635,0.0009245223103687915,0.019565
22.50788164138794,3.1160428948131083,4.902427342081721,-0.31654800080827017,0.48241704174694117,2.8277651057441355,14.714176793869616,0.0009218629423977325,0.019565
22.53540349006653,3.119115029116877,4.906631412243345,-0.22810536281449914,0.5126918582908502,2.620723000880757,14.507134689006238,0.0009088914763984186,0.019565
22.562124490737915,3.1116772304442923,4.8951510674464,-0.31619550992227385,0.45992587221623765,2.8917312074529216,14.778142895578402,0.0009258705045985307,0.019565
22.594161987304688,3.11798319015148,4.891108693001631,-0.2506847059380231,0.3969480098495279,3.065731258308449,14.952142946433929,0.0009367718415272715,0.019565
22.620187759399414,3.1141025995137253,4.911805652816997,-0.28308800995289246,0.48619688454316834,2.7826331403383944,14.669044828463875,0.0009190353641371218,0.019565
22.648897886276245,3.1147493646091884,4.905014462148891,-0.2927268451810662,0.5049210773631733,2.7391092641494406,14.625520952274922,0.0009163085348261664,0.019565
22.67701244354248,3.1238040764007353,4.902103952080587,-0.11686533451203357,0.49927800539937583,2.361153116244097,14.247564804369578,0.0008926290744332141,0.019407
22.710040807724,3.1199234855288616,4.913260908052888,-0.07202314856907151,0.5672028861966011,1.95999929316539,13.846410981290871,0.0008674962485280973,0.019407
22.73611283302307,3.1152344384336277,4.9053378521645525,-0.13519883396840257,0.5637086126767862,2.2199616545080856,14.106373342633567,0.0008837832396861677,0.019407
22.766406059265137,3.1157195122605037,4.91552463848492,-0.16963920545477063,0.6268876524611833,2.184498373871785,14.070910061997267,0.000881561417514772,0.019407
22.79243302345276,3.119438411680858,4.898870052158,-0.11874746694820588,0.5638212679135979,2.160690338810466,14.04710202693595,0.0008800698121357013,0.019407
22.820453882217407,3.123480693822112,4.910835482677925,-0.0016015091631443226,0.5967581621261647,1.5989340069982003,13.485345695123684,0.000844875023313348,0.019407
22.848567962646484,3.1141025995137253,4.904367682122413,-0.10872977221045042,0.5781473033900899,2.090214486685869,13.976626174811352,0.0008756544053264915,0.019407
22.87509298324585,3.119276720398732,4.908086667362877,-0.07937173323932914,0.5890780454599941,1.952208704645078,13.838620392770562,0.0008670081576918274,0.019407
22.901690006256104,3.1186299552729384,4.908895142443419,-0.07186458415346011,0.6019379005660735,1.9018875376533277,13.788299225778811,0.000863855468980949,0.019407
22.92872953414917,3.1149110558837307,4.909703617534059,-0.14160957771223787,0.6161481348625057,2.1258080666989434,14.012219754824427,0.0008778843909288795,0.01925
22.956669092178345,3.1157195122605037,4.910997177700093,-0.17412672607545535,0.6344286361608712,2.1841278274743687,14.070539515599853,0.0008815382022852011,0.01925
22.986046075820923,3.1160428948131083,4.903882597106792,-0.19036699104033322,0.6013916340307751,2.2948146234787417,14.181226311604226,0.000888472878745775,0.01925
23.013957500457764,3.1204085593793045,4.88140699536052,-0.11369169937047616,0.4334740366568135,2.7316155464194316,14.618027234544915,0.0009158390433437098,0.01925
23.04464030265808,3.1183065727116674,4.904367682122413,-0.10241029950944178,0.4638484155615307,2.485237372217415,14.371649060342898,0.0009004031197582953,0.01925
23.092424631118774,3.1095752439666704,4.906469717232084,-0.27060026608457244,0.4986521528608613,2.741158815808195,14.62757050393368,0.000916436941990849,0.01925
23.12284207344055,3.108928478905823,4.9084100573938825,-0.40137671957127374,0.5355147743445824,2.780680817302249,14.667092505427732,0.0009189130484762579,0.01925
23.149412393569946,3.109251861435706,4.91390768816824,-0.4863984985808003,0.5967352933119745,2.7294383240663227,14.615850012191807,0.00091570263743852,0.01925
23.17458724975586,3.1068264924879263,4.901942257080626,-0.5948267815899624,0.5625062895361259,2.850145488761072,14.736557176886556,0.0009232651034583894,0.01925
23.20280647277832,3.1115155391751603,4.904044292111595,-0.576161372365206,0.5520876584520575,2.857850795812036,14.74426248393752,0.0009237478512960422,0.01925
23.23100757598877,3.1095752439666704,4.918111759075739,-0.6022260170835955,0.6354196607524849,2.745817197022261,14.632228885147745,0.0009167287958317379,0.01909
23.258107662200928,3.111030465369388,4.914069383198088,-0.5911234450782971,0.6677103810174442,2.693538900226331,14.579950588351815,0.0009134534903095209,0.01909
23.284271478652954,3.115557820984608,4.908086667362877,-0.4920473026682205,0.6517721997991307,2.642093929404939,14.528505617530424,0.0009102303937790556,0.01909
23.311100482940674,3.1131324518786476,4.916979893804513,-0.47160704387370783,0.6979071687545821,2.552272272864029,14.438683960989515,0.0009046029463350138,0.01909
23.345123291015625,3.1120006129833664,4.900325307103199,-0.48012494804723677,0.6229099322148423,2.6793793139392448,14.565791002064731,0.0009125663732073814,0.01909
23.37267780303955,3.111838921713694,4.898223272192839,-0.4893483502797026,0.5568701958549789,2.8034579478316775,14.689869635957164,0.0009203400663015424,0.01909
23.40346097946167,3.1079583313226595,4.897738187223201,-0.5740655936705636,0.5075173795157188,2.9329427839960465,14.819354472121534,0.000928452465230452,0.01909
23.432733297348022,3.112647378064761,4.9046910721348445,-0.5388024556064932,0.5177620896981642,2.9011426125822437,14.78755430070773,0.0009264601417726767,0.01909
23.46785831451416,3.109251861435706,4.90792497234798,-0.582596513805448,0.5457667287520157,2.872873927051014,14.759285615176502,0.0009246890706494594,0.01909
23.497220039367676,3.109251861435706,4.902103952080587,-0.6132523545447311,0.5278699613715483,2.9140119309728303,14.800423619098318,0.0009272664218578216,0.018933
23.530226230621338,3.109898626498715,4.918435149156873,-0.6216679661344976,0.6205506073741246,2.7778858641622333,14.66429755228772,0.0009187379409074412,0.018933
23.55647325515747,3.105856344925831,4.902103952080587,-0.709080623615329,0.5802186764070284,2.8734821096313796,14.759893797756867,0.0009247271741051203,0.018933
23.58875298500061,3.1102220090318418,4.909541922515124,-0.6822260159873546,0.5999030108015362,2.8361440163744516,14.722555704499939,0.0009223878924045163,0.018933
23.62068796157837,3.1116772304442923,4.916494808694341,-0.6340799671432995,0.6584737346635541,2.731443694131314,14.617855382256801,0.000915828276567002,0.018933
23.64826464653015,3.104724506115672,4.90792497234798,-0.7405951079345041,0.6442648802277962,2.8039921773794334,14.690403865504921,0.0009203735365003658,0.018933
23.675467491149902,3.116204586089816,4.892887337726316,-0.5836339888887601,0.5374436509882088,2.8878349420548486,14.774246630180336,0.0009256263983373011,0.018933
23.702097415924072,3.1068264924879263,4.901780562081068,-0.6628916248055282,0.5199604728846805,2.9440831723788414,14.830494860504329,0.000929150425528054,0.018933
23.729872703552246,3.120085176812071,4.9074398873057135,-0.45098068219050264,0.5441805956273177,2.800098132692371,14.686509820817859,0.0009201295693696635,0.018774
23.768038034439087,3.1081200225858443,4.899840222117837,-0.5439473568279821,0.5121763300370856,2.9149532014410755,14.801364889566564,0.0009273253937171112,0.018774
23.796618223190308,3.123965767690454,4.893534117638284,-0.28945882294960257,0.4491483333982094,2.9305323334199205,14.816944021545408,0.0009283014472637835,0.018774
23.825642108917236,3.115557820984608,4.886581233922228,-0.2808820671781075,0.36023706183322896,-3.0170126244478177,15.152584370857257,0.0009493297660300046,0.018774
23.852611780166626,3.1134558344225907,4.89030021814288,-0.31726964031589755,0.3219575083531095,-2.905506019736688,15.264090975568386,0.0009563158046073452,0.018774
23.88715171813965,3.1247742241431173,4.898708357166105,-0.11448007273270917,0.34932850006250266,-2.6930901982760194,15.476506797029055,0.0009696239411702514,0.018774
23.917731046676636,3.1184682639921677,4.8983849671835245,-0.0997012913336307,0.36640486031599345,-2.80793613781488,15.361660857490193,0.0009624286887800643,0.018774
23.94632601737976,3.1129707606070816,4.890623608085172,-0.2002257052886613,0.3283583009745825,-2.791634121838502,15.377962873466572,0.000963450031980267,0.018774
23.973032236099243,3.121702089659081,4.8974147972454585,-0.09450584238795524,0.3454757191875007,-2.545025131986945,15.62457186331813,0.0009789004164761912,0.018774
24.00258207321167,3.1153961297089827,4.896929712281867,-0.14767585021600593,0.35433291108814946,-2.842223044657449,15.327373950647626,0.0009602805680071255,0.018774
24.029172897338867,3.115881203536671,4.90517615715652,-0.1751122473861419,0.41365796302146335,2.9949921800312365,14.881403868156726,0.0009323399432459965,0.018623
24.058273792266846,3.116851351199357,4.907116497279556,-0.17475250863877348,0.46768550449926594,2.667373614084641,14.55378530221013,0.0009118141999836563,0.018623
24.088430881500244,3.1166896599215654,4.903074122088828,-0.1777615609903578,0.47946310661365904,2.6150948580603868,14.501506546185876,0.0009085388656901678,0.018623
24.118751287460327,3.120085176812071,4.9084100573938825,-0.1113896375198953,0.5220824419715427,2.1442373102585375,14.030648998384027,0.0008790390077947781,0.018623
24.145320892333984,3.122510546092754,4.901133782086871,-0.016016246674360954,0.5050409584997885,1.4683221371732653,13.354733825298755,0.0008366920142116057,0.018623
24.173154592514038,3.127522976132934,4.896444627321904,0.15183208927872405,0.4629035777817018,0.3735768395208367,12.259988527646327,0.0007681047506896385,0.018623
24.202667951583862,3.1213787070875103,4.9127758229706195,0.1454128745373387,0.5386157852512792,0.7016576414698792,12.588069329595369,0.0007886594536584761,0.018623
24.23098850250244,3.1157195122605037,4.910027007573143,0.02678899049924229,0.5739059884492511,1.2823993883069238,13.168811076432412,0.0008250437042361534,0.018623
24.25956106185913,3.1145876733349165,4.911967347841591,-0.07907381426831937,0.6111091367490642,1.8065433251161531,13.692955013241642,0.0008578820259850261,0.018464
24.285385131835938,3.1166896599215654,4.909865312553399,-0.11078647493102799,0.6236096673428405,1.9208998741759151,13.807311562301404,0.0008650466174042761,0.018464
24.311527967453003,3.1210553245170236,4.911805652816997,-0.04494185965951966,0.6448600447884815,1.6421029473628828,13.52851463548837,0.0008475796154181107,0.018464
24.34205174446106,3.1238040764007353,4.907116497279556,0.05658415535306093,0.6295269617361672,1.2284542801386678,13.114865968264155,0.0008216639707423522,0.018464
24.36922788619995,3.114425982060915,4.917141588842045,-0.0614780682689217,0.6833771693799582,1.690191814988419,13.576603503113907,0.0008505924475749407,0.018464
24.396796226501465,3.1183065727116674,4.913745993138795,-0.06586075773835366,0.6991973026194032,1.6982579224740808,13.584669610599569,0.0008510978000445077,0.018464
24.42432451248169,3.117336425034356,4.899516832129612,-0.08849385742835465,0.6186046909520837,1.8405640399051104,13.726975728030599,0.0008600134694682177,0.018464
24.450925827026367,3.1221871635184706,4.9085717524099906,-0.00651093993690072,0.6205232181398618,1.4786417734126684,13.365053461538157,0.0008373385532848683,0.018464
24.477684259414673,3.1145876733349165,4.9130992130250615,-0.10238376557362844,0.6510328679080281,1.8590966146294996,13.745508302754988,0.0008611745601704002,0.018464
24.503331422805786,3.122510546092754,4.892078862845419,-0.009712136311995053,0.5369729079933591,1.4451435774244454,13.331555265549934,0.0008352398463064674,0.018464
24.530009269714355,3.1246125328520424,4.91503955338567,0.0975493103273986,0.6050476574604295,1.0281288232905168,12.914540511416005,0.0008091133117639888,0.018464
24.55465579032898,3.125582680602566,4.897576492234128,0.19219754151287197,0.5401999356822555,0.5738292036369825,12.46024089176247,0.0007806508303101528,0.018306
24.582265853881836,3.124450841561238,4.909865312553399,0.2356252150676507,0.5739732265960841,0.5890170283597291,12.475428716485217,0.0007816023679315687,0.018306
24.610191345214844,3.117174733755752,4.907601582319399,0.11928545404472554,0.5830311903411317,0.9019909001545983,12.788402588280086,0.0008012106014323809,0.018306
24.636791467666626,3.119438411680858,4.907116497279556,0.08349979470143547,0.5862467636230262,1.0414322005099548,12.927843888635442,0.0008099467862178534,0.018306
24.664467573165894,3.118144881431438,4.9082483623781785,0.03236287681698237,0.595789334749272,1.283442413538176,13.169854101663663,0.0008251090511680372,0.018306
24.691802978515625,3.119276720398732,4.91665650373066,0.019393121079879783,0.656635828688596,1.3977482718496799,13.284159959975167,0.0008322704667438133,0.018306
24.72001552581787,3.117013042477419,4.911158872722666,-0.03533788123235586,0.6638116890122012,1.6088362368189686,13.495247924944454,0.0008454954113137611,0.018306
24.746285915374756,3.1221871635184706,4.90792497234798,0.030698243400325308,0.6480014482718511,1.3473921606152517,13.233803848740738,0.0008291155887291888,0.018306
24.77494168281555,3.128493123912784,4.90097208708933,0.2040974514603277,0.5921425958981854,0.692732706542031,12.579144394667518,0.0007881002944959517,0.018147
24.802544593811035,3.1202468680955526,4.9046910721348445,0.15917254078506884,0.5769997411658813,0.7599264524894224,12.646338140614908,0.0007923100729441483,0.018147
24.827677965164185,3.120731941947622,4.917950064035778,0.13750771211359883,0.6518164513670752,0.9947395046025583,12.881151192728044,0.0008070214260947094,0.018147
24.856053829193115,3.1202468680955526,4.9059846322007195,0.11255972324233775,0.6271047766397237,1.0231714805526761,12.909583168678163,0.0008088027275820258,0.018147
24.888124465942383,3.1141025995137253,4.907763277333488,-0.02881690952661596,0.621264942490107,1.5937740425573064,13.480185730682793,0.0008445517446094976,0.018147
24.917635679244995,3.109736935232558,4.907763277333488,-0.21582402386191635,0.617177058585362,2.3037997238885546,14.19021141201404,0.0008890358073565676,0.018147
24.94358777999878,3.121863780945273,4.88981513323246,-0.10216379574507574,0.49869050557374023,2.2613895847138217,14.147801272839308,0.0008863787551656898,0.018147
24.975402116775513,3.121863780945273,4.899193442142999,-0.0226016360632873,0.4761665990510564,1.5462264356729238,13.43263812379841,0.0008415728231652025,0.018147
25.002989053726196,3.1228339286681215,4.9074398873057135,0.05265709369371175,0.5135248839437826,0.9550042195710036,12.84141590769649,0.0008045319571091619,0.018147
25.03550696372986,3.119115029116877,4.911967347841591,0.030338203336882252,0.5688423635952401,1.2496246756133027,13.13603636373879,0.0008229903244580491,0.018147
25.06518864631653,3.123319002533208,4.909218532478463,0.09949759033758554,0.5898562575418168,0.9808980137121132,12.8673097018376,0.0008061542380964823,0.01799
25.09095287322998,3.119115029116877,4.911482262769024,0.06312655098760585,0.6191493235634149,1.184036115883899,13.070447804009387,0.0008188811130827333,0.01799
25.122778177261353,3.114264290787185,4.897899882212677,-0.06015926071757632,0.5521544358714718,1.8154669140127737,13.701878602138262,0.0008584411008168858,0.01799
25.150277614593506,3.1187916465539804,4.9105120926348,-0.05515498384796539,0.5865080453635504,1.743363833945298,13.629775522070787,0.000853923745991121,0.01799
25.1796293258667,3.1197617942459224,4.901295477084815,-0.032086772682778694,0.5511805478886085,1.6280109458848449,13.514422634010334,0.0008466967325950479,0.01799
25.208592891693115,3.119600102963255,4.910835482677925,-0.01919989444022182,0.5879096581086759,1.5452329369353455,13.431644625060834,0.0008415105791346786,0.01799
25.235612630844116,3.1250976067260825,4.907601582319399,0.10069048888193721,0.5927866923999499,0.9795628722452128,12.8659745603707,0.0008060705896900213,0.01799
25.26207685470581,3.1228339286681215,4.901618867081914,0.13896158115536592,0.5576589348507144,0.7452012730714438,12.631612961196932,0.0007913875206725699,0.01799
25.28996467590332,3.119438411680858,4.9046910721348445,0.09727308367887777,0.5528611784326611,0.8768892585182386,12.763300946643728,0.00079963794986362,0.01784
25.31624698638916,3.1267145196571953,4.905661242181829,0.21483027140221794,0.5557527514086271,0.5550258351198898,12.44143752324538,0.0007794727740130873,0.01784
25.34414553642273,3.1254209893101335,4.892563947772749,0.27103334449524885,0.4734018270586028,0.21732017996597552,12.103731868091465,0.000758315061061436,0.01784
25.37052822113037,3.1291398891047835,4.911320567745643,0.38537550175590735,0.5365895550468858,0.30420919353725007,12.19062088166274,0.0007637587744838697,0.01784
25.396591424942017,3.1166896599215654,4.898870052158,0.21432804628594268,0.5006125997235915,0.3711884420000942,12.257600130125585,0.0007679551143765148,0.01784
25.422109842300415,3.1242891502707053,4.901780562081068,0.24785569867711454,0.49417873699945797,0.3066775154109644,12.193089203536456,0.0007639134181650736,0.01784
25.45020604133606,3.122510546092754,4.911482262769024,0.23545548866352803,0.5521750591837561,0.5096961077251766,12.396107795850668,0.0007766328056982043,0.01784
25.478238344192505,3.1265528283628625,4.908733447426503,0.3082970850831355,0.575064143036067,0.46731667275815414,12.353728360883645,0.0007739776771671857,0.01784
25.504780292510986,3.127522976132934,4.851331741856311,0.37885142150898354,0.221294832085509,-0.4428054056924943,11.443606282432997,0.0007169573063414654,0.01784
25.53497290611267,3.132050332522596,4.891917167870448,0.5195438146318271,0.23511461605118292,-0.3137158999197655,11.572695788205726,0.0007250449372902724,0.01784
25.564324855804443,3.131080184706872,4.911805652816997,0.5984632699650266,0.37291350888432306,-0.05889993596500477,11.827511752160486,0.0007410094997385854,0.017683
25.59284520149231,3.1267145196571953,4.8966063223081555,0.5656634018025192,0.3714560299899652,-0.06471010406940006,11.821701584056092,0.0007406454849017667,0.017683
25.6199688911438,3.123319002533208,4.9054995471729885,0.47422522926351646,0.42772748041412445,0.03815732724842318,11.924569015373915,0.0007470902676605993,0.017683
25.646995067596436,3.1223488548054767,4.909703617534059,0.3906532904079806,0.49420084075613757,0.2074302161754705,12.093841904300962,0.0007576954415442966,0.017683
25.67406678199768,3.1247742241431173,4.891593777921713,0.3810659787740145,0.42406548839557906,0.0375366241464259,11.923948312271918,0.0007470513797774388,0.017683
25.70058012008667,3.126391137068801,4.902103952080587,0.40696355835762854,0.44267909312205983,0.07948177363522826,11.96589346176072,0.0007496792997398502,0.017683
25.72812247276306,3.124127458980444,4.8951510674464,0.37943968740106027,0.41091693659807105,0.003967441030512843,11.890379129156004,0.0007449482253601276,0.017683
25.757150888442993,3.132373715130013,4.890138523172337,0.5264773407510778,0.3563917538506112,-0.09834337393086436,11.788068314194627,0.0007385383153637559,0.017683
25.784661054611206,3.1204085593793045,4.876232757210364,0.3880993328835265,0.2286407875627703,-0.4264899475086594,11.459921740616831,0.0007179794917140229,0.017683
25.812227964401245,3.1299483456008974,4.907116497279556,0.483626043162391,0.33817348167817124,-0.1427094527121323,11.743702235413359,0.0007357587209290208,0.017683
25.841718912124634,3.128654815210376,4.904852767141667,0.524407781167807,0.4002630282834812,-0.015971376002164955,11.870440312123327,0.0007436990316882579,0.017524
25.867860794067383,3.12881650650824,4.9046910721348445,0.5562158676511543,0.4426840438355922,0.06023348602651653,11.946645174152009,0.0007484733686640133,0.017524
25.894606590270996,3.1309184934052032,4.886096149039574,0.6208728371222729,0.3525870588124037,-0.0895304682665551,11.796881219858937,0.0007390904557424252,0.017524
25.92073917388916,3.13560754126403,4.904852767141667,0.7606979467109865,0.4103525322774458,0.002160897407530745,11.888572585533023,0.0007448350429753309,0.017524
25.949297666549683,3.124127458980444,4.897091407269328,0.6270537592484048,0.4007883471979818,-0.012567856367896325,11.873843831757595,0.0007439122667654565,0.017524
25.978867292404175,3.1276846674288965,4.891917167870448,0.6052419632658783,0.36076007662992915,-0.07883939525488592,11.807572292870606,0.0007397602658284392,0.017524
26.005576848983765,3.126391137068801,4.847289370129317,0.5638867475019242,0.04524033099512724,-0.5722509755058278,11.314160712619664,0.0007088473675021967,0.017524
26.032971143722534,3.1257443718952698,4.891593777921713,0.5218946173105088,0.10979313156287564,-0.5196968136214799,11.366714874504012,0.000712139956342786,0.017524
26.059762954711914,3.1301100369009354,4.893695812617283,0.5805436121846688,0.1685217613586235,-0.3913659163419021,11.495045771783591,0.0007201800594504218,0.017524
26.087870836257935,3.12881650650824,4.90097208708933,0.5955109493629664,0.25650681505892603,-0.24845530554989814,11.637956382575595,0.0007291336011952418,0.017524
26.113869190216064,3.1268762109518,4.886257844000056,0.5668576471948809,0.22330466544181046,-0.31481197322692034,11.571599714898573,0.0007249762668251713,0.017366
26.140735626220703,3.1250976067260825,4.901780562081068,0.510930768026506,0.3000631830021979,-0.20681929266842095,11.679592395457073,0.0007317421533339261,0.017366
26.166757106781006,3.131726949916267,4.901618867081914,0.6054776172212112,0.35275247827226897,-0.08851181308868221,11.797899875036812,0.0007391542758577276,0.017366
26.196230173110962,3.1228339286681215,4.887874793627005,0.4923125709928786,0.30109329756444353,-0.21278294785126012,11.673628740274234,0.0007313685223254563,0.017366
26.223082780838013,3.128169741318414,4.889653438263125,0.5207057410434649,0.27639020602898556,-0.24715590270742058,11.639255785418072,0.0007292150105288733,0.017366
26.24995517730713,3.123157311244574,4.896121237350611,0.43949399703877107,0.30076471718177183,-0.23864376651304012,11.647767921612452,0.0007297483072962134,0.017366
26.27585768699646,3.1247742241431173,4.886096149039574,0.4152544734155529,0.2532435301547333,-0.35899744247519855,11.527414245650293,0.0007222079878202993,0.017366
26.30650568008423,3.128654815210376,4.89143208294795,0.4765476823450322,0.2543537041159802,-0.3128138519530219,11.57359783617247,0.0007251014518071533,0.017366
26.333258152008057,3.127361284837243,4.891108693001631,0.493365969756586,0.25304749217934575,-0.3050168305916526,11.581394857533839,0.0007255899456695571,0.017366
26.360944509506226,3.128654815210376,4.90097208708933,0.5312257297837554,0.315674826633445,-0.1692967283497422,11.71711495977575,0.0007340929923943577,0.017366
26.387341260910034,3.1236423851112884,4.8951510674464,0.45664059825355047,0.3220139500560482,-0.18333982313057967,11.70307186499491,0.000733213173641573,0.017214
26.418516159057617,3.1228339286681215,4.887228013771398,0.38812665771550414,0.27540966063266964,-0.3317012852316984,11.554710402893793,0.0007239181287398461,0.017214
26.444183588027954,3.1291398891047835,4.88140699536052,0.46734082101005625,0.20528665527813966,-0.4139344132221745,11.472477274903317,0.0007187661128035246,0.017214
26.471346616744995,3.1260677544814923,4.894665982499736,0.46083420833356725,0.2416172293679713,-0.34903796814100196,11.53737371998449,0.0007228319622663779,0.017214
26.498281717300415,3.1246125328520424,4.890623608085172,0.42693175157928326,0.2410069593109728,-0.3766881122296508,11.50972357589584,0.0007210996435954547,0.017214
26.526460886001587,3.1250976067260825,4.885611064160541,0.4129826410955878,0.20828809934149514,-0.457632026663046,11.428779661462446,0.000716028398620347,0.017214
26.553421020507812,3.123965767690454,4.887228013771398,0.38039217559689936,0.19580156513248248,-0.5192212689936948,11.367190419131797,0.0007121697498525386,0.017214
26.5865535736084,3.1301100369009354,4.877526316709342,0.4814919029851242,0.12456098845364184,-0.5409286489196597,11.345483039205831,0.0007108097533396088,0.017214
26.61302876472473,3.121702089659081,4.887874793627005,0.3826964834036797,0.14135925469139501,-0.6229021899823355,11.263509498143156,0.0007056740008730295,0.017056
26.639846086502075,3.120731941947622,4.88059852062244,0.2939744719466264,0.10624303766831006,-0.8244214568172958,11.061990231308195,0.0006930485480952901,0.017056
26.670685291290283,3.1205702506633277,4.887713098662499,0.2286081943207973,0.1274950223426776,-0.9227201239710565,10.963691564154434,0.0006868900045487767,0.017056
26.70490074157715,3.123157311244574,4.835970730621043,0.23502571433293953,-0.19096183135224942,-1.2254900004519689,10.660921687673522,0.0006679210650619018,0.017056
26.73375630378723,3.1215403983731598,4.877526316709342,0.20690928170849734,-0.14617338908565716,-1.2451453076116494,10.64126638051384,0.0006666896336644277,0.017056
26.7602276802063,3.1254209893101335,4.892078862845419,0.26548865170961755,-0.02107147190220537,-1.0462141764529362,10.840197511672553,0.0006791529362652831,0.017056
26.789124965667725,3.1199234855288616,4.88415580954516,0.1956246417860753,0.015458196721168303,-1.1472983153324052,10.739113372793085,0.000672819879173296,0.017056
26.814770698547363,3.125582680602566,4.839042932580029,0.2608502735339546,-0.2495959553526166,-1.2193234491056681,10.667088239019822,0.0006683074077875727,0.017056
26.843201160430908,3.1197617942459224,4.884479199456874,0.1891169074845683,-0.14242560820756978,-1.2735869530023247,10.612824735123166,0.000664907726373671,0.017056
26.86962866783142,3.1254209893101335,4.886257844000056,0.2530339897528553,-0.055948030844728984,-1.1011683264966468,10.785243361628844,0.0006757099849424903,0.016897
26.897557020187378,3.1160428948131083,4.883023944866825,0.10864551003949316,-0.016247061659959178,-1.3700399285411566,10.516371759584334,0.0006588648178862394,0.016897
26.924827098846436,3.1268762109518,4.876071062274798,0.2260518396684316,-0.033248049907180825,-1.1300517071378582,10.756359980987632,0.0006739004023448832,0.016897
26.952189445495605,3.1250976067260825,4.896929712281867,0.27236670275800057,0.08922627272186474,-0.8858572550736065,11.000554433051883,0.0006891995128048677,0.016897
26.978087425231934,3.1205702506633277,4.883509029726556,0.21348275588877713,0.08849995101598528,-1.0160162339927739,10.870395454132716,0.0006810448779267616,0.016897
27.003344774246216,3.1205702506633277,4.878496486350443,0.17226399308032075,0.05569985842593439,-1.1601834318808297,10.72622825624466,0.00067201260931234,0.016897
27.031194925308228,3.1228339286681215,4.892887337726316,0.18906303409424635,0.1254481357269036,-1.0198643922862138,10.866547295839275,0.0006808037856402613,0.016897
27.058172464370728,3.1205702506633277,4.885611064160541,0.15517018782414022,0.12739692283265056,-1.1159028005870222,10.770508887538467,0.0006747868503472001,0.016897
27.086891412734985,3.1213787070875103,4.850684962363211,0.1477495435191151,-0.09623888690197091,-1.3278690739168024,10.558542614208687,0.0006615068785785935,0.016897
27.113763570785522,3.1212170158021313,4.885772759119816,0.139294222877841,-0.026742326242260667,-1.3079998069984786,10.57841188112701,0.0006627517148423689,0.016897
27.140465259552002,3.1247742241431173,4.89450428751832,0.2051146315028899,0.07815527539574951,-1.0493797217145953,10.837031966410894,0.0006789546106022109,0.016738
27.173617362976074,3.116851351199357,4.890138523172337,0.09140630658354879,0.1234585910089919,-1.335493505437367,10.550918182688122,0.0006610291977015644,0.016738
27.199723958969116,3.119115029116877,4.8985466621746125,0.05746265235976818,0.20933759094877452,-1.4085537657937708,10.477857922331719,0.000656451874244872,0.016738
27.226444721221924,3.117174733755752,4.883509029726556,-0.0054283398508041735,0.17257787377482212,-1.7307981062015179,10.155613581923973,0.0006362628334319963,0.016738
27.255451679229736,3.117013042477419,4.881568690309342,-0.05271290388384359,0.13434607117559416,-1.8859119876176509,10.00049970050784,0.000626544740389334,0.016738
27.285611391067505,3.117498116313231,4.885449369201668,-0.07602949023360259,0.13258381088402685,-1.965499981185872,9.920911706939618,0.0006215584456779029,0.016738
27.31422209739685,3.1220254722317367,4.889006658389811,-0.001046752555646786,0.15426689805820665,-1.698503578106546,10.187908110018945,0.0006382861289999401,0.016738
27.34147882461548,3.1215403983731598,4.895636152396692,0.04165855488648392,0.2121534008161258,-1.492516573323647,10.393895114801843,0.0006511914915618452,0.016738
27.36800527572632,3.1183065727116674,4.895474457412859,0.0063348784704272895,0.2516322858231643,-1.7373619238631435,10.149049764262347,0.0006358516014380033,0.016738
27.39535355567932,3.123319002533208,4.836779204806824,0.08269526293107603,-0.09885741702298768,-1.458100281364813,10.428311406760677,0.0006533477184861274,0.016738
27.42168402671814,3.1205702506633277,4.894665982499736,0.08071274800991803,0.02871637875717073,-1.4233528829985849,10.463058805126906,0.0006555246896716241,0.016582
27.453110456466675,3.1189533378352934,4.8820537751582185,0.04671629180703548,0.03676802477264665,-1.5177751063502574,10.368636581775233,0.0006496090105367251,0.016582
27.482356548309326,3.1280080500216365,4.897091407269328,0.20552747575573102,0.1392791919446243,-0.9361901076336023,10.950221580491888,0.0006860460919774409,0.016582
27.51357388496399,3.1166896599215654,4.892563947772749,0.08843442808581924,0.18187033543379702,-1.2776953192677476,10.608716368857742,0.000664650331708176,0.016582
27.542274475097656,3.119115029116877,4.888359878522936,0.05538233741136645,0.18460079799003393,-1.435744756432418,10.450666931693071,0.0006547483221543944,0.016582
27.569365739822388,3.1187916465539804,4.890946998029076,0.02572413484229455,0.2031787910403377,-1.5897195290395054,10.296692159085984,0.0006451015958088384,0.016582
27.601052284240723,3.1205702506633277,4.833383613293489,0.040832958347785914,-0.15464984848999794,-1.5486543202676963,10.337757367857794,0.0006476743863032635,0.016582
27.627794981002808,3.124127458980444,4.886742928883916,0.12314826739418237,-0.06137999870766147,-1.3593922115982529,10.527019476527236,0.0006595319116563028,0.016582
27.654906749725342,3.1247742241431173,4.862650384021394,0.19381246266432886,-0.1512994256731813,-1.2683718358775005,10.618039852247989,0.000665234460467259,0.016423
27.68217635154724,3.1197617942459224,4.882700554962349,0.14219043987583624,-0.08507637147981963,-1.3307970962558302,10.55561459186966,0.0006613234340457002,0.016423
27.713680028915405,3.1157195122605037,4.883509029726556,0.02453328623617861,-0.0335118999251976,-1.5837158099761326,10.302695878149358,0.0006454777368732435,0.016423
27.74040985107422,3.119115029116877,4.891108693001631,0.01065153811661204,0.05154156935053465,-1.6301946092194723,10.256217078906019,0.0006425657776634406,0.016423
27.768706798553467,3.114425982060915,4.876232757210364,-0.09363090033445683,0.015245658412710963,-1.9031369155245268,9.983274772600964,0.0006254655755168935,0.016423
27.799253702163696,3.1210553245170236,4.890461913113825,-0.03293295744189895,0.0815051927992189,-1.7825021048170457,10.103909583308445,0.000633023508462264,0.016423
27.826806783676147,3.116851351199357,4.88415580954516,-0.07522700567779146,0.08726186201215194,-1.9235151963917994,9.96289649173369,0.0006241888488454335,0.016423
27.86016845703125,3.117013042477419,4.888844963422488,-0.1015719699627317,0.12149986703074614,-2.0536963866455102,9.832715301479979,0.0006160328223973806,0.016423
27.889645099639893,3.112647378064761,4.891755472895879,-0.20805691901100187,0.16421647364903386,-2.4256265353697772,9.460785152755712,0.0005927308989481376,0.016423
27.920732975006104,3.1163662773667955,4.88981513323246,-0.20759638718397075,0.1816180961182991,-2.4681164947104897,9.418295193414998,0.0005900688459166347,0.016423
27.9471652507782,3.119600102963255,4.881083605464083,-0.14205662459106222,0.1375492267299378,-2.2031691122384074,9.68324257588708,0.00060666815534508,0.016267
27.973973512649536,3.116851351199357,4.875909367339634,-0.1516135726822147,0.07336768535577769,-2.115652952640249,9.770758735485238,0.0006121511603085734,0.016267
28.00018620491028,3.1153961297089827,4.887551403698397,-0.18765126142199653,0.1034406089275041,-2.252060837049669,9.63435085107582,0.0006036050231070476,0.016267
28.026432037353516,3.112647378064761,4.878981571176415,-0.2683124230324932,0.06928331892584468,-2.350197763447347,9.53621392467814,0.000597456612836177,0.016267
28.054917097091675,3.110868774101338,4.871866994090996,-0.3606447985207836,-0.00046011451587013585,-2.3814093546155206,9.505002333509967,0.0005955011647214585,0.016267
28.080303192138672,3.1184682639921677,4.886581233922228,-0.27201659938528583,0.04551114829338663,-2.317967395908592,9.568444292216896,0.0005994758886590838,0.016267
28.108760833740234,3.1153961297089827,4.893049032703704,-0.2719333801141373,0.11935770551610195,-2.448212359275064,9.438199328850423,0.000591315866739847,0.016267
28.134039640426636,3.120085176812071,4.875262587602994,-0.1773099109065529,0.056466954092071836,-2.1487752630775554,9.737636425047931,0.0006100760030648825,0.016267
28.162901878356934,3.114425982060915,4.888683268455569,-0.22520391465067827,0.09890176467215113,-2.3233569016768256,9.56305478644866,0.0005991382288827214,0.016267
28.190206050872803,3.1115155391751603,4.891755472895879,-0.3174253655077072,0.14839780199802688,-2.5767480609777405,9.309663627147746,0.0005832629323599805,0.01611
28.217519998550415,3.1115155391751603,4.885934454079494,-0.3819803811076185,0.1455450227556269,-2.6467095759021904,9.239702112223295,0.0005788797494672938,0.01611
28.244765996932983,3.1152344384336277,4.871220214394487,-0.3521688967453616,0.04875641200949423,-2.4420893088821143,9.44432237924337,0.0005916994840723534,0.01611
28.2706196308136,3.1205702506633277,4.8820537751582185,-0.22369216376355847,0.05079604804927501,-2.2360307683036127,9.650380919821872,0.0006046093284479507,0.01611
28.298491954803467,3.117174733755752,4.886419538960941,-0.20223671113712088,0.08034879531072359,-2.239817079751993,9.646594608373492,0.0006043721109493753,0.01611
28.32985782623291,3.1152344384336277,4.8873897087346965,-0.22634832776602518,0.10728571910215738,-2.34053288094725,9.545878807178235,0.0005980621307081097,0.01611
28.35661506652832,3.115557820984608,4.82643073598084,-0.2367047205496272,-0.26656663151262955,-1.9585876344829158,9.92782405364257,0.000621991513484531,0.01611
28.38368272781372,3.1178214988717925,4.881730385258566,-0.1983020228901342,-0.17201341582505938,-1.958941965177163,9.927469722948324,0.0006219693141905468,0.01611
28.41374135017395,3.116527968644045,4.886096149039574,-0.1975070904355356,-0.07770116295004478,-2.0307589702339275,9.855652717891559,0.0006174698823485014,0.01611
28.4408438205719,3.1141025995137253,4.878981571176415,-0.24586367910113327,-0.05751592138844908,-2.1371600271232376,9.749251661002248,0.000610803713200726,0.01611
28.47107458114624,3.1183065727116674,4.883994114589905,-0.19493068532092267,-0.011094584658615925,-2.0946529155426576,9.791758772582828,0.0006134668408430979,0.015952
28.49762225151062,3.116851351199357,4.883347334772911,-0.18862541519310805,0.017233684120620246,-2.116604791520814,9.76980689660467,0.0006120915263240548,0.015952
28.526302576065063,3.1213787070875103,4.872352078867589,-0.09290737859295571,-0.033769859235798755,-1.845737127754845,10.04067456037064,0.000629061749328561,0.015952
28.558629751205444,3.1189533378352934,4.882215470108648,-0.0748177968149612,-0.0059306751141201455,-1.8192731289889648,10.06713855913652,0.0006307197544016065,0.015952
28.58825397491455,3.109736935232558,4.877526316709342,-0.24802464496375204,-0.016651579718962844,-2.1904512688874163,9.69596041923807,0.0006074649453155104,0.015952
28.622354745864868,3.108605096377021,4.886419538960941,-0.39209552319607077,0.03313545587295519,-2.4760965505231343,9.410315137602351,0.0005895688846999792,0.015952
28.648486137390137,3.1100603177651434,4.887066318808501,-0.4635973149448548,0.0721530479158796,-2.611348479131785,9.2750632089937,0.0005810951696822227,0.015952
28.675588607788086,3.1147493646091884,4.831604970189951,-0.41908335867540397,-0.25782619376401145,-2.1883749153762855,9.6980367727492,0.0006075950316522484,0.015952
28.706088066101074,3.123480693822112,4.856991062693797,-0.21183663337219494,-0.3252700845222789,-1.8922581012224122,9.994153586903073,0.0006261471478469555,0.015793
28.736289739608765,3.1115155391751603,4.865884282143126,-0.3080682686127868,-0.3151891572904323,-2.0205812749222307,9.865830413203254,0.0006181075286319671,0.015793
28.764631032943726,3.113617525694969,4.886904623846008,-0.3330391119545963,-0.1727158480845322,-2.1560514944447298,9.730360193680754,0.0006096201373952171,0.015793
28.792733907699585,3.1183065727116674,4.888359878522936,-0.2559534883183348,-0.06360953047278319,-2.147925773207516,9.738485914917968,0.0006101292247464009,0.015793
28.818800449371338,3.1166896599215654,4.884640894413334,-0.23460224676602687,-0.011193444044531162,-2.172599247228509,9.713812440896975,0.0006085833984539207,0.015793
28.845043659210205,3.121702089659081,4.874939197737082,-0.1185694214221022,-0.037002183791861334,-1.8961852461821873,9.990226441943296,0.0006259011069397026,0.015793
28.872177362442017,3.1184682639921677,4.891593777921713,-0.10256383541619984,0.05222337121198172,-1.938761294393988,9.947650393731495,0.0006232336603247787,0.015793
28.898147583007812,3.112323995523523,4.891108693001631,-0.21527296348859445,0.11155625914654682,-2.339761618005666,9.546650070119817,0.0005981104513674744,0.015793
28.926263093948364,3.1183065727116674,4.874292418010077,-0.1735171843921216,0.04475594208996356,-2.120071851678583,9.7663398364469,0.0006118743103477018,0.015793
28.952810287475586,3.1131324518786476,4.888683268455569,-0.24863596108043562,0.0907040562706696,-2.3664298150275496,9.519981873097933,0.000596439652999381,0.015793
28.980278968811035,3.111030465369388,4.89240225279657,-0.34361040587608216,0.14682607358783814,-2.6338434067640546,9.252568281361429,0.000579685832247542,0.015793
29.0073561668396,3.1223488548054767,4.877041231894213,-0.18183165418972053,0.08715314448039922,-2.210237019860216,9.676174668265267,0.0006062253414379128,0.015635
29.035425662994385,3.123480693822112,4.870735129626318,-0.04576044023222248,0.004757097627352843,-1.7279675892262099,10.158444098899274,0.0006364401691228686,0.015635
29.06156897544861,3.114425982060915,4.889330048325663,-0.13311928517862903,0.06687153242058212,-2.04452018734238,9.841891500783102,0.0006166077236105515,0.015635
29.09347891807556,3.1149110558837307,4.884479199456874,-0.18448786842986806,0.07910163323368077,-2.203286659716149,9.683125028409334,0.000606660790837692,0.015635
29.12069082260132,3.1113538479062997,4.886257844000056,-0.2921850024477401,0.09912103816413305,-2.4631033369408657,9.423308351184618,0.0005903829269853175,0.015635
29.150009155273438,3.1189533378352934,4.880113435784414,-0.21431213351331327,0.07355128605972523,-2.2628344720658164,9.623577216059667,0.0006029300404005434,0.015635
29.17823362350464,3.1176598075923763,4.878334791409255,-0.1858880814722,0.04419412630777582,-2.1471438530698235,9.73926783505566,0.0006101782130934183,0.015635
29.205833435058594,3.1150727471585444,4.8739690281489825,-0.2181651564206968,-0.004480884057640637,-2.1484545082250928,9.737957179900391,0.0006100960987872746,0.015635
29.23454475402832,3.114425982060915,4.878011401528084,-0.2538025865105581,-0.012511726064172682,-2.2069462740538306,9.679465414071654,0.0006064315110833003,0.015479
29.266647577285767,3.119276720398732,4.832736833977536,-0.18092270324939258,-0.3097998741670386,-1.849917182755298,10.036494505370186,0.0006287998632675136,0.015479
29.296574592590332,3.125906063188245,4.878981571176415,0.003788871565510085,-0.21998501924032565,-1.571451061990812,10.314960626134672,0.0006462461398103497,0.015479
29.332335710525513,3.119276720398732,4.9014571720831634,-0.0006086825961687304,-0.01232293031709427,-1.5845087861813063,10.301902901944178,0.0006454280558487458,0.015479
29.35948085784912,3.116204586089816,4.894827677481554,-0.06564349115193718,0.09033218636183729,-1.8495652198849766,10.036846468240508,0.0006288219142141479,0.015479
29.39136242866516,3.1160428948131083,4.895959542365568,-0.11442872659386455,0.16948243648347386,-2.1957091034168648,9.690702584708621,0.0006071355349191384,0.015479
29.417880058288574,3.113617525694969,4.902265647080952,-0.19749143254135668,0.26551262381358903,-2.8165548694017852,9.0698568187237,0.0005682387136681877,0.015479
29.45772433280945,3.1178214988717925,4.888683268455569,-0.1708527212843508,0.24523373347721125,-2.6740182694186805,9.212393418706805,0.0005771688231334034,0.015479
29.484970808029175,3.113617525694969,4.892563947772749,-0.23698822882470602,0.2560385145066174,-2.8311974550354364,9.055214233090048,0.0005673213360081493,0.01532
29.516551971435547,3.1197617942459224,4.900648697095458,-0.15937004416647624,0.3156852082466961,-3.035854564848749,8.850557123276735,0.0005544992931526007,0.01532
29.542699098587036,3.1178214988717925,4.899355137136104,-0.14416774942193747,0.3491045579053679,3.0308968130126255,8.634123193958523,0.0005409394167347016,0.01532
29.57272243499756,3.115557820984608,4.903720902102393,-0.17917831570875983,0.40062311219592395,2.7835739054542494,8.386800286400147,0.0005254443043354054,0.01532
29.6015408039093,3.1129707606070816,4.903397512094803,-0.25585962235125764,0.4346027660951201,2.7656699566673693,8.368896337613267,0.0005243225978926713,0.01532
29.637805938720703,3.1150727471585444,4.90792497234798,-0.26714523503603715,0.4875552022298982,2.6193604944836215,8.222586875429519,0.0005151561135423179,0.01532
29.665122509002686,3.1186299552729384,4.897091407269328,-0.20330603541115572,0.4548302161646889,2.6046835936670334,8.207909974612932,0.0005142365859899714,0.01532
29.69540524482727,3.1131324518786476,4.848582929054789,-0.26948815679375654,0.11942275796839265,-2.469877015801758,9.416534672323726,0.0005899585469052737,0.01532
29.724594831466675,3.1131324518786476,4.894989372463775,-0.31581564176157706,0.18359583507480365,-2.698325784991995,9.188085903133489,0.0005756459246292797,0.01532
29.760705709457397,3.1115155391751603,4.911482262769024,-0.3808535744853334,0.3347670278365019,3.1370161174707847,8.740242498416682,0.000547587933714174,0.01532
29.78861403465271,3.112485686794007,4.906954802267081,-0.40681491150964455,0.4114201827617639,2.9503987810871743,8.553625162033072,0.0005358961068976919,0.015164
29.81756567955017,3.1208936332321873,4.892240557820792,-0.25542263488134853,0.37028569525997884,2.9958791128282987,8.599105493774196,0.0005387455107771917,0.015164
29.84440541267395,3.117174733755752,4.895636152396692,-0.22444804091957693,0.3633665588573587,3.006394045236891,8.609620426182788,0.0005394042854178047,0.015164
29.870834350585938,3.1160428948131083,4.901780562081068,-0.22559191143122131,0.39810650839309314,2.8576642125692526,8.460890593515149,0.0005300861616052353,0.015164
29.896981716156006,3.1186299552729384,4.890785303056923,-0.1742187088877966,0.3515911214742312,3.0354153233638783,8.638641704309775,0.00054122250747814,0.015164
29.92608118057251,3.120085176812071,4.870735129626318,-0.10890964104811438,0.18986368152304858,-2.1999577555783554,9.686453932547128,0.0006068693511538019,0.015164
29.95486330986023,3.122672237380302,4.884317504500816,-0.011019379472619375,0.16415447086081733,-1.6088497972129667,10.277561890912516,0.0006439030588091607,0.015164
29.98323106765747,3.119276720398732,4.904205987116802,-0.010974458322859352,0.27428305244053386,-1.6792468050857015,10.20716488303978,0.0006394925916982454,0.015164
30.012600421905518,3.119438411680858,4.90097208708933,-0.007682143955900824,0.3305397188162614,0.0,10.20716488303978,0.0006394925916982454,0.015164
30.039690494537354,3.117498116313231,4.900325307103199,-0.044507958284069525,0.3657527172580101,2.450322464180034,8.05354884512593,0.0005045656538668769,0.015005
30.06616473197937,3.119276720398732,4.86879479058974,-0.034416463490868486,0.1872768004463645,-1.772252825349919,10.114158862775563,0.0006336656395892292,0.015005
30.09407877922058,3.1250976067260825,4.902589037082892,0.09003889054650246,0.28005201265541113,-0.5055049578416488,11.380906730283833,0.0007130290951719945,0.015005
30.12355136871338,3.126391137068801,4.902427342081721,0.2032445965983761,0.3439529941665437,0.05547690325666673,11.941888591382149,0.0007481753623637351,0.015005
30.15078377723694,3.1183065727116674,4.9053378521645525,0.11944510766874286,0.4074336882557479,0.5454106644572836,12.431822352582767,0.000778870370654553,0.015005
30.179380416870117,3.1160428948131083,4.903882597106792,0.015133292580599544,0.4424951704971907,1.3993066665726936,13.285718354698176,0.0008323681022666766,0.015005
30.205514669418335,3.117174733755752,4.886419538960941,-0.035058891696183404,0.35453818102425694,0.0,13.285718354698176,0.0008323681022666766,0.015005
30.232463836669922,3.115881203536671,4.900487002099127,-0.09628037642227806,0.3835933078050199,2.6391676717324652,14.525579359857947,0.0009100470598048921,0.015005
30.262644290924072,3.1128090693357864,4.896444627321904,-0.2010919341944235,0.37789022229536384,2.9172885115260883,14.80370019965157,0.0009274717040310712,0.015005
30.2902090549469,3.116204586089816,4.894180897556696,-0.20598176727073048,0.35931472556401567,3.011915050910346,14.898326739035827,0.0009334001838398791,0.015005
30.316650867462158,3.1215403983731598,4.894989372463775,-0.10179595541408958,0.35152021239172454,2.9536445534751143,14.840056241600596,0.0009297494588979985,0.014849
30.348032474517822,3.119276720398732,4.902912427086446,-0.07451806148187655,0.39710573509537167,2.396955644200309,14.28336733232579,0.0008948721509049296,0.014849
30.37502384185791,3.116851351199357,4.887551403698397,-0.10433657850577878,0.33005724374520845,-3.1093082116070567,15.060288783698011,0.0009435473235093739,0.014849
30.401435136795044,3.119276720398732,4.902103952080587,-0.07629649764606795,0.37687332186680617,2.5897600485098273,14.47617173663531,0.000906951605838356,0.014849
30.43180251121521,3.119438411680858,4.9067931072550115,-0.05340757148212296,0.43985292147757793,1.9928346649924988,13.879246353117981,0.0008695534286824009,0.014849
30.458553314208984,3.1186299552729384,4.910673787656161,-0.05368967092342773,0.5089386524530908,1.838006905041561,13.724418593167044,0.0008598532615338937,0.014849
30.48711895942688,3.1213787070875103,4.89143208294795,0.0015476423958294776,0.43334028972481897,1.4973170607791007,13.383728748904584,0.0008385085851257872,0.014849
30.516404151916504,3.1215403983731598,4.89143208294795,0.04347463135251731,0.38042143581502874,0.7549336211950469,12.641345309320531,0.000791997265356445,0.014849
30.541988849639893,3.11798319015148,4.9085717524099906,0.001084392954303798,0.4537949395439347,1.5144730767721346,13.400884764897619,0.0008395834325742527,0.014697
30.570231676101685,3.1082817138493,4.9054995471729885,-0.22424093504100687,0.4853647171019031,2.5372969120173776,14.423708600142861,0.000903664719860848,0.014697
30.600762367248535,3.1213787070875103,4.89450428751832,-0.11783824248646099,0.4366302057366737,2.4023123537239943,14.288724041849477,0.0008952077559525143,0.014697
30.62720274925232,3.121863780945273,4.891108693001631,-0.03357374878224504,0.38064104331383886,2.108734854734389,13.995146542859871,0.0008768147312640327,0.014697
30.65510320663452,3.1215403983731598,4.895959542365568,0.018889657527877086,0.37269863634986733,0.0,13.995146542859871,0.0008768147312640327,0.014697
30.683324575424194,3.122510546092754,4.9072781922924325,0.07517925985905284,0.44005564293975635,0.910575411692842,12.796987099818324,0.000801748432612239,0.014697
30.71049928665161,3.117013042477419,4.899193442142999,0.0037124159130384137,0.4351221952072792,1.4723275683949528,13.358739256520435,0.0008369429598583326,0.014697
30.736798524856567,3.121702089659081,4.896444627321904,0.04825084245323156,0.4139604434769472,0.9646487063653034,12.851060394490785,0.0008051361971627279,0.014697
30.764444828033447,3.121863780945273,4.897253102257191,0.08268861067552481,0.40435555198709744,0.6588555100698796,12.545267198195361,0.0007859778426281027,0.014697
30.79186725616455,3.1221871635184706,4.902265647080952,0.11331678773584476,0.4299238046661312,0.66850841615364,12.554920104279121,0.0007865826101614635,0.014697
30.820484399795532,3.118144881431438,4.889976828202197,0.053234771941080825,0.3686548946629596,0.5067061211201312,12.393117809245613,0.0007764454790208046,0.01454
30.854881048202515,3.128654815210376,4.884317504500816,0.22313389131292566,0.2893083200587684,-0.2017259292036585,11.684685758921823,0.000732061259397153,0.01454
30.883625507354736,3.131080184706872,4.9014571720831634,0.3909763236417777,0.3441824071922754,0.020737248814817175,11.907148936940299,0.0007459988763455035,0.01454
30.90951442718506,3.1262294457750106,4.888521573489052,0.4106399299676755,0.29926091503034663,-0.08828954119997583,11.798122146925506,0.0007391682014901428,0.01454
30.939162015914917,3.1236423851112884,4.885611064160541,0.3722305383823184,0.24906586834506447,-0.22720532648749353,11.659206361637988,0.0007304649409296202,0.01454
30.96929407119751,3.1210553245170236,4.90097208708933,0.29317004965981386,0.31288768994944427,-0.07709110659599257,11.809320581529489,0.0007398697984614786,0.01454
31.000000953674316,3.120085176812071,4.840013101649611,0.21826248993523084,-0.03514531392079982,-1.0347042081422488,10.851707479983233,0.0006798740512418415,0.01454
31.029531002044678,3.123157311244574,4.892078862845419,0.227783721263052,0.05664818071319476,-0.8814097139298197,11.005001974195661,0.0006894781572321214,0.01454
31.056015014648438,3.1247742241431173,4.874939197737082,0.26705728037253756,0.010486953538550626,-0.8791664129689591,11.00724527515652,0.0006896187030508535,0.014382
31.088920831680298,3.125906063188245,4.867662926178401,0.3173748601008791,-0.06870089955858831,-0.9020773564627685,10.984334331662712,0.0006881833016635933,0.014382
31.117457389831543,3.1202468680955526,4.884479199456874,0.23846672683345185,-0.015799069151748064,-0.9710465964539052,10.915365091671575,0.0006838622861284494,0.014382
31.144211292266846,3.1163662773667955,4.893857507596684,0.10497016490715283,0.0816488877533419,-1.175766845066987,10.710644843058493,0.0006710362875422778,0.014382
31.170801162719727,3.1153961297089827,4.899678527123523,-0.0080426451094273,0.18736246753427102,-1.631235708857554,10.255175979267925,0.0006425005513725547,0.014382
31.197714805603027,3.115557820984608,4.891755472895879,-0.0838907426900087,0.2103202940015051,-2.1802674208680637,9.706144267257415,0.0006081029770743755,0.014382
31.228788137435913,3.115557820984608,4.897576492234128,-0.13698441099641268,0.26389078126101606,-2.686269256257586,9.200142431867892,0.0005764012823506053,0.014382
31.255621671676636,3.128331432615463,4.894180897556696,0.08345872351401117,0.27951511683997227,-0.5546673025004473,11.331744385625031,0.0007099490082369772,0.014382
31.285133838653564,3.1252592980179723,4.9072781922924325,0.17581239120897357,0.3748271792828222,0.24497628866147697,12.131387976786955,0.0007600477534229901,0.014382
31.312906742095947,3.1166896599215654,4.904367682122413,0.06763386890308305,0.42279561539973487,0.9407992443744683,12.827210932499947,0.0008036419963308717,0.014382
31.33996891975403,3.119276720398732,4.906954802267081,0.04408281554015921,0.4730401940560155,1.2750703716532394,13.161482059778718,0.0008245845314973787,0.014226
31.36739683151245,3.1220254722317367,4.888198183557224,0.08303186148599544,0.38737803221882006,0.5975680423858246,12.483979730511304,0.0007821381004472917,0.014226
31.401599884033203,3.120731941947622,4.889976828202197,0.08420923660422952,0.3388728539498436,0.0868360005326641,11.973247688658144,0.0007501400519342608,0.014226
31.428866863250732,3.119438411680858,4.901133782086871,0.058946442493082285,0.3767942468845857,0.6643120413360601,12.550723729461541,0.0007863197016419499,0.014226
31.456183671951294,3.11798319015148,4.8763944521463305,0.011914660752699282,0.24396419930167715,-1.4517580723126395,10.434653615812842,0.0006537450664030401,0.014226
31.48310613632202,3.1187916465539804,4.899193442142999,-0.0047032388187605275,0.2978581846606084,0.0,10.434653615812842,0.0006537450664030401,0.014226
31.511093139648438,3.1189533378352934,4.888359878522936,-0.013074898973018606,0.26579229244880004,-1.7879715322318563,10.098440155893625,0.0006326808414873804,0.014226
31.536976099014282,3.1257443718952698,4.890461913113825,0.1180214647780219,0.2568878366244889,-0.5683551019591938,11.318056586166287,0.000709091449213407,0.014226
31.5644314289093,3.127361284837243,4.895474457412859,0.24239761745968177,0.28294639088900897,-0.19788254986489714,11.688529138260584,0.0007323020522757228,0.014226
31.590850591659546,3.119600102963255,4.895474457412859,0.17293917865951544,0.3011873788741806,-0.1734906534329077,11.712921034692574,0.0007338302373539954,0.014226
31.62487244606018,3.126391137068801,4.890138523172337,0.26127479827747324,0.27958106344388034,-0.1963553419855291,11.690056346139952,0.0007323977339009371,0.014067
31.6526939868927,3.1331821716533144,4.899193442142999,0.46006626844759096,0.32278998956015065,-0.017877787290150278,11.868533900835331,0.0007435795924600909,0.014067
31.68445372581482,3.128331432615463,4.9014571720831634,0.5013941991248346,0.36761957584323723,0.07358030548880343,11.959991993614285,0.0007493095648327498,0.014067
31.712137460708618,3.1312418760088128,4.898870052158,0.5890194090718689,0.38233361428103946,0.0876201413218603,11.974031829447341,0.000750189179408078,0.014067
31.739904642105103,3.125582680602566,4.88981513323246,0.5362266106339982,0.33430009456070686,0.005993608173949906,11.892405296299431,0.0007450751674535111,0.014067
31.771671772003174,3.126391137068801,4.894180897556696,0.5155760006596052,0.3288016361497577,-0.0045766258017240205,11.881835062323757,0.0007444129280954312,0.014067
31.801177740097046,3.1276846674288965,4.886096149039574,0.5272075322537066,0.27286937343231193,-0.11175849307839837,11.774653195047083,0.0007376978401279872,0.014067
31.833139419555664,3.129301580403463,4.895636152396692,0.5679583030828125,0.29517513357799186,-0.0640366849720582,11.822375003153423,0.0007406876755128508,0.014067
31.861685037612915,3.1246125328520424,4.8927256427493315,0.5019186179037728,0.29203916145395403,-0.07895206443580155,11.807459623689681,0.0007397532069529003,0.013909
31.888561725616455,3.1247742241431173,4.884317504500816,0.45895170802106905,0.2356773068124626,-0.20948586900346017,11.676925819122022,0.0007315750887443949,0.013909
31.91793131828308,3.1315652586135108,4.877849706588102,0.565831405239207,0.15455734090389137,-0.3079573467844995,11.578454341340983,0.0007254057183799378,0.013909
31.9452862739563,3.1331821716533144,4.878981571176415,0.6732558933208016,0.10506503130930812,-0.328897847374729,11.557513840750753,0.0007240937678875777,0.013909
31.972658395767212,3.1351224673369877,4.890785303056923,0.7875834757367532,0.14646208751557788,-0.23295450985431368,11.653457178271168,0.0007301047468685342,0.013909
32.002602100372314,3.1268762109518,4.891917167870448,0.7013084156565286,0.18273169485224258,-0.21101380130826405,11.675397886817217,0.0007314793617329539,0.013909
32.03106617927551,3.1254209893101335,4.887874793627005,0.6115680454732484,0.18207874917041555,-0.2427745090240277,11.643637179101454,0.0007294895107288742,0.013909
32.057111978530884,3.1328587890431776,4.86636936687521,0.6987498014349298,0.04308002565144961,-0.3978848313193996,11.488526856806082,0.0007197716406699086,0.013909
32.08375692367554,3.1354458499547437,4.8809219105164665,0.811950951619979,0.039530910712952255,-0.34971211393901824,11.536699574186464,0.000722789726126519,0.013909
32.11056995391846,3.12881650650824,4.88140699536052,0.7574960869676778,0.040171530334347026,-0.3725678176709661,11.513843870454517,0.0007213577855845458,0.01375
32.1405348777771,3.132050332522596,4.879951740839209,0.7845950804528921,0.031244963904211165,-0.37067045812360594,11.515741230001877,0.0007214766577090023,0.01375
32.1699423789978,3.1301100369009354,4.885287674243196,0.764433936384343,0.059371369033936035,-0.3466237443950157,11.539787943730467,0.0007229832166272063,0.01375
32.19819235801697,3.142883650463818,4.877526316709342,1.007929876824973,0.029059851184661225,-0.29374776420612936,11.592663923919353,0.0007262959678168888,0.01375
32.22783613204956,3.1343140107973624,4.876232757210364,1.005550913777469,-0.0004915443034099727,-0.32187117694157397,11.564540511183909,0.0007245339982294794,0.01375
32.2595009803772,3.13560754126403,4.872190383941657,1.0299726003696208,-0.0472191856831112,-0.3561847467476479,11.530226941377835,0.0007223842069860593,0.01375
32.28771209716797,3.130756802103806,4.860224960535234,0.9492416800744127,-0.15701185221838887,-0.4830571261469954,11.403354561978487,0.0007144354819829171,0.01375
32.318721532821655,3.1322120238261686,4.884964284327461,0.9220778656222869,-0.0744917357643516,-0.42088786628264047,11.465523821842842,0.0007183304696283777,0.01375
32.3447003364563,3.128331432615463,4.878819876234023,0.8248023171471427,-0.05631098901498008,-0.447339178345654,11.439072509779828,0.0007166732593943094,0.01375
32.37229609489441,3.1299483456008974,4.888036488591913,0.7893181321469164,0.015790537264950187,-0.38613736964520157,11.500274318480281,0.0007205076349247277,0.01375
32.39874792098999,3.1341523194902536,4.884802589370196,0.8492618224368559,0.04542827012163702,-0.3276624735381723,11.55874921458731,0.0007241711657179752,0.01375
32.42914891242981,3.1328587890431776,4.879951740839209,0.8651354453094641,0.034924681755314164,-0.33320347196454264,11.55320821616094,0.0007238240147230731,0.01375
32.45506477355957,3.1296249630016364,4.8694415702621825,0.8110295820302461,-0.04013615840508495,-0.4377724780562368,11.448639210069246,0.0007172726260188503,0.013591
32.48336601257324,3.133505554264539,4.88415580954516,0.8514163571461423,0.00211291616914497,-0.3739095102383952,11.512502177887088,0.0007212737267428362,0.013591
32.51184964179993,3.127361284837243,4.877526316709342,0.7557740421173988,-0.011021065820690613,-0.43415364681807866,11.452258041307404,0.0007174993506572711,0.013591
32.53936815261841,3.1280080500216365,4.874939197737082,0.7018679009729765,-0.03688151903517295,-0.49611031431917424,11.39030137380631,0.0007136176822089544,0.013591
32.56571865081787,3.129301580403463,4.875909367339634,0.6902205611862893,-0.04873383667980367,-0.5177127978169609,11.368698890308522,0.0007122642575981624,0.013591
32.59171104431152,3.1305951108026804,4.890785303056923,0.7081543827007483,0.03880287992320344,-0.3986438042159998,11.487767883909484,0.0007197240899983719,0.013591
32.618154764175415,3.130433419501827,4.887874793627005,0.7174471878210271,0.08132857872009387,-0.3380703533323207,11.548341334793163,0.000723519098067466,0.013591
32.646385192871094,3.129301580403463,4.8409832707335525,0.7011260619799188,-0.19098669551683625,-0.6622984812527508,11.224113206872733,0.0007032057703020034,0.013591
32.67254090309143,3.1312418760088128,4.887874793627005,0.728831713070413,-0.07952412408793583,-0.5277269112765253,11.358684776848959,0.0007116368599374801,0.013435
32.701536655426025,3.128331432615463,4.885611064160541,0.6895300103608368,-0.01608365903773134,-0.4787658148993909,11.407645873226093,0.0007147043383973046,0.013435
32.72916531562805,3.1325354064341293,4.874454112941226,0.746801436828555,-0.043550334054930015,-0.4761865052171376,11.410225182908345,0.0007148659356138085,0.013435
32.756688594818115,3.13560754126403,4.86636936687521,0.8488479665053928,-0.11486033260629419,-0.4946403640130126,11.39177132411247,0.0007137097765702905,0.013435
32.783703088760376,3.131726949916267,4.871381909318013,0.8420196561564499,-0.1324856702088653,-0.5154728461544505,11.370938841971032,0.0007124045935788534,0.013435
32.812870502471924,3.139811515401046,4.875909367339634,1.0002833448196513,-0.1156567425013826,-0.42557389172942484,11.460837796396058,0.0007180368838391732,0.013435
32.842031478881836,3.130271728201245,4.860710045225259,0.9186765913699217,-0.2017931429051197,-0.5382293268968007,11.348182361228682,0.0007109788694904696,0.013435
32.87237310409546,3.1378712196226206,4.872352078867589,1.0148127567993153,-0.18708863815381482,-0.4804684469721158,11.405943241153366,0.0007145976662107208,0.013435
32.899667739868164,3.1328587890431776,4.852140216231678,0.9810210993631767,-0.30700378363312747,-0.591318591546667,11.295093096578816,0.0007076527557427913,0.013276
32.9264702796936,3.1388413675069295,4.810261256701184,1.0780191336305855,-0.6607358527087752,-0.7634761578413345,11.122935530284149,0.0006968668529468866,0.013276
32.95341515541077,3.14142842857971,4.862488689119513,1.1980916818808462,-0.5718901898695059,-0.6602608737564966,11.226150814368987,0.00070333342914886,0.013276
32.98182773590088,3.139164750137212,4.860224960535234,1.2364902818489079,-0.5242815551488613,-0.6174333224508155,11.268978365674668,0.0007060166327704717,0.013276
33.00821805000305,3.1435304157527346,4.85796123202942,1.3514128001338155,-0.5055388396057733,-0.5632439072389004,11.323167780886584,0.0007094116724287475,0.013276
33.035064697265625,3.1415901198990754,4.851008352108961,1.3927281187462621,-0.5372105881914682,-0.5662706044601927,11.320141083665291,0.0007092220457819255,0.013276
33.060649394989014,3.1454707116456757,4.852786995739168,1.4999097309411875,-0.5479224837217014,-0.5369519514010612,11.349459736724423,0.0007110588987812377,0.013276
33.0861930847168,3.1394881327685837,4.8002361815403845,1.4542846566690397,-0.893962202888671,-0.7144488274641743,11.17196286066131,0.000699938481055788,0.013276
33.11662769317627,3.1341523194902536,4.855212418949228,1.3147383896023392,-0.7820236201260308,-0.718651481625025,11.167760206500459,0.0006996751791269831,0.013276
33.14924955368042,3.1380329109359915,4.857314452470737,1.2953168857542527,-0.6901249503573607,-0.6824169378084327,11.203994750317051,0.0007019453219726992,0.013276
33.17784786224365,3.138517984877737,4.808159224686402,1.2915044436703393,-0.942462321543951,-0.7978581950849888,11.088553493040495,0.0006947127721265265,0.01312
33.20402812957764,3.141266737260617,4.854565639417747,1.3442705286009853,-0.8201403682770674,-0.7240887582127297,11.162322929912754,0.0006993345264446082,0.01312
33.230637550354004,3.1336672455705594,4.856344283144717,1.2279458897896611,-0.7230566718871265,-0.7269464531179851,11.159465235007499,0.0006991554880199148,0.01312
33.26420474052429,3.1325354064341293,4.856344283144717,1.1236925524287469,-0.6550980844141604,-0.7402552895153677,11.146156398610117,0.0006983216715412185,0.01312
33.29234313964844,3.1351224673369877,4.863297163632921,1.10288913711233,-0.5627354200597204,-0.6989406809972167,11.187471007128268,0.0007009100872647824,0.01312
33.31958317756653,3.133505554264539,4.847289370129317,1.0557180457036097,-0.6012065166876331,-0.7450044255762711,11.141407262549214,0.0006980241317872597,0.01312
33.34664845466614,3.1336672455705594,4.818022606259699,1.025959151761516,-0.816677815785336,-0.8700730074098953,11.01633868071559,0.0006901884171247384,0.01312
33.374799489974976,3.135930923883418,4.846804285538855,1.050780107194712,-0.7820911921402135,-0.8409782967623209,11.045433391363165,0.000692011239831134,0.01312
33.40214276313782,3.1331821716533144,4.860710045225259,1.0127199846896402,-0.6682972576522938,-0.8046135266221284,11.081798161503357,0.0006942895415309628,0.01312
33.430636167526245,3.1301100369009354,4.850361572619058,0.9241213693500429,-0.655308145648511,-0.8490490611194337,11.037362627006052,0.0006915055956023147,0.01312
33.45770311355591,3.138194602249634,4.852625300861696,1.025145841775428,-0.6316324401799395,-0.7777558762393452,11.108655811886141,0.0006959722094066186,0.012961
33.48419165611267,3.129301580403463,4.859739875848812,0.9165151197479995,-0.5692261294290049,-0.8051183510365278,11.081293337088958,0.0006942579136032458,0.012961
33.51197814941406,3.121702089659081,4.864590722875203,0.6872127351377163,-0.49429172023021256,-0.9244445474565298,10.961967140668957,0.0006867819671009104,0.012961
33.53975462913513,3.1260677544814923,4.865884282143126,0.6147445482229322,-0.4335043022859954,-0.9491850597745697,10.937226628350917,0.0006852319407690646,0.012961
33.568620920181274,3.123157311244574,4.867662926178401,0.5053211620644191,-0.3794947786357705,-1.0257838065454925,10.860627881579994,0.0006804329263850834,0.012961
33.59498715400696,3.130756802103806,4.866531061786706,0.5819856732607686,-0.34897977735539526,-0.9196113928653513,10.966800295260136,0.000687084770728657,0.012961
33.620715618133545,3.1341523194902536,4.871220214394487,0.7041291012165286,-0.29741094806822893,-0.7603414200880612,11.126070268037425,0.0006970632484781735,0.012961
33.64954400062561,3.1268762109518,4.874615807872777,0.6428903534923743,-0.23943776978957568,-0.7606128490740921,11.125798839051395,0.000697046243087575,0.012961
33.67669343948364,3.1238040764007353,4.85796123202942,0.5380667045593748,-0.30614818985426756,-0.9330683450234266,10.95334334310206,0.0006862416745985822,0.01281
33.70715260505676,3.1252592980179723,4.806865666556764,0.49403797794072807,-0.6820119133638356,-1.192329641066369,10.69408204705912,0.0006699986061233161,0.01281
33.73661708831787,3.1242891502707053,4.858769706486776,0.44365265083546435,-0.6107417587137761,-1.2144964797824689,10.67191520834302,0.0006686098238999712,0.01281
33.763850927352905,3.125582680602566,4.867501231264099,0.434469879868527,-0.5046026646107795,-1.1798440757170188,10.70656761240847,0.0006707808435649137,0.01281
33.78919768333435,3.121702089659081,4.867016146523598,0.3497810672220586,-0.4334302981499146,-1.2507564989616555,10.635655189163835,0.0006663380849885666,0.01281
33.81837797164917,3.127522976132934,4.8544039445358775,0.4078902090062386,-0.464859618167869,-1.1919525370106092,10.69445915111488,0.0006700222321989916,0.01281
33.848363399505615,3.131080184706872,4.85909309627252,0.5203057460271118,-0.45665181940157623,-1.0588480555468138,10.827563632578677,0.000678361406768354,0.01281
33.88033843040466,3.1309184934052032,4.862650384021394,0.5957357519854223,-0.4279897001589102,-0.9618621588961295,10.924549529229362,0.0006844377034793417,0.01281
33.90844440460205,3.132373715130013,4.861518519716641,0.6778845859601371,-0.4152178814037288,-0.8751276198185302,11.01128406830696,0.0006898717388672337,0.01281
33.942119121551514,3.1278463587251304,4.877041231894213,0.6440844118107426,-0.30627762401370145,-0.8170961515238763,11.069315536601614,0.0006935074883123579,0.01281
33.97219252586365,3.123319002533208,4.8772029268321875,0.5291199362692908,-0.22897777721259582,-0.8669464487613306,11.019465239364159,0.0006903843002241279,0.012654
34.00071859359741,3.122510546092754,4.886257844000056,0.43234045497806034,-0.11653454914825866,-0.8690946410846822,11.017317047040807,0.0006902497130892998,0.012654
34.02929997444153,3.1236423851112884,4.874615807872777,0.3874209058895639,-0.11282429054560221,-0.9417729461757558,10.944638741949733,0.0006856963196430792,0.012654
34.056933641433716,3.119276720398732,4.863782248345772,0.26793374143067494,-0.18001876511861276,-1.253430689030243,10.632980999095246,0.0006661705433884012,0.012654
34.08600902557373,3.1265528283628625,4.876717842019469,0.3310318620201294,-0.14372157586250398,-1.0885431809983868,10.797868507127102,0.0006765009672679217,0.012654
34.11253070831299,3.1250976067260825,4.890785303056923,0.3458527184041891,-0.0276885375046944,-0.8926923416625494,10.993719346462939,0.0006887712854481696,0.012654
34.13965725898743,3.128978197806376,4.890138523172337,0.434488193601665,0.049367921978675434,-0.5593180875239477,11.32709360060154,0.0007096576303076321,0.012654
34.166184186935425,3.128331432615463,4.874939197737082,0.48348954673271033,0.0053907724243890025,-0.5859792096387005,11.300432478486787,0.0007079872751919743,0.012654
34.19476127624512,3.1252592980179723,4.882215470108648,0.455833967462069,0.0214817670480151,-0.590816538053065,11.295595150072423,0.0007076842100685983,0.012495
34.22083330154419,3.1280080500216365,4.8763944521463305,0.4919098487142336,-0.0047545365839108305,-0.594718142669195,11.291693545456292,0.0007074397692981845,0.012495
34.25139594078064,3.1296249630016364,4.878496486350443,0.5497716644135728,-0.009578282893992892,-0.5360286705971171,11.350383017528369,0.0007111167435638925,0.012495
34.27969241142273,3.134475702104743,4.884640894413334,0.6881010351609558,0.026628429260631577,-0.36349767482045736,11.522914013305028,0.0007219260422184898,0.012495
34.30728054046631,3.1257443718952698,4.872998858575331,0.60884461867181,-0.02302687140996312,-0.5019658272763191,11.384445860849166,0.000713250826456197,0.012495
34.3331663608551,3.1315652586135108,4.89676801729481,0.6707564426947197,0.09533943072564215,-0.2580544936633354,11.628357194462149,0.000728532199164883,0.012495
34.361244678497314,3.129463271702414,4.882215470108648,0.6717034102929633,0.0844458278588904,-0.27657493222240687,11.609836755903078,0.0007273718688097609,0.012495
34.38922572135925,3.1276846674288965,4.883185639819668,0.6364967189970634,0.08307030615643045,-0.29756004952526566,11.58885163860022,0.0007260571230204188,0.012495
34.41534090042114,3.129301580403463,4.871220214394487,0.6444607338031413,0.0050241103900490885,-0.4280760961426686,11.458335591982816,0.0007178801173713521,0.012495
34.44681358337402,3.135930923883418,4.885934454079494,0.7837312146238288,0.04518343863004244,-0.2869930423729919,11.599418645752493,0.0007267191602136778,0.012495
34.476008892059326,3.1349607760285187,4.86636936687521,0.8616553305554753,-0.052746691726805836,-0.37980610778295315,11.506605580342532,0.0007209042969854865,0.012495
34.50479698181152,3.137224454371863,4.882215470108648,0.961854393515111,-0.01921445785780984,-0.3000575786465588,11.586354109478926,0.0007259006494659186,0.01234
34.53715395927429,3.134637393412396,4.840659881037309,0.9798198156089652,-0.2634501532198199,-0.5368474833805876,11.349564204744897,0.0007110654438430573,0.01234
34.56442975997925,3.1271995935418238,4.881730385258566,0.8423955932111069,-0.16983188102009644,-0.5242053969143454,11.36220629121114,0.0007118574875428905,0.01234
34.594244718551636,3.1394881327685837,4.881730385258566,0.9940247602579804,-0.10429909048029957,-0.37805474728923616,11.508356940836249,0.0007210140220731047,0.01234
34.622711420059204,3.128978197806376,4.882700554962349,0.888208622899313,-0.052176136844783345,-0.36619625550788176,11.520215432617604,0.0007217569725132893,0.01234
34.649598360061646,3.1276846674288965,4.884479199456874,0.7880503678215052,-0.004231735252075056,-0.3530880693735998,11.533323618751886,0.0007225782179834593,0.01234
34.676433086395264,3.1297866543011312,4.876071062274798,0.7603308977010999,-0.024837321421673383,-0.3969502468200022,11.489461441305483,0.0007198301936442685,0.01234
34.704352378845215,3.134799084720321,4.888844963422488,0.8420142386216222,0.043030438627062684,-0.2645918036514525,11.621819884474032,0.0007281226279122444,0.01234
34.73109698295593,3.129463271702414,4.880760215569252,0.791583867441825,0.03845453310828057,-0.29107306737543337,11.595338620750052,0.0007264635411663811,0.01218
34.75990557670593,3.1280080500216365,4.882538860010713,0.7269347787000687,0.046709732951133086,-0.3088349372290135,11.577576750896473,0.0007253507361596798,0.01218
34.78955554962158,3.13302048034811,4.877364621770564,0.7827673847158139,0.019155039293451588,-0.3229017600810109,11.563509928044475,0.000724469430811362,0.01218
34.816321849823,3.138194602249634,4.8772029268321875,0.9261980525314589,-0.001174912897594403,-0.290159109237504,11.596252578887981,0.0007265208018714862,0.01218
34.84419226646423,3.127361284837243,4.89143208294795,0.8081212288870727,0.07626079397934318,-0.22940849966181107,11.657003188463674,0.000730326909170621,0.01218
34.8717737197876,3.1262294457750106,4.888683268455569,0.702641363639379,0.11275745259324298,-0.2085309524077914,11.677880735717693,0.0007316349155518992,0.01218
34.90047478675842,3.1328587890431776,4.890623608085172,0.7625011241512213,0.15080511556866866,-0.12644070118428014,11.759970986941205,0.0007367779800668372,0.01218
34.926573514938354,3.1343140107973624,4.872998858575331,0.8337507869058459,0.06389680900567238,-0.23862708056880785,11.647784607556677,0.0007297493526930341,0.01218
34.95218300819397,3.1228339286681215,4.886096149039574,0.6521037897721229,0.08743599443145411,-0.27822568700529376,11.608186001120192,0.0007272684468050747,0.01218
34.97941327095032,3.1351224673369877,4.870735129626318,0.7727770032526872,0.004955092593095084,-0.34973699711869904,11.536674691006787,0.0007227881671618855,0.01218
35.0063533782959,3.1343140107973624,4.873483943360351,0.8409439022768691,-0.0350732073792027,-0.3694518680342499,11.516959820091238,0.0007215530040150914,0.012024
35.04232215881348,3.1326970977385176,4.887551403698397,0.8560520311808983,0.027531984013010206,-0.2801288703572478,11.60628281776824,0.0007271492098114371,0.012024
35.07168674468994,3.129301580403463,4.878658181292032,0.7981494523318525,0.014063948175220338,-0.3238173186889452,11.562594369436543,0.0007244120698346611,0.012024
35.100985527038574,3.1301100369009354,4.878981571176415,0.7739219966995915,0.006719656399232684,-0.3467037259310349,11.539707962194452,0.0007229782056765319,0.012024
35.12927007675171,3.137547836996697,4.872998858575331,0.9069628001620431,-0.03696301241293281,-0.3414155544927046,11.544996133632782,0.0007233095167209985,0.012024
35.16139483451843,3.13560754126403,4.885125979285128,0.9609609208388286,0.010584118854404504,-0.2642429135359398,11.622168774589547,0.0007281444863466623,0.012024
35.194904804229736,3.142721959142271,4.873483943360351,1.1422378955859358,-0.03113288899628992,-0.25716561387057385,11.629246074254912,0.0007285878886779746,0.012024
35.22262120246887,3.1399732067176855,4.886904623846008,1.2136969826784652,0.02612353972138082,-0.18739656225912932,11.699015125866357,0.0007329590134855562,0.012024
35.25140118598938,3.1318886412192954,4.879304961062407,1.1006748374612887,0.01724470380240106,-0.21894810088041225,11.667463587245074,0.0007309822672062326,0.011865
35.27908110618591,3.138679676192197,4.883670724680604,1.1585158800795239,0.03915451950397743,-0.18479992268694326,11.701611765438543,0.0007331216964429446,0.011865
35.30993318557739,3.136901071748118,4.84130666043139,1.1631350378578396,-0.21842520485939226,-0.421901661590891,11.464510026534594,0.0007182669539904359,0.011865
35.338608741760254,3.1435304157527346,4.820124638589229,1.3000641293400736,-0.5351892433496983,-0.5956759860122883,11.290735702113196,0.0007073797591260225,0.011865
35.36960053443909,3.1432070331077306,4.85909309627252,1.3893927526247845,-0.5058825570288605,-0.5426704593787361,11.343741228746747,0.0007107006265744893,0.011865
35.39721703529358,3.141913502538625,4.852786995739168,1.4258358261327624,-0.5259928619078703,-0.5415621025700459,11.344849585555437,0.0007107700666174627,0.011865
35.42657208442688,3.13302048034811,4.870735129626318,1.2719981179187083,-0.4244451068444282,-0.5354160127428634,11.35099567538262,0.000711155127401474,0.011865
35.45675611495972,3.140134898034598,4.862973773826356,1.3077900085750995,-0.40336166857007116,-0.5068380937552839,11.3795735943702,0.0007129455724161398,0.011865
35.485955238342285,3.1322120238261686,4.878173096468469,1.1730616955727617,-0.2906866085792662,-0.4767092156969868,11.409702472428497,0.000714833187100064,0.011865
35.516096353530884,3.136577689125462,4.871381909318013,1.166795368400937,-0.2555640633899362,-0.45036681981580756,11.436044868309676,0.0007164835735890278,0.011865
35.542211294174194,3.1338289368768524,4.87687953695664,1.1069741476991932,-0.19556161802952782,-0.42221175777447545,11.464199930351008,0.0007182475260479672,0.01171
35.574366331100464,3.1480577728974075,4.881730385258566,1.352055879080284,-0.1223099063868939,-0.2820526624772102,11.604359025648273,0.0007270286816507986,0.01171
35.60389494895935,3.1322120238261686,4.879951740839209,1.2040478049264058,-0.08249204180065557,-0.2848852006226316,11.601526487502852,0.0007268512193309032,0.01171
35.635112285614014,3.136901071748118,4.8739690281489825,1.1950073852506449,-0.09316120173352736,-0.2972466624085186,11.589165025716966,0.0007260767571442709,0.01171
35.66516399383545,3.1357692325735878,4.882538860010713,1.165853000516213,-0.04542128143813056,-0.2597801772865294,11.626631510838955,0.0007284240827676961,0.01171
35.69409132003784,3.1354458499547437,4.879628350950004,1.1389231909768653,-0.03075333767805776,-0.2522106182576953,11.634201069867789,0.0007288983258094055,0.01171
35.72001576423645,3.1336672455705594,4.870573434704398,1.0842027534527832,-0.07881910640821488,-0.31783810441231924,11.568573583713166,0.0007247866756412578,0.01171
35.749685764312744,3.134637393412396,4.86879479058974,1.0654636675653686,-0.12392347611999872,-0.37116353115059914,11.515248156974886,0.0007214457660214926,0.01171
35.779245376586914,3.146602550934708,4.870411739782878,1.2936507083851023,-0.1450798698396275,-0.31553576898672864,11.570875919138757,0.0007249309200485091,0.01155
35.80686116218567,3.138517984877737,4.8691181804251595,1.2903381195119403,-0.16822267752693454,-0.3358090641386037,11.550602623986883,0.0007236607708731511,0.01155
35.837073802948,3.138679676192197,4.860710045225259,1.2912801775149827,-0.23858929742300605,-0.3928616903442291,11.493549997781258,0.0007200863471998304,0.01155
35.86514353752136,3.141913502538625,4.870573434704398,1.357157023555925,-0.2243042782296787,-0.3611944886967098,11.525217199428777,0.0007220703399231233,0.01155
35.891815185546875,3.1326970977385176,4.876071062274798,1.2174012160762315,-0.17888810150598447,-0.3676812864387389,11.518730401686748,0.0007216639333305576,0.01155
35.921865463256836,3.137709528309523,4.868148010923712,1.2206591239069533,-0.1981384386475428,-0.38334510595596033,11.503066582169525,0.0007206825739958411,0.01155
35.951791524887085,3.1404582806692405,4.88237716505948,1.2783744533107342,-0.11994701399143906,-0.2975580139344675,11.588853674191018,0.0007260572505529167,0.01155
35.98298740386963,3.143045341785638,4.88059852062244,1.3709491090361077,-0.07667135040967951,-0.23915948446822996,11.647252203657256,0.0007297159968735317,0.01155
36.01121735572815,3.1420751938588083,4.877526316709342,1.4161861459503675,-0.06617005242586585,-0.22191630915200816,11.664495378973477,0.0007307963049706801,0.01155
36.03893566131592,3.139164750137212,4.845672421508421,1.389156406697519,-0.26402742073606505,-0.3825412659975028,11.503870422127981,0.0007207329356490752,0.01155
36.06672501564026,3.1435304157527346,4.867501231264099,1.4582790875278433,-0.26190262802639125,-0.3612592765200128,11.525152411605472,0.0007220662808789607,0.011392
36.09563398361206,3.1470876249198168,4.863135468729439,1.5784041138431086,-0.2885402669941435,-0.34894479837266446,11.537466889752821,0.0007228377994775233,0.011392
36.12409496307373,3.143045341785638,4.876717842019469,1.5809698714087579,-0.21968662717536594,-0.30214909403016943,11.584262594095316,0.0007257696132175022,0.011392
36.15206503868103,3.1445005636942938,4.867824621093104,1.612113735216276,-0.22878073958016976,-0.3017401632809337,11.584671524844552,0.0007257952332782782,0.011392
36.184136629104614,3.1435304157527346,4.872352078867589,1.6143492174909702,-0.20597995582634604,-0.28598745242220597,11.60042423570328,0.0007267821617749521,0.011392
36.21283841133118,3.145309020319764,4.87025004486176,1.651783629617292,-0.2035610721535593,-0.27714469230675354,11.609266995818732,0.0007273361725750905,0.011392
36.24140429496765,3.146440859606885,4.866531061786706,1.7008138113377675,-0.22582618281784742,-0.28245328548031035,11.603958402645176,0.0007270035820814784,0.011392
36.26766514778137,3.145955785625052,4.864105638156342,1.7253523271238895,-0.2570367568742254,-0.29751074256410726,11.58890094556138,0.0007260602121677718,0.011392
36.29980254173279,3.1543637349915365,4.864590722875203,1.9120945597753578,-0.275759159441865,-0.2760623328842184,11.610349355241269,0.0007274039838468978,0.011233
36.328320026397705,3.1504831428844082,4.860871740122734,1.9645532261942904,-0.3128231683962868,-0.2880968826319511,11.598314805493537,0.0007266500031386125,0.011233
36.355183124542236,3.1493513035494907,4.862812078923675,1.9784481984915998,-0.32626797805707825,-0.2930964441362243,11.593315243989263,0.0007263367738942182,0.011233
36.38663578033447,3.142398576499994,4.85294869061704,1.8479572492450487,-0.3992209903867341,-0.35697409064847296,11.529437597477013,0.0007223347535303092,0.011233
36.41617703437805,3.151453290896425,4.858769706486776,1.9392223326345663,-0.4127881126298051,-0.3461482395247364,11.54026344860075,0.000723013007646098,0.011233
36.44294857978821,3.1454707116456757,4.858931401379449,1.8824556806629975,-0.4212434318637162,-0.3619904445873277,11.524421243538159,0.0007220204722173302,0.011233
36.4695827960968,3.146117476952057,4.846480895813878,1.8557625061187704,-0.5073704556786308,-0.4142688717379544,11.472142816387532,0.0007187451585282164,0.011233
36.50087857246399,3.144662255018842,4.845187336929937,1.8077294499309777,-0.5759927013804781,-0.46248473156156744,11.423926956563918,0.0007157243701395821,0.011233
36.52970004081726,3.1470876249198168,4.85957818095414,1.8230193675253148,-0.5313199786184983,-0.4348775104365554,11.45153417768893,0.0007174539996291729,0.011233
36.56026339530945,3.141266737260617,4.857799537139148,1.716330975299486,-0.5115074023552802,-0.4518761863981911,11.434535501727295,0.0007163890097450369,0.011233
36.58933615684509,3.142721959142271,4.797972455101879,1.6709969337084138,-0.8830549613755617,-0.6565626259806502,11.229849062144837,0.0007035651293400512,0.011074
36.61913537979126,3.1448239463436627,4.84874462392227,1.6816544196669143,-0.8160552001358411,-0.6216540225510692,11.264757665574418,0.0007057522002393215,0.011074
36.65518116950989,3.142721959142271,4.81478871049918,1.646723344765599,-0.9879052074407193,-0.7115641621946374,11.17484752593085,0.0007001192092100345,0.011074
36.68134379386902,3.143692107075646,4.855212418949228,1.6418368145601923,-0.8477837233124627,-0.6505063392060804,11.235905348919408,0.0007039445638421796,0.011074
36.71437335014343,3.138356293563549,4.861680214616118,1.5308075236257936,-0.7080320312311442,-0.6214019477835986,11.26500974034189,0.0007057679930621277,0.011074
36.741461515426636,3.1394881327685837,4.868309705839618,1.4759131115482431,-0.5674975229692433,-0.5619005689757148,11.324511119149774,0.0007094958343755073,0.011074
36.76953911781311,3.139003058821934,4.807350750852405,1.4277044123853624,-0.8618314499989572,-0.743385005867048,11.14302668225844,0.0006981255906074872,0.011074
36.796592235565186,3.142560267820996,4.860386655431509,1.4656974693168225,-0.7261987708800254,-0.6573271042649058,11.229084583860583,0.0007035172337485823,0.011074
36.82612657546997,3.1338289368768524,4.8738073332190375,1.3162056183402775,-0.5447975786654324,-0.6148201352644176,11.271591552861072,0.00070618035245812,0.010916
36.85564422607422,3.1309184934052032,4.867986316008207,1.15286566260465,-0.4553167391424833,-0.6350803774487955,11.251331310676694,0.0007049110210687103,0.010916
36.88977599143982,3.1250976067260825,4.87025004486176,0.9211363788133506,-0.3780968204748687,-0.7279985779753244,11.158413110150164,0.0006990895709842328,0.010916
36.91753101348877,3.136901071748118,4.8668544516109,0.9969693869715153,-0.3459178737200078,-0.6401068778453833,11.246304810280105,0.0007045961040665241,0.010916
36.944289445877075,3.131080184706872,4.8763944521463305,0.9326611706028114,-0.26193428512152306,-0.6012736739036183,11.28513801422187,0.0007070290564599874,0.010916
36.96980381011963,3.129463271702414,4.862973773826356,0.8550367198286455,-0.2896040933640299,-0.696887559616221,11.189524128509268,0.0007010387180773588,0.010916
37.003338098526,3.133343862958791,4.832251749494753,0.8789604835664477,-0.5068895290279096,-0.8719239216343693,11.014487766491118,0.0006900724548621532,0.010916
37.02989435195923,3.1393264414527615,4.872837163647794,1.0163593132650155,-0.39753110877275727,-0.6731735560581812,11.213238132067307,0.0007025244322564322,0.010916
37.057377576828,3.1299483456008974,4.856505978031387,0.9234080294294362,-0.42618852393653506,-0.7694019078579956,11.117009780267493,0.0006964955967479979,0.010916
37.083608865737915,3.1322120238261686,4.870735129626318,0.9039943101708003,-0.3545820702644935,-0.7202405790212849,11.166171109104203,0.0006995756200403967,0.010916
37.11017107963562,3.134637393412396,4.867824621093104,0.9393177572679896,-0.32320754974255905,-0.6599144599915536,11.226497228133935,0.0007033551324365883,0.01076
37.13662099838257,3.13560754126403,4.8555358087173675,0.9836093908129911,-0.3804120303621179,-0.6812339627344457,11.205177725391042,0.0007020194369502321,0.01076
37.16340470314026,3.136901071748118,4.86539919741465,1.0407004953712637,-0.35691351871208304,-0.6193023015615817,11.267109386563906,0.0007058995387184928,0.01076
37.19367051124573,3.1360926151935207,4.868309705839618,1.0643599178478969,-0.32171456420591193,-0.5707724641169738,11.315639224008514,0.0007089399982268636,0.01076
37.22357630729675,3.136577689125462,4.8571527575820665,1.0907041239935553,-0.36895027752372983,-0.5985024478357437,11.287909240289745,0.000707202677495861,0.01076
37.2496178150177,3.135930923883418,4.855374113833098,1.0961015877571307,-0.4134736060910478,-0.6340840288954694,11.25232765923002,0.0007049734436440191,0.01076
37.277029037475586,3.139003058821934,4.851331741856311,1.16183634573153,-0.4706815923034561,-0.6409961377480431,11.245415550377444,0.0007045403907390369,0.01076
37.3070969581604,3.1336672455705594,4.8555358087173675,1.1002419617810542,-0.48364386015474964,-0.6886675028469619,11.197744185278525,0.0007015537156763506,0.01076
37.33765411376953,3.1351224673369877,4.8657225872332335,1.0864737236589421,-0.4270924666803365,-0.6516375995783416,11.234774088547145,0.0007038736888601807,0.010608
37.3633029460907,3.1448239463436627,4.869926655020726,1.272488172632275,-0.36042316278258274,-0.4948023237684836,11.391609364357002,0.000713699629574042,0.010608
37.39384126663208,3.13528415864573,4.871543604241939,1.2103069413537195,-0.30333798479468627,-0.4736219300718462,11.41278975805364,0.0007150266096917785,0.010608
37.421623945236206,3.130433419501827,4.875585977470511,1.068953978878107,-0.2373366959236449,-0.4806173540094986,11.405794334115987,0.0007145883369847948,0.010608
37.44848012924194,3.129301580403463,4.825622261922474,0.9471808157198897,-0.513010651102805,-0.8252094206543397,11.061202267471145,0.0006929991811023891,0.010608
37.480180978775024,3.1338289368768524,4.863297163632921,0.9532439608224423,-0.4632742167417583,-0.7806204261323206,11.105791261993165,0.0006957927415077358,0.010608
37.50764036178589,3.136901071748118,4.86879479058974,1.0194446943778674,-0.3930420533534696,-0.6679604835525773,11.218451204572908,0.0007028510382518792,0.010608
37.536720514297485,3.134799084720321,4.87768801164852,1.0233938962953655,-0.2865878778506889,-0.5599997858590797,11.326411902266406,0.0007096149209911776,0.010608
37.565757751464844,3.13302048034811,4.8772029268321875,0.9902887670325307,-0.21519495489849655,-0.5013577432944186,11.385053944831068,0.0007132889237345316,0.010608
37.596254110336304,3.1278463587251304,4.862812078923675,0.8627673385614211,-0.2579282286086327,-0.654638120474789,11.231773567650698,0.0007036857021952744,0.010608
37.623889207839966,3.1341523194902536,4.872190383941657,0.9006762669270092,-0.22742486469677856,-0.5828070116253757,11.303604676500111,0.0007081860176588753,0.010452
37.65091872215271,3.1309184934052032,4.872998858575331,0.8619951166153773,-0.20086417718015212,-0.5813539484648199,11.305057739660667,0.0007082770540178539,0.010452
37.678170680999756,3.1328587890431776,4.8131717626784685,0.874048751234429,-0.5676881476089255,-0.9316945090614851,10.954717179064001,0.0006863277472671377,0.010452
37.708693981170654,3.1328587890431776,4.8544039445358775,0.8824862954677742,-0.5588401127891767,-0.917846516060366,10.96856517206512,0.0006871953426313332,0.010452
37.7382230758667,3.133343862958791,4.859416486059866,0.8981751865138439,-0.520354832951127,-0.8755746657595983,11.010837022365887,0.0006898437308384872,0.010452
37.76835322380066,3.1260677544814923,4.858608011594504,0.7624182641862245,-0.49862346875852676,-0.9965840958864546,10.889827592239032,0.0006822623274832486,0.010452
37.79747128486633,3.1354458499547437,4.835485646114357,0.8565188755458764,-0.6323697730280446,-0.9895952666736535,10.896816421451833,0.0006827001870218612,0.010452
37.8284170627594,3.1322120238261686,4.851655131605258,0.8571719024523055,-0.6218255767213866,-0.982556245930676,10.90385544219481,0.000683141191127264,0.010452
37.85521221160889,3.130756802103806,4.86927987534347,0.8282811915322981,-0.5009030058427505,-0.9275093829994066,10.958902305126081,0.0006865899510370083,0.010293
37.88385462760925,3.138679676192197,4.8739690281489825,0.9678403279292154,-0.38604887656299947,-0.6980357257091587,11.188375962416329,0.0007009667839292494,0.010293
37.90947604179382,3.1328587890431776,4.87687953695664,0.9481403991541186,-0.28690098725067786,-0.6095400549080486,11.27687163321744,0.0007065111565854325,0.010293
37.9443564414978,3.137709528309523,4.875747672404872,1.032176552061492,-0.22478913103804976,-0.47792085095521614,11.408490837170271,0.0007147572765234881,0.010293
37.971388816833496,3.1267145196571953,4.8763944521463305,0.8692626992700629,-0.17714416524414478,-0.53348334766118,11.352928340464308,0.0007112762114650838,0.010293
37.99997067451477,3.132050332522596,4.862973773826356,0.8628317090645856,-0.2302510094498766,-0.6139319615718821,11.272479726553605,0.0007062359977330837,0.010293
38.02652192115784,3.1312418760088128,4.871381909318013,0.8420256660296886,-0.2132591439993787,-0.6106606801465554,11.275751007978933,0.0007064409479088502,0.010293
38.0552237033844,3.127361284837243,4.874615807872777,0.7492005583358335,-0.18053150694138817,-0.6649881260528989,11.221423562072589,0.0007030372604421452,0.010293
38.08148765563965,3.124450841561238,4.8657225872332335,0.625527326843682,-0.21491381943097204,-0.9123306299681101,10.974081058157378,0.0006875409203047684,0.010293
38.111095666885376,3.1309184934052032,4.873322248431609,0.6693908585570214,-0.19002311236463904,-0.7963502515039234,11.090061436621564,0.0006948072468175736,0.010293
38.13881158828735,3.1362543065038957,4.86976496010081,0.8077040422097757,-0.1955162812733301,-0.6193353418485161,11.267076346276971,0.0007058974687001318,0.010134
38.171849727630615,3.133505554264539,4.872675468720658,0.849088479271777,-0.1806115019028131,-0.555264990003132,11.331146698122355,0.000709911562312032,0.010134
38.19904923439026,3.134799084720321,4.871220214394487,0.9041445457211021,-0.17955315525140997,-0.506238729931235,11.380172958194251,0.0007129831233648709,0.010134
38.227571964263916,3.1354458499547437,4.8668544516109,0.9557272726202877,-0.20693730806360575,-0.5046475602924269,11.381764127833058,0.0007130828122802369,0.010134
38.256449460983276,3.144662255018842,4.877526316709342,1.177704786482031,-0.1573562227836066,-0.3264285726724219,11.559983115453063,0.000724248471264773,0.010134
38.28347992897034,3.1262294457750106,4.872837163647794,0.9613498539558766,-0.1528577944017623,-0.4274849393588689,11.458926748766617,0.0007179171541379864,0.010134
38.31302046775818,3.131080184706872,4.871866994090996,0.9077274974918613,-0.15595889384520076,-0.469449763401056,11.41696192472443,0.0007152880015383757,0.010134
38.34029769897461,3.133505554264539,4.87914326611921,0.919104897969231,-0.11125466635591574,-0.39277010307084664,11.49364158505464,0.0007200920852655413,0.010134
38.36833071708679,3.136739380436654,4.867986316008207,0.992286480226817,-0.15183670052581014,-0.40692937668726153,11.479482311438225,0.0007192049877526393,0.010134
38.39488506317139,3.137224454371863,4.8812453004121,1.0532961982850233,-0.09482746422816342,-0.2983493534481016,11.588062334677385,0.0007260076720693432,0.010134
38.422956466674805,3.133990628183417,4.86976496010081,1.0307855986730532,-0.12887932757778764,-0.35480142410162907,11.531610264023858,0.0007224708740081165,0.009985
38.45003008842468,3.1305951108026804,4.878011401528084,0.9465499089414889,-0.09959063652828322,-0.3577825791880783,11.528629108937409,0.0007222841006372214,0.009985
38.479437589645386,3.138517984877737,4.864105638156342,1.0473675599014256,-0.16867187447153045,-0.398537439391467,11.48787424873402,0.000719730753897514,0.009985
38.50625801086426,3.1315652586135108,4.874615807872777,0.9777225015554388,-0.14932041827188866,-0.4127121362619206,11.473699551863566,0.0007188426900970276,0.009985
38.53528809547424,3.145309020319764,4.884802589370196,1.206144928462423,-0.07014939875414444,-0.21625015789210764,11.67016153023338,0.0007311512969587266,0.009985
38.5633270740509,3.1393264414527615,4.880436825676029,1.2453884246921831,-0.04285468642599971,-0.1760285657415521,11.710383122383934,0.0007336712337385593,0.009985
38.58971571922302,3.1351224673369877,4.875100892669838,1.1880762476967144,-0.058123386864418376,-0.20670760498853763,11.679704083136949,0.0007317491507171058,0.009985
38.618754625320435,3.136901071748118,4.868148010923712,1.18382729518987,-0.1136031383984427,-0.2736541735024109,11.612757514623077,0.0007275548582671644,0.009985
38.64628624916077,3.134799084720321,4.880275130730021,1.1384617168637583,-0.07431397085682769,-0.24040937379280505,11.646002314332684,0.0007296376896283107,0.009824
38.673011302948,3.13560754126403,4.881083605464083,1.123010162530041,-0.041603220152647134,-0.202714285450587,11.683697402674902,0.0007319993375505769,0.009824
38.70239329338074,3.1357692325735878,4.88059852062244,1.1154549446118083,-0.02183069472252517,-0.17835586486685484,11.708055823258634,0.0007335254253219864,0.009824
38.733412742614746,3.1399732067176855,4.879466656006004,1.19494891699657,-0.015281593644031454,-0.15294098783359106,11.733470700291898,0.0007351177015091477,0.009824
38.76296043395996,3.1326970977385176,4.889976828202197,1.103855541484683,0.057011115845845686,-0.07156898183988092,11.814842706285608,0.0007402157669955853,0.009824
38.78984808921814,3.150321451550029,4.872675468720658,1.3955250427748407,-0.0038423239193996,-0.1113037508976277,11.775107937227862,0.00073772633033649,0.009824
38.81587314605713,3.1336672455705594,4.885611064160541,1.2638240497113598,0.03689360108022876,-0.0814400936054771,11.804971594520012,0.0007395973285831312,0.009824
38.847397804260254,3.140296589351783,4.8763944521463305,1.305329031099154,0.006033747238644452,-0.1115846533788385,11.77482703474665,0.0007377087314186923,0.009824
38.875592947006226,3.1325354064341293,4.88415580954516,1.1778607513453772,0.03443185011976509,-0.09352881988812893,11.79288286823736,0.0007388399536421553,0.009824
38.90342998504639,3.1296249630016364,4.883023944866825,1.0299372962553675,0.04701885501518476,-0.09557521903683579,11.790836469088653,0.0007387117439864624,0.009824
38.93079924583435,3.136415997814543,4.87316055350327,1.0633474187359682,-0.00771190681832663,-0.17265172508897556,11.713759963036512,0.0007338827973417158,0.009668
38.957420349121094,3.140943354623248,4.870573434704398,1.1780388705480689,-0.06269010480639356,-0.21639389444949125,11.670017793675996,0.0007311422916703184,0.009668
38.983442544937134,3.140619971986971,4.884317504500816,1.2518011462397207,-0.012633179569782615,-0.14018652113383728,11.74622516699165,0.000735916785981576,0.009668
39.01052784919739,3.1312418760088128,4.884802589370196,1.114304272052283,0.025531668337314524,-0.11391468087142703,11.77249700725406,0.0007375627520662434,0.009668
39.039589405059814,3.1325354064341293,4.867339536350198,1.0441434200125645,-0.060252932148005554,-0.2572327943757921,11.629178893749696,0.0007285836797290761,0.009668
39.06612706184387,3.1420751938588083,4.880275130730021,1.1874221636338902,-0.036968826481514054,-0.18214869983481793,11.70426298829067,0.0007332877991161457,0.009668
39.09498834609985,3.1378712196226206,4.885125979285128,1.2029346573840962,0.010580049006397634,-0.11957442056035408,11.766837267565133,0.0007372081617717315,0.009668
39.12158441543579,3.1315652586135108,4.894019202576489,1.086619469793347,0.10115593736158897,-0.005678037959718619,11.88073365016577,0.0007443439231441533,0.009668
39.14895224571228,3.139811515401046,4.835000561611257,1.1715032143654345,-0.21564918662582455,-0.4026447514686082,11.48376693665688,0.0007194734252783312,0.009668
39.175968647003174,3.137224454371863,4.886257844000056,1.1787479121820466,-0.10720453573751304,-0.27195789878383914,11.614453789341649,0.0007276611321569705,0.009668
39.20461702346802,3.13302048034811,4.881730385258566,1.0990365781532074,-0.0604599487824931,-0.23806576106850547,11.648345927056983,0.0007297845201137758,0.00951
39.233763456344604,3.130433419501827,4.888359878522936,0.9910647246377484,0.014969599038634655,-0.15473768977635302,11.731673998349136,0.0007350051357188375,0.00951
39.263885259628296,3.1440154897222863,4.883185639819668,1.189397521256529,0.034436945982255246,-0.0898634581329996,11.796548229992489,0.000739069593479971,0.00951
39.29138898849487,3.1388413675069295,4.875585977470511,1.2238826289559084,-0.0008942443797915736,-0.1297506422827511,11.756661045842737,0.000736570607810615,0.00951
39.31678771972656,3.140134898034598,4.872837163647794,1.2741091663011246,-0.04333440951908991,-0.1711761466171051,11.715235541508383,0.000733975244315194,0.00951
39.3447699546814,3.1354458499547437,4.886742928883916,1.2147025070263093,0.01654080857197033,-0.10928648115027695,11.77712520697521,0.0007378527149960569,0.00951
39.3727753162384,3.141266737260617,4.883023944866825,1.2905091729501612,0.03449512593173416,-0.07900386352268345,11.807407824602803,0.0007397499616705232,0.00951
39.40152192115784,3.1451473289941236,4.838396153208282,1.4218347279990335,-0.2404367689685148,-0.33357857812230335,11.552833110003183,0.0007238005138183915,0.00951
39.43115258216858,3.139164750137212,4.86927987534347,1.3931104141315942,-0.23393084041574402,-0.3367857167913262,11.54962597133416,0.0007235995822724736,0.00935
39.46294641494751,3.1480577728974075,4.882862249914386,1.5523512655829528,-0.14187669508092615,-0.21434244761389074,11.672069240511597,0.000731270817570376,0.00935
39.48963475227356,3.142236885179265,4.823681924222966,1.5464285258683188,-0.458688640024596,-0.46748589517524985,11.418925792950237,0.0007154110405208812,0.00935
39.515708208084106,3.1435304157527346,4.878819876234023,1.5683695709474121,-0.32524882199716254,-0.3602144968698405,11.526197191255646,0.0007221317377275469,0.00935
39.54262590408325,3.144985637668757,4.87768801164852,1.6130761361629042,-0.23913261590127588,-0.2810190736286,11.605392614496886,0.0007270934373806338,0.00935
39.57124423980713,3.13560754126403,4.870088349941042,1.4552402560394433,-0.22780960072291453,-0.3120233207868688,11.574388367338617,0.000725150979646671,0.00935
39.59745526313782,3.1448239463436627,4.861680214616118,1.530624745298626,-0.2740501454184548,-0.33024548488664723,11.556166203238838,0.0007240093365871099,0.00935
39.62762498855591,3.144662255018842,4.864914112689779,1.5801330173568586,-0.28558519856204984,-0.3259364376750264,11.560475250450459,0.0007242793041834684,0.00935
39.65487480163574,3.146440859606885,4.86976496010081,1.6506583827554553,-0.26240974161152913,-0.2903343874450973,11.596077300680388,0.0007265098204563209,0.00935
39.684326171875,3.1451473289941236,4.867824621093104,1.6739391748627304,-0.2586869196854916,-0.2822779815468506,11.604133706578635,0.0007270145651084039,0.00935
39.71078276634216,3.1501597602159226,4.864267333062229,1.7913227155290645,-0.2789976062602069,-0.2727610594947766,11.613650628630708,0.0007276108130595056,0.00935
39.7390992641449,3.1432070331077306,4.850523267490934,1.733273762957072,-0.381756723471801,-0.35713800163951354,11.529273686485972,0.0007223244842865309,0.00935
39.76764416694641,3.149027920884831,4.862650384021394,1.8100308330762989,-0.375563133008079,-0.3342681589266963,11.552143529198789,0.0007237573106546491,0.009194
39.79476881027222,3.1443388723700183,4.8739690281489825,1.7691955379713784,-0.2983109655787371,-0.2905011018503558,11.59591058627513,0.000726499375574876,0.009194
39.821186780929565,3.139164750137212,4.873322248431609,1.6362629811122595,-0.24840111466807838,-0.28249813894978115,11.603913549175704,0.0007270007719513622,0.009194
39.84736657142639,3.149674686215244,4.865075807597669,1.7551667681054584,-0.2665892106025334,-0.2707478266617386,11.615663861463748,0.0007277369448009681,0.009194
39.87448692321777,3.146117476952057,4.865075807597669,1.766660267328493,-0.2793208777566366,-0.27757775496826576,11.608833933157221,0.0007273090406175928,0.009194
39.90003490447998,3.1480577728974075,4.855212418949228,1.813836162820761,-0.351774692533599,-0.3178445050718821,11.568567183053606,0.000724786274631338,0.009194
39.9274115562439,3.1472493162487325,4.864590722875203,1.830554937053927,-0.34207571440343226,-0.3076759978089623,11.578735690316526,0.0007254233452712052,0.009194
39.95499396324158,3.1432070331077306,4.866531061786706,1.7607363180244997,-0.32278643239274707,-0.3097290610970927,11.576682627028395,0.0007252947180982251,0.009194
39.98157858848572,3.142560267820996,4.8558591984871065,1.6988198032642488,-0.37803391564532346,-0.36467207257986334,11.521739615545625,0.0007218524646212381,0.009033
40.00961422920227,3.1451473289941236,4.82675412560697,1.707652169218874,-0.6042070441891091,-0.5135114142743155,11.372900273851172,0.0007125274799210301,0.009033
40.036067962646484,3.146602550934708,4.862973773826356,1.7431826595425979,-0.5291950247113478,-0.45423054661165696,11.43218114151383,0.0007162415059149379,0.009033
40.06491684913635,3.1445005636942938,4.862326994218034,1.725662686909958,-0.48085327666428457,-0.4279027128365126,11.458508975288975,0.000717890980068397,0.009033
40.09079885482788,3.146602550934708,4.851331741856311,1.755790021926324,-0.5178473617047294,-0.4430332919754061,11.44337839615008,0.0007169430289597101,0.009033
40.117979764938354,3.1524234389182837,4.846480895813878,1.8942704975214415,-0.5749932065673553,-0.4380271300083892,11.448384558117098,0.000717256671731962,0.009033
40.143887996673584,3.1456324029718616,4.858608011594504,1.854250266534509,-0.5368703302899018,-0.4262472170873779,11.460164471038109,0.0007179946991009873,0.009033
40.17121601104736,3.1487045382212635,4.857476147359807,1.8881926444532913,-0.517475981159047,-0.4052572788221784,11.481154409303308,0.0007193097469300962,0.009033
40.196062088012695,3.1480577728974075,4.856344283144717,1.8989088268081467,-0.5111916009045067,-0.3986537604973269,11.48775792762816,0.0007197234662239721,0.009033
40.22637748718262,3.145309020319764,4.858931401379449,1.8509753561392945,-0.4901258736560283,-0.39810056099703856,11.488311127128448,0.0007197581249158047,0.009033
40.251505613327026,3.1396498240846786,4.852140216231678,1.703291464554911,-0.5191298484846655,-0.4611088659824766,11.42530282214301,0.0007158105699663788,0.008877
40.279918909072876,3.147734390237118,4.847774454723374,1.762956259818169,-0.5675576181172911,-0.47307176428654035,11.413339923838947,0.0007150610783172921,0.008877
40.306540727615356,3.1474110075779214,4.861680214616118,1.7981998754634083,-0.5118737575945203,-0.4265440880539633,11.459867600071524,0.0007179760997361297,0.008877
40.335304737091064,3.1472493162487325,4.863458858536804,1.819609535903774,-0.4614367248775076,-0.3876269641611939,11.498784723964294,0.0007204143098272571,0.008877
40.36315155029297,3.145309020319764,4.860871740122734,1.7954658525062577,-0.44279746420122706,-0.38171685764100405,11.504694830484484,0.0007207845859400776,0.008877
40.38953137397766,3.1451473289941236,4.831443275364746,1.7753044036882981,-0.6193332181475626,-0.5018017058917892,11.384609982233698,0.0007132611088814102,0.008877
40.41668438911438,3.1435304157527346,4.8571527575820665,1.7285826854213917,-0.5772833352828833,-0.4912675473386883,11.3951441407868,0.0007139210880658041,0.008877
40.442946434020996,3.1475726989073833,4.865075807597669,1.7773992439024442,-0.49680676503289684,-0.4227024378521375,11.46370925027335,0.0007182167842819477,0.008877
40.471471309661865,3.141913502538625,4.853272080373983,1.697440370027142,-0.5165148087803245,-0.46161209512151313,11.424799593003975,0.0007157790419848062,0.008877
40.49801015853882,3.1457940942983207,4.846319200951988,1.7197300477447037,-0.5751020856582024,-0.49313379677194935,11.393277891353538,0.0007138041650317876,0.008877
40.53203868865967,3.142883650463818,4.848582929054789,1.6766371547772163,-0.6015298533076255,-0.5261808455911223,11.360230842534365,0.0007117337230295753,0.008718
40.55912375450134,3.144985637668757,4.82643073598084,1.6888634448437523,-0.7627375321994776,-0.6203560902651226,11.266055597860365,0.000705833517440611,0.008718
40.58873701095581,3.137547836996697,4.8547273343000175,1.5474218138629319,-0.6932913494667036,-0.6407826247975825,11.245629063327906,0.0007045537676122055,0.008718
40.61595129966736,3.1388413675069295,4.85957818095414,1.4744996337804082,-0.6134290322788428,-0.6230291631139167,11.263382525011572,0.0007056660458357666,0.008718
40.64189648628235,3.139164750137212,4.856344283144717,1.4299758481785625,-0.5783587366883637,-0.6207375891251107,11.265674099000378,0.000705809616024547,0.008718
40.66942000389099,3.1457940942983207,4.848259539321024,1.5325048824507457,-0.6058928413689183,-0.5894266289956548,11.296985059129835,0.000707771289738177,0.008718
40.69855785369873,3.1440154897222863,4.845834116368714,1.5684056317256152,-0.6407917068685457,-0.5967493220361995,11.28966236608929,0.0007073125131822609,0.008718
40.72768473625183,3.1341523194902536,4.859739875848812,1.3946230721419213,-0.5756376161110311,-0.6382671656383955,11.248144522487095,0.000704711364507666,0.008718
40.755096197128296,3.137709528309523,4.851331741856311,1.3447144231529509,-0.5841963993174578,-0.6742374664317969,11.212174221693694,0.0007024577768423233,0.008567
40.78328204154968,3.1399732067176855,4.854889029182688,1.3554305519753398,-0.5672708901774881,-0.6545982698286026,11.231813418296888,0.0007036881988917913,0.008567
40.81039023399353,3.146602550934708,4.856020893372577,1.4966275274721361,-0.5481313698048227,-0.5639092142825483,11.322502473842942,0.0007093699900487244,0.008567
40.837915658950806,3.140943354623248,4.8479361495888575,1.4813349466633745,-0.5868170168803183,-0.6003061801767687,11.286105507948722,0.0007070896712416556,0.008567
40.86596751213074,3.140296589351783,4.857314452470737,1.4575866589655644,-0.5534803280853715,-0.5872876473935841,11.299124040731908,0.0007079052998089437,0.008567
40.89665389060974,3.140296589351783,4.851655131605258,1.4409628575770852,-0.5666029652615078,-0.6060364042109415,11.28037528391455,0.000706730665008229,0.008567
40.92319655418396,3.1440154897222863,4.852786995739168,1.504326214314041,-0.5684971476707348,-0.5753481678341648,11.311063520291327,0.0007086533242422189,0.008567
40.95191287994385,3.1380329109359915,4.851978521355805,1.4280283630524946,-0.5750314065229821,-0.6195384842898728,11.266873203835619,0.0007058847415532901,0.008567
40.985756158828735,3.138356293563549,4.84955309826567,1.3811416075703935,-0.5952303808306955,-0.661694248789287,11.224717439336205,0.0007032436262775345,0.008567
41.01501441001892,3.132373715130013,4.86604597705342,1.227668684869611,-0.5031196982565687,-0.6869448541709007,11.199466833954592,0.0007016616419300232,0.008567
41.04314064979553,3.1396498240846786,4.870088349941042,1.2669767946661208,-0.4126005583716271,-0.5728128800902441,11.313598808035248,0.0007088121634251496,0.00841
41.07056927680969,3.136415997814543,4.828532768579138,1.2292750676234867,-0.6169453698569667,-0.7807331910571973,11.105678497068295,0.0006957856766337101,0.00841
41.09826374053955,3.134799084720321,4.864752417782291,1.170275157567299,-0.526653522100692,-0.7532758228512956,11.133135865274197,0.000697505917636614,0.00841
41.12945890426636,3.1325354064341293,4.856667672918456,1.0833230398730784,-0.5155325469659573,-0.8215473634015842,11.064864324723908,0.0006932286139086924,0.00841
41.15936231613159,3.1315652586135108,4.857314452470737,1.0028913375356108,-0.5035811991453016,-0.8951900450629314,10.99122164306256,0.0006886148009748507,0.00841
41.18712377548218,3.130271728201245,4.867339536350198,0.9205021862711112,-0.4306319393858368,-0.9273709963597639,10.959040691765729,0.0006865986211458836,0.00841
41.21308612823486,3.1257443718952698,4.870411739782878,0.7715254244489218,-0.35977579412572375,-1.1026258205629451,10.783785867562548,0.000675618670981315,0.00841
41.24003458023071,3.1343140107973624,4.849876488005826,0.8400677971142363,-0.4424681197712664,-1.0587784031850729,10.82763328494042,0.0006783657705823846,0.00841
41.26870346069336,3.1331821716533144,4.859254791165993,0.8652213676332983,-0.4399361041825624,-1.016920076732666,10.869491611392828,0.0006809882509649322,0.00841
41.297977924346924,3.13528415864573,4.861356824817563,0.9252201778544328,-0.42462203059776665,-0.9138280814935518,10.972583606631943,0.0006874471029551013,0.00841
41.32507944107056,3.128331432615463,4.8694415702621825,0.8270019357096359,-0.3618188570522529,-0.998712011819611,10.887699676305884,0.000682129010691505,0.008252
41.353676319122314,3.128654815210376,4.864267333062229,0.7647709059508963,-0.3511899624169399,-1.1087769416633546,10.777634746462141,0.0006752332949812775,0.008252
41.38104510307312,3.1396498240846786,4.8547273343000175,0.9429483494230354,-0.40520805061892706,-0.8677365599217324,11.018675128203764,0.0006903347986985348,0.008252
41.40795135498047,3.1268762109518,4.857637842249278,0.8100638272369082,-0.4242707190737609,-1.0936147050316816,10.792796983093815,0.000676183229474414,0.008252
41.434300899505615,3.1267145196571953,4.864267333062229,0.7137837918928094,-0.3949062658320069,-1.2572326392014916,10.629179048924005,0.0006659323461028304,0.008252
41.469714403152466,3.137062763059854,4.848259539321024,0.8550834462864023,-0.4774761117694762,-1.0662585202219188,10.820153167903577,0.0006778971312016251,0.008252
41.49983787536621,3.1341523194902536,4.87089682454864,0.8952975423344871,-0.38944171522031634,-0.9164469140672357,10.96996477405826,0.0006872830295763562,0.008252
41.52933692932129,3.128978197806376,4.860871740122734,0.8190995703528617,-0.3924009574411932,-1.0465275124643931,10.839884175661103,0.0006791333053432464,0.008252
41.555763959884644,3.136739380436654,4.87089682454864,0.9222827508953555,-0.3298891071905144,-0.7986313003549662,11.087780387770529,0.0006946643360428136,0.008093
41.5838840007782,3.132373715130013,4.860386655431509,0.9064674851970964,-0.35383913091412683,-0.8550210084661931,11.031390679659303,0.0006911314450786366,0.008093
41.60902643203735,3.134637393412396,4.835000561611257,0.9410489797863789,-0.5341457344188161,-0.9948438049414003,10.891567883184095,0.0006823713590487733,0.008093
41.6367506980896,3.1351224673369877,4.870088349941042,0.9750386362626723,-0.43431878368519455,-0.8564916793637748,11.02992000876172,0.0006910393055712801,0.008093
41.66218900680542,3.13560754126403,4.874292418010077,1.008614006109275,-0.3373565878922554,-0.6958239665702137,11.190587721555282,0.0007011053536104673,0.008093
41.69215679168701,3.131080184706872,4.860548350328183,0.9408124039992402,-0.3580247010433322,-0.8103545179209899,11.076057170204507,0.0006939298607139399,0.008093
41.720799684524536,3.137547836996697,4.829341242673315,1.0237860852718152,-0.5735339404243474,-0.9306608374040347,10.955750850721461,0.0006863925081850585,0.008093
41.74807167053223,3.140943354623248,4.862003604416275,1.1503459371231677,-0.5139738504415792,-0.7529214271934577,11.133490260932039,0.0006975281210006546,0.008093
41.78381323814392,3.140296589351783,4.875747672404872,1.2258943522874017,-0.38374013527167117,-0.5571874468245405,11.329224241300956,0.0007097911178096427,0.007937
41.81361436843872,3.139811515401046,4.864914112689779,1.2689956321112907,-0.3623681914593032,-0.5046254742710954,11.3817862138544,0.0007130841959991432,0.007937
41.840075731277466,3.140296589351783,4.835162256445225,1.3089491387790757,-0.5390744108424004,-0.6542494916925989,11.232162196432897,0.0007037100503105428,0.007937
41.865777015686035,3.1362543065038957,4.873322248431609,1.2553948383651927,-0.41693552635263886,-0.5729451115010891,11.313466576624407,0.0007088038789496275,0.007937
41.89721059799194,3.133990628183417,4.864105638156342,1.17225464672916,-0.3908132973485775,-0.605661116684532,11.280750571440965,0.0007067541772759007,0.007937
41.92797517776489,3.136415997814543,4.863782248345772,1.162969564067629,-0.3746110698806955,-0.5939933817819479,11.29241830634355,0.0007074851765413774,0.007937
41.955519676208496,3.1296249630016364,4.87413072307933,1.0195134651609556,-0.2966028548106305,-0.6237977916602817,11.262613896465215,0.0007056178902248017,0.007937
41.984604835510254,3.137386145684144,4.870088349941042,1.075615957909223,-0.2680387679594666,-0.5229044989064934,11.363507189219003,0.000711938990550642,0.007937
42.01195955276489,3.140619971986971,4.855697503602037,1.1801051073925228,-0.3407522168292909,-0.5387782402667461,11.347633447858751,0.0007109444793304616,0.007937
42.04203152656555,3.140619971986971,4.869603265181296,1.2532475120308415,-0.3020683209077396,-0.44124675885080666,11.445164929274691,0.0007170549576599029,0.007937
42.06883430480957,3.1349607760285187,4.870735129626318,1.1903167387403573,-0.2676979281443386,-0.4348141800633059,11.451597508062193,0.0007174579673621325,0.00778
42.09692072868347,3.137709528309523,4.878334791409255,1.201699989771865,-0.19468032363506124,-0.32284509854519644,11.563566589580303,0.0007244729807326977,0.00778
42.126110553741455,3.1457940942983207,4.871705299166266,1.3727117815660574,-0.18627633085126352,-0.2446183050412548,11.641793383084245,0.0007293739944315361,0.00778
42.15583848953247,3.141751811218714,4.872675468720658,1.4108982760674886,-0.1741435366073665,-0.2192615865818944,11.667150101543605,0.0007309626269059152,0.00778
42.18265199661255,3.1378712196226206,4.867501231264099,1.359367936087624,-0.1989839091362851,-0.26453907277115174,11.621872615354349,0.0007281259315727321,0.00778
42.20967650413513,3.145309020319764,4.834192087447393,1.4732967326349287,-0.43095540892608347,-0.46560940176383137,11.420802286361669,0.0007155286053538914,0.00778
42.2357075214386,3.1454707116456757,4.871381909318013,1.5563077606632512,-0.3537522236327159,-0.36074206836574213,11.525669619759757,0.0007220986846646173,0.00778
42.26416325569153,3.1388413675069295,4.877041231894213,1.4807197965406227,-0.26325166357398483,-0.29712391817489336,11.589287769950605,0.0007260844472353967,0.00778
42.29287314414978,3.134637393412396,4.861841909515997,1.3430255977268741,-0.2978179230315426,-0.38985722129753664,11.496554466827963,0.0007202745812216543,0.00778
42.323726654052734,3.1454707116456757,4.870573434704398,1.465117966227601,-0.26576431615564855,-0.3047509107314892,11.58166077739401,0.0007256066059060199,0.00778
42.35160040855408,3.1438537983988293,4.842923608944517,1.5179739199737379,-0.42145172912327,-0.4379488802590237,11.448462807866475,0.0007172615741838772,0.007622
42.380364418029785,3.147734390237118,4.832575139149543,1.6332339786113566,-0.5970995422279706,-0.5313964464840536,11.355015241641446,0.0007114069586272663,0.007622
42.40626621246338,3.1456324029718616,4.866531061786706,1.6715247032974496,-0.5013031118699353,-0.4439248358733636,11.442486852252136,0.0007168871725368501,0.007622
42.43906331062317,3.143368724430096,4.849229708527111,1.6526760247686487,-0.5457039069446192,-0.4851912488114989,11.401220439314,0.0007143017763311174,0.007622
42.46495580673218,3.1445005636942938,4.861841909515997,1.6623080425681904,-0.4955344933909867,-0.4427551821068599,11.44365650601864,0.0007169604529165737,0.007622
42.494561433792114,3.1388413675069295,4.854565639417747,1.5549199938740983,-0.5072908885699943,-0.4962463126928261,11.390165375432673,0.000713609161728153,0.007622
42.520599365234375,3.146279168279334,4.846157506090497,1.629748395839254,-0.5696870076463194,-0.5129390003596013,11.373472687765897,0.0007125633424217388,0.007622
42.547863245010376,3.1506448342190607,4.855374113833098,1.77017178206047,-0.5539893171768491,-0.44774909774073185,11.438662590384766,0.0007166475773935444,0.007622
42.57607865333557,3.1470876249198168,4.855374113833098,1.7967290000159535,-0.5430009338482198,-0.43108750864683404,11.455324179478664,0.0007176914483325915,0.007622
42.603360652923584,3.144985637668757,4.85796123202942,1.772927736510883,-0.5186424046953165,-0.42134219927986805,11.46506948884563,0.000718302005055775,0.007622
42.630269050598145,3.1524234389182837,4.847612759858289,1.9062668977306418,-0.5682580736232606,-0.4146811695054162,11.471730518620081,0.0007187193275192262,0.007463
42.65666341781616,3.141751811218714,4.861033435020611,1.7843868573827035,-0.5165307419535088,-0.4160856146654299,11.470326073460068,0.0007186313371432926,0.007463
42.68193531036377,3.139003058821934,4.851655131605258,1.6436360344694398,-0.5407382549692096,-0.4857162531901401,11.400695434935358,0.0007142688841015318,0.007463
42.71392774581909,3.1451473289941236,4.8568293678059264,1.6690235310625077,-0.5243501936712088,-0.4627810767615418,11.423630611363956,0.0007157058037147098,0.007463
42.741281270980835,3.147896081567126,4.855212418949228,1.7422295769012852,-0.5232952136737938,-0.4350323402068749,11.451379347918623,0.0007174442993360729,0.007463
42.772461891174316,3.153555278289561,4.849876488005826,1.9076042809331293,-0.5569317134549174,-0.4065094479675531,11.479902240157944,0.0007192312968510401,0.007463
42.79900121688843,3.1506448342190607,4.847451064993603,1.9646709016261947,-0.5961022559109088,-0.4158283202301205,11.470583367895376,0.0007186474569853006,0.007463
42.83054184913635,3.1521000562432366,4.84421716778375,2.0339653719526143,-0.6443549582085785,-0.4264562676071227,11.459955420518373,0.0007179816018050983,0.007463
42.857662200927734,3.159861240746446,4.862003604416275,2.2389932998826167,-0.5635485628905372,-0.33188749713992993,11.554524190985566,0.0007239064623136483,0.007307
42.88618564605713,3.154848809016005,4.864267333062229,2.2814258529844866,-0.4924007565037388,-0.28396475444823954,11.602446933677257,0.0007269088865202093,0.007307
42.91300559043884,3.1456324029718616,4.853272080373983,2.1252590153586377,-0.5134306028099102,-0.32531662861482286,11.561095059510674,0.0007243181360537102,0.007307
42.94476771354675,3.153555278289561,4.858122926920091,2.17572488785327,-0.49690150664515625,-0.305275812365206,11.58113587576029,0.0007255737201135417,0.007307
42.97078323364258,3.1498363775485303,4.8555358087173675,2.1360509734180813,-0.5019978001939321,-0.31612562468845407,11.570286063437042,0.0007248939647964151,0.007307
42.99774169921875,3.1504831428844082,4.857799537139148,2.12132271574423,-0.49098187745807625,-0.3122664255577601,11.574145262567736,0.000725135748806201,0.007307
43.02739882469177,3.1524234389182837,4.859416486059866,2.1501433831939814,-0.47285406821935677,-0.2953752298678365,11.59103645825766,0.0007261940049069309,0.007307
43.054633140563965,3.141266737260617,4.854565639417747,1.9453177862675526,-0.49141459094984186,-0.3525504900408437,11.533861198084653,0.0007226118980508134,0.007307
43.08457970619202,3.151938364906124,4.8621652993169535,2.0171573205305107,-0.45544863942162195,-0.3109376895636411,11.575473998561854,0.0007252189959011876,0.007307
43.11597681045532,3.1509682168891864,4.846642590676167,2.0478797706038354,-0.5302724348286919,-0.3533535706936676,11.533058117431828,0.000722561583969097,0.007307
43.1462607383728,3.1491896122170244,4.854889029182688,2.0335159090009136,-0.52952411503535,-0.356314406354077,11.530097281771418,0.0007223760836375393,0.00715
43.17673587799072,3.1475726989073833,4.855374113833098,1.9908525004080768,-0.5258752923491743,-0.36451620228140785,11.521895485844087,0.0007218622301048248,0.00715
43.20577073097229,3.1491896122170244,4.853757165012396,1.9935968198638556,-0.5337377791481552,-0.3690640131874315,11.517347674938064,0.0007215773036422691,0.00715
43.233582496643066,3.1524234389182837,4.846319200951988,2.0607352560777046,-0.5871581649156744,-0.3863710717173865,11.500040616408109,0.0007204929931759629,0.00715
43.265037298202515,3.148219464227962,4.840013101649611,2.022949525484048,-0.6651774123263886,-0.445115826414226,11.44129586171127,0.0007168125553795499,0.00715
43.291924715042114,3.153716969629409,4.838881237736494,2.107369115667307,-0.7270825477055751,-0.45752530222584903,11.428886385899647,0.0007160350850497056,0.00715
43.32028770446777,3.1475726989073833,4.803146687075337,2.0425497450745853,-1.0006242699442085,-0.6237913714454432,11.262620316680053,0.0007056182924598858,0.00715
43.35095977783203,3.1488662295529104,4.8422768295344785,2.0232631499921974,-0.9400203610852459,-0.6001143753537966,11.2862973127717,0.0007071016880714758,0.00715
43.37701058387756,3.1498363775485303,4.850523267490934,2.029327756915327,-0.844472651849334,-0.5470731075409597,11.339338580584537,0.0007104247947528376,0.006992
43.405712842941284,3.1480577728974075,4.846480895813878,1.9977034055315928,-0.8036309096685728,-0.5347915582893942,11.351620129836103,0.0007111942503118444,0.006992
43.431143283843994,3.1508065255539868,4.839204627423962,2.0310011594720887,-0.8219166638031881,-0.5339853939874621,11.352426294138034,0.0007112447575883198,0.006992
43.45690727233887,3.1472493162487325,4.851008352108961,1.9825704347098443,-0.7586750651296472,-0.5135675147609238,11.372844173364573,0.0007125239651501822,0.006992
43.48635125160217,3.1517766735692843,4.844540557497549,2.0399733037745005,-0.7560725924501568,-0.4933231392608129,11.393088548864684,0.0007137923024705079,0.006992
43.51386046409607,3.14999806888209,4.843408693506236,2.044285735162363,-0.7615425242699605,-0.4951630795447049,11.391248608580792,0.0007136770277400418,0.006992
43.540316104888916,3.145955785625052,4.840336491342662,1.9657826738011122,-0.7851631317965077,-0.5352666340145831,11.351145054110914,0.0007111644861794693,0.006992
43.566691160202026,3.153716969629409,4.8558591984871065,2.0673523194892494,-0.7016976052279617,-0.4525417208583698,11.433869967267126,0.0007163473131170629,0.006992
43.59510827064514,3.146925933591174,4.84955309826567,2.001494505715831,-0.683896719924183,-0.46151012585218176,11.424901562273314,0.0007157854304965105,0.006992
43.62086081504822,3.1506448342190607,4.8299880219558196,2.030394058974098,-0.7974776901525731,-0.5206818422939878,11.365729845831508,0.0007120782429732171,0.006992
43.65011167526245,3.144177181046016,4.843085303798024,1.9201889256931577,-0.7926094248371984,-0.5567822194612051,11.32962946866429,0.000709816505848317,0.006836
43.679532527923584,3.148219464227962,4.838072763524802,1.9245670942148798,-0.8214932865230212,-0.5724404586838686,11.313971229441627,0.0007088354961265508,0.006836
43.70652675628662,3.1445005636942938,4.848582929054789,1.8526317911805406,-0.7740036939129911,-0.5717238432353609,11.314687844890134,0.0007088803930470638,0.006836
43.733989000320435,3.145309020319764,4.851816826480332,1.8185814311999882,-0.7199276551179975,-0.5504049992699528,11.336006688855543,0.0007102160472601257,0.006836
43.76148581504822,3.1475726989073833,4.828694463397177,1.8403983659474348,-0.8310326717239996,-0.6123308182511761,11.27408086987432,0.0007063363115130193,0.006836
43.788564682006836,3.143045341785638,4.849068013658432,1.7643658478818043,-0.7775562650241171,-0.6122839320743573,11.274127756051138,0.0007063392489949814,0.006836
43.81441593170166,3.1396498240846786,4.854080554773336,1.6426648087746738,-0.7078311275053788,-0.6239150909040826,11.262496597221412,0.0007056105412696038,0.006836
43.84190273284912,3.14854284688989,4.849714793135548,1.7368219534660798,-0.6871485193289693,-0.562637756320282,11.323773931805214,0.0007094496485980713,0.006836
43.86926031112671,3.1411050459417966,4.846642590676167,1.6527319151558586,-0.692462350763835,-0.6074012843987967,11.279010403726698,0.0007066451534309509,0.006836
43.90077614784241,3.145309020319764,4.836455815131316,1.678651517982714,-0.7618069945987533,-0.6436734806888188,11.242738207436677,0.0007043726516071942,0.006836
43.926719665527344,3.144662255018842,4.848906318790151,1.6837517582357173,-0.7301399572155474,-0.6188826972368439,11.267528990888652,0.0007059258274931128,0.006677
43.95568799972534,3.137224454371863,4.843246998651931,1.5373218928912655,-0.7444313456948042,-0.7121972135672628,11.174214474558234,0.0007000795476911316,0.006677
43.981701612472534,3.13560754126403,4.841630050130823,1.4022122857493022,-0.7648519783795261,-0.8214806475364649,11.064931040589032,0.0006932327937472651,0.006677
44.01223659515381,3.140619971986971,4.82675412560697,1.408722536880566,-0.8749796881030509,-0.8892842060554513,10.997127482070045,0.0006889848097222673,0.006677
44.03855919837952,3.139164750137212,4.835647340949521,1.3839318803487088,-0.8947774606034766,-0.9199416267882015,10.966470061337295,0.000687064081129772,0.006677
44.0682852268219,3.1326970977385176,4.843246998651931,1.236143615831186,-0.8596775980663489,-1.0247608628587705,10.861650825266725,0.0006804970151812265,0.006677
44.09548377990723,3.1343140107973624,4.843893778071547,1.1653005310818123,-0.8309410299186603,-1.0779221602740887,10.808489527851407,0.0006771663884840276,0.006677
44.12528705596924,3.139811515401046,4.8396897119581554,1.226579957267399,-0.8379087498961064,-1.0211533608697856,10.86525832725571,0.0006807230300269674,0.006677
44.152705907821655,3.138356293563549,4.835000561611257,1.2401277235208086,-0.8729944677062151,-1.028450160417901,10.857961527707594,0.0006802658757331361,0.006519
44.181429862976074,3.1380329109359915,4.818992775018832,1.2430894194971902,-1.0006793873263096,-1.089442855667652,10.796968832457843,0.0006764446014413164,0.006519
44.20811176300049,3.141913502538625,4.851816826480332,1.3234234929434703,-0.8786006405073032,-0.958049789540075,10.92836189858542,0.000684676553540838,0.006519
44.23474931716919,3.141913502538625,4.861518519716641,1.3796573443558453,-0.7306455396475964,-0.8108655661096045,11.07554612201589,0.0006938978428584075,0.006519
44.26469802856445,3.136901071748118,4.856667672918456,1.3179340628512437,-0.6583269592487884,-0.804498210470618,11.081913477654876,0.0006942967662427652,0.006519
44.29438138008118,3.134637393412396,4.859739875848812,1.229075584144282,-0.5879122927772049,-0.8267271209118943,11.0596845672136,0.0006929040951424541,0.006519
44.32154846191406,3.14142842857971,4.812686678339995,1.3038311972404488,-0.8417468253481575,-0.9532136281703778,10.933198059955116,0.0006849795455472977,0.006519
44.34803771972656,3.144985637668757,4.861195129918887,1.4278992745680148,-0.7069312017885935,-0.7538295440483935,11.1325821440771,0.0006974712262597755,0.006519
44.373958349227905,3.1396498240846786,4.864105638156342,1.4071382074550125,-0.5938102701537419,-0.669800288509511,11.216611399615982,0.0007027357719998293,0.006519
44.40110969543457,3.138679676192197,4.805572108452492,1.3730402390751333,-0.8917086935820856,-0.9266050059109409,10.959806682214552,0.0006866466114764942,0.006519
44.42735934257507,3.1509682168891864,4.861841909515997,1.5969978135850502,-0.7377378440372245,-0.6645058484392813,11.221905839686212,0.0007030674757825053,0.00636
44.45484972000122,3.133343862958791,4.851493436730585,1.398333249195931,-0.6966248926480931,-0.7684482569331043,11.11796343119239,0.000696555344259528,0.00636
44.48066544532776,3.139003058821934,4.845995811229405,1.3733985087387082,-0.7032624766337829,-0.7943304421768278,11.092081245948666,0.0006949337905852236,0.00636
44.50802254676819,3.1438537983988293,4.861680214616118,1.453770299731513,-0.6068671585560588,-0.6467204490333553,11.239691239092139,0.0007041817549472695,0.00636
44.53821420669556,3.1380329109359915,4.862973773826356,1.3926392228447249,-0.5310571047682031,-0.615301607221537,11.271110080903957,0.0007061501875932223,0.00636
44.564353942871094,3.149674686215244,4.857799537139148,1.5846301373181721,-0.5113233906600736,-0.47476251814395803,11.411649169981537,0.0007149551503168544,0.00636
44.59456920623779,3.141266737260617,4.8037934661005295,1.5494585141544683,-0.8454261981815944,-0.7711222582266053,11.11528942989889,0.0006963878144863755,0.00636
44.622114181518555,3.140619971986971,4.844863947212945,1.5117948967642032,-0.8147150533646801,-0.7752567412726701,11.111154946852825,0.0006961287835694894,0.00636
44.64865255355835,3.137062763059854,4.860548350328183,1.4136912196964049,-0.6921756268740352,-0.7534346525647233,11.13297703556077,0.0006974959667417043,0.00636
44.67817831039429,3.142883650463818,4.858446316702633,1.4624099751433954,-0.6199396908356457,-0.6524314727659031,11.23398021535959,0.0007038239516385324,0.00636
44.70637249946594,3.141266737260617,4.8621652993169535,1.4639044006321453,-0.5454162093416731,-0.5780927607868676,11.308318927338625,0.0007084813718067883,0.0062
44.7358934879303,3.142721959142271,4.869926655020726,1.4942983314412785,-0.44324978264551074,-0.44743655094319673,11.438975137182297,0.0007166671588702689,0.0062
44.76207494735718,3.147896081567126,4.851331741856311,1.6199219371664397,-0.49152491589160685,-0.43562552644593966,11.450786161679554,0.0007174071354213396,0.0062
44.78990578651428,3.154848809016005,4.858446316702633,1.8480758990831658,-0.47948419314795154,-0.3399371672495265,11.546474520875968,0.0007234021396677727,0.0062
44.815505027770996,3.152585130256217,4.868956485507249,1.9621314822188654,-0.4033473703415657,-0.2488218271266542,11.63758986099884,0.000729110638126092,0.0062
44.844037771224976,3.140943354623248,4.862003604416275,1.8071877149860849,-0.39484325138362064,-0.2772458452323666,11.609165842893129,0.0007273298352084177,0.0062
44.8696346282959,3.143045341785638,4.8547273343000175,1.7411183922088622,-0.43576535289560553,-0.3347330761688426,11.551678611956653,0.0007237281829648837,0.0062
44.90060544013977,3.1543637349915365,4.854889029182688,1.923130805334818,-0.4633691576822067,-0.30613251494105703,11.580279173184438,0.0007255200465463148,0.0062
44.92965030670166,3.154848809016005,4.863135468729439,2.0603221068010096,-0.42956683775322,-0.24948730614022951,11.636924381985265,0.0007290689449719216,0.0062
44.96008825302124,3.145309020319764,4.864105638156342,1.9639646521343046,-0.39965521532897663,-0.24514522876376035,11.641266459361734,0.0007293409819524788,0.0062
44.98658204078674,3.1407816633049737,4.862973773826356,1.8052100636357664,-0.38600874450924366,-0.2695397679048017,11.616871920220692,0.0007278126313049341,0.006042
45.01711058616638,3.1351224673369877,4.86879479058974,1.5799513949572286,-0.3389562227907055,-0.2877091028504255,11.598702585275069,0.0007266742980628488,0.006042
45.043803691864014,3.1517766735692843,4.871543604241939,1.7581399759476812,-0.2883111268003665,-0.18483197552097103,11.701579712604524,0.0007331196882898352,0.006042
45.07425856590271,3.1362543065038957,4.859901570743886,1.5698284243832226,-0.3278595437115973,-0.278113475340328,11.608298212785167,0.0007272754770166247,0.006042
45.100467681884766,3.1527468215944237,4.859416486059866,1.770619120622021,-0.3586684345968215,-0.2523313266990702,11.634080361426424,0.0007288907632634004,0.006042
45.12694716453552,3.1440154897222863,4.87316055350327,1.735085598445505,-0.29169300954673677,-0.19259623326924258,11.693815454856251,0.0007326332471118049,0.006042
45.15441131591797,3.142883650463818,4.860871740122734,1.6873860402677774,-0.323976863469697,-0.23815835858746195,11.648253329538033,0.0007297787187548228,0.006042
45.18069672584534,3.151453290896425,4.85311038549531,1.8268224863504643,-0.3965755439321324,-0.27410715976629557,11.6123045283592,0.0007275264780692144,0.006042
45.20669364929199,3.1506448342190607,4.867177841436698,1.9081236454183264,-0.3567696472070293,-0.21996144309931617,11.66645024502618,0.0007309187799549476,0.005886
45.235087394714355,3.142398576499994,4.872190383941657,1.7987300620937394,-0.29661385771566,-0.18487828593565564,11.70153340218984,0.0007331167868801443,0.005886
45.26163864135742,3.151938364906124,4.839042932580029,1.9145459136088208,-0.4680463934583907,-0.31369162344485796,11.572720064680638,0.0007250464582440374,0.005886
45.28812265396118,3.1480577728974075,4.865560892323741,1.9173561152169993,-0.41721590643746986,-0.27019353395662365,11.616218154168873,0.0007277716719835523,0.005886
45.313862800598145,3.1483811555587895,4.860548350328183,1.925844997425859,-0.41392622402499185,-0.2654118950083522,11.620999793117145,0.0007280712480870672,0.005886
45.340824127197266,3.1516149822327173,4.851008352108961,1.9970046270156605,-0.4730817572849251,-0.29692309287356844,11.589488595251929,0.0007260970292103029,0.005886
45.36857342720032,3.154848809016005,4.860224960535234,2.1120337819775994,-0.4551156523396567,-0.2584802748674564,11.627931413258041,0.0007285055234004733,0.005886
45.395031690597534,3.1488662295529104,4.856505978031387,2.0719019758243014,-0.46649770443337607,-0.27503612734286975,11.611375560782628,0.0007274682770026153,0.005886
45.41999006271362,3.1645502900229827,4.845672421508421,2.3601141821430898,-0.5442567771413069,-0.2728613925052676,11.61355029562023,0.000727604527061617,0.005886
45.449897050857544,3.151453290896425,4.856991062693797,2.297732185663198,-0.5257714928863781,-0.27220651961545117,11.614205168510047,0.0007276455557278863,0.005886
45.476672410964966,3.1508065255539868,4.86006326563936,2.2410213055642094,-0.4930401336175242,-0.2609458372961828,11.625465850829315,0.000728351052602205,0.005728
45.5112783908844,3.1546871176742424,4.802984992320028,2.2795845861967354,-0.8378362455338761,-0.46407886606650733,11.42233282205899,0.0007156244954713708,0.005728
45.54127502441406,3.1561423397599624,4.857314452470737,2.3359267197219715,-0.7291937881428505,-0.38776940173072155,11.498642286394777,0.0007204053859221837,0.005728
45.568390130996704,3.1501597602159226,4.861518519716641,2.254713996930536,-0.6260607429924928,-0.3442638184425772,11.542147869682921,0.0007231310691583297,0.005728
45.59672570228577,3.1566274137934625,4.861356824817563,2.328299919695785,-0.5549092777647198,-0.28438478781602455,11.602026900309474,0.0007268825708654666,0.005728
45.62375545501709,3.151129908224659,4.864914112689779,2.2689404606575185,-0.48218659120444296,-0.24784252933979622,11.638569158785701,0.0007291719924479767,0.005728
45.65256142616272,3.153878660969531,4.850361572619058,2.28282364102051,-0.5250306791350212,-0.2736731974166094,11.612738490708889,0.0007275536663933848,0.005728
45.682597160339355,3.1543637349915365,4.859739875848812,2.3023244795029445,-0.49460489669755453,-0.25038453146502004,11.636027156660479,0.0007290127326000377,0.005728
45.70877480506897,3.145955785625052,4.855212418949228,2.1464097948394953,-0.5024735057922491,-0.28509111019550026,11.601320577929998,0.0007268383188195557,0.005728
45.735366344451904,3.1445005636942938,4.853272080373983,2.007921681617768,-0.5204815273118655,-0.331817415179916,11.554594272945582,0.0007239108530425878,0.005728
45.76209616661072,3.1533935869499867,4.837911068683659,2.09032788351397,-0.632045424259546,-0.39151283146488025,11.494898856660619,0.0007201708550206093,0.00557
45.78819441795349,3.144985637668757,4.854080554773336,1.9784469549594856,-0.6059735389701676,-0.4069798183650814,11.479431869760418,0.0007192018275137639,0.00557
45.818182706832886,3.147896081567126,4.845672421508421,1.9588259736291729,-0.6418898613170687,-0.44103903157984325,11.445372656545656,0.0007170679720524789,0.00557
45.844279527664185,3.1488662295529104,4.844863947212945,1.9646565099804025,-0.6722396175595046,-0.46161898278292374,11.424792705342576,0.000715778610463567,0.00557
45.86976504325867,3.153716969629409,4.838396153208282,2.0665640048147407,-0.7351510894123972,-0.46984485937727916,11.41656682874822,0.0007152632482447148,0.00557
45.89680862426758,3.144662255018842,4.847289370129317,1.9552904990181599,-0.7218974852344916,-0.5013966467873034,11.385015041338196,0.0007132864863784423,0.00557
45.92324137687683,3.1522617475806234,4.840659881037309,2.030659960803582,-0.7553282723834971,-0.4960894078075689,11.39032228031793,0.0007136189920299922,0.00557
45.948922872543335,3.1493513035494907,4.84130666043139,2.024722912718104,-0.774563159180613,-0.5112345199911252,11.375177168134375,0.0007126701304065344,0.00557
45.97757029533386,3.1506448342190607,4.839528017113026,2.046653943875668,-0.7994859064094164,-0.5194955031003403,11.36691618502516,0.0007121525687173658,0.00557
46.00514054298401,3.1483811555587895,4.843732083216044,2.016353477486945,-0.789848511855585,-0.5246368173298943,11.361774870795605,0.0007118304584743095,0.00557
46.03367829322815,3.14854284688989,4.827239210049151,1.9984040215646517,-0.8893522640468875,-0.596011301547205,11.290400386578295,0.0007073587511573154,0.00541
46.06120181083679,3.1491896122170244,4.796517202432369,1.998882884673476,-1.1569213527951585,-0.7441889048572757,11.142222783268224,0.000698075225255834,0.00541
46.08929228782654,3.153555278289561,4.84421716778375,2.0872615963736627,-1.0369283260275628,-0.6443475817082841,11.242064106417216,0.0007043304182727726,0.00541
46.11787819862366,3.146925933591174,4.846319200951988,2.015430999534926,-0.939391547731256,-0.6188756257469429,11.267536062378557,0.0007059262705314548,0.00541
46.14447283744812,3.1435304157527346,4.832413444321948,1.8966713025140165,-0.9606990811705383,-0.6861288812726325,11.200282806852869,0.0007017127637282359,0.00541
46.170254945755005,3.1438537983988293,4.832736833977536,1.8200612553742437,-0.973531022741504,-0.7336354170624292,11.152776271063072,0.0006987364154431893,0.00541
46.198959827423096,3.1508065255539868,4.84243852438639,1.9066516543619383,-0.9200134219697104,-0.6560523971591313,11.23035929096637,0.0007035970958611351,0.00541
46.23151397705078,3.14142842857971,4.825945651544627,1.7781344463927962,-0.9888010277139045,-0.7664890508054508,11.11992263732005,0.0006966780911553216,0.00541
46.25759148597717,3.1517766735692843,4.843246998651931,1.8968681119526203,-0.9254940950436312,-0.6640779521578372,11.222333735967663,0.0007030942840593519,0.00541
46.28710865974426,3.1432070331077306,4.832413444321948,1.807155540453609,-0.9509708642892067,-0.7270959249308759,11.159315763194623,0.0006991461234100455,0.00541
46.31415319442749,3.144177181046016,4.833383613293489,1.7639219627288065,-0.9625546072206829,-0.759055441285246,11.127356246840254,0.0006971438167776879,0.005251
46.34136414527893,3.146117476952057,4.828856158215615,1.7727889035648368,-0.9998298723378707,-0.7765049650073788,11.10990672311812,0.0006960505806757112,0.005251
46.36768126487732,3.146117476952057,4.837264289323076,1.7789957621500698,-0.9717559297691438,-0.755892535212603,11.130519152912896,0.0006973419770920229,0.005251
46.39615345001221,3.138517984877737,4.836779204806824,1.6300796571474174,-0.9552291679375958,-0.8406574469907235,11.045754241134777,0.0006920313415003384,0.005251
46.42118811607361,3.1445005636942938,4.81672904793643,1.6464905852333167,-1.0728269970797728,-0.89762641064721,10.98878527747829,0.000688462159398109,0.005251
46.452192544937134,3.1415901198990754,4.828532768579138,1.599282568315925,-1.0791038769526553,-0.9335486002743146,10.952863087851185,0.0006862115859619649,0.005251
46.47980570793152,3.1448239463436627,4.836617509968871,1.631454363892169,-1.0314143969497742,-0.8849573472205827,11.001454340904917,0.0006892558932407499,0.005251
46.50552010536194,3.1388413675069295,4.825945651544627,1.5333224188008594,-1.0667817101999493,-0.9758047744559251,10.910606913669575,0.0006835641798847346,0.005251
46.53395962715149,3.141913502538625,4.814141931366132,1.5265865924560296,-1.1675804270111694,-1.029197846895486,10.857213841230013,0.0006802190321709123,0.005093
46.560993671417236,3.1456324029718616,4.828532768579138,1.5968715329887269,-1.1454312779046367,-0.9684595650334744,10.917952123092025,0.0006840243671222244,0.005093
46.59158968925476,3.142560267820996,4.832898528805926,1.5841144537392107,-1.101801894533242,-0.9559401296554921,10.930471558470007,0.000684808726566615,0.005093
46.619526863098145,3.1435304157527346,4.841630050130823,1.5947497204570156,-1.0150113625664363,-0.9009741999285744,10.985437488196926,0.0006882524159023851,0.005093
46.646573543548584,3.141913502538625,4.8396897119581554,1.5695857036153509,-0.9667579827495439,-0.8908830082376414,10.995528679887858,0.0006888846426178054,0.005093
46.673683166503906,3.145955785625052,4.830149716777441,1.633492651718183,-0.9944389082517966,-0.8608125208185344,11.025599167306964,0.0006907685990497454,0.005093
46.701582193374634,3.146925933591174,4.825460567111995,1.6977927382760933,-1.044023865539243,-0.8465328406207367,11.039878847504763,0.0006916632401967191,0.005093
46.72914171218872,3.1457940942983207,4.842115134682967,1.7199767055189874,-0.9714417440728433,-0.7882808207408792,11.09813086738462,0.0006953128074949338,0.005093
46.75516891479492,3.143045341785638,4.835485646114357,1.680070685581873,-0.9633425657480834,-0.8092836992729934,11.077127988852506,0.0006939969489407193,0.005093
46.780627965927124,3.146440859606885,4.831119885715531,1.7206147505129294,-0.9857981210258553,-0.7968916240312636,11.089520064094236,0.0006947733291014847,0.005093
46.807764768600464,3.144985637668757,4.849229708527111,1.7196477618587396,-0.8848504133537499,-0.7299843712918539,11.156427316833646,0.0006989651583653413,0.004941
46.83345103263855,3.146925933591174,4.847127675265431,1.758101315374474,-0.8277286781442375,-0.6640781485501852,11.222333539575315,0.0007030942717551075,0.004941
46.86238169670105,3.148219464227962,4.834515477111744,1.8111057669918043,-0.8689934153386498,-0.6639209504162145,11.222490737709286,0.0007031041204293726,0.004941
46.8884494304657,3.146925933591174,4.851493436730585,1.8221219189676134,-0.7885037925591003,-0.5976643914123821,11.288747296713119,0.000707255182856587,0.004941
46.91456341743469,3.143692107075646,4.855050724065758,1.7646158165015844,-0.7092443991722767,-0.5633410022248875,11.323070685900614,0.0007094055892974442,0.004941
46.94236469268799,3.146925933591174,4.838719542893359,1.7895789536244624,-0.7589711045148172,-0.5917039496019563,11.294707738523545,0.0007076286125429586,0.004941
46.97015881538391,3.1495129948822305,4.851493436730585,1.859227078275596,-0.7114881749824004,-0.516722079938353,11.369689608187148,0.0007123263274041372,0.004941
47.00023102760315,3.1407816633049737,4.846804285538855,1.7318937619346555,-0.7084584435781623,-0.5814143702626255,11.304997317862876,0.0007082732685110547,0.004941
47.02576160430908,3.141266737260617,4.851008352108961,1.6525430513860004,-0.6792543109721425,-0.6040187587191778,11.282392929406324,0.000706857073208689,0.004941
47.05197238922119,3.145955785625052,4.784875182229117,1.6915627951576435,-1.0848526840999055,-0.8779623528940812,11.00844933523142,0.0006896941390320177,0.004941
47.07735085487366,3.147734390237118,4.859254791165993,1.7547461912400846,-0.8896052992126118,-0.7128056462363571,11.173606041889144,0.0007000414285670763,0.004783
47.10589671134949,3.142883650463818,4.84955309826567,1.701148455223983,-0.8154321057134247,-0.6909380375127632,11.195473650612739,0.0007014114636294206,0.004783
47.131916761398315,3.149674686215244,4.832575139149543,1.8005865999836648,-0.8728858058410751,-0.6731742887539423,11.21323739937156,0.0007025243863520593,0.004783
47.1585009098053,3.1480577728974075,4.847127675265431,1.837584595679423,-0.8193534528853726,-0.612472401998945,11.273939286126556,0.0007063274411010257,0.004783
47.185181856155396,3.1451473289941236,4.843893778071547,1.80478752390949,-0.8027141282919731,-0.6175517230415135,11.268859965083987,0.0007060092148144123,0.004783
47.21426963806152,3.151938364906124,4.833868697784636,1.9187861368798282,-0.8556498942177815,-0.5977381608152703,11.28867352731023,0.0007072505611043981,0.004783
47.241697549819946,3.1584060186040457,4.786815518787433,2.1290199971061368,-1.1958296102119297,-0.7047473961780845,11.181664291947417,0.0007005462887582622,0.004783
47.2717387676239,3.151129908224659,4.820286333386589,2.1294445148447916,-1.2183306613742593,-0.7157208907236147,11.170690797401887,0.0006998587845837615,0.004783
47.297592639923096,3.1509682168891864,4.848097844454741,2.126480806623817,-1.0549148548152738,-0.6307194728248177,11.255692215300684,0.0007051842376016164,0.004783
47.325822591781616,3.1546871176742424,4.836617509968871,2.19940623693844,-1.014482081453613,-0.5790076354848035,11.307404052640699,0.0007084240536779679,0.004783
47.353323459625244,3.1527468215944237,4.824328703449773,2.211323589410676,-1.0653457473559036,-0.6030596455835197,11.283352042541983,0.0007069171629350609,0.004624
47.38246011734009,3.1530702042716583,4.835162256445225,2.2261874775441015,-1.0311586999700322,-0.5784918495466046,11.307919838578897,0.0007084563683598762,0.004624
47.40862154960632,3.1582443272562597,4.852463605984624,2.340940064684794,-0.8957694944407375,-0.46227395647656766,11.424137731648933,0.0007157375754818027,0.004624
47.434799671173096,3.1522617475806234,4.838881237736494,2.3006146567702377,-0.8884970051856326,-0.47004674168363636,11.416364946441865,0.0007152506000470234,0.004624
47.45993232727051,3.1545254263327522,4.8409832707335525,2.318039061281565,-0.8698646042508562,-0.4534973771577026,11.4329143109678,0.000716287439966131,0.004624
47.48642826080322,3.1569507964838315,4.843408693506236,2.3791492064092528,-0.8411969325304425,-0.4189460775185972,11.467465610606904,0.0007184521253029445,0.004624
47.5142560005188,3.1585677099521057,4.847451064993603,2.4545350166685966,-0.795087909263782,-0.3725611385075774,11.513850549617924,0.0007213582040431057,0.004624
47.54299569129944,3.1618015369708403,4.831604970189951,2.5725225028475154,-0.8648948637897689,-0.38552813219376547,11.500883555931736,0.0007205458044694795,0.004624
47.57022047042847,3.1564657224486887,4.85294869061704,2.5475050030121005,-0.7762598103996328,-0.3412734084513277,11.545138279674173,0.0007233184223614432,0.004468
47.59743857383728,3.1585677099521057,4.853757165012396,2.572384074290551,-0.7090069417834914,-0.2976191344173074,11.588792553708194,0.0007260534212725617,0.004468
47.62578344345093,3.167137351791546,4.845025642071241,2.762625589364576,-0.7181799077712145,-0.2718515597893779,11.614560128336123,0.0007276677944378246,0.004468
47.652777671813965,3.1529085129329046,4.844863947212945,2.608838006807646,-0.7256426500774105,-0.3007868598638864,11.585624828261615,0.0007258549590179756,0.004468
47.679898262023926,3.161963228324655,4.851331741856311,2.6837954669527773,-0.6891999230939119,-0.267904116307781,11.61850757181772,0.0007279151070747374,0.004468
47.707968950271606,3.159861240746446,4.850361572619058,2.6938743663827425,-0.6699400114576475,-0.2556645120533478,11.630747176072152,0.0007286819347233271,0.004468
47.735440731048584,3.1572741791752956,4.843085303798024,2.6487556616698655,-0.7033330497507563,-0.28142376897169313,11.604987919153807,0.0007270680826737432,0.004468
47.76295590400696,3.1634184505213248,4.8335453081234725,2.741085664676339,-0.788166471111404,-0.3123371561664311,11.574074531959068,0.0007251313174385522,0.004468
47.79111385345459,3.1567891051385097,4.845672421508421,2.672020957948946,-0.7694249138159418,-0.3142930923794217,11.572118595746078,0.0007250087754073051,0.004468
47.81816029548645,3.159376166696514,4.841468355280908,2.6758495972884973,-0.7833891421251156,-0.3212591492996465,11.565152538825853,0.0007245723425834135,0.004468
47.8433780670166,3.1639035245918183,4.850199877747581,2.769834032815607,-0.7369141309791875,-0.28046738065588805,11.605944307469612,0.0007271280016864909,0.004316
47.871708154678345,3.1579209445615093,4.840821575885232,2.714970911618743,-0.7647982583568461,-0.30430981986668076,11.58210186825882,0.0007256342408412387,0.004316
47.90013360977173,3.1569507964838315,4.846642590676167,2.6570015016452535,-0.7468171680833469,-0.3044363703875297,11.581975317737971,0.0007256263122811062,0.004316
47.926432371139526,3.162609993742655,4.845834116368714,2.730553397426011,-0.7394387355686571,-0.28792335083576664,11.598488337289734,0.000726660875138758,0.004316
47.95232176780701,3.1564657224486887,4.786168739928344,2.658126629217074,-1.1186484599182034,-0.4986221007520285,11.387789587373472,0.0007134603154147336,0.004316
47.981014251708984,3.165843820898482,4.82966463231377,2.79655840848849,-1.1038872398976884,-0.4579995108981094,11.428412177227392,0.0007160053752393615,0.004316
48.0082848072052,3.1532318956106855,4.845349031789032,2.6391127216082495,-0.9925127842138907,-0.4407467216068209,11.445664966518681,0.000717086285664963,0.004316
48.036738872528076,3.157597561867855,4.841630050130823,2.616944252039633,-0.9385089853428981,-0.41769962668963445,11.468712061435868,0.0007185302171217964,0.004316
48.0640606880188,3.1542020436505944,4.839204627423962,2.5329480364680306,-0.9163313167752101,-0.4262203854451125,11.46019130268039,0.0007179963801394204,0.004316
48.093854665756226,3.153716969629409,4.778569088807041,2.464368073356101,-1.2914315276535886,-0.6393325234762998,11.247079164649202,0.0007046446184079756,0.004316
48.12035083770752,3.1553338830429363,4.841953439831853,2.448970806743613,-1.1456687736213838,-0.5739443886821628,11.31246729944334,0.0007087412728918565,0.00416
48.152360677719116,3.1543637349915365,4.834515477111744,2.4186274955091434,-1.0915514821726484,-0.5557419915878284,11.330669696537674,0.0007098816775219726,0.00416
48.17964315414429,3.1445005636942938,4.844863947212945,2.1984740720865337,-0.9870027521584122,-0.576040388728221,11.310371299397282,0.0007086099556733133,0.00416
48.206671714782715,3.1542020436505944,4.846804285538855,2.240018910500861,-0.9013186476013648,-0.5052273031163531,11.38118438500915,0.0007130464906135225,0.00416
48.23283648490906,3.1521000562432366,4.84243852438639,2.226708978164875,-0.8694647593716187,-0.48881440321207703,11.397597284913425,0.0007140747808407638,0.00416
48.26912331581116,3.1470876249198168,4.84955309826567,2.1163050372890395,-0.8013337278247334,-0.4817359063177094,11.404675781807793,0.0007145182581800814,0.00416
48.296059131622314,3.1522617475806234,4.8422768295344785,2.143370137593225,-0.8005169816016305,-0.4706378714068506,11.415773816718652,0.000715213564975771,0.00416
48.32579731941223,3.142236885179265,4.848906318790151,1.9601417362755211,-0.7572369481175766,-0.5146874320510768,11.371724256074426,0.0007124538008275157,0.00416
48.35340476036072,3.151453290896425,4.814627015715322,2.017751473555876,-0.9477740966631552,-0.6334031803713145,11.253008507754188,0.000705016099718675,0.00416
48.3796751499176,3.147734390237118,4.856020893372577,1.9830782661188593,-0.8144836143447743,-0.550953951152755,11.335457736972748,0.0007101816546872351,0.00416
48.407207012176514,3.1438537983988293,4.85909309627252,1.8805461298976307,-0.7013886167254061,-0.5039093099230031,11.3825023782025,0.0007131290646576096,0.004001
48.437764406204224,3.1404582806692405,4.857799537139148,1.7402953575042173,-0.6305554490301176,-0.5115101686575517,11.37490151946795,0.0007126528606472908,0.004001
48.464330196380615,3.1474110075779214,4.8571527575820665,1.7823372438436214,-0.585138896900668,-0.43266966343179725,11.453742024693705,0.0007175923242099292,0.004001
48.493868589401245,3.1399732067176855,4.8398514068036835,1.6617665264588568,-0.6648055907509788,-0.6097750827775739,11.276636605347928,0.0007064964317736834,0.004001
48.523930311203,3.147734390237118,4.828856158215615,1.7338888031509219,-0.7914055608090682,-0.6851194195279822,11.20129226859752,0.0007017760078625967,0.004001
48.55035662651062,3.141266737260617,4.8435703883609404,1.653939580237402,-0.7852339360295593,-0.7451200628291418,11.141291625296361,0.0006980168869580275,0.004001
48.576425075531006,3.140296589351783,4.843408693506236,1.5784099024673985,-0.7819554647755422,-0.8142658833310545,11.072145804794449,0.0006936848084166744,0.004001
48.605156898498535,3.140134898034598,4.850846657235886,1.5222782577591765,-0.7317438920202936,-0.8243538570707655,11.062057831054737,0.0006930527833102209,0.004001
48.63501048088074,3.1475726989073833,4.837425984162624,1.6329861445388547,-0.7830540775528297,-0.7618212618865464,11.124590426238957,0.0006969705344015566,0.003845
48.66153383255005,3.137062763059854,4.8422768295344785,1.498525093138652,-0.7877212264112807,-0.9093114764491308,10.977100211676373,0.0006877300743285077,0.003845
48.69007921218872,3.151938364906124,4.853272080373983,1.7044024353402656,-0.7201549317451875,-0.6355704435359499,11.250841244589553,0.0007048803177700216,0.003845
48.71570110321045,3.139164750137212,4.849068013658432,1.5909078092704596,-0.6999418470389562,-0.7140822418302823,11.17232944629522,0.0006999614481382047,0.003845
48.74624490737915,3.1480577728974075,4.845834116368714,1.6908094421801285,-0.7066260108375741,-0.6315850269135385,11.254826661211965,0.0007051300094752176,0.003845
48.77309775352478,3.141266737260617,4.8396897119581554,1.6237840275578437,-0.7508882365393404,-0.7382462508620726,11.14816543726343,0.0006984475405116868,0.003845
48.799986839294434,3.14142842857971,4.86006326563936,1.5801271076299062,-0.6506218541745978,-0.6644963837185622,11.22191530440694,0.0007030680687599734,0.003845
48.83055305480957,3.144662255018842,4.846642590676167,1.614784670988752,-0.6668936851557598,-0.6511985832600166,11.235213104865485,0.0007039011938222765,0.003845
48.858078956604004,3.1480577728974075,4.853595470132524,1.707523245382978,-0.6334923203665352,-0.5328436836106615,11.353568004514841,0.0007113162872771412,0.003845
48.88361692428589,3.143692107075646,4.851331741856311,1.6843967449923307,-0.6246946922963088,-0.5390189603193057,11.347392727806197,0.0007109293978957982,0.003845
48.91022324562073,3.1380329109359915,4.853595470132524,1.5540777345272914,-0.6039530253649139,-0.6278104730934242,11.258601215032078,0.0007053664903425875,0.003845
48.93835186958313,3.146117476952057,4.855050724065758,1.6258979438237853,-0.5800588621363482,-0.525049307684642,11.36136238044086,0.0007118046153994665,0.003687
48.96423625946045,3.148219464227962,4.857476147359807,1.718563406906316,-0.5477079534515633,-0.41315696932069257,11.47325471880481,0.000718814820708331,0.003687
48.990575075149536,3.1448239463436627,4.854080554773336,1.714950950905452,-0.5469373094045874,-0.41428219640102576,11.472129491724477,0.0007187443237201763,0.003687
49.0177116394043,3.14142842857971,4.852463605984624,1.6439439539732348,-0.5568145210449319,-0.47697046804659854,11.409441220078904,0.0007148168192894091,0.003687
49.04371190071106,3.144985637668757,4.837264289323076,1.6659782042809592,-0.6616451838640905,-0.6007799447491851,11.285631743376317,0.0007070599892547636,0.003687
49.071280002593994,3.145309020319764,4.8523019111079515,1.6879239203702663,-0.6381516993997273,-0.5537739848070236,11.332637703318479,0.0007100049757905083,0.003687
49.0972843170166,3.1480577728974075,4.858769706486776,1.758720719950026,-0.5800396089388946,-0.4314234083460178,11.454988279779485,0.0007176704037652077,0.003687
49.12460255622864,3.1443388723700183,4.8558591984871065,1.7332784587829786,-0.5581111392276306,-0.4177034289524927,11.46870825917301,0.0007185299789049206,0.003687
49.15113878250122,3.142560267820996,4.849391403396191,1.67959930179516,-0.5844278599107555,-0.48956213567586665,11.396849552449636,0.0007140279343974423,0.003538
49.17868399620056,3.1506448342190607,4.856505978031387,1.8050674162296283,-0.5570162497331281,-0.3768385850786175,11.509573103046884,0.0007210902162693302,0.003538
49.20686459541321,3.1388413675069295,4.850038182876504,1.6548515554370957,-0.5794947725019074,-0.5017465145575561,11.384665173567946,0.0007132645666926419,0.003538
49.239928245544434,3.148219464227962,4.853272080373983,1.7388309350356275,-0.5743964140086166,-0.4360072127245071,11.450404475400994,0.0007173832222632502,0.003538
49.26669716835022,3.1420751938588083,4.855374113833098,1.6737034241500253,-0.5572859016304648,-0.45550064752874453,11.430911040596756,0.0007161619323862957,0.003538
49.2930006980896,3.14999806888209,4.802499908056482,1.7878968194252214,-0.885933279481535,-0.732538064190151,11.15387362393535,0.0006988051660747644,0.003538
49.32419276237488,3.1440154897222863,4.8484212341877075,1.7471799876077572,-0.8201533551553271,-0.7060892801994031,11.180322407926099,0.0007004622179217092,0.003538
49.351226568222046,3.1440154897222863,4.844863947212945,1.7186782053355143,-0.797024063246274,-0.7072342098003855,11.179177478325116,0.0007003904865441686,0.003538
49.37825298309326,3.142721959142271,4.845025642071241,1.6726399947336128,-0.7797918927951776,-0.7301502977278185,11.156261390397683,0.0006989547628512312,0.003538
49.40415668487549,3.1522617475806234,4.842923608944517,1.8328046078044378,-0.7812710327709556,-0.606778646799214,11.279633041326287,0.0007066841625129841,0.003538
49.43292856216431,3.146279168279334,4.8398514068036835,1.82426762559048,-0.8020980858601838,-0.6322603065385294,11.254151381586972,0.0007050877022995762,0.00338
49.46210551261902,3.1432070331077306,4.8396897119581554,1.756335200000063,-0.8177186890551672,-0.6968691383217682,11.189542549803733,0.0007010398721962033,0.00338
49.49177002906799,3.1488662295529104,4.84874462392227,1.8229129684400436,-0.7703198095115612,-0.6025547543755106,11.283856933749991,0.0007069487950474872,0.00338
49.51791453361511,3.1508065255539868,4.84437886264045,1.9086478535080191,-0.76526557962456,-0.5443798119446357,11.342031876180865,0.0007105935333399813,0.00338
49.54402804374695,3.1487045382212635,4.847127675265431,1.9262709553347692,-0.7440192945338102,-0.5143732604503896,11.372038427675111,0.0007124734841003404,0.00338
49.57114577293396,3.1498363775485303,4.844863947212945,1.9614332206551337,-0.743730220811216,-0.4956771946135142,11.390734493511987,0.0007136448177403456,0.00338
49.596776723861694,3.149674686215244,4.845995811229405,1.9827859357854762,-0.7362362063479688,-0.4780894282674101,11.40832225985809,0.0007147467149284221,0.00338
49.62622404098511,3.138517984877737,4.847451064993603,1.772732778692217,-0.7216154009360525,-0.5881340776307067,11.298277610494793,0.000707852269817538,0.00338
49.65153121948242,3.14999806888209,4.8320900546679555,1.8572173676047645,-0.8103391102401762,-0.6187498822248259,11.267661805900673,0.0007059341485320327,0.00322
49.68006443977356,3.145309020319764,4.850038182876504,1.821791334696942,-0.7568207748568277,-0.5905985614076203,11.295813126717878,0.0007076978665982546,0.00322
49.70654654502869,3.1512915995604054,4.847289370129317,1.9176453218018366,-0.7370662650456121,-0.5119808731259639,11.374430814999535,0.0007126233703800246,0.00322
49.73373460769653,3.1527468215944237,4.831604970189951,2.0140909488150447,-0.824279712837048,-0.5403685083108094,11.34604317981469,0.0007108448469012175,0.00322
49.759923696517944,3.1546871176742424,4.847127675265431,2.1207333364723233,-0.7853291877825538,-0.45907839763627956,11.42733329048922,0.0007159377815358946,0.00322
49.789438009262085,3.14854284688989,4.84874462392227,2.0714699228544586,-0.7476471586207356,-0.44740760013883446,11.439004087986664,0.0007166689726770534,0.00322
49.81480646133423,3.1632567591650425,4.8346771719445165,2.3337247764478577,-0.8118946857218475,-0.40425648276527165,11.482155205360227,0.0007193724481474798,0.00322
49.84147071838379,3.1532318956106855,4.838881237736494,2.315129179179807,-0.829784639082404,-0.4228948098696608,11.463516878255838,0.000718204731916628,0.00322
49.86813497543335,3.149027920884831,4.847289370129317,2.2173296244322223,-0.7881409700034983,-0.42474881275086185,11.461662875374637,0.0007180885761455495,0.00322
49.896193504333496,3.1590527839979288,4.845025642071241,2.351043921993377,-0.7735737275252269,-0.37136715063246956,11.51504453749303,0.0007214330089874224,0.00322
49.92358446121216,3.159699549396195,4.785036876940138,2.4576874139751315,-1.149834610521056,-0.5744336083697187,11.31197807975578,0.0007087106226212386,0.003062
49.95212435722351,3.1532318956106855,4.8435703883609404,2.4019030254488984,-1.0361342708279584,-0.5290679443383203,11.35734374378718,0.0007115528424146855,0.003062
49.98277258872986,3.1621249196787438,4.798619234076394,2.542201851015063,-1.2461271078021667,-0.5954928135870917,11.29091887453841,0.0007073912351245264,0.003062
50.01651191711426,3.1532318956106855,4.846157506090497,2.4610631313768625,-1.086872361108844,-0.538172821651041,11.34823886647446,0.0007109824096200237,0.003062
50.04453706741333,3.165197055458537,4.837911068683659,2.645570475470833,-1.0285190079174424,-0.4497774150747053,11.436634273050796,0.0007165205005878349,0.003062
50.07644701004028,3.1516149822327173,4.841630050130823,2.5008124616471217,-0.9637133419353824,-0.4528751031283113,11.43353658499719,0.000716326426270003,0.003062
50.10504937171936,3.172311475539577,4.832736833977536,2.816873341357763,-0.9756410052769007,-0.3806628888371928,11.505748799288309,0.0007208506185014843,0.003062
50.130574464797974,3.153878660969531,4.840336491342662,2.6663766575106633,-0.9350320685013696,-0.39197642292872203,11.49443526519678,0.0007201418103926351,0.003062
50.16077661514282,3.1571124878294268,4.850361572619058,2.6262463946117633,-0.8420225132428718,-0.34596993445932817,11.540441753666173,0.0007230241786979726,0.003062
50.18650579452515,3.153716969629409,4.847451064993603,2.529676924056711,-0.7956658157624806,-0.3383528072745025,11.548058880850999,0.0007235014019485555,0.003062
50.21371912956238,3.16438859866478,4.792798223533625,2.6772957748093633,-1.1152991413267876,-0.4885491718318366,11.397862516293664,0.0007140913979430338,0.002903
50.245243072509766,3.1702094877330076,4.844702252355047,2.898020333294314,-1.0046677796785113,-0.37882810124971844,11.507583586875782,0.0007209655704085979,0.002903
50.27116537094116,3.1629333764533003,4.836132425457402,2.905788321657005,-0.9824341267936585,-0.365995515190556,11.520416172934944,0.0007217695491638348,0.002903
50.30075693130493,3.17425177201765,4.832413444321948,3.1394869001444174,-0.990828886514222,-0.32906029696183636,11.557351391163664,0.0007240835902027202,0.002903
50.32824444770813,3.156304031104188,4.8298263271345965,2.941119210299849,-1.0133718726415222,-0.3747634144073571,11.511648273718142,0.0007212202284995611,0.002903
50.359766721725464,3.1708562532070044,4.839204627423962,3.095740223353901,-0.9687353378842526,-0.3255827301479958,11.560828957977504,0.0007243014644351902,0.002903
50.39176106452942,3.1635801418778815,4.824813787874053,3.057235728918362,-1.0301980294832715,-0.3612809124540191,11.525130775671482,0.0007220649253586316,0.002903
50.419880628585815,3.1713413273153885,4.82901785303445,3.186804400357214,-1.0461386020611316,-0.34657078940198077,11.53984089872352,0.000722986534328658,0.002903
50.44668674468994,3.166490586342818,4.837425984162624,3.179676332904614,-1.003130374581426,-0.328239058896971,11.55817262922853,0.0007241350418706927,0.002903
50.47273516654968,3.166813969066633,4.807835835151614,3.1812084280300374,-1.1636494495591183,-0.3994351413052153,11.486976546820285,0.0007196745116666923,0.002903
50.502763986587524,3.16438859866478,4.834515477111744,3.133367827590683,-1.1041379553290511,-0.3818332762637858,11.504578411861715,0.0007207772921569703,0.002744
50.52839541435242,3.1763537599135976,4.828047684127409,3.3411838833774983,-1.104146545278064,-0.3473831294870246,11.539028558638476,0.0007229356401310745,0.002744
50.554948568344116,3.176677142670948,4.819316164608387,3.4931768654468414,-1.1604025102154496,-0.3478617528422254,11.538549935283275,0.0007229056537349133,0.002744
50.58697533607483,3.1731199324006285,4.825622261922474,3.5278327809120755,-1.1591567211070797,-0.3425246152977211,11.54388707282778,0.0007232400325717103,0.002744
50.61502003669739,3.160184623447771,4.783743319263016,3.291222228042921,-1.4280760272852209,-0.4864838346028326,11.399927853522668,0.0007142207940948977,0.002744
50.64309501647949,3.1627716850978405,4.809129393300282,3.177768776939941,-1.4527780821571659,-0.5201066535646202,11.366305034560881,0.0007121142793197911,0.002744
50.66934370994568,3.1618015369708403,4.8298263271345965,3.078786135037469,-1.336736309591583,-0.4953423437109174,11.391069344414584,0.0007136657965992147,0.002744
50.69462704658508,3.159861240746446,4.813010067898581,2.970367834042017,-1.3638403059065887,-0.5331401213866426,11.353271566738858,0.0007112977150522567,0.002744
50.723695039749146,3.178779130620569,4.819962943792266,3.2759969610739916,-1.3380214798023953,-0.45406551698086794,11.432346171144633,0.000716251845243,0.002595
50.75028729438782,3.171179635945652,4.82675412560697,3.3366763915371376,-1.2761983390990461,-0.41789470628995,11.46851698183555,0.0007185179951227767,0.002595
50.77864098548889,3.166005512259154,4.81689074272545,3.27480411325871,-1.2964637512243042,-0.43755080162043697,11.448860886505063,0.0007172865143453428,0.002595
50.80434226989746,3.177485599569142,4.823196839807037,3.463015384007208,-1.270024576645244,-0.393911320539879,11.49250036758562,0.0007200205864580549,0.002595
50.83163356781006,3.1606696975018136,4.810099561928437,3.255632663083995,-1.3358920733809019,-0.4574774843570949,11.428934203768405,0.0007160380809034194,0.002595
50.86058473587036,3.1727965496553834,4.818507690637477,3.3550300964836475,-1.3278327083961396,-0.4351686497976387,11.45124303832786,0.0007174357593571003,0.002595
50.8906991481781,3.168269191337391,4.823358534611949,3.3333039033495115,-1.2909411808946574,-0.4243831784928255,11.462028509632674,0.0007181114836229895,0.002595
50.91831684112549,3.170047796365195,4.825945651544627,3.3539651519822162,-1.2484504589613656,-0.4033897170467231,11.483021971078777,0.000719426752184115,0.002595
50.94737720489502,3.1533935869499867,4.814465320931862,3.0325583127690865,-1.2926652198864974,-0.4879971379717195,11.398414550153781,0.0007141259836059438,0.002595
50.97740626335144,3.1609930802058797,4.824652093065563,2.9608344551612356,-1.257990612678758,-0.48958451436258305,11.396827173762917,0.000714026532342657,0.002595
51.004884243011475,3.1616398456173,4.81106973057087,2.92367123878997,-1.3212183051841204,-0.5284637883348956,11.357947899790604,0.0007115906935998918,0.002437
51.03281259536743,3.1611547715583233,4.825460567111995,2.88787437435611,-1.2727694433918737,-0.5154363384633508,11.37097534966215,0.0007124068808347445,0.002437
51.06381893157959,3.1640652159491975,4.836132425457402,2.921512247842724,-1.1701052913929968,-0.4567078616437363,11.429703826481763,0.0007160862988002825,0.002437
51.092320680618286,3.1606696975018136,4.831281580539939,2.876580467768841,-1.129490363080845,-0.4471601348824282,11.439251553243071,0.0007166844767077993,0.002437
51.120930433273315,3.1629333764533003,4.834353782279369,2.8907804157891768,-1.0812682607420474,-0.4185028846849903,11.467908803440508,0.0007184798919293321,0.002437
51.14980387687683,3.166005512259154,4.831119885715531,2.9626769302351197,-1.0683461075216338,-0.39557175526204824,11.49083993286345,0.0007199165579921691,0.002437
51.17718172073364,3.159376166696514,4.818992775018832,2.879308777888816,-1.1374255351971123,-0.4507614631909423,11.435650224934555,0.0007164588486514331,0.002437
51.20492339134216,3.169562722263407,4.821741586580715,3.026385950322346,-1.1680728172487551,-0.43135770484486274,11.455053983280635,0.0007176745201778174,0.002437
51.2325336933136,3.1532318956106855,4.812363288782996,2.7999920008919488,-1.2499425236796682,-0.5301475196581339,11.356264168467364,0.0007114852055706536,0.002278
51.26311111450195,3.1702094877330076,4.811554814897442,2.983907691552103,-1.312459646140129,-0.5095973866612454,11.376814301464252,0.0007127726990088912,0.002278
51.293203353881836,3.166813969066633,4.830473106421878,3.04417037908325,-1.234346740860502,-0.45859548808163725,11.42781620004386,0.0007159680364682084,0.002278
51.31925892829895,3.1522617475806234,4.825945651544627,2.792875876849169,-1.2088343509374453,-0.5113435179465777,11.37506817017892,0.000712663301538203,0.002278
51.35333967208862,3.1632567591650425,4.818022606259699,2.838708944244161,-1.242017299760216,-0.5151088541278992,11.3713028339976,0.000712427398168286,0.002278
51.37908387184143,3.1690776481640905,4.831604970189951,2.9881834529835984,-1.1777454371372593,-0.4441896558471271,11.442222032278373,0.0007168705812097484,0.002278
51.40840816497803,3.151938364906124,4.82352022941726,2.747163287231749,-1.184838425240014,-0.5123814561765956,11.374030231948904,0.0007125982733137801,0.002278
51.43714928627014,3.167299043154414,4.826269041168371,2.8882319096139053,-1.1720951983717096,-0.4659508593940565,11.420460828731443,0.0007155072125746612,0.002278
51.464473247528076,3.159861240746446,4.804601939890933,2.836979876245544,-1.3027581362339,-0.5461549370788038,11.340256751046695,0.0007104823193657144,0.002278
51.49533939361572,3.1600229320969713,4.81656735314781,2.804364323829251,-1.3171389405530984,-0.5631419533457209,11.323269734779778,0.0007094180599771157,0.002278
51.52080941200256,3.162448302387743,4.815597184424419,2.8304465019247638,-1.3334554975183202,-0.5630693775984974,11.323342310527002,0.0007094226069451737,0.00212
51.54837155342102,3.155495574385794,4.815273794853133,2.708486577528616,-1.34696041868744,-0.609449091801734,11.276962596323765,0.0007065168555462388,0.00212
51.57484149932861,3.168107499972875,4.808644308991558,2.87746256885726,-1.3991221527683515,-0.5797405382208124,11.306671149904687,0.0007083781363370134,0.00212
51.60121774673462,3.1622866110331063,4.812524983561296,2.8783544024198857,-1.4106353929439603,-0.5847649620893843,11.301646726036115,0.000708063349432097,0.00212
51.62758541107178,3.1558189570723307,4.811716509673759,2.748543849465637,-1.4239029890384773,-0.6329530259088909,11.253458662216609,0.0007050443025004597,0.00212
51.656811475753784,3.1708562532070044,4.819639554199532,2.9609374707699527,-1.3821486894263442,-0.5475316796354112,11.338880008490088,0.0007103960645950986,0.00212
51.682244062423706,3.162609993742655,4.804763634650202,2.9433085758132975,-1.4487539144953312,-0.5825908325492875,11.303820855576213,0.0007081995615683969,0.00212
51.70928430557251,3.160346314798845,4.823681924222966,2.8853161554264446,-1.373502693614691,-0.5653186881954663,11.321092999930034,0.0007092816846146665,0.00212
51.734838247299194,3.1635801418778815,4.8178609114679,2.90993888136914,-1.3583268053206752,-0.5508723383621993,11.335539349763302,0.0007101867678381977,0.00212
51.763078689575195,3.1600229320969713,4.809291088070649,2.855435627415774,-1.4029119612336485,-0.5883624950577948,11.298049193067706,0.000707837959158887,0.00212
51.79119110107422,3.157435870521438,4.822550060591364,2.765109415246175,-1.3487049867096412,-0.5913871675578062,11.295024520567695,0.0007076484593635731,0.001963
51.81878209114075,3.1588910926490468,4.821094807379351,2.7312289046547034,-1.3201350962731841,-0.5884036546230873,11.298008033502414,0.0007078353804568299,0.001963
51.84472370147705,3.1580826359087477,4.816082268784328,2.6912081927814193,-1.3324278095630049,-0.6088169662122588,11.277594721913243,0.0007065564590635843,0.001963
51.872074842453,3.1692393395302543,4.820124638589229,2.8881937982166566,-1.3149910666422233,-0.5358817610229913,11.35052992710251,0.0007111259476460631,0.001963
51.89848041534424,3.1545254263327522,4.819154469813411,2.729344460294076,-1.309035340877217,-0.5833634554706609,11.303048232654842,0.0007081511557044714,0.001963
51.927661657333374,3.1545254263327522,4.822550060591364,2.6181499237482875,-1.282991352460122,-0.6098653501113547,11.276546338014148,0.0007064907764039616,0.001963
51.95472717285156,3.1613164629110413,4.817699216676499,2.677270324812747,-1.2960105321963007,-0.5948480082717934,11.29156367985371,0.000707431633043728,0.001963
51.981895446777344,3.1580826359087477,4.823358534611949,2.653437186892059,-1.2686656575547721,-0.5886782795133033,11.2977334086122,0.000707818174838541,0.001963
52.007874965667725,3.1627716850978405,4.832251749494753,2.7313192481343527,-1.1922326239614272,-0.5187714233291618,11.367640264796341,0.0007121979332877215,0.001963
52.03732633590698,3.1592144753470843,4.8320900546679555,2.7140975294988134,-1.1397711663579386,-0.49384953060631726,11.392562157519185,0.0007137593233455857,0.001963
52.0636727809906,3.1577592532145453,4.820124638589229,2.672694488427258,-1.1801314163986674,-0.5314781252565224,11.354933562868979,0.0007114018413424483,0.001807
52.09148550033569,3.1543637349915365,4.833868697784636,2.575234072687692,-1.1198419958924712,-0.529565897648749,11.356845790476752,0.0007115216449708625,0.001807
52.11782217025757,3.1590527839979288,4.8479361495888575,2.601577035772206,-0.9870144551416742,-0.43159923325215793,11.454812454873343,0.0007176593880986439,0.001807
52.146111726760864,3.1546871176742424,4.846965980401944,2.5319735973423363,-0.9002851735439971,-0.39044357994741474,11.495968108178086,0.0007202378450645556,0.001807
52.171430587768555,3.1542020436505944,4.84243852438639,2.4734685781799346,-0.8687413275314689,-0.38438014774451995,11.502031540380981,0.0007206177272373673,0.001807
52.19737195968628,3.1613164629110413,4.853757165012396,2.5759933829149,-0.7737440037757634,-0.2789592768941021,11.6074524112314,0.0007272224864130752,0.001807
52.224263429641724,3.160346314798845,4.836455815131316,2.628195520397513,-0.8187041517071051,-0.3018062824797615,11.584605405645739,0.0007257910908216515,0.001807
52.251617431640625,3.153878660969531,4.846480895813878,2.534302182838485,-0.7855929595690164,-0.29861418154690844,11.587797506578593,0.0007259910802331976,0.001807
52.27953052520752,3.1532318956106855,4.8571527575820665,2.4555333636532404,-0.6936651542778991,-0.23744110624654127,11.64897058187896,0.0007298236555775016,0.001648
52.306174516677856,3.1516149822327173,4.86006326563936,2.3677864833748066,-0.6105656965915851,-0.1743078536113584,11.712103834514142,0.0007337790386650323,0.001648
52.336612701416016,3.1613164629110413,4.785845350501169,2.5020159165513163,-1.0305206629993253,-0.4998881262318743,11.386523561893625,0.0007133809972177083,0.001648
52.366138219833374,3.1592144753470843,4.845995811229405,2.5535851973906762,-0.9369895158796435,-0.4124410910674019,11.473970597058099,0.0007188596714425732,0.001648
52.39967632293701,3.1582443272562597,4.835000561611257,2.5701184685773963,-0.9423510038946911,-0.4110552097490194,11.475356478376481,0.0007189464987688909,0.001648
52.4301323890686,3.1634184505213248,4.85311038549531,2.6860396295116287,-0.8294374422296188,-0.2959981054119542,11.590413582713547,0.0007261549809173533,0.001648
52.45621967315674,3.1457940942983207,4.842600219238699,2.411749529383862,-0.8181062495351868,-0.36261484318881787,11.523796844936683,0.0007219813528061632,0.001648
52.48265361785889,3.1590527839979288,4.833221918463902,2.487137855459525,-0.870591042822711,-0.3824412888936527,11.503970399231848,0.0007207391993489365,0.001648
52.510422706604004,3.1582443272562597,4.847451064993603,2.5236053292255813,-0.8156637864683606,-0.3257354811876371,11.560676206937863,0.0007242918943773588,0.001648
52.540361166000366,3.1613164629110413,4.848097844454741,2.611089108646847,-0.7730480423811333,-0.26911531387310783,11.617296374252392,0.0007278392239202096,0.001648
52.56670594215393,3.160346314798845,4.844863947212945,2.6527625284099234,-0.764050344304365,-0.2532313316273763,11.633180356498123,0.0007288343767456225,0.00149
52.59455609321594,3.157435870521438,4.825622261922474,2.6232382459420793,-0.8817102049693052,-0.3505834489650363,11.535828239160463,0.0007227351358166338,0.00149
52.619821310043335,3.1561423397599624,4.846319200951988,2.5764842815437063,-0.8307388629904756,-0.32372260973196304,11.562689078393536,0.0007244180034780438,0.00149
52.64767241477966,3.1564657224486887,4.850523267490934,2.550278248099425,-0.7679756031829891,-0.27876464603285506,11.607647042092644,0.0007272346802979892,0.00149
52.6750693321228,3.150321451550029,4.800074486792203,2.4080209374051664,-1.049041051916964,-0.5585278275317975,11.327883860593701,0.0007097071411577352,0.00149
52.70245170593262,3.153878660969531,4.842115134682967,2.3801799747438306,-0.9749537745372652,-0.5130011047908157,11.373410583334683,0.0007125594514956954,0.00149
52.729485750198364,3.159376166696514,4.847451064993603,2.4715609090449226,-0.8887176986685599,-0.4035155989171722,11.482896089208328,0.0007194188655158282,0.00149
52.75942039489746,3.154848809016005,4.853918859892666,2.444223179398101,-0.7866857973153972,-0.3230607480683402,11.563350940057159,0.0007244594700003804,0.00149
52.78657650947571,3.1558189570723307,4.849391403396191,2.4446519933503845,-0.7444301205721922,-0.28362325990630055,11.602788428219199,0.000726930281612008,0.00149
52.814589500427246,3.1504831428844082,4.837425984162624,2.3373434296967885,-0.7919344375391759,-0.36494872235441084,11.52146296577109,0.0007218351321412264,0.00149
52.84089517593384,3.165843820898482,4.846804285538855,2.5720101688242654,-0.7647708273678937,-0.2694063284067867,11.617005359718714,0.000727820991468741,0.00133
52.867303133010864,3.1467642422628046,4.847612759858289,2.3514941297555914,-0.7405479694940609,-0.30769457739513756,11.578717110730363,0.0007254221812351732,0.00133
52.894113063812256,3.16438859866478,4.840336491342662,2.5525678187985705,-0.7704669434533684,-0.27884395700567693,11.607567731119824,0.0007272297113589997,0.00133
52.92133402824402,3.1558189570723307,4.8479361495888575,2.5204932409307226,-0.7424519184343041,-0.2621103721991431,11.624301315926358,0.0007282780929261589,0.00133
52.9485125541687,3.1488662295529104,4.840174796495938,2.3578235970914907,-0.7728413737517772,-0.33879623448863366,11.547615453636867,0.000723473620637913,0.00133
52.9760377407074,3.1572741791752956,4.845995811229405,2.413520123166007,-0.7566140134063618,-0.3042544172700147,11.582157270855486,0.0007256377118883448,0.00133
53.0021915435791,3.160508006150192,4.83629412029416,2.517725109531467,-0.8077548244271024,-0.3203470821932098,11.56606460593229,0.0007246294848128554,0.00133
53.02898693084717,3.1521000562432366,4.845025642071241,2.4211033174863137,-0.7873034256217614,-0.33145291338065014,11.55495877474485,0.0007239336895699648,0.00133
53.05639958381653,3.159861240746446,4.8320900546679555,2.509989861756221,-0.8563207275201705,-0.3645829505148187,11.521828737610683,0.0007218580482383359,0.00133
53.08542346954346,3.1580826359087477,4.83758767900257,2.536340862752461,-0.8692161964061987,-0.36694258063641444,11.519469107489087,0.0007217102142414132,0.00133
53.11241626739502,3.149674686215244,4.829179547853683,2.3852212852535932,-0.9324096530440528,-0.47929272882689766,11.407118959298604,0.0007146713265319186,0.001172
53.14289307594299,3.1567891051385097,4.818669385430865,2.422915892353021,-1.0443533484637102,-0.5541434063221933,11.332268281803309,0.0007099818310363212,0.001172
53.17107534408569,3.165682129538084,4.828532768579138,2.6286500215429425,-1.0591723229214172,-0.47933784289766573,11.407073845227837,0.0007146685000747812,0.001172
53.2011296749115,3.167945808608634,4.824328703449773,2.8183161084491086,-1.0966289163833647,-0.4422814360957445,11.444130252029758,0.0007169901337405762,0.001172
53.22870397567749,3.1621249196787438,4.828371073761496,2.8336910091152485,-1.096806886318046,-0.4379292086835561,11.448482479441946,0.0007172628066345062,0.001172
53.25864815711975,3.157597561867855,4.823681924222966,2.753149053294535,-1.127139773890576,-0.48154552979994075,11.40486615832556,0.0007145301855246615,0.001172
53.285735845565796,3.1721497841681914,4.817214132304677,2.9902480841486847,-1.1900394242337462,-0.44878602932083517,11.437625658804667,0.000716582612237091,0.001172
53.312761545181274,3.1647119813814593,4.814465320931862,3.0062173290720944,-1.2517774955771523,-0.47761692589426336,11.408794762231238,0.000714776317836835,0.001172
53.345017433166504,3.167137351791546,4.815920573997294,3.0663088677116503,-1.2856191547314648,-0.4790031927911898,11.407408495334312,0.0007146894663535035,0.001013
53.37462520599365,3.166328894981322,4.8118782044504735,3.0920685888898913,-1.335349956700524,-0.49695347548125074,11.389458212644252,0.0007135648570294926,0.001013
53.407010078430176,3.1569507964838315,4.8278859893109605,2.9209698757350813,-1.267036612083274,-0.5103133055504601,11.376098382575043,0.0007127278457287539,0.001013
53.436038970947266,3.162448302387743,4.813495152239436,2.912070388258839,-1.3119255208141392,-0.5371379753396188,11.349273712785884,0.0007110472441315933,0.001013
53.46280646324158,3.1692393395302543,4.815597184424419,3.042797335050808,-1.329806103701045,-0.507544554297496,11.378867133828006,0.0007129013117141489,0.001013
53.491793155670166,3.159861240746446,4.825945651544627,2.9451756740513493,-1.2756559049258462,-0.5076203533652988,11.378791334760203,0.0007128965628007266,0.001013
53.51935386657715,3.163095067809034,4.819639554199532,2.942057931233541,-1.2783757305475063,-0.51002059126891,11.376391096856592,0.0007127461846717102,0.001013
53.549046993255615,3.168107499972875,4.8306348012446945,3.0409625164507283,-1.2094463340594641,-0.4452188343238099,11.441192853801692,0.0007168061017956393,0.001013
53.57659649848938,3.1645502900229827,4.821579891779778,3.038456560581583,-1.2195290421976526,-0.45130180226902183,11.43510988585648,0.0007164249956823283,0.001013
53.60466766357422,3.168269191337391,4.815597184424419,3.1117024282180483,-1.26512856866951,-0.4564781475538868,11.429933540571614,0.0007161006906965977,0.001013
53.63288474082947,3.1611547715583233,4.825783956733352,3.0194962069558215,-1.231423296215617,-0.4627566868536403,11.423655001271861,0.0007157073317752042,0.000857
53.66141438484192,3.170047796365195,4.824490398257469,3.1342997645066273,-1.2161629319005067,-0.42562874129853895,11.460782946826962,0.0007180334474399873,0.000857
53.687660455703735,3.1611547715583233,4.818669385430865,3.035314342357776,-1.2429806436632376,-0.4648020417022154,11.421609646423285,0.0007155791875463173,0.000857
53.714163064956665,3.1706945618380935,4.786007045214559,3.15841594448207,-1.4721694607682227,-0.5443981512775375,11.342013536847963,0.0007105923843561388,0.000857
53.740890979766846,3.170047796365195,4.828694463397177,3.231543580774998,-1.3576019356791478,-0.4723287120187746,11.414082976106727,0.0007151076315400464,0.000857
53.7766330242157,3.1881572312709423,4.771616217267507,3.6479505451844045,-1.6451125563608553,-0.5002401938302081,11.386171494295294,0.0007133589397097234,0.000857
53.80228304862976,3.1708562532070044,4.818184301051895,3.590522157773072,-1.546370377867658,-0.4743627918220495,11.412048896303453,0.0007149801937078941,0.000857
53.830660343170166,3.165843820898482,4.825783956733352,3.449235278477634,-1.4282925626543266,-0.4550760146391289,11.431335673486373,0.0007161885362072599,0.000857
53.85690879821777,3.168592574067247,4.8261073463563005,3.405769273209372,-1.3435547603787044,-0.4268576242430045,11.459554063882496,0.0007179564562726988,0.000698
53.884947776794434,3.184923403355665,4.802984992320028,3.7046910928102545,-1.4331964842666927,-0.40873232831436895,11.477679359811132,0.0007190920304112102,0.000698
53.91500163078308,3.168592574067247,4.797649065616996,3.584588343242224,-1.5303206494503871,-0.4694873791500968,11.416924308975403,0.0007152856448611682,0.000698
53.94444561004639,3.1820129583262657,4.788594160682509,3.771168750365651,-1.6566408215730024,-0.480905192149388,11.405506495976113,0.000714570303538665,0.000698
53.97413897514343,3.172473166911238,4.809614477612575,3.7093836148285635,-1.6096484415059509,-0.47543573364114133,11.410975954484359,0.0007149129724615934,0.000698
54.00068497657776,3.181042810002983,4.805248718930388,3.8389602103872513,-1.6048787445052557,-0.4500208578713544,11.436390830254146,0.0007165052485695962,0.000698
54.02865719795227,3.1719880927970814,4.801368044788732,3.747055022756895,-1.6265399275280135,-0.4745699560757414,11.411841732049758,0.0007149672145891063,0.000698
54.060702323913574,3.170047796365195,4.8037934661005295,3.6435909355673637,-1.6260777739891676,-0.4947154707333519,11.391696217392148,0.0007137050710333678,0.000698
54.088406562805176,3.1839532550026037,4.796678897171843,3.8516010257714,-1.6715875444054749,-0.47148474119008577,11.414926946935415,0.0007151605074462104,0.000698
54.12144684791565,3.177970673711362,4.797487370875148,3.876555837418868,-1.6982360569121353,-0.4763373795827206,11.41007430854278,0.0007148564831321292,0.000698
54.14749813079834,3.171826401426246,4.785036876940138,3.770111090327819,-1.7970982410918976,-0.530900031671794,11.355511656453707,0.0007114380596821124,0.000547
54.17704486846924,3.1737666978944197,4.783096540433927,3.7347302239441547,-1.8788017518419968,-0.5660675544535273,11.320344133671973,0.0007092347671376109,0.000547
54.203185081481934,3.1813661927763084,4.777760615334775,3.8632245801088483,-1.9703691574967053,-0.569207444168894,11.317204243956606,0.0007090380488289782,0.000547
54.231714725494385,3.1755453030250376,4.786330434642524,3.835779252690952,-1.9792580900814931,-0.5776392169483356,11.308772471177164,0.00070850978693754,0.000547
54.25828957557678,3.1719880927970814,4.771292827911301,3.7448283523694648,-2.082355194350369,-0.6295698241712653,11.256841863954234,0.0007052562646341396,0.000547
54.285866498947144,3.1792642047693978,4.771616217267507,3.827901938689205,-2.1524398374307046,-0.6324093707641909,11.254002317361309,0.0007050783632255933,0.000547
54.31302523612976,3.1821746497144443,4.767897239766206,3.944749138879497,-2.2254573809150955,-0.6288479795771774,11.257563708548322,0.0007053014891676478,0.000547
54.34106922149658,3.1902592194750925,4.76822062910588,4.18958577115268,-2.2744863315527972,-0.5949427338121607,11.291468954313338,0.0007074256983613744,0.000547
54.36811304092407,3.1792642047693978,4.760135896085971,4.1392321318374705,-2.3608898389932387,-0.6273342255341585,11.259077462591339,0.0007053963278919414,0.000396
54.39515995979309,3.1770005254294,4.744936600666467,4.05833238240959,-2.519288772027557,-0.683918236851663,11.202493451273835,0.0007018512635708743,0.000396
54.424192905426025,3.181042810002983,4.7701609651769825,4.083224347693937,-2.467668326310303,-0.6658683388754583,11.22054334925004,0.0007029821139263802,0.000396
54.45026779174805,3.185893551718657,4.779539256986772,4.198474875839153,-2.3711174438887253,-0.6186435751226594,11.267768113002838,0.0007059408088147908,0.000396
54.47832107543945,3.1860552431134543,4.768705713118343,4.282411117375219,-2.373323380913258,-0.6039020913745764,11.28250959675092,0.0007068643825745527,0.000396
54.50489115715027,3.1812045013895083,4.765471819768811,4.243340333837487,-2.3957008345400443,-0.6167740379412056,11.26963765018429,0.000706057937830648,0.000396
54.531973361968994,3.173928389268555,4.7758202790415405,4.069251565818649,-2.344698495837553,-0.63662068038772,11.249791007737775,0.000704814519020424,0.000396
54.56101322174072,3.1729582410278683,4.785683655788173,3.927824199782345,-2.2454552876502407,-0.6381476081350731,11.248264079990422,0.0007047188549458569,0.000396
54.5885751247406,3.168754265432587,4.786330434642524,3.7440423893630066,-2.1718183811889546,-0.6574920531905337,11.228919634934961,0.0007035068994768082,0.000396
54.61563420295715,3.174090080642965,4.778892478198707,3.7230038761097655,-2.168189142606895,-0.661364870378934,11.225046817746561,0.0007032642622774132,0.000396
54.643051624298096,3.168754265432587,4.773233164072162,3.6006681627922097,-2.2021069515187013,-0.7021482058319272,11.184263482293568,0.0007007091315250661,0.000247
54.67828726768494,3.1715030186853994,4.7884324659628,3.570467975403456,-2.1279328982428014,-0.6868306427181806,11.199581045407314,0.0007016687974309619,0.000247
54.70741534233093,3.1760303771573484,4.776305363109529,3.6406322438500904,-2.1541359453507103,-0.6770994400526931,11.209312248072802,0.0007022784703503475,0.000247
54.734251976013184,3.177808982330346,4.780994509282987,3.7256168185174796,-2.142269791386372,-0.6525357092480928,11.233875978877403,0.0007038174210828975,0.000247
54.76343536376953,3.1705328704694566,4.785845350501169,3.6383668064870296,-2.1027135293556896,-0.6613454844901057,11.22506620363539,0.0007032654768293903,0.000247
54.7899956703186,3.174575154767847,4.791666360432044,3.658813582399686,-2.037524197805683,-0.6348744147922759,11.25153727333322,0.0007049239249058212,0.000247
54.819326400756836,3.1690776481640905,4.793445002457511,3.5622566996924507,-1.9804333475789289,-0.6397834111928424,11.246628276932654,0.0007046163696868347,0.000247
54.84798836708069,3.1719880927970814,4.7997510972970305,3.5533625652705316,-1.8998448037972302,-0.6133206177290506,11.273091070396447,0.0007062742992460853,0.000247
54.874887228012085,3.1621249196787438,4.762399621232471,3.3482235288902356,-2.08405746244426,-0.7361627426046169,11.15024894552088,0.000698578075102893,9e-05
54.901410818099976,3.167784117244667,4.80638058226469,3.318756692379539,-1.929673400699209,-0.690331348038163,11.196080340087335,0.0007014494735399992,9e-05
54.93042802810669,3.166167203620101,4.80444024513206,3.2655211950001437,-1.8341045433374314,-0.6700267092991106,11.216384978826387,0.0007027215864331992,9e-05
54.957263231277466,3.167137351791546,4.800397876288961,3.2478215738613,-1.7932479792117386,-0.6590528162361433,11.227358871889354,0.0007034091155753529,9e-05
54.98628830909729,3.1706945618380935,4.793768391921826,3.307171006534516,-1.807356663958825,-0.6462558710565262,11.24015581706897,0.000704210861381608,9e-05
55.01225829124451,3.1698861049976577,4.80330838183104,3.3324112529270704,-1.7557744858676283,-0.6174046852336631,11.269007002891833,0.0007060184269305968,9e-05
55.0392324924469,3.1655204381779605,4.812201594005092,3.2620359028096497,-1.6623753573097586,-0.5981504579002735,11.288261230225222,0.0007072247301381638,9e-05
55.07077169418335,3.171826401426246,4.81656735314781,3.3399471361013875,-1.5688709953061957,-0.5326717755693091,11.353739912556186,0.0007113270575468639,9e-05
55.098976135253906,3.165035364099237,4.810422951474329,3.257528407659457,-1.5430012353137126,-0.5437677805734009,11.342643907552095,0.00071063187792756,9e-05
55.125176191329956,3.1653587468181112,4.786007045214559,3.206357039992695,-1.6821838749235591,-0.6249923886988467,11.261419299426649,0.0007055430471155759,9e-05
55.15329837799072,3.1616398456173,4.81381854180199,3.095537048171989,-1.6004452735651271,-0.6241166829293557,11.26229500519614,0.0007055979112584121,-6.8e-05
55.183621406555176,3.1697244136303944,4.811231425345998,3.181006610794158,-1.55989490222559,-0.5752859148596693,11.311125773265827,0.0007086572244746987,-6.8e-05
55.21379590034485,3.1702094877330076,4.825945651544627,3.250617918483661,-1.4367180638930164,-0.49168870665569986,11.394722981469796,0.0007138947018688302,-6.8e-05
55.242064476013184,3.1616398456173,4.830958190891521,3.1265196631156953,-1.3182026356211984,-0.4615599599229482,11.424851728202547,0.0007157823083250325,-6.8e-05
55.272217988967896,3.165843820898482,4.835162256445225,3.1244335322174943,-1.2081585217557271,-0.3952330809609669,11.491178607164528,0.0007199377763920891,-6.8e-05
55.30091071128845,3.171017944576191,4.8396897119581554,3.227321120014143,-1.1019609941820419,-0.3051549243477612,11.581256763777734,0.0007255812939102292,-6.8e-05
55.33668851852417,3.166005512259154,4.835809035785083,3.198255423192614,-1.0526227088904394,-0.2793394463517676,11.607072241773729,0.0007271986682858522,-6.8e-05
55.36310029029846,3.150321451550029,4.837264289323076,2.861604959970413,-1.0087109153559344,-0.3234703112357933,11.562941376889704,0.0007244338103177535,-6.8e-05
55.389469385147095,3.1579209445615093,4.837102594483927,2.7792105606271043,-0.9790143258732144,-0.32161034822279677,11.5648013399027,0.0007245503394990955,-0.000225
55.4168758392334,3.166167203620101,4.8346771719445165,2.8878389027734572,-0.9738517027985827,-0.28770346426254534,11.598708223862953,0.0007266746513279543,-0.000225
55.44795536994934,3.168754265432587,4.828694463397177,3.016052681456806,-1.0087795051004091,-0.2854606100573893,11.60095107806811,0.0007268151691568414,-0.000225
55.47802424430847,3.160184623447771,4.832898528805926,2.9329761584242413,-1.006145653570296,-0.30277785081297504,11.583633837312526,0.0007257302207604212,-0.000225
55.50535845756531,3.1545254263327522,4.828532768579138,2.760692112439385,-1.032426936496033,-0.37574021160025395,11.510671476525246,0.0007211590308432475,-0.000225
55.532387495040894,3.1580826359087477,4.838881237736494,2.7118324382306995,-0.9841572146243243,-0.3483234426071843,11.538088245518317,0.0007228767282509286,-0.000225
55.5598304271698,3.1551721917003523,4.832251749494753,2.618934991374427,-0.993076713910108,-0.3929552873362479,11.493456400789253,0.0007200804832225479,-0.000225
55.58839964866638,3.16438859866478,4.833868697784636,2.7397764219317975,-0.9889037041504816,-0.34320800408870766,11.543203684036794,0.000723197217345926,-0.000225
55.619030475616455,3.167622425880975,4.818992775018832,2.8895828463015727,-1.081815852837296,-0.3746664265267024,11.511745261598799,0.0007212263049205728,-0.000225
55.64503049850464,3.167945808608634,4.79781076035924,3.00096908578015,-1.2833125420826852,-0.4826313765001664,11.403780311625335,0.0007144621557702222,-0.000225
55.672998666763306,3.1592144753470843,4.831766665015555,2.9028524158508566,-1.205610440858825,-0.4637944972128577,11.422617190912643,0.0007156423115620585,-0.000383
55.70223593711853,3.1674607345175576,4.82675412560697,3.000475170843348,-1.1835106118385583,-0.415459546807196,11.470952141318305,0.0007186705611356382,-0.000383
55.73386859893799,3.1584060186040457,4.817214132304677,2.8862023208806127,-1.2294990107973338,-0.48737326855116125,11.399038419574339,0.0007141650698632155,-0.000383
55.76128602027893,3.166975660428952,4.823196839807037,2.9790374907926305,-1.223149258346363,-0.44975135140984324,11.436660336715658,0.0007165221335114511,-0.000383
55.7896523475647,3.167784117244667,4.808482614222776,3.0603264657112454,-1.3134960060676948,-0.4822671283874283,11.404144559738073,0.0007144849764037974,-0.000383
55.81886696815491,3.1736050065205594,4.810099561928437,3.2346201153004177,-1.3663220739766078,-0.46088826485467976,11.425523423270821,0.0007158243909233801,-0.000383
55.845515966415405,3.172311475539577,4.80347007658714,3.3305386989150643,-1.4460086074236709,-0.4776752265955976,11.408736461529903,0.0007147726652195781,-0.000383
55.87179708480835,3.1690776481640905,4.818345995844487,3.3324642812532397,-1.405955947920138,-0.45611251890632176,11.430299169219179,0.0007161235978225341,-0.000383
55.89905023574829,3.168107499972875,4.8131717626784685,3.314246961464517,-1.4112523871269176,-0.4637491098892366,11.422662578236263,0.0007156451551388543,-0.000383
55.9302339553833,3.1736050065205594,4.812848373119089,3.4123644623276874,-1.4170432257884193,-0.4417638959952855,11.444647792130215,0.0007170225583231063,-0.000383
55.95683979988098,3.1729582410278683,4.796678897171843,3.4680032273386776,-1.5252633606649395,-0.48168244351712985,11.40472924460837,0.0007145216076963567,-0.000542
55.98344016075134,3.174575154767847,4.806703971792342,3.539559076995837,-1.5364341984413112,-0.46957515182529463,11.416836536300206,0.0007152801457851578,-0.000542
56.01032280921936,3.1736050065205594,4.8133334574587545,3.5700829431996257,-1.5015454968795137,-0.44627778417597536,11.440133903949526,0.0007167397571648628,-0.000542
56.038910150527954,3.172473166911238,4.807027361321581,3.568623549812331,-1.5177483627689412,-0.45417575873009525,11.432235929395407,0.000716244938449318,-0.000542
56.06802845001221,3.1753836116481513,4.81090803579614,3.6262976600101955,-1.5040903958236784,-0.4351264863857393,11.451285201739763,0.0007174384009514962,-0.000542
56.093764305114746,3.1639035245918183,4.796193812954607,3.435147676720814,-1.5893213757298752,-0.5211147283579483,11.365296959767555,0.0007120511220797938,-0.000542
56.119704723358154,3.1715030186853994,4.809129393300282,3.454603635153479,-1.565649826068401,-0.5046906565901745,11.381721031535328,0.0007130801122392907,-0.000542
56.15031147003174,3.1622866110331063,4.810584646247869,3.282353148827254,-1.539704751278477,-0.5408890880015592,11.345522600123942,0.0007108122318842725,-0.000542
56.18207120895386,3.1702094877330076,4.802984992320028,3.3215604951068642,-1.5705014778965374,-0.5445010986505704,11.341910589474931,0.0007105859345649243,-0.000698
56.21113204956055,3.1645502900229827,4.813980236583863,3.234875145640872,-1.52122593002376,-0.5462035166763977,11.340208171449104,0.0007104792757886661,-0.000698
56.24193358421326,3.168107499972875,4.803631771343637,3.245934566535857,-1.5533996411977127,-0.559464835358066,11.326946852767435,0.0007096484363586919,-0.000698
56.26970171928406,3.1580826359087477,4.816405658359585,3.051502156098248,-1.4936296596911147,-0.5959258281989995,11.290485859926502,0.0007073641061774011,-0.000698
56.300944089889526,3.166328894981322,4.787785687087914,3.0817038907604912,-1.6361654548259255,-0.6612880183732108,11.225123669752291,0.0007032690771588112,-0.000698
56.33098030090332,3.1588910926490468,4.81478871049918,2.95284503751474,-1.5619823857237707,-0.6760347059242454,11.210376982201257,0.0007023451773738038,-0.000698
56.359084129333496,3.1600229320969713,4.81478871049918,2.885469936717691,-1.5100542373522663,-0.6772955463403777,11.209116141785124,0.0007022661840279856,-0.000698
56.38435626029968,3.1609930802058797,4.795708728740932,2.8578725919252737,-1.5966210608172158,-0.7405234860054436,11.145888202120059,0.0006983048686708351,-0.000698
56.41131925582886,3.1690776481640905,4.811231425345998,3.0015980063603624,-1.5572179533020385,-0.6518724887812563,11.234539199344246,0.0007038589727360812,-0.000698
56.44039845466614,3.1694010308966933,4.809452782841414,3.1087275389843962,-1.5410940992697213,-0.599916839848174,11.286494848277329,0.0007071140639362624,-0.000698
56.46968221664429,3.1616398456173,4.811231425345998,3.0271963974662155,-1.5183490802187904,-0.6191749650334035,11.267236723092099,0.0007059075165230414,-0.000854
56.49926257133484,3.159861240746446,4.818184301051895,2.9342550177421405,-1.4576359445682299,-0.6226301530652231,11.263781535060279,0.0007056910443513276,-0.000854
56.526291370391846,3.1694010308966933,4.796840591911713,3.061587446951653,-1.5526365984589656,-0.6246306622596751,11.261781025865826,0.0007055657097629148,-0.000854
56.5598669052124,3.159861240746446,4.814465320931862,2.9583287523819553,-1.5055955175347946,-0.6411700169981214,11.24524167112738,0.0007045294969704399,-0.000854
56.58713102340698,3.1640652159491975,4.768544018447128,2.9708303124608184,-1.7684996973750602,-0.775074763702573,11.111336924422929,0.0006961401847087157,-0.000854
56.61574745178223,3.1606696975018136,4.78439009809842,2.9111031130015315,-1.8504494500647124,-0.8404005395861229,11.046011148539378,0.0006920474370943528,-0.000854
56.64437198638916,3.1648736727402107,4.819962943792266,2.954076720376552,-1.6786478807130818,-0.7385485439973969,11.147863144128104,0.0006984286014406737,-0.000854
56.673049211502075,3.1600229320969713,4.815273794853133,2.8863321147209624,-1.5885950869237637,-0.7227562070201123,11.163655481105389,0.0006994180125669068,-0.000854
56.69847106933594,3.16438859866478,4.815273794853133,2.9269544082743604,-1.5255581312712447,-0.6664228888237423,11.21998879930176,0.0007029473706271669,-0.001013
56.72845530509949,3.167137351791546,4.820771417781055,3.010824823153243,-1.4460156289337827,-0.5807071802920903,11.305704507833411,0.0007083175749127112,-0.001013
56.754812479019165,3.168107499972875,4.805410413691242,3.0890993407945047,-1.489294110217704,-0.5759558654111396,11.310455822714362,0.0007086152511726725,-0.001013
56.78676652908325,3.1632567591650425,4.809937867156086,3.046065369005905,-1.4904224124427095,-0.5935708432176697,11.292840844907833,0.0007075116491500462,-0.001013
56.816423177719116,3.166652277704588,4.809614477612575,3.0844198821270252,-1.4932955551147458,-0.5800938629092832,11.306317825216219,0.0007083560000706428,-0.001013
56.84345722198486,3.1655204381779605,4.81478871049918,3.088441943249609,-1.461973455925945,-0.5597870481216666,11.326624640003836,0.0007096282492962085,-0.001013
56.8741397857666,3.1702094877330076,4.81381854180199,3.185822651202486,-1.4462979802667932,-0.5156082076152033,11.370803480510299,0.000712396113001501,-0.001013
56.90338706970215,3.1690776481640905,4.807189056086795,3.2311630478544346,-1.478033435624907,-0.5190561927478843,11.367355495377618,0.0007121800921010942,-0.001013
56.93564558029175,3.1702094877330076,4.807674140384814,3.2857274244258607,-1.4971232578148945,-0.5124056582738408,11.37400602985166,0.0007125967570198758,-0.001013
56.964791774749756,3.176677142670948,4.814303626148799,3.4543573441806745,-1.4677778447140564,-0.44907520927414657,11.437336478851353,0.0007165644947245466,-0.001013
56.99121069908142,3.177970673711362,4.798134149844914,3.5984852603053716,-1.5514026056544616,-0.45588847219452766,11.430523215930972,0.0007161376346500007,-0.001172
57.01720976829529,3.1736050065205594,4.80799752991881,3.611331271516303,-1.5463983457823613,-0.4504868143108958,11.435924873814603,0.0007164760557727172,-0.001172
57.04932379722595,3.1765154512921354,4.786330434642524,3.6790191656319586,-1.6824785218814409,-0.4970798711671918,11.389331816958308,0.0007135569381699748,-0.001172
57.07500195503235,3.17425177201765,4.758033865661746,3.680748490926864,-1.9600260141048749,-0.6108779970997421,11.275533691025757,0.0007064273327098014,-0.001172
57.10529136657715,3.1771622168090388,4.809452782841414,3.740654705300864,-1.8230597418317047,-0.5414453593473719,11.344966328778128,0.0007107773807371911,-0.001172
57.13350033760071,3.1727965496553834,4.810099561928437,3.6945455260354527,-1.7230166890114282,-0.5107338797531991,11.3756778083723,0.0007127014961899746,-0.001172
57.1604950428009,3.1721497841681914,4.808644308991558,3.649225615067327,-1.6623615419951354,-0.4949187056000904,11.39149298252541,0.0007136923380959514,-0.001172
57.18837809562683,3.166975660428952,4.812201594005092,3.5131537967233366,-1.5969862965990176,-0.49888302374361115,11.38752866438189,0.0007134439682388005,-0.001172
57.221105098724365,3.166652277704588,4.797487370875148,3.411381781529251,-1.6460151834476136,-0.5521425030953789,11.334269185030122,0.0007101071903113905,-0.001172
57.250408411026,3.1674607345175576,4.8120398992275835,3.3564457268182064,-1.5865855112100642,-0.5388768637665076,11.347534824358993,0.0007109383004357161,-0.001172
57.2798810005188,3.173443315146974,4.808644308991558,3.438642726668624,-1.566859717534175,-0.5041054807840628,11.382306207341438,0.0007131167742896383,-0.00133
57.310367584228516,3.1771622168090388,4.813495152239436,3.571180670320102,-1.5218016946297699,-0.4464038032878694,11.440007884837632,0.0007167318618982152,-0.00133
57.336724519729614,3.1812045013895083,4.8002361815403845,3.745479020898888,-1.5756776505243018,-0.4328830824585622,11.45352860566694,0.0007175789532212063,-0.00133
57.36705470085144,3.1726348582831725,4.754961667468803,3.6946616755751487,-1.905057033828076,-0.5871853854865424,11.29922630263896,0.0007079117066547939,-0.00133
57.39308547973633,3.1703711791010942,4.809776172384132,3.613437335126103,-1.7824981245285225,-0.5578639657821597,11.328547722343343,0.0007097487329881477,-0.00133
57.4191255569458,3.171017944576191,4.803631771343637,3.5696237820501753,-1.7362901773510369,-0.5493480297863085,11.337063658339193,0.0007102822678181544,-0.00133
57.44705295562744,3.1703711791010942,4.7982958445883455,3.5259108096586247,-1.7383195731255718,-0.5626931755891955,11.323718512536306,0.0007094461765064268,-0.00133
57.47515821456909,3.1760303771573484,4.7944151708552,3.6094422278287293,-1.7647401184592877,-0.5511304346750447,11.335281253450457,0.0007101705977574848,-0.00133
57.502739906311035,3.166328894981322,4.807189056086795,3.4722619409718405,-1.7009429323596512,-0.5610240375751478,11.325387650550354,0.0007095507502452404,-0.00149
57.52944374084473,3.1719880927970814,4.805248718930388,3.4903662341660833,-1.6687848881028382,-0.5401056377409927,11.34630605038451,0.0007108613160955434,-0.00149
57.55549907684326,3.1789408220032365,4.771292827911301,3.6432567127506252,-1.8650239529653143,-0.5851254383632153,11.301286249762287,0.0007080407651092964,-0.00149
57.58653450012207,3.1782940564742184,4.783581624555152,3.7372365614339556,-1.9232247547316434,-0.5835121578806103,11.302899530244892,0.000708141839298729,-0.00149
57.61253213882446,3.1748985375191436,4.8050870241699295,3.7345441537590265,-1.825423829247734,-0.544230882721671,11.342180805403832,0.0007106028639558638,-0.00149
57.64187431335449,3.173443315146974,4.7982958445883455,3.703311625527219,-1.8007131294532446,-0.5417422549112235,11.344669433214278,0.0007107587798312819,-0.00149
57.67313289642334,3.1736050065205594,4.793930086654576,3.6847097271715756,-1.8115406038219135,-0.5512591249721743,11.335152563153327,0.0007101625351374937,-0.00149
57.70065212249756,3.1689159567982013,4.795708728740932,3.577123129781355,-1.807661517345965,-0.5793915795109967,11.307020108614505,0.0007083999990689565,-0.00149
57.7261700630188,3.1789408220032365,4.738468816432084,3.703986539681312,-2.1736955264158233,-0.6871859566139326,11.19922573151157,0.0007016465365380833,-0.00149
57.75234580039978,3.165035364099237,4.792474834074055,3.5123559901654073,-2.0820032693579043,-0.7126404582238126,11.17377122990169,0.0007000517778179672,-0.00149
57.77951097488403,3.171179635945652,4.784228403388977,3.5021277119011285,-2.07094361560855,-0.7117884018547981,11.174623286270704,0.0007001051602940943,-0.001648
57.80728721618652,3.1729582410278683,4.783096540433927,3.5308375020400717,-2.070493514003644,-0.7021931721576657,11.184218515967835,0.0007007063143243535,-0.001648
57.83603644371033,3.170047796365195,4.776143668419806,3.4922386710655906,-2.1149700414120978,-0.7318462039623964,11.154565484163104,0.0006988485120474424,-0.001648
57.865068197250366,3.1645502900229827,4.781479593388824,3.354349868812001,-2.1117286633067267,-0.779606170380527,11.106805517744974,0.0006958562859930851,-0.001648
57.89090013504028,3.1647119813814593,4.793283307725947,3.261088578336377,-2.033418138728008,-0.7852313937783885,11.101180294347113,0.000695503858190576,-0.001648
57.922537326812744,3.168269191337391,4.797649065616996,3.2675448406464103,-1.9504758075733075,-0.7479890203804109,11.13842266774509,0.0006978371429134316,-0.001648
57.95230770111084,3.162448302387743,4.7911812762515815,3.154672863696769,-1.9340827883613683,-0.7884203200288615,11.09799136809664,0.0006953040676771457,-0.001648
57.98349928855896,3.1674607345175576,4.782126372202131,3.1767494843354687,-1.9809409257054642,-0.7989658807684058,11.087445807357096,0.0006946433741304539,-0.001648
58.0117290019989,3.167137351791546,4.786815518787433,3.1856813763960186,-1.9835333322532942,-0.7961865763574718,11.09022511176803,0.0006948175012853724,-0.001648
58.040831089019775,3.165035364099237,4.783096540433927,3.149542375865702,-2.0093063156549764,-0.8228827068150325,11.06352898131047,0.0006931449528500094,-0.001648
58.06692171096802,3.166005512259154,4.781156203984539,3.1438103022887076,-2.0398473854943635,-0.8379427037568545,11.048468984368647,0.0006922014238107857,-0.001804
58.09463024139404,3.166813969066633,4.785360266363366,3.1561022065989,-2.0341428407598108,-0.8301354541853988,11.056276233940103,0.0006926905584842914,-0.001804
58.121745347976685,3.1674607345175576,4.791989749887662,3.1777500243669485,-1.9874413852402584,-0.8011134758126811,11.085298212312821,0.0006945088244159624,-0.001804
58.148088693618774,3.1684308827021814,4.802014823796499,3.212468724097081,-1.890167114324033,-0.7428356041452813,11.143576083980221,0.0006981600113633946,-0.001804
58.174893617630005,3.160346314798845,4.7973256761336955,3.0737282592250392,-1.8522834212171773,-0.7879894387923482,11.098422249333154,0.0006953310629654368,-0.001804
58.20397686958313,3.1572741791752956,4.802499908056482,2.9146533866594613,-1.7924315431922297,-0.8420800666091451,11.044331621516356,0.000691942212470171,-0.001804
58.23105525970459,3.1585677099521057,4.80330838183104,2.8293879428437037,-1.745326901331004,-0.8687071771810995,11.017704510944402,0.000690273988223359,-0.001804
58.258713245391846,3.1530702042716583,4.819477859403761,2.658832524947212,-1.608187093743105,-0.9105947986675914,10.97581688945791,0.0006876496724675725,-0.001804
58.28860068321228,3.158729401300439,4.8212565021790965,2.6535742105425117,-1.5007309054590403,-0.8424386289661915,11.04397305915931,0.000691919748056828,-0.001963
58.31797957420349,3.153878660969531,4.802661602810601,2.5520672659399755,-1.5453031167178979,-0.9629490528349877,10.923462635290512,0.0006843696081139959,-0.001963
58.3472797870636,3.1545254263327522,4.812848373119089,2.494055887700435,-1.510878736502098,-0.9972950584388959,10.889116629686605,0.0006822177847242689,-0.001963
58.37656283378601,3.1571124878294268,4.812524983561296,2.5056218557446033,-1.488865001557581,-0.9702406300555191,10.916171058069981,0.0006839127810060031,-0.001963
58.40392303466797,3.1621249196787438,4.83031141159946,2.614805032222107,-1.358872155536355,-0.7565299173246143,11.129881770800885,0.0006973020442464793,-0.001963
58.429195404052734,3.1504831428844082,4.835970730621043,2.4564505569070265,-1.2314188558675723,-0.7847601522348518,11.101651535890648,0.0006955333821063198,-0.001963
58.45923972129822,3.1590527839979288,4.817699216676499,2.5184285747257342,-1.2599097845815255,-0.7472555757082784,11.139156112417222,0.0006978830942074122,-0.001963
58.48737931251526,3.159376166696514,4.825137177492229,2.568334929032249,-1.2319368105758384,-0.6632836529836944,11.223128035141805,0.0007031440479696322,-0.001963
58.512906551361084,3.153555278289561,4.84130666043139,2.485878027424819,-1.1081891359152538,-0.5712770985762711,11.315134589549228,0.0007089083822000896,-0.001963
58.54386281967163,3.160184623447771,4.83758767900257,2.56185390060185,-1.045524082282757,-0.39859056009717525,11.487821128028322,0.0007197274258139425,-0.001963
58.56940317153931,3.1567891051385097,4.833060223634716,2.5465587230968216,-1.030825191673249,-0.38409497405229864,11.5023167140732,0.0007206355937522724,-0.002122
58.59884524345398,3.1645502900229827,4.830149716777441,2.6923739052338362,-1.0392859544983997,-0.31355976454164464,11.572851923583853,0.0007250547193814562,-0.002122
58.625091552734375,3.167945808608634,4.828532768579138,2.862922827032746,-1.0556251471456959,-0.2689318207789607,11.617479867346537,0.0007278507200090529,-0.002122
58.652170181274414,3.1584060186040457,4.833060223634716,2.7899156802132,-1.0378959370773158,-0.2719904074179678,11.61442128070753,0.0007276590954473725,-0.002122
58.679543018341064,3.1639035245918183,4.8175375218854946,2.849680290862914,-1.1254854071096045,-0.353758269800745,11.532653418324752,0.0007225362290263869,-0.002122
58.70708966255188,3.1584060186040457,4.776952141872363,2.7806459048943055,-1.448256041416896,-0.708579153615333,11.177832534510165,0.0007003062240074342,-0.002122
58.732293128967285,3.168107499972875,4.830796496067909,2.9279740980132667,-1.3273208857792675,-0.5177512273565719,11.368660460768925,0.0007122618499358824,-0.002122
58.76029324531555,3.153878660969531,4.817699216676499,2.7441471871695304,-1.3270412055197085,-0.6269354852480119,11.259476202877485,0.0007054213095065156,-0.002122
58.78886318206787,3.1647119813814593,4.8298263271345965,2.8339467011866892,-1.2487204959453588,-0.49239919887713396,11.394012489248363,0.000713850188576719,-0.002122
58.819257974624634,3.1585677099521057,4.8298263271345965,2.7728932630127754,-1.1938959992433218,-0.46760294199808067,11.418808746127416,0.0007154037073801969,-0.002122
58.84683847427368,3.1648736727402107,4.7753351949770995,2.857329825384405,-1.5065601061857767,-0.7043216522103302,11.182090035915166,0.0007005729621897641,-0.002278
58.87459707260132,3.1584060186040457,4.816082268784328,2.7860005790593583,-1.4629253165018214,-0.7180352549827208,11.168376433142775,0.0006997137865539312,-0.002278
58.903077125549316,3.161478154264034,4.818022606259699,2.798026654521843,-1.4198809756552697,-0.674327500940683,11.212084187184814,0.0007024521360593943,-0.002278
58.93215608596802,3.1564657224486887,4.809614477612575,2.7053579091841002,-1.4439165493635495,-0.7628180087763431,11.123593679349154,0.0006969080868699325,-0.002278
58.960052251815796,3.1533935869499867,4.8131717626784685,2.578533242810387,-1.4378248081373035,-0.8705528877505113,11.015858800374986,0.0006901583519767532,-0.002278
58.99062538146973,3.1611547715583233,4.800721265787301,2.646277777170417,-1.5137688337481061,-0.8672760261779877,11.019135661947509,0.0006903636517562376,-0.002278
59.016114950180054,3.1504831428844082,4.772748080026631,2.4784814783708558,-1.7471377302516595,-1.1551884094307865,10.73122327869471,0.0006723255541788897,-0.002278
59.044506549835205,3.1567891051385097,4.8133334574587545,2.4881980275351134,-1.6490379691467556,-1.1010251503146198,10.785386537810876,0.00067571895512263,-0.002278
59.07073998451233,3.1501597602159226,4.810099561928437,2.361303912399718,-1.6012014481319485,-1.2157597625033743,10.67065192562212,0.0006685306775404784,-0.002278
59.09769797325134,3.1564657224486887,4.802014823796499,2.3996519896986213,-1.619799158348218,-1.180172410862717,10.706239277262778,0.0006707602729269677,-0.002278
59.12504553794861,3.1506448342190607,4.829502937493344,2.309104297762051,-1.4557343946695243,-1.2133200195994263,10.67309166852607,0.0006686835307108349,-0.002437
59.15590739250183,3.1584060186040457,4.817375827094888,2.4022427097237045,-1.4190139931028591,-1.0577651127303744,10.82864657539512,0.0006784292545905734,-0.002437
59.18159294128418,3.1600229320969713,4.819154469813411,2.5000483072639637,-1.38185138939966,-0.9023821740665189,10.984029514058976,0.0006881642044312431,-0.002437
59.2104389667511,3.1509682168891864,4.808320919454391,2.385903461317237,-1.4256291633405538,-1.085344888171778,10.801066799953716,0.0006767013446099297,-0.002437
59.2370069026947,3.153555278289561,4.782611456316253,2.3581760000243106,-1.621898392814931,-1.2293189360718118,10.657092752053682,0.0006676811771017254,-0.002437
59.26361393928528,3.1634184505213248,4.802984992320028,2.5376799015244416,-1.6280370269720592,-1.0403207651483606,10.846090922977133,0.000679522166400418,-0.002437
59.290602684020996,3.159376166696514,4.794253476121263,2.581810857791356,-1.688584001465458,-1.0325956757897152,10.853816012335779,0.0006800061536262215,-0.002437
59.325560569763184,3.1639035245918183,4.779539256986772,2.704006915167611,-1.8257584164973264,-1.002264813885205,10.884146874240288,0.0006819064228694454,-0.002437
59.35101366043091,3.1569507964838315,4.780994509282987,2.6493267041294613,-1.9124055211889883,-1.080525490075304,10.805886198050189,0.0006770032863748031,-0.002593
59.385613203048706,3.1655204381779605,4.776143668419806,2.783876718651335,-2.004308446441839,-1.023795213385332,10.862616474740161,0.0006805575144179407,-0.002593
59.415300607681274,3.1569507964838315,4.78439009809842,2.705235566568071,-2.0155155744114537,-1.0800469224471496,10.806364765678342,0.0006770332692795899,-0.002593
59.44563698768616,3.1545254263327522,4.777598920641504,2.601273698140084,-2.067110498346972,-1.1695786861007056,10.716833002024787,0.0006714239840143678,-0.002593
59.474026918411255,3.15598064841601,4.788917550123112,2.5578482272732814,-2.0303103853490354,-1.1901581865280972,10.696253501597395,0.0006701346506671585,-0.002593
59.50153136253357,3.1508065255539868,4.7944151708552,2.4231025346912705,-1.9691336870157066,-1.2801165998372266,10.606295088288267,0.0006644986352278757,-0.002593
59.52898573875427,3.160184623447771,4.788270771243487,2.5179110556883755,-1.9658932783101233,-1.2012680504956872,10.685143637629807,0.0006694386027651741,-0.002593
59.55740189552307,3.1588910926490468,4.741055930050667,2.5581900529642465,-2.267791127758451,-1.250230324953407,10.636181363172087,0.0006663710504970184,-0.002593
59.588785886764526,3.1606696975018136,4.797163981392639,2.622254931353925,-2.117661895980763,-1.169440976884991,10.716970711240503,0.0006714326116817238,-0.002593
59.615888357162476,3.159537858046217,4.792474834074055,2.644274249596956,-2.0427797280533544,-1.1306668595530396,10.755744828572453,0.0006738618622197084,-0.002593
59.64290761947632,3.1577592532145453,4.799427707803441,2.623818192495946,-1.9455706009222706,-1.111226548965489,10.775185139160005,0.0006750798237931232,-0.002751
59.67053818702698,3.1639035245918183,4.793121612994777,2.733412049460818,-1.9181491603546963,-1.0195143227489176,10.866897365376577,0.0006808257179670386,-0.002751
59.69794511795044,3.1566274137934625,4.777598920641504,2.663388556467021,-1.9989540085072535,-1.101894132924264,10.78451755520123,0.0006756645121947896,-0.002751
59.722829818725586,3.1616398456173,4.79926601305724,2.7154591097040233,-1.9159342626326339,-1.0312275750010202,10.855184113124473,0.0006800918669784688,-0.002751
59.752036333084106,3.166328894981322,4.7949002550593836,2.8464737582845343,-1.885945405158049,-0.9275570292241977,10.958854658901295,0.0006865869659370199,-0.002751
59.77943754196167,3.1621249196787438,4.797002286651979,2.8534013640000433,-1.8514115555174326,-0.9058448892264409,10.980566798899051,0.0006879472606748419,-0.002751
59.80473327636719,3.160508006150192,4.787300602935897,2.8256419781152866,-1.8897377775244641,-0.9431172313586256,10.943294456766868,0.0006856120983705298,-0.002751
59.838942527770996,3.1635801418778815,4.785036876940138,2.868166957251344,-1.9311494455205183,-0.9352078493021232,10.951203838823371,0.0006861076317814232,-0.002751
59.86751747131348,3.171826401426246,4.751889469417555,3.0642388742105675,-2.173678919085793,-0.9265031410168284,10.959908547108666,0.0006866529934489504,-0.002908
59.89403295516968,3.165035364099237,4.783096540433927,3.064532624335883,-2.142408226437729,-0.9142977521771511,10.972113935948343,0.0006874176774558425,-0.002908
59.922685861587524,3.168269191337391,4.778892478198707,3.1299556728460582,-2.1476020342810545,-0.8838805673822033,11.00253112074329,0.0006893233549441141,-0.002908
59.95163941383362,3.1645502900229827,4.779539256986772,3.1007517700583107,-2.1470710394682437,-0.8979788644944561,10.988432823631037,0.0006884400776911104,-0.002908
59.980534076690674,3.1647119813814593,4.781802982794689,3.083569909208809,-2.1321160317182475,-0.9006314734797495,10.985780214645743,0.0006882738881748044,-0.002908
60.01718735694885,3.167784117244667,4.766603682423247,3.133499158602564,-2.2195640360204894,-0.9098412936505462,10.976570394474946,0.0006876968805691094,-0.002908
60.04375386238098,3.1755453030250376,4.780186035781146,3.3249714576365594,-2.193277780342093,-0.8141188813123701,11.072292806813122,0.0006936940182906191,-0.002908
60.072646141052246,3.1692393395302543,4.776628752490158,3.3318280836152248,-2.197794032755008,-0.8130445866644769,11.073367101461015,0.0006937613242934614,-0.002908
60.10271716117859,3.168592574067247,4.782449761611152,3.3235842368056914,-2.163455466532912,-0.8028091159438836,11.083602572181608,0.0006944025902839069,-0.002908
60.129886865615845,3.1692393395302543,4.779700951684774,3.330857029033617,-2.157126776962415,-0.7972044335049998,11.089207254620492,0.0006947537311677427,-0.002908
60.15694212913513,3.1708562532070044,4.767897239766206,3.3685566964675293,-2.228738238587295,-0.8100750523613873,11.076336635764104,0.0006939473696066683,-0.003066
60.18978667259216,3.1637418332347127,4.779539256986772,3.251468131166647,-2.203866382482614,-0.8500964655215588,11.036315222603932,0.0006914399743094932,-0.003066
60.21903038024902,3.1726348582831725,4.772262995984643,3.348854052762577,-2.2333310092771033,-0.8198232014958828,11.066588486629609,0.0006933366349682343,-0.003066
60.2460081577301,3.171826401426246,4.760297590736738,3.400719841068416,-2.331039448622419,-0.8351321022583637,11.051279585867128,0.0006923775117702817,-0.003066
60.27368116378784,3.165843820898482,4.775011805602776,3.3163736567844166,-2.3046438507757565,-0.8600468361897277,11.026364851935764,0.0006908165702203206,-0.003066
60.30120873451233,3.172473166911238,4.762399621232471,3.3910270493216723,-2.3674167953292398,-0.8517878134727928,11.034623874652699,0.0006913340090882793,-0.003066
60.3303337097168,3.170047796365195,4.77420333217386,3.394371354162717,-2.3353163184876067,-0.8391101989917122,11.04730148913378,0.0006921282786659686,-0.003066
60.35659646987915,3.174090080642965,4.75754878172712,3.4782341514696102,-2.420137465948822,-0.8362202773917062,11.050191410733785,0.0006923093361363797,-0.003066
60.384788036346436,3.170047796365195,4.769999270502225,3.4554163256662616,-2.3993040769875553,-0.8377454248135173,11.048666263311974,0.0006922137836015993,-0.003225
60.410828828811646,3.168107499972875,4.764178262473052,3.4003133925536266,-2.4222206405921005,-0.8670021776936848,11.019409510431807,0.0006903808087316527,-0.003225
60.437047481536865,3.169562722263407,4.741379319260035,3.3910891805877132,-2.585136952393904,-0.9221150612493358,10.964296626876155,0.0006869279125411024,-0.003225
60.463948488235474,3.1694010308966933,4.772262995984643,3.3813713609435387,-2.5002204082149966,-0.89993993589404,10.986471752231452,0.0006883172139335248,-0.003225
60.49398136138916,3.1635801418778815,4.780509425180699,3.2571775252311177,-2.3876539106911294,-0.9151480115318419,10.97126367659365,0.0006873644075650766,-0.003225
60.521275997161865,3.159699549396195,4.7758202790415405,3.0919809362415465,-2.3390656491433126,-0.9763856644995065,10.910026023625987,0.0006835277863431662,-0.003225
60.5477032661438,3.166652277704588,4.717933605633616,3.1165607791919743,-2.677969782010493,-1.0631961631102087,10.823215525015284,0.0006780889919884853,-0.003225
60.574583768844604,3.167137351791546,4.776143668419806,3.143549282795578,-2.5402034290168958,-1.0141026627700902,10.872309025355403,0.0006811647657344553,-0.003225
60.60181283950806,3.166490586342818,4.781641288091559,3.149397750611469,-2.408350369517471,-0.9710544292770237,10.91535725884847,0.0006838617953915597,-0.003225
60.627365827560425,3.1635801418778815,4.732971200325126,3.094795997998663,-2.6295943123747563,-1.061083430852561,10.825328257272933,0.0006782213575025619,-0.003225
60.65360450744629,3.1645502900229827,4.788270771243487,3.076139997665152,-2.4282157160614486,-1.0129464906075476,10.873465197517946,0.0006812372014735803,-0.003376
60.67923927307129,3.1542020436505944,4.776305363109529,2.8543850584059087,-2.3643339178237515,-1.1135610549465473,10.772850633178948,0.0006749335638573557,-0.003376
60.70655012130737,3.1566274137934625,4.7758202790415405,2.748069662728543,-2.32274165413615,-1.166672587585136,10.719739100540359,0.0006716060549902704,-0.003376
60.74009609222412,3.161963228324655,4.784875182229117,2.78125762609739,-2.2352938243147107,-1.1197059099768223,10.766705778148673,0.0006745485804350295,-0.003376
60.768120765686035,3.1642269073068516,4.787300602935897,2.8501413951469754,-2.1584553656825496,-1.048588375491981,10.837823312633514,0.0006790041895061114,-0.003376
60.80119824409485,3.1592144753470843,4.802823297565117,2.7972730324076496,-2.004668573428151,-1.0224530744180094,10.863958613707485,0.0006806416012272034,-0.003376
60.830077171325684,3.1616398456173,4.791828055159656,2.809178242862457,-1.9678510633835158,-0.99703101613785,10.889380671987645,0.0006822343273291298,-0.003376
60.85862898826599,3.161478154264034,4.796678897171843,2.8142510191840038,-1.9108288469815127,-0.9652406347832434,10.921171053342253,0.0006842260374265451,-0.003376
60.884766578674316,3.1592144753470843,4.798457539332171,2.7721497692335513,-1.8594549764895596,-0.9704090327819507,10.916002655343545,0.0006839022303489683,-0.003376
60.91681361198425,3.1639035245918183,4.7890792448440065,2.837244153177148,-1.8839098548192421,-0.9339681887163318,10.952443499409164,0.0006861852981824188,-0.003376
60.94333863258362,3.1527468215944237,4.79926601305724,2.6578101307777597,-1.8354033550510185,-1.0552318271072885,10.831179861018207,0.0006785879683379441,-0.003533
60.96985483169556,3.1642269073068516,4.800559571037932,2.763728148423234,-1.7931154820007482,-0.93898169454053,10.947429993584965,0.0006858711953076492,-0.003533
60.99605917930603,3.1590527839979288,4.795547034003832,2.7335228887870615,-1.7958055974051539,-0.9661158020310457,10.920295886094449,0.0006841712070228159,-0.003533
61.02312350273132,3.1639035245918183,4.793445002457511,2.810205336864608,-1.8112303272985624,-0.9124595629470251,10.973952125178469,0.0006875328424804379,-0.003533
61.05115032196045,3.1556572657289257,4.796678897171843,2.6975786327789666,-1.8011943317220358,-1.0010450106961326,10.885366677429362,0.0006819828451778612,-0.003533
61.07815718650818,3.1627716850978405,4.777113836564057,2.762218260255179,-1.9202106236040954,-1.0101698878352556,10.876241800290238,0.0006814111593672086,-0.003533
61.105809688568115,3.162609993742655,4.796678897171843,2.804205128452962,-1.8774805391359242,-0.9549762712537401,10.931435416871754,0.0006848691135902818,-0.003533
61.132444620132446,3.1558189570723307,4.789402634286979,2.696639357688791,-1.8944444182048439,-1.0516908421642668,10.834720845961227,0.0006788098158013999,-0.003533
61.16406607627869,3.1705328704694566,4.79991279204442,2.9180825839069384,-1.8386108878350869,-0.848961509825653,11.03745017829984,0.0006915110808084824,-0.003533
61.19209861755371,3.1618015369708403,4.8041168556155025,2.897005799914331,-1.7724441152734278,-0.8217942830898709,11.064617405035623,0.0006932131440585223,-0.003691
61.22013282775879,3.168754265432587,4.793930086654576,3.0224695094553997,-1.7917522938960264,-0.7518954953452002,11.134516192780293,0.0006975923970091312,-0.003691
61.24791383743286,3.173443315146974,4.74057084623955,3.2048593745146836,-2.149017432092555,-0.84241631219626,11.043995375929233,0.0006919211462324429,-0.003691
61.28553080558777,3.1703711791010942,4.794091781387722,3.2705757243837805,-2.0543119503608764,-0.7667574388485872,11.119654249276905,0.0006966612762838801,-0.003691
61.312877893447876,3.1789408220032365,4.795385339267126,3.489403355902989,-1.979684790588725,-0.637837302911003,11.24857438521449,0.0007047382959849926,-0.003691
61.34090280532837,3.1653587468181112,4.790857886799915,3.3686695037631824,-1.956612406995013,-0.6737512794656961,11.212660408659797,0.000702488237108868,-0.003691
61.367719411849976,3.1729582410278683,4.7884324659628,3.4374167563435125,-1.9560867170762124,-0.6455736882805185,11.240837999844974,0.0007042536010489337,-0.003691
61.400351762771606,3.167299043154414,4.798619234076394,3.3714093379921426,-1.8900938201759578,-0.636556804529895,11.249854883595598,0.0007048185209287242,-0.003691
61.42786455154419,3.167622425880975,4.73458814619201,3.3317258875437967,-2.2563980841854083,-0.8299523072925765,11.056459380832916,0.0006927020328831562,-0.003691
61.4590220451355,3.1721497841681914,4.789402634286979,3.395251868123174,-2.159686699739481,-0.7609878640582285,11.125423824067264,0.0006970227478950435,-0.003691
61.48455023765564,3.169562722263407,4.7944151708552,3.3875461134863993,-2.0596971070890278,-0.7177190659202453,11.168692622205247,0.000699733596223447,-0.003853
61.51560068130493,3.1702094877330076,4.786977213503193,3.3951955703682453,-2.0376209940252656,-0.7036476424398203,11.182764045685673,0.000700615189807316,-0.003853
61.54218053817749,3.1748985375191436,4.793768391921826,3.4951154600130083,-1.9784177743283111,-0.6340173354373897,11.252394352688103,0.0007049776220787607,-0.003853
61.5733962059021,3.1732816237736636,4.781479593388824,3.532450668503905,-2.016142076348078,-0.6391029319108223,11.247308756214672,0.0007046590026279736,-0.003853
61.59858512878418,3.177485599569142,4.781479593388824,3.643367972678869,-2.0425490877619112,-0.6131004922983759,11.273311195827118,0.0007062880904000219,-0.003853
61.626426458358765,3.175060228895204,4.782449761611152,3.6720970130869963,-2.054784005037741,-0.6093861453597657,11.277025542765728,0.0007065207992253868,-0.003853
61.652496099472046,3.171664710055685,4.784228403388977,3.6237290419498907,-2.051890130584432,-0.624172271751771,11.262239416373722,0.0007055944285440126,-0.003853
61.67901945114136,3.1727965496553834,4.765148430442512,3.612697561689786,-2.1727808890250797,-0.6831627495688798,11.203248938556614,0.0007018985958640229,-0.003853
61.70554828643799,3.181042810002983,4.772748080026631,3.771279973190098,-2.2084461689455486,-0.6453550871566043,11.24105660096889,0.0007042672967030044,-0.00401
61.7317795753479,3.172311475539577,4.778084004722499,3.7062005994378406,-2.199036919358272,-0.6624023346971488,11.224009353428345,0.0007031992637442012,-0.00401
61.76130032539368,3.1713413273153885,4.786007045214559,3.641079809720858,-2.1414088537547507,-0.659347934154504,11.22706375397099,0.0007033906260413212,-0.00401
61.78984785079956,3.168107499972875,4.774365026858856,3.530277831391853,-2.1760690943871235,-0.7154973053413732,11.17091438278412,0.0006998727925083113,-0.00401
61.817333459854126,3.1622866110331063,4.786330434642524,3.335325086194116,-2.1232480459047802,-0.7736278029277921,11.112783885197702,0.0006962308387450274,-0.00401
61.84493064880371,3.166652277704588,4.79603211821632,3.286901684158779,-2.023773396128322,-0.7471205634160557,11.139291124709437,0.000697891552908888,-0.00401
61.87801647186279,3.1577592532145453,4.754638278193579,3.07365739668924,-2.2208073851370598,-0.953443814903553,10.93296787322194,0.0006849651240392434,-0.00401
61.90487313270569,3.1582443272562597,4.807350750852405,2.934169008086382,-2.0191483535164156,-0.9508726180908867,10.935539070034608,0.0006851262129735694,-0.00401
61.93186974525452,3.1608313888537096,4.807835835151614,2.888701070908612,-1.8748620348136187,-0.9049478608223518,10.981463827303143,0.0006880034607093797,-0.00401
61.95847177505493,3.146440859606885,4.769352491807135,2.5666560202416826,-2.0217779348970932,-1.2577109475913948,10.6287007405341,0.0006659023794396682,-0.004167
61.98471689224243,3.153716969629409,4.82966463231377,2.4879636619976426,-1.7360778723829113,-1.238896978265191,10.647514709860303,0.0006670810998916652,-0.004167
62.011839389801025,3.1501597602159226,4.821741586580715,2.361139856523503,-1.5871294532788067,-1.376799598353969,10.509612089771526,0.0006584413154918772,-0.004167
62.03880715370178,3.1501597602159226,4.827239210049151,2.2723631926915844,-1.4474489230431427,-1.5406723281619399,10.345739359963556,0.0006481744688312836,-0.004167
62.06687331199646,3.1516149822327173,4.822064976183782,2.239567363701695,-1.3830058572427897,-1.6421827132887332,10.244228974836762,0.0006418147068393044,-0.004167
62.09937405586243,3.154848809016005,4.818345995844487,2.2818276976578176,-1.3618540227935192,-1.4978352272721904,10.388576460853304,0.0006508582707471655,-0.004167
62.12665867805481,3.1532318956106855,4.820448028184346,2.278801224026782,-1.3335060844565971,-1.5015905823129534,10.384821105812541,0.0006506229927091125,-0.004167
62.155736684799194,3.1506448342190607,4.824813787874053,2.224508761791758,-1.2855375520839127,-1.748907459718532,10.137504228406963,0.0006351282581069896,-0.004167
62.18279552459717,3.153716969629409,4.826915820420632,2.2484605810827043,-1.2384179238688808,-1.6520324422685722,10.234379245856921,0.0006411976080871024,-0.004167
62.21437311172485,3.1567891051385097,4.820933112580004,2.3271833994334195,-1.2439758180196725,-1.184328205799192,10.702083482326302,0.0006704999067915181,-0.004167
62.24174928665161,3.1582443272562597,4.8198012489957005,2.411637210007308,-1.25515800399865,-0.8554678394171993,11.030943848708294,0.0006911034505193063,-0.00432
62.26740264892578,3.1642269073068516,4.8060571927386215,2.5914071038839235,-1.35152711078945,-0.6842764123943774,11.202135275731116,0.0007018288233919686,-0.00432
62.29688000679016,3.1616398456173,4.810584646247869,2.665072092895867,-1.3898188505832225,-0.6509035927955421,11.235508095329951,0.0007039196753711503,-0.00432
62.32350134849548,3.1708562532070044,4.8133334574587545,2.902507241171098,-1.3989147533788593,-0.4580585323882676,11.428353155737225,0.0007160016774637163,-0.00432
62.35109734535217,3.1629333764533003,4.80638058226469,2.9089291571707627,-1.4500735043534265,-0.5161739836062404,11.370237704519253,0.0007123606663756278,-0.00432
62.37764620780945,3.1719880927970814,4.804925329409868,3.096033285505329,-1.4952596194648973,-0.4588663297050977,11.427545358420396,0.0007159510678766639,-0.00432
62.4052300453186,3.161963228324655,4.809452782841414,3.0248321620411613,-1.4977232655837318,-0.49801439761529903,11.388397290510195,0.0007134983888326062,-0.00432
62.4325954914093,3.166652277704588,4.8133334574587545,3.0695566372517256,-1.4744478438792137,-0.4509991771852014,11.435412510940292,0.00071644395555036,-0.00432
62.4621365070343,3.1653587468181112,4.795223644530816,3.074776800707301,-1.5748215813804618,-0.544773670824916,11.341638017300578,0.0007105688575520417,-0.00432
62.4886519908905,3.166005512259154,4.743481349159106,3.09147439967783,-1.9784159724473254,-0.8266613772904687,11.059750310835025,0.0006929082140686529,-0.00432
62.51702308654785,3.166328894981322,4.80444024513206,3.1096844612662142,-1.8682243435611092,-0.7494984848278579,11.136913203297635,0.0006977425729380622,-0.004478
62.544540882110596,3.1755453030250376,4.795061949794902,3.3083011695011173,-1.8515067964841698,-0.6341719133753164,11.252239774750176,0.0007049679375632975,-0.004478
62.57118368148804,3.171664710055685,4.798134149844914,3.3690719514397722,-1.820012871893541,-0.5873521842334691,11.299059503892025,0.0007079012564892296,-0.004478
62.596999406814575,3.168754265432587,4.785360266363366,3.3529158155232297,-1.8802586812392408,-0.6318032259325793,11.254608462192914,0.0007051163390135569,-0.004478
62.62471389770508,3.171664710055685,4.796678897171843,3.4003022036552566,-1.8495141794805203,-0.5926414132587244,11.29377027486677,0.0007075698791855216,-0.004478
62.65123462677002,3.1703711791010942,4.785845350501169,3.4073857047821576,-1.897784601021582,-0.6188078276228571,11.267603860502637,0.000705930518175005,-0.004478
62.67884159088135,3.173443315146974,4.774850110916205,3.474300711243396,-2.002407122463666,-0.6499113979156649,11.236500290209829,0.0007039818377132377,-0.004478
62.70436906814575,3.1737666978944197,4.789240939565295,3.5276629585850765,-1.982934691768962,-0.6184786334585116,11.267933054666983,0.0007059511426316235,-0.004478
62.73226737976074,3.1719880927970814,4.782126372202131,3.5291469464953544,-2.015137258090799,-0.6349816979732341,11.25142999015226,0.0007049172034704154,-0.004478
62.76164126396179,3.167945808608634,4.79360669718947,3.448663955915797,-1.9637208244776176,-0.6393897389306729,11.24702194919482,0.0007046410337828983,-0.004478
62.788660764694214,3.1755453030250376,4.739438984027311,3.5455868157558044,-2.276687054734029,-0.7525432900134436,11.13386839811205,0.000697551811802952,-0.004636
62.815778493881226,3.1703711791010942,4.79635550769329,3.509084933252559,-2.129097371622928,-0.7002314865044105,11.186180201621083,0.0007008292165657561,-0.004636
62.84386658668518,3.171664710055685,4.790372802625381,3.5096205860657874,-2.0643262094841264,-0.6678299838084691,11.218581704317025,0.0007028592142361548,-0.004636
62.871885776519775,3.1674607345175576,4.804278550373583,3.4252128899937997,-1.929403174958583,-0.6291481464115186,11.257263541713975,0.0007052826833122475,-0.004636
62.897818088531494,3.1611547715583233,4.787947381806044,3.2389535301988146,-1.9401652503013664,-0.7242196843683547,11.162192003757138,0.0006993263237450794,-0.004636
62.924697399139404,3.166813969066633,4.805572108452492,3.222702466135972,-1.8341571796854266,-0.6651905909790036,11.22122109714649,0.0007030245757425441,-0.004636
62.95181918144226,3.166328894981322,4.797487370875148,3.201544107786922,-1.8120348016080978,-0.661346569269586,11.225065118855907,0.0007032654088664985,-0.004636
62.97889065742493,3.1569507964838315,4.799589402550038,2.997602738962979,-1.7830074870154016,-0.7686970171113399,11.117714671014154,0.00069653975910019,-0.004636
63.00492262840271,3.159376166696514,4.818184301051895,2.9037568439983175,-1.642896829325831,-0.7237387131259444,11.162672974999548,0.0006993564572395283,-0.004636
63.03035235404968,3.1590527839979288,4.812686678339995,2.8315429756896404,-1.5802360009322034,-0.7249891277614208,11.161422560364072,0.0006992781170828734,-0.004636
63.05738186836243,3.160508006150192,4.800721265787301,2.8103411062980075,-1.613456668704538,-0.7807892156846264,11.105622472440865,0.0006957821666155411,-0.004797
63.08694672584534,3.166328894981322,4.798780928821012,2.912891155900326,-1.64921112093335,-0.7219817239986075,11.164429964126885,0.0006994665349686039,-0.004797
63.12093639373779,3.1530702042716583,4.80573380321414,2.7172847740868415,-1.62944762363566,-0.9004271693856015,10.98598451873989,0.0006882866881007543,-0.004797
63.14879870414734,3.160184623447771,4.764339957133645,2.723838623265269,-1.8822794584046376,-1.0782111683498665,10.808200519775625,0.0006771482817398414,-0.004797
63.180943965911865,3.1577592532145453,4.8151121000680845,2.679513254063783,-1.7321788569507695,-1.0329051966121372,10.853506491513354,0.0006799867617309024,-0.004797
63.210384130477905,3.1584060186040457,4.809614477612575,2.661528979134908,-1.6625250662703859,-1.0010163557196092,10.885395332405881,0.0006819846404506338,-0.004797
63.23837494850159,3.166167203620101,4.804925329409868,2.8054617957289167,-1.6439757128067878,-0.8145888922174916,11.071822795907998,0.0006936645714760249,-0.004797
63.26567077636719,3.1634184505213248,4.813495152239436,2.850779958517669,-1.575782891320599,-0.6991648426585438,11.187246845466946,0.0007008960432355734,-0.004797
63.292104959487915,3.1616398456173,4.810746341021806,2.8466330911394944,-1.5457562313836954,-0.6687952882589288,11.21761639986656,0.0007027987366155932,-0.004954
63.317442655563354,3.1705328704694566,4.793768391921826,3.023078197322449,-1.6341124404792062,-0.6222678887923303,11.264143799333159,0.0007057137406946705,-0.004954
63.344345808029175,3.165682129538084,4.809452782841414,3.048763635021551,-1.5949202402937386,-0.5677610746133629,11.318650613512126,0.0007091286658246094,-0.004954
63.372923135757446,3.1732816237736636,4.808320919454391,3.2200043910099,-1.5747773589664145,-0.45816466644624376,11.428247021679246,0.0007159950280224088,-0.004954
63.400126695632935,3.1702094877330076,4.795708728740932,3.2779163646346627,-1.6419272459471272,-0.4902947688496498,11.39611691927584,0.0007139820339449227,-0.004954
63.427189111709595,3.168269191337391,4.789887718454402,3.279324291055222,-1.7264321172533232,-0.5563907479036604,11.33002094022183,0.0007098410320672794,-0.004954
63.455851316452026,3.1732816237736636,4.7881090765245675,3.38139685023347,-1.7970438446933439,-0.5612713991743917,11.325140288951099,0.0007095352527087544,-0.004954
63.484318256378174,3.181042810002983,4.790857886799915,3.6093694751706473,-1.8287637448682599,-0.4961020091410361,11.390309678984455,0.000713618202539522,-0.004954
63.51127505302429,3.165682129538084,4.7881090765245675,3.4591675295152777,-1.8686759840237919,-0.575786065355022,11.31062562277047,0.0007086258893742884,-0.004954
63.539159536361694,3.1763537599135976,4.770484354527675,3.5692436747247354,-2.0101560448352913,-0.614769387727633,11.271642300397858,0.0007061835318594712,-0.004954
63.56687307357788,3.1821746497144443,4.78471348751849,3.7636883541043535,-2.017525562967586,-0.5511927996613544,11.335218888464137,0.000710166690507314,-0.004954
63.59454679489136,3.1732816237736636,4.780347730480726,3.7204516943678616,-2.0508091841127634,-0.582133627943355,11.304278060182137,0.000708228206051143,-0.004954
63.623530864715576,3.1690776481640905,4.784875182229117,3.6054033780701857,-2.044941095298348,-0.6198633272727498,11.266548360852742,0.0007058643897040355,-0.005105
63.6498818397522,3.173443315146974,4.767250461091579,3.612913082544998,-2.1543749209947927,-0.6723151765442743,11.214096511581218,0.0007025782108860812,-0.005105
63.676536321640015,3.1727965496553834,4.7746884162300285,3.605126390106355,-2.1830620114508457,-0.6891167554179145,11.197294932707578,0.0007015255693992782,-0.005105
63.710118770599365,3.1729582410278683,4.7095254896417105,3.6029365767837365,-2.6229337663995107,-0.8667062887620495,11.019705399363444,0.0006903993465707017,-0.005105
63.735241413116455,3.167299043154414,4.777598920641504,3.4872732123002996,-2.4923032327386214,-0.8687597100378932,11.0176519780876,0.0006902706969693104,-0.005105
63.76575326919556,3.1731199324006285,4.776790447181064,3.523700223709511,-2.406070184396143,-0.8198406858764439,11.066571002249049,0.0006933355395483046,-0.005105
63.794923543930054,3.1635801418778815,4.774850110916205,3.356807729167274,-2.3582070308258496,-0.8772234787768264,11.009188209348666,0.0006897404304880284,-0.005264
63.82194471359253,3.1637418332347127,4.775658584353,3.243243854056453,-2.3194944982588064,-0.9202835111214819,10.96612817700401,0.0006870426616170219,-0.005264
63.8506977558136,3.165682129538084,4.759165728189618,3.20287959473536,-2.3986455443013144,-0.9739823999237649,10.912429288201729,0.0006836783540972574,-0.005264
63.878220558166504,3.166652277704588,4.764339957133645,3.1941898401376525,-2.420718002870609,-0.9870267558902515,10.899384932235243,0.000682861107672846,-0.005264
63.905263900756836,3.1715030186853994,4.784066708679928,3.2859331495452513,-2.3090855942207305,-0.8925044382197633,10.993907249905732,0.0006887830578512803,-0.005264
63.93229365348816,3.163095067809034,4.781317898686485,3.1805881640792637,-2.2486512153828477,-0.9252391038530058,10.96117258427249,0.000686732187075306,-0.005264
63.959372997283936,3.1639035245918183,4.767250461091579,3.1231510295691405,-2.2969720050539255,-0.9807436193397473,10.905668068785747,0.0006832547546181748,-0.005264
63.98742341995239,3.1637418332347127,4.789240939565295,3.0796841643377806,-2.189130109582157,-0.9613975993739732,10.92501408875152,0.0006844668087574701,-0.005264
64.01399898529053,3.1634184505213248,4.78762399237018,3.0427356165438555,-2.124057434958907,-0.955396304445008,10.931015383680485,0.000684842797946598,-0.005264
64.04504179954529,3.1579209445615093,4.790372802625381,2.906002020228514,-2.060798253819312,-1.0285687353224862,10.857842952803008,0.0006802584468560763,-0.005264
64.07206463813782,3.1551721917003523,4.7973256761336955,2.754853698772873,-1.971725218863878,-1.1241108030653053,10.762300885060188,0.0006742726079657311,-0.005415
64.10012364387512,3.1600229320969713,4.729899003285722,2.7468759995983665,-2.3437483291591494,-1.2624840084651336,10.62392767966036,0.000665603340764046,-0.005415
64.13005900382996,3.1629333764533003,4.791342970978007,2.799987288069827,-2.208331888206227,-1.1794579853110967,10.706953702814397,0.0006708050326474989,-0.005415
64.15792918205261,3.159861240746446,4.79360669718947,2.775208641164665,-2.0989570655584266,-1.1605139272540097,10.725897760871485,0.0006719919033332403,-0.005415
64.18776726722717,3.1726348582831725,4.79991279204442,3.015472409761205,-1.9817697409826043,-0.8943358884712677,10.992075799654227,0.0006886683150327483,-0.005415
64.2134096622467,3.165197055458537,4.791342970978007,3.033656970339846,-1.954946876482632,-0.863488177439856,11.022923510685638,0.000690600965568081,-0.005415
64.24109220504761,3.166328894981322,4.782934845727641,3.0692122607296164,-1.9903374617510032,-0.859658468755757,11.026753219369738,0.0006908409019617717,-0.005415
64.26862025260925,3.1731199324006285,4.777437225948628,3.231057557609994,-2.050527484533756,-0.7904037198440118,11.096007968281484,0.0006951798050143297,-0.005415
64.29479622840881,3.1703711791010942,4.7890792448440065,3.288914452550492,-2.0176606104501795,-0.7377612567877809,11.148650431337714,0.0006984779260419566,-0.005564
64.329434633255,3.1727965496553834,4.774365026858856,3.378327349110183,-2.089445324073916,-0.7324921244682275,11.153919563657267,0.0006988080442600556,-0.005564
64.35582971572876,3.173443315146974,4.777598920641504,3.4539598622730137,-2.118861323110692,-0.7120797125348551,11.17433197559064,0.0007000869092886567,-0.005564
64.38091897964478,3.182336341102898,4.775011805602776,3.6862505570946396,-2.1561191629175385,-0.635178669098764,11.251233019026731,0.0007049048629648003,-0.005564
64.41090679168701,3.1824980324916283,4.75609352994445,3.8521149151818244,-2.3040744395720782,-0.6465040285005799,11.239907659624915,0.0007041953139843762,-0.005564
64.43762803077698,3.1761920685353355,4.7570636977960294,3.8410459731903597,-2.401393144904819,-0.6915097732663906,11.194901914859106,0.0007013756436164154,-0.005564
64.46868777275085,3.179102513386179,4.746553546822973,3.891993401662923,-2.5372244406495645,-0.7276199824448069,11.15879170568069,0.0006991132905028059,-0.005564
64.49534273147583,3.1789408220032365,4.753829805012389,3.9243957299983863,-2.5854314397231115,-0.7346663166952963,11.1517453714302,0.0006986718281963328,-0.005564
64.52525162696838,3.1776472909496065,4.747200325296548,3.9209903872703653,-2.661884588745255,-0.7628266718303552,11.123585016295142,0.0006969075441179612,-0.005564
64.55175733566284,3.1784557478560598,4.75027252313168,3.934911005170873,-2.6956101656926217,-0.76977249915562,11.116639188969877,0.0006964723787053692,-0.005564
64.5822811126709,3.176677142670948,4.733617978667189,3.908785850702186,-2.826509512267474,-0.8208738899101146,11.065537798215383,0.0006932708079276427,-0.005564
64.61358571052551,3.1737666978944197,4.737175259660359,3.831802556206238,-2.8952224382850114,-0.8679560023355081,11.01845568578999,0.0006903210503365244,-0.005723
64.64512157440186,3.1689159567982013,4.7481704930186694,3.680088110105598,-2.8724883002471455,-0.9166891316274375,10.96972255649806,0.0006872678543208271,-0.005723
64.67315244674683,3.167784117244667,4.745259989894633,3.5510618992302985,-2.875324365822278,-0.968851689849348,10.917559998276149,0.0006839997999757496,-0.005723
64.70700669288635,3.1732816237736636,4.728767141254127,3.5716131759560175,-2.9835593821006334,-0.9900292084121368,10.89638247971336,0.000682672999989011,-0.005723
64.738205909729,3.1813661927763084,4.734426451603563,3.749042646517161,-3.0228656419090454,-0.9329944798784906,10.953417208247005,0.0006862463023491396,-0.005723
64.77023887634277,3.1715030186853994,4.72262274770215,3.674330114010925,-3.1264215164512543,-0.9868283583621467,10.899583329763349,0.0006828735375444988,-0.005723
64.79945278167725,3.1736050065205594,4.7263417226794315,3.6644226691101935,-3.1749523515628217,-1.0021076826371575,10.884304005488339,0.0006819162673532178,-0.005723
64.8282310962677,3.1690776481640905,4.739277289427128,3.566183060389833,-3.1255907881456326,-1.0277248939227266,10.85868679420277,0.0006803113146533442,-0.005723
64.85608100891113,3.1642269073068516,4.753991499647841,3.3995891991516736,-2.996246218291184,-1.06573810824628,10.820673579879216,0.0006779297357109933,-0.005881
64.88782954216003,3.165843820898482,4.748817271507923,3.31558220744267,-2.939038287873328,-1.0898661779097045,10.796545510215791,0.0006764180797341826,-0.005881
64.91572499275208,3.1690776481640905,4.760944369343736,3.3219947372225516,-2.820867884503112,-1.0562449838917602,10.830166704233736,0.0006785244927043748,-0.005881
64.94578838348389,3.167299043154414,4.767088766423906,3.2906139246074764,-2.698565338324861,-1.0365615470649052,10.849850141060593,0.0006797576864632853,-0.005881
64.97409152984619,3.1698861049976577,4.764339957133645,3.320821295578131,-2.630661858687099,-0.9992751797648717,10.887136508360626,0.000682093727463204,-0.005881
65.00222706794739,3.1715030186853994,4.751566080157242,3.374575168353586,-2.6654209375925233,-0.9835563113970202,10.902855376728478,0.0006830785356823623,-0.005881
65.0339343547821,3.174575154767847,4.756416919226739,3.4741594357062935,-2.658502352412864,-0.9333540264314838,10.953057661694015,0.0006862237762745985,-0.005881
65.06290531158447,3.173443315146974,4.7570636977960294,3.521042322890285,-2.6494926838933615,-0.9087042950171488,10.97770739310835,0.0006877681150608771,-0.005881
65.09022355079651,3.1833064894394125,4.748008798397336,3.7527735098824335,-2.701519136761197,-0.8305816461858347,11.055830041939664,0.0006926626039560727,-0.006038
65.11650466918945,3.1799109703050266,4.7439664329913676,3.8465070354075026,-2.763979267653636,-0.817291970198239,11.069119717927261,0.000693495220009357,-0.006038
65.14602851867676,3.1808811186167345,4.719227162033563,3.9316857331304877,-2.9670760019386466,-0.8515807854249573,11.034830902700543,0.0006913469796735874,-0.006038
65.17135286331177,3.1857318603241347,4.704351264939028,4.089136973815875,-3.205076806077956,-0.8667958475675577,11.019615840557943,0.0006903937355912284,-0.006038
65.19989800453186,3.188965688267015,4.7132444638928686,4.26457027993051,-3.3143858502483274,-0.8435779777724454,11.042833710353054,0.0006918483663235739,-0.006038
65.2268545627594,3.174413463392611,4.754961667468803,4.093895142370202,-3.1221527736348844,-0.8434569214795611,11.042954766645938,0.0006918559506629438,-0.006038
65.2542450428009,3.175868685779636,4.759974201435597,4.003770389236942,-2.955298013225993,-0.8241628125810895,11.062248875544409,0.0006930647525041381,-0.006038
65.28080320358276,3.1747368461433574,4.7572253924393335,3.917856961770091,-2.856207981732792,-0.8221676605753127,11.064244027550185,0.0006931897514574836,-0.006038
65.30893778800964,3.175868685779636,4.767250461091579,3.880543662816882,-2.722261741498879,-0.7902242503705305,11.096187437754967,0.0006951910490179334,-0.006038
65.34045648574829,3.176677142670948,4.755446751384582,3.870728711054401,-2.7045409034120493,-0.7874415108299089,11.098970177295588,0.0006953653913883412,-0.006038
65.36757159233093,3.173443315146974,4.772262995984643,3.7986408156339726,-2.5838031739277083,-0.7688461992694746,11.117565488856021,0.0006965304126375794,-0.006196
65.39732694625854,3.1640652159491975,4.781317898686485,3.5590487567372278,-2.440953521177721,-0.8098018009943541,11.076609887131141,0.0006939644891718848,-0.006196
65.42302966117859,3.1645502900229827,4.779377562289165,3.4011169287821263,-2.353458745375499,-0.8487677338623808,11.037643954263114,0.0006915232211328901,-0.006196
65.45290088653564,3.1655204381779605,4.795385339267126,3.310129875908186,-2.1890875470989664,-0.8151705981437667,11.071241089981728,0.0006936281268183105,-0.006196
65.47898364067078,3.1647119813814593,4.785036876940138,3.2301345833037303,-2.1406942842226813,-0.8377487303926751,11.04866295773282,0.0006922135765026247,-0.006196
65.50882077217102,3.1606696975018136,4.792636528803642,3.0926161025915544,-2.0578607345370914,-0.8867700190540443,10.999641669071451,0.0006891423269153339,-0.006196
65.53546380996704,3.1627716850978405,4.79635550769329,3.038744489123976,-1.9759189474850711,-0.8750411879886327,11.011370500136863,0.0006898771539374851,-0.006196
65.56421566009521,3.157435870521438,4.789887718454402,2.893425618441916,-1.9602263083299052,-1.009869798953748,10.876541889171747,0.0006814299603387589,-0.006196
65.59024381637573,3.1579209445615093,4.7436430437694685,2.8014850215571503,-2.247157616794384,-1.248492965962259,10.637918722163237,0.0006664798983716919,-0.006196
65.61961340904236,3.153878660969531,4.787138908219347,2.655604833650249,-2.1678016856199402,-1.380663426849938,10.505748261275558,0.000658199241446138,-0.006196
65.64559054374695,3.1543637349915365,4.807835835151614,2.563271314343762,-1.9789193672860914,-1.4644502609546146,10.421961427170881,0.0006529498837345936,-0.006353
65.67223691940308,3.1545254263327522,4.809937867156086,2.5018987215830677,-1.8331600923905902,-1.55457137919357,10.331840308931927,0.0006473036746128879,-0.006353
65.69776725769043,3.1571124878294268,4.812848373119089,2.5111118394624583,-1.712378619472996,-1.525527477587924,10.360884210537574,0.0006491233140645524,-0.006353
65.72605419158936,3.1517766735692843,4.816082268784328,2.4099522871013748,-1.6069982758028674,-1.863373515601053,10.023038172524444,0.0006279568059381883,-0.006353
65.75199937820435,3.148219464227962,4.808159224686402,2.267401447200629,-1.5842736493558018,-2.296596942475246,9.589814745650251,0.0006008147762746421,-0.006353
65.77872371673584,3.154040352309926,4.8131717626784685,2.2850072023379444,-1.5360747781318764,-2.3608959215421,9.525515766583396,0.0005967863588601907,-0.006353
65.80568718910217,3.1571124878294268,4.83031141159946,2.359287775990866,-1.391918999138358,-2.7090657122853252,9.177345975840172,0.0005749730537568923,-0.006353
65.8349769115448,3.1472493162487325,4.824652093065563,2.2123710662730094,-1.327468258155066,3.130956310980026,8.734182691925938,0.0005472082786970991,-0.006353
65.86022138595581,3.159699549396195,4.769352491807135,2.360616414970862,-1.6386022912360854,-1.973463625977502,9.912948062147995,0.0006210595126337605,-0.006353
65.89260959625244,3.1600229320969713,4.824167008642475,2.470909900936953,-1.503271559989865,-1.6904352951452506,10.195976392980246,0.0006387916177659784,-0.006353
65.92259359359741,3.1567891051385097,4.817214132304677,2.4828979233313726,-1.453331674503258,-1.6418074380599261,10.24460425006557,0.0006418382183365146,-0.006511
65.95011401176453,3.166005512259154,4.802823297565117,2.6771591855146744,-1.511081989602647,-0.7684988244540012,11.117912863671496,0.0006965521761364142,-0.006511
65.97746300697327,3.162448302387743,4.837749373842915,2.74140290510456,-1.3265074138647914,0.022031770222983676,11.908443458348481,0.000746079979850719,-0.006511
66.00392389297485,3.160346314798845,4.836455815131316,2.7439821859302955,-1.2056385387694286,0.46547760661580107,12.351889294741298,0.0007738624572028617,-0.006511
66.031813621521,3.1642269073068516,4.832898528805926,2.824048587029988,-1.1439469771386057,0.5159110114781451,12.402322699603642,0.0007770221777671074,-0.006511
66.05857014656067,3.1621249196787438,4.823681924222966,2.8377037441218462,-1.1601378374649582,0.4617167897208615,12.348128477846359,0.0007736268369723075,-0.006511
66.08635306358337,3.1606696975018136,4.825622261922474,2.81791451516423,-1.1589714501817359,0.4886213174887754,12.375033005614274,0.0007753124417791142,-0.006511
66.11141586303711,3.165035364099237,4.810746341021806,2.8921055730034615,-1.2539882225864893,0.19074013919698724,12.077151827322485,0.0007566497858010115,-0.006511
66.1465094089508,3.168754265432587,4.814141931366132,3.019039350617803,-1.298624985681732,0.06088259409051203,11.94729428221601,0.0007485140361562011,-0.006511
66.17284870147705,3.166975660428952,4.801206350037781,3.072023411608703,-1.4132039617747887,-0.14285527921067556,11.743556408914822,0.0007357495847029916,-0.00667
66.21028804779053,3.171664710055685,4.76142945330311,3.203677520915067,-1.7496588618550726,-0.5357963637086732,11.350615324416825,0.0007111312979025232,-0.00667
66.23773956298828,3.1721497841681914,4.771292827911301,3.305618011483057,-1.9216357345918726,-0.6318536826245713,11.254558005500927,0.000705113177834023,-0.00667
66.2731065750122,3.1702094877330076,4.762237926576595,3.3378458989659148,-2.1003527788112497,-0.7423001056133576,11.14411158251214,0.0006981935610657803,-0.00667
66.3006637096405,3.1726348582831725,4.708393627953963,3.409318490222059,-2.572328951407288,-0.938715176566238,10.94769651155926,0.0006858878930167651,-0.00667
66.32947993278503,3.1815278841633843,4.750919301641324,3.6386972381820963,-2.628754561046555,-0.8503534517930301,11.036058236332467,0.0006914238737743638,-0.00667
66.35844254493713,3.167945808608634,4.763531483834609,3.5253491600965106,-2.587002638772644,-0.886144194076387,11.00026749404911,0.000689181535690885,-0.00667
66.39220952987671,3.176677142670948,4.767735545096959,3.622092559150129,-2.5306930067513433,-0.8182214297682322,11.068190258357266,0.000693436988118709,-0.00667
66.42068791389465,3.167137351791546,4.761752842611326,3.4974215287662958,-2.5298178637399245,-0.8768670135316473,11.009544674593851,0.0006897627635144961,-0.006829
66.44724774360657,3.165682129538084,4.769514186480317,3.3808039670322585,-2.4792053502232583,-0.9170177132351559,10.969393974890343,0.0006872472682417041,-0.006829
66.47629642486572,3.166167203620101,4.769837575827863,3.308954287257053,-2.4416932609095077,-0.9423477381370304,10.944063949988468,0.0006856603081545603,-0.006829
66.50213408470154,3.1731199324006285,4.7753351949770995,3.39887697617923,-2.380018189352113,-0.8618616101372575,11.024550077988241,0.0006907028721946352,-0.006829
66.52994561195374,3.1632567591650425,4.758357254953459,3.262909713775216,-2.446220451841925,-0.9726854376014219,10.913726250524077,0.0006837596105290244,-0.006829
66.56178164482117,3.166490586342818,4.775496889664853,3.2329500522972094,-2.382145557988694,-0.9636320357808222,10.922779652344676,0.0006843268183149554,-0.006829
66.58945608139038,3.1645502900229827,4.76676537708974,3.1728478356741134,-2.3935430395306576,-1.0092761686976706,10.877135519427828,0.0006814671520717544,-0.006829
66.61688780784607,3.159537858046217,4.773233164072162,3.029689282621097,-2.3598546793653314,-1.1014295537665915,10.784982134358907,0.0006756936187031096,-0.006829
66.64499115943909,3.1618015369708403,4.774526721544245,2.9751304890142896,-2.327939507313639,-1.1335076992699762,10.752903988855522,0.0006736838797952059,-0.006829
66.67192602157593,3.177970673711362,4.767897239766206,3.263026461688902,-2.348307149833146,-0.9272517314273035,10.959159956698194,0.000686606093254117,-0.006987
66.70144939422607,3.16438859866478,4.769514186480317,3.190640451151906,-2.3521478504885174,-0.9778682471330662,10.908543440992432,0.0006834349005495494,-0.006987
66.72899866104126,3.1684308827021814,4.772424690664912,3.221492022846539,-2.3360863719133405,-0.9488731835128739,10.937538504612624,0.0006852514802358188,-0.006987
66.75458598136902,3.168754265432587,4.787947381806044,3.249609865507942,-2.2248434881696757,-0.8704616010247774,11.01595008710072,0.0006901640712127503,-0.006987
66.7818694114685,3.1689159567982013,4.770646049203613,3.272553226616788,-2.2584316327974276,-0.8740072082477751,11.012404479877722,0.0006899419341572447,-0.006987
66.80811667442322,3.168269191337391,4.780347730480726,3.2755700944427097,-2.2194434329936508,-0.8497595681401278,11.03665211998537,0.0006914610813830107,-0.006987
66.83683943748474,3.1705328704694566,4.786977213503193,3.323334099634694,-2.1494434221585,-0.7755491713660002,11.110862516759497,0.0006961104624313071,-0.006987
66.86259007453918,3.1792642047693978,4.78083281458183,3.5328559617748923,-2.1400266902542744,-0.6532335069267712,11.233178181198726,0.0007037737031209432,-0.006987
66.89715266227722,3.17425177201765,4.782288066906444,3.5784342482269205,-2.124059991907735,-0.6217299630238995,11.264681725101598,0.0007057474424666848,-0.006987
66.92323446273804,3.1689159567982013,4.785198571651555,3.5027302945200844,-2.09413333042027,-0.6381946016820036,11.248217086443493,0.000704715910737013,-0.006987
66.95179677009583,3.176677142670948,4.775173500289741,3.6062593532466307,-2.1377679030232226,-0.6178272404876228,11.268584447637874,0.0007059919532762974,-0.006987
66.9793643951416,3.171664710055685,4.76822062910588,3.57764268006162,-2.21310369702849,-0.6766024785189949,11.209809209606501,0.0007023096056580261,-0.007146
67.0069215297699,3.1805577358450625,4.7759819737304765,3.736958941080985,-2.2158388345557403,-0.6094188615745698,11.276992826550927,0.0007065187495105803,-0.007146
67.03418564796448,3.173928389268555,4.767250461091579,3.7147845908890917,-2.274003338474948,-0.650576286218789,11.235835401906709,0.0007039401815678708,-0.007146
67.05998039245605,3.174413463392611,4.755931835303894,3.7090451600412155,-2.3876350271743143,-0.7119125302461505,11.174499157879346,0.0007000973834836281,-0.007146
67.08659172058105,3.17425177201765,4.777598920641504,3.7017666870133468,-2.3275941152809745,-0.6844918519559411,11.201919836169555,0.0007018153258140265,-0.007146
67.1129539012909,3.168754265432587,4.767735545096959,3.58580213042472,-2.3491070403071745,-0.7484370359578058,11.13797465216769,0.0006978090741356667,-0.007146
67.14201283454895,3.1634184505213248,4.775173500289741,3.397018192804701,-2.3162494999440595,-0.8321064879895155,11.05430520013598,0.0006925670705686786,-0.007146
67.1717529296875,3.1645502900229827,4.7827731510217495,3.2876955340293517,-2.244290963306958,-0.8610115689196899,11.025400119205806,0.0006907561284188169,-0.007146
67.19736528396606,3.1653587468181112,4.7944151708552,3.2274740284516246,-2.1189200915862623,-0.8244080211980299,11.062003666927465,0.000693049389854886,-0.007146
67.22549533843994,3.1567891051385097,4.788594160682509,3.0124928125916486,-2.0686604310681282,-0.9779137083604054,10.90849797976509,0.0006834320523425862,-0.007305
67.25201439857483,3.167137351791546,4.801691434291823,3.0707017061753565,-1.9491037772678965,-0.8237977407431059,11.062613947382388,0.0006930876247452061,-0.007305
67.28119707107544,3.1629333764533003,4.749625744628312,3.0266652826737257,-2.20083025612753,-1.0453049861142483,10.841106702011245,0.0006792098982613613,-0.007305
67.31322932243347,3.1590527839979288,4.800721265787301,2.917578882762429,-2.0478726473412783,-1.0692448119484415,10.817166876177051,0.0006777100360133288,-0.007305
67.3397867679596,3.1592144753470843,4.798780928821012,2.8444792737384494,-1.9533023059790664,-1.09941146174177,10.787000226383721,0.0006758200548794643,-0.007305
67.36781692504883,3.1524234389182837,4.809776172384132,2.6563529737899203,-1.8162698150342178,-1.3516665238698378,10.534745164255654,0.0006600159363707762,-0.007305
67.39459013938904,3.1642269073068516,4.7944151708552,2.7627081385317465,-1.81930528779534,-1.1250935278203602,10.76131816030513,0.0006742110389396853,-0.007305
67.42178606987,3.1645502900229827,4.783581624555152,2.8436784960382986,-1.8912216891126574,-1.0498727815811375,10.836538906544353,0.000678923719739221,-0.007305
67.44925117492676,3.1639035245918183,4.807674140384814,2.88731426194048,-1.786355035256335,-0.8678909108184247,11.018520777307067,0.0006903251284075099,-0.007305
67.47572183609009,3.1640652159491975,4.807835835151614,2.9211201691517767,-1.7119067120315623,-0.7090899135200597,11.177321774605431,0.0007002742242132742,-0.007305
67.50223207473755,3.166490586342818,4.7439664329913676,2.99369737106079,-2.0712505703428956,-0.9990826080450758,10.887329080080416,0.0006821057923401397,-0.007456
67.52945590019226,3.165197055458537,4.803955160857818,3.0184144432495734,-1.936333558495528,-0.863372895469659,11.023038792655832,0.0006906081881383774,-0.007456
67.55808901786804,3.1703711791010942,4.7973256761336955,3.1400642724981793,-1.8845999321372198,-0.6927064395277113,11.19370524859778,0.000701300670867604,-0.007456
67.58664011955261,3.1713413273153885,4.809291088070649,3.244784380863065,-1.7713031500052354,-0.48987079311173554,11.396540895013755,0.0007140085965944501,-0.007456
67.6146068572998,3.1727965496553834,4.81381854180199,3.3474362989289963,-1.6628287661222967,-0.3123622423657053,11.574049445759785,0.0007251297457544675,-0.007456
67.64799618721008,3.168592574067247,4.812524983561296,3.334509987525346,-1.5952300222917144,-0.23522516606318852,11.651186522062302,0.000729962487206767,-0.007456
67.67814183235168,3.1648736727402107,4.81381854180199,3.2504615325432256,-1.5395775767228166,-0.18499960646672142,11.70141208165877,0.0007331091859858971,-0.007456
67.70495247840881,3.1721497841681914,4.819639554199532,3.338366819622777,-1.463120900805378,-0.06522230547440537,11.821189382651086,0.0007406133947956783,-0.007456
67.73273420333862,3.172311475539577,4.807835835151614,3.403161391940725,-1.485642817915881,-0.08723830566132863,11.799173382464163,0.000739234062808815,-0.007615
67.76469993591309,3.1694010308966933,4.810746341021806,3.389821908890647,-1.4826581800003986,-0.08501301442684443,11.801398673698648,0.0007393734802939963,-0.007615
67.79274868965149,3.1719880927970814,4.792313139344862,3.432658211709257,-1.5993187921501704,-0.21448919974546396,11.671922488380028,0.0007312616233521941,-0.007615
67.83296751976013,3.1708562532070044,4.7890792448440065,3.4398175243404805,-1.7018145257816735,-0.3237343566571255,11.562677331468366,0.0007244172675174018,-0.007615
67.86049914360046,3.166167203620101,4.7839050139712755,3.3502637773727963,-1.8068948254092283,-0.47310342593633403,11.413308262189158,0.0007150590946724002,-0.007615
67.88873815536499,3.166005512259154,4.784875182229117,3.2843152833436533,-1.8742010442058656,-0.5809274689328072,11.305484219192685,0.0007083037735334453,-0.007615
67.91571402549744,3.1692393395302543,4.787462297652841,3.3033687616101846,-1.9046487544022075,-0.5982239287335277,11.288187759391965,0.0007072201270917634,-0.007615
67.94178223609924,3.167622425880975,4.781317898686485,3.284097484076432,-1.9655454275098836,-0.6673389871810561,11.219072700944437,0.0007028899758344415,-0.007615
67.96863555908203,3.1684308827021814,4.785683655788173,3.28691194589371,-1.9800481398208685,-0.6781175004853909,11.208294187640103,0.0007022146874966294,-0.007615
67.99810862541199,3.1737666978944197,4.788270771243487,3.3964908228402724,-1.9735333952737404,-0.6025333843787476,11.283878303746746,0.0007069501339064913,-0.007615
68.02409648895264,3.166975660428952,4.7884324659628,3.3362394421644312,-1.9679314088713253,-0.6345253157670209,11.251886372358474,0.0007049457964287149,-0.00777
68.05155110359192,3.166328894981322,4.750757607013324,3.28101999100682,-2.206717945902556,-0.8519925917700469,11.034419096355448,0.000691321179452868,-0.00777
68.07881307601929,3.1694010308966933,4.790049413177667,3.3043229282369073,-2.1207439419772625,-0.77735203578575,11.109059652339745,0.0006959975105535351,-0.00777
68.1045618057251,3.1627716850978405,4.78439009809842,3.1869392670757586,-2.097020421286254,-0.8505601307793974,11.035851557346097,0.0006914109250582259,-0.00777
68.13054418563843,3.161963228324655,4.785198571651555,3.0884663491404534,-2.075205630985239,-0.9239245824428906,10.962487105682605,0.0006868145436075096,-0.00777
68.16149878501892,3.1694010308966933,4.783581624555152,3.169535378930466,-2.070351929345581,-0.8451767492216845,11.041234938903811,0.0006917482011445723,-0.00777
68.18749403953552,3.1648736727402107,4.797163981392639,3.134979306526812,-1.979454457091752,-0.8002606147121267,11.086151073413369,0.0006945622573096011,-0.00777
68.21523427963257,3.1642269073068516,4.796840591911713,3.0977465714475647,-1.9179095572254274,-0.777059654415022,11.109352033710474,0.0006960158286391813,-0.00777
68.2415041923523,3.1697244136303944,4.763531483834609,3.182553277087049,-2.089411136097859,-0.8486774164503453,11.03773427167515,0.0006915288796400819,-0.00793
68.27127003669739,3.1703711791010942,4.734911535370079,3.254961456184421,-2.393836876570452,-0.9754586149557087,10.910953073169786,0.0006835858672424355,-0.00793
68.29705929756165,3.1684308827021814,4.792798223533625,3.2665167263693116,-2.234018883892379,-0.8797750780724187,11.006636610053075,0.0006895805693644735,-0.00793
68.32360601425171,3.1634184505213248,4.787947381806044,3.1735184099659306,-2.153396246555014,-0.9019423775792805,10.984469310546213,0.0006881917582719683,-0.00793
68.34986519813538,3.165682129538084,4.787947381806044,3.154071783871982,-2.0969604004188587,-0.8789096551210199,11.007502033004474,0.0006896347892749429,-0.00793
68.37667083740234,3.167137351791546,4.786815518787433,3.1698069860715865,-2.0647469645526724,-0.8400646180115119,11.046347070113983,0.0006920684830322614,-0.00793
68.40222120285034,3.1706945618380935,4.794576865589533,3.2525607950817137,-1.9921976271420654,-0.7099116193111596,11.176500068814335,0.0007002227432416251,-0.00793
68.43124198913574,3.1753836116481513,4.785198571651555,3.4050537316987426,-2.0018296750842937,-0.6150819456372627,11.27132974248823,0.000706163949686559,-0.00793
68.459392786026,3.163095067809034,4.803955160857818,3.263972571586707,-1.8877389318144913,-0.6001706215683396,11.286241066557153,0.0007070981641705762,-0.00793
68.48680377006531,3.1647119813814593,4.80799752991881,3.1978244702786984,-1.7818337740943935,-0.5260243384320937,11.360387349693399,0.0007117435284133324,-0.00793
68.51336693763733,3.169562722263407,4.802014823796499,3.2493469349952635,-1.746241786521922,-0.44536466497323707,11.441047023152255,0.0007167969653095508,-0.008088
68.54147338867188,3.1640652159491975,4.79360669718947,3.1745430402901285,-1.7754939943794092,-0.5357563565331961,11.350655331592296,0.00071113380440581,-0.008088
68.56678032875061,3.167945808608634,4.802823297565117,3.2004412215721327,-1.7365956135159395,-0.4641409348034651,11.422270753322028,0.0007156206067816202,-0.008088
68.59433460235596,3.1784557478560598,4.802823297565117,3.430526589182122,-1.7093667469115164,-0.3144670119868651,11.571944676138628,0.0007249978791102638,-0.008088
68.6207549571991,3.172311475539577,4.797487370875148,3.4676732306322697,-1.7246814986663703,-0.3179116746826594,11.568500013442833,0.000724782066364991,-0.008088
68.65003371238708,3.171179635945652,4.79635550769329,3.470849780227974,-1.7426934823755549,-0.335832137891042,11.55057955023445,0.0007236593252715652,-0.008088
68.67843317985535,3.1719880927970814,4.810746341021806,3.489377721645389,-1.6625936451221779,-0.24412081088106466,11.642290877244427,0.0007294051631089794,-0.008088
68.70715975761414,3.166975660428952,4.805248718930388,3.401260271327986,-1.6419403870366052,-0.24569225175456028,11.640719436370931,0.0007293067102272627,-0.008088
68.7342278957367,3.1706945618380935,4.809452782841414,3.414578094761199,-1.6003998028839272,-0.19142263544434196,11.69498905268115,0.0007327067745920852,-0.008088
68.76468658447266,3.1640652159491975,4.807350750852405,3.290204852126289,-1.5848630459392228,-0.20386464582209568,11.682547042303396,0.0007319272659279676,-0.008088
68.79021668434143,3.1770005254294,4.796517202432369,3.4640132866117486,-1.6437789001198047,-0.23013016615167842,11.656281521973813,0.0007302816957955818,-0.008237
68.81803369522095,3.1755453030250376,4.804278550373583,3.5563313472429763,-1.6350200584035692,-0.19877222946059628,11.687639458664895,0.0007322463126539035,-0.008237
68.84423685073853,3.168754265432587,4.811716509673759,3.4839973925854633,-1.5809722548602092,-0.15381187855982972,11.732599809565663,0.0007350631390352397,-0.008237
68.87404918670654,3.1784557478560598,4.807350750852405,3.629015908891442,-1.5712637623226295,-0.12204743399233299,11.76436425413316,0.0007370532241581003,-0.008237
68.90001106262207,3.174413463392611,4.79991279204442,3.6490070826428607,-1.6123844287175386,-0.15949310597358887,11.726918582151903,0.0007347072025059015,-0.008237
68.92543148994446,3.173928389268555,4.798780928821012,3.6532182899824193,-1.6484605529424488,-0.19331138436394504,11.693100303761547,0.0007325884419350248,-0.008237
68.95139837265015,3.181042810002983,4.785845350501169,3.7996444829949,-1.7570470624449395,-0.2587904335724984,11.627621254552993,0.0007284860915409509,-0.008237
68.97812533378601,3.1765154512921354,4.80799752991881,3.8108384136669464,-1.6903494655356956,-0.2022643312385179,11.684147356886974,0.0007320275277864084,-0.008237
69.00510144233704,3.1732816237736636,4.797972455101879,3.753456736061665,-1.7082444056018602,-0.22781581271041618,11.658595875415076,0.0007304266931476592,-0.008237
69.0340747833252,3.1737666978944197,4.80444024513206,3.72307217595785,-1.6791042467692818,-0.20823029579217747,11.678181392333315,0.0007316537520927543,-0.008237
69.06218481063843,3.1719880927970814,4.74946405000345,3.665933398656296,-2.012872249389458,-0.5041230389464704,11.38228864917902,0.0007131156742471762,-0.008389
69.09157657623291,3.168269191337391,4.741055930050667,3.5509362148703625,-2.3006764075139774,-0.7557322532338524,11.13067943489164,0.0006973520189733056,-0.008389
69.11870646476746,3.1690776481640905,4.791666360432044,3.486742542421933,-2.176098212516467,-0.713385409821325,11.173026278304167,0.0007000051055996531,-0.008389
69.14495277404785,3.162609993742655,4.784066708679928,3.3113721259696898,-2.1378517409728315,-0.8042766615542535,11.082135026571239,0.0006943106465799926,-0.008389
69.17627286911011,3.1757069944021996,4.773718248121239,3.452743406272286,-2.1777457754179084,-0.735119027971135,11.151292660154358,0.0006986434652267524,-0.008389
69.20372366905212,3.1737666978944197,4.770807743879945,3.5125728451052876,-2.224421568928658,-0.7303191497883457,11.156092538337147,0.0006989441840428114,-0.008389
69.23049187660217,3.1726348582831725,4.782449761611152,3.5316273525196253,-2.18209474185446,-0.6912007556432608,11.195210932482231,0.0007013950039856225,-0.008389
69.26267790794373,3.1747368461433574,4.777760615334775,3.587356836067979,-2.1826742505054293,-0.6612875738679633,11.225124114257529,0.0007032691050076615,-0.008389
69.28903937339783,3.171826401426246,4.788594160682509,3.567671789382218,-2.113288342311534,-0.6229467460210767,11.263464942104417,0.0007056712093773482,-0.008547
69.31506204605103,3.1708562532070044,4.786492129357099,3.534327028711559,-2.0782598542629698,-0.6144891107114814,11.271922577414012,0.0007062010915910429,-0.008547
69.34401297569275,3.172311475539577,4.741217624655156,3.5403335383028662,-2.3454060664457375,-0.7887391171334196,11.097672570992074,0.0006952840946102891,-0.008547
69.37140035629272,3.172311475539577,4.774365026858856,3.5445380950167875,-2.318867143270814,-0.7709758418370369,11.115435846288456,0.00069639698766987,-0.008547
69.40201759338379,3.166813969066633,4.789726023731532,3.436611661508553,-2.201331710622255,-0.7623907573479601,11.124020930777533,0.0006969348547458678,-0.008547
69.4312264919281,3.1703711791010942,4.793768391921826,3.432802325279483,-2.0930152759461866,-0.6852579138289437,11.20115377429655,0.0007017673310085949,-0.008547
69.4598560333252,3.1542020436505944,4.789887718454402,3.1040486877359315,-2.042193738252686,-0.9238109652420041,10.96260072288349,0.0006868216618777724,-0.008547
69.48888516426086,3.159376166696514,4.789402634286979,2.9782690081393843,-2.0097436575865846,-1.0553244226648395,10.831087265460654,0.0006785821671018754,-0.008547
69.51542782783508,3.162448302387743,4.785845350501169,2.952179780941854,-2.0099452356958363,-1.0931625435763792,10.793249144549115,0.0006762115579969988,-0.008547
69.5472514629364,3.1655204381779605,4.795870423478428,2.995873872419998,-1.9455030943211546,-0.9724969013065592,10.913914786818935,0.0006837714225811672,-0.008547
69.57340502738953,3.1600229320969713,4.79635550769329,2.91559012115136,-1.8972685993339058,-1.053544456579245,10.832867231546249,0.000678693684368252,-0.008704
69.60323667526245,3.167784117244667,4.753668110377327,3.01591330696238,-2.138504015478812,-1.0967570633089287,10.789654624816565,0.0006759863565070632,-0.008704
69.62924575805664,3.16438859866478,4.797649065616996,3.0176612428433343,-2.0240359212988857,-1.0129198422248498,10.873491845900645,0.0006812388710305545,-0.008704
69.65605568885803,3.1567891051385097,4.802661602810601,2.865623862665837,-1.911616627805784,-1.161093515918221,10.725318172207274,0.0006719555913248381,-0.008704
69.68174386024475,3.1639035245918183,4.785198571651555,2.902676018579742,-1.9454229755489025,-1.1213023845122119,10.765109303613283,0.0006744485591607663,-0.008704
69.70851635932922,3.1613164629110413,4.807027361321581,2.876438591194783,-1.8284625978375095,-1.053100331663573,10.833311356461921,0.0006787215093908333,-0.008704
69.73549056053162,3.1611547715583233,4.80573380321414,2.854811521039488,-1.7549236574685814,-0.998760158903882,10.887651529221612,0.0006821259942119971,-0.008704
69.76426434516907,3.1648736727402107,4.8037934661005295,2.9146726060031276,-1.7159463849475727,-0.7811309264496764,11.105280761675818,0.0006957607579770744,-0.008704
69.79077315330505,3.168107499972875,4.79360669718947,3.021792788789436,-1.754287213277363,-0.670341188355783,11.21607049976971,0.0007027018838978436,-0.008855
69.81911039352417,3.1648736727402107,4.793121612994777,3.031559493428082,-1.784250789003255,-0.7080690430111541,11.17834264511434,0.0007003381831220418,-0.008855
69.84639477729797,3.1588910926490468,4.789564329009059,2.9177439593820536,-1.8281419278747322,-0.9685568275625732,10.91785486056292,0.0006840182734941186,-0.008855
69.87283778190613,3.174575154767847,4.7779223100284405,3.1543775894262147,-1.9338656156654113,-0.7596122314300973,11.126799456695396,0.0006971089331271495,-0.008855
69.89904689788818,3.1813661927763084,4.798134149844914,3.456977735946296,-1.8776640453204179,-0.4682639226372123,11.418147765488282,0.0007153622960552281,-0.008855
69.92581677436829,3.167137351791546,4.784551792808258,3.3818411525236067,-1.9258228284681,-0.5617229866916631,11.324688701433832,0.0007095069601441583,-0.008855
69.9509162902832,3.1781323650926523,4.774850110916205,3.550984797707427,-2.022033881676225,-0.5531985120812036,11.333213176044291,0.0007100410299298405,-0.008855
69.97848701477051,3.171017944576191,4.791666360432044,3.525907005857111,-1.9810484444300518,-0.5308754616841824,11.355536226441313,0.0007114395990248419,-0.008855
70.00687003135681,3.174575154767847,4.781802982794689,3.580091721958746,-2.0159002151915053,-0.5334100123932175,11.353001675732278,0.0007112808060181369,-0.008855
70.03686428070068,3.173443315146974,4.776467057799646,3.595194923266996,-2.0746714021834642,-0.5733115617098621,11.313100126415634,0.0007087809203517778,-0.008855
70.06554102897644,3.1715030186853994,4.7717779119462005,3.5666367077358156,-2.146019517956132,-0.6424883132148161,11.243923374910679,0.0007044469039415329,-0.009006
70.09318137168884,3.1844383291778926,4.721652580350718,3.8075156816090088,-2.5188792147876082,-0.7445547304376388,11.141856957687857,0.0006980523057917929,-0.009006
70.12159633636475,3.183629872220457,4.774365026858856,3.9598266044819774,-2.440298347110118,-0.6422969392678919,11.244114748857603,0.0007044588937763895,-0.009006
70.15393805503845,3.1813661927763084,4.769675881153892,4.020792046485318,-2.4155000236576334,-0.6072511096071904,11.279160578518304,0.000706654562083382,-0.009006
70.18105721473694,3.179102513386179,4.772262995984643,4.017815652969448,-2.381474558099619,-0.5906835841552542,11.29572810397024,0.0007076925398089,-0.009006
70.20984196662903,3.1763537599135976,4.779377562289165,3.96029736114264,-2.3118234712208388,-0.5734103180863512,11.313001370039144,0.0007087747331321264,-0.009006
70.23712420463562,3.1721497841681914,4.775658584353,3.835251899642373,-2.287026006535303,-0.6076293668260294,11.278782321299467,0.0007066308637604907,-0.009006
70.26513624191284,3.178779130620569,4.7881090765245675,3.8814158069942346,-2.189459567190718,-0.5291307124014782,11.357280975724018,0.000711548909911209,-0.009006
70.29103326797485,3.171826401426246,4.774850110916205,3.7735130690305967,-2.2065795987820596,-0.5835861884746639,11.302825499650833,0.0007081372011825623,-0.009006
70.31824445724487,3.183791563611392,4.783258235140607,3.939285647433591,-2.1643970370870713,-0.4924571452369059,11.39395454288859,0.0007138465581594371,-0.009006
70.34427380561829,3.169562722263407,4.776952141872363,3.768369759003688,-2.175494182401115,-0.5652395929058128,11.321172095219683,0.0007092866400408156,-0.009165
70.37521529197693,3.169562722263407,4.791019581525551,3.6487286371027596,-2.0926373160035423,-0.5598768223018614,11.326534865823636,0.000709622624823221,-0.009165
70.40083312988281,3.1727965496553834,4.781317898686485,3.6301972782967855,-2.0971374206308067,-0.5724922776919833,11.313919410433513,0.0007088322495960815,-0.009165
70.42758798599243,3.161478154264034,4.796517202432369,3.3889643439880275,-2.0023709624039134,-0.6341792094721724,11.252232478653324,0.0007049674804530286,-0.009165
70.4545829296112,3.170047796365195,4.7866538240720695,3.3929274604291684,-1.999576023136195,-0.628621329970209,11.257790358155287,0.0007053156890699935,-0.009165
70.48244571685791,3.167784117244667,4.7827731510217495,3.3500494444568307,-2.0226195295414646,-0.6830544622880421,11.203357225837454,0.0007019053802076351,-0.009165
70.50975966453552,3.1629333764533003,4.804601939890933,3.2222086994707606,-1.8981251680527418,-0.6577269153257574,11.228684772799738,0.0007034921850485349,-0.009165
70.53845500946045,3.166167203620101,4.8002361815403845,3.197937599964008,-1.8391040819203899,-0.6019026278233769,11.284509060302119,0.000706989651652011,-0.009165
70.56692814826965,3.1627716850978405,4.806703971792342,3.1124695372847255,-1.75612270332013,-0.5577343348630324,11.328677353262464,0.00070975685453937,-0.009165
70.59438610076904,3.165035364099237,4.796840591911713,3.0982940884878087,-1.7615773295852728,-0.5851083311750118,11.301303356950484,0.0007080418368976179,-0.009165
70.62367558479309,3.167784117244667,4.785360266363366,3.143806084097864,-1.8393538016234532,-0.6608464464021716,11.225565241723324,0.0007032967422359813,-0.009324
70.65048837661743,3.1639035245918183,4.7949002550593836,3.0974035735821697,-1.8323390824516226,-0.708339448785439,11.178072239340057,0.000700321241837034,-0.009324
70.6769073009491,3.1632567591650425,4.795547034003832,3.0518783319572558,-1.823262117720783,-0.7597267135853527,11.126684974540144,0.0006971017606663336,-0.009324
70.70402598381042,3.1616398456173,4.779054172895132,2.987401952547214,-1.9231580931072172,-1.006611719585301,10.879799968540196,0.0006816340833879271,-0.009324
70.72971510887146,3.1632567591650425,4.7949002550593836,2.974877197232787,-1.891002086490269,-0.9916979518118034,10.894713736313694,0.0006825684509733186,-0.009324
70.75799465179443,3.160346314798845,4.801044655287225,2.9074141904200697,-1.8289095977614542,-1.0552080212311696,10.831203666894329,0.0006785894598080628,-0.009324
70.78615975379944,3.1689159567982013,4.783419929847683,3.0330162540553216,-1.8989863712320685,-0.8996325971495461,10.986779090975952,0.0006883364691187306,-0.009324
70.81302499771118,3.1727965496553834,4.773718248121239,3.1991986101635694,-2.0105400165993803,-0.8094559312979194,11.07695575682758,0.0006939861583729901,-0.009324
70.83897113800049,3.166652277704588,4.796193812954607,3.1916131509374113,-1.9438361102728703,-0.74416709367561,11.14224459444989,0.0006980765917556655,-0.009324
70.86586570739746,3.1621249196787438,4.791342970978007,3.0949989388570605,-1.928393334985824,-0.844280271133993,11.042131416991507,0.0006918043667010486,-0.009475
70.89593601226807,3.1690776481640905,4.79360669718947,3.167586449212625,-1.903000078304139,-0.7199800508724796,11.166431637253021,0.0006995919424789002,-0.009475
70.92262411117554,3.175868685779636,4.76822062910588,3.3553543040266405,-2.048766219725118,-0.7024241529932126,11.183987535132289,0.0007006918430647188,-0.009475
70.94945311546326,3.171017944576191,4.78439009809842,3.388965660280584,-2.0466360157097565,-0.6743976896344103,11.212013998491091,0.0007024477386434447,-0.009475
70.97469091415405,3.180072661689622,4.786492129357099,3.5951024123148714,-2.0316032256417276,-0.5324550248466856,11.353956663278815,0.0007113406372708083,-0.009475
71.0017876625061,3.1721497841681914,4.769837575827863,3.579615435462938,-2.1283717737024457,-0.6210859428707336,11.265325745254767,0.000705787791194424,-0.009475
71.02824068069458,3.1816895755507355,4.781479593388824,3.7611659715349592,-2.1211098759099665,-0.5261961609059468,11.360215527219554,0.0007117327635045287,-0.009475
71.05525541305542,3.174575154767847,4.764178262473052,3.7447729979332456,-2.2274846998377864,-0.6085430530647964,11.277868635060704,0.0007065736200902336,-0.009475
71.08881545066833,3.1799109703050266,4.776628752490158,3.8409066770430775,-2.2217388764019783,-0.5623747337549878,11.324036954370513,0.0007094661273151183,-0.009475
71.11612749099731,3.1803960444596404,4.766927071756626,3.9179828673226424,-2.280216697538281,-0.5684140035368066,11.317997684588693,0.0007090877589504455,-0.009631
71.14936256408691,3.194301504614325,4.767250461091579,4.2523711823543575,-2.3190678425627342,-0.4813297891101033,11.405081899015396,0.0007145437019686945,-0.009631
71.1757538318634,3.1771622168090388,4.765471819768811,4.14079058930013,-2.3577219576946953,-0.5346873706109633,11.351724317514536,0.0007112007778098586,-0.009631
71.20393705368042,3.187833848474446,4.747685409155845,4.277901707343981,-2.4993629575910035,-0.5636033055410327,11.322808382584467,0.0007093891556423229,-0.009631
71.23202657699585,3.192037824915071,4.759327422838028,4.458662161216819,-2.5235118010712116,-0.5247843423602201,11.36162734576528,0.0007118212158329822,-0.009631
71.25953197479248,3.1813661927763084,4.762399621232471,4.369976936199707,-2.5206243605360448,-0.5470844150598646,11.339327273065635,0.0007104240863215885,-0.009631
71.286376953125,3.178617439238176,4.751242690898499,4.252462461000103,-2.5904780181668006,-0.6136156310906445,11.272796057034855,0.0007062558162626759,-0.009631
71.3135313987732,3.1799109703050266,4.740409151636627,4.196289301189831,-2.709167103551722,-0.6839826266922557,11.202429061433243,0.0007018472294608633,-0.009631
71.34069609642029,3.1884806140685424,4.744936600666467,4.329794293305029,-2.7630828572184973,-0.6624204911043927,11.223991197021107,0.0007031981262208975,-0.009631
71.36730551719666,3.1795875875366613,4.755285056745596,4.243899840562593,-2.734157349117725,-0.6783441062957758,11.208067581829724,0.0007022004903381987,-0.00979
71.39516592025757,3.183629872220457,4.744613211439867,4.26529551574945,-2.7826593581876238,-0.6909630204452578,11.195448667680242,0.000701409898415139,-0.00979
71.42195129394531,3.177485599569142,4.747685409155845,4.156359365750753,-2.796819137936042,-0.7343601537411741,11.152051534384327,0.0006986910097166923,-0.00979
71.45059514045715,3.185246786142225,4.749949133879212,4.236625901196846,-2.792147679365754,-0.704305862772733,11.182105825352767,0.0007005739514192404,-0.00979
71.47601962089539,3.17522192027154,4.753829805012389,4.090638434511672,-2.7638777068244518,-0.7454706682672628,11.140941019858237,0.0006979949210563439,-0.00979
71.50262546539307,3.168754265432587,4.757387087083031,3.8580123536735385,-2.721172102519426,-0.8258150958469299,11.060596592278571,0.0006929612347379417,-0.00979
71.52871036529541,3.165197055458537,4.767897239766206,3.6234349310784677,-2.6235699664772048,-0.904884249234235,10.981527438891266,0.0006880074460608282,-0.00979
71.55542969703674,3.1721497841681914,4.767250461091579,3.5994481985974494,-2.559415130819981,-0.8886254568698455,10.997786231255656,0.0006890260812436754,-0.00979
71.58196568489075,3.174413463392611,4.760459285387898,3.62830968543706,-2.5582566689220543,-0.8707274189396867,11.015684269185815,0.0006901474173632955,-0.00979
71.60944080352783,3.170047796365195,4.776790447181064,3.560469199443482,-2.452237589724546,-0.8566354156287715,11.029776272496731,0.0006910303003011906,-0.009946
71.64150738716125,3.168592574067247,4.781641288091559,3.483633017885486,-2.346774282012818,-0.8459710926886118,11.040440595436891,0.0006916984344592899,-0.009946
71.66784977912903,3.168269191337391,4.776143668419806,3.4233259483307927,-2.3083665790185237,-0.86642388287527,11.019987805250233,0.0006904170396788785,-0.009946
71.69432950019836,3.1757069944021996,4.7746884162300285,3.531111081925049,-2.2908561720674685,-0.7747639454382964,11.111647742687207,0.0006961596578905099,-0.009946
71.71971583366394,3.1705328704694566,4.787462297652841,3.502212790872313,-2.1963073439053313,-0.7240259965903151,11.162385691535189,0.0006993384585445644,-0.009946
71.74863815307617,3.1797492789207062,4.787462297652841,3.667853660477249,-2.1301231641918394,-0.5678870385847785,11.318524649540725,0.0007091207740125877,-0.009946
71.77528786659241,3.1765154512921354,4.78083281458183,3.718584837904588,-2.126502509677623,-0.539359808897345,11.34705187922816,0.0007109080432745058,-0.009946
71.80487012863159,3.176677142670948,4.7911812762515815,3.7573575336157954,-2.057301479834393,-0.46464249627550763,11.421769191849997,0.0007155891832816259,-0.009946
71.83149266242981,3.178617439238176,4.784551792808258,3.823628879191395,-2.051569032627862,-0.43347165314759184,11.452940034977912,0.0007175420784768834,-0.009946
71.85755634307861,3.1815278841633843,4.781802982794689,3.928714510460626,-2.0652646269299724,-0.40740428557815844,11.479007402547346,0.0007191752340726577,-0.010098
71.88315486907959,3.1797492789207062,4.761267758649593,3.9664048641890854,-2.2071429922592447,-0.49555415499431454,11.39085753313119,0.0007136525263377738,-0.010098
71.90888786315918,3.1721497841681914,4.79635550769329,3.839527151774891,-2.080416527890582,-0.4505415788362028,11.4358701092893,0.0007164726247016392,-0.010098
71.93495512008667,3.1831447980493044,4.781479593388824,3.972452018361823,-2.0875412038416656,-0.40962528903999024,11.476786399085514,0.0007190360852221931,-0.010098
71.96393585205078,3.183791563611392,4.780671119881068,4.078542911965452,-2.0977368025324106,-0.3853872537666365,11.501024434358868,0.0007205546306921879,-0.010098
71.99449801445007,3.187187082884767,4.779700951684774,4.221284845660468,-2.1111237121620676,-0.3577459086432371,11.528665779482267,0.0007222863980961181,-0.010098
72.02169895172119,3.171179635945652,4.779054172895132,3.998377910747701,-2.124661209216115,-0.42820464585725193,11.458207042268253,0.0007178720635590476,-0.010098
72.04873514175415,3.1829831066594716,4.775173500289741,4.080386677908472,-2.159137418180314,-0.426248730254936,11.460162957870569,0.0007179946042990082,-0.010098
72.07792615890503,3.174413463392611,4.78439009809842,3.964966620954797,-2.1238958546283877,-0.43872697647169284,11.447684711653812,0.0007172128254108997,-0.010098
72.10512971878052,3.173928389268555,4.778892478198707,3.8743899668007837,-2.134643374014504,-0.4798024795671537,11.40660920855835,0.000714639389963269,-0.010098
72.1333327293396,3.1674607345175576,4.7779223100284405,3.680551456508276,-2.1484166279632593,-0.5805513220799066,11.305860366045598,0.0007083273396390764,-0.010256
72.16002130508423,3.1706945618380935,4.781802982794689,3.6100819243874023,-2.133057943664741,-0.6079506424332006,11.278461045692303,0.0007066107354121169,-0.010256
72.19061160087585,3.1674607345175576,4.78471348751849,3.495535826818927,-2.1035568921481853,-0.6576033827210194,11.228808305404485,0.0007034999245321695,-0.010256
72.22265005111694,3.1609930802058797,4.779215867591951,3.284918714996148,-2.118322770131878,-0.8638912552504071,11.022520432875098,0.0006905757122017767,-0.010256
72.25018572807312,3.165197055458537,4.7944151708552,3.222269384004321,-2.0307423563637,-0.8478672370440515,11.038544451081453,0.0006915796384682398,-0.010256
72.2792100906372,3.1655204381779605,4.789887718454402,3.184936594563713,-1.9986026945449225,-0.860639702754978,11.025771985370525,0.0006907794263335822,-0.010256
72.30452227592468,3.1692393395302543,4.787785687087914,3.2338036794642444,-1.9896465792235967,-0.7829614359098303,11.103450252215673,0.0006956460741003849,-0.010256
72.34097266197205,3.172473166911238,4.796678897171843,3.333228065197564,-1.9260857080695657,-0.5860149048592738,11.30039678326623,0.0007079850388384553,-0.010256
72.36753702163696,3.1629333764533003,4.79991279204442,3.2104337339892766,-1.8607597907404017,-0.616035073825859,11.270376614299645,0.0007061042349251611,-0.010256
72.39508628845215,3.1647119813814593,4.787300602935897,3.1603472839605176,-1.8962815421805423,-0.7505747336176867,11.135836954507816,0.0006976751445056034,-0.010256
72.42361617088318,3.1632567591650425,4.786007045214559,3.0959389292220933,-1.9294800897303306,-0.916790124964587,10.969621563160915,0.0006872615269525858,-0.010415
72.45064640045166,3.1708562532070044,4.796678897171843,3.204114026599466,-1.8839691654242716,-0.6648674922287542,11.221544195896747,0.0007030448183132819,-0.010415
72.4775083065033,3.1684308827021814,4.7973256761336955,3.230923525659834,-1.8479448569873347,-0.5661924055989975,11.320219282526505,0.0007092269450456289,-0.010415
72.50630378723145,3.1692393395302543,4.789564329009059,3.2659945312315317,-1.8727277754635916,-0.5704174580441501,11.315994230081353,0.0007089622398342238,-0.010415
72.53242945671082,3.1708562532070044,4.787785687087914,3.3231529480060518,-1.9015341358666595,-0.5586054269962448,11.327806261129258,0.0007097022794470447,-0.010415
72.56350588798523,3.178779130620569,4.772748080026631,3.5229465408488037,-2.0185734417346564,-0.550204699444019,11.336206988681484,0.0007102285963132934,-0.010415
72.59112524986267,3.176838834050036,4.797487370875148,3.623671597194348,-1.941126185042572,-0.40893525410601206,11.47747643401949,0.0007190793168377638,-0.010415
72.62115120887756,3.1799109703050266,4.795870423478428,3.7561356965257953,-1.8973297588638791,-0.31102488356260466,11.575386804562896,0.0007252135330800209,-0.010415
72.64944338798523,3.1753836116481513,4.792798223533625,3.7575561627096175,-1.8864639014977684,-0.2996312542307574,11.586780433894743,0.0007259273592632717,-0.010566
72.67746877670288,3.1784557478560598,4.787300602935897,3.8205070479783676,-1.9142744197106953,-0.30752233969410114,11.5788893484314,0.0007254329721585183,-0.010566
72.7062635421753,3.17522192027154,4.779054172895132,3.7993552372587613,-1.986866704500156,-0.3820491315829447,11.504362556542556,0.0007207637685312562,-0.010566
72.73283863067627,3.1729582410278683,4.773879942805052,3.7388967697904327,-2.0710145848963144,-0.4834978715045615,11.40291381662094,0.0007144078686941924,-0.010566
72.75859689712524,3.1698861049976577,4.781641288091559,3.634619287206203,-2.0799181786330503,-0.5458047559799246,11.340606932145576,0.0007105042586819744,-0.010566
72.78518319129944,3.1702094877330076,4.780671119881068,3.568146791972108,-2.092400684886374,-0.5987165692851749,11.287695118840325,0.0007071892624994154,-0.010566
72.8122136592865,3.1753836116481513,4.778730783502678,3.6259639295220425,-2.113638420264521,-0.5822292859385442,11.304182402186957,0.0007082222129492429,-0.010566
72.84232974052429,3.168269191337391,4.768705713118343,3.522957586476379,-2.1930880643763144,-0.7229737399332907,11.163437948192211,0.0006994043838376738,-0.010566
72.86992192268372,3.166652277704588,4.777275531256146,3.418244434356384,-2.193494571418059,-0.8100806784616288,11.076331009663873,0.000693947017123931,-0.010566
72.89550518989563,3.1637418332347127,4.781802982794689,3.286249547688833,-2.164612504083126,-0.9199288759711198,10.966482812154382,0.0006870648799855913,-0.010566
72.92205715179443,3.1632567591650425,4.779700951684774,3.18407051383192,-2.1579367032475703,-1.0435046764527791,10.842907011672722,0.0006793226900800954,-0.010723
72.9491114616394,3.168269191337391,4.779215867591951,3.2136321954933083,-2.156388637901449,-1.0023274243675457,10.884084263757956,0.0006819025002386197,-0.010723
72.97974801063538,3.171017944576191,4.771939606625287,3.28976018430724,-2.202179917998461,-0.9473479766522969,10.939063711473205,0.000685347036494518,-0.010723
73.0064766407013,3.1690776481640905,4.785360266363366,3.3039193210277564,-2.1477756135126826,-0.8839609114606024,11.0024507766649,0.0006893183212796727,-0.010723
73.03240728378296,3.1694010308966933,4.773556553437819,3.32035245925156,-2.185734151183995,-0.8997116795348329,10.986700008590669,0.0006883315145010575,-0.010723
73.06213784217834,3.171179635945652,4.778569088807041,3.3677252402614237,-2.180013511739746,-0.8451880451173888,11.041223643008113,0.0006917474934415325,-0.010723
73.09044981002808,3.1637418332347127,4.781156203984539,3.250886111822379,-2.159342422753702,-0.9578068668511688,10.928604821274334,0.0006846917729736282,-0.010723
73.11601638793945,3.1613164629110413,4.776467057799646,3.120185656464608,-2.175080947476994,-1.1512080452058515,10.73520364291965,0.0006725749293445969,-0.010723
73.14284825325012,3.1653587468181112,4.778730783502678,3.1102171141563217,-2.1715146040779474,-1.1640703110707966,10.722341377054704,0.0006717690911096574,-0.010874
73.17060708999634,3.166328894981322,4.788594160682509,3.1228043614011582,-2.1054765898122927,-1.0941366329500222,10.792275055175478,0.0006761505299891993,-0.010874
73.19828033447266,3.166975660428952,4.7884324659628,3.1446589191570093,-2.0602916450483155,-1.015282575575236,10.871129112550264,0.0006810908426121797,-0.010874
73.22607636451721,3.165843820898482,4.787138908219347,3.137131011446402,-2.0369955053977,-1.0031367129628606,10.883274975162639,0.0006818517972209667,-0.010874
73.25329351425171,3.1684308827021814,4.779054172895132,3.18403541505271,-2.0727714644810553,-0.9654939874174259,10.920917700708074,0.000684210164543673,-0.010874
73.28036880493164,3.1748985375191436,4.792313139344862,3.3473033512921577,-2.0123980912866393,-0.6834641954702251,11.202947492655275,0.0007018797098733572,-0.010874
73.30631494522095,3.1674607345175576,4.790372802625381,3.3115908256522677,-1.9826367132487284,-0.6825239279248901,11.20388776020061,0.0007019386188981792,-0.010874
73.33412146568298,3.1792642047693978,4.7636931784936305,3.524635669987179,-2.1336784804831646,-0.6615237954949951,11.224887892630505,0.0007032543054054006,-0.010874
73.359783411026,3.1703711791010942,4.789402634286979,3.49441913121453,-2.0737829771479235,-0.6235581437058345,11.262853544419666,0.0007056329044910786,-0.010874
73.3874762058258,3.162609993742655,4.7753351949770995,3.316745738124499,-2.122480990719011,-0.8442138087118595,11.042197879413642,0.0006918085306610775,-0.010874
73.4136290550232,3.1799109703050266,4.719712245689975,3.5412875951769127,-2.5149022156570453,-0.9287516064885075,10.957660081636995,0.0006865121240666784,-0.01103
73.44094491004944,3.1747368461433574,4.787138908219347,3.5941190059280768,-2.3552229048238105,-0.791859540273175,11.094552147852326,0.0006950885959087693,-0.01103
73.47380924224854,3.165035364099237,4.780994509282987,3.4354487165381578,-2.2830306630175405,-0.8652628066050133,11.021148881520489,0.0006904897826669396,-0.01103
73.5010015964508,3.166975660428952,4.7866538240720695,3.363509967752906,-2.1960378135657304,-0.8630202528391632,11.023391435286339,0.0006906302816729005,-0.01103
73.5271635055542,3.1684308827021814,4.7911812762515815,3.342500684467239,-2.1059761925560774,-0.7975954538825243,11.088816234242977,0.0006947292332158149,-0.01103
73.55627918243408,3.1606696975018136,4.7759819737304765,3.171272373406005,-2.1408495814250608,-1.056122526893465,10.830289161232036,0.0006785321647998206,-0.01103
73.58205366134644,3.163095067809034,4.783743319263016,3.100325620781812,-2.115261029507796,-1.1510600364259913,10.73535165169951,0.0006725842022934825,-0.01103
73.61014986038208,3.167622425880975,4.7997510972970305,3.1419672854965772,-1.9942241811474488,-0.947881060477944,10.938530627647557,0.0006853136380767241,-0.01103
73.63646674156189,3.1637418332347127,4.785521961075572,3.0928555434869742,-2.0011649325433383,-1.0548912897953198,10.83152039833018,0.0006786093034579994,-0.01103
73.6635844707489,3.159376166696514,4.783258235140607,2.970433807165129,-2.0206067707199686,-1.3611755287838136,10.525236159341688,0.0006594201844390124,-0.01103
73.69227719306946,3.171179635945652,4.800721265787301,3.122782183800922,-1.9217162075559888,-0.87278711326185,11.013624574863652,0.0006900183747471255,-0.01119
73.71802806854248,3.1635801418778815,4.797487370875148,3.076165101231268,-1.8733261211175047,-0.8884977213429283,10.997913966782573,0.00068903408404603,-0.01119
73.74631690979004,3.1621249196787438,4.793283307725947,3.014185304062721,-1.8665363591955428,-1.0628553272469647,10.823556360878536,0.0006781103458131792,-0.01119
73.77314186096191,3.1655204381779605,4.790211107901325,3.0392777386045933,-1.8815751660349254,-1.010247074102718,10.876164614022782,0.0006814063235438644,-0.01119
73.80852675437927,3.167945808608634,4.796193812954607,3.105755510392279,-1.8535607148777462,-0.7686159497353628,11.117795738390138,0.000696544838080197,-0.01119
73.8344657421112,3.1634184505213248,4.762399621232471,3.0609855587819954,-2.0516586002006245,-1.1756918859283307,10.71071980219717,0.0006710409838330122,-0.01119
73.8625168800354,3.163095067809034,4.8060571927386215,3.0231248505450026,-1.9090775281308265,-1.1073453557784896,10.77906633234701,0.0006753229857600827,-0.01119
73.89272975921631,3.1794258961528916,4.789564329009059,3.3259703590185454,-1.9155206452640303,-0.5525519593854101,11.33385972874009,0.0007100815373247778,-0.01119
73.91953539848328,3.172311475539577,4.797163981392639,3.3944838695177686,-1.8710725582346703,-0.41742318056076533,11.468988507564735,0.0007185475368431334,-0.01119
73.94717812538147,3.1684308827021814,4.7890792448440065,3.3641824157026607,-1.89204216204081,-0.47698338936070017,11.4094282987648,0.0007148160097517226,-0.01119
73.97375512123108,3.174575154767847,4.782126372202131,3.4668845088506637,-1.9515124872810985,-0.48577999006725836,11.400631698058241,0.0007142648909005596,-0.011345
74.00501728057861,3.179102513386179,4.782611456316253,3.6300803766251453,-1.9900167195732952,-0.4335964892271878,11.452815198898312,0.0007175342573287981,-0.011345
74.0304388999939,3.1729582410278683,4.79360669718947,3.620404367346889,-1.946136447515363,-0.3877418982008158,11.498669789924683,0.0007204071090552792,-0.011345
74.05964422225952,3.1799109703050266,4.791989749887662,3.753848635632586,-1.9258369099691528,-0.31046460393999337,11.575947084185506,0.0007252486353510279,-0.011345
74.09020018577576,3.1694010308966933,4.7884324659628,3.635302979474941,-1.934543869158112,-0.3671020054631572,11.519309682662342,0.0007217002260618547,-0.011345
74.11605191230774,3.1808811186167345,4.773071469389924,3.7838428939776945,-2.039596925085134,-0.4136243595906613,11.472787328534839,0.0007187855380800494,-0.011345
74.1460075378418,3.1637418332347127,4.769999270502225,3.5421684694237623,-2.1329256983829845,-0.6446238893649887,11.241787798760512,0.0007043131072269027,-0.011345
74.17293286323547,3.177970673711362,4.772748080026631,3.659953047975539,-2.1805475354960726,-0.6090329509059083,11.277378737219593,0.0007065429273323845,-0.011345
74.20316696166992,3.1721497841681914,4.7753351949770995,3.6250108804253873,-2.1972161815627156,-0.6464867784421336,11.239924909683367,0.0007041963947237111,-0.011345
74.22950315475464,3.165843820898482,4.778245699416952,3.473377384334264,-2.1901342631310143,-0.7570518440682789,11.129359844057221,0.0006972693448348595,-0.011504
74.25659465789795,3.167784117244667,4.773394858754794,3.4063643911903947,-2.216426870902462,-0.8443304073554414,11.04208128077006,0.0006918012255994245,-0.011504
74.2847957611084,3.170047796365195,4.76822062910588,3.4051074934708105,-2.2681649745439576,-0.8893570177236101,10.99705467040189,0.0006889802479734461,-0.011504
74.32028102874756,3.166328894981322,4.782611456316253,3.3292276269213033,-2.21167346065731,-0.9231275632851687,10.963284124840332,0.0006868644779284154,-0.011504
74.34858322143555,3.1640652159491975,4.785683655788173,3.230459524638356,-2.1523377630240628,-0.9966667117125726,10.889744976412928,0.0006822571514907614,-0.011504
74.37449622154236,3.168592574067247,4.719065467482205,3.2526262455218804,-2.539968612835358,-1.2020647313847286,10.684346956740772,0.0006693886896372562,-0.011504
74.40202021598816,3.167622425880975,4.790534497349831,3.248577722814634,-2.3508944130803147,-1.1177026189162653,10.768709069209235,0.0006746740893110911,-0.011504
74.42961168289185,3.1674607345175576,4.784875182229117,3.242482885717992,-2.2550007555756246,-1.0635677459684612,10.82284394215704,0.0006780657118232511,-0.011504
74.45627570152283,3.167784117244667,4.776952141872363,3.2447382421589923,-2.238916785343093,-1.0487489349296844,10.837662753195815,0.0006789941302416524,-0.011655
74.48732137680054,3.1702094877330076,4.779539256986772,3.29523006043906,-2.2109913652116706,-0.9615509640237824,10.924860724101716,0.0006844572002561377,-0.011655
74.51785063743591,3.1632567591650425,4.774850110916205,3.190356872757079,-2.2216518573967146,-1.1114448679728488,10.774966820152649,0.0006750661458140339,-0.011655
74.54448652267456,3.1708562532070044,4.739762373228851,3.270206587073953,-2.455155448865902,-1.1485746124681075,10.73783707565739,0.0006727399174432334,-0.011655
74.57245087623596,3.1721497841681914,4.79360669718947,3.3521883577942773,-2.2717335580201876,-0.9447356190243138,10.941676069101185,0.0006855107042092166,-0.011655
74.60126543045044,3.1729582410278683,4.789402634286979,3.4258799541652847,-2.1704215314238438,-0.7763128179865684,11.11009887013893,0.0006960626189446853,-0.011655
74.63172125816345,3.167784117244667,4.780186035781146,3.3731161900720763,-2.1588780271244388,-0.8196084324221177,11.06680325570338,0.0006933500905392157,-0.011655
74.66376209259033,3.173928389268555,4.7779223100284405,3.4600946651828646,-2.165380885140206,-0.7384092246159234,11.148002463509574,0.0006984373299870772,-0.011655
74.68980050086975,3.1674607345175576,4.786007045214559,3.3905447453757387,-2.1178496298020932,-0.7565141632704536,11.129897524855043,0.0006973030312591354,-0.011655
74.71611166000366,3.1797492789207062,4.7759819737304765,3.5896860286296466,-2.1491609874972815,-0.6166690475796476,11.269742640545848,0.0007060645156178383,-0.011655
74.74211692810059,3.171664710055685,4.780509425180699,3.566041352829752,-2.1419123161887246,-0.6264657554348063,11.25994593269069,0.0007054507387103234,-0.011812
74.76889443397522,3.172311475539577,4.767412155759645,3.56253356518561,-2.2212131107287614,-0.7057697298454705,11.180641958280026,0.0007004822381806501,-0.011812
74.7951729297638,3.1799109703050266,4.7541531942836865,3.713339074119718,-2.3621401794176755,-0.714839906926685,11.17157178119881,0.0006999139794021066,-0.011812
74.8222885131836,3.1747368461433574,4.768382323776308,3.7145550411880284,-2.369122625600102,-0.7191238095458865,11.167287878579609,0.0006996455871482411,-0.011812
74.84951305389404,3.1776472909496065,4.769999270502225,3.774101905103133,-2.3635936887434625,-0.6791196246744814,11.207292063451014,0.0007021519030699814,-0.011812
74.8769121170044,3.177808982330346,4.76886740778995,3.819045581394603,-2.367015087399483,-0.6562906319909836,11.23012105613451,0.0007035821701288869,-0.011812
74.90303254127502,3.1736050065205594,4.763854873153044,3.7657234962787594,-2.401701677555138,-0.7109601018470015,11.175451586278493,0.0007001570544022776,-0.011812
74.93071818351746,3.178779130620569,4.770322659852132,3.832745924639708,-2.384315695244679,-0.6608875813469064,11.225524106778588,0.0007032941650764351,-0.011812
74.95602035522461,3.1765154512921354,4.758680644246744,3.83400942281833,-2.4471453764641895,-0.7024410360416078,11.183970652083886,0.0007006907853190565,-0.011812
74.98414635658264,3.1732816237736636,4.7525362479428885,3.7696764424676394,-2.5307094121358054,-0.7916414692888966,11.094770218836597,0.0006951022583488791,-0.011812
75.01235485076904,3.160508006150192,4.769999270502225,3.4670345330426127,-2.4767044393184605,-0.980286935138533,10.906124752986962,0.0006832833664968668,-0.011812
75.04153990745544,3.16438859866478,4.769837575827863,3.3334461010995007,-2.4399426232761567,-1.0877232861013784,10.798688402024116,0.0006765523347846239,-0.011812
75.06781697273254,3.1674607345175576,4.772262995984643,3.3018907505173987,-2.3985843778325737,-1.0987640693337721,10.787647618791722,0.000675860614883499,-0.01197
75.09536361694336,3.1639035245918183,4.730707476177153,3.20806284007585,-2.6373414188827318,-1.296401577656327,10.590010110469166,0.0006634783594911146,-0.01197
75.12104177474976,3.1642269073068516,4.771131133233789,3.1489050449318765,-2.5440551894613748,-1.332755370715055,10.553656317410438,0.0006612007455201857,-0.01197
75.14958572387695,3.165197055458537,4.759165728189618,3.127059814959331,-2.555838028143114,-1.3601595135228686,10.526252174602625,0.0006594838391599723,-0.01197
75.17447090148926,3.172311475539577,4.704351264939028,3.2552464886762977,-2.9172102244210985,-1.3204890106683196,10.565922677457174,0.0006619692494551053,-0.01197
75.20146608352661,3.172311475539577,4.771616217267507,3.3449771602781806,-2.7368383584802243,-1.2014665605796062,10.684945127545888,0.0006694261658417484,-0.01197
75.22775220870972,3.167137351791546,4.766441987757147,3.303440749555923,-2.643911329630497,-1.2066329588139806,10.679778729311513,0.0006691024840520934,-0.01197
75.25467205047607,3.1732816237736636,4.732647811156441,3.3982783711839453,-2.7965703131537203,-1.1775932045263833,10.70881848359911,0.0006709218636687109,-0.01197
75.28161597251892,3.170047796365195,4.772424690664912,3.399447279466302,-2.6471820957789918,-1.1215531488722017,10.764858539253291,0.000674432848436749,-0.01213
75.31094217300415,3.1761920685353355,4.770322659852132,3.5241786281894973,-2.5561519880013903,-0.9724731538280593,10.913938534297433,0.0006837729103925962,-0.01213
75.33617353439331,3.1808811186167345,4.7556084460239605,3.706055848077881,-2.5872224112593365,-0.8573904439513801,11.029021244174112,0.0006909829967625127,-0.01213
75.36379861831665,3.1833064894394125,4.752697942575203,3.8822829775137713,-2.6277216718334535,-0.7754582949234956,11.110953393201996,0.0006961161559625083,-0.01213
75.38919591903687,3.1782940564742184,4.759650812136027,3.9045549467681426,-2.611279571508023,-0.7545349981276824,11.131876689997808,0.0006974270286140375,-0.01213
75.41764044761658,3.175868685779636,4.759165728189618,3.871232252315518,-2.6028950955757546,-0.7676569472093256,11.118754740916165,0.0006966049208767268,-0.01213
75.44913983345032,3.1797492789207062,4.742511181505157,3.926167283487519,-2.704317419436286,-0.7928651336666147,11.093546554458875,0.0006950255941318076,-0.01213
75.47722339630127,3.184114946394091,4.753344721108383,4.0526653410831965,-2.7055215188961985,-0.732156258416738,11.154255429708751,0.0006988290867193662,-0.01213
75.50333285331726,3.177808982330346,4.741055930050667,4.014039986580651,-2.7855308961687033,-0.7892391954914151,11.097172492634074,0.0006952527640293811,-0.012288
75.5357232093811,3.1747368461433574,4.716154965624417,3.9250456799106996,-3.00195376008087,-0.924568299640765,10.961843388484724,0.0006867742138603261,-0.012288
75.5666024684906,3.1737666978944197,4.727958668386133,3.8431844366522037,-3.0774082794851654,-0.9934503629034385,10.89296132522205,0.000682458660064329,-0.012288
75.59700608253479,3.17425177201765,4.74202609768347,3.7956641806410536,-3.0396016416649494,-1.0058348790799598,10.880576809045529,0.0006816827534891534,-0.012288
75.62499761581421,3.173928389268555,4.734426451603563,3.7558782585811366,-3.0620952236040555,-1.03539782177259,10.851013866352899,0.0006798305954161365,-0.012288
75.65209937095642,3.171826401426246,4.748655576885022,3.6856367851414222,-2.9861742561906506,-1.0504508653278246,10.835960822797665,0.0006788875020159233,-0.012288
75.6828293800354,3.1729582410278683,4.750757607013324,3.6592938533082773,-2.919487939026072,-1.042913694407747,10.843497993717742,0.0006793597158991105,-0.012288
75.71002268791199,3.174413463392611,4.747362019915922,3.6702016437346665,-2.8946824736817227,-1.0266525831810276,10.859759104944462,0.0006803784963617978,-0.012288
75.73826575279236,3.174090080642965,4.741055930050667,3.671315354169918,-2.917943564518576,-1.0347721263810523,10.851639561744438,0.0006798697960729432,-0.012288
75.76434540748596,3.1698861049976577,4.7323244219893175,3.5873122962718043,-2.990476206265153,-1.113644597451962,10.772767090673529,0.0006749283298071646,-0.012288
75.79089331626892,3.168592574067247,4.754314888919925,3.502423185665285,-2.8995826816088957,-1.1421372469411875,10.744274441184304,0.0006731432270411174,-0.012444
75.82015466690063,3.1697244136303944,4.753344721108383,3.4658269070394683,-2.842207202417039,-1.1500304227819313,10.73638126534356,0.0006726487089714118,-0.012444
75.84704065322876,3.1721497841681914,4.738792205628927,3.4891225817701588,-2.895794177084344,-1.150529270842195,10.735882417283296,0.0006726174554703097,-0.012444
75.87352514266968,3.177485599569142,4.744289822214833,3.6130383119652465,-2.897888466827103,-1.0644809421383885,10.821930745987103,0.0006780084988564642,-0.012444
75.90145659446716,3.171826401426246,4.756578613868473,3.5856488225102874,-2.8201879581574265,-1.053252491923476,10.833159196202015,0.000678711976346146,-0.012444
75.93329167366028,3.1765154512921354,4.747200325296548,3.6610414513277116,-2.82621415164926,-1.0037684002041547,10.882643287921336,0.0006818122211667232,-0.012444
75.9594407081604,3.1815278841633843,4.74946405000345,3.8149033109560477,-2.8158491828054335,-0.9027789156287488,10.983632772496742,0.0006881393480394071,-0.012444
75.98645567893982,3.1782940564742184,4.74477490605297,3.857389180177733,-2.8388019772338238,-0.8889549643225346,10.997456723802957,0.0006890054371591206,-0.012444
76.0205466747284,3.1757069944021996,4.740732540842864,3.834955344217949,-2.880910545956875,-0.920339625396774,10.966072062728717,0.0006870391459822938,-0.012444
76.04993462562561,3.1697244136303944,4.740085762431956,3.69859941802633,-2.9145532019364353,-1.0160729561266189,10.870338731998872,0.0006810413242088788,-0.012444
76.07569074630737,3.176677142670948,4.689960454576696,3.7433677397010086,-3.2610189239741243,-1.1026665415705783,10.783745146554914,0.0006756161197554842,-0.0126
76.10129284858704,3.1803960444596404,4.752374553310967,3.8497056111831705,-3.101462560049185,-0.9969144894102392,10.889497198715253,0.0006822416278851503,-0.0126
76.1277437210083,3.173928389268555,4.748655576885022,3.7937072599606214,-3.013731391702253,-0.9965063743142956,10.889905313811196,0.0006822671968441518,-0.0126
76.15897798538208,3.1642269073068516,4.7541531942836865,3.5588561388512163,-2.916902976099108,-1.1105668209869903,10.775844867138503,0.0006751211566372204,-0.0126
76.18903756141663,3.1737666978944197,4.747847103776394,3.586851757910521,-2.889748005890925,-1.0809988258326058,10.805412862292886,0.0006769736312537535,-0.0126
76.21755790710449,3.1706945618380935,4.721490885793512,3.5444921353689733,-3.040530820517062,-1.1600684032293218,10.72634328489617,0.0006720198160118807,-0.0126
76.24560713768005,3.166167203620101,4.69513467817319,3.4235360050927657,-3.315870017769831,-1.299573067249543,10.58683862087595,0.000663279661407685,-0.0126
76.27316761016846,3.166652277704588,4.756902003153118,3.3486493273878275,-3.1106917143704744,-1.3121379885756237,10.57427369954987,0.0006624924522075427,-0.0126
76.29876446723938,3.1645502900229827,4.765310125105464,3.2538373282375583,-2.9129003328189818,-1.3478599156346724,10.538551772490822,0.0006602544254903096,-0.01276
76.32520294189453,3.165843820898482,4.731839338241565,3.2135558978028254,-2.990070937091212,-1.3942441634944636,10.49216752463103,0.0006573483900517013,-0.01276
76.35482430458069,3.1606696975018136,4.7717779119462005,3.081011022740927,-2.786799192391561,-1.4897515749360453,10.396660113189448,0.0006513647224251841,-0.01276
76.3843674659729,3.1642269073068516,4.781641288091559,3.0599687727974305,-2.5809674038797383,-1.4952412632997032,10.39117042482579,0.0006510207860746383,-0.01276
76.4119086265564,3.1611547715583233,4.780994509282987,2.983282648161368,-2.4410518123566995,-1.5981435482255737,10.28826813989992,0.0006445738196904411,-0.01276
76.43887042999268,3.160508006150192,4.770807743879945,2.916558877028226,-2.4087357947858212,-1.708512941927117,10.177898746198377,0.0006376590289105214,-0.01276
76.46892070770264,3.162609993742655,4.771454522589206,2.9122435601940917,-2.381947922690748,-1.722072593004333,10.16433909512116,0.000636809498555202,-0.01276
76.49617767333984,3.1629333764533003,4.767250461091579,2.9157445804868494,-2.3902797001694593,-1.7141188495809276,10.172292838544566,0.0006373078112653246,-0.01276
76.52940607070923,3.167784117244667,4.784066708679928,3.016021428497216,-2.287778782329928,-1.5382278463323746,10.34818384179312,0.0006483276189016958,-0.01276
76.56057214736938,3.1702094877330076,4.769190797134347,3.135128290875835,-2.3118613230782024,-1.3105876074675653,10.57582408065793,0.000662589585666664,-0.01276
76.58753561973572,3.1770005254294,4.758518949599906,3.3554596937364303,-2.3974689807001788,-1.030004284587075,10.85640740353842,0.0006801685077662074,-0.012917
76.61526417732239,3.17425177201765,4.7557701406637305,3.4542568606000006,-2.475102641441503,-0.9745196842211961,10.911892003904299,0.0006836446925142637,-0.012917
76.64248943328857,3.1726348582831725,4.774850110916205,3.4908061633659426,-2.4065297507575956,-0.8853304439248699,11.001081244200625,0.0006892325182310271,-0.012917
76.67045259475708,3.171826401426246,4.76256131588874,3.5000863184907747,-2.4376952605032423,-0.9010040120512053,10.98540767607429,0.0006882505481328539,-0.012917
76.69618964195251,3.1784557478560598,4.739277289427128,3.6402781570251594,-2.609510824403931,-0.8978327742689819,10.988578913856514,0.0006884492304399866,-0.012917
76.72404932975769,3.178617439238176,4.769190797134347,3.741673315577947,-2.5370737525300124,-0.7770271383370992,11.109384549788397,0.0006960178658151435,-0.012917
76.75033926963806,3.168754265432587,4.765310125105464,3.613736770419949,-2.5113677595306623,-0.8543474711035681,11.032064217021928,0.0006911736430992002,-0.012917
76.77746868133545,3.1748985375191436,4.761914537266023,3.648094300049222,-2.515248525882321,-0.8297008047935874,11.056710883331908,0.0006927177898525735,-0.012917
76.80455160140991,3.1782940564742184,4.75027252313168,3.740622872542961,-2.5929649216885657,-0.8148830734778423,11.071528614647653,0.0006936461406248763,-0.012917
76.83277368545532,3.1760303771573484,4.753021331841008,3.759740671847765,-2.6296580998084145,-0.8250839700465367,11.061327718078958,0.0006930070407514925,-0.012917
76.85936760902405,3.1705328704694566,4.747038630677566,3.6622535038182145,-2.693884915378022,-0.931092357879895,10.955319330245601,0.0006863654728475636,-0.013076
76.88702201843262,3.176838834050036,4.7450982952803535,3.7211864712729414,-2.751343660956659,-0.9199777549771863,10.96643393314831,0.0006870618176501993,-0.013076
76.91301226615906,3.173443315146974,4.756578613868473,3.693961247786939,-2.717606594048123,-0.921065709267286,10.96534597885821,0.0006869936558524232,-0.013076
76.94347953796387,3.171664710055685,4.7570636977960294,3.6390340062398443,-2.6908656530380464,-0.9469262305508236,10.939485457574673,0.0006853734594543268,-0.013076
76.96956825256348,3.166652277704588,4.7481704930186694,3.4994979281908005,-2.729438550574266,-1.0801186647287493,10.806293023396748,0.0006770287745292732,-0.013076
76.99927592277527,3.173928389268555,4.759650812136027,3.5485618818659597,-2.6824813866265877,-1.0149482419048461,10.871463446220652,0.000681111789065756,-0.013076
77.02656269073486,3.1692393395302543,4.68785842635404,3.4883413805758345,-3.112110280955923,-1.2200841483676221,10.666327539757877,0.0006682597489569279,-0.013076
77.05383396148682,3.1674607345175576,4.750757607013324,3.410317446150785,-3.007643156361774,-1.2503105375192456,10.636101150606253,0.0006663660250720155,-0.013076
77.080806016922,3.165035364099237,4.756578613868473,3.30678762469405,-2.8970162408317095,-1.308053989123889,10.578357699001609,0.0006627483202594271,-0.013232
77.10964250564575,3.1629333764533003,4.758680644246744,3.191925425636826,-2.80603575837512,-1.3969977321708538,10.489413955954644,0.0006571758752751244,-0.013232
77.13706111907959,3.160346314798845,4.751889469417555,3.0593479503028966,-2.7860993380840164,-1.5316880666246653,10.354723621500833,0.0006487373448855849,-0.013232
77.16914749145508,3.1613164629110413,4.774850110916205,2.9861089434009918,-2.6242274384073663,-1.6171629141520554,10.269248773973443,0.0006433822308655177,-0.013232
77.20281553268433,3.1627716850978405,4.765310125105464,2.9641894776905757,-2.5723753396447964,-1.6504028812180884,10.23600880690741,0.0006412997022759835,-0.013232
77.23186540603638,3.1606696975018136,4.772262995984643,2.90645452866234,-2.4912872792906255,-1.748032747301021,10.138378940824477,0.0006351830600149901,-0.013232
77.26056385040283,3.159861240746446,4.783581624555152,2.8497357095794396,-2.361609083159365,-1.8933739680370762,9.993037720088422,0.00062607723729202,-0.013232
77.28765821456909,3.1588910926490468,4.779054172895132,2.7904673106879887,-2.3000009689142265,-2.0429414441679294,9.843470243957569,0.0006167066339912335,-0.013232
77.31370902061462,3.165197055458537,4.779054172895132,2.8761534009886125,-2.256875288942616,-1.9118131824424995,9.974598505682998,0.000624921995739236,-0.013232
77.33984041213989,3.1627716850978405,4.7884324659628,2.8872205980018983,-2.16627073443954,-1.9695724979624747,9.916839190163023,0.0006213032970310414,-0.013232
77.36775207519531,3.173443315146974,4.773879942805052,3.1101851364972326,-2.1965974058538795,-1.3181496548224647,10.568262033303032,0.0006621158132414177,-0.01339
77.39527130126953,3.166975660428952,4.7746884162300285,3.1358254617243033,-2.212617750852212,-1.2633392780505377,10.62307241007496,0.0006655497569755958,-0.01339
77.42180800437927,3.1690776481640905,4.781156203984539,3.196165015219707,-2.1821653901324227,-1.0842315582944926,10.802180129831005,0.0006767710962223314,-0.01339
77.44783473014832,3.166652277704588,4.775011805602776,3.1894896344767014,-2.200432009832755,-1.1215491854349982,10.764862502690498,0.0006744330967514143,-0.01339
77.47545909881592,3.174090080642965,4.774850110916205,3.334816947689352,-2.214260308631484,-0.8574499231264707,11.028961764999025,0.0006909792703122922,-0.01339
77.50099062919617,3.166652277704588,4.776952141872363,3.286545987205438,-2.2103984724822037,-0.9339892451038871,10.952422443021607,0.0006861839789714524,-0.01339
77.52834749221802,3.17425177201765,4.769352491807135,3.4060172660282935,-2.2566534412650987,-0.8103605435298341,11.07605114459566,0.0006939294832014511,-0.01339
77.55602407455444,3.176677142670948,4.746876936058976,3.5385602333023773,-2.433823318968248,-0.8440208529958948,11.042390835129599,0.0006918206195958888,-0.01339
77.58461713790894,3.172473166911238,4.768705713118343,3.546557652884251,-2.417217493468916,-0.821826120642467,11.064585567483027,0.0006932111493930832,-0.01339
77.61266136169434,3.1732816237736636,4.777760615334775,3.568460203513784,-2.347260176635541,-0.7346590199383738,11.15175266818712,0.0006986722853479559,-0.01339
77.64160799980164,3.172311475539577,4.772748080026631,3.5642267606644267,-2.330581670272866,-0.7213307247172793,11.165080963408215,0.0006995073209480979,-0.01355
77.67264080047607,3.1729582410278683,4.772748080026631,3.5743068361743804,-2.318906715819001,-0.6997356769117627,11.18667601121373,0.0007008602797027803,-0.01355
77.69928336143494,3.167137351791546,4.768544018447128,3.463971522683245,-2.33781753617402,-0.832452808339832,11.053958879785661,0.0006925453731335022,-0.01355
77.72830414772034,3.167137351791546,4.768058934435846,3.3867368032394527,-2.354180105135994,-0.9445749481546049,10.941836739970888,0.0006855207704550405,-0.01355
77.76184964179993,3.172311475539577,4.746068462971906,3.437020380472398,-2.5073003064927253,-1.0088514807918698,10.877560207333623,0.0006814937593395563,-0.01355
77.78910756111145,3.166813969066633,4.760459285387898,3.3613492613274922,-2.521776291892985,-1.106389265243286,10.780022422882206,0.0006753828861164752,-0.01355
77.81889367103577,3.163095067809034,4.7040278759083325,3.2333794423268323,-2.8954503368568942,-1.3779352708697155,10.508476417255777,0.000658370164083162,-0.01355
77.8461766242981,3.1642269073068516,4.757872171016478,3.166626666507591,-2.810147949330099,-1.429536927604858,10.456874760520634,0.0006551372509697164,-0.01355
77.87234377861023,3.167945808608634,4.76886740778995,3.1948997599243683,-2.6796030698101174,-1.373459458359307,10.512952229766185,0.0006586505797495134,-0.0137
77.89838409423828,3.165682129538084,4.775496889664853,3.1690387288429034,-2.545513390566434,-1.372109483644827,10.514302204480664,0.0006587351574788615,-0.0137
77.9256591796875,3.1645502900229827,4.765795209096683,3.1281099092561084,-2.5141505115719287,-1.4243530415563048,10.462058646569186,0.0006554620283944218,-0.0137
77.953697681427,3.166490586342818,4.771616217267507,3.1385901891338044,-2.454696559485804,-1.392153724310637,10.494257963814855,0.0006574793588747554,-0.0137
77.98025894165039,3.1639035245918183,4.770322659852132,3.093752447107322,-2.4214121125961587,-1.461561433467098,10.424850254658393,0.0006531308726573872,-0.0137
78.01177215576172,3.1618015369708403,4.780186035781146,3.019974704154653,-2.3345714339450616,-1.600878815044954,10.285532873080538,0.0006444024515497912,-0.0137
78.04035067558289,3.1622866110331063,4.773233164072162,2.978112897128079,-2.31857455545541,-1.6958540160633797,10.190557672062113,0.0006384521276212288,-0.0137
78.07089233398438,3.1621249196787438,4.787785687087914,2.945548761190489,-2.213626881860938,-1.8265679635361345,10.059843724589358,0.0006302627232177246,-0.0137
78.09898281097412,3.159699549396195,4.7753351949770995,2.8738408014130945,-2.2203717240181255,-2.0063706317273278,9.880041056398165,0.0006189978445179692,-0.0137
78.12666869163513,3.165197055458537,4.771939606625287,2.9345148444961717,-2.2469680782801285,-1.8320783760848633,10.05433331204063,0.0006299174884691443,-0.0137
78.15521335601807,3.166167203620101,4.777598920641504,2.9965519014817805,-2.229127251055052,-1.6743809713183029,10.21203071680719,0.0006397974427202823,-0.013857
78.18407726287842,3.1629333764533003,4.777760615334775,2.9747604193882133,-2.215597006945842,-1.742068290907236,10.144343397218258,0.0006355567412204018,-0.013857
78.21518516540527,3.1706945618380935,4.785845350501169,3.1160281984033524,-2.1540425802473147,-1.2757874432177918,10.6106242449077,0.0006647698627056476,-0.013857
78.24272990226746,3.1702094877330076,4.775658584353,3.205133029810112,-2.1765793828538285,-1.0438319600282082,10.842579728097284,0.0006793021853244384,-0.013857
78.27175998687744,3.166813969066633,4.76822062910588,3.1990281158638805,-2.240271732909912,-1.1383226517190193,10.748089036406473,0.0006733822165561156,-0.013857
78.29888844490051,3.1729582410278683,4.761591147957022,3.318667784814016,-2.327564636851556,-1.0017091948822632,10.884702493243228,0.0006819412331463694,-0.013857
78.32664060592651,3.1694010308966933,4.762723010545402,3.3306763839019595,-2.3813780159531897,-1.0342695163143956,10.852142171811096,0.0006799012852687996,-0.013857
78.35310816764832,3.1713413273153885,4.774526721544245,3.378212858845729,-2.3430058429251415,-0.9286066474162838,10.957805040709207,0.000686521205947283,-0.013857
78.3796739578247,3.1655204381779605,4.768544018447128,3.294097026952717,-2.354686925148307,-1.067680117561353,10.818731570564138,0.0006778080662186091,-0.01401
78.40765380859375,3.171664710055685,4.758357254953459,3.359129051655889,-2.4284885668992553,-1.0338121451586477,10.852599542966843,0.0006799299401861158,-0.01401
78.43342900276184,3.1637418332347127,4.76886740778995,3.2448687797985074,-2.4124415021085346,-1.1936236133659912,10.692788074759498,0.0006699175370204895,-0.01401
78.45952558517456,3.160346314798845,4.762076231921112,3.096408298216035,-2.4449584808811378,-1.4646664211374094,10.42174526698808,0.0006529363410087627,-0.01401
78.48828625679016,3.16438859866478,4.71938885658531,3.074007736720911,-2.742719787057962,-1.5276850465098533,10.358726641615636,0.0006489881394732269,-0.01401
78.51481676101685,3.1622866110331063,4.769837575827863,3.0159360199244474,-2.6261533666937984,-1.5997711136628685,10.28664057446262,0.0006444718505294073,-0.01401
78.54260873794556,3.1550105003580415,4.775173500289741,2.828546627784145,-2.510181928414696,-1.8964030263790703,9.990008661746419,0.0006258874627178136,-0.01401
78.57121205329895,3.1512915995604054,4.778245699416952,2.6223740269629023,-2.409210285927397,-2.247610425672408,9.638801262453082,0.0006038838473582849,-0.01401
78.59839963912964,3.1618015369708403,4.75609352994445,2.6900098100535326,-2.4812382256789642,-2.1034864788544234,9.782925209271067,0.0006129134062350653,-0.01401
78.62698221206665,3.159537858046217,4.765471819768811,2.6917026646866695,-2.4712412258760392,-2.1088844553913537,9.777527232734137,0.000612575215753665,-0.01401
78.65845060348511,3.1571124878294268,4.782934845727641,2.6439745996349555,-2.3517435063263883,-2.280190838342031,9.60622084978346,0.0006018426407376968,-0.014167
78.69464039802551,3.1590527839979288,4.779054172895132,2.6496954046352665,-2.2930950651311277,-2.3416521498521843,9.544759538273308,0.0005979920070076482,-0.014167
78.72067928314209,3.1645502900229827,4.791666360432044,2.764569582310765,-2.1707912728484873,-2.349010959493955,9.537400728631537,0.0005975309676981482,-0.014167
78.75071907043457,3.161963228324655,4.786977213503193,2.792807569804949,-2.115386910056878,-2.4072125025185724,9.47919918560692,0.0005938845628427222,-0.014167
78.77837681770325,3.171017944576191,4.764501651794633,2.995182946325379,-2.2213952940558244,-1.684705981669884,10.20170570645561,0.0006391505669516724,-0.014167
78.80700349807739,3.1702094877330076,4.742834570721574,3.120541353355525,-2.435184229365007,-1.4067217890526313,10.479689899072863,0.0006565666500486872,-0.014167
78.83485078811646,3.1753836116481513,4.7753351949770995,3.3126401224904165,-2.3754618672709715,-1.0367250784051674,10.849686609720326,0.0006797474410051381,-0.014167
78.86353921890259,3.1715030186853994,4.776790447181064,3.368848347192195,-2.3242812285687937,-0.8983630990260297,10.988048589099463,0.0006884160048815466,-0.014167
78.89012503623962,3.1702094877330076,4.775011805602776,3.382107133962323,-2.2999130967382193,-0.8499902711651393,11.036421416960355,0.000691446627528579,-0.014167
78.91749501228333,3.1713413273153885,4.72925222497961,3.4142143838880163,-2.577646500869505,-1.0571932647961444,10.82921842332935,0.0006784650816318436,-0.014167
78.94637989997864,3.169562722263407,4.764016567812852,3.400819874521792,-2.5481020021480845,-1.0533421834045396,10.833069504720953,0.0006787063570543705,-0.014326
78.9734034538269,3.1761920685353355,4.764825041117786,3.525139444728328,-2.522212528824728,-0.8991254555009988,10.987286232624495,0.0006883682422242797,-0.014326
78.99932169914246,3.166328894981322,4.760944369343736,3.413249992801548,-2.529089853169084,-1.0258666327715904,10.860545055353903,0.0006804277372107543,-0.014326
79.02690267562866,3.1702094877330076,4.719873940242892,3.4131882858888134,-2.79848675522465,-1.171016975535625,10.715394712589868,0.0006713338732491468,-0.014326
79.05452132225037,3.1689159567982013,4.764986735779951,3.38705812088343,-2.6964401911270484,-1.1528171921159986,10.733594496009495,0.0006724741141290313,-0.014326
79.08133864402771,3.1609930802058797,4.763369789175982,3.208984320841288,-2.6354242446574547,-1.3395994345907112,10.546812253534782,0.0006607719557244154,-0.014326
79.11092734336853,3.166167203620101,4.723916304192573,3.188680534923389,-2.8468792247631884,-1.4118365033787437,10.47457518474675,0.0006562462063253142,-0.014326
79.14036965370178,3.1609930802058797,4.744289822214833,3.070120010669268,-2.8636480002022924,-1.5383738436584977,10.348037844466996,0.0006483184719730889,-0.014326
79.16705513000488,3.171017944576191,4.759004033541601,3.1893016549304174,-2.7805946604218628,-1.3988870114351604,10.487524676690333,0.0006570575093912555,-0.014485
79.19494199752808,3.1608313888537096,4.769675881153892,3.06729392369944,-2.653707442975853,-1.533289712282272,10.353121975843221,0.0006486369996335678,-0.014485
79.22600603103638,3.1713413273153885,4.779054172895132,3.1938451367040015,-2.5044698207857605,-1.3128208952065712,10.573590792918921,0.0006624496671897323,-0.014485
79.25734782218933,3.1642269073068516,4.755931835303894,3.1389526525715823,-2.548961564791887,-1.4144629978770473,10.471948690248444,0.000656081652916699,-0.014485
79.28415966033936,3.166328894981322,4.7725863853455746,3.1429192382918347,-2.4728143069552764,-1.3862561369393211,10.500155551186172,0.0006578488506460814,-0.014485
79.31631779670715,3.1729582410278683,4.768382323776308,3.279391570513572,-2.446594514876409,-1.141947881210096,10.744463806915396,0.0006731550910585544,-0.014485
79.34433650970459,3.1629333764533003,4.771939606625287,3.1727481877104706,-2.4053240318809346,-1.302957548265278,10.583454139860216,0.000663067619125513,-0.014485
79.374263048172,3.172311475539577,4.77420333217386,3.2872283496021106,-2.3618513840737854,-1.0568600980888343,10.829551590036658,0.0006784859549736154,-0.014485
79.40142798423767,3.1760303771573484,4.769999270502225,3.442364505789145,-2.3585038196750467,-0.822495623310414,11.063916064815078,0.0006931692041515611,-0.014485
79.42846131324768,3.1755453030250376,4.759489117486831,3.5411772006671423,-2.4238687397648526,-0.7827596482443391,11.103652039881153,0.0006956587163686982,-0.014485
79.45477509498596,3.1713413273153885,4.759650812136027,3.525563430581387,-2.468582519059987,-0.841816408498671,11.04459527962682,0.0006919587310049762,-0.014644
79.48386240005493,3.167299043154414,4.759812506785615,3.433112009958658,-2.4988404997963567,-0.9715155715096585,10.914896116615832,0.0006838329042112103,-0.014644
79.51267290115356,3.1737666978944197,4.7572253924393335,3.498830867685778,-2.536687722332052,-0.9279950830985867,10.958416605026905,0.0006865595212733305,-0.014644
79.53848338127136,3.1755453030250376,4.761752842611326,3.580703653994791,-2.5340141646464436,-0.8444871106308846,11.041924577494607,0.0006917914079287103,-0.014644
79.56433987617493,3.172311475539577,4.759327422838028,3.572797176001129,-2.5477676460100116,-0.8630982326194008,11.023313455506091,0.000690625396134914,-0.014644
79.59858441352844,3.17425177201765,4.758357254953459,3.6063930981852774,-2.56364507150246,-0.8450127863550174,11.041398901770474,0.000691758473638428,-0.014644
79.62676620483398,3.1731199324006285,4.752374553310967,3.607084143828951,-2.613300863319022,-0.8819958174917615,11.00441587063373,0.0006894414370566253,-0.014644
79.66258430480957,3.1726348582831725,4.767250461091579,3.597785261626196,-2.552226758609253,-0.8435489640623508,11.042862724063141,0.0006918501840714864,-0.014644
79.69018030166626,3.1655204381779605,4.765956903761209,3.4477977088990284,-2.5178082043354335,-0.9709398955271961,10.915471792598296,0.000683868971084845,-0.0148
79.71820259094238,3.1647119813814593,4.764178262473052,3.32650206639732,-2.505173529735629,-1.1194595713100324,10.76695211681546,0.0006745640138834224,-0.0148
79.74445843696594,3.1648736727402107,4.7758202790415405,3.244855987753604,-2.4213293824744713,-1.1908387835101557,10.695572904615336,0.0006700920103519537,-0.0148
79.77649307250977,3.166167203620101,4.757872171016478,3.213790701761992,-2.4782632812623993,-1.2801894814523593,10.606222206673133,0.0006644940690967822,-0.0148
79.80604124069214,3.160346314798845,4.769352491807135,3.074653643590483,-2.44415880741123,-1.5289556710690075,10.357456017056485,0.000648908533137705,-0.0148
79.84260177612305,3.1582443272562597,4.7753351949770995,2.9348663809172524,-2.3817440719033374,-1.8358181844782202,10.050593503647272,0.0006296831844494359,-0.0148
79.86922693252563,3.1653587468181112,4.771131133233789,2.9804936212731787,-2.3651370465758044,-1.7426765947963332,10.143735093329159,0.0006355186301645858,-0.0148
79.90073919296265,3.168269191337391,4.772424690664912,3.0711283707021653,-2.3451788091744374,-1.5262728702288142,10.360138817896678,0.0006490766142142785,-0.0148
79.92789077758789,3.167945808608634,4.761106063996468,3.128050952860556,-2.4041245846233976,-1.4090509717855417,10.47736071633995,0.000656420723621567,-0.01495
79.95791959762573,3.174090080642965,4.760782674691398,3.2918098705580436,-2.4474699570161187,-1.1261773529384342,10.760234335187057,0.0006741431358400835,-0.01495
79.98652386665344,3.167784117244667,4.762237926576595,3.2792671315470585,-2.4684367345082374,-1.162071318856621,10.72434036926887,0.0006718943306572172,-0.01495
80.0130410194397,3.17425177201765,4.769675881153892,3.400922067067428,-2.435196894836315,-0.9513061673673595,10.935105520758132,0.0006850990505289906,-0.01495
80.03896808624268,3.172473166911238,4.766441987757147,3.4502109365197984,-2.432762305079764,-0.8846358123895165,11.001775875735975,0.0006892760378298488,-0.01495
80.06767225265503,3.1770005254294,4.753668110377327,3.5760175456871988,-2.5133496095009185,-0.8241685281521156,11.062243159973375,0.0006930643944159349,-0.01495
80.09281849861145,3.1708562532070044,4.766603682423247,3.540169058125022,-2.486427540468376,-0.8353152315731567,11.051096456552335,0.0006923660384727035,-0.01495
80.12176752090454,3.1726348582831725,4.7520511640483,3.550944701633446,-2.561331920900448,-0.8893446771846292,10.997067010940862,0.0006889810211247903,-0.01495
80.15030479431152,3.17522192027154,4.759812506785615,3.61066159481731,-2.5637650810846737,-0.8347480107736694,11.051663677351822,0.0006924015756177664,-0.01495
80.17743158340454,3.169562722263407,4.742511181505157,3.5383329221723154,-2.676926409292531,-0.9850699244726782,10.901341763652812,0.0006829837057898625,-0.01495
80.20495319366455,3.1713413273153885,4.758518949599906,3.5235724356349993,-2.653014541050209,-0.9839704711061235,10.902441217019367,0.0006830525880202258,-0.01495
80.242027759552,3.171017944576191,4.758195560307406,3.5067183524064265,-2.638359562778063,-0.991258503712989,10.895153184412502,0.0006825959829870408,-0.01511
80.26822900772095,3.16438859866478,4.744936600666467,3.3612247746541613,-2.7135175786769343,-1.1936500984630294,10.692761589662462,0.0006699158776935815,-0.01511
80.29617643356323,3.1639035245918183,4.766280293091441,3.2495966569715717,-2.628628448642272,-1.2985608010653487,10.587850887060142,0.0006633430812439506,-0.01511
80.32506799697876,3.1639035245918183,4.767897239766206,3.1714569745937653,-2.5587894087631855,-1.3919788633826098,10.49443282474288,0.0006574903141467953,-0.01511
80.35193395614624,3.171664710055685,4.762237926576595,3.273281015004617,-2.5463603507311783,-1.2256907524932112,10.660720935632279,0.0006679084876768381,-0.01511
80.38095355033875,3.161963228324655,4.765956903761209,3.148905572690639,-2.5137017188207715,-1.4178917844090757,10.468519903716414,0.0006558668348344134,-0.01511
80.40686821937561,3.166328894981322,4.759650812136027,3.149886282375192,-2.531465604399157,-1.4209300922880517,10.465481595837439,0.0006556764807642904,-0.01511
80.43848180770874,3.1702094877330076,4.710172267757556,3.228833688590409,-2.862649625490768,-1.3894818131350555,10.496929874990435,0.0006576467576992124,-0.01511
80.46599173545837,3.1748985375191436,4.7753351949770995,3.378662142768547,-2.6746876445590044,-1.1524525057501496,10.73395918237534,0.0006724969622197523,-0.01511
80.49465918540955,3.1719880927970814,4.775011805602776,3.424846375423778,-2.5451975879313626,-1.0120582786458021,10.874353409479689,0.0006812928491461614,-0.01511
80.52114009857178,3.167622425880975,4.765795209096683,3.369131813745941,-2.5139294497273905,-1.0614707142069406,10.824940973918551,0.0006781970936801534,-0.015269
80.54716849327087,3.17522192027154,4.761591147957022,3.4833925732960718,-2.5191250386237836,-0.9194293288798746,10.966982359245616,0.0006870961772819228,-0.015269
80.57361960411072,3.171826401426246,4.769352491807135,3.4948968054418708,-2.4727620375642103,-0.862653824288876,11.023757863836614,0.0006906532389138163,-0.015269
80.59958481788635,3.176838834050036,4.75609352994445,3.604036782409492,-2.5257244518247375,-0.7995247486901041,11.086886939435386,0.0006946083603044047,-0.015269
80.62661290168762,3.1747368461433574,4.7556084460239605,3.6380434369908765,-2.565923135935683,-0.8039652178871883,11.082446470238303,0.0006943301589441114,-0.015269
80.65520215034485,3.1799109703050266,4.758195560307406,3.7661959843833803,-2.5773955791978875,-0.7120226451028149,11.174389043022675,0.0007000904846399351,-0.015269
80.6852376461029,3.1773239081889524,4.758195560307406,3.8037288222546857,-2.5854262894814326,-0.6926165164678935,11.193795171657596,0.0007013063046680995,-0.015269
80.71080493927002,3.1731199324006285,4.754638278193579,3.74521915067754,-2.6139644104842317,-0.7568892923276167,11.129522395797874,0.0006972795289197749,-0.015269
80.73906946182251,3.1805577358450625,4.7439664329913676,3.854262470512117,-2.7026909592597663,-0.7471210963755429,11.139290591749948,0.0006978915195182601,-0.015269
80.7655200958252,3.171179635945652,4.754314888919925,3.7414622481438644,-2.6981330087051285,-0.8222388458683928,11.064172842257097,0.000693185291603245,-0.015427
80.79799389839172,3.173928389268555,4.74267287611317,3.717936905833122,-2.769942294124436,-0.8875053050251271,10.998906383100362,0.0006890962602615001,-0.015427
80.8240156173706,3.173928389268555,4.765956903761209,3.7014691662155843,-2.6702090791960553,-0.8332257175491073,11.053185970576383,0.0006924969493332548,-0.015427
80.85055232048035,3.1727965496553834,4.763046399859906,3.6671156486757717,-2.619145795955107,-0.8228901465523227,11.063521541573166,0.0006931444867404733,-0.015427
80.87657809257507,3.1692393395302543,4.753668110377327,3.571329017342688,-2.6438180531136606,-0.9294027538035339,10.957008934321955,0.0006864713288126736,-0.015427
80.90261173248291,3.1703711791010942,4.767088766423906,3.527104474363366,-2.574630456352258,-0.9212918504124358,10.965119837713054,0.0006869794878058929,-0.015427
80.93064856529236,3.167137351791546,4.76563351443255,3.4309298694155466,-2.5355741224859436,-1.0033444227008295,10.88306726542466,0.0006818387839268559,-0.015427
80.95767307281494,3.166652277704588,4.758842338893976,3.353825032413789,-2.551984610778036,-1.1223784628804103,10.764033225245079,0.0006743811414054504,-0.015427
80.983895778656,3.166813969066633,4.771292827911301,3.3031125176864453,-2.4832637588379645,-1.1520085957730706,10.73440309235242,0.000672524773776142,-0.015427
81.01429200172424,3.1640652159491975,4.769837575827863,3.2121789481739524,-2.444534146939813,-1.2962716558315035,10.590140032293986,0.0006634864992679699,-0.015586
81.04437446594238,3.1627716850978405,4.776790447181064,3.122438481031669,-2.3726318243369944,-1.4733216996203577,10.413089988505131,0.0006523940761847539,-0.015586
81.07079219818115,3.1585677099521057,4.785036876940138,2.9748375089042614,-2.2691752782892953,-1.9551138449473975,9.931297843178092,0.00062220915106544,-0.015586
81.09885811805725,3.165197055458537,4.7819646774982125,3.0052125397399676,-2.216547333775282,-1.919194971438551,9.967216716686938,0.0006244595167423205,-0.015586
81.12588834762573,3.1613164629110413,4.782288066906444,2.9482141560069293,-2.1776244423724407,-2.2179714820220315,9.668440206103458,0.0006057407669934003,-0.015586
81.15472531318665,3.1640652159491975,4.791504665704829,2.963750094998306,-2.0910035021877293,-2.480500997015578,9.405910691109913,0.0005892929402105232,-0.015586
81.18166542053223,3.1606696975018136,4.779862646383171,2.90614696077777,-2.1053687368361174,-2.5958070758739615,9.29060461225153,0.0005820688594738407,-0.015586
81.21152234077454,3.1618015369708403,4.792313139344862,2.8886508637239574,-2.0352161819351755,-2.9495453849059876,8.936866303219503,0.0005599066792192901,-0.015586
81.23959684371948,3.173443315146974,4.7779223100284405,3.111186322502644,-2.0788175935077198,-1.248047140313601,10.63836454781189,0.000666507829947479,-0.015586
81.26642489433289,3.159861240746446,4.776143668419806,2.9930479652676345,-2.1207968970649547,-2.2058166209386134,9.680595067186877,0.0006065022853684863,-0.015586
81.29491710662842,3.169562722263407,4.776305363109529,3.106003381487525,-2.149140744526223,-1.4251234816007228,10.461288206524767,0.0006554137592906698,-0.015742
81.32373809814453,3.185246786142225,4.782934845727641,3.501376712212592,-2.126273169381517,-0.2981324902635644,11.588279197861926,0.0007260212588391775,-0.015742
81.35142016410828,3.1706945618380935,4.781479593388824,3.484659603380435,-2.1196408528853166,-0.29471321919736976,11.59169846892812,0.0007262354807647459,-0.015742
81.37829446792603,3.177808982330346,4.757710476371603,3.616435970188724,-2.2681229752898724,-0.4699138203904744,11.416497867735016,0.0007152589277445989,-0.015742
81.40750455856323,3.1802343530744936,4.771131133233789,3.757592500884794,-2.2856022789463695,-0.4036303329011937,11.482781355224297,0.000719411677277601,-0.015742
81.43406271934509,3.166005512259154,4.775658584353,3.5694453898020515,-2.268671171943176,-0.5095555209232938,11.376856167202197,0.0007127753219536136,-0.015742
81.46187853813171,3.174090080642965,4.767412155759645,3.6007859764171206,-2.3099443097568737,-0.5442245597038501,11.34218712842164,0.0007106032601014236,-0.015742
81.49043893814087,3.1719880927970814,4.774850110916205,3.5803330589777853,-2.2909189185783645,-0.5342450717701358,11.352166616355355,0.0007112284884263971,-0.015742
81.52160716056824,3.1692393395302543,4.761591147957022,3.510581204554077,-2.3630176668194673,-0.7112554838424118,11.175156204283079,0.000700138548323464,-0.015894
81.54843997955322,3.1826597238806333,4.7130827693559265,3.73240724012103,-2.7259861168119404,-0.8462986367269524,11.040113051398539,0.0006916779133852815,-0.015894
81.57800531387329,3.1776472909496065,4.774041637489259,3.786598444356219,-2.587356508521286,-0.6996809763290192,11.186730711796471,0.0007008637067677711,-0.015894
81.6079831123352,3.1713413273153885,4.76822062910588,3.697358301163702,-2.5278157208771215,-0.7146086253015621,11.171803062823928,0.000699928469506612,-0.015894
81.63802933692932,3.1645502900229827,4.760297590736738,3.4979336098806524,-2.5371787467424176,-0.922761262206748,10.963650425918742,0.0006868874271830476,-0.015894
81.66412544250488,3.168269191337391,4.77420333217386,3.433336362727424,-2.454149684476833,-0.9252312615709174,10.961180426554572,0.0006867326784048133,-0.015894
81.69035077095032,3.1645502900229827,4.773071469389924,3.3131182529752694,-2.403320995808246,-1.0709102067344618,10.815501481391028,0.0006776056967927795,-0.015894
81.71981716156006,3.1622866110331063,4.777760615334775,3.1833133813025016,-2.3375326282730815,-1.3155888122532802,10.57082287587221,0.0006622762534684798,-0.015894
81.7460868358612,3.1579209445615093,4.777437225948628,3.0044064555596077,-2.293564101099228,-1.8874825358465674,9.998929152278922,0.0006264463434329992,-0.015894
81.77397203445435,3.159699549396195,4.777598920641504,2.915041187471478,-2.261744467028416,-2.197192886468956,9.689218801656533,0.0006070425739176879,-0.015894
81.80104804039001,3.1653587468181112,4.779862646383171,2.9666159858611336,-2.2248874122245943,-2.1167979849164933,9.769613703208996,0.0006120794224982899,-0.016052
81.82947993278503,3.1655204381779605,4.732647811156441,3.0059792158634906,-2.5032535709695773,-1.753133674814425,10.133278013311065,0.0006348634800539535,-0.016052
81.85655927658081,3.1647119813814593,4.790049413177667,3.0172291212724525,-2.328318879524174,-1.816439432632028,10.069972255493461,0.0006308972892850095,-0.016052
81.88561129570007,3.1608313888537096,4.791504665704829,2.9468431501388768,-2.196489608193933,-2.2528469939710947,9.633564694154394,0.0006035557693198378,-0.016052
81.91262006759644,3.162609993742655,4.789726023731532,2.933442551371562,-2.115667436068431,-2.576990358112645,9.309421330012844,0.0005832477521189894,-0.016052
81.94062972068787,3.1653587468181112,4.787947381806044,2.9794969405911806,-2.0705502330782504,-2.6808929321169908,9.205518756008498,0.0005767381162802893,-0.016052
81.96761202812195,3.1692393395302543,4.779054172895132,3.0899959216834625,-2.0962597738574407,-1.638150127914895,10.248261560210594,0.0006420673537301411,-0.016052
81.99602484703064,3.1732816237736636,4.788594160682509,3.248866991673232,-2.05279820865793,-0.2535538325511178,11.632857855574372,0.0007288141716295185,-0.016052
82.02367234230042,3.168107499972875,4.783258235140607,3.255728858758503,-2.0567500640001772,-0.266256837152672,11.620154850972817,0.0007280183113266736,-0.016052
82.05055260658264,3.1721497841681914,4.78439009809842,3.3420539479734566,-2.0522247067022845,-0.15723894232528013,11.72917274580021,0.0007348484288865943,-0.016052
82.07728266716003,3.1781323650926523,4.776628752490158,3.5231337545223367,-2.0990568812071286,-0.19840276859793962,11.68800891952755,0.0007322694598732633,-0.01621
82.10804653167725,3.1729582410278683,4.771292827911301,3.5455417318749234,-2.166214348138314,-0.3285520948698836,11.557859593255605,0.0007241154297464727,-0.01621
82.13607788085938,3.1719880927970814,4.779539256986772,3.5416620877982594,-2.1600996591683406,-0.31883336148538477,11.567578326640104,0.0007247243214486539,-0.01621
82.16311931610107,3.170047796365195,4.773233164072162,3.4998158810963336,-2.1964443131117095,-0.4272915595487552,11.459120128576734,0.0007179292696428667,-0.01621
82.19064426422119,3.175060228895204,4.780186035781146,3.5716105489792187,-2.177093974305939,-0.3321780355912548,11.554233652534235,0.0007238882596893781,-0.01621
82.2178726196289,3.1748985375191436,4.76256131588874,3.6186059450407013,-2.2770902169870846,-0.4691223270301078,11.417289361095381,0.0007153085158668769,-0.01621
82.24601292610168,3.1616398456173,4.771616217267507,3.3841112817056325,-2.2887543532764223,-0.7700399401871861,11.116371747938302,0.0006964556231654745,-0.01621
82.27604818344116,3.1703711791010942,4.770322659852132,3.3960520594174386,-2.3052525682495864,-0.7786090691939203,11.107802618931569,0.0006959187557218794,-0.01621
82.30214524269104,3.1698861049976577,4.780347730480726,3.3946279899450835,-2.2522180878101716,-0.6803849369811097,11.206026751144378,0.0007020726295542157,-0.01636
82.33226680755615,3.1697244136303944,4.780509425180699,3.390370270035312,-2.2140522864077496,-0.6027019671883661,11.283709720937122,0.0007069395719670028,-0.01636
82.35990118980408,3.167784117244667,4.766927071756626,3.3482594111811284,-2.2748360845423155,-0.8127527231949782,11.073658964930509,0.0006937796099318994,-0.01636
82.3924617767334,3.1582443272562597,4.780024341081961,3.126390418230716,-2.2330098793971143,-1.471408353704469,10.415003334421018,0.0006525139498766738,-0.01636
82.41981530189514,3.167137351791546,4.773071469389924,3.1504300301227004,-2.248523132252443,-1.375907313257461,10.510504374868026,0.0006584972183518224,-0.01636
82.44985699653625,3.168269191337391,4.764016567812852,3.1900838568968517,-2.3177156441161446,-1.2937726698308663,10.59263901829462,0.0006636430640979177,-0.01636
82.47593712806702,3.1618015369708403,4.788917550123112,3.087406691007291,-2.2057339873874544,-1.666144673694829,10.220267014430657,0.0006403134578306075,-0.01636
82.50447082519531,3.1582443272562597,4.78471348751849,2.943793514109018,-2.154430122754098,-2.445964318315132,9.440447369810354,0.0005914567095258882,-0.01636
82.53129482269287,3.167622425880975,4.789402634286979,3.032394810825603,-2.088309126737573,-2.3854668025568206,9.500944885568664,0.0005952469601573707,-0.01636
82.55733799934387,3.1713413273153885,4.781156203984539,3.169415757692268,-2.095149353252166,-0.8595359709542105,11.026875717171274,0.0006908485766135952,-0.01636
82.58388018608093,3.1689159567982013,4.782126372202131,3.2164173511458305,-2.0936875211290245,-0.5822735108922381,11.304138177233247,0.0007082194421964835,-0.016511
82.61116123199463,3.1760303771573484,4.780994509282987,3.3927968068697734,-2.0999558944311865,-0.2698238949890359,11.61658779313645,0.0007277948303614247,-0.016511
82.63766884803772,3.1708562532070044,4.773394858754794,3.411914540952839,-2.1533020128125844,-0.4090423287894985,11.477369359335988,0.0007190726084650039,-0.016511
82.66391015052795,3.1703711791010942,4.782126372202131,3.415514340890465,-2.134394382821327,-0.3520072703020049,11.534404417823481,0.0007226459314971841,-0.016511
82.69217610359192,3.1755453030250376,4.767250461091579,3.5223820852380783,-2.2169922222608665,-0.44069258851987414,11.445719099605611,0.0007170896771755787,-0.016511
82.71938347816467,3.1765154512921354,4.708070238903822,3.616754735237213,-2.6560598897581595,-0.894782331661742,10.991629356463744,0.0006886403447671359,-0.016511
82.74727606773376,3.173443315146974,4.772748080026631,3.620859032561953,-2.546741469458693,-0.796907608295039,11.089504079830446,0.0006947723276658858,-0.016511
82.77548170089722,3.1715030186853994,4.773071469389924,3.5846015842422854,-2.4681352452955445,-0.752288475834009,11.134123212291476,0.0006975677762535973,-0.016511
82.80223298072815,3.1706945618380935,4.7746884162300285,3.5429170138012176,-2.4026942384613794,-0.718677075249242,11.167734612876243,0.000699673575652045,-0.016667
82.8311357498169,3.1698861049976577,4.756902003153118,3.497433458013717,-2.4714686688545586,-0.8576628752430192,11.028748812882466,0.0006909659285761209,-0.016667
82.85816073417664,3.1653587468181112,4.762237926576595,3.374290575240689,-2.4852358327951354,-1.0521750205231315,10.834236667602353,0.0006787794813767963,-0.016667
82.88413286209106,3.168754265432587,4.7725863853455746,3.3565688521838473,-2.428206294557539,-1.0247293077039303,10.861682380421554,0.0006804989921540661,-0.016667
82.91189670562744,3.171179635945652,4.774365026858856,3.3930767153140455,-2.376827302949062,-0.8949123472527778,10.991499340872707,0.0006886321991157011,-0.016667
82.94043302536011,3.1642269073068516,4.766927071756626,3.2784147575986253,-2.388778596121242,-1.1422805729985646,10.74413111512692,0.0006731342474710855,-0.016667
82.9672417640686,3.1637418332347127,4.777598920641504,3.188368773958411,-2.3283946135438143,-1.3277871277145732,10.558624560410912,0.0006615120126182453,-0.016667
82.99723196029663,3.167137351791546,4.778892478198707,3.193814879132078,-2.2777925052553103,-1.260623610469468,10.625788077656019,0.0006657198971976361,-0.016667
83.02530145645142,3.167622425880975,4.779377562289165,3.2074097663417604,-2.2392460342298173,-1.1522431633233323,10.734168524802154,0.0006725100778040119,-0.016667
83.05136179924011,3.1621249196787438,4.786007045214559,3.106056569640066,-2.1695552341648248,-1.633377253354596,10.25303443477089,0.0006423663807329758,-0.016667
83.0794677734375,3.1616398456173,4.775011805602776,3.0253267189251902,-2.1916049006554426,-2.079273887230722,9.807137800894765,0.0006144303576262295,-0.016826
83.10601544380188,3.167945808608634,4.7866538240720695,3.095989796616697,-2.132039779912271,-1.7533688906801308,10.133042797445356,0.00063484874346399,-0.016826
83.1343924999237,3.162448302387743,4.787300602935897,3.0345843328759816,-2.0861775346008438,-2.543575188920273,9.342836499205212,0.0005853412573570962,-0.016826
83.1619348526001,3.1674607345175576,4.776628752490158,3.0926875127609295,-2.1228238607361236,-1.8045331004150131,10.081878587710472,0.0006316432369927543,-0.016826
83.1900806427002,3.168107499972875,4.777760615334775,3.146403223519897,-2.141184633722583,-1.284833533801726,10.601578154323759,0.0006642031129785149,-0.016826
83.21561312675476,3.1737666978944197,4.783258235140607,3.2981347171786393,-2.1186205615454354,-0.4394167598781069,11.446994928247378,0.0007171696095538674,-0.016826
83.24168062210083,3.1697244136303944,4.770484354527675,3.322824979098795,-2.185117249100438,-0.6330882839436763,11.253323404181808,0.0007050358284028808,-0.016826
83.27235555648804,3.1736050065205594,4.775173500289741,3.4183690746716877,-2.2014566460993383,-0.5078213860326164,11.378590302092867,0.000712883967834061,-0.016826
83.30006337165833,3.1794258961528916,4.723107831383134,3.6026413159072397,-2.5483102267988187,-0.8137053756752205,11.072706312450263,0.000693719924974268,-0.016826
83.32959246635437,3.1705328704694566,4.759812506785615,3.552283954659871,-2.5546498952135352,-0.8740827173120332,11.01232897081345,0.000689937203412933,-0.016826
83.36117887496948,3.173928389268555,4.764339957133645,3.585512100394318,-2.529921048509167,-0.8133211840200524,11.07309050410543,0.0006937439950975674,-0.016985
83.38785552978516,3.177808982330346,4.760459285387898,3.687032718098439,-2.537610811304498,-0.7228657735362007,11.163545914589282,0.0006994111480774867,-0.016985
83.413898229599,3.1627716850978405,4.762399621232471,3.4548361199788005,-2.5304936676993455,-0.9740874418851327,10.912324246240349,0.000683671773077269,-0.016985
83.44154596328735,3.177970673711362,4.759327422838028,3.5988204033640656,-2.545303298147043,-0.8145338099640446,11.071877878161438,0.0006936680224531975,-0.016985
83.46956896781921,3.17425177201765,4.757387087083031,3.624609357339339,-2.568170016445246,-0.8103326579737059,11.076079030151776,0.0006939312302690018,-0.016985
83.49504327774048,3.175060228895204,4.771131133233789,3.6589659823493403,-2.495635207755146,-0.703738088851925,11.182673599273556,0.000700609523218096,-0.016985
83.52097082138062,3.1674607345175576,4.7701609651769825,3.5297546673922895,-2.4511108313196037,-0.789872646959547,11.096539041165935,0.0006952130774439564,-0.016985
83.54799938201904,3.16438859866478,4.766603682423247,3.3773501951442535,-2.4428603957414428,-1.0076241072749723,10.87878758085051,0.0006815706559391791,-0.016985
83.58420753479004,3.1635801418778815,4.778730783502678,3.254362709171594,-2.358960217863054,-1.1817108841511255,10.704700803974356,0.0006706638855087428,-0.016985
83.60973954200745,3.166975660428952,4.763854873153044,3.2367497625963293,-2.3960632688796433,-1.263885625672421,10.622526062453062,0.0006655155275631489,-0.016985
83.63918495178223,3.1689159567982013,4.772424690664912,3.2635511545786855,-2.366827164787132,-1.1658263951388057,10.720585292986677,0.0006716590700837632,-0.017144
83.66779208183289,3.1640652159491975,4.774850110916205,3.1844859939985444,-2.3307369170995416,-1.3673137841419978,10.519097903983484,0.000659035614495007,-0.017144
83.69335079193115,3.1694010308966933,4.7884324659628,3.236749130331112,-2.217973874149388,-0.9988835453253302,10.887528142800152,0.0006821182638869417,-0.017144
83.71982598304749,3.171017944576191,4.764986735779951,3.305942038693672,-2.2900811743743614,-0.9357643410045832,10.9506473471209,0.0006860727668287013,-0.017144
83.74674820899963,3.1737666978944197,4.786977213503193,3.409811887800264,-2.198889841124999,-0.4940945325548761,11.392317155570606,0.0007137439736443843,-0.017144
83.77727460861206,3.1674607345175576,4.778245699416952,3.3553468012078853,-2.1913058248246013,-0.5649134085249429,11.321498279600538,0.0007093070759304552,-0.017144
83.80436706542969,3.165035364099237,4.778084004722499,3.2683081732340087,-2.187038678473607,-0.7826406443253775,11.103771043800103,0.0006956661721240841,-0.017144
83.83276724815369,3.172473166911238,4.790372802625381,3.3573812108363867,-2.104885124279594,-0.24674144590459163,11.63967024222089,0.0007292409768043296,-0.017144
83.85951042175293,3.1771622168090388,4.771292827911301,3.51429760923753,-2.1702941182890494,-0.30867948716110766,11.577732200964373,0.0007253604753152573,-0.017292
83.88606977462769,3.174090080642965,4.783581624555152,3.56218253002195,-2.1369138704582538,-0.20377359411853735,11.682638094006943,0.000731932970439509,-0.017292
83.9126877784729,3.167137351791546,4.782288066906444,3.455484508376561,-2.1218810180505074,-0.22432689962923616,11.662084788496244,0.0007306452782390193,-0.017292
83.93930268287659,3.1731199324006285,4.765148430442512,3.5014481309628884,-2.221774510251344,-0.4385480081958628,11.447863679929618,0.0007172240380137957,-0.017292
83.9663233757019,3.166652277704588,4.7779223100284405,3.4031878154969375,-2.2094084233290494,-0.53516249573386,11.35124919239162,0.0007111710105826495,-0.017292
83.99284529685974,3.161963228324655,4.781156203984539,3.2398403330352754,-2.179918860866205,-0.8820097860790043,11.004401902046476,0.0006894405619058692,-0.017292
84.02316904067993,3.1640652159491975,4.733132894910056,3.1678884189181398,-2.4686505919651793,-1.4849190767239122,10.401492611401569,0.0006516674849299009,-0.017292
84.04970932006836,3.165035364099237,4.729413919555552,3.1370873056311956,-2.694721083232566,-1.5626013274770987,10.323810360648382,0.0006468005875659078,-0.017292
84.07643842697144,3.1616398456173,4.7866538240720695,3.047048234118972,-2.4842211077162424,-1.7638930719170332,10.122518616208447,0.0006341893893718585,-0.017292
84.10316348075867,3.1588910926490468,4.791504665704829,2.9285860778656616,-2.305621167928385,-2.2451441380701596,9.641267550055321,0.000604038363589648,-0.017292
84.12970328330994,3.158729401300439,4.764339957133645,2.8424016975854474,-2.355600939409564,-2.331446913288604,9.554964774836877,0.0005986313787875413,-0.01745
84.1602532863617,3.1618015369708403,4.762723010545402,2.844029179489293,-2.401003427743799,-2.259379423023994,9.627032265101487,0.000603146503864347,-0.01745
84.19228434562683,3.1590527839979288,4.791828055159656,2.7897336105333146,-2.245285461404473,-2.6282476624384956,9.258164025686986,0.0005800364131465708,-0.01745
84.21966981887817,3.1637418332347127,4.7556084460239605,2.8462919710126875,-2.3696158426414886,-2.3016329644806914,9.58477872364479,0.0006004992627308692,-0.01745
84.24723672866821,3.1632567591650425,4.787947381806044,2.876100210158627,-2.2483141176793793,-2.487201140479754,9.399210547645728,0.0005888731672218667,-0.01745
84.27755832672119,3.1622866110331063,4.786168739928344,2.877400751330843,-2.1748612273956995,-2.695365313213506,9.191046374911975,0.0005758314021631462,-0.01745
84.30400013923645,3.1600229320969713,4.79360669718947,2.8326589363889574,-2.075527602991052,-3.0723407027570997,8.814070985368382,0.0005522133875990574,-0.01745
84.33254408836365,3.165682129538084,4.793283307725947,2.9154701523681097,-2.0080773965070255,2.9231141808920253,8.52634056183792,0.0005341866900427491,-0.01745
84.35951542854309,3.1655204381779605,4.777598920641504,2.970177132418374,-2.061903773813886,-3.0975507572163568,8.788860930909124,0.0005506339438213055,-0.0176
84.38708114624023,3.1705328704694566,4.782449761611152,3.109559026217641,-2.0683322852741175,0.0,8.788860930909124,0.0005506339438213055,-0.0176
84.41411113739014,3.167784117244667,4.776628752490158,3.1516915405087467,-2.110332186207412,-1.1427999419393227,10.743611746186158,0.0006731017083092535,-0.0176
84.44118094444275,3.1708562532070044,4.779215867591951,3.243140854500102,-2.1230654759733536,-0.5273316781330949,11.359080009992386,0.0007116616218248516,-0.0176
84.46884679794312,3.167137351791546,4.771131133233789,3.2321553355112767,-2.184062029424808,-0.8848676003240418,11.001544087801438,0.0006892615160043782,-0.0176
84.49737238883972,3.166167203620101,4.769352491807135,3.204900245192381,-2.2382179311249066,-1.1675265497262783,10.718885138399202,0.0006715525531149584,-0.0176
84.52589917182922,3.167945808608634,4.766280293091441,3.2216912650037246,-2.2959186953558377,-1.1954377867228907,10.69097390140259,0.0006698038766226128,-0.0176
84.55196976661682,3.171017944576191,4.765795209096683,3.295401532964543,-2.3394342249245055,-1.0348886822094223,10.851523005916057,0.0006798624936937201,-0.0176
84.57844853401184,3.166167203620101,4.7572253924393335,3.2491725834096585,-2.42510332992176,-1.2519493837914943,10.634462304333985,0.0006662633491515168,-0.0176
84.61443781852722,3.1613164629110413,4.760620980039452,3.1189861865757007,-2.4631967435104056,-1.592741883275979,10.2936698048495,0.0006449122412558488,-0.0176
84.64148354530334,3.172473166911238,4.761914537266023,3.2528558201755744,-2.4815288146681316,-1.2835097804896982,10.60290190763578,0.0006642860479017747,-0.01776
84.6693103313446,3.168754265432587,4.749949133879212,3.271564523638291,-2.571444453078232,-1.2976803443628075,10.588731343762671,0.0006633982430391239,-0.01776
84.69800877571106,3.162609993742655,4.769837575827863,3.160747512821146,-2.506260632907993,-1.4983893819804863,10.388022306144993,0.0006508235522102671,-0.01776
84.72971868515015,3.165197055458537,4.763531483834609,3.135349542481838,-2.5012568890756492,-1.5551628058915075,10.331248882233972,0.000647266620935769,-0.01776
84.75735068321228,3.166652277704588,4.770322659852132,3.146918803560196,-2.454004343309045,-1.5237867812303987,10.36262490689508,0.0006492323710297114,-0.01776
84.78416967391968,3.1629333764533003,4.768705713118343,3.080017250843113,-2.4313442105074854,-1.7016987918204005,10.18471289630508,0.0006380859445684821,-0.01776
84.81171464920044,3.165197055458537,4.756578613868473,3.0788383590972086,-2.493606978733709,-1.6856203742111697,10.20079131391431,0.0006390932790306126,-0.01776
84.83732175827026,3.165843820898482,4.768058934435846,3.091056619404542,-2.46323271492779,-1.6639982987606197,10.22241338936486,0.000640447931103564,-0.01776
84.8643639087677,3.1635801418778815,4.764825041117786,3.053957206153796,-2.462804027770518,-1.7555743143401854,10.130837373785294,0.0006347105707090354,-0.01776
84.89348363876343,3.1690776481640905,4.78083281458183,3.1388572363203457,-2.3593791141826905,-1.5341370458544135,10.352274642271066,0.0006485839130470083,-0.01776
84.92374920845032,3.1690776481640905,4.766603682423247,3.1982872574369243,-2.3786481937456,-1.349552485184077,10.536859202941402,0.0006601483837343282,-0.017917
84.94988989830017,3.1622866110331063,4.760620980039452,3.102931684425669,-2.430678148187084,-1.6404013705398852,10.246010317585593,0.0006419263103554822,-0.017917
84.97681713104248,3.1721497841681914,4.773233164072162,3.2350959259404934,-2.385849255424839,-1.2463524568410145,10.640059231284464,0.0006666140041435857,-0.017917
85.00734066963196,3.166328894981322,4.765471819768811,3.2102195296500753,-2.4044689466981533,-1.331857347826332,10.554554340299147,0.0006612570078605206,-0.017917
85.03736329078674,3.166328894981322,4.758842338893976,3.1928060522467976,-2.460210987726581,-1.4079525254753462,10.478459162650132,0.0006564895427584957,-0.017917
85.06488084793091,3.1692393395302543,4.75609352994445,3.2393122998424064,-2.5169387169383968,-1.328146486606932,10.558265201518546,0.0006614894983008944,-0.017917
85.0921082496643,3.1719880927970814,4.748008798397336,3.3273014853754854,-2.608731359892729,-1.2173734628027633,10.669038225322716,0.0006684295770489594,-0.017917
85.11770009994507,3.1689159567982013,4.755123362107003,3.3269373605240857,-2.6271529656891004,-1.228775520897479,10.657636167227999,0.000667715222792392,-0.017917
85.14685559272766,3.168107499972875,4.762723010545402,3.3103781169541007,-2.5910898461394742,-1.2351658000274277,10.65124588809805,0.0006673148632205313,-0.018076
85.17291760444641,3.167784117244667,4.758195560307406,3.2922649040242447,-2.5950122763405545,-1.2688974836040061,10.617514204521472,0.0006652015279310648,-0.018076
85.19967007637024,3.1776472909496065,4.753344721108383,3.478498809088469,-2.629007918729183,-1.0095850601520435,10.876826627973434,0.000681447799607188,-0.018076
85.22755742073059,3.1719880927970814,4.770322659852132,3.4947320418477443,-2.5434300640665146,-0.9092473075619623,10.977164380563515,0.0006877340945954883,-0.018076
85.25529384613037,3.168107499972875,4.771454522589206,3.4278343938806555,-2.476233911187226,-0.9324089966306529,10.954002691494825,0.0006862829836611233,-0.018076
85.28432321548462,3.166813969066633,4.765956903761209,3.3549190707132905,-2.4646132111400165,-1.0484483627797814,10.837963325345697,0.0006790129614906155,-0.018076
85.3114562034607,3.1760303771573484,4.762237926576595,3.4897480105669776,-2.480437012394958,-0.8442095611031589,11.04220212702232,0.0006918087967794671,-0.018076
85.34657788276672,3.1690776481640905,4.76886740778995,3.443910799409561,-2.4488054139555167,-0.8716851099769091,11.014726578148569,0.0006900874167332996,-0.018076
85.37422323226929,3.1637418332347127,4.769190797134347,3.3042160032260597,-2.4245799652161146,-1.1119467552346127,10.774464932890865,0.0006750347019028739,-0.018076
85.40178775787354,3.167137351791546,4.7636931784936305,3.2749079396194474,-2.4430387568603296,-1.2008213757361814,10.685590312389296,0.0006694665875388959,-0.018076
85.4329879283905,3.165197055458537,4.766280293091441,3.2152618412406335,-2.4392932733706356,-1.3494608142431928,10.536950873882285,0.0006601541270419205,-0.018232
85.46260237693787,3.1715030186853994,4.739277289427128,3.300683550317338,-2.610629433411093,-1.2667477536689284,10.619663934456549,0.000665336211399333,-0.018232
85.49086809158325,3.1702094877330076,4.7556084460239605,3.3343917761498845,-2.6253566230461396,-1.2186418573759217,10.667769830749556,0.0006683501104250554,-0.018232
85.51721334457397,3.1647119813814593,4.773233164072162,3.2471179134729073,-2.522124187826178,-1.3214247869265525,10.564986901198925,0.0006619106218154528,-0.018232
85.54698157310486,3.167622425880975,4.769190797134347,3.244721890380344,-2.475903106925572,-1.2990003188127357,10.587411369312742,0.0006633155448666506,-0.018232
85.57515668869019,3.157597561867855,4.765148430442512,3.040870670180075,-2.4695899724638894,-1.8145206731305534,10.071891014994923,0.0006310175021453381,-0.018232
85.60265517234802,3.1639035245918183,4.762723010545402,3.0253487838397297,-2.4807957508818244,-1.8447501237573987,10.041661564368077,0.0006291235864548904,-0.018232
85.63416528701782,3.1634184505213248,4.699500429641811,3.004700850195226,-2.8959305464499656,-1.7315877134907303,10.154823974634745,0.0006362133634746088,-0.018232
85.66052603721619,3.1645502900229827,4.719550551137448,3.013073394202725,-3.0573585688136844,-1.6966157055412459,10.18979598258423,0.0006384044067522252,-0.018389
85.69253492355347,3.168269191337391,4.757387087083031,3.0939342117528748,-2.926608705911891,-1.6202222713242755,10.2661894168012,0.0006431905580288951,-0.018389
85.7186508178711,3.166328894981322,4.766603682423247,3.111406329718751,-2.7757089079560573,-1.6055864856725304,10.280825202452945,0.000644107509660932,-0.018389
85.7458987236023,3.1616398456173,4.768544018447128,3.0290715509802433,-2.657579070669944,-1.756948743187465,10.12946294493801,0.0006346244608954167,-0.018389
85.77236342430115,3.1588910926490468,4.76563351443255,2.916002399668545,-2.593638152508339,-1.9849369219614381,9.901474766164037,0.0006203406952277348,-0.018389
85.79977869987488,3.1653587468181112,4.76142945330311,2.9672888343990778,-2.57596279536855,-1.9063790234584341,9.980032664667041,0.0006252624530995537,-0.018389
85.82620429992676,3.1642269073068516,4.775496889664853,2.9803632409581597,-2.4729651984573313,-1.9595890274100156,9.926822660715459,0.000621928774872428,-0.018389
85.85254621505737,3.1579209445615093,4.7690291024619516,2.8623413573185386,-2.442533479284549,-2.2386496769095277,9.647762011215946,0.0006044452503056834,-0.018389
85.88108205795288,3.159537858046217,4.737175259660359,2.8123347477722156,-2.6264392151969616,-2.1174711483441078,9.768940539781365,0.000612037247905256,-0.018389
85.9079520702362,3.1579209445615093,4.774850110916205,2.7447214120883836,-2.5124653523864184,-2.3256436175242308,9.560768070601242,0.0005989949630630252,-0.018389
85.93493151664734,3.1550105003580415,4.779862646383171,2.6386964022988613,-2.4003920319752075,-2.595858117771412,9.29055357035406,0.000582065661630397,-0.018547
85.96197700500488,3.1550105003580415,4.764825041117786,2.5644788954462316,-2.4188155497037065,-2.6309457440635424,9.25546594406193,0.0005798673747082982,-0.018547
85.98875856399536,3.1546871176742424,4.77290977470808,2.5060048991141484,-2.3796287664450975,-2.72301767229788,9.163394015827592,0.0005740989447197648,-0.018547
86.01627850532532,3.1506448342190607,4.776143668419806,2.383551334352923,-2.3313647181211077,-2.843772855256104,9.042638832869368,0.0005665334702911835,-0.018547
86.04706716537476,3.1590527839979288,4.7779223100284405,2.467399118937853,-2.2861215688378875,-2.8710182547418457,9.015393433383627,0.0005648265094133455,-0.018547
86.07358598709106,3.1522617475806234,4.774526721544245,2.389135994747394,-2.276326329944436,-2.9111552273853185,8.975256460740155,0.0005623118741593051,-0.018547
86.10113644599915,3.1542020436505944,4.7819646774982125,2.3734822563634808,-2.22155306993388,-2.9861048304474465,8.900306857678027,0.0005576161808440541,-0.018547
86.13721585273743,3.1521000562432366,4.781156203984539,2.320133320268727,-2.188420113489583,-3.0369262427651105,8.849485445360363,0.0005544321510915035,-0.018547
86.1687536239624,3.160184623447771,4.7866538240720695,2.4458326055925976,-2.1298104288961635,-3.103799615591761,8.782612072533713,0.0005502424444496939,-0.018696
86.19629096984863,3.1567891051385097,4.7884324659628,2.4653438165903476,-2.0773253324070198,3.100352557428526,8.703578938374413,0.0005452909124256013,-0.018696
86.22465205192566,3.157435870521438,4.7921514446160645,2.4920451476684033,-2.0166274641153317,3.002573612982219,8.605799993928105,0.0005391649302048784,-0.018696
86.25185823440552,3.1569507964838315,4.779862646383171,2.5009534668800337,-2.0533055101854507,3.0593532578711757,8.662579638817062,0.000542722251232001,-0.018696
86.27775764465332,3.151129908224659,4.788917550123112,2.3897979436865167,-2.0206468936359743,3.027310360044015,8.630536740989902,0.0005407147206383627,-0.018696
86.31077861785889,3.1509682168891864,4.777598920641504,2.3087282068130395,-2.0707024218041368,3.100502096776927,8.703728477722814,0.000545300281266662,-0.018696
86.3400206565857,3.161963228324655,4.793768391921826,2.473718606956532,-2.0015747737735112,2.983057429800102,8.58628381074599,0.0005379422151114907,-0.018696
86.36566710472107,3.153555278289561,4.790049413177667,2.419646601971799,-1.9771437214869314,2.960895186693268,8.564121567639155,0.0005365537208092398,-0.018696
86.3929169178009,3.1532318956106855,4.789726023731532,2.375274457046578,-1.9621253153735259,2.9518096481549176,8.555036029100805,0.000535984499614771,-0.018696
86.42001438140869,3.1556572657289257,4.778245699416952,2.39312701690636,-2.025570656798572,3.033780942936134,8.63700732388202,0.0005411201113487993,-0.018696
86.44583177566528,3.1543637349915365,4.789240939565295,2.3795368426230485,-1.9991491658033982,3.0000321852535023,8.603258566199388,0.000539005706343652,-0.018855
86.4784677028656,3.1588910926490468,4.786492129357099,2.461328103818521,-1.998362430707284,2.981164508831429,8.584390889777314,0.0005378236210699513,-0.018855
86.50518655776978,3.1606696975018136,4.795061949794902,2.554451566951914,-1.9426034574864999,2.8588143852220793,8.462040766167965,0.0005301582214670166,-0.018855
86.53470277786255,3.156304031104188,4.793121612994777,2.531594477065097,-1.9160721599496546,2.8270500676525123,8.430276448598399,0.0005281681443007468,-0.018855
86.56462335586548,3.157435870521438,4.725533249840722,2.5384206100007245,-2.3329161232265716,-2.752580047573053,9.133831640552419,0.0005722468221962138,-0.018855
86.59291744232178,3.1613164629110413,4.7982958445883455,2.6214598051894593,-2.1559577352384367,-3.03005741191112,8.856354276214352,0.0005548624925717369,-0.018855
86.61952090263367,3.15598064841601,4.790049413177667,2.571978502207832,-2.0852117945123774,3.109196093686992,8.712422474632879,0.0005458449718521419,-0.018855
86.64655756950378,3.1572741791752956,4.797972455101879,2.563428556747446,-1.9846480358855412,2.925434404590987,8.528660785536875,0.0005343320551743568,-0.018855
86.67323136329651,3.1616398456173,4.7997510972970305,2.6454871099003383,-1.902795085611874,2.7268923249532726,8.33011870589916,0.0005218931271739237,-0.018855
86.70099186897278,3.161963228324655,4.779215867591951,2.709449839117659,-1.9777895055564676,2.832389122118926,8.435615503064813,0.0005285026432352765,-0.018855
86.73112964630127,3.172311475539577,4.724886471576779,2.9629195055871307,-2.3802849220779656,-2.017363626095544,9.869048062029929,0.0006183091186533808,-0.019014
86.76190638542175,3.166652277704588,4.716154965624417,3.026217777733907,-2.718281578217352,-1.6838349875304153,10.202576700595058,0.0006392051359045573,-0.019014
86.7888491153717,3.171017944576191,4.768382323776308,3.1585700918756556,-2.6184216047598676,-1.450025098666897,10.436386589458577,0.0006538536395299324,-0.019014
86.82113456726074,3.167784117244667,4.751404385527675,3.185999286469339,-2.6578944244847165,-1.4099468013628982,10.476464886762574,0.0006563645986951333,-0.019014
86.84851431846619,3.167622425880975,4.779700951684774,3.201938851477834,-2.503234047528691,-1.311396636492276,10.575015051633198,0.0006625388989114572,-0.019014
86.88377666473389,3.167784117244667,4.718903772931237,3.2163574181909085,-2.7866376761235157,-1.396535909549808,10.489875778575666,0.0006572048090827199,-0.019014
86.91476726531982,3.166167203620101,4.762723010545402,3.1938417030681023,-2.702729143443561,-1.4091823051561443,10.47722938296933,0.0006564124954094711,-0.019014
86.94167423248291,3.159861240746446,4.745906768355669,3.050906731663476,-2.752326297863418,-1.6422763347244926,10.244135353400981,0.0006418088413305867,-0.019014
86.97123765945435,3.165682129538084,4.762399621232471,3.0682436090602816,-2.6807945082905813,-1.6209569009243736,10.2654547872011,0.0006431445324975855,-0.019172
86.99817180633545,3.160346314798845,4.77290977470808,2.972770678699301,-2.5630140374559005,-1.8387539169661202,10.047657771159354,0.0006294992568653572,-0.019172
87.0255937576294,3.1655204381779605,4.780994509282987,3.010287500850205,-2.4284844558600036,-1.8370479118888001,10.049363776236675,0.0006296061403752098,-0.019172
87.05387997627258,3.160346314798845,4.773233164072162,2.932201402952253,-2.384313670795868,-2.1145298357030096,9.771881852422466,0.0006122215250934278,-0.019172
87.08029675483704,3.159537858046217,4.76256131588874,2.8612367797158034,-2.422144004530025,-2.220789556928443,9.665622131197033,0.0006055642108148572,-0.019172
87.11788535118103,3.1582443272562597,4.771616217267507,2.7854745762049826,-2.390292004556483,-2.4135378223473327,9.472873865778142,0.0005934882730583427,-0.019172
87.1460371017456,3.1516149822327173,4.773394858754794,2.598745332161029,-2.3565372899002934,-2.687604423661384,9.19880726446409,0.0005763176323191625,-0.019172
87.17262101173401,3.1590527839979288,4.767088766423906,2.618034917403536,-2.3735339221029013,-2.643777749082514,9.24263393904296,0.0005790634323560098,-0.019172
87.20113348960876,3.1579209445615093,4.764825041117786,2.608711530830314,-2.4000148727930846,-2.6102807438466193,9.276130944278854,0.0005811620647321777,-0.019172
87.23386430740356,3.1622866110331063,4.782126372202131,2.6902286758010354,-2.307093384807685,-2.6976031653831845,9.188808522742288,0.0005756911977185008,-0.019172
87.26096081733704,3.15598064841601,4.772262995984643,2.6201167116359683,-2.305589910904651,-2.7596286168395436,9.12678307128593,0.000571805219862986,-0.01933
87.28747725486755,3.1567891051385097,4.788917550123112,2.5873426908206802,-2.1972459741394013,-2.9828164093604714,8.903595278765001,0.0005578222048426473,-0.01933
87.31341767311096,3.1584060186040457,4.778730783502678,2.597009584864751,-2.187030122741634,-3.0000279128448066,8.886383775280667,0.0005567438810283128,-0.01933
87.3403000831604,3.165197055458537,4.7717779119462005,2.7407329929123314,-2.224670622346868,-2.8412402729164654,9.045171415209008,0.0005666921399769017,-0.01933
87.36583709716797,3.161478154264034,4.780186035781146,2.7663393442189155,-2.1968523907705486,-2.898657867272635,8.987753820852838,0.0005630948505586699,-0.01933
87.39558029174805,3.161478154264034,4.7784073941118,2.784263790133539,-2.1888379445146864,-2.9098045774641736,8.976607110661298,0.0005623964941912577,-0.01933
87.42187309265137,3.1600229320969713,4.718742078380659,2.767463063550839,-2.5676020681461145,-2.18730135286032,9.699110335265152,0.000607662291786041,-0.01933
87.44896697998047,3.1648736727402107,4.781317898686485,2.8535286857610584,-2.4296127471306073,-2.2119300559281236,9.674481632197349,0.000606119270453921,-0.01933
87.47519183158875,3.166005512259154,4.7819646774982125,2.936600719215442,-2.3288535619641926,-2.187387168547391,9.699024519578082,0.0006076569153179657,-0.01933
87.50212812423706,3.165843820898482,4.7541531942836865,2.9914902714873413,-2.437488495282474,-1.856800635235784,10.029611052889688,0.0006283686057227373,-0.01933
87.5284435749054,3.171664710055685,4.774850110916205,3.14730432283012,-2.3801998484462805,-1.3350440852546785,10.551367602870794,0.0006610573544797365,-0.01949
87.55485582351685,3.165682129538084,4.765471819768811,3.1357219228769178,-2.400514361813172,-1.39134491864379,10.495066769481681,0.0006575300316362898,-0.01949
87.58387088775635,3.171826401426246,4.763531483834609,3.251527350148475,-2.4272344993092783,-1.0726117114878495,10.813799976637622,0.0006774990952342654,-0.01949
87.61063146591187,3.1755453030250376,4.7525362479428885,3.407591191718688,-2.5167717981273694,-0.8865192423512746,10.999892445774197,0.0006891580384126413,-0.01949
87.63940167427063,3.1761920685353355,4.752697942575203,3.5298793667661585,-2.578406242641061,-0.7987040768115294,11.087707611313942,0.0006946597765000442,-0.01949
87.67085766792297,3.174575154767847,4.7450982952803535,3.582872374595115,-2.670508590040783,-0.8343126061436882,11.052099081981783,0.0006924288543027334,-0.01949
87.6978108882904,3.166167203620101,4.742996265330369,3.4504021725510645,-2.7485218720470344,-1.044476870167751,10.841934817957721,0.000679261780837856,-0.01949
87.7245786190033,3.1771622168090388,4.728605446679747,3.5794122824378136,-2.8958393007437038,-1.0033480361835503,10.88306365194192,0.000681838557537308,-0.01949
87.75128030776978,3.1781323650926523,4.72052071845846,3.689284588647372,-3.0510447119118753,-0.994964365126726,10.891447322998745,0.0006823638057912069,-0.01949
87.77884316444397,3.1689159567982013,4.737983732639752,3.58032553281443,-3.047188755914914,-1.0808973892468934,10.805514298878578,0.0006769799863921116,-0.01949
87.80638909339905,3.16438859866478,4.7462301575885375,3.4127498009397996,-2.991364697480043,-1.213714902605521,10.67269678551995,0.0006686587907600362,-0.019646
87.8324716091156,3.168107499972875,4.745906768355669,3.3704468252450943,-2.954371185688945,-1.2445074029997425,10.641904285125728,0.0006667295992452905,-0.019646
87.86061358451843,3.165035364099237,4.764178262473052,3.278878190060064,-2.810767616683089,-1.3025763209042829,10.583835367221187,0.000663091503531799,-0.019646
87.89012622833252,3.162448302387743,4.754961667468803,3.1626062082863533,-2.7696200101392305,-1.4619823473294407,10.42442934079603,0.0006531045018384762,-0.019646
87.9166579246521,3.159537858046217,4.768544018447128,3.02252014344968,-2.6533168421981714,-1.7074249311369192,10.17898675698855,0.000637727194248103,-0.019646
87.94511532783508,3.1635801418778815,4.773233164072162,3.0059816729853983,-2.541696341232589,-1.7839883552072355,10.102423332918233,0.0006329303928787655,-0.019646
87.9721908569336,3.159699549396195,4.727150195527901,2.916143839669528,-2.7604364076320094,-1.848282026228399,10.03812966189707,0.0006289023080205072,-0.019646
87.99932956695557,3.1611547715583233,4.7779223100284405,2.8826051949718248,-2.5864717514955204,-2.0109675543269163,9.875444133798553,0.000618709841141836,-0.019646
88.02492427825928,3.156304031104188,4.780994509282987,2.761302016679025,-2.444904855687747,-2.39903651126091,9.487375176864559,0.0005943967996782159,-0.019797
88.0541558265686,3.16438859866478,4.7890792448440065,2.8394333396449953,-2.2937247702579735,-2.599106723556503,9.287304964568966,0.0005818621321139525,-0.019797
88.08050870895386,3.1613164629110413,4.779862646383171,2.8321687159404365,-2.247273624485302,-2.7553983388907635,9.131013349234706,0.0005720702524592128,-0.019797
88.10868668556213,3.159699549396195,4.792959918264003,2.794474769738067,-2.1303829421420586,3.1019212945966403,8.705147675542523,0.0005453891959165435,-0.019797
88.13427448272705,3.1642269073068516,4.780024341081961,2.859393395695437,-2.1318926797169246,3.0973050480474624,8.700531428993346,0.0005450999818690113,-0.019797
88.16163063049316,3.1736050065205594,4.76822062910588,3.093966966289355,-2.2089910407140683,-1.5066464292384079,10.379765258887062,0.0006503062371074688,-0.019797
88.1884355545044,3.1705328704694566,4.782934845727641,3.1962119099273396,-2.168168376713024,-0.2388158354246904,11.647595852700778,0.0007297375269477486,-0.019797
88.21408700942993,3.169562722263407,4.770322659852132,3.2482181427493213,-2.2208423846552034,-0.46058937919546,11.425822308930009,0.0007158431165114358,-0.019797
88.24253702163696,3.1731199324006285,4.743804738380223,3.3563616750238086,-2.428547205702035,-0.8215125136233622,11.064899174502106,0.0006932307972941119,-0.019797
88.2703948020935,3.162448302387743,4.7525362479428885,3.216844647760945,-2.517690692602299,-1.2461384950239645,10.640273193101503,0.0006666274091388484,-0.019797
88.29901957511902,3.1708562532070044,4.760782674691398,3.288748029576665,-2.5269662326013553,-1.0943854807830333,10.792026207342435,0.0006761349393381699,-0.019956
88.32671523094177,3.167299043154414,4.757387087083031,3.2673412292553374,-2.555334070563255,-1.1661236055722044,10.720288082553264,0.0006716404494508529,-0.019956
88.35562252998352,3.173928389268555,4.745259989894633,3.386052192611144,-2.653316405043551,-1.045666916498886,10.840744771626582,0.0006791872228365637,-0.019956
88.38438034057617,3.168754265432587,4.756578613868473,3.36480198434319,-2.6489875149089395,-1.0740353048276798,10.812376383297789,0.0006774099051991434,-0.019956
88.41061496734619,3.1708562532070044,4.754314888919925,3.3923181651842125,-2.6605405976595593,-1.042582729938432,10.843828958187036,0.0006793804512677123,-0.019956
88.44162821769714,3.159861240746446,4.759489117486831,3.189840255144753,-2.635294484354011,-1.3753994870796422,10.511012201045826,0.0006585290343440489,-0.019956
88.46705794334412,3.160184623447771,4.765795209096683,3.0546274600058103,-2.5769972772232443,-1.6618337304944752,10.224577957630993,0.000640583544213206,-0.019956
88.49445533752441,3.1611547715583233,4.767250461091579,2.979543729207255,-2.5268142483422142,-1.864851056601791,10.021560631523677,0.0006278642360096383,-0.019956
88.52066540718079,3.1616398456173,4.759327422838028,2.936767730622211,-2.5427277045970516,-1.951065630304763,9.935346057820706,0.0006224627771509613,-0.019956
88.5476565361023,3.1522617475806234,4.77290977470808,2.7176940229264233,-2.466367274870412,-2.4440142571450427,9.442397430980426,0.0005915788834778043,-0.019956
88.57600355148315,3.1532318956106855,4.768382323776308,2.583907651714803,-2.4420815924170096,-2.6236605716853476,9.262751116440121,0.0005803238005443145,-0.019956
88.60362482070923,3.1621249196787438,4.719227162033563,2.6696050894012076,-2.741747629272995,-2.1923035252579472,9.694108162867522,0.0006073488989656705,-0.019956
88.63019227981567,3.1632567591650425,4.777760615334775,2.7524193930305763,-2.5744312716983906,-2.2481293161476015,9.638282371977867,0.0006038513381729622,-0.020115
88.66181182861328,3.1618015369708403,4.776952141872363,2.7810415663008774,-2.462518146629035,-2.358124630728563,9.528287057396906,0.0005969599839524654,-0.020115
88.68836045265198,3.166005512259154,4.792636528803642,2.8858597355933338,-2.2831374382215426,-2.581293189363999,9.30511849876147,0.0005829781739608906,-0.020115
88.715505361557,3.159699549396195,4.782126372202131,2.832058483495098,-2.2252791806075978,-2.877458461987003,9.008953226138466,0.0005644230217779958,-0.020115
88.74093174934387,3.1684308827021814,4.777113836564057,2.9704846454867764,-2.217070017824004,-2.66309202640548,9.223319661719989,0.0005778533669359275,-0.020115
88.77199816703796,3.160508006150192,4.778084004722499,2.9076002751559904,-2.2050736135731928,-2.8765985806045697,9.009813107520898,0.0005644768945017252,-0.020115
88.7982120513916,3.168107499972875,4.7911812762515815,3.0168421571964372,-2.1123012525612954,2.5862692328846784,8.18949561383056,0.0005130829015500589,-0.020115
88.82795977592468,3.162609993742655,4.788755855402613,2.9824418563118487,-2.0629855785261166,2.4161487336998557,8.019375114645738,0.0005024246237450762,-0.020115
88.85382342338562,3.168754265432587,4.791666360432044,3.082274748933668,-2.0097146322249664,1.6049695883585275,7.20819596930441,0.0004516031605934584,-0.02027
88.88257908821106,3.1706945618380935,4.727311890098767,3.1912882290851736,-2.3870075470635816,-1.1482494890685357,4.4549768918773465,0.0002791102868609686,-0.02027
88.9092948436737,3.167784117244667,4.782934845727641,3.2089019825160343,-2.2927799311576678,-0.844357229603619,4.758869151342263,0.00029814954514954247,-0.02027
88.93916463851929,3.167622425880975,4.780994509282987,3.2179707387105148,-2.2393205814512407,-0.5669582382867363,5.036268142659146,0.00031552896459895993,-0.02027
88.96525168418884,3.1635801418778815,4.762076231921112,3.1427970896679978,-2.3237738364210343,-1.253994787579393,4.349231593366489,0.0002724852018565149,-0.02027
88.99505591392517,3.1590527839979288,4.76822062910588,2.9988711476584107,-2.343307850406956,-2.0171500146722514,3.5860763662736304,0.00022467250169600425,-0.02027
89.02124738693237,3.166975660428952,4.7541531942836865,3.0579056695371283,-2.4476064971924103,-1.6737591945641888,3.929467186381693,0.00024618639786918857,-0.02027
89.05112075805664,3.1705328704694566,4.754799972830995,3.1709690022007746,-2.5164488911900915,-1.343025653448416,4.260200727497466,0.00026690729851037396,-0.02027
89.07654428482056,3.1627716850978405,4.767735545096959,3.0935915188504626,-2.481305383443553,-1.553512694828433,4.049713686117449,0.0002537200026105436,-0.020427
89.10695910453796,3.1653587468181112,4.75609352994445,3.091601217826399,-2.5317047939402904,-1.561193079606686,4.042033301339195,0.00025323881618675553,-0.020427
89.13288760185242,3.1606696975018136,4.693679427746529,2.9956427467574196,-2.9690667729527496,-1.6844880802341156,3.918738300711766,0.00024551421876933924,-0.020427
89.161208152771,3.1609930802058797,4.7572253924393335,2.934993558953072,-2.8658461135415347,-1.7845164588476599,3.818709922098222,0.00023924730647626586,-0.020427
89.1866557598114,3.166005512259154,4.77290977470808,2.993626130449861,-2.6925501611315656,-1.7463113855533314,3.8569149953925503,0.0002416409056408691,-0.020427
89.21513724327087,3.161478154264034,4.764178262473052,2.943364540495183,-2.627492899492906,-1.8720250257813935,3.7312013551644885,0.00023376477720339818,-0.020427
89.24357604980469,3.1690776481640905,4.745421684509304,3.0614423703593228,-2.702785920749004,-1.618401277910464,3.9848251030354183,0.000249654645712498,-0.020427
89.27264070510864,3.172311475539577,4.747847103776394,3.209314277456307,-2.7398660671458392,-1.3608067432721391,4.242419637673743,0.00026579328934672405,-0.020427
89.29970574378967,3.167299043154414,4.780186035781146,3.211737602771093,-2.5574892021298377,-1.2620639719397673,4.341162409006115,0.00027197965661661383,-0.020427
89.32741403579712,3.1702094877330076,4.76563351443255,3.272129612867525,-2.523575244530268,-1.091927735908602,4.5112986450372805,0.0002826389203561599,-0.020427
89.35401797294617,3.1760303771573484,4.763046399859906,3.431795390074959,-2.516502111689062,-0.7910433179819428,4.812183062963939,0.00030148973333178364,-0.020583
89.3834216594696,3.178617439238176,4.759489117486831,3.595735378712801,-2.534467544174665,-0.6239329428139744,4.979293438131908,0.000311959422823466,-0.020583
89.4090986251831,3.177808982330346,4.765795209096683,3.694189012921377,-2.506418419097702,-0.5076289814590103,5.095597399486872,0.00031924602223906283,-0.020583
89.43682885169983,3.1684308827021814,4.758518949599906,3.5739760160851897,-2.5336589479138363,-0.6441514781996472,4.959074902746234,0.00031069270442102195,-0.020583
89.46524810791016,3.1771622168090388,4.765471819768811,3.665913972911695,-2.507935731440465,-0.5300304119224318,5.07319596902345,0.0003178425425276099,-0.020583
89.49498867988586,3.1705328704694566,4.761106063996468,3.5965748145629775,-2.5180544302096073,-0.6017540160624804,5.001472364883401,0.0003133489623784667,-0.020583
89.52180290222168,3.1703711791010942,4.742996265330369,3.544776532417574,-2.6418039601652135,-0.8050414898608806,4.798184891085001,0.00030061272905915025,-0.020583
89.55133318901062,3.1747368461433574,4.738468816432084,3.59656126199654,-2.757595236389303,-0.8608307165186063,4.742395664427276,0.0002971174590646908,-0.020583
89.57742214202881,3.166167203620101,4.748493882262512,3.4599843937320593,-2.7740659297361288,-1.0246121490148157,4.578614231931066,0.00028685633230332303,-0.020583
89.60714721679688,3.1705328704694566,4.754314888919925,3.4524241091372265,-2.748095488038577,-1.0141764190414915,4.58904996190439,0.00028751014480497003,-0.020583
89.63308000564575,3.16438859866478,4.741055930050667,3.323218804365712,-2.8153326745683662,-1.2304159480784893,4.372810432867392,0.00027396244782583635,-0.020745
89.66155409812927,3.1655204381779605,4.758195560307406,3.255601188816705,-2.751982256240779,-1.3020873938641695,4.301138987081712,0.0002694721354676612,-0.020745
89.68771409988403,3.1629333764533003,4.777275531256146,3.1560949205226727,-2.584720505723165,-1.4283733824637808,4.174852998482101,0.0002615601486358496,-0.020745
89.71787214279175,3.1584060186040457,4.775496889664853,2.9951361456561485,-2.4790955957055694,-1.9030206651681536,3.700205715777728,0.00023182285875788361,-0.020745
89.74633693695068,3.151938364906124,4.780347730480726,2.752030172102537,-2.373908207029352,-2.6331790140160094,2.9700473669298724,0.00018607745734571687,-0.020745
89.77390623092651,3.165682129538084,4.765310125105464,2.8590300173676066,-2.397151877680192,-2.4059273019553338,3.197299078990548,0.0002003150823844794,-0.020745
89.80043864250183,3.155495574385794,4.776628752490158,2.728495038338612,-2.340505900891666,-2.7350617395964996,2.868164641349382,0.00017969436772413079,-0.020745
89.82842493057251,3.166328894981322,4.777437225948628,2.8555989083287465,-2.295645391932235,-2.7009872711346707,2.902239109811211,0.00018182917894713768,-0.020745
89.85454678535461,3.163095067809034,4.776305363109529,2.879354195227731,-2.2715346909333154,-2.750949434622169,2.852276946323713,0.0001786989822880673,-0.0209
89.88307976722717,3.163095067809034,4.76822062910588,2.8959828960569993,-2.3067404485655514,-2.5844390517239613,3.0187873292219205,0.0001891310814580506,-0.0209
89.91149377822876,3.1616398456173,4.783743319263016,2.878275147417011,-2.2313846365061547,-2.9213590586355185,2.6818673223103633,0.0001680225904241821,-0.0209
89.94132089614868,3.155495574385794,4.785845350501169,2.741966629373195,-2.165093920939532,3.090733549752693,2.410774623518989,0.000151038268673034,-0.0209
89.96771121025085,3.1571124878294268,4.799104318311435,2.6791593749155473,-2.0332738667253203,2.794911636305215,2.114952710071511,0.00013250462840373687,-0.0209
89.99513697624207,3.1585677099521057,4.7944151708552,2.664542134623,-1.9712081239791097,2.6828510818681948,2.0028921556344907,0.00012548388413192188,-0.0209
90.02199602127075,3.1640652159491975,4.7759819737304765,2.7651796800295645,-2.046511933421174,2.74777526971374,2.067816343480036,0.00012955147171623128,-0.0209
90.05230283737183,3.167299043154414,4.766441987757147,2.9008433845723642,-2.160682832089165,3.0301050539306122,2.3501461276969082,0.00014723981196460448,-0.0209
90.07883882522583,3.178779130620569,4.767412155759645,3.2273298464452105,-2.234352471859081,-0.3665892840090469,5.236637096936835,0.0003280823487497161,-0.0209
90.10950446128845,3.171826401426246,4.766441987757147,3.315652896646268,-2.292171208995702,-0.4559603172797516,5.14726606366613,0.00032248313345889653,-0.0209
90.13659405708313,3.171179635945652,4.764986735779951,3.364435546437767,-2.342019308766781,-0.5296426792311124,5.073583701714769,0.000317866834501581,-0.021057
90.16309142112732,3.175868685779636,4.7525362479428885,3.493148672084249,-2.4571211647476345,-0.6002848669897647,5.002941513956117,0.000313441006541451,-0.021057
90.18948149681091,3.174090080642965,4.759327422838028,3.5473782740146707,-2.493942546080849,-0.5998325788608609,5.003393802085021,0.0003134693430003072,-0.021057
90.21808075904846,3.1737666978944197,4.745259989894633,3.5788172525249626,-2.6103423379058666,-0.7214110558192999,4.881815325126581,0.000305852288096642,-0.021057
90.24420094490051,3.1803960444596404,4.720035634796199,3.7345202701599565,-2.8543218303904183,-0.8082946001998319,4.794931780746049,0.00030040891732635523,-0.021057
90.27260613441467,3.1789408220032365,4.721005802124231,3.8141645379463154,-3.018857490176938,-0.8592927833975442,4.743933597548336,0.0002972138126407048,-0.021057
90.29904627799988,3.1655204381779605,4.741864403077024,3.5992632023231184,-2.999657753641507,-1.0173307325644618,4.585895648381419,0.00028731252282541476,-0.021057
90.32582306861877,3.167137351791546,4.7528596372079095,3.4814409789873793,-2.9153847468394853,-1.085521718905836,4.517704662040044,0.00028304026592689403,-0.021057
90.3529372215271,3.1653587468181112,4.770807743879945,3.3630958399222672,-2.7407688489237603,-1.1236130394043695,4.47961334154151,0.0002806537935277569,-0.021057
90.38133454322815,3.1635801418778815,4.7759819737304765,3.2443846605162063,-2.5852044408824386,-1.2186401091995407,4.384586271746339,0.0002747002199506534,-0.021057
90.40871453285217,3.1590527839979288,4.785683655788173,3.069982447252154,-2.413809449181661,-1.7061529751458715,3.897073405800008,0.0002441568839996216,-0.021216
90.4402368068695,3.1584060186040457,4.7884324659628,2.934857414366786,-2.2761246466068696,-2.6755560181708073,2.927670362775072,0.00018342248110834954,-0.021216
90.46727514266968,3.145309020319764,4.788594160682509,2.576139367430363,-2.1787036195825418,3.113911124502598,2.4339521982688916,0.00015249037486666698,-0.021216
90.49547147750854,3.1522617475806234,4.783096540433927,2.465254168692133,-2.145925516785444,3.0671410580862566,2.3871821318525503,0.00014956016737720218,-0.021216
90.52187252044678,3.159376166696514,4.78439009809842,2.5311128448087223,-2.1146475236519713,3.003971116196575,2.3240121899628687,0.00014560248565859067,-0.021216
90.54945063591003,3.1584060186040457,4.7921514446160645,2.5576486926563713,-2.04275299798679,2.869698598604234,2.1897396723705276,0.0001371901320566958,-0.021216
90.57548594474792,3.1606696975018136,4.781317898686485,2.6218759791383945,-2.0622183980190805,2.8727572805848673,2.192798354351161,0.0001373817625916572,-0.021216
90.60353183746338,3.1629333764533003,4.766280293091441,2.7124872737478523,-2.1727190221817745,3.09019143430054,2.4102325080668336,0.0001510043044117067,-0.021216
90.63027143478394,3.1621249196787438,4.788755855402613,2.7596108248243243,-2.1052780172604613,2.886566321057611,2.2066073948239047,0.00013824691752762318,-0.021216
90.65780925750732,3.1621249196787438,4.777598920641504,2.7925973105778725,-2.129944208341266,2.9372960571316002,2.257337130897894,0.00014142520364035445,-0.021216
90.68419671058655,3.1726348582831725,4.769190797134347,3.0276444783504353,-2.2013771212861393,-2.99770947408924,2.60551690685664,0.00016323913433081896,-0.021367
90.71199178695679,3.1694010308966933,4.763531483834609,3.1269600693774593,-2.28783843094035,-1.2216893215214237,4.381537059424456,0.00027450918270253386,-0.021367
90.74048614501953,3.165197055458537,4.780509425180699,3.111698332071209,-2.238986526598863,-1.1749203666110095,4.42830601433487,0.00027743932055465914,-0.021367
90.76714706420898,3.1621249196787438,4.777598920641504,3.039058565650674,-2.2235401648781585,-2.6104695627898216,2.9927568181560584,0.0001875002349717361,-0.021367
90.7937068939209,3.1632567591650425,4.772748080026631,3.0110368264052148,-2.2439776620426946,-2.574773347581538,3.028453033364342,0.00018973665080697884,-0.021367
90.82079434394836,3.1572741791752956,4.792313139344862,2.870769383685587,-2.1322424295797853,2.8756248287549573,2.195665902521251,0.00013756141833662879,-0.021367
90.85111594200134,3.1517766735692843,4.792474834074055,2.661712568057544,-2.0529861015726794,2.8279753817599533,2.148016455526247,0.0001345761164725965,-0.021367
90.87640523910522,3.1572741791752956,4.79781076035924,2.6262424028422324,-1.9631317161974555,2.6835284127825623,2.003569486548856,0.0001255263198235981,-0.021367
90.90397667884827,3.1542020436505944,4.736528481283885,2.539456742029874,-2.2950246386875923,-2.9558573427634527,2.6473690381824273,0.00016586122658036165,-0.021523
90.93173146247864,3.1524234389182837,4.779215867591951,2.4428372015939264,-2.2523501927094762,-3.0481625313862657,2.5550638495596143,0.00016007818251514037,-0.021523
90.96023631095886,3.153716969629409,4.78471348751849,2.4012904889442046,-2.1870614664795074,3.134449878691173,2.4544909524574674,0.00015377715540727815,-0.021523
90.98925471305847,3.1546871176742424,4.787947381806044,2.391773014562711,-2.1205260543660116,3.039058374406314,2.3590994481726084,0.00014780074951983337,-0.021523
91.02126669883728,3.151129908224659,4.7911812762515815,2.313371627064376,-2.053117961116276,2.9636508026192723,2.2836918763855665,0.00014307636384875506,-0.021523
91.04833507537842,3.152585130256217,4.793768391921826,2.2878384918056947,-1.9892656512920015,2.892505400194361,2.2125464739606553,0.00013861900881379145,-0.021523
91.07863998413086,3.154040352309926,4.790372802625381,2.2993131335615145,-1.9664440052524703,2.8618443144905426,2.1818853882568368,0.00013669805060593523,-0.021523
91.10532665252686,3.159376166696514,4.780994509282987,2.414954120217283,-2.0108854333175987,2.87750131424307,2.197542388009364,0.00013767898267323233,-0.021523
91.13275575637817,3.1577592532145453,4.782449761611152,2.463294101930172,-2.0326194469267205,2.8906681506830694,2.2107092244493636,0.00013850390266384333,-0.021523
91.15870594978333,3.1571124878294268,4.79603211821632,2.4840886057054132,-1.9603333768436821,2.7721950224403384,2.0922360962066326,0.00013108140202878162,-0.021523
91.18789672851562,3.158729401300439,4.774041637489259,2.5312534670732707,-2.0513995905435167,2.893280016484583,2.213321090250877,0.00013866753956495316,-0.021682
91.2148449420929,3.159376166696514,4.769514186480317,2.5773123536755307,-2.144312558985773,3.0515125630196813,2.3715536367859755,0.00014858102116677174,-0.021682
91.24532127380371,3.153878660969531,4.786492129357099,2.4986839661331364,-2.099976805934945,2.9877760197840826,2.307817093550377,0.00014458784111269564,-0.021682
91.27254128456116,3.1480577728974075,4.799589402550038,2.326252751984032,-1.9845668900441829,2.8743310434864155,2.1943721172527098,0.00013748036095155065,-0.021682
91.30225920677185,3.1516149822327173,4.807674140384814,2.277290055206367,-1.8516966759083935,2.7403536187349387,2.060394692501233,0.00012908649531254835,-0.021682
91.33434295654297,3.153716969629409,4.788594160682509,2.2854074864729337,-1.8816040400936203,2.7692885528257145,2.0893296265920087,0.00013089930780302492,-0.021682
91.36460256576538,3.1571124878294268,4.79603211821632,2.3595679748853615,-1.8546225920604948,2.702675306592414,2.022716380358708,0.00012672589844172922,-0.021682
91.39530086517334,3.1566274137934625,4.798780928821012,2.40169770426416,-1.8180272672825084,2.6355169085032735,1.9555579822695677,0.00012251833458433645,-0.021682
91.4212052822113,3.1542020436505944,4.797649065616996,2.382275453025199,-1.7997021975614715,2.6270901714856407,1.947131245251935,0.0001219903881901404,-0.021838
91.44880056381226,3.154848809016005,4.8041168556155025,2.3817233601842975,-1.7452080320819046,2.568961707395164,1.8890027811614583,0.00011834856182810879,-0.021838
91.47760248184204,3.161478154264034,4.789726023731532,2.5150326013092887,-1.7997703327900165,2.5295383720780977,1.849579445844392,0.00011587863691123102,-0.021838
91.50636672973633,3.1622866110331063,4.783096540433927,2.6246534251363207,-1.88067221603068,2.535619617929881,1.8556606916961753,0.00011625963513307547,-0.021838
91.53400802612305,3.1546871176742424,4.743319654549135,2.5481270698972165,-2.193553081217499,-3.1207643264277074,2.482462054518173,0.00015552958252630888,-0.021838
91.56088614463806,3.1532318956106855,4.778730783502678,2.4652107845943703,-2.1844450976963103,-3.138986147621905,2.4642402333239755,0.00015438796095024307,-0.021838
91.5892984867096,3.1491896122170244,4.777113836564057,2.325647618794285,-2.188486159786099,-3.1339688803633656,2.469257500582515,0.0001547022994839271,-0.021838
91.61620092391968,3.155495574385794,4.778730783502678,2.355127359337308,-2.1808982526943153,3.138727164833594,2.4587682385998875,0.00015404513312998512,-0.021838
91.64494371414185,3.1533935869499867,4.780024341081961,2.333371857917651,-2.167253397103508,3.1199263256757552,2.4399673994420485,0.00015286723530067448,-0.021838
91.67142796516418,3.153555278289561,4.785521961075572,2.321403877644579,-2.1222853837125797,3.0591027512391205,2.3791438250054138,0.00014905655665498464,-0.021838
91.6976580619812,3.1457940942983207,4.788594160682509,2.156504503076939,-2.071016135556539,3.0175634592537897,2.337604533020083,0.0001464540642103737,-0.021838
91.72571563720703,3.1506448342190607,4.773718248121239,2.138901057126868,-2.1309608516265057,3.0851129119939187,2.405153985760212,0.00015068612816697343,-0.021997
91.75322031974792,3.1456324029718616,4.789564329009059,2.0254916582583107,-2.0708389717110136,3.033013437816832,2.3530545115831254,0.00014742202612204802,-0.021997
91.78151321411133,3.1415901198990754,4.7982958445883455,1.8645833194334147,-1.9725037291775382,2.9660852163873095,2.286126290153603,0.0001432288831415877,-0.021997
91.80895447731018,3.1393264414527615,4.7947385603242605,1.7062952983718804,-1.92658569706075,2.953186853319728,2.273227927086021,0.00014242078336841187,-0.021997
91.83885717391968,3.1480577728974075,4.7997510972970305,1.771580684551129,-1.8621514484345127,2.895502761446366,2.2155438352126593,0.00013880679752272912,-0.021997
91.86611819267273,3.152585130256217,4.803631771343637,1.9085848320464427,-1.7920475040852262,2.810633667744766,2.130674741511059,0.000133489634793586,-0.021997
91.89356207847595,3.1600229320969713,4.739115594827337,2.154487792889859,-2.1585990593607494,3.117515176474917,2.4375562502412103,0.00015271617356422918,-0.021997
91.92382383346558,3.159699549396195,4.76886740778995,2.3200981236026657,-2.2235188468315727,-3.0805794455940876,2.522646935351792,0.0001580472192928194,-0.021997
91.95325803756714,3.157435870521438,4.780994509282987,2.390373162577023,-2.190837822422976,-3.1246068601083214,2.478619520837558,0.00015528884262935795,-0.022156
91.98210597038269,3.160346314798845,4.779054172895132,2.4982613661610196,-2.180461086398741,-3.140589659938125,2.4626367210077547,0.00015428749874955657,-0.022156
92.01454329490662,3.1634184505213248,4.781802982794689,2.635739657820165,-2.155489064569603,3.0799569720346422,2.3999980458009347,0.00015036310160230243,-0.022156
92.04216027259827,3.1616398456173,4.769675881153892,2.696104880651224,-2.2161335258792634,-3.033725260636557,2.5695011203093223,0.00016098269692189018,-0.022156
92.0725908279419,3.160346314798845,4.767735545096959,2.712273568812972,-2.2710846277259673,-2.8624661769131317,2.7407602040327474,0.0001717123085777317,-0.022156
92.09977006912231,3.1653587468181112,4.7758202790415405,2.8246786528001677,-2.2574671510677065,-2.7807517852450454,2.8224745957008337,0.0001768318249866121,-0.022156
92.12772798538208,3.166652277704588,4.769675881153892,2.9294491807830267,-2.2875181864279495,-2.320090932823084,3.283135448122795,0.00020569284621874015,-0.022156
92.15366053581238,3.168592574067247,4.711304129475268,3.0419190048231526,-2.6845947848623886,-1.54518371767585,4.0580426632700295,0.0002542418242178686,-0.022156
92.18221259117126,3.1694010308966933,4.762076231921112,3.1369522379083405,-2.635465778808834,-1.3373940165735771,4.265832364372303,0.0002672601281258313,-0.022156
92.2099940776825,3.173443315146974,4.765148430442512,3.284997284431748,-2.581283842782155,-1.0006371185388963,4.602589262406983,0.00028835840016945146,-0.022156
92.24028611183167,3.1698861049976577,4.758842338893976,3.316889647455127,-2.5839814149853764,-0.9491114223620912,4.654114958583788,0.0002915865542518756,-0.022312
92.27009344100952,3.1748985375191436,4.755123362107003,3.4403013139738494,-2.6098280042539552,-0.8043514745347462,4.798874906411133,0.00030065595944626326,-0.022312
92.29651999473572,3.167945808608634,4.753344721108383,3.3864720131507493,-2.639378928268575,-0.90727506332923,4.695951317616649,0.0002942076583460788,-0.022312
92.32349634170532,3.1736050065205594,4.74089423544657,3.4629219985080555,-2.740272747206544,-0.9099952864485723,4.693231094497307,0.0002940372327134454,-0.022312
92.34967756271362,3.159699549396195,4.753991499647841,3.236002067535394,-2.7265235896338313,-1.2105434409415692,4.39268294000431,0.00027520748709365943,-0.022312
92.38000869750977,3.167137351791546,4.762723010545402,3.2271581846359756,-2.660649282900782,-1.1812897291992317,4.421936651746647,0.0002770402714322357,-0.022312
92.41015768051147,3.165035364099237,4.767088766423906,3.1785761416336626,-2.5864123172032167,-1.220891848577037,4.3823345323688425,0.0002745591454537834,-0.022312
92.440749168396,3.167784117244667,4.767735545096959,3.2000035212999856,-2.5302797816527325,-1.116810114176743,4.486416266769137,0.00028108000593196457,-0.022312
92.46831750869751,3.1674607345175576,4.768705713118343,3.2084809446576905,-2.4847370173480607,-1.036070165753983,4.567156215191897,0.0002861384721625088,-0.02247
92.49485278129578,3.1645502900229827,4.701440763718733,3.1557194603264684,-2.8861894668019583,-1.3981563168214932,4.205070064124387,0.0002634532883903773,-0.02247
92.5228762626648,3.166328894981322,4.7528596372079095,3.1546560037202607,-2.8359569460518013,-1.3865754155312966,4.216650965414583,0.0002641788474133901,-0.02247
92.55349445343018,3.165035364099237,4.754961667468803,3.1278246149926594,-2.7872525406973216,-1.415632716006506,4.187593664939374,0.0002623583685045482,-0.02247
92.57982635498047,3.1642269073068516,4.774041637489259,3.092738287373667,-2.6302430052410495,-1.4393153455269252,4.1639110354189555,0.000260874619951078,-0.02247
92.60834455490112,3.1653587468181112,4.780186035781146,3.0910039557926416,-2.4807530587964886,-1.3777173284557196,4.225509052490161,0.0002647338184681697,-0.02247
92.63765048980713,3.1634184505213248,4.768382323776308,3.0506594705622914,-2.452151641165284,-1.5111731500979926,4.092053230847888,0.0002563726319646536,-0.02247
92.6656904220581,3.1715030186853994,4.751080996269715,3.1854618908425225,-2.543588779243484,-1.1624527891401681,4.440773591805713,0.00027822043103150425,-0.02247
92.69226789474487,3.1726348582831725,4.753506415742659,3.302649684535711,-2.5919698060896397,-0.9759028199015413,4.62732356104434,0.00028990803720585555,-0.02247
92.72278666496277,3.1736050065205594,4.743481349159106,3.404246368477547,-2.690419729743746,-0.9287426296763246,4.674483751269557,0.0002928626864760185,-0.02247
92.74983263015747,3.166813969066633,4.761591147957022,3.338407452931093,-2.6426682346352384,-0.9737681971317169,4.629458183814165,0.00029004177418992663,-0.02263
92.77996349334717,3.171179635945652,4.759004033541601,3.380363735837097,-2.6259088245249345,-0.8929622937369318,4.71026408720895,0.0002951043725880686,-0.02263
92.80780601501465,3.169562722263407,4.764501651794633,3.3771244208861426,-2.578760634183453,-0.8396454618276262,4.763580919118255,0.00029844474373025276,-0.02263
92.83572578430176,3.1674607345175576,4.7520511640483,3.3324655743680482,-2.6259650865010014,-0.9655247948985485,4.637701586047333,0.0002905582344135935,-0.02263
92.86117172241211,3.1639035245918183,4.7636931784936305,3.2294652167713105,-2.5840083417597555,-1.1087799295880352,4.494446451357847,0.00028158310778378067,-0.02263
92.89546370506287,3.1606696975018136,4.767573850428105,3.092147546018864,-2.5296386637366703,-1.4120671899520822,4.1911591909938,0.0002625817535016007,-0.02263
92.92443227767944,3.1572741791752956,4.736528481283885,2.927546887415147,-2.6915795019650464,-1.797521754401137,3.8057046265447454,0.00023843250723920115,-0.02263
92.95774435997009,3.1498363775485303,4.7636931784936305,2.6623263731114073,-2.629938432584578,-2.297100150892616,3.306126230053266,0.00020713324959130799,-0.02263
92.98529648780823,3.1567891051385097,4.773879942805052,2.6168894538534966,-2.521164794555398,-2.500055171353749,3.103171209592133,0.00019441784492017186,-0.02263
93.01305651664734,3.160508006150192,4.776143668419806,2.6600836410127098,-2.4304399377983334,-2.606836787691154,2.996389593254728,0.0001877278332117494,-0.02263
93.03858375549316,3.155495574385794,4.779215867591951,2.5892325748901786,-2.347140902086999,-2.8383947487934753,2.764831632152407,0.00017322041588573617,-0.022788
93.06837034225464,3.1592144753470843,4.786977213503193,2.6146368582278945,-2.238831650523832,-3.0667637444511815,2.5364626364947007,0.00015891279152871886,-0.022788
93.10023999214172,3.1606696975018136,4.775011805602776,2.6617676950384728,-2.2400983921067437,-3.0540116962154387,2.5492146847304435,0.00015971172448112824,-0.022788
93.12802267074585,3.1645502900229827,4.779215867591951,2.773020185593016,-2.2139018201028824,-3.1165101845615744,2.486716196384308,0.0001557961102290157,-0.022788
93.15407729148865,3.1637418332347127,4.764825041117786,2.8345925735544695,-2.2882724013930824,-2.7568083329234,2.8464180480224823,0.00017833191443895516,-0.022788
93.18553471565247,3.159699549396195,4.767897239766206,2.796171470067887,-2.3205401756887585,-2.697968570884439,2.905257810061443,0.00018201830457298005,-0.022788
93.21151089668274,3.1653587468181112,4.777275531256146,2.8834071836786017,-2.2827110493367777,-2.6784499421330348,2.9247764388128474,0.00018324117288456883,-0.022788
93.23736357688904,3.1635801418778815,4.766927071756626,2.9086026011456587,-2.3228972185926464,-2.3963827958678316,3.2068435850780506,0.00020091305851245575,-0.022788
93.26571559906006,3.167622425880975,4.762884705202458,3.0077611717512696,-2.3770691583536063,-1.719114665738465,3.884111715207417,0.00024334481667193306,-0.022947
93.29727172851562,3.153878660969531,4.771454522589206,2.799998138786109,-2.3597812771881976,-2.565490607316657,3.037735773629225,0.0001903182269545255,-0.022947
93.32647371292114,3.1618015369708403,4.775011805602776,2.814346688329774,-2.3247631307718,-2.6528206281037394,2.950405752842143,0.00018484688383759514,-0.022947
93.35754060745239,3.1543637349915365,4.775011805602776,2.6743906126194354,-2.300250428280312,-2.8917501561571446,2.7114762247887376,0.0001698776279395159,-0.022947
93.39689707756042,3.1569507964838315,4.789726023731532,2.628595292345762,-2.1883000101288883,3.0898275685145884,2.4098686422808853,0.0001509815077314186,-0.022947
93.42772579193115,3.1472493162487325,4.790211107901325,2.4008863277214187,-2.106809721688275,2.9805043148089063,2.300545388575203,0.0001441322590275698,-0.022947
93.45569682121277,3.1522617475806234,4.782934845727641,2.342577040895899,-2.096641453394961,2.979520938569455,2.299562012335752,0.0001440706491851515,-0.022947
93.48341655731201,3.157435870521438,4.78762399237018,2.4061084046822683,-2.0593153756278664,2.9058189583747724,2.2258600321410693,0.0001394531211185378,-0.022947
93.51065587997437,3.1609930802058797,4.787462297652841,2.5223195195004715,-2.0342287863975983,2.809074357152411,2.129115430918708,0.00013339194189027824,-0.022947
93.53840517997742,3.1571124878294268,4.779862646383171,2.525406398004629,-2.065626435783028,2.8642244502108514,2.1842655239771482,0.0001368471693061636,-0.022947
93.56692457199097,3.1590527839979288,4.703381097851605,2.566697663494041,-2.5803120931716252,-2.4586656499137454,3.1445607310321377,0.00019701095403892415,-0.023103
93.59416151046753,3.1571124878294268,4.759650812136027,2.5564710988001393,-2.578092866444737,-2.4723884239305156,3.1308379570153675,0.00019615120381231076,-0.023103
93.62149214744568,3.160184623447771,4.782449761611152,2.6112690505645655,-2.4296646501157153,-2.649867828173771,2.9533585527721122,0.00018503188071984598,-0.023103
93.64737129211426,3.1567891051385097,4.788594160682509,2.5811493280707016,-2.2861816220387263,-2.9697814272098033,2.63344495373608,0.00016498886398490524,-0.023103
93.67699551582336,3.1609930802058797,4.786007045214559,2.644848165872393,-2.202410145631065,3.121842767259509,2.441883841025805,0.000152987302940345,-0.023103
93.70450329780579,3.1571124878294268,4.765956903761209,2.611176450464974,-2.2729365752507036,-2.9885580377486707,2.6146683431972115,0.0001638124841111206,-0.023103
93.7378568649292,3.1639035245918183,4.776143668419806,2.724562830039159,-2.256680184285032,-2.984479533409134,2.618746847536748,0.0001640680078868437,-0.023103
93.76536178588867,3.168269191337391,4.766441987757147,2.891976816838372,-2.3078006076938524,-2.485419051362235,3.117807329583647,0.00019533481749904456,-0.023103
93.793137550354,3.1609930802058797,4.763854873153044,2.8624274080097445,-2.3602515417611962,-2.376568643846781,3.226657737099101,0.00020215444175387856,-0.023262
93.8193609714508,3.1674607345175576,4.758518949599906,2.9721776653545517,-2.4313421337782786,-1.7770043018395199,3.8262220791063624,0.00023971795320426787,-0.023262
93.84892225265503,3.175868685779636,4.755931835303894,3.2185681553260044,-2.497772183886638,-0.9611387791421134,4.642087601803769,0.00029083302419268025,-0.023262
93.87743186950684,3.170047796365195,4.743157959939556,3.273650128365758,-2.626564723229148,-1.0198618984828176,4.583364482463065,0.0002871539418803929,-0.023262
93.90658187866211,3.174413463392611,4.7528596372079095,3.400251036274882,-2.6542196255508266,-0.8591059501656939,4.744120430780188,0.00029722551799366237,-0.023262
93.93342733383179,3.168107499972875,4.754961667468803,3.36169768997967,-2.660036416346649,-0.9177965898485572,4.685429791097325,0.00029354847057557024,-0.023262
93.96498847007751,3.1627716850978405,4.767573850428105,3.2271016002956925,-2.58285831594749,-1.060298864599242,4.54292751634664,0.0002846205116322763,-0.023262
93.99470043182373,3.167784117244667,4.764663346456012,3.2339713423633705,-2.547583613333047,-1.0014544250932937,4.601771955852588,0.00028830719481589135,-0.023262
94.02316355705261,3.1689159567982013,4.755931835303894,3.261606260415632,-2.5791412195749777,-0.9870785164300526,4.6161478645158285,0.00028920786480549337,-0.023262
94.05454277992249,3.171826401426246,4.744613211439867,3.3396463864255512,-2.6741480675077045,-0.9641848804235079,4.639041500522373,0.0002906421818554263,-0.023262
94.08142876625061,3.165843820898482,4.75754878172712,3.2736222385344025,-2.657319690262889,-1.0524248846428117,4.550801496303069,0.00028511382705404274,-0.02342
94.10840845108032,3.1635801418778815,4.761752842611326,3.1817531395447043,-2.618456542198006,-1.1934776348049247,4.409748746140956,0.00027627668277343897,-0.02342
94.13567399978638,3.1689159567982013,4.6915773994079375,3.2250535184425537,-3.043334625178722,-1.3309155287315313,4.272310852214349,0.000267666014092,-0.02342
94.1675181388855,3.1655204381779605,4.753991499647841,3.186885488670494,-2.9386669042143576,-1.3474932610591395,4.255733119886741,0.0002666273968920097,-0.02342
94.19411158561707,3.159699549396195,4.750919301641324,3.042776510649086,-2.8851911280115017,-1.5426914819917008,4.060534898954179,0.0002543979661314207,-0.02342
94.22365808486938,3.165035364099237,4.763369789175982,3.049508969842858,-2.7675499004765873,-1.5242708791674717,4.078955501778408,0.0002555520416436409,-0.02342
94.25101566314697,3.1517766735692843,4.770484354527675,2.7868302783676637,-2.639367786352246,-2.0904151381177014,3.512811242828178,0.00022008234329158052,-0.02342
94.28365707397461,3.152585130256217,4.78439009809842,2.619259547717993,-2.4600571123487347,-2.6155756575668025,2.987650723379077,0.0001871803312746954,-0.02342
94.30979585647583,3.1521000562432366,4.785198571651555,2.4921774242168735,-2.329331314728978,-2.9487507661023336,2.654475614843546,0.00016630646315478716,-0.02342
94.34215211868286,3.1606696975018136,4.795061949794902,2.57604609123077,-2.17428167630167,3.026329381266431,2.3463704550327242,0.00014700326100015054,-0.02342
94.36855864524841,3.151938364906124,4.790696192074676,2.458667134004733,-2.093871892251674,2.911153580830956,2.231194654597249,0.00013978734238167254,-0.02358
94.39837718009949,3.1474110075779214,4.791504665704829,2.2851974873939644,-2.032376717103191,2.884494907612879,2.2045359813791725,0.00013811714069268135,-0.02358
94.42340874671936,3.158729401300439,4.783581624555152,2.3920296842552626,-2.040371689628159,2.854733683585916,2.174774757352209,0.00013625256002770762,-0.02358
94.45077466964722,3.159376166696514,4.798457539332171,2.479855705702916,-1.9501349663422063,2.669051312876564,1.9890923866428571,0.00012461931006670226,-0.02358
94.47836089134216,3.151453290896425,4.802661602810601,2.3815512521550555,-1.8598859593360988,2.620355096986769,1.9403961707530621,0.00012156842672523631,-0.02358
94.50520086288452,3.15598064841601,4.785845350501169,2.404042515083764,-1.9050448469205001,2.6609627411866454,1.9810038149529388,0.00012411255018456125,-0.02358
94.53189206123352,3.1609930802058797,4.795708728740932,2.5208733967815338,-1.8731144875149794,2.524280807929935,1.8443218816962283,0.00011554924345460964,-0.02358
94.55843329429626,3.1572741791752956,4.789726023731532,2.5276549829490222,-1.8893048515931614,2.540053506520799,1.8600945802870923,0.00011653742420955233,-0.02358
94.58479714393616,3.1640652159491975,4.774526721544245,2.6693586738577744,-1.9985546278731197,2.564246126510185,1.8842872002764781,0.00011805312435099805,-0.02373
94.61686205863953,3.1618015369708403,4.766280293091441,2.722899062879919,-2.1281543830795946,2.829609784772701,2.1496508585389944,0.00013467851401691736,-0.02373
94.6430914402008,3.1703711791010942,4.776790447181064,2.9332035062394333,-2.15116598963483,2.4069139728839883,1.7269550466502817,0.00010819605357446334,-0.02373
94.67025113105774,3.1653587468181112,4.773556553437819,2.979329608998693,-2.188107414469498,0.0,1.7269550466502817,0.00010819605357446334,-0.02373
94.69642806053162,3.166005512259154,4.7701609651769825,3.024661365481787,-2.235841376019652,0.0,1.7269550466502817,0.00010819605357446334,-0.02373
94.72385048866272,3.167622425880975,4.764501651794633,3.0890023067865626,-2.3057134202297664,-0.8231593242654538,4.780067056680426,0.0002994776223951448,-0.02373
94.75068068504333,3.161963228324655,4.769190797134347,3.019910476938016,-2.3244155696080933,-1.4785075507091,4.12471883023678,0.00025841917564763936,-0.02373
94.7783477306366,3.165035364099237,4.775011805602776,3.033502746245091,-2.300007135465723,-1.2854499700912831,4.317776410854597,0.00027051449241688447,-0.02373
94.8068106174469,3.1647119813814593,4.770807743879945,3.036495592539558,-2.31000452096214,-1.284826812880785,4.318399568065095,0.0002705535340532393,-0.02373
94.83818817138672,3.1592144753470843,4.777113836564057,2.927720970582439,-2.2763777560721663,-2.555036230309855,3.0481901506360245,0.0001909732077178692,-0.02373
94.86496996879578,3.1634184505213248,4.769675881153892,2.936361380915105,-2.3007556099310595,-2.3214292109923025,3.281797169953577,0.00020560900129366517,-0.02389
94.89260792732239,3.1582443272562597,4.787947381806044,2.8380617970445052,-2.2001119547820847,3.0169533376567466,2.33699441142304,0.00014641583927271323,-0.02389
94.91902303695679,3.1564657224486887,4.773394858754794,2.733382508949979,-2.223411255058217,-3.1351379491772415,2.468088431768638,0.00015462905575227133,-0.02389
94.94668126106262,3.153878660969531,4.769190797134347,2.607933074825211,-2.2668040539880123,-3.0294971317806967,2.573729249165183,0.00016124759487455882,-0.02389
94.97295475006104,3.159861240746446,4.781317898686485,2.6407706918934433,-2.2190541372199397,3.134339068328493,2.454380142094786,0.0001537702129891993,-0.02389
95.00023603439331,3.1516149822327173,4.78083281458183,2.4974526131429635,-2.1887541907972916,3.0770826601524597,2.397123733918753,0.00015018302210168227,-0.02389
95.02792501449585,3.154040352309926,4.789402634286979,2.4460430184975905,-2.112335974367801,2.9490256515088706,2.269066725275164,0.000142160078485019,-0.02389
95.05378031730652,3.157597561867855,4.774365026858856,2.481795459862187,-2.155718078816262,3.0167803723505817,2.336821446116875,0.0001464050027639294,-0.02389
95.08082723617554,3.1558189570723307,4.781156203984539,2.470952589675242,-2.1423356197072634,2.994662680485141,2.3147037542514344,0.00014501929965679965,-0.02389
95.11464953422546,3.159376166696514,4.783743319263016,2.5351017394968927,-2.11630125630534,2.9213666131925247,2.241407686958818,0.00014042720257878268,-0.02389
95.1427173614502,3.1608313888537096,4.782611456316253,2.6093539828959784,-2.105368857890278,2.8557020536135393,2.1757431273798327,0.0001363132297107963,-0.024048
95.16979026794434,3.1622866110331063,4.7881090765245675,2.6906783922469977,-2.0622995631391987,2.6705588132852163,1.9905998870515096,0.00012471375699240218,-0.024048
95.195143699646,3.1648736727402107,4.711627518540975,2.7997794158483726,-2.5248584205238482,-2.154996780601441,3.448229600344439,0.00021603621663434595,-0.024048
95.22580194473267,3.171179635945652,4.729737308708608,3.0033241098792014,-2.731983234624471,-1.5656446982310666,4.037581682714814,0.00025295991629986446,-0.024048
95.25100588798523,3.1684308827021814,4.776952141872363,3.0903705839556515,-2.5728045206772947,-1.3205222367438458,4.282704144202034,0.0002683171677968378,-0.024048
95.27916216850281,3.1731199324006285,4.767250461091579,3.245868383868234,-2.5238793187600326,-0.8878850588328785,4.715341322113002,0.00029542246817530147,-0.024048
95.30674743652344,3.165197055458537,4.758842338893976,3.194934152214766,-2.543798248169883,-1.0274443871969836,4.575781993748897,0.0002866788887765283,-0.024048
95.33391046524048,3.1645502900229827,4.7701609651769825,3.1462367056164213,-2.484824959609918,-1.0649925346035605,4.53823384634232,0.0002843264469012728,-0.024048
95.36250710487366,3.1627716850978405,4.774526721544245,3.076278911241391,-2.4154187034848493,-1.199981094685342,4.403245286260538,0.00027586923227552015,-0.024048
95.39051747322083,3.157597561867855,4.768544018447128,2.9229605847828353,-2.4053759275401005,-1.984396925989736,3.6188294549561437,0.00022672452670076398,-0.024207
95.42020225524902,3.1553338830429363,4.774850110916205,2.7699855647423357,-2.3577210510266253,-2.6227770957834045,2.980449285162475,0.00018672915149638676,-0.024207
95.4493682384491,3.165035364099237,4.756416919226739,2.858555307708112,-2.443112431816739,-2.152188314421187,3.4510380665246925,0.00021621217081328658,-0.024207
95.47737741470337,3.166005512259154,4.7636931784936305,2.9401193545783917,-2.4560114834807494,-1.83061322484183,3.7726131561040495,0.0002363592821627268,-0.024207
95.50779247283936,3.169562722263407,4.744128127602904,3.068953354005073,-2.5910822458322165,-1.3870045067018228,4.216221874244057,0.00026415196427513783,-0.024207
95.53538179397583,3.167945808608634,4.721167496680268,3.126528441172603,-2.833548116818638,-1.3671517338474863,4.236074647098393,0.0002653957671636472,-0.024207
95.56134939193726,3.168269191337391,4.7570636977960294,3.1733527446317864,-2.772024718977411,-1.264728739049811,4.338497641896068,0.0002718127053774595,-0.024207
95.59286427497864,3.168754265432587,4.7541531942836865,3.2159123707576303,-2.747708305191732,-1.1791870745860893,4.42403930635979,0.0002771720055683462,-0.024207
95.61837482452393,3.1655204381779605,4.758842338893976,3.18048668529103,-2.70047853867208,-1.20847000846713,4.394756372478749,0.0002753373904235247,-0.024207
95.65372395515442,3.1708562532070044,4.747685409155845,3.263297455847712,-2.7392925642751633,-1.0966935572925942,4.506532823653285,0.00028234033524429544,-0.024207
95.68239736557007,3.161963228324655,4.7520511640483,3.141917081280827,-2.7383374375652028,-1.3031817968872335,4.300044584058646,0.00026940356964810184,-0.024365
95.70895338058472,3.166975660428952,4.758518949599906,3.1580378230727923,-2.696002260841098,-1.2483246454434813,4.354901735502398,0.00027284044387830444,-0.024365
95.73713064193726,3.1776472909496065,4.737822038043091,3.384539852422465,-2.7997007045946534,-0.9780895191166905,4.625136861829189,0.00028977103756252804,-0.024365
95.76355075836182,3.1732816237736636,4.74089423544657,3.4550477431905335,-2.8524979906348102,-0.940136581891255,4.6630897990546245,0.00029214884006370864,-0.024365
95.79151225090027,3.167945808608634,4.738792205628927,3.3967945136024165,-2.9029977288367768,-1.0397241356240905,4.563502245321789,0.00028590954604159295,-0.024365
95.81735420227051,3.1736050065205594,4.739438984027311,3.4701477488242314,-2.934180887785416,-0.982964997902739,4.620261383043141,0.0002894655822671169,-0.024365
95.8437147140503,3.167622425880975,4.7323244219893175,3.400842775126265,-3.0018423325519312,-1.0941355357968694,4.509090845149011,0.000282500598727316,-0.024365
95.87386083602905,3.1647119813814593,4.74057084623955,3.2936336127563584,-2.99608045915169,-1.2091023178087992,4.394124063137081,0.0002752977753938576,-0.024365
95.90230655670166,3.1621249196787438,4.740732540842864,3.1664132621303263,-2.9910054832993835,-1.362899757435184,4.240326623510696,0.0002656621591977625,-0.024365
95.93073296546936,3.162448302387743,4.745421684509304,3.0838807587355492,-2.9572447294135347,-1.4659618748862995,4.13726450605958,0.00025920517909114787,-0.02452
95.95923972129822,3.161963228324655,4.747362019915922,3.0163253933022887,-2.9211122269529404,-1.5599255719537688,4.043300808992111,0.0002533182272439147,-0.02452
95.98846006393433,3.1634184505213248,4.74057084623955,2.998384476819047,-2.939569385232398,-1.5861088489974533,4.0171175319484265,0.00025167780976387174,-0.02452
96.01917028427124,3.157435870521438,4.743157959939556,2.865173609828484,-2.935822764171178,-1.7769301836293918,3.8262961973164877,0.0002397225968096988,-0.02452
96.0453610420227,3.1622866110331063,4.734911535370079,2.8697521310997667,-2.986325016221764,-1.7571660718123656,3.846060309133514,0.000240960844965118,-0.02452
96.0737988948822,3.165197055458537,4.744613211439867,2.931652775276854,-2.959176725160464,-1.678755270316824,3.9244711106290557,0.0002458733870118169,-0.02452
96.10188150405884,3.161478154264034,4.746715241440779,2.8999831918740933,-2.926631282263037,-1.7300198924937749,3.873206488452105,0.00024266158956619683,-0.02452
96.13102865219116,3.165197055458537,4.75027252313168,2.952814517818883,-2.880932851155071,-1.658618142855685,3.9446082380901952,0.00024713500509842965,-0.02452
96.15886282920837,3.1684308827021814,4.743804738380223,3.055013869513423,-2.890610532251937,-1.4968503783737717,4.106376002572109,0.0002572699728536446,-0.024678
96.19249296188354,3.177808982330346,4.751566080157242,3.315683956481806,-2.847385009087917,-1.0909009824782305,4.51232539846765,0.00028270324783785986,-0.024678
96.22367882728577,3.1703711791010942,4.747847103776394,3.348152931760766,-2.8410854289830842,-1.0439203790872003,4.55930600185868,0.00028564664575161334,-0.024678
96.2543580532074,3.171017944576191,4.742996265330369,3.3839246996944246,-2.8679256593066453,-1.0195570021579026,4.583669378787977,0.00028717304404473053,-0.024678
96.28038787841797,3.165035364099237,4.744613211439867,3.28831270217458,-2.8762971753198796,-1.1468085890419868,4.456417791903894,0.00027920056118326214,-0.024678
96.30851578712463,3.170047796365195,4.7358817029136695,3.3224713111597644,-2.93840711768455,-1.1393225435042578,4.463903837441623,0.0002796695719925661,-0.024678
96.33659076690674,3.1719880927970814,4.716963438350025,3.385512793297639,-3.1037587946557066,-1.1522330209163487,4.450993360029532,0.000278860713239433,-0.024678
96.36694240570068,3.165197055458537,4.72440138788292,3.2926852388153796,-3.1715884171160167,-1.2708215098210045,4.332404871124876,0.0002714309851039321,-0.024678
96.39346575737,3.161963228324655,4.7525362479428885,3.162488529358182,-3.0378195405920843,-1.3789449001616396,4.22428148078424,0.00026465690945173765,-0.024678
96.41998767852783,3.159699549396195,4.751080996269715,3.02569863913048,-2.953556308842229,-1.552078120408228,4.051148260537652,0.00025380988062510216,-0.024678
96.44935417175293,3.1600229320969713,4.748493882262512,2.936467457848712,-2.911238680453175,-1.689189223138975,3.9140371578069053,0.00024521968585107816,-0.02484
96.47550773620605,3.1622866110331063,4.759165728189618,2.919657824713929,-2.8128664718373555,-1.7406248769343138,3.8626015040115664,0.00024199717304481115,-0.02484
96.5035297870636,3.1609930802058797,4.7758202790415405,2.8818041135226253,-2.6367144419456823,-1.9143044709488835,3.6889219099969965,0.00023111591316764144,-0.02484
96.53014326095581,3.1634184505213248,4.778730783502678,2.904219580973256,-2.4946580502060347,-2.0225247790893675,3.5807016018565125,0.00022433576548509213,-0.02484
96.55772256851196,3.1622866110331063,4.770646049203613,2.897084310901095,-2.447301826222875,-2.152313445640194,3.450912935305686,0.00021620433117432105,-0.02484
96.5878164768219,3.1582443272562597,4.7866538240720695,2.8105678480346983,-2.311027627809472,-2.953580675490022,2.649645705455858,0.0001660038628433988,-0.02484
96.617436170578,3.1635801418778815,4.768382323776308,2.857615066194917,-2.3333438394743595,-2.766670742928597,2.836555638017283,0.00017771402120347944,-0.02484
96.64509153366089,3.162448302387743,4.7717779119462005,2.8677220215807506,-2.327090224059766,-2.7804886666426727,2.8227377143032073,0.0001768483097205107,-0.02484
96.67486691474915,3.1640652159491975,4.778730783502678,2.9074056008999785,-2.2779210976858995,-3.0944446183179566,2.5087817626279234,0.00015717854759591526,-0.02484
96.7029287815094,3.1721497841681914,4.778245699416952,3.098227667472504,-2.246627704417241,0.29296092099885573,-0.38699800523485006,-2.424594490100791e-05,-0.02484
96.7294545173645,3.1653587468181112,4.767573850428105,3.0948465218618426,-2.2934722175969084,-0.23896818720493584,-0.9189271134386416,-5.757201809594539e-05,-0.024995
96.75671362876892,3.1692393395302543,4.760297590736738,3.170740628572923,-2.3731382944462744,-0.5597012963638174,-1.2396602225975233,-7.766637824097001e-05,-0.024995
96.78355240821838,3.1706945618380935,4.767088766423906,3.253214344832655,-2.385154625285065,-0.4332921185303933,-1.113251044764099,-6.9746673438174e-05,-0.024995
96.81024169921875,3.1642269073068516,4.773879942805052,3.18051109826164,-2.349816129445741,-0.4249361435958658,-1.1048950698295714,-6.922316038354259e-05,-0.024995
96.83875942230225,3.165197055458537,4.769675881153892,3.1491840522901624,-2.3521624712925755,-0.5203626765864029,-1.2003216028201087,-7.520176086645387e-05,-0.024995
96.86682868003845,3.16438859866478,4.729899003285722,3.1109507645727943,-2.6100544058592354,-1.2856866902951147,-1.9656456165288207,-0.00012315033842188322,-0.024995
96.89555406570435,3.158729401300439,4.76563351443255,2.9700569782804256,-2.5603708871408335,-1.718453482679895,-2.3984124089136007,-0.00015026375932124863,-0.024995
96.92358660697937,3.1567891051385097,4.776790447181064,2.8323008774718272,-2.4537175424777087,-2.3603711575432147,-3.0403300837769205,-0.00019048076397034028,-0.024995
96.94961786270142,3.1527468215944237,4.769675881153892,2.654349837784044,-2.4248934604149524,-2.7457545980918883,-3.425713524325594,-0.0002146255542248368,-0.024995
96.97527313232422,3.159376166696514,4.763854873153044,2.6634798131730753,-2.4422165386659818,-2.6951718777278053,-3.375130803961511,-0.00021145647884382446,-0.025154
97.00701904296875,3.1580826359087477,4.773071469389924,2.6437838287442705,-2.3949677937406424,-2.8280899690962475,-3.5080488953299533,-0.00021978397582332615,-0.025154
97.0336000919342,3.1582443272562597,4.784066708679928,2.633257510524927,-2.291060447829756,-3.1022857700489803,-3.782244696282686,-0.00023696271109342984,-0.025154
97.06075668334961,3.1569507964838315,4.781317898686485,2.5998021208795974,-2.2360336129091674,3.0436253256320787,-3.919518907781213,-0.0002455631248508671,-0.025154
97.08780694007874,3.1569507964838315,4.726665111817648,2.5763833481278517,-2.549597490579807,-2.5773880930130466,-3.257347019246752,-0.0002040771665068185,-0.025154
97.11353874206543,3.1556572657289257,4.789887718454402,2.533903240663228,-2.3618012884961956,-2.9639026541554556,-3.643861580389161,-0.00022829282298600124,-0.025154
97.14134693145752,3.1545254263327522,4.799427707803441,2.481341070006712,-2.1688856932322556,2.938764701102364,-4.024379532310928,-0.0002521327838419771,-0.025154
97.17405366897583,3.1572741791752956,4.794576865589533,2.4999823542066677,-2.0650947372177892,2.7452146053349398,-4.217929628078353,-0.00026425895734696436,-0.025154
97.20587635040283,3.1588910926490468,4.79603211821632,2.5456399619270482,-1.9830660800474187,2.573047728733446,-4.390096504679846,-0.00027504544344609876,-0.025303
97.23475122451782,3.159376166696514,4.782288066906444,2.587382900073181,-2.014187564762921,2.5806783132422857,-4.382465920171006,-0.0002745673770760885,-0.025303
97.26461386680603,3.158729401300439,4.785845350501169,2.6035594731307112,-2.01305597071927,2.5606524535448614,-4.402491779868431,-0.00027582202408783324,-0.025303
97.29665422439575,3.168592574067247,4.779215867591951,2.8137962094665374,-2.0549721251316466,2.2792112536357054,-4.683932979777587,-0.0002934546933356499,-0.025303
97.32228970527649,3.1655204381779605,4.785683655788173,2.8990053723872706,-2.0426468281561045,1.9879630672735253,-4.975181166139767,-0.0003117017834589455,-0.025303
97.34989094734192,3.1655204381779605,4.776952141872363,2.958651786431799,-2.090269036149425,1.7998123302977374,-5.163331903115555,-0.00032348967988241826,-0.025303
97.37905526161194,3.161963228324655,4.765956903761209,2.9286651126896874,-2.1944377986135555,2.3149091923402176,-4.648235041073075,-0.0002912181695210533,-0.025303
97.40586686134338,3.1639035245918183,4.770646049203613,2.946804893596449,-2.2371476501081378,2.5560454431398374,-4.407098790273455,-0.0002761106594785268,-0.025303
97.43328714370728,3.1634184505213248,4.780509425180699,2.9497201270249356,-2.203502980016328,2.2062769693935342,-4.756867264019759,-0.000298024124219556,-0.025303
97.4617669582367,3.1533935869499867,4.768382323776308,2.74958679529899,-2.258076586019166,3.082302352448629,-3.880841880964664,-0.00024313995716409887,-0.025303
97.49331164360046,3.160346314798845,4.782611456316253,2.7497109090664202,-2.204611588689954,2.8754602434448384,-4.087683989968454,-0.00025609889315414555,-0.025454
97.52122950553894,3.1550105003580415,4.784551792808258,2.642189050183493,-2.154686108826764,2.8226486161419895,-4.140495617271303,-0.0002594076125490695,-0.025454
97.54701685905457,3.1521000562432366,4.773233164072162,2.508228075942735,-2.1926548278726097,2.980204663519566,-3.9829395698937264,-0.00024953651452824354,-0.025454
97.57486939430237,3.1627716850978405,4.779539256986772,2.6296728704698262,-2.1786079949823325,2.892334294015254,-4.070809939398039,-0.00025504171121818484,-0.025454
97.60055136680603,3.1588910926490468,4.778730783502678,2.636423323311265,-2.1739835373316843,2.875909077506057,-4.087235155907235,-0.0002560707730972698,-0.025454
97.62765073776245,3.1640652159491975,4.760782674691398,2.7454965121113535,-2.286371223911923,-3.0846782827176797,-3.7646372089513864,-0.0002358595783591388,-0.025454
97.65391564369202,3.1590527839979288,4.784228403388977,2.720760743368754,-2.21400118379635,2.9338577326947752,-4.029286500718518,-0.0002524402120044794,-0.025454
97.68453907966614,3.1621249196787438,4.784875182229117,2.7654022535590093,-2.1591754950768625,2.6862810612132795,-4.276863172200014,-0.00026795122305445245,-0.025454
97.71138787269592,3.1567891051385097,4.783096540433927,2.689042570166815,-2.132255829631464,2.71422126867036,-4.248922964742933,-0.000266200731523841,-0.025613
97.73928308486938,3.16438859866478,4.78083281458183,2.788851727086433,-2.127995375485355,2.5328936640112643,-4.430250569402029,-0.000277561149541831,-0.025613
97.76552987098694,3.161963228324655,4.772101301304768,2.8098050711479075,-2.181262969344377,2.688080950185557,-4.275063283227736,-0.0002678384575924617,-0.025613
97.79348182678223,3.1613164629110413,4.785360266363366,2.811428927992499,-2.133133749454824,2.494591286778452,-4.468552946634841,-0.00027996084492889334,-0.025613
97.82173991203308,3.165682129538084,4.7758202790415405,2.9006091464905976,-2.160901536277895,2.273117539919223,-4.690026693494069,-0.00029383647268596644,-0.025613
97.85417199134827,3.1684308827021814,4.773879942805052,3.018470109583632,-2.192838967140726,1.258029440868086,-5.705114792545206,-0.00035743310570821436,-0.025613
97.88596844673157,3.159376166696514,4.773233164072162,2.9183640034327807,-2.2193618286923846,2.544856772459877,-4.418287460953415,-0.0002768116447269061,-0.025613
97.91728925704956,3.170047796365195,4.759974201435597,3.0635072220404838,-2.3233443517662495,-0.6472790090423629,-1.3272379352760693,-8.3153239587637e-05,-0.025613
97.94294047355652,3.1647119813814593,4.773556553437819,3.05749872559633,-2.308632267961478,-0.5384043531839644,-1.2183632794176709,-7.633209614154357e-05,-0.025613
97.97237277030945,3.166813969066633,4.763531483834609,3.0956841029142326,-2.362917033613085,-0.7357861834614338,-1.4157451096951403,-8.869833296093856e-05,-0.025613
97.99964308738708,3.1629333764533003,4.760944369343736,3.0441529603909356,-2.417583006520938,-1.2403050669296192,-1.9202639931633256,-0.00012030711875471632,-0.025771
98.02868032455444,3.1637418332347127,4.762884705202458,3.0243855159130195,-2.4433492099034084,-1.3954322175231637,-2.07539114375687,-0.0001300260431291687,-0.025771
98.05427408218384,3.1608313888537096,4.764178262473052,2.951852626387282,-2.453052233633211,-1.7980346920573222,-2.4779936182910287,-0.00015524962899401287,-0.025771
98.08093476295471,3.1584060186040457,4.773879942805052,2.8521665397613516,-2.397344455289445,-2.4156199841441097,-3.0955789103778164,-0.000193942177175294,-0.025771
98.10656118392944,3.1588910926490468,4.76256131588874,2.792168891815333,-2.4312655536755425,-2.4719636914441976,-3.1519226176779043,-0.00019747218612685804,-0.025771
98.13380002975464,3.163095067809034,4.7839050139712755,2.8349531836683295,-2.3175105449349385,-2.862484381722683,-3.5424433079563897,-0.00022193883197804207,-0.025771
98.16087460517883,3.1501597602159226,4.787462297652841,2.604032521692972,-2.2149654049125584,2.9952431808130027,-3.96790105260029,-0.0002485943312178458,-0.025771
98.18952083587646,3.1522617475806234,4.788755855402613,2.4847793766759803,-2.134850485172012,2.8772384690452157,-4.085905764368077,-0.00025598748493150587,-0.025771
98.21559357643127,3.1509682168891864,4.78439009809842,2.3752152099056403,-2.1068950015225845,2.879816011560103,-4.08332822185319,-0.0002558259984304113,-0.025771
98.24164867401123,3.151453290896425,4.798619234076394,2.3083029050969563,-1.9956596192884204,2.756916912592631,-4.206227320820662,-0.00026352579207699755,-0.025771
98.2691924571991,3.1550105003580415,4.772424690664912,2.3332034474049133,-2.0865446100732745,2.86717500134784,-4.095969232065453,-0.000256617974701487,-0.025923
98.29815912246704,3.1532318956106855,4.753506415742659,2.314764248849746,-2.272038887670497,-3.1395000345021975,-3.819458960735904,-0.00023929423475313629,-0.025923
98.32470083236694,3.151453290896425,4.802499908056482,2.265987232357839,-2.0862603697095574,2.8908294408396413,-4.072314792573652,-0.00025513599229117867,-0.025923
98.35322117805481,3.1533935869499867,4.805248718930388,2.2709737690320106,-1.938507094247786,2.7062762120977117,-4.256868021315581,-0.00026669849999109426,-0.025923
98.37966632843018,3.153555278289561,4.801529739540079,2.277725215424646,-1.8590381069219872,2.6143503273117035,-4.348793906101589,-0.0002724577801614026,-0.025923
98.40711855888367,3.1611547715583233,4.741055930050667,2.435712158000416,-2.192992507786754,3.003610418787918,-3.9595338146253747,-0.0002480701125186039,-0.025923
98.4352970123291,3.159537858046217,4.791342970978007,2.513694308249488,-2.102802813245546,2.800188806569695,-4.162955426843597,-0.0002608147497901168,-0.025923
98.46282005310059,3.1564657224486887,4.796517202432369,2.5063252667934512,-2.006336737234227,2.6359366386572924,-4.327207594756,-0.00027110536875767056,-0.025923
98.48853969573975,3.1689159567982013,4.773879942805052,2.752254007516677,-2.0846436078101527,2.461161563424199,-4.5019826699890935,-0.0002820552620047934,-0.026072
98.51505923271179,3.162448302387743,4.779862646383171,2.7939692805059764,-2.100916810771814,2.4063624588392156,-4.556781774574077,-0.00028548849952131697,-0.026072
98.54572176933289,3.1634184505213248,4.776467057799646,2.8427351978616047,-2.1341830190896878,2.3639150236323117,-4.599229209780981,-0.00028814788835871205,-0.026072
98.57098937034607,3.159537858046217,4.779862646383171,2.7986104361523556,-2.135594398667483,2.5085386510490046,-4.454605582364288,-0.0002790870238211776,-0.026072
98.59797263145447,3.167622425880975,4.741864403077024,2.9307666562559516,-2.381373589584871,-1.9540787369760986,-2.6340376632098055,-0.0001650259980296493,-0.026072
98.62549042701721,3.1629333764533003,4.769352491807135,2.928710747730145,-2.3763360232369584,-1.9857465371856973,-2.665705463419404,-0.00016701002825366068,-0.026072
98.6504647731781,3.159699549396195,4.783743319263016,2.862054191990857,-2.280101538776119,-3.0279445498393507,-3.7079034760730574,-0.00023230513378115784,-0.026072
98.68148112297058,3.1622866110331063,4.772101301304768,2.8675685386134186,-2.2877372836479,-2.953916390565352,-3.6338753167990587,-0.0002276671701570529,-0.026072
98.7115216255188,3.151129908224659,4.776628752490158,2.646428493899874,-2.263915685069063,3.132055234475445,-3.8310889989378483,-0.0002400228722696781,-0.026072
98.73954916000366,3.159699549396195,4.775011805602776,2.664456614309667,-2.2576572162883908,3.1114083937372325,-3.851735839676061,-0.0002413164245778219,-0.026072
98.76926898956299,3.160184623447771,4.787138908219347,2.686858911421259,-2.1751514052657446,2.833041324110761,-4.130102909302533,-0.0002587564954338013,-0.026223
98.79793334007263,3.1522617475806234,4.75027252313168,2.542757849485742,-2.3548969372569566,-2.9404591104567066,-3.620418036690414,-0.0002268240534804343,-0.026223
98.82619142532349,3.1551721917003523,4.783743319263016,2.500582779252969,-2.2650941785901155,3.137500336388753,-3.8256438970245403,-0.00023968172932014193,-0.026223
98.8537220954895,3.1516149822327173,4.7944151708552,2.3993210742946407,-2.133482342284472,2.9127884819932093,-4.050355751420084,-0.00025376022886427086,-0.026223
98.88226079940796,3.1561423397599624,4.795870423478428,2.419742261390511,-2.0319790689332056,2.7393620535672993,-4.223782179845994,-0.0002646256275772216,-0.026223
98.91381621360779,3.1567891051385097,4.786168739928344,2.4470805756488723,-2.0234266932734006,2.707170919025387,-4.255973314387907,-0.0002666424454001726,-0.026223
98.94230818748474,3.1588910926490468,4.795547034003832,2.5086087169365947,-1.9570234452960142,2.5512745362190037,-4.41186969719429,-0.00027640956320610597,-0.026223
98.97420001029968,3.1571124878294268,4.795385339267126,2.515808836209918,-1.9115828370433157,2.478519070932195,-4.484625162481098,-0.00028096779084224236,-0.026223
99.00629472732544,3.1588910926490468,4.793768391921826,2.5567184993293117,-1.8901910644409368,2.402810958612873,-4.560333274800421,-0.00028571100578139865,-0.026375
99.0363838672638,3.1582443272562597,4.7973256761336955,2.572311779934441,-1.8523001862989983,2.335194217103442,-4.6279500163098515,-0.00028994728546978733,-0.026375
99.06392574310303,3.1635801418778815,4.792959918264003,2.690835818524734,-1.8539015354116537,2.163051136153168,-4.800093097260126,-0.000300732280739407,-0.026375
99.09000873565674,3.167137351791546,4.778245699416952,2.8455418103285135,-1.9498140108252653,1.937489529063325,-5.025654704349969,-0.0003148640184313475,-0.026375
99.11717653274536,3.1648736727402107,4.776952141872363,2.9081838085054454,-2.025286064017855,1.8078178907630646,-5.155326342650229,-0.00032298812076501097,-0.026375
99.14625144004822,3.166490586342818,4.7690291024619516,2.984641918608355,-2.1291580851769267,1.4237986373134381,-5.539345596099855,-0.0003470474428651739,-0.026375
99.17592024803162,3.161963228324655,4.779377562289165,2.946858205213277,-2.1352019401749542,1.7155811216342178,-5.247563111779075,-0.000328766878257024,-0.026375
99.20295858383179,3.1642269073068516,4.776952141872363,2.966061800528078,-2.1550576145626468,1.5619019508405336,-5.40124228257276,-0.0003383950847518742,-0.026375
99.23067998886108,3.1613164629110413,4.777275531256146,2.9208086385586007,-2.16687325654848,2.0138526161898196,-4.949291617223474,-0.00031007976844066277,-0.026523
99.25573992729187,3.160508006150192,4.763531483834609,2.8728270703062795,-2.263685725623992,-3.1025161608694973,-3.7824750871032045,-0.00023697714538783036,-0.026523
99.28364491462708,3.1567891051385097,4.7759819737304765,2.7642399418898984,-2.251246254572603,3.097548284596807,-3.8655959488164857,-0.00024218477903442114,-0.026523
99.30967593193054,3.1567891051385097,4.76886740778995,2.6882289519984583,-2.2883718834798645,-3.0394891838962343,-3.7194481101299406,-0.00023302842061328406,-0.026523
99.33767557144165,3.1592144753470843,4.773718248121239,2.6839343222036844,-2.2831098751728374,-3.059683516852653,-3.739642443086359,-0.000234293622701023,-0.026523
99.36639428138733,3.1488662295529104,4.767412155759645,2.472232353982567,-2.3200514020176515,-3.0202655852846743,-3.7002245115183805,-0.0002318240363362847,-0.026523
99.39491891860962,3.15598064841601,4.7839050139712755,2.4675192863630135,-2.2396606387744056,3.0999226236607336,-3.8632216097525593,-0.00024203602350250222,-0.026523
99.4274652004242,3.1561423397599624,4.773394858754794,2.46748100983836,-2.2510953338528528,3.123056321121523,-3.8400879122917697,-0.00024058666627997465,-0.026523
99.45602345466614,3.1545254263327522,4.779539256986772,2.434845508429304,-2.2195163491685044,3.0642705866568947,-3.8988736467563982,-0.00024426967151388977,-0.026523
99.48468399047852,3.155495574385794,4.786492129357099,2.4315658820817942,-2.1526194590628416,2.9405932735529583,-4.022550959860334,-0.000252018221321538,-0.026523
99.51568746566772,3.158729401300439,4.777598920641504,2.4944875605367463,-2.1630832176029493,2.935719512118907,-4.027424721294386,-0.00025232356902253963,-0.026682
99.54454278945923,3.1558189570723307,4.785036876940138,2.4798370601474486,-2.1224912535754807,2.8617051640381175,-4.101439069375175,-0.0002569606673568367,-0.026682
99.56995034217834,3.1517766735692843,4.780186035781146,2.3880599415808232,-2.125326832630587,2.9098076331750415,-4.053336600238251,-0.0002539469830470467,-0.026682
99.59779787063599,3.1634184505213248,4.773556553437819,2.5585986606140154,-2.170020004566516,2.9204401774490383,-4.042704055964254,-0.00025328083986507244,-0.026682
99.62427616119385,3.1609930802058797,4.786007045214559,2.6290626986526977,-2.1210970134005236,2.7406842730198915,-4.222459960393401,-0.00026454278875231557,-0.026682
99.65090298652649,3.1635801418778815,4.783581624555152,2.730561461627508,-2.1024758970362916,2.530878625466686,-4.432265607946606,-0.000277687394413547,-0.026682
99.67888283729553,3.175868685779636,4.769352491807135,3.0494368127170675,-2.181107638452945,0.6776958135000388,-6.285448419913253,-0.0003937917870529125,-0.026682
99.70752501487732,3.1639035245918183,4.715184798366544,3.0313450836156153,-2.585107464180497,-1.3371304966404587,-8.30027473005375,-0.0005200233619963597,-0.026682
99.73663258552551,3.168107499972875,4.773233164072162,3.1034635231181804,-2.493949776620211,-1.0034740064114196,-7.966618239824712,-0.0004991193346666901,-0.026682
99.76446533203125,3.1629333764533003,4.7725863853455746,3.049598554533702,-2.4343060552351017,-1.0706304009553542,-8.033774634368646,-0.0005033267729992843,-0.026682
99.79635190963745,3.1642269073068516,4.767250461091579,3.037980045052397,-2.4269303929505104,-1.1062436605187156,-8.069387893932007,-0.0005055579915519342,-0.02684
99.82384014129639,3.161478154264034,4.767735545096959,2.9744122807169613,-2.4186424346758515,-1.445053204130197,-8.408197437543489,-0.0005267848645983586,-0.02684
99.84997773170471,3.1634184505213248,4.766603682423247,2.969045298009303,-2.420132518090811,-1.4794212299050258,-8.442565463318317,-0.0005289380675813746,-0.02684
99.87958335876465,3.1588910926490468,4.761752842611326,2.873984022588893,-2.452425521677561,-1.9681558264010888,-8.93130005981438,-0.0005595579465925565,-0.02684
99.9056499004364,3.1551721917003523,4.766927071756626,2.732441100425136,-2.4416973492311986,-2.4583297429265287,-9.421473976339819,-0.0005902680009370867,-0.02684
99.93566989898682,3.160346314798845,4.767088766423906,2.7377089226546865,-2.4331459636345216,-2.4703077949391363,-9.433452028352427,-0.0005910184419863704,-0.02684
99.96250009536743,3.1522617475806234,4.764178262473052,2.5783528573491505,-2.4459099612449866,-2.685278207083025,-9.648422440496315,-0.000604486627087285,-0.02684
99.99050998687744,3.153716969629409,4.770484354527675,2.49615144797287,-2.414219828890137,-2.8200905172643687,-9.783234750677659,-0.0006129327994200102,-0.02684
100.01801466941833,3.1694010308966933,4.7556084460239605,2.7549149481131665,-2.487869899881469,-2.2886462061790507,-9.251790439592341,-0.0005796370994157964,-0.027
100.04407286643982,3.166813969066633,4.780671119881068,2.8838754586760182,-2.3779668897602706,-2.1012476944044365,-9.064391927817727,-0.0005678963309116774,-0.027
100.07020998001099,3.1606696975018136,4.770646049203613,2.8502347153521446,-2.3656180139108574,-2.3489258922387477,-9.312070125652038,-0.0005834137027240397,-0.027
100.09777021408081,3.1634184505213248,4.7130827693559265,2.882121002253943,-2.7278063597759097,-1.7180464798982207,-8.681190713311512,-0.0005438882600502302,-0.027
100.12924408912659,3.162609993742655,4.743319654549135,2.888137047852109,-2.7865469818391424,-1.6903448632696083,-8.6534890966829,-0.0005421527165555331,-0.027
100.15491223335266,3.1703711791010942,4.766927071756626,3.048870095719954,-2.675582371344296,-1.3360175513193215,-8.299161784732615,-0.0005199536344769176,-0.027
100.18861746788025,3.1719880927970814,4.691739093893195,3.193991942489781,-3.082281041869515,-1.2813469203493297,-8.244491153762624,-0.0005165284460049582,-0.027
100.21421837806702,3.172311475539577,4.764016567812852,3.3020989779476366,-2.901346180848103,-1.0652684923964955,-8.02841272580979,-0.0005029908422251622,-0.027
100.24375295639038,3.1753836116481513,4.759004033541601,3.4397304597048888,-2.806983386873949,-0.8344258535166194,-7.797570086929914,-0.0004885282407973119,-0.027
100.2724940776825,3.163095067809034,4.757872171016478,3.2882462811910096,-2.748221084342032,-0.959390756849302,-7.922534990262597,-0.000496357459862473,-0.027158
100.3003671169281,3.170047796365195,4.756902003153118,3.322424816471253,-2.7133374609710077,-0.875905048045286,-7.839049281458581,-0.0004911269680555311,-0.027158
100.329421043396,3.166005512259154,4.759327422838028,3.2648280107125998,-2.6732939534372067,-0.9125811535668206,-7.875725386980116,-0.0004934247753352327,-0.027158
100.36450600624084,3.153878660969531,4.776143668419806,2.9799449260590487,-2.53693034901559,-1.4771357479156797,-8.440279981328974,-0.0005287948790645442,-0.027158
100.39283180236816,3.1606696975018136,4.76822062910588,2.9174833425202897,-2.4925174092231432,-1.741105291885982,-8.704249525299275,-0.0005453329255972754,-0.027158
100.42104625701904,3.1558189570723307,4.7525362479428885,2.775934107535902,-2.5624698350670787,-2.1262035675377056,-9.089347800951,-0.0005694598498879024,-0.027158
100.44751763343811,3.1561423397599624,4.772262995984643,2.683371384659391,-2.4843534260862286,-2.4829476534192634,-9.446091886832559,-0.0005918103460998808,-0.027158
100.47372078895569,3.1616398456173,4.783258235140607,2.7294470894387,-2.358838716199986,-2.783567202014899,-9.746711435428194,-0.0006106445646561041,-0.027158
100.50049257278442,3.1543637349915365,4.790372802625381,2.6149608933956716,-2.225145150688067,2.9957371572233167,-10.250592383369565,-0.0006422133829321575,-0.027158
100.52674198150635,3.1590527839979288,4.779054172895132,2.6293858102677916,-2.2044762161843083,2.927620403346847,-10.318709137246035,-0.0006464809890670319,-0.027158
100.55765390396118,3.1582443272562597,4.773233164072162,2.623178897591383,-2.227507903022883,2.9993099700156747,-10.247019570577208,-0.000641989541411185,-0.027158
100.58359479904175,3.1582443272562597,4.776305363109529,2.6188340587178973,-2.2238384486967653,2.9903537326323626,-10.255975807960521,-0.0006425506617145942,-0.027314
100.6156849861145,3.166813969066633,4.77290977470808,2.7886188360993565,-2.243144795740223,2.9510984980764374,-10.295231042516447,-0.0006450100548929688,-0.027314
100.64332246780396,3.170047796365195,4.765795209096683,2.9726856049071078,-2.302492495193593,0.0,-10.295231042516447,-0.0006450100548929688,-0.027314
100.6734619140625,3.1645502900229827,4.767735545096959,2.9906627225010425,-2.331535906245998,-0.9613381935459231,-7.924482426959221,-0.0004964794693876019,-0.027314
100.70234394073486,3.165197055458537,4.767412155759645,3.016290189257717,-2.3539496237688526,-0.8816727060019661,-7.844816939415264,-0.0004914883195744897,-0.027314
100.73173451423645,3.1647119813814593,4.761752842611326,3.02444680264842,-2.406097495652194,-1.0611585439581406,-8.024302777371439,-0.0005027333484344078,-0.027314
100.76215243339539,3.1606696975018136,4.7636931784936305,2.9486346561328314,-2.430101028165581,-1.587221490178516,-8.550365723591813,-0.0005356918987007866,-0.027314
100.79337215423584,3.1592144753470843,4.76676537708974,2.866218315097755,-2.4271118686544826,-2.081052522613477,-9.044196756026775,-0.0005666310762698282,-0.027314
100.82619976997375,3.1632567591650425,4.761591147957022,2.8900486510181804,-2.4583527318727496,-1.892782834823126,-8.855927068236424,-0.0005548357274180307,-0.027473
100.85503816604614,3.153555278289561,4.780509425180699,2.7110776328149466,-2.3583465372515318,-2.8107699619651068,-9.773914195378405,-0.0006123488541097614,-0.027473
100.88710975646973,3.1545254263327522,4.776305363109529,2.605363144512876,-2.3154254926568116,-3.0282543659251293,-9.991398599338428,-0.0006259745441751231,-0.027473
100.91393685340881,3.1532318956106855,4.790372802625381,2.505276036825314,-2.194755894207853,2.9602887996397995,-10.286040740953085,-0.0006444342701542497,-0.027473
100.94297623634338,3.1561423397599624,4.788594160682509,2.4939107351619616,-2.1217454929032282,2.814545384010807,-10.431784156582077,-0.0006535652909275501,-0.027473
100.97209596633911,3.154848809016005,4.78471348751849,2.459868057680004,-2.095638176615126,2.7880396495183493,-10.458289891074536,-0.0006552259107999314,-0.027473
100.99848675727844,3.1582443272562597,4.760297590736738,2.504516470779926,-2.234654465759025,3.049761598223783,-10.196567942369102,-0.0006388286791298469,-0.027473
101.02707648277283,3.159376166696514,4.7819646774982125,2.558596456270183,-2.192382765004091,2.930731154147454,-10.31559838644543,-0.0006462860963505528,-0.027473
101.05347537994385,3.165035364099237,4.792798223533625,2.710582931777623,-2.0930010057959185,2.481596430531832,-10.764733110061051,-0.0006744249901293601,-0.027473
101.0826907157898,3.167622425880975,4.785683655788173,2.869147403193633,-2.0692670446210872,1.9235593069068653,-11.322770233686018,-0.0007093867655625878,-0.027473
101.10952544212341,3.1713413273153885,4.780509425180699,3.0551425723499155,-2.0859865561753734,1.0403919016612633,-12.20593763893162,-0.0007647183899025022,-0.027473
101.13705015182495,3.166167203620101,4.7779223100284405,3.080991310979413,-2.114356855475862,0.8647947855078203,-12.381534755085063,-0.0007757197851175722,-0.027632
101.1647732257843,3.169562722263407,4.786168739928344,3.167563723485782,-2.081091143853241,0.7136592205744205,-12.532670320018463,-0.0007851886312883273,-0.027632
101.19318580627441,3.1608313888537096,4.773071469389924,3.052077371688207,-2.1421800173717185,0.8887126896744091,-12.357616850918475,-0.0007742212962914637,-0.027632
101.22099947929382,3.1582443272562597,4.779377562289165,2.919062990585677,-2.144317292711301,1.7756925857453543,-11.47063695484753,-0.000718650814279839,-0.027632
101.24887609481812,3.1637418332347127,4.76563351443255,2.936822537049356,-2.234354907937266,0.0,-11.47063695484753,-0.000718650814279839,-0.027632
101.28149032592773,3.1613164629110413,4.765310125105464,2.900341154123501,-2.2994645683157375,-2.6088477190814707,-9.571991952494768,-0.0005996981543412353,-0.027632
101.3077130317688,3.161963228324655,4.768705713118343,2.887847670073867,-2.3231663680121666,-2.424337010736912,-9.387481244150209,-0.0005881383106013347,-0.027632
101.34089040756226,3.1606696975018136,4.781479593388824,2.8530152633306414,-2.257466091926777,2.976806824748302,-10.26952271584458,-0.0006433993936917439,-0.027632
101.36976218223572,3.1611547715583233,4.777598920641504,2.838415191534604,-2.2364758606076944,2.813960296030359,-10.432369244562523,-0.0006536019474755019,-0.027788
101.40386295318604,3.1564657224486887,4.787462297652841,2.7336298850930802,-2.158241125883488,2.6453833187243925,-10.60094622186849,-0.0006641635215612871,-0.027788
101.43300557136536,3.152585130256217,4.785360266363366,2.5820192724258084,-2.117018459032213,2.736559307368818,-10.509770233224064,-0.0006584512233916204,-0.027788
101.4638831615448,3.1543637349915365,4.78762399237018,2.5117614214866832,-2.0735792795739445,2.7108261160178526,-10.53550342457503,-0.0006600634423983928,-0.027788
101.49071884155273,3.1550105003580415,4.773879942805052,2.475624408877671,-2.131713387447957,2.8504342477598885,-10.395895292832993,-0.0006513168054024322,-0.027788
101.52592968940735,3.1542020436505944,4.785521961075572,2.434024146254663,-2.097407376953694,2.8114787991593984,-10.434850741433483,-0.0006537574165879817,-0.027788
101.553147315979,3.1564657224486887,4.782934845727641,2.450556153397083,-2.0900598120807468,2.7879390027258055,-10.458390537867075,-0.0006552322164566877,-0.027788
101.58063697814941,3.155495574385794,4.782126372202131,2.4425633335592396,-2.090124842309039,2.793282907449481,-10.4530466331434,-0.000654897413647025,-0.027788
101.60725688934326,3.1585677099521057,4.788594160682509,2.4989249056735905,-2.0485037565740605,2.674643122352965,-10.571686418239915,-0.0006623303555578546,-0.027947
101.63365459442139,3.153878660969531,4.790534497349831,2.4438127525317213,-2.006869013697412,2.652561778083381,-10.5937677625095,-0.0006637137814392764,-0.027947
101.66114783287048,3.1558189570723307,4.789726023731532,2.4443646945439284,-1.9829330199208586,2.615040061856984,-10.631289478735898,-0.0006660645673655874,-0.027947
101.69666147232056,3.1569507964838315,4.792636528803642,2.467577149692904,-1.9474278495258175,2.540445000537955,-10.705884540054926,-0.0006707380481643602,-0.027947
101.72409844398499,3.1533935869499867,4.789240939565295,2.41208671116655,-1.944449200712464,2.5874695849217444,-10.658859955671137,-0.0006677918947823286,-0.027947
101.75675249099731,3.1637418332347127,4.789402634286979,2.581939141455952,-1.9413224813084218,2.3946498590116936,-10.851679681581187,-0.0006798723096346104,-0.027947
101.7859218120575,3.1522617475806234,4.79635550769329,2.4693140105100695,-1.89434217022501,2.4653285429078946,-10.781000997684986,-0.0006754441951424359,-0.027947
101.81634473800659,3.156304031104188,4.785036876940138,2.4719981875557964,-1.9343725204109194,2.517378345460597,-10.728951195132284,-0.0006721832050915046,-0.027947
101.84745335578918,3.1572741791752956,4.776467057799646,2.4934423364910447,-2.017602015837058,2.6268061669596543,-10.619523373633227,-0.0006653274050749298,-0.027947
101.87626671791077,3.165843820898482,4.787300602935897,2.681279403580221,-2.0060710997481865,2.3378090540814394,-10.908520486511442,-0.0006834334624204795,-0.027947
101.90235900878906,3.1653587468181112,4.785683655788173,2.8029827371372478,-2.0084161103876745,2.032487608905613,-11.213841931687268,-0.0007025622611137359,-0.028105
101.93370127677917,3.166490586342818,4.7759819737304765,2.9110011686506465,-2.0725575239071734,1.670565849377769,-11.575763691215112,-0.0007252371455350722,-0.028105
101.96410346031189,3.168269191337391,4.769675881153892,3.022483653866411,-2.15808144741557,0.8520869540577243,-12.394242586535157,-0.000776515947828962,-0.028105
101.99763774871826,3.165197055458537,4.7779223100284405,3.0385648412134993,-2.1648232793440036,0.7388785761493613,-12.50745096444352,-0.000783608604783183,-0.028105
102.02313375473022,3.167137351791546,4.778245699416952,3.088952126210634,-2.1674592315779067,0.5438186818969489,-12.70251085869593,-0.0007958293691914397,-0.028105
102.05444192886353,3.165197055458537,4.778245699416952,3.0850927718544314,-2.169304398141642,0.5461337944020414,-12.700195746190838,-0.0007956843242829936,-0.028105
102.08059668540955,3.175060228895204,4.763208094517747,3.281304372509878,-2.2674708543936153,-0.013149255453243995,-13.259478796046123,-0.0008307241586682634,-0.028105
102.10956692695618,3.172311475539577,4.74477490605297,3.3632176789617048,-2.454937147345561,-0.4188933900962773,-13.665222930689156,-0.0008561445737592717,-0.028105
102.13678526878357,3.1706945618380935,4.764501651794633,3.387948280104808,-2.4590804601579084,-0.4062324277162859,-13.652561968309165,-0.0008553513474580854,-0.028264
102.16634750366211,3.1795875875366613,4.750434217758503,3.584607631322435,-2.552605611057887,-0.41775084039368743,-13.664080380986565,-0.0008560729914855625,-0.028264
102.19561100006104,3.17425177201765,4.755123362107003,3.6146604169102066,-2.5878649415047033,-0.44436591953201654,-13.690695460124894,-0.0008577404619468955,-0.028264
102.22543263435364,3.1755453030250376,4.756740308510599,3.661784338451903,-2.602129825709589,-0.43514340868183143,-13.68147294927471,-0.0008571626592530887,-0.028264
102.25262236595154,3.1600229320969713,4.76142945330311,3.3817274473737022,-2.581906966609427,-0.6190910764889649,-13.865420617081844,-0.0008686872277469602,-0.028264
102.28228783607483,3.1606696975018136,4.760135896085971,3.198731107440547,-2.5760842835328663,-0.872545223562425,-14.118874764155304,-0.0008845664705382657,-0.028264
102.31028628349304,3.159861240746446,4.764986735779951,3.054329314724184,-2.540758460942796,-1.1728040587809694,-14.419133599373849,-0.0009033780899168507,-0.028264
102.34050559997559,3.1634184505213248,4.73410306242784,3.024987221814356,-2.71498832584372,-1.3818379684307953,-14.628167509023674,-0.0009164743451617228,-0.028264
102.36813759803772,3.1588910926490468,4.76142945330311,2.9131433692524302,-2.6609079167033167,-1.6379517752333046,-14.884281315826183,-0.000932520219207902,-0.028264
102.39403486251831,3.1616398456173,4.768058934435846,2.8902874786538306,-2.580343371506502,-1.7275790578408512,-14.973908598433729,-0.0009381354888639068,-0.028264
102.42167830467224,3.1600229320969713,4.76563351443255,2.8416796455150486,-2.5395731630939102,-1.9181575085421791,-15.164487049135058,-0.0009500754848135493,-0.028264
102.44953298568726,3.157435870521438,4.705159737522572,2.755480227915676,-2.9006164993155994,-1.8543746996285555,-15.100704240221434,-0.0009460794061525941,-0.02842
102.4748260974884,3.1584060186040457,4.78471348751849,2.714705860831224,-2.6408478811037917,-2.1161712635217667,-15.362500804114646,-0.000962481312564427,-0.02842
102.5029227733612,3.160184623447771,4.7881090765245675,2.722033383986343,-2.4371348793886605,-2.4902307039464286,-15.736560244539309,-0.0009859166389990799,-0.02842
102.52899718284607,3.1580826359087477,4.774365026858856,2.684771328313558,-2.3830773123308546,-2.729897206160714,-15.976226746753595,-0.0010009320673183511,-0.02842
102.55695533752441,3.1590527839979288,4.794253476121263,2.678253114710306,-2.2171122012166204,2.9301652482601623,-16.599349599512305,-0.0010399715511146001,-0.02842
102.58411383628845,3.1580826359087477,4.790534497349831,2.6541251398203562,-2.124894924947208,2.6601849670149047,-16.86932988075756,-0.0010568861784121199,-0.02842
102.61215305328369,3.1483811555587895,4.785360266363366,2.441583314648209,-2.0936761183768153,2.795070875023695,-16.73444397274877,-0.0010484353950766375,-0.02842
102.63848996162415,3.1527468215944237,4.778245699416952,2.380847543807523,-2.1176562189008825,2.8701623428711445,-16.65935250490132,-0.0010437308137420122,-0.02842
102.66432666778564,3.1495129948822305,4.785683655788173,2.2731150914037355,-2.0865256937945675,2.8685504928532337,-16.66096435491923,-0.00104383179831091,-0.028577
102.6911973953247,3.1553338830429363,4.779215867591951,2.315093719376942,-2.1064009312843623,2.8807777951277975,-16.648737052644666,-0.0010430657413978848,-0.028577
102.71719241142273,3.1582443272562597,4.785360266363366,2.4031744339678003,-2.080730322812816,2.796088794229507,-16.733426053542956,-0.0010483716210709735,-0.028577
102.74677968025208,3.1590527839979288,4.782288066906444,2.4811352886682756,-2.0825525346987104,2.745399295902223,-16.78411555187024,-0.0010515473862348203,-0.028577
102.77321290969849,3.157435870521438,4.779054172895132,2.503099178122944,-2.104661384991755,2.771448733254074,-16.75806611451839,-0.001049915353991264,-0.028577
102.79986214637756,3.157435870521438,4.7725863853455746,2.518473900741218,-2.161804181095171,2.8841016881676658,-16.645413159604797,-0.0010428574950337916,-0.028577
102.82905912399292,3.1579209445615093,4.780994509282987,2.5390188191667122,-2.147637556407483,2.83765595391178,-16.691858893860683,-0.001045767382677713,-0.028577
102.8608193397522,3.1571124878294268,4.783743319263016,2.5370959077709974,-2.120012611995492,2.7759095980982473,-16.753605249674216,-0.001049635874816282,-0.028577
102.88626074790955,3.153716969629409,4.8041168556155025,2.467271583268157,-1.969425322185721,2.5634012600539773,-16.966113587718485,-0.001062949807667433,-0.028577
102.91399598121643,3.1530702042716583,4.795708728740932,2.4053510732443173,-1.9181808202006398,2.5489326999496322,-16.98058214782283,-0.001063856282394283,-0.028577
102.94061589241028,3.1516149822327173,4.743481349159106,2.3326588800885606,-2.2187674396214594,3.0588997484163087,-16.470615099356152,-0.0010319061617445676,-0.028735
102.96697640419006,3.153878660969531,4.805248718930388,2.3274265346222065,-2.031262043186112,2.7638601516858903,-16.76565469608657,-0.0010503907888206173,-0.028735
102.99415183067322,3.1495129948822305,4.792959918264003,2.2357203849740106,-1.9791748352326235,2.7442572096580125,-16.785257638114448,-0.0010516189394722392,-0.028735
103.02369284629822,3.148219464227962,4.795708728740932,2.145439115711459,-1.9250054793334659,2.7265370325549996,-16.80297781521746,-0.0010527291323721097,-0.028735
103.04940938949585,3.1571124878294268,4.752212858679437,2.2615901153523352,-2.1672948134546375,2.9926294992340137,-16.536885348538448,-0.0010360580818798534,-0.028735
103.07696914672852,3.1634184505213248,4.791666360432044,2.4700697822540856,-2.082731096674937,2.7535729343226607,-16.7759419134498,-0.0010510352968077378,-0.028735
103.10386896133423,3.1590527839979288,4.796678897171843,2.5279620324686634,-1.9912448702855092,2.527728045106692,-17.00178680266577,-0.0010651847825054268,-0.028735
103.13141560554504,3.162448302387743,4.791666360432044,2.6369648979723403,-1.9594961364565489,2.31162298503874,-17.217891862733723,-0.001078724054823011,-0.028735
103.15807938575745,3.1579209445615093,4.782126372202131,2.6219625172285013,-1.9987302693721098,2.4065914220080025,-17.122923425764462,-0.0010727741546712154,-0.028735
103.18819832801819,3.1621249196787438,4.781317898686485,2.696243495260802,-2.0314024879888115,2.3263853420802816,-17.203129505692182,-0.0010777991733233738,-0.028735
103.2139265537262,3.1616398456173,4.777275531256146,2.738457566859712,-2.0803146679468014,2.337461584387446,-17.192053263385016,-0.0010771052318635807,-0.028894
103.2433180809021,3.166167203620101,4.780509425180699,2.8593118071362644,-2.093719892503377,1.8852348143124755,-17.644280033459985,-0.001105437846506761,-0.028894
103.26957416534424,3.170047796365195,4.763531483834609,3.0221706846329432,-2.212478370792426,0.434497507807092,-19.09501733996537,-0.0011963284876045633,-0.028894
103.29703736305237,3.162609993742655,4.7827731510217495,2.986171825517394,-2.1716511729008223,0.9023180040862266,-18.627196843686235,-0.0011670189050668892,-0.028894
103.32350969314575,3.166490586342818,4.776628752490158,3.039233530516737,-2.182655407546113,0.5685219870103227,-18.96099286076214,-0.0011879316739409481,-0.028894
103.34886360168457,3.1705328704694566,4.764986735779951,3.157898504886495,-2.265358247752072,-0.01327607963878125,-19.542790927411243,-0.0012243821043738561,-0.028894
103.37586808204651,3.174575154767847,4.769352491807135,3.3224857712793296,-2.2951252839539995,-0.0808416892138748,-19.610356536986338,-0.0012286151805778708,-0.028894
103.4060697555542,3.168107499972875,4.763531483834609,3.307262004482771,-2.3534621448078576,-0.22922211670964537,-19.758736964482107,-0.0012379114136870499,-0.028894
103.43117308616638,3.174413463392611,4.771616217267507,3.4237793495567854,-2.3422147027509483,-0.15621299752454731,-19.68572784529701,-0.00123333729429344,-0.029043
103.45793342590332,3.162609993742655,4.766441987757147,3.2672978909640955,-2.3676747706200034,-0.2922953088113007,-19.821810156583762,-0.0012418630339014727,-0.029043
103.48447108268738,3.166652277704588,4.759812506785615,3.2392826474977703,-2.4282050758883527,-0.47634807905308757,-20.00586292682555,-0.0012533941872040644,-0.029043
103.51214957237244,3.167299043154414,4.761914537266023,3.2327154618001144,-2.4570346473326987,-0.5541036187316418,-20.083618466504106,-0.0012582656762176844,-0.029043
103.54027843475342,3.1616398456173,4.758357254953459,3.1139879434372,-2.5001319724283353,-0.8839036721263999,-20.413418519898865,-0.0012789280925991494,-0.029043
103.56711769104004,3.1640652159491975,4.7717779119462005,3.0797917461994873,-2.443841917127551,-0.8454018523908852,-20.37491670016335,-0.001276515901871372,-0.029043
103.59808206558228,3.1645502900229827,4.759812506785615,3.065637021405714,-2.4815220784436405,-0.9820896451227901,-20.511604492895255,-0.0012850795757053158,-0.029043
103.6267580986023,3.1572741791752956,4.776790447181064,2.9089895201859424,-2.3985233763896696,-1.6595667847847275,-21.189081632557194,-0.0013275244285927813,-0.029043
103.65368342399597,3.1561423397599624,4.765795209096683,2.776510173514422,-2.411257501648192,-2.349708293730723,-21.87922314150319,-0.0013707627212285497,-0.029043
103.68121719360352,3.159699549396195,4.776628752490158,2.755513790039851,-2.3503798376692657,-2.665700000636891,-22.195214848409357,-0.001390560026153088,-0.029043
103.71030449867249,3.1567891051385097,4.7753351949770995,2.68212064570341,-2.316098793083939,-2.932115136723822,-22.461629984496287,-0.0014072512923172078,-0.029202
103.7381501197815,3.1533935869499867,4.791828055159656,2.5622671583739103,-2.185852217142566,2.922191365581901,-22.890508789370152,-0.0014341211255760934,-0.029202
103.7670407295227,3.1558189570723307,4.789240939565295,2.5272827786334453,-2.1113462580441955,2.7669173010875894,-23.045782853864463,-0.0014438492543037854,-0.029202
103.7954969406128,3.159537858046217,4.7884324659628,2.577793742692632,-2.064400412810634,2.6089519948577995,-23.203748160094253,-0.0014537459929414797,-0.029202
103.82426691055298,3.146925933591174,4.791989749887662,2.35880350195819,-2.0086216856758257,2.711876346359322,-23.100823808592732,-0.0014472976440566747,-0.029202
103.85064578056335,3.1592144753470843,4.781641288091559,2.453336507175488,-2.03624314917871,2.6842218784979064,-23.128478276454146,-0.00144903023361777,-0.029202
103.87912201881409,3.153716969629409,4.791666360432044,2.4086400028513184,-1.990994931681797,2.6479755817138986,-23.164724573238153,-0.0014513011128026827,-0.029202
103.90659046173096,3.1639035245918183,4.7982958445883455,2.5827873167096027,-1.9166129011571,2.3343424979809955,-23.478357656971056,-0.0014709506468169639,-0.029202
103.93564748764038,3.1509682168891864,4.784875182229117,2.4438207679291937,-1.951003697229374,2.5563586855440215,-23.25634146940803,-0.0014570410344211112,-0.029202
103.96383500099182,3.1533935869499867,4.789564329009059,2.3954572439319737,-1.9448689636330116,2.5919624963001966,-23.220737658651856,-0.0014548104078489245,-0.029202
103.99117636680603,3.1606696975018136,4.7911812762515815,2.5083419650313252,-1.9301579976031649,2.4545320552458345,-23.35816809970622,-0.0014634206095979054,-0.02936
104.01684808731079,3.158729401300439,4.796517202432369,2.5482308186014118,-1.8854853662845623,2.339623692141488,-23.473076462810567,-0.001470619772908327,-0.02936
104.04423594474792,3.1572741791752956,4.795223644530816,2.5468051782229697,-1.8625478470642076,2.311908137192906,-23.50079201775915,-0.0014723561896574945,-0.02936
104.07273769378662,3.1582443272562597,4.785521961075572,2.565372455159993,-1.9089914986850771,2.347879582275523,-23.464820572676533,-0.0014701025303008953,-0.02936
104.10205459594727,3.1642269073068516,4.779215867591951,2.6990217754907944,-1.9821269947077116,2.2206992530808223,-23.592000901871234,-0.0014780705487723999,-0.02936
104.1277163028717,3.1616398456173,4.791828055159656,2.740402363020709,-1.9520719582792159,2.0736163070696163,-23.73908384788244,-0.0014872854929236018,-0.02936
104.15546178817749,3.1550105003580415,4.786168739928344,2.6356730679514953,-1.9674917158156078,2.325691088393454,-23.487009066558603,-0.0014714926692494786,-0.02936
104.18144583702087,3.1629333764533003,4.791666360432044,2.7221452359170257,-1.9428689283276255,2.1048015528198802,-23.707898602132175,-0.0014853316953847063,-0.02936
104.20922517776489,3.1622866110331063,4.789240939565295,2.7696322693617397,-1.94125795587373,1.9831139728111502,-23.829586182140904,-0.0014929555857410353,-0.02936
104.23703932762146,3.1558189570723307,4.80444024513206,2.672438356324926,-1.8422137319595906,2.0871986914628198,-23.725501463489234,-0.0014864345382954967,-0.029397
104.26379251480103,3.1622866110331063,4.804601939890933,2.734837453647273,-1.771841109745428,1.9125670885701438,-23.900133066381912,-0.0014973754428077592,-0.029397
104.28953051567078,3.1611547715583233,4.793930086654576,2.755690724756246,-1.7913301900264247,1.8855830546586072,-23.927117100293447,-0.0014990660287812682,-0.029397
104.31925535202026,3.161963228324655,4.804601939890933,2.7865923695167885,-1.7362226303922081,1.797837406273505,-24.01486274867855,-0.0015045634115255471,-0.029397
104.34593844413757,3.1504831428844082,4.806542277028318,2.5767016930133066,-1.68514735275786,2.096932159616606,-23.715767995335447,-0.0014858247234402256,-0.029397
104.3746452331543,3.1564657224486887,4.807835835151614,2.5504304361281664,-1.6410613342826317,2.0977525089830817,-23.714947645968973,-0.0014857733274504013,-0.029397
104.40134143829346,3.1640652159491975,4.784875182229117,2.685301491083181,-1.7581176004172558,1.990229601801819,-23.822470553150236,-0.0014925097820260034,-0.029397
104.42942976951599,3.1553338830429363,4.791666360432044,2.603624199152569,-1.7963070475487752,2.157155427666179,-23.655544727285875,-0.0014820516547961059,-0.029397
104.45617294311523,3.159699549396195,4.80330838183104,2.634493607986539,-1.7480397543805972,2.06457719028674,-23.748122964665313,-0.0014878518057327293,-0.029397
104.48361992835999,3.1579209445615093,4.789887718454402,2.6202326142384043,-1.8007108731567656,2.135751166842093,-23.67694898810996,-0.0014833926604901084,-0.029397
104.50923824310303,3.165035364099237,4.775011805602776,2.7537282423553595,-1.9334138479498013,2.014759013024509,-23.797941141927545,-0.001490972981461363,-0.029397
104.53504681587219,3.160346314798845,4.781479593388824,2.752609922005873,-1.984639327883127,2.091553670660824,-23.721146484291232,-0.0014861616929984886,-0.029397
104.56256985664368,3.1684308827021814,4.702410930778174,2.91487065244434,-2.529871100954175,-1.5241839469616854,-21.053698794734153,-0.0013190425119368864,-0.029397
104.58991980552673,3.1690776481640905,4.7572253924393335,3.0414966487237116,-2.558409143142521,-1.1510412078217027,-20.68055605559417,-0.0012956646180691677,-0.029397
