Relative_Time_s,Raw_S1_V,Raw_S2_V,Norm_S1,Norm_S2,Phase_rad,Unwrapped_Phase_rad,Calculated_Distance_mm,Stage_Position_mm
0.023824691772460938,3.3184805892159708,1.4588810661811051,-0.12096949593810562,0.5042525889708118,1.8273993949096934,2.4003728729949114,0.00015038658502952848,0.166465
0.05078768730163574,3.323007954827276,1.4625999162677408,-0.0804926291732163,0.4592625056358095,1.7673010093190105,2.3402744874042285,0.0001466213404392186,0.166465
0.0783531665802002,3.3205825803647677,1.460983024916119,-0.09401928710371857,0.41062658927345663,1.8219947262711873,2.3949682043564056,0.0001500479752789746,0.166465
0.10447168350219727,3.326080095905546,1.4637317402226764,-0.008604226150393983,0.40572430656045794,1.6157250893424089,2.188698567427627,0.00013712490543345672,0.166465
0.13107848167419434,3.3247865628073634,1.456294040079953,0.028860734472720306,0.32343556252564276,1.5084814025337991,2.0814548806190176,0.00013040594438929178,0.166465
0.16045904159545898,3.322684571561889,1.4561323509498847,0.01880713676139701,0.26411915595249164,1.533371411699394,2.106344889784612,0.0001319653368994634,0.166465
0.1904768943786621,3.3301223869555163,1.4488563402492314,0.1401417164825708,0.1454548142723111,0.8025038652416643,1.3754773433268825,8.617550330433878e-05,0.166465
0.220200777053833,3.317672131094681,1.4456225578111557,0.010192198721936566,0.028104061851887355,0.0,1.3754773433268825,8.617550330433878e-05,0.166465
0.2502601146697998,3.315246756773664,1.4415803298460435,-0.12263292593440853,-0.09689860552326682,-2.4599463018001972,4.396212483464607,0.0002754286177328527,0.166465
0.2821078300476074,3.3160552148735283,1.4389933039963883,-0.20165702590911957,-0.21182904221252855,-2.330736947228118,4.525421838036687,0.0002835237573699376,0.166465
0.31142282485961914,3.315246756773664,1.4407718842640038,-0.27092738317612486,-0.2734232063880752,-2.350287336695218,4.505871448569587,0.0002822988992068447,0.166465
0.3455488681793213,3.3202591971079616,1.4410952624963806,-0.2329050101106322,-0.31311055010773026,-2.213368928348128,4.642789856916677,0.000290877021418877,0.166465
0.3769056797027588,3.3259184042672705,1.4355978326254926,-0.10861493002806001,-0.39917740032342397,-1.8490223815852191,5.007136403679586,0.0003137038220178235,0.166465
0.40496158599853516,3.3220378050345496,1.4427121536670464,-0.08858861903585118,-0.38399562975318613,-1.8116066945449272,5.044552090719877,0.0003160479650731908,0.166465
0.4324953556060791,3.3280203955871843,1.4354361435141987,0.028685615156563243,-0.45051124162496764,-1.5243020158360305,5.331856769428774,0.00033404798914450455,0.166465
0.46036791801452637,3.326080095905546,1.4467543816578043,0.07728920543181095,-0.37707217771150503,-1.390443005831924,5.46571577943288,0.00034243443594051185,0.166465
0.49038124084472656,3.327858703945472,1.438023169312417,0.1420093944517882,-0.4182362562144858,-1.263407336241168,5.592751449023636,0.0003503933912935012,0.166465
0.5231680870056152,3.323007954827276,1.4444907339716928,0.10359259409971959,-0.37847968697738127,-1.3257510621777486,5.530407723087055,0.0003464874731142471,0.166465
0.549689769744873,3.321714421772596,1.4452991795705759,0.0543752525598932,-0.3420786603131031,-1.4375659768740936,5.41859280839071,0.0003394821185021651,0.166465
0.5760664939880371,3.330607461893549,1.4613064031852607,0.1734114912605449,-0.14688365529775307,-0.7362958750654054,6.119862910199398,0.0003834176324303555,0.0
0.6026139259338379,3.3220378050345496,1.4836195051892431,0.10882987586615948,0.2263243033274517,1.1491047466339448,8.005263531898748,0.0005015405141292091,0.0
0.6290085315704346,3.330607461893549,1.4776370065478643,0.21152972757493896,0.42414129287253893,1.1218535176459616,7.9780123029107655,0.0004998331880252246,0.166472
0.655043363571167,3.332386070021746,1.481194167877568,0.31411730112187125,0.600327476991247,1.0980351843960725,7.954193969660876,0.0004983409374508058,0.166472
0.6826553344726562,3.3445129445489328,1.4732713995599829,0.5952309641578223,0.6396577941730814,0.8255561872347654,7.681714972499569,0.0004812697622445001,0.166472
0.7123434543609619,3.3373985112970774,1.469229170964167,0.669219806123955,0.6243318688325696,0.7537641590959718,7.609922944360775,0.00047677189523991824,0.166472
0.740692138671875,3.336590053008204,1.4703609949616376,0.7070585049533678,0.6256037222579838,0.7269109747692222,7.583069760034026,0.0004750895071686726,0.166472
0.7689006328582764,3.3451597112357994,1.4617914705900819,0.8814526002398821,0.5356368699033118,0.5455490048898581,7.401707790154662,0.00046372693612346837,0.166472
0.7965984344482422,3.337883586273848,1.4729480212689,0.8779470457690262,0.5909457973858686,0.5927732938234405,7.4489320790882445,0.0004666856012638172,0.166472
0.824415922164917,3.3385303529135633,1.4679356578331049,0.8866559502256366,0.5765191841316185,0.5765472990243232,7.432706084289127,0.00046566902089249286,0.166472
0.8504512310028076,3.3456447862539704,1.4671272121310117,1.0155429070326418,0.5578491255610712,0.5008721949949979,7.357030980259802,0.0004609278739670466,0.166472
0.8784363269805908,3.3391771195578746,1.4629232945398398,0.9941358457757427,0.5002086528733726,0.4638540699522294,7.320012855217033,0.00045860863870488824,0.16663
0.9141061305999756,3.3527592201515826,1.4637317402226764,1.2135695672220967,0.4684317510803968,0.3643650963691428,7.220523881633946,0.0004523755208615818,0.16663
0.9454386234283447,3.3391771195578746,1.4643784967716094,1.1327545079083534,0.45304506312428316,0.3764740149976402,7.232632800262444,0.00045313416088015024,0.16663
0.974517822265625,3.3398238862067835,1.465348631599451,1.0873467591336252,0.4525600965505617,0.39064294213532214,7.2468017274001255,0.00045402186319912766,0.16663
1.0034499168395996,3.335943286382274,1.4753733584665267,0.9885845797118422,0.5585063448851716,0.5140334441468575,7.370192229411661,0.0004617524439065498,0.16663
1.0291142463684082,3.3396621945441254,1.468582414397449,0.9836371112023898,0.5606687108434899,0.5179707404109598,7.374129525675762,0.0004619991208066554,0.16663
1.0550198554992676,3.3424109528484083,1.4677739686923896,1.0276157532128167,0.5536109376902947,0.49324898348545665,7.349407768750259,0.00046045026952534686,0.16663
1.0842251777648926,3.337721894614637,1.4643784967716094,0.9774705547159167,0.5126704937512148,0.4816638689139128,7.337822654178716,0.00045972444653459766,0.16663
1.1112573146820068,3.338045277933346,1.4564557292101685,0.9479503120413502,0.4000121793095155,0.3942076371591845,7.250366422423987,0.000454245196130999,0.16663
1.1374659538269043,3.3372368196387283,1.4415803298460435,0.9133326515231329,0.1634370766970713,0.16049938587780405,7.016658171142606,0.00043960306023667947,0.166782
1.1738495826721191,3.3390154278963657,1.4677739686923896,0.9197979687452349,0.27554879378779695,0.2806238970558112,7.1367826823206135,0.0004471290222310184,0.166782
1.1998710632324219,3.3385303529135633,1.4550005270435349,0.9159515963089828,0.21859841763832807,0.2206496049168832,7.076808390181686,0.00044337155226216175,0.166782
1.2268917560577393,3.35162737835783,1.468582414397449,1.1393057025620055,0.3227331617707104,0.26710561269077304,7.123264397955576,0.00044628208355578685,0.166782
1.2531187534332275,3.3401472695329626,1.4739181561439338,1.097513991793396,0.4521989171889539,0.3871201348295864,7.243278920094389,0.00045380115458906674,0.166782
1.281571865081787,3.3466149362980837,1.4703609949616376,1.1798877264685383,0.5051106561074528,0.4016810486976903,7.2578398339624925,0.0004547134154032798,0.166782
1.308290719985962,3.3437044861968244,1.474888291024323,1.1873167702621856,0.5901488787773569,0.4611002422045251,7.317259027469327,0.0004584361076971451,0.166782
1.3353245258331299,3.3346497531441934,1.4732713995599829,1.0362380030430631,0.6325327754233583,0.5522950493216472,7.4084538345864495,0.00046414958486940596,0.166782
1.361870527267456,3.3427343361837862,1.4571024857325057,1.0700177740622463,0.4907729194970084,0.42791302802569803,7.284071813290501,0.00045635688414685967,0.166782
1.3883073329925537,3.3440278695368044,1.4430355319029362,1.1159892002182146,0.2423981653616025,0.1990817192128211,7.055240504477624,0.0004420202952496234,0.16693
1.4157564640045166,3.351789070041787,1.4651869424611073,1.2821227238597421,0.3033929822801654,0.2205729197342106,7.076731704999013,0.0004433667478324524,0.16693
1.443324089050293,3.3398238862067835,1.4714928189663843,1.191904510299564,0.41294650291221463,0.3268776711488132,7.183036456413616,0.00045002688331286574,0.16693
1.469330072402954,3.3472617029999174,1.4577492422572031,1.2571238830811893,0.3439196717812215,0.2568610956253935,7.113019880890196,0.000445640250799688,0.16693
1.4992907047271729,3.3417641861811025,1.4571024857325057,1.2078937004655381,0.2887437469475087,0.22194287445575248,7.078101659720555,0.00044345257733608307,0.16693
1.5267603397369385,3.3395005028817546,1.454353770528863,1.1343627975412813,0.22097774191440459,0.1758147006902022,7.031973485955005,0.00044056258528347563,0.16693
1.556314468383789,3.3373985112970774,1.454353770528863,1.0466120894923892,0.17354153839123013,0.14401337861194666,7.00017216387675,0.0004385701897350266,0.16693
1.5840182304382324,3.336590053008204,1.4583959987842614,0.9712331033112819,0.1831933396835813,0.16636990149674458,7.0225286867615475,0.0004399708559263523,0.16693
1.6116900444030762,3.3276970123040464,1.4533836357612737,0.7649794251401847,0.13680674247291466,0.14977448605754515,7.005933271322348,0.00043893113085566624,0.16693
1.6406333446502686,3.334164678184649,1.465348631599451,0.7322297673673369,0.2311932720945967,0.2934877881040565,7.14964657336886,0.00044793496228587494,0.16709
1.670968770980835,3.329475620375486,1.4598512009787785,0.6283747663506555,0.2389781252683547,0.3572527270880237,7.213411512352827,0.0004519299213717317,0.16709
1.6981232166290283,3.335134828106321,1.4556472835605647,0.6533506944398749,0.19985609263544019,0.28137286465046235,7.137531649915266,0.0004471759460569476,0.16709
1.7248954772949219,3.3312542284816056,1.4690674818222649,0.6038570922711449,0.31475639188197024,0.4915453144986086,7.347704099763412,0.0004603435323747003,0.16709
1.7524375915527344,3.326080095905546,1.4674505904114041,0.47990923941201813,0.3780437426986282,0.7102015053959944,7.566360290660798,0.0004740426364658055,0.16709
1.7849249839782715,3.314276607063249,1.474888291024323,0.1894248179696349,0.5012020393911859,1.3425808483624453,8.198739633627248,0.000513662051808258,0.16709
1.8145689964294434,3.309587550274414,1.4758584259100702,-0.09484450000550124,0.5976985626854641,1.874909585002952,8.731068370267755,0.0005470131622615958,0.16709
1.8422091007232666,3.3204208887362214,1.4781220739976644,-0.10685629429125171,0.6892461323013365,1.8513964464441293,8.707555231708932,0.000545540032544555,0.16709
1.871863603591919,3.3188039724664873,1.4674505904114041,-0.14317152606891023,0.6401865609921837,1.9269925036179465,8.783151288882749,0.0005502762270783163,0.16709
1.8987741470336914,3.328990545443473,1.4587193770486762,0.007221767330132894,0.5132734270471611,1.7237719222434498,8.579930707508252,0.0005375441846592171,0.16724
1.928044080734253,3.329152237087191,1.4679356578331049,0.11528777057623331,0.5221485248945209,1.4978033199818281,8.35396210524663,0.0005233869481730284,0.16724
1.9544401168823242,3.337883586273848,1.4601745792458516,0.34163166500446684,0.44607537379940376,0.9968390131515934,7.8529977984163954,0.0004920008613806522,0.16724
1.9805140495300293,3.335943286382274,1.4422270863143096,0.4665840138214109,0.20253845528371217,0.39317881545265976,7.249337600717462,0.0004541807390690195,0.16724
2.0085651874542236,3.330930845187004,1.4579109313887464,0.46753901998100705,0.1983483242056798,0.38300133757430666,7.23916012283911,0.0004535431064080449,0.16724
2.0355000495910645,3.335943286382274,1.4672889012711339,0.5547191623050223,0.2948438094682824,0.4895286097135381,7.3456873949783414,0.000460217183110779,0.16724
2.0640363693237305,3.3367517446654045,1.4613064031852607,0.6296987523795651,0.2989620735492152,0.4370854802702727,7.293244265535076,0.0004569315506017789,0.16724
2.0948126316070557,3.329475620375486,1.4714928189663843,0.5566030558592151,0.4098448668005495,0.6588588901496925,7.515017675414496,0.0004708259526496188,0.16724
2.121273994445801,3.3255950209915803,1.4734330887057476,0.43845932061999343,0.508034252954795,0.9192360805485462,7.77539486581335,0.00048713893340531747,0.16724
2.1510701179504395,3.331415920129337,1.4700376166759035,0.45622382853327936,0.5407668193745879,0.9284967519275298,7.784655537192334,0.0004877191269075163,0.1674
2.1809940338134766,3.326726862461509,1.4716545081105137,0.3877287459362326,0.580822474776161,1.0574514356871214,7.9136102209519255,0.0004957983110760873,0.1674
2.2061281204223633,3.326888554101216,1.4621148488607016,0.342572885915799,0.5077185682747267,1.063981266145146,7.92014005140995,0.0004962074137261181,0.1674
2.2357542514801025,3.330930845187004,1.469229170964167,0.38073123044709917,0.5319744107037221,1.0257695548574413,7.881928340122245,0.0004938133986823126,0.1674
2.26289439201355,3.335296519760937,1.4624382271319134,0.4827909173622221,0.4769534950389999,0.8252841225121168,7.681442907776921,0.0004812527170241485,0.1674
2.2899036407470703,3.335458211415841,1.45451545965731,0.557023396262632,0.35443885131003544,0.5759813342412061,7.43214011950601,0.0004656335624385428,0.1674
2.3176462650299072,3.336428361351291,1.4461076251731249,0.62573031995593,0.17953574472526299,0.23518321881860893,7.091342004083413,0.00044428210269680787,0.1674
2.3441824913024902,3.338206969593131,1.454353770528863,0.7045228458534207,0.14453214035883336,0.15062056197888307,7.006779347243687,0.0004389841386487126,0.1674
2.369753122329712,3.3385303529135633,1.445137490450506,0.7652590102847129,0.02231533317947768,-0.04353195260173479,6.812626832663069,0.00042682022279582054,0.1674
2.39825177192688,3.3388537362351447,1.4462693142940748,0.8133557217094842,-0.051236432314029856,-0.14189473195108188,6.7142640533137214,0.0004206576625341288,0.167559
2.43233585357666,3.3396621945441254,1.4588810661811051,0.8609769106007469,0.030991617506614794,-0.026592798122214274,6.829565987142589,0.00042788148357914387,0.167559
2.461493730545044,3.3422492611811503,1.4381848584260468,0.9389629145185981,-0.13087731398730965,-0.21303462227816292,6.6431241629866395,0.0004162006528394988,0.167559
2.494185209274292,3.3433811028579945,1.4480478946342077,1.013088005276671,-0.13961414305498526,-0.205400717199829,6.650758068064974,0.0004166789272476486,0.167559
2.5192158222198486,3.335943286382274,1.4488563402492314,0.9366034520119846,-0.1371584950329282,-0.22079510708686806,6.635363678177935,0.00041571444804120074,0.167559
2.546457052230835,3.3372368196387283,1.4541920814005633,0.9053898495025923,-0.07886811320192746,-0.1592688972846891,6.696889887980114,0.0004195691477364258,0.167559
2.572030544281006,3.340308961196483,1.4614680923200534,0.9365635928603694,0.03907801347893119,-0.013039793231224185,6.843118992033579,0.0004287305975419681,0.167559
2.599158525466919,3.3259184042672705,1.4668038338512126,0.7100130920516309,0.17821173439816035,0.20900234559041217,7.065161130855216,0.0004426418358190344,0.167559
2.6255314350128174,3.328990545443473,1.463084983676111,0.6044510000145015,0.23617676487387057,0.35738864288003624,7.213547428144841,0.00045193843667868365,0.167559
2.6507341861724854,3.326241787544107,1.4558089726901906,0.48311567261013283,0.19960942610338908,0.37764953481603203,7.233808320080836,0.00045320780877590493,0.167559
2.679555654525757,3.324301487900269,1.4587193770486762,0.3646925704200291,0.20486943262500715,0.5406216394249025,7.396780424689707,0.0004634182300579217,0.167559
2.70560884475708,3.335458211415841,1.4603362683796097,0.47435455340310445,0.22569429499864357,0.4452649891131061,7.301423774377911,0.00045744400781871035,0.16771
2.7311952114105225,3.3272119373814886,1.4647018750469645,0.40879234675254617,0.28655741552596253,0.6655100293356806,7.521668814600485,0.00047124265545441635,0.16771
2.758648633956909,3.333841294879721,1.445137490450506,0.47731741646058273,0.12173302579646887,0.1876543326993855,7.04381311796419,0.00044130435413359853,0.16771
2.786674976348877,3.3335179115759406,1.4669655229910379,0.5197035692405556,0.23778452887266294,0.4261269038113354,7.28228568907614,0.0004562449810654434,0.16771
2.814265251159668,3.3367517446654045,1.4695525492484163,0.6051878372344409,0.34644915487547984,0.5370658050560758,7.39322459032088,0.00046319545225799127,0.16771
2.842799186706543,3.330607461893549,1.4668038338512126,0.5589803005327308,0.39337153337574754,0.6512399514067098,7.507398736671514,0.0004703486159024839,0.16771
2.8693342208862305,3.321714421772596,1.4765051825035462,0.37314664706299083,0.5290743522458862,1.0706420870498337,7.926800872314638,0.000496624723103598,0.16771
2.8954427242279053,3.330930845187004,1.4684207252561405,0.4021328632501258,0.5383520301280418,1.0333587283280143,7.8895175135928195,0.0004942888705951461,0.16771
2.9279627799987793,3.3223611882976476,1.4579109313887464,0.2745162315723654,0.43341782659671124,1.1700573266995584,8.026216111964363,0.000502853221416929,0.16771
2.9551334381103516,3.3252716377170346,1.4668038338512126,0.23541714810814923,0.45424960358060795,1.2764091440450578,8.132567929309863,0.0005095163056411389,0.16786
2.9871461391448975,3.3288288538000423,1.4496647858679277,0.26944314139225567,0.28711755602036243,0.9793684817119502,7.835527266976755,0.0004909063091169531,0.16786
3.01949143409729,3.3264034791829546,1.4666421447115352,0.2514008693572492,0.35012512832649995,1.1353519831770298,7.9915107684418345,0.0005006788850238844,0.16786
3.049546480178833,3.3188039724664873,1.478283763147896,0.10760848848503785,0.5176590142126172,1.588235377495856,8.444394162760661,0.0005290526380580174,0.16786
3.07558536529541,3.317995514342339,1.477960384847582,-0.0069996658293543495,0.6315041624093614,1.7818306657042569,8.637989450969062,0.000541181642930141,0.16786
3.101193904876709,3.323654721361483,1.4832961268790776,0.010449042668118129,0.7677672036944508,1.7180198599028011,8.574178645167606,0.0005371838102265535,0.16786
3.1311190128326416,3.3136298405953495,1.4894403148745627,-0.15036010937188904,0.9282942022106853,1.8681134292087194,8.724272214473524,0.0005465873739714842,0.16786
3.1571438312530518,3.316378598115474,1.4784454522982766,-0.21548465936698277,0.9240916518956782,1.9370570308689856,8.793215816133792,0.0005509067832307579,0.16786
3.187166929244995,3.3239781046303034,1.4884701799135327,-0.12990905739596786,1.0274355995438673,1.8190084401064046,8.675167225371212,0.0005435108804391291,0.16786
3.214212417602539,3.3171870562253356,1.4899253823571015,-0.18721543552656217,1.1152049375305604,1.8501845837220108,8.706343368986818,0.000545464107717061,0.168018
3.239922523498535,3.317833822718367,1.4845896401233283,-0.21616711016341558,1.1200720344292556,1.8742405002224471,8.730399285487255,0.0005469712432012837,0.168018
3.2671351432800293,3.323007954827276,1.4668038338512126,-0.1471309591309256,0.9349075490633866,1.8625362503747682,8.718695035639577,0.0005462379562254446,0.168018
3.3008272647857666,3.317672131094681,1.4755350476142257,-0.19089867420753645,0.8978638475798582,1.9224112392795585,8.778570024544367,0.0005499892047132837,0.168018
3.328946828842163,3.3225228799296254,1.4690674818222649,-0.13781514698385466,0.8033618203430739,1.899957571342581,8.75611635660739,0.0005485824522539394,0.168018
3.3619754314422607,3.314276607063249,1.4721395755437938,-0.24298225250746328,0.7697818331571339,2.042209066439802,8.89836785170461,0.0005574946995150593,0.168018
3.391072988510132,3.3210676552521203,1.466480455572006,-0.19938993059339152,0.6862758364731527,2.040870826048976,8.897029611313783,0.0005574108569568514,0.168018
3.4202163219451904,3.32122934688181,1.469229170964167,-0.16608460762887356,0.6569644984426187,2.0152344804230977,8.871393265687905,0.0005558047054648533,0.168018
3.4477486610412598,3.3165402897368743,1.4642168076341542,-0.22370111066525572,0.5833037004507386,2.1544173831731492,9.010576168437957,0.0005645247012932355,0.16817
3.480837345123291,3.324139796265143,1.478768830599485,-0.1328698755912215,0.6860268725967386,1.9497019289649884,8.805860714229796,0.0005516990030829727,0.16817
3.507894992828369,3.3162169064943585,1.4784454522982766,-0.20603219319714458,0.7545045211659155,2.0072108736026983,8.863369658867505,0.000555302015719058,0.16817
3.540147542953491,3.317672131094681,1.4763434933549537,-0.2321295380538923,0.7801531577538277,2.023744599958034,8.87990338522284,0.0005563378758857702,0.16817
3.566737651824951,3.320744271993599,1.4726246429784113,-0.1973744257103578,0.7586786270618712,1.9941719301261078,8.850330715390914,0.0005544851083944094,0.16817
3.5937626361846924,3.3189656640921745,1.4753733584665267,-0.20374352050672684,0.772789316243089,1.9941845582266209,8.850343343491428,0.0005544858995618705,0.16817
3.6207878589630127,3.325433329354164,1.4697142383907635,-0.09657398059415867,0.722666791913748,1.8781915022282953,8.734350287493102,0.0005472187787845212,0.16817
3.6483092308044434,3.324948254443634,1.4682590361149803,-0.029927395899679292,0.6721524520291764,1.7975204227543966,8.653679208019204,0.0005421646272861381,0.16817
3.6813414096832275,3.321552730142048,1.4831344377242188,-0.04187943807915175,0.7945067204167121,1.7754789806022389,8.631637765867046,0.0005407837013259755,0.16817
3.7090437412261963,3.313953223828728,1.4879851124350405,-0.18140865109444418,0.9315832893262079,1.8983532386420217,8.754512023906829,0.0005484819386550719,0.16832
3.73903226852417,3.3173487478481647,1.473109710414367,-0.22047445360926288,0.8698225768939437,1.9659684213495405,8.822127206614347,0.0005527181206824268,0.16832
3.7664170265197754,3.326080095905546,1.4758584259100702,-0.09712284270427245,0.8557329389373906,1.8277453885539499,8.683904173818757,0.0005440582619961313,0.16832
3.7991349697113037,3.3184805892159708,1.4719778863992186,-0.1419395050543676,0.8047273302705723,1.902943217371752,8.75910200263656,0.0005487695069884289,0.16832
3.8291802406311035,3.3171870562253356,1.486691599165652,-0.19563674888745475,0.9250234278074222,1.9160642489820743,8.772223034246881,0.0005495915572449287,0.16832
3.856780767440796,3.326726862461509,1.4799006546584126,-0.06857365825828898,0.9372306835617642,1.7708849860854623,8.62704377135027,0.0005404958813981655,0.16832
3.882183074951172,3.3239781046303034,1.4815175461838497,-0.027071356619889877,0.9629186224605061,1.7183272955183313,8.574486080783139,0.0005372030714808596,0.16832
3.910243511199951,3.329313928731195,1.4832961268790776,0.09407328168293388,0.9997573257302529,1.5782626105360502,8.434421395800857,0.0005284278308110879,0.16832
3.936986207962036,3.32122934688181,1.4850747075923896,0.039339640964556784,1.0444015642514353,1.6360462954028814,8.492205080667688,0.0005320480562915994,0.16832
3.9650652408599854,3.329313928731195,1.4847513292795322,0.14056097999204656,1.0722239591597507,1.5294837276735165,8.385642512938322,0.0005253717682727292,0.16832
3.992630958557129,3.3272119373814886,1.4837811943445502,0.17513684536480054,1.0814139194640768,1.494468993099635,8.35062777836444,0.0005231780481146976,0.168472
4.0216405391693115,3.3221994966659554,1.4700376166759035,0.11282832139343536,0.9421325859310861,1.5564154019698933,8.4125741872347,0.0005270590738460115,0.168472
4.0516533851623535,3.313306457363112,1.4719778863992186,-0.0842760090450101,0.865207083166156,1.8118138241060993,8.667972609370906,0.0005430601280818362,0.168472
4.0841755867004395,3.315570140012753,1.470522684104727,-0.18317927647215654,0.7959306581783184,1.9647186954372207,8.820877480702027,0.0005526398236752031,0.168472
4.111279249191284,3.3160552148735283,1.465348631599451,-0.24403947128553807,0.6925800130883832,2.1077652261240964,8.963924011388903,0.0005616018809840246,0.168472
4.145760536193848,3.3183188975911415,1.4651869424611073,-0.2475718426020132,0.6185202756889112,2.1748233026287447,9.030982087893552,0.000565803159559382,0.168472
4.171319007873535,3.3147616819171715,1.4498264749921077,-0.31143984717283246,0.40382131218252587,2.531029498760723,9.38718828402553,0.0005881199562559761,0.168623
4.206770420074463,3.3228462631944398,1.4530602575065885,-0.21661257271645637,0.2878177517824229,2.6450467092760768,9.501205494540883,0.0005952632876595689,0.168623
4.234338045120239,3.3270502457412094,1.4525751901256652,-0.07767533933857393,0.20147240235441946,2.6952760933572906,9.551434878622096,0.0005984102260478058,0.168623
4.2689666748046875,3.321714421772596,1.4528985683794668,-0.07251230084690971,0.14445922918520657,2.9865261773317853,9.842684962596591,0.000616657435059062,0.168623
4.300509929656982,3.333841294879721,1.4467543816578043,0.14040416314095336,0.039407151855620076,-1.060958102578955,12.078385989865437,0.0007567271077422372,0.168623
4.329543828964233,3.3288288538000423,1.4590427553136813,0.202934051915239,0.09615641220074089,-0.2014860395653885,12.937858052879003,0.0008105741870602211,0.168623
4.359574794769287,3.329475620375486,1.4564557292101685,0.25786776553418184,0.10845232222417982,-0.05824902316391652,13.081095069280474,0.0008195481785549508,0.168623
4.392190456390381,3.3272119373814886,1.444005666614122,0.25725159524425945,-0.014940538970647312,-0.6920544774429032,12.447289615001488,0.0007798394154230039,0.168623
4.42059326171875,3.3383686612532038,1.442550464549321,0.4493784367042898,-0.11674411242415791,-0.5872936440661056,12.552050448378285,0.0007864028223643293,0.168623
4.4551167488098145,3.3406323445243857,1.439154993110895,0.622937000333501,-0.22400661145937112,-0.5763013436578536,12.563042748786536,0.0007870915047513923,0.168623
4.483274221420288,3.340794036188769,1.4386699257678133,0.7472186930973755,-0.30423321753073085,-0.5757115945015018,12.563632497942887,0.0007871284533282762,0.168772
4.512395858764648,3.3343263698375436,1.4385082366537452,0.7225879529625268,-0.36210612735981745,-0.6547776733033895,12.484566419141,0.0007821748572780693,0.168772
4.537924289703369,3.3335179115759406,1.4244412842878653,0.6913929447919164,-0.5517600037085812,-0.8463473973728437,12.292996695071546,0.0007701727567202884,0.168772
4.56546688079834,3.336913436322892,1.4313939157792377,0.7281610982247977,-0.6108034416344564,-0.8584672549461685,12.280876837498221,0.0007694134313621316,0.168772
4.593934535980225,3.3438661778666705,1.4365679672963205,0.8738988288092955,-0.5972767110612921,-0.7443864916275148,12.394957600816875,0.0007765607444342248,0.168772
4.6189658641815186,3.339338811219671,1.42913026828742,0.8977756891981776,-0.666665133774592,-0.7758053047170813,12.363538787727308,0.0007745923135877598,0.168772
4.646484136581421,3.327373629022055,1.4258964862056904,0.7079778396214431,-0.7495227391400937,-0.9601609321310968,12.179183160313292,0.0007630421858764853,0.168772
4.674659729003906,3.335458211415841,1.4328491177533307,0.714654241844102,-0.7338087867811143,-0.9461928533138976,12.19315123913049,0.0007639173047783753,0.168772
4.705011367797852,3.3390154278963657,1.4254114188984424,0.7807230819699414,-0.8016661526114567,-0.9338621475604305,12.205481944883957,0.0007646898400582604,0.168772
4.73456335067749,3.3346497531441934,1.438346547539823,0.7516224212384844,-0.7120234674939144,-0.9050119056135923,12.234332186830795,0.0007664973464721482,0.168923
4.762700080871582,3.337883586273848,1.4336575632995927,0.787065920468035,-0.698987868988385,-0.8707041718408293,12.268639920603558,0.0007686467720802416,0.168923
4.792444944381714,3.334164678184649,1.4354361435141987,0.7476903140968219,-0.6710058090896116,-0.8828069929995122,12.256537099444875,0.0007678885140763481,0.168923
4.818964242935181,3.3385303529135633,1.4263815535142452,0.795476238055091,-0.7474183554799525,-0.8934931091456806,12.245850983298707,0.0007672190145446166,0.168923
4.846328496932983,3.3416024945149947,1.4322023613189439,0.8819496506940473,-0.7391928603035218,-0.8294775843236086,12.309866508120779,0.0007712296731698545,0.168923
4.876685619354248,3.338045277933346,1.4229860823817917,0.8810856792260415,-0.8311492857034121,-0.8817535252725546,12.257590567171832,0.0007679545152446158,0.168923
4.903710603713989,3.3477467780293155,1.4349510761811926,1.0479227966256484,-0.768661657430024,-0.7483912122193721,12.390952880225015,0.0007763098433094109,0.168923
4.933345556259155,3.335134828106321,1.4336575632995927,0.9470343156323802,-0.7386346019436555,-0.7882273651499712,12.351116727294416,0.0007738140548144875,0.168923
4.960456371307373,3.3416024945149947,1.425573108000713,0.9880403049981803,-0.8033299377711713,-0.8015247260043874,12.33781936644,0.0007729809572939736,0.169075
4.987169027328491,3.332062686723129,1.4334958741900488,0.8520933093916434,-0.7646166837136392,-0.864656659823577,12.27468743262081,0.0007690256568320365,0.169075
5.015275001525879,3.3325477616714845,1.434304319739226,0.765302506364245,-0.7289459782020586,-0.9060521514457706,12.233291940998617,0.00076643217367335,0.169075
5.041304349899292,3.3302840786012404,1.4368913455210974,0.665479173105951,-0.6765479155359623,-0.9556581040913399,12.183685988353048,0.0007633242941020416,0.169075
5.07083797454834,3.3396621945441254,1.4278367554477527,0.7574633265783017,-0.735869260767297,-0.9160687057319176,12.22327538671247,0.0007658046230916034,0.169075
5.0991644859313965,3.3343263698375436,1.434789387070482,0.7297591963991649,-0.703679925518279,-0.9184697549562894,12.220874337488098,0.0007656541941322517,0.169075
5.1262428760528564,3.3417641861811025,1.4317172939946832,0.8387384197881134,-0.7137188158775192,-0.8427215493601301,12.296622543084258,0.000770399920969061,0.169075
5.154271841049194,3.329475620375486,1.4330108068622918,0.7029308230451989,-0.7070317549723214,-0.9426843379813632,12.196659754463024,0.000764137117977116,0.169075
5.180316925048828,3.330445770247251,1.4288068900766309,0.6246096926889516,-0.7469222354866817,-1.0332882481176398,12.106055844326747,0.0007584606612944855,0.169075
5.209120512008667,3.3412791111836415,1.429453646498791,0.7567616724462465,-0.7679884298918479,-0.9351381764869173,12.20420591595747,0.000764609895131865,0.169226
5.245589971542358,3.336913436322892,1.4333341850806507,0.7739192075828722,-0.7415919137277294,-0.9066701928511489,12.232673899593237,0.0007663934525490582,0.169226
5.278202295303345,3.3416024945149947,1.4292919573930327,0.8668597293634941,-0.7659714901516104,-0.8543236789272775,12.28502041351711,0.0007696730319659801,0.169226
5.314239263534546,3.3385303529135633,1.4372147237464585,0.878894828741754,-0.6990372027717883,-0.804650002151646,12.334694090292741,0.000772785154545014,0.169226
5.3417346477508545,3.3391771195578746,1.4407718842640038,0.8984821909720982,-0.614468918779557,-0.7333476106935837,12.405996481750803,0.0007772523451537954,0.169226
5.374158143997192,3.338045277933346,1.4393166822255479,0.8926584574206772,-0.570699690322803,-0.7043154762198673,12.43502861622452,0.0007790712473788371,0.169226
5.401289701461792,3.338045277933346,1.4365679672963205,0.8885818439347003,-0.5692040851431339,-0.705846192117841,12.433497900326547,0.0007789753459715448,0.169226
5.432893991470337,3.3406323445243857,1.4339809415191178,0.9303793853948139,-0.5955857302758577,-0.6989951846389377,12.44034890780545,0.0007794045707933862,0.169226
5.458073139190674,3.335134828106321,1.4376997910855955,0.8647539277707961,-0.5746243141538694,-0.7262291186469113,12.413114973797477,0.0007776983282431324,0.169377
5.486025094985962,3.329960695310079,1.4399634386856215,0.7295137722926894,-0.53595132472797,-0.7992220952449535,12.340121997199434,0.0007731252202042868,0.169377
5.512578010559082,3.3340029865320413,1.442550464549321,0.7046131123539007,-0.4814516624542854,-0.7732880545615227,12.366056037882865,0.0007747500226915487,0.169377
5.537604808807373,3.3286671621568975,1.4388316148820277,0.5950896185073989,-0.48273046764647837,-0.8837358578431485,12.25560823460124,0.0007678303194461055,0.169377
5.566122055053711,3.326565170822089,1.4462693142940748,0.4821441011255148,-0.40476849289219985,-0.950189905117847,12.189154187326542,0.0007636668841134259,0.169377
5.595168590545654,3.326565170822089,1.4446524230911764,0.40308223895821127,-0.36733796701522514,-1.0363350185259737,12.103009073918415,0.0007582697770355301,0.169377
5.62129282951355,3.3223611882976476,1.438023169312417,0.27518079456799965,-0.4114223087270946,-1.3131929391466104,11.826151153297777,0.0007409242563920788,0.169377
5.647356748580933,3.3302840786012404,1.4454608686907926,0.32239397484858434,-0.3634242098935784,-1.1851169042864464,11.95422718815794,0.0007489483920267693,0.169377
5.676940679550171,3.3205825803647677,1.4399634386856215,0.1880013357115368,-0.38811125174576794,-1.4904069608950767,11.64893713154931,0.0007298215598694136,0.169377
5.702484130859375,3.3244631795356807,1.4470777599010245,0.1609032323144138,-0.3299636134778625,-1.5484984412374594,11.590845651206926,0.0007261820505888821,0.169526
5.730413913726807,3.3181572059665974,1.45451545965731,0.03309735238211677,-0.2104031246517675,-1.9945114188564792,11.144832673587906,0.0006982387383903534,0.169526
5.756196737289429,3.3280203955871843,1.4478862055116435,0.1138657951491357,-0.19699649618932147,-1.722302890058752,11.417041202385633,0.0007152929683903476,0.169526
5.783412218093872,3.3252716377170346,1.4491797184962691,0.12296184261190121,-0.1738975708682868,-1.6982267499609685,11.441117342483416,0.0007168013709101114,0.169526
5.809463739395142,3.324948254443634,1.446431003415171,0.12374768034454985,-0.18687117949380894,-1.6881517564911939,11.451192335953191,0.0007174325827852163,0.169526
5.837213516235352,3.3286671621568975,1.4296153356046946,0.18848381610086612,-0.374238405204255,-1.4852053304602582,11.654138761984127,0.0007301474490037553,0.169526
5.867032289505005,3.323007954827276,1.445137490450506,0.13612468925407925,-0.3408240487146834,-1.6112345451136347,11.52810954733075,0.0007222515494046121,0.169526
5.8940417766571045,3.323493029727502,1.4517667444937357,0.10784539352782309,-0.24714828654222712,-1.7179725860755677,11.421371506368818,0.0007155642677519998,0.169526
5.9260547161102295,3.3231696464603986,1.4436822883764742,0.08246849113683183,-0.26728953636625785,-1.7862654285151007,11.353078663929285,0.0007112856294321014,0.169526
5.95594334602356,3.3231696464603986,1.4446524230911764,0.06470465946315328,-0.27110269744706494,-1.8361195145628024,11.303224577881583,0.0007081622039698198,0.169685
5.988197088241577,3.325433329354164,1.4498264749921077,0.09133974538477019,-0.21891476901266216,-1.792261516504802,11.347082575939584,0.0007109099664647131,0.169685
6.017810583114624,3.327858703945472,1.4446524230911764,0.15184477241882388,-0.2372403602995511,-1.5693464346621135,11.569997657782274,0.0007248758957947147,0.169685
6.048922538757324,3.3244631795356807,1.4561323509498847,0.13559363800951735,-0.12835399002514247,-1.6606704939223955,11.478673598521992,0.0007191543208020543,0.169685
6.080281496047974,3.3231696464603986,1.4571024857325057,0.10189226227402803,-0.04184781631694606,-2.07893555611079,11.060408536333597,0.0006929494527803645,0.169685
6.110094308853149,3.3276970123040464,1.4417420189628902,0.15644083641410192,-0.14415063463284952,-1.5438977157529132,11.595446376691473,0.0007264702922208649,0.169685
6.136327266693115,3.332386070021746,1.4446524230911764,0.2755550773092802,-0.18490546623367912,-1.0780402537616567,12.06130383868273,0.0007556568880233649,0.169685
6.165984153747559,3.3270502457412094,1.4444907339716928,0.26684201567942634,-0.2151481339908174,-1.1551186035308607,11.984225488913525,0.0007508278258672677,0.169685
6.196438312530518,3.328990545443473,1.446916070779341,0.29423124655396593,-0.21060371670928166,-1.0632247782188544,12.076119314225531,0.0007565850974684627,0.169685
6.228809833526611,3.32381641299575,1.4459459360523217,0.22410137904009997,-0.21770833853880203,-1.3031971430652067,11.836146949379179,0.0007415505064444126,0.169685
6.258414268493652,3.335134828106321,1.4493414076200084,0.37035932332248617,-0.18668157483124903,-0.8143427614402602,12.325001331004126,0.0007721778901548322,0.169844
6.2852537631988525,3.3239781046303034,1.454838837914646,0.28018173048666295,-0.10667712613128386,-0.8684369571968001,12.270907135247587,0.0007687888161233485,0.169844
6.317910432815552,3.3346497531441934,1.4488563402492314,0.4012434752001972,-0.11410258318633175,-0.5660850237271325,12.573259068717254,0.0007877315709191261,0.169844
6.347671031951904,3.33270945332151,1.4299387138169382,0.45249832040585447,-0.31987181679924986,-0.8819762224782394,12.257367869966147,0.0007679405629655197,0.169844
6.38025975227356,3.3252716377170346,1.4452991795705759,0.36000461029160946,-0.3010531511884056,-1.030867588093108,12.108476504351279,0.0007586123188968115,0.169844
6.411277770996094,3.3301223869555163,1.449988164116435,0.37897994795371953,-0.2381658009436902,-0.8950742532591026,12.244269839185284,0.0007671199537418836,0.169844
6.439674615859985,3.333841294879721,1.4579109313887464,0.45644873730135804,-0.11014465515349953,-0.4656786892642485,12.673665403180138,0.0007940221626538869,0.169844
6.466248512268066,3.3346497531441934,1.4503115423655297,0.524630379970471,-0.10110128233876677,-0.36770736229017337,12.771636730154214,0.000800160197898411,0.169844
6.492049932479858,3.3288288538000423,1.460983024916119,0.4718924036958835,0.018371937691254017,-0.07100604527451315,13.068338047169874,0.0008187489339825998,0.169995
6.519444704055786,3.332386070021746,1.4501498532409087,0.496371174406535,-0.01285395303846115,-0.15667079988118215,12.982673292563206,0.0008133819220289048,0.169995
6.5461037158966064,3.3346497531441934,1.4498264749921077,0.5525760859441,-0.038140647926634,-0.19691404427078427,12.942430048173604,0.0008108606287072093,0.169995
6.573290824890137,3.327535320662908,1.449988164116435,0.46912881516090377,-0.054127048660448505,-0.2955735111885532,12.843770581255836,0.0008046794805708012,0.169995
6.601812124252319,3.333679603227687,1.4456225578111557,0.5167622463361182,-0.11160324220104124,-0.4015175872413502,12.737826505203039,0.0007980419418863176,0.169995
6.629829406738281,3.336104978038326,1.4354361435141987,0.5919661188332217,-0.2598365703384725,-0.6064204483940825,12.532923644050307,0.0007852045023792248,0.169995
6.6573569774627686,3.3270502457412094,1.4318789831026246,0.48832974474620583,-0.4013141817374776,-0.9312766599236275,12.208067432520762,0.0007648518243319163,0.169995
6.685486555099487,3.330445770247251,1.4281601336567973,0.47438893787968456,-0.5397770761524988,-1.0744180254528395,12.06492606699155,0.0007558838254928262,0.169995
6.717042922973633,3.3317393034256595,1.4302620920297637,0.48695595650195395,-0.6144153908796198,-1.1080536098628782,12.031290482581511,0.000753776510945238,0.169995
6.7457990646362305,3.327858703945472,1.4320406722107115,0.4287761202008602,-0.6478050706005625,-1.1994260451818806,11.939918047262509,0.0007480519051275129,0.170146
6.781822443008423,3.3272119373814886,1.4352744544030507,0.3768874435109599,-0.6368921357663099,-1.2624475909057948,11.876896501538596,0.0007441035206280345,0.170146
6.811857223510742,3.3317393034256595,1.442550464549321,0.418704910443862,-0.5521102301811248,-1.1595999493065272,11.979744143137864,0.0007505470635344151,0.170146
6.838365316390991,3.330445770247251,1.4415803298460435,0.4256515538680106,-0.5030486099463722,-1.115985664948846,12.023358427495545,0.0007532795570385909,0.170146
6.866497755050659,3.3344880614907253,1.4388316148820277,0.5002816535320841,-0.49784833089093833,-1.0051143165506822,12.134229775893708,0.0007602257959545538,0.170146
6.892614126205444,3.337075127980667,1.4393166822255479,0.5971738924523039,-0.4890652788007715,-0.8766821972459753,12.262661895198415,0.0007682722407580402,0.170146
6.9190826416015625,3.3344880614907253,1.434142630629099,0.6203472905410562,-0.5377742803004014,-0.8950573634183893,12.244286729026001,0.0007671210119130935,0.170146
6.9481024742126465,3.3414408028491747,1.4286452009714543,0.756568689185993,-0.6301562887011908,-0.8401372947561687,12.299206797688221,0.0007705618279915528,0.170146
6.976243019104004,3.337721894614637,1.4360828999602497,0.7877376098971222,-0.6159665606803916,-0.8035174967664556,12.335826595677934,0.0007728561075287453,0.170146
7.00330376625061,3.340470652860291,1.4459459360523217,0.8569977233500081,-0.5014623293185758,-0.6536481214780442,12.485695970966345,0.0007822456252173085,0.170295
7.029328107833862,3.3310925368341615,1.439478371340347,0.743619314577184,-0.48988079211323604,-0.7313436697153246,12.408000422729065,0.0007773778947480738,0.170295
7.057129383087158,3.332386070021746,1.434466008849499,0.6865800120234326,-0.5349165685428678,-0.8258039366713675,12.313540155773023,0.0007714598321302554,0.170295
7.092158794403076,3.3417641861811025,1.4461076251731249,0.8085129907250905,-0.44301304917177164,-0.6316849966658215,12.507659095778568,0.0007836216444909167,0.170295
7.118446588516235,3.337883586273848,1.4330108068622918,0.8268893191086644,-0.5175377182782982,-0.6899593501346557,12.449384742309734,0.0007799706779633508,0.170295
7.151394367218018,3.329152237087191,1.4318789831026246,0.6890550568211901,-0.581704985295347,-0.8642807393371427,12.275063353107246,0.0007690492087555037,0.170295
7.178458213806152,3.3333562199244806,1.4119912239148273,0.6651292194926044,-0.837479178905562,-1.052248614822064,12.087095477622324,0.0007572727688500803,0.170295
7.204482555389404,3.337075127980667,1.4189438549265077,0.7125671886246784,-0.9428068440003122,-1.0622579263946228,12.077086166049764,0.0007566456720340696,0.170295
7.232075452804565,3.331577611777355,1.42427959518661,0.6508900340775234,-0.959964790800219,-1.1197149646737425,12.019629127770644,0.000753045911401078,0.170295
7.258598327636719,3.3288288538000423,1.4241179060855003,0.5602741615708278,-0.9736896390019031,-1.2025528396969762,11.93679125274741,0.0007478560072507684,0.170447
7.2851951122283936,3.334811444797949,1.4326874286445155,0.6000988749991001,-0.8924399022078184,-1.135870464125875,12.003473628318512,0.000752033747657942,0.170447
7.314217567443848,3.327535320662908,1.4376997910855955,0.502394767499414,-0.7824222345062458,-1.185328863429966,11.95401522901442,0.0007489351125016927,0.170447
7.33992338180542,3.3286671621568975,1.4225010150823771,0.4535367771092787,-0.866552703929064,-1.2694067092987575,11.86993738314563,0.0007436675225121964,0.170447
7.367376804351807,3.322684571561889,1.4205607458977603,0.31608036660698025,-0.9460154575217318,-1.4311491024668248,11.708194989977562,0.0007335341443038765,0.170447
7.396644592285156,3.335943286382274,1.4208841240937478,0.4486981049431984,-0.998210814219174,-1.311254369116949,11.828089723327437,0.0007410457104086113,0.170447
7.423890829086304,3.314923373535717,1.4493414076200084,0.17873981354109414,-0.7330333078075023,-1.5766393821173847,11.562704710327,0.0007244189828396746,0.170447
7.4533851146698,3.3191273557181473,1.444329044852356,0.06232714452977557,-0.6005519087274935,-1.768876350769335,11.37046774167505,0.0007123750785124585,0.170447
7.480371952056885,3.319289047344406,1.4448141122108062,-0.016371026212702318,-0.5026720724618303,-1.9482877336044486,11.191056358839937,0.000701134714365894,0.170447
7.511428117752075,3.3112044663813927,1.4496647858679277,-0.21099461796456243,-0.3827276172093452,-2.3717497779648062,10.76759431447958,0.0006746042484297745,0.170598
7.539673566818237,3.3158935232529845,1.4452991795705759,-0.26630090779704046,-0.3450522114754778,-2.4882118924292755,10.651132200015109,0.0006673077405094124,0.170598
7.566842079162598,3.3210676552521203,1.4381848584260468,-0.2157129892960802,-0.39410799427477605,-2.3627398549999414,10.776604237444444,0.0006751687322069863,0.170598
7.595470428466797,3.323007954827276,1.442550464549321,-0.14681307452378828,-0.38216133113705114,-2.28286692906288,10.856477163381506,0.0006801728783140885,0.170598
7.623151779174805,3.3197741222248975,1.4462693142940748,-0.1543970868243168,-0.3343700973356,-2.3617260844559618,10.777618007988423,0.0006752322462934134,0.170598
7.652845144271851,3.3205825803647677,1.4490180293726769,-0.14575240745948126,-0.27177337735080376,-2.4533640459664166,10.685980046477969,0.0006694910049030998,0.170598
7.678744077682495,3.3199358138523,1.442550464549321,-0.15086392229412524,-0.29652709929027055,-2.4172044920563813,10.722139600388005,0.0006717564495304323,0.170598
7.707416772842407,3.3183188975911415,1.4480478946342077,-0.18234895830802675,-0.2555689927670571,-2.5352381928391403,10.604105899605246,0.000664361479616042,0.170598
7.73480749130249,3.313468148979088,1.446431003415171,-0.2881094074480775,-0.24404117482294657,-2.6692983569200393,10.470045735524348,0.0006559624302469037,0.170747
7.7639148235321045,3.32122934688181,1.4474011381448315,-0.22818824142715885,-0.22568598830746986,-2.645526894886393,10.493817197557995,0.0006574517442766606,0.170747
7.790590524673462,3.315570140012753,1.4452991795705759,-0.2839178391396607,-0.23512307124416196,-2.6811263392044546,10.458217753239932,0.0006552213912676873,0.170747
7.818612813949585,3.3189656640921745,1.442550464549321,-0.26432390990725163,-0.2708718850156197,-2.6013334384538007,10.538010653990586,0.0006602205236893593,0.170747
7.852636814117432,3.3191273557181473,1.4449758013305831,-0.2478174618840537,-0.27018177022385675,-2.585394024374981,10.553950068069405,0.0006612191493935792,0.170747
7.878168821334839,3.3118512328321703,1.444005666614122,-0.3618443336092144,-0.27998440368428157,-2.672134003628395,10.46721008881599,0.0006557847731713645,0.170747
7.905523777008057,3.3204208887362214,1.4457842469316653,-0.29375617781381,-0.2679891050702928,-2.6343220167414128,10.505022075702973,0.0006581537449444956,0.170747
7.932156562805176,3.3183188975911415,1.4436822883764742,-0.2823735371717908,-0.2818781093359093,-2.600843367803339,10.538500724641047,0.0006602512272739461,0.170747
7.957849025726318,3.3091024754478813,1.4461076251731249,-0.4334754403991024,-0.26588612772690384,-2.7410808397252704,10.398263252719115,0.0006514651612702922,0.170747
7.985691547393799,3.3147616819171715,1.438023169312417,-0.4415723656308026,-0.34040602122526814,-2.6464548441765783,10.492889248267808,0.0006573936070070715,0.170747
8.016902446746826,3.3175104394712798,1.4459459360523217,-0.39979835627352966,-0.3085699516999902,-2.6592178030617597,10.480126289382627,0.000656593990487818,0.170898
8.046035051345825,3.3110427747694113,1.4475628272669554,-0.4821844463261434,-0.2691418464568499,-2.7643692591676565,10.37497483327673,0.0006500061105077722,0.170898
8.074566125869751,3.3099109334935286,1.446916070779341,-0.5593895904582102,-0.2483993154355005,-2.8271069923106373,10.312237100133748,0.0006460755072477482,0.170898
8.10292935371399,3.316701981358561,1.4514433662419939,-0.496223901159303,-0.18587954465534792,-2.88571816212462,10.253625930319766,0.0006424034387236972,0.170898
8.128452062606812,3.3181572059665974,1.444005666614122,-0.4268916410494824,-0.22097284578632537,-2.8030911736043067,10.33625291884008,0.0006475801305513048,0.170898
8.156959772109985,3.3188039724664873,1.444329044852356,-0.3671962687996768,-0.24210958531266646,-2.7338642489674165,10.40547984347697,0.0006519172903756655,0.170898
8.186070680618286,3.3120129244455785,1.4485329620027811,-0.44261880110652463,-0.2123338759657495,-2.8243191714138693,10.315024921030517,0.0006462501679719447,0.170898
8.220694065093994,3.315246756773664,1.4524135009989847,-0.4396006258143109,-0.15034802278216455,-2.91900315412223,10.220340938322156,0.0006403180892617154,0.170898
8.248452186584473,3.309587550274414,1.4551622161725712,-0.5351623106542582,-0.0778150682228123,-3.0515303408717886,10.087813751572597,0.0006320150829817078,0.17105
8.28197979927063,3.3091024754478813,1.4496647858679277,-0.6104275818368373,-0.08532771424202623,-3.050603748260282,10.088740344184103,0.0006320731352535549,0.17105
8.307837724685669,3.312983074132016,1.4457842469316653,-0.5961365360673355,-0.13172942246071956,-2.9879858285023593,10.151358263942026,0.000635996232044054,0.17105
8.336588859558105,3.312659690902062,1.4493414076200084,-0.591714198770113,-0.1264963335765874,-2.99395890322168,10.145385189222704,0.0006356220108889697,0.17105
8.364991664886475,3.3158935232529845,1.4459459360523217,-0.5328046143609361,-0.15883317034591762,-2.9357447385031756,10.203599353941208,0.000639269206510473,0.17105
8.390831708908081,3.315408448393066,1.4524135009989847,-0.4999399976453071,-0.11289752884827438,-2.994008187417373,10.14533590502701,0.0006356189231679037,0.17105
8.418126106262207,3.3115278496062106,1.4503115423655297,-0.5439115033146019,-0.10302829392510758,-3.017267380912347,10.122076711532037,0.0006341617034502496,0.17105
8.449048280715942,3.312497999287513,1.4459459360523217,-0.5579473732065519,-0.14240554258988253,-2.965113965812382,10.174230126632,0.0006374291849664547,0.17105
8.477284669876099,3.307162176167405,1.450958298865484,-0.6598654923590759,-0.11682676076455632,-3.018205655457682,10.121138436986701,0.000634102919289555,0.17105
8.506595373153687,3.313791532211896,1.4480478946342077,-0.6167895864931042,-0.12977875579906187,-2.9945992085137827,10.144744883930601,0.0006355818949022665,0.1712
8.533809185028076,3.313306457363112,1.4541920814005633,-0.5950085445655623,-0.073702295738221,-3.0653380251278324,10.074006067316551,0.0006311500130145397,0.1712
8.56002926826477,3.3076472509836767,1.4516050553677913,-0.6774362206928831,-0.06187734516376182,-3.087384372198745,10.05195972024564,0.0006297687797546281,0.1712
8.58928656578064,3.3076472509836767,1.454353770528863,-0.7351355939820052,-0.02445702256348322,-3.1336988293716077,10.005645263072775,0.000626867116796309,0.1712
8.61508321762085,3.313953223828728,1.4537070140165478,-0.6666879602264288,-0.005119939654033461,3.126119415865551,9.982278201130349,0.000625403138975517,0.1712
8.6447274684906,3.3092641670564404,1.4585576879163948,-0.6997048392774166,0.059844590822568176,3.049262839889844,9.905421625154641,0.0006205879712455018,0.1712
8.671708345413208,3.3073238677725443,1.4592044444464056,-0.756305021407777,0.11217690525453888,2.9971425485162837,9.853301333781081,0.0006173225649752527,0.1712
8.697656154632568,3.310719391546305,1.4595278227122968,-0.7373205065433631,0.15223809691548287,2.949309525013898,9.805468310278695,0.0006143257617964257,0.1712
8.724334001541138,3.3070004845625514,1.4647018750469645,-0.78821738289085,0.23513807686775082,2.8740588960992586,9.730217681364055,0.0006096112088071323,0.1712
8.751000881195068,3.315731831632726,1.4703609949616376,-0.6731475407073061,0.35316806788260585,2.7099920600317464,9.566150845296542,0.0005993322011286261,0.17136
8.779408693313599,3.310557699935179,1.4672889012711339,-0.6819009673572602,0.40321763004212674,2.664107188983327,9.520265974248122,0.0005964574523180871,0.17136
8.80861234664917,3.3091024754478813,1.459689511845464,-0.713144641528949,0.3576808900484371,2.7238464284122936,9.580005213677088,0.000600200195918907,0.17136
8.839816808700562,3.313468148979088,1.467612279551823,-0.6596663857027205,0.40980517727366617,2.6459493629794406,9.502108148244236,0.0005953198401266621,0.17136
8.866082668304443,3.3118512328321703,1.4516050553677913,-0.6501385802822939,0.27657788594455524,2.782901663157704,9.6390604484225,0.0006039000857074459,0.17136
8.90434455871582,3.313791532211896,1.4706843732479653,-0.6099807480393645,0.3856045060116105,2.6428651710178577,9.499023956282652,0.0005951266113571254,0.17136
8.934432029724121,3.314599990298912,1.4695525492484163,-0.567916778406372,0.4499231388727416,2.550228068144792,9.406386853409586,0.0005893227724182494,0.17136
8.964977025985718,3.314438298680938,1.465348631599451,-0.5412626970857167,0.4503747495744818,2.5312955592881994,9.387454344552992,0.0005881366253054336,0.17136
8.992311000823975,3.3189656640921745,1.470522684104727,-0.444465310469473,0.5055480246641473,2.3987854302196783,9.254944215484471,0.0005798346877120573,0.171511
9.020790338516235,3.317672131094681,1.4684207252561405,-0.39903272014449154,0.5218836008208245,2.3409198126739685,9.197078597938761,0.0005762093290391498,0.171511
9.049701690673828,3.3170253646027916,1.4637317402226764,-0.3783926969518714,0.4836042146436139,2.35792123107121,9.214080016336002,0.0005772744907405604,0.171511
9.078286409378052,3.317672131094681,1.452090122746066,-0.35278189068215504,0.333380069223363,2.5115075135975973,9.367666298862389,0.0005868968776606831,0.171511
9.117024421691895,3.319289047344406,1.454838837914646,-0.306947350861064,0.25736602470694847,2.5809970247454905,9.437155810010282,0.0005912504888827031,0.171511
9.150851488113403,3.3213910385117864,1.4532219466338574,-0.23858410418663537,0.1870133362686097,2.6391235497314987,9.49528233499629,0.0005948921937572348,0.171511
9.183390617370605,3.3204208887362214,1.4579109313887464,-0.20747401721804304,0.18748074089510883,2.5977863523976974,9.453945137662489,0.0005923023628140256,0.171511
9.209859848022461,3.3165402897368743,1.4600128901122413,-0.2526736973777152,0.2100936392134831,2.6073462791160082,9.463505064380799,0.0005929013050652375,0.171511
9.237638711929321,3.3173487478481647,1.4307471593500936,-0.27035998600756794,-0.08436303361794315,-2.934353661341489,10.204990431102889,0.0006393563593633532,0.171511
9.264155387878418,3.3128213825168964,1.4436822883764742,-0.3608799163600307,-0.153339859319263,-2.835049750538308,10.30429434190607,0.0006455778827748949,0.171511
9.29135775566101,3.3158935232529845,1.4449758013305831,-0.3712206166738606,-0.18790935223640862,-2.7768728842347845,10.362471208209595,0.0006492227416005948,0.17167
9.321386337280273,3.3055452601316873,1.4433589101394124,-0.5570637345248881,-0.22925085360509392,-2.816346388116404,10.322997704327975,0.000646749673555754,0.17167
9.351097583770752,3.30117958697749,1.443197221021101,-0.7625027382600613,-0.2599041901872971,-2.8568062450557234,10.282537847388655,0.0006442148091668327,0.17167
9.38392186164856,3.3110427747694113,1.4467543816578043,-0.736077513716718,-0.2436472417051317,-2.866172352060667,10.273171740383711,0.0006436280099810307,0.17167
9.413745164871216,3.3112044663813927,1.4493414076200084,-0.7147891592173683,-0.20483880704767823,-2.903705502861537,10.235638589582841,0.0006412765076632684,0.17167
9.446164846420288,3.3013412785720937,1.4541920814005633,-0.870119838525741,-0.12624433161225562,-3.01945969829402,10.119884394150358,0.000634024351821242,0.17167
9.472351789474487,3.3086174006239144,1.4647018750469645,-0.8532699430971943,0.040200376898334646,3.0917459331482187,9.94790471841301,0.0006232495941077223,0.17167
9.499396800994873,3.306515409749699,1.4716545081105137,-0.8777540800370085,0.23042596504278756,2.90247058839231,9.7586293736571,0.0006113912394960852,0.17167
9.52871298789978,3.309749241883829,1.467612279551823,-0.8390790313354569,0.3207267297697178,2.8044301606911204,9.660588945955912,0.000605248874998181,0.17167
9.553879022598267,3.305706951733977,1.4643784967716094,-0.8817739276362783,0.34965154820680466,2.791737626408462,9.647896411673253,0.0006044536706748802,0.171829
9.582589387893677,3.317833822718367,1.4677739686923896,-0.7023580546402296,0.4058989238446127,2.6634681569154797,9.51962694218027,0.0005964174161005937,0.171829
9.611727952957153,3.3091024754478813,1.4561323509498847,-0.7274646026270403,0.32184350887576824,2.761571115546053,9.617729900810843,0.0006025636982452245,0.171829
9.640114307403564,3.317833822718367,1.4582343096522756,-0.5943415271337732,0.28529043325364506,2.7407419536262703,9.59690073889106,0.0006012587232701345,0.171829
9.66658353805542,3.3158935232529845,1.4483712728797766,-0.5346437442154778,0.15513185135677898,2.8918934427528393,9.74805222801763,0.0006107285671129835,0.171829
9.697341680526733,3.3073238677725443,1.4372147237464585,-0.640762254864402,-0.05426486371591578,-3.0711062593941105,10.068237833050265,0.0006307886253890102,0.171829
9.726277112960815,3.307970634195949,1.4399634386856215,-0.7038824234658279,-0.1716997094214049,-2.9307664734588306,10.208577618985545,0.0006395811015030438,0.171829
9.756241083145142,3.308940783839607,1.4312322266717332,-0.7313223580599606,-0.34647552114297697,-2.7426220987361263,10.39672199370825,0.0006513685993228141,0.171829
9.783528804779053,3.3103960083243384,1.4433589101394124,-0.7254140368034732,-0.3402471718396863,-2.7465651428561277,10.392778949588248,0.0006511215623118151,0.171985
9.809555292129517,3.3094258586652847,1.4493414076200084,-0.7380223956164713,-0.27245875814186804,-2.8250514874016717,10.314292605042704,0.000646204287391553,0.171985
9.83603811264038,3.308940783839607,1.4346276979599175,-0.7552203385654263,-0.3810068592224705,-2.717788710048674,10.421555382395702,0.0006529244444839692,0.171985
9.862154245376587,3.308132325802513,1.46082133578177,-0.7812123848310243,-0.1792762519215025,-2.9421940864883807,10.197150005955995,0.00063886514619548,0.171985
9.897483348846436,3.3073238677725443,1.4613064031852607,-0.8133603032953229,-0.03292196942363501,-3.1117464048286294,10.027597687615746,0.0006282424656836744,0.171985
9.924543619155884,3.315408448393066,1.4598512009787785,-0.6963289798993754,0.05409745620559016,3.062949518532419,9.919108303797207,0.0006214454600484326,0.171985
9.956663608551025,3.314276607063249,1.4642168076341542,-0.6339419355483278,0.1612967708848241,2.9080435938203495,9.764202379085138,0.0006117403957726381,0.171985
9.983320236206055,3.314276607063249,1.4629232945398398,-0.5902710045025995,0.22262200459999887,2.8079488581794836,9.664107643444272,0.0006054693261226624,0.171985
10.009894371032715,3.3118512328321703,1.4669655229910379,-0.6015618134421914,0.30840681403513553,2.7031644750481147,9.559323260312903,0.0005989044437575776,0.171985
10.036858081817627,3.3175104394712798,1.4619531597253177,-0.5117909697415197,0.3153133199508776,2.63602624731844,9.492185032583228,0.0005946981436003011,0.172136
10.06405782699585,3.316378598115474,1.4538687031444055,-0.4684862616257166,0.23443358583136356,2.721238451534733,9.57739723679952,0.0006000368026641065,0.172136
10.091058015823364,3.3202591971079616,1.4478862055116435,-0.3711962250253336,0.11438920114886397,2.8766729421171395,9.732831727381926,0.0006097749823017257,0.172136
10.117547512054443,3.3170253646027916,1.4490180293726769,-0.3589071503684608,0.04235813158832107,3.0332965166896466,9.889455301954433,0.0006195876596486783,0.172136
10.14851689338684,3.314438298680938,1.4422270863143096,-0.39495595745917383,-0.08006361426404493,-2.975850508036282,10.16349358440809,0.0006367565261732129,0.172136
10.17857027053833,3.30780894258967,1.4475628272669554,-0.5346087125027399,-0.10918741025169448,-2.9664668820900206,10.172877210354352,0.0006373444229442225,0.172136
10.20585322380066,3.317995514342339,1.4278367554477527,-0.4565517065207885,-0.33871690706830637,-2.5670533631205257,10.572290729323846,0.000662368216459063,0.172136
10.233445644378662,3.314276607063249,1.4482095837569187,-0.4660978441833272,-0.28338757254091895,-2.6539219369914595,10.485422155452913,0.0006569257836113131,0.172136
10.260148048400879,3.3086174006239144,1.454353770528863,-0.5704545470575072,-0.17951418172749556,-2.871101283849871,10.2682428085945,0.0006433192057831653,0.172136
10.286670684814453,3.313953223828728,1.4651869424611073,-0.5514112273792752,0.008054339317798354,3.1194433786744744,9.97560216393926,0.0006249848762772534,0.172288
10.31305456161499,3.3168636729805336,1.4680973469739684,-0.4878483495125779,0.17020944934719592,2.82932451227196,9.685483297536747,0.0006068085395665008,0.172288
10.340914249420166,3.307970634195949,1.4693908601062173,-0.5968426897195357,0.2974323133302658,2.707145937755354,9.56330472302014,0.0005991538877446764,0.172288
10.369812488555908,3.313953223828728,1.4674505904114041,-0.5698829272426951,0.36591688771243513,2.6056774963041778,9.461836281568964,0.0005927967535803197,0.172288
10.39788293838501,3.314599990298912,1.4640551184968469,-0.539848303848688,0.3778560871140875,2.5693341964710585,9.425492981735845,0.000590519797024071,0.172288
10.424915552139282,3.314438298680938,1.4648635641848637,-0.5216147648953431,0.39478495583858153,2.5347643782672846,9.39092316353207,0.0005883539514743042,0.172288
10.45448923110962,3.316378598115474,1.4679356578331049,-0.4753629182334006,0.4392065950485199,2.4430305182181673,9.299189303482953,0.0005826067019117181,0.172288
10.481261730194092,3.3168636729805336,1.4671272121310117,-0.43461453311047593,0.46173031320290064,2.3780891444932712,9.234247929758057,0.0005785380376089808,0.172288
10.508240222930908,3.3209059636227165,1.4579109313887464,-0.3363232246351963,0.3797826247491164,2.3618790817001187,9.218037866964904,0.0005775224553992323,0.172288
10.538551330566406,3.325433329354164,1.4359212108485182,-0.18937977348407964,0.08927639318045488,2.782553168421692,9.638711953686478,0.0006038782520440844,0.172288
10.567424774169922,3.3183188975911415,1.450958298865484,-0.2093100541409744,0.045350594274686136,2.9686667925220362,9.824825577786822,0.0006155385206093588,0.172288
10.59585428237915,3.3223611882976476,1.4292919573930327,-0.15349381060142006,-0.21511173454991867,-2.317929856143882,10.82141423630049,0.0006779761388307456,0.172446
10.628474950790405,3.319289047344406,1.4433589101394124,-0.16744569480453927,-0.24829252122454623,-2.2803404035394106,10.859003688904961,0.0006803311685321363,0.172446
10.656354188919067,3.314276607063249,1.422015947784267,-0.26372363598193993,-0.4978047609017849,-2.126951310823827,11.012392781620544,0.0006899412012457177,0.172446
10.686973571777344,3.3099109334935286,1.434142630629099,-0.40646702321727296,-0.5438919177711083,-2.2646643731751026,10.874679719269269,0.0006813132928928262,0.172446
10.71684455871582,3.313144765747422,1.4412569516127884,-0.4505734476555515,-0.5007243624719102,-2.352382225063334,10.786961867381038,0.0006758176516364167,0.172446
10.74912142753601,3.3103960083243384,1.4351127652920488,-0.5288897995203689,-0.5356499256228804,-2.3920512413433648,10.747292851101008,0.0006733323344771743,0.172446
10.779392957687378,3.3115278496062106,1.4551622161725712,-0.5641763646271222,-0.3475264002113142,-2.6264259856660743,10.512918106778299,0.0006586484418984833,0.172446
10.81165337562561,3.309749241883829,1.4524135009989847,-0.6195746305485211,-0.24498278975404886,-2.793070584898373,10.346273507546,0.0006482079338948699,0.172446
10.837157011032104,3.3073238677725443,1.4546771487859045,-0.7002138752975452,-0.14920226231194691,-2.9497488394338407,10.189595253010532,0.0006383918307747835,0.172603
10.871226787567139,3.3084557090164957,1.4637317402226764,-0.7371264660777272,0.013844110450675474,3.116204089612174,9.97236287487696,0.0006247819304660074,0.172603
10.89701223373413,3.308294017409361,1.4533836357612737,-0.7657559768592295,0.018262282009886076,3.111605786879636,9.967764572144423,0.0006244938406226926,0.172603
10.92492413520813,3.312497999287513,1.4659953881543075,-0.7132385046877503,0.15506929313226078,2.929813346916603,9.78597213218139,0.0006131043000484753,0.172603
10.951137781143188,3.3115278496062106,1.474564912730265,-0.6932204582443097,0.3416913528375251,2.6958482563491137,9.552007041613901,0.0005984460728278565,0.172603
10.977892875671387,3.313306457363112,1.4642168076341542,-0.6485101547914265,0.3626124985271731,2.6464807805410673,9.502639565805854,0.0005953531341507763,0.172603
11.006962537765503,3.317833822718367,1.4718161972547918,-0.5390734136488334,0.45782873608240704,2.4602261707475246,9.31638495601231,0.00058368403264243,0.172603
11.034563302993774,3.3194507389709504,1.467612279551823,-0.43456071936736274,0.47990866949744587,2.3359956313627284,9.192154416627513,0.0005759008224651103,0.172603
11.0658700466156,3.315408448393066,1.4604979575135153,-0.4311692711498083,0.4199360465988046,2.398696664738608,9.254855450003394,0.0005798291264354249,0.172603
11.092843770980835,3.3220378050345496,1.465672009876583,-0.31437665782106733,0.4328123566604779,2.237853489963109,9.094012275227895,0.0005697520854673627,0.172754
11.119977235794067,3.311689541219048,1.46082133578177,-0.41122646810383684,0.3903971991965645,2.4130805928354846,9.26923937810027,0.000580730298853317,0.172754
11.147273778915405,3.3181572059665974,1.4441673557331658,-0.36739343791064333,0.18413516054191192,2.704508899351483,9.560667684616268,0.0005989886737462133,0.172754
11.178455114364624,3.315570140012753,1.4441673557331658,-0.3813614766781279,0.039751733483652775,3.045936964790453,9.902095750055238,0.0006203796007027161,0.172754
11.210332870483398,3.3188039724664873,1.4351127652920488,-0.3353251537397287,-0.1573166584539911,-2.727280739646417,10.412063352797954,0.0006523297560785701,0.172754
11.238723516464233,3.3123363076732497,1.4475628272669554,-0.4147276258625186,-0.1632645411846513,-2.783989347876204,10.355354744568167,0.0006487768855935713,0.172754
11.267637252807617,3.310719391546305,1.4307471593500936,-0.498216329661672,-0.34571375989663095,-2.555417462648161,10.58392662979621,0.0006630972212547217,0.172754
11.30116081237793,3.3094258586652847,1.4503115423655297,-0.578984000617208,-0.26599965565895717,-2.7253932089099204,10.41395088353445,0.0006524480124148225,0.172754
11.332167625427246,3.314923373535717,1.4393166822255479,-0.5406376603511776,-0.3267712061383831,-2.6156042079445814,10.52373988449979,0.0006593264408101495,0.172905
11.365946054458618,3.314276607063249,1.4493414076200084,-0.524958011864602,-0.2630255821509503,-2.6939530709715402,10.445391021472831,0.0006544177792917123,0.172905
11.395588159561157,3.309749241883829,1.4483712728797766,-0.5921217836147648,-0.22868935942643465,-2.7862837081512017,10.353060384293169,0.0006486331408402182,0.172905
11.429378986358643,3.3053835685296824,1.4517667444937357,-0.7144852485303276,-0.16865400404045378,-2.9184548451746815,10.220889247269689,0.0006403524415538481,0.172905
11.456548929214478,3.3091024754478813,1.4582343096522756,-0.7359536383500757,-0.058057825787711126,-3.0684545303922506,10.07088956205212,0.0006309547597731715,0.172905
11.488526821136475,3.3076472509836767,1.4616297814549934,-0.7760977863420527,0.05535950046931733,3.0677347675058964,9.92389355277068,0.0006217452623248761,0.172905
11.521929740905762,3.308294017409361,1.4556472835605647,-0.7930359010442419,0.07132305527611245,3.0495984940134346,9.90575727927822,0.0006206090004272443,0.172905
11.549855947494507,3.3150850651545474,1.4726246429784113,-0.6876832932128994,0.26249755532747454,2.7785825109810034,9.634741296245789,0.00060362948502145,0.172905
11.580712080001831,3.3091024754478813,1.4651869424611073,-0.7171922696279143,0.3174625552562751,2.727036224444481,9.583195009709266,0.0006004000409253295,0.173064
11.60957407951355,3.3183188975911415,1.463084983676111,-0.5787788014416586,0.3336523394745579,2.6224290550857634,9.47858784035055,0.0005938462612411611,0.173064
11.635720491409302,3.319612430597781,1.4472394490228546,-0.4595637932470334,0.1769851860377983,2.7770377189184003,9.633196504183186,0.0006035327017235344,0.173064
11.663533926010132,3.3200975054799873,1.4632466728125304,-0.3677411947553271,0.2370324668377363,2.5750521417231083,9.431210926987895,0.0005908780339753031,0.173064
11.69086766242981,3.320744271993599,1.4643784967716094,-0.2923025854013673,0.2910655641544208,2.366771320690317,9.222930105955104,0.0005778289607439484,0.173064
11.717094898223877,3.324139796265143,1.455970661819964,-0.18089090790649193,0.23974587134542447,2.230032962809067,9.086191748073855,0.0005692621189354716,0.173064
11.743523120880127,3.3220378050345496,1.4457842469316653,-0.13918180355076884,0.09582208745049985,2.5567523196715864,9.412911104936374,0.0005897315255407436,0.173064
11.774351119995117,3.3225228799296254,1.452090122746066,-0.10161333752411733,0.061932580188181555,2.6185025320233426,9.47466131728813,0.0005936002592966132,0.173064
11.801183462142944,3.3200975054799873,1.444329044852356,-0.11717587574929102,-0.044075787130512405,-2.78315385692271,10.356190235521662,0.000648829230224163,0.173064
11.829407691955566,3.3225228799296254,1.444005666614122,-0.08620918806309817,-0.12171021551893736,-2.2013728271784436,10.93797126526593,0.0006852785932720967,0.173215
11.856253862380981,3.314599990298912,1.4376997910855955,-0.20127668642299318,-0.24291145382402982,-2.268913718704106,10.870430373740266,0.0006810470656870839,0.173215
11.88229250907898,3.3168636729805336,1.4428738427849181,-0.24275417084318054,-0.2728951815841465,-2.3029430545438103,10.836401037900561,0.0006789150820834819,0.173215
11.919860124588013,3.313306457363112,1.4449758013305831,-0.333183753610654,-0.2715980778218279,-2.461446869320513,10.677897223123859,0.0006689846051619191,0.173215
11.950453996658325,3.3076472509836767,1.4410952624963806,-0.4941588670244371,-0.3118329601113532,-2.581238057985881,10.55810603445849,0.0006614795262707651,0.173215
11.982853174209595,3.317833822718367,1.447724516389226,-0.43102751221193064,-0.2697116666786997,-2.5854203312361586,10.553923761208212,0.0006612175012333863,0.173215
12.011411666870117,3.3019880449533527,1.4495030967438947,-0.6603238974964889,-0.22136961884594167,-2.8205984182127795,10.318745674231591,0.0006464832781582589,0.173215
12.042061805725098,3.3060303349394116,1.4601745792458516,-0.751063939630743,-0.0743873268189247,-3.0457270713618105,10.09361702108256,0.0006323786656123181,0.173215
12.0696382522583,3.3076472509836767,1.4629232945398398,-0.7866749972385148,0.057643136207370785,3.0650630014048015,9.921221786669586,0.0006215778725895305,0.173215
12.099958419799805,3.309749241883829,1.4727863321235812,-0.7753236733765112,0.2546358978882408,2.819796962099402,9.675955747364187,0.0006062116257493733,0.173215
12.128485918045044,3.3175104394712798,1.4724629538333902,-0.6334242716955436,0.38910225924865155,2.584335660603967,9.440494445868751,0.0005914596589041864,0.173364
12.155991554260254,3.312497999287513,1.4645401859092129,-0.6206063110731728,0.3992287046707301,2.5633418474417304,9.419500632706514,0.0005901443683075727,0.173364
12.183532476425171,3.311366157993659,1.4684207252561405,-0.6311686200429589,0.4474600768254379,2.518185044762816,9.3743438300276,0.0005873152339584326,0.173364
12.211501121520996,3.315408448393066,1.4729480212689,-0.5687948016227359,0.5292220422313584,2.3841633975536167,9.240322182818401,0.0005789185977230478,0.173364
12.243031024932861,3.3110427747694113,1.4648635641848637,-0.6004819580705775,0.5007411244206689,2.4391695070787707,9.295328292343555,0.0005823648043771528,0.173364
12.270126819610596,3.314438298680938,1.4713311298224034,-0.5640583228506478,0.549375916514275,2.361012502865342,9.217171288130126,0.0005774681630711164,0.173364
12.296580076217651,3.3184805892159708,1.4627616054037162,-0.4687943411568176,0.49256312072764213,2.321085275478899,9.177244060743684,0.0005749666686391898,0.173364
12.326462030410767,3.313953223828728,1.45451545965731,-0.4802490832488026,0.3653655892920803,2.483182719770912,9.339341505035698,0.0005851222912773823,0.173364
12.352296352386475,3.3220378050345496,1.453545324888837,-0.34873252629037865,0.26604160292108364,2.478676189577132,9.334834974841918,0.0005848399511069031,0.173364
12.381444454193115,3.3209059636227165,1.4530602575065885,-0.2762058198611154,0.19137195529941334,2.523172136890231,9.379330922155017,0.0005876276819796161,0.173516
12.409649848937988,3.3221994966659554,1.4360828999602497,-0.2031115442647007,-0.04089678987997098,-2.893698271782563,10.24564582066181,0.000641903474133561,0.173516
12.436912298202515,3.3194507389709504,1.4454608686907926,-0.19938741079848007,-0.10405634670058478,-2.5983680869166137,10.54097600552776,0.0006604063069466627,0.173516
12.468678951263428,3.3160552148735283,1.4310705375643744,-0.255385165313985,-0.3008394527464041,-2.2312012066618405,10.908142885782533,0.0006834098052275642,0.173516
12.494762182235718,3.3118512328321703,1.4246029733892653,-0.36714172601017653,-0.5071590460343656,-2.169433447720356,10.969910644724017,0.0006872796383008513,0.173516
12.52258849143982,3.32122934688181,1.4456225578111557,-0.2835108644206307,-0.42872564036278943,-2.1204179175452396,11.018926174899134,0.000690350527111243,0.173516
12.548812866210938,3.314599990298912,1.452251811872452,-0.3393878598732685,-0.3035365435713785,-2.3778288420751346,10.76151525036924,0.0006742233868969623,0.173516
12.580230236053467,3.316701981358561,1.4524135009989847,-0.3422226897498361,-0.2141898901061033,-2.5495434762841915,10.589800616160183,0.0006634652343912331,0.173516
12.606873989105225,3.3070004845625514,1.4582343096522756,-0.5116489111353786,-0.08993294603366342,-2.955704784827228,10.183639307617145,0.0006380186827949796,0.173674
12.633034229278564,3.315570140012753,1.4574258639945594,-0.48234030793542976,-0.011524514005032224,-3.111539020959579,10.027805071484794,0.000628255458561659,0.173674
12.658559322357178,3.310072625103513,1.456294040079953,-0.5567079963001694,0.03136138812979731,3.0873419512057776,9.943500736470565,0.0006229736787229472,0.173674
12.685806274414062,3.3123363076732497,1.4598512009787785,-0.5696956156548143,0.09909580649299278,2.966503409876372,9.82266219514116,0.000615402981780432,0.173674
12.712768316268921,3.313468148979088,1.4611447140506162,-0.5592520675908339,0.1602241856692112,2.855127928098533,9.711286713363322,0.000608425158231006,0.173674
12.73958945274353,3.307970634195949,1.4592044444464056,-0.64682529237432,0.18244262164719452,2.8604313305015783,9.716590115766367,0.0006087574235158724,0.173674
12.767464637756348,3.315731831632726,1.4627616054037162,-0.5741730773457426,0.23570981432068422,2.740272244793505,9.596431030058294,0.0006012292953807793,0.173674
12.794251680374146,3.309749241883829,1.4642168076341542,-0.6265723294515759,0.2884254215653892,2.6979606237914924,9.554119409056282,0.0005985784154857665,0.173674
12.820928812026978,3.3168636729805336,1.4650252533229116,-0.5404611209631961,0.3338977757878681,2.5694275988691224,9.425586384133911,0.0005905256488097819,0.173674
12.847893953323364,3.312497999287513,1.4561323509498847,-0.5555321055605704,0.2714427052360494,2.6725187216251634,9.528677506889952,0.0005969844461377144,0.173674
12.884198427200317,3.3228462631944398,1.4538687031444055,-0.38747715358789847,0.20372415553098383,2.634368012193904,9.490526797458692,0.0005945942529421618,0.173674
12.914022207260132,3.3189656640921745,1.4512816771163433,-0.3368154300209976,0.12889259931924105,2.75861749036842,9.614776275633208,0.0006023786496600988,0.173823
12.944909811019897,3.324624871171379,1.4019665005995294,-0.20367780597000698,-0.4463465569543556,-1.9333481562626684,11.205995936181704,0.0007020706989554089,0.173823
12.972023487091064,3.322684571561889,1.4331724959713983,-0.14396984154850442,-0.5181568881995641,-1.7808402936264236,11.35850379881795,0.000711625521420721,0.173823
13.004772663116455,3.3255950209915803,1.4323640504273223,-0.05194170756537192,-0.5769955476884406,-1.604035180929397,11.535308911514976,0.0007227025992420063,0.173823
13.034851789474487,3.3259184042672705,1.4283218227615377,0.018059381753622178,-0.6610397468379269,-1.4945698488262023,11.644774243618171,0.00072956074934832,0.173823
13.06515645980835,3.3209059636227165,1.4317172939946832,-0.019451484230330166,-0.6838706908012727,-1.5516848328378263,11.587659259606546,0.0007259824188746851,0.173823
13.09450626373291,3.320744271993599,1.432525739535846,-0.04849978803386941,-0.6912809239892839,-1.5938859511575747,11.545458141286797,0.0007233384621211596,0.173823
13.124597549438477,3.324948254443634,1.4246029733892653,0.003724538892523186,-0.7804680759043774,-1.524273875619798,11.615070216824574,0.0007276997521668525,0.173823
13.151462078094482,3.3194507389709504,1.439478371340347,-0.054602152588433574,-0.6851848147232972,-1.603184680154616,11.536159412289756,0.0007227558842580648,0.173982
13.182800769805908,3.3197741222248975,1.44352059925787,-0.08984944146955572,-0.5756293917202419,-1.6707334238051041,11.468610668639268,0.0007185238647268837,0.173982
13.208333253860474,3.3188039724664873,1.4575875531258076,-0.13126672909373835,-0.34979774022434407,-1.8494960293084317,11.289848063135942,0.0007073241473516894,0.173982
13.242497444152832,3.320744271993599,1.4577492422572031,-0.12677045943826537,-0.19000129841436803,-2.042428388878202,11.096915703566172,0.0006952366758493199,0.173982
13.273652791976929,3.316378598115474,1.4593661335792774,-0.19897190441345133,-0.06100093143280951,-2.822665829362698,10.316678263081677,0.0006463537520724639,0.173982
13.303553819656372,3.3183188975911415,1.4590427553136813,-0.21602454579154734,0.02587075389884018,2.9671655183229735,9.823324303587762,0.0006154444637640539,0.173982
13.330158233642578,3.317833822718367,1.456294040079953,-0.23633348734891543,0.05753807566250485,2.8365635519546433,9.692722337219433,0.0006072620751271714,0.173982
13.364508152008057,3.3202591971079616,1.458072620520437,-0.2086892830315805,0.09856234423682118,2.6013637500954983,9.457522535360287,0.0005925264915854833,0.173982
13.391294240951538,3.317995514342339,1.4632466728125304,-0.22840810589098207,0.18213647757705229,2.3715663814308723,9.227725166695661,0.0005781293777407802,0.174143
13.426291465759277,3.315731831632726,1.4551622161725712,-0.2812810468074062,0.15492408202864263,2.5643687415348984,9.420527526799688,0.0005902087046019864,0.174143
13.453351020812988,3.3188039724664873,1.4556472835605647,-0.26526885283022344,0.1410182623676386,2.57506710697052,9.431225892235311,0.0005908789715681572,0.174143
13.483708620071411,3.3210676552521203,1.450958298865484,-0.2149905508193032,0.08156990270571474,2.691823226052936,9.547982011317727,0.0005981938992727843,0.174143
13.511907815933228,3.321552730142048,1.452090122746066,-0.17142364652291148,0.05195605086683512,2.7445419718239616,9.600700757088752,0.0006014967995149672,0.174143
13.545835018157959,3.3186422808410865,1.4470777599010245,-0.19115937018170387,-0.02191650164904041,-3.0303813001868707,10.108962792257506,0.0006333400987911413,0.174143
13.574537515640259,3.327858703945472,1.4252497297963165,-0.045904608477702835,-0.30505583847152096,-1.6012230942067434,11.538120998237634,0.0007228787802527922,0.174143
13.606496810913086,3.3272119373814886,1.434466008849499,0.044610933435945306,-0.4055391009936727,-1.3701870893413317,11.769157003103047,0.0007373534963193941,0.174143
13.632382869720459,3.3200975054799873,1.434466008849499,-0.014818886077236953,-0.4758773847591758,-1.5244296116136615,11.614914480830716,0.0007276899950976296,0.174292
13.658915519714355,3.319612430597781,1.4351127652920488,-0.0647918524919433,-0.5182570412239648,-1.6259350172897236,11.513409075154655,0.0007213305450749281,0.174292
13.689352989196777,3.3213910385117864,1.4140931820995064,-0.06907525532825344,-0.7707799086884907,-1.6133077058585379,11.52603638658584,0.000722121663098967,0.174292
13.716909885406494,3.3200975054799873,1.4318789831026246,-0.09439921821214542,-0.7589745185824818,-1.647643602886718,11.49170048955766,0.0007199704730250885,0.174292
13.742456197738647,3.3257567126292824,1.4236328387830408,-0.014451573467007142,-0.8381393047655161,-1.543768882280771,11.595575210163608,0.0007264783638109623,0.174292
13.77056622505188,3.319289047344406,1.4448141122108062,-0.07011612881047066,-0.6689832496884431,-1.621570477112117,11.517773615332262,0.0007216039893801519,0.174292
13.803190469741821,3.32122934688181,1.4467543816578043,-0.07559294638083917,-0.5300025833559339,-1.645775953662299,11.49356813878208,0.0007200874837579016,0.174292
13.82902216911316,3.32381641299575,1.4317172939946832,-0.03477555601427894,-0.5921446763638831,-1.5670971553047068,11.572246937139672,0.000725016816168021,0.174292
13.855540752410889,3.3281820872291825,1.4381848584260468,0.06914545710873841,-0.5670727196966637,-1.380602645279699,11.758741447164681,0.000736700947748138,0.174292
13.882887363433838,3.3200975054799873,1.457264174863459,0.002355280493720778,-0.3472366413288536,-1.4529847391110011,11.68635935333338,0.000732166112335257,0.174292
13.91245698928833,3.3213910385117864,1.4595278227122968,-0.022072262238286032,-0.16935138569288954,-1.4750137390714124,11.664330353372968,0.0007307859658951213,0.17445
13.941518545150757,3.321552730142048,1.4512816771163433,-0.03638084451618158,-0.1322602795374601,-1.568989929797672,11.570354162646709,0.0007248982313033816,0.17445
13.96965742111206,3.3186422808410865,1.4528985683794668,-0.09662940877700571,-0.08915364813910914,-2.27523910641603,10.86410498602835,0.0006806507716497345,0.17445
13.998188972473145,3.3210676552521203,1.4569407966017003,-0.0969429399820508,-0.01612186275332073,3.099668977105676,9.95582776237047,0.0006237459834550635,0.17445
14.02491569519043,3.3200975054799873,1.4486946511259329,-0.11390659746980356,-0.052428184498766475,-2.7285052636267872,10.410838828817592,0.0006522530380062383,0.17445
14.05406641960144,3.3239781046303034,1.4601745792458516,-0.05880441406793986,0.043871677224099515,1.9063228070638434,8.762481592328637,0.000548981242822603,0.17445
14.080209255218506,3.326565170822089,1.4459459360523217,0.02441827832275468,-0.039575562785431284,-0.3291809629282626,6.526977822336531,0.00040892392857280063,0.17445
14.110279321670532,3.321714421772596,1.4323640504273223,-0.0010467684839975727,-0.24198861989854217,-1.4116288773774173,5.444529907887376,0.0003411071126281852,0.17445
14.137283086776733,3.321714421772596,1.4258964862056904,-0.018872301248711372,-0.4522491794268581,-1.5293637843440784,5.326795000920715,0.0003337308625477574,0.174602
14.163849830627441,3.3281820872291825,1.4407718842640038,0.08027773544463827,-0.4417173024381146,-1.3000435024597223,5.556115282805071,0.00034809808626478294,0.174602
14.190725803375244,3.326080095905546,1.4410952624963806,0.11340368963345836,-0.4309164173427578,-1.220250072833706,5.635908712431087,0.00035309725182120687,0.174602
14.218376398086548,3.3175104394712798,1.4252497297963165,-0.011315117588557211,-0.5913557794571286,-1.5270419903489663,5.3291167949158265,0.00033387632606052877,0.174602
14.250908613204956,3.323007954827276,1.4333341850806507,-0.0037345643285324037,-0.6179490584234322,-1.5162882083160456,5.339870576948747,0.0003345500649509642,0.174602
14.282598972320557,3.3223611882976476,1.4389933039963883,-0.009590967732713231,-0.5765643592426427,-1.52278244069825,5.333376344566543,0.0003341431925682042,0.174602
14.316461324691772,3.3121746160592713,1.4360828999602497,-0.18950439301109057,-0.5784522100594086,-1.841217423827319,5.014941361437474,0.00031419281310613063,0.174602
14.342971086502075,3.3188039724664873,1.4386699257678133,-0.20102519517281275,-0.5523451365507587,-1.8740088334392895,4.9821499518255035,0.00031213838724366205,0.174602
14.37197208404541,3.3204208887362214,1.4587193770486762,-0.18118278090836468,-0.3214987612328947,-2.0270907336006276,4.829068051664166,0.0003025476005562708,0.174602
14.406747102737427,3.310719391546305,1.4616297814549934,-0.33473493819376426,-0.1290491543423159,-2.8137420871441523,4.0424166981206415,0.00025326283651014845,0.17475
14.432716131210327,3.3160552148735283,1.460983024916119,-0.35012843449067116,-0.0011915727112319493,3.0560499994630748,3.629023477548282,0.00022736319591028256,0.17475
14.465788125991821,3.3118512328321703,1.436406278184151,-0.43346201443385174,-0.17226268837404685,-2.7914638089363084,4.064694976328485,0.0002546586005673531,0.17475
14.493429899215698,3.3202591971079616,1.46082133578177,-0.34667925199104865,-0.03315533232760282,-3.1255698031728443,3.730588982091949,0.0002337264112077734,0.17475
14.521497011184692,3.3136298405953495,1.4611447140506162,-0.4003499156332956,0.06764838849480215,2.881779086979765,3.4547525650649726,0.0002164448891366998,0.17475
14.550283193588257,3.3183188975911415,1.4569407966017003,-0.35698915364543066,0.09363956289041717,2.774681568091496,3.3476550461767034,0.00020973508570909855,0.17475
14.578316450119019,3.3255950209915803,1.4590427553136813,-0.2010552260332254,0.13411909992509885,2.3504112506278703,2.923384728713078,0.00018315398037726713,0.17475
14.611968517303467,3.3276970123040464,1.4600128901122413,-0.055622405400960154,0.17274049053447768,1.6421190057903465,2.215092483875554,0.0001387785197551375,0.17475
14.644413709640503,3.325433329354164,1.4467543816578043,0.0071107999798882306,0.05920403480010515,1.0590667596662926,1.6320402377515002,0.00010224951329332415,0.17475
14.67915153503418,3.326726862461509,1.4624382271319134,0.07334962594884856,0.14601423190646887,0.9855168787136812,1.558490356798889,9.764151444854841e-05,0.17475
14.704829454421997,3.327858703945472,1.4244412842878653,0.13925168881369407,-0.19607575222218315,-0.7546634691326424,-0.18168999104743455,-1.1383122012030507e-05,0.174902
14.732457160949707,3.32381641299575,1.4461076251731249,0.11561568862191988,-0.2058244777472916,-0.8528728187298877,-0.2798993406446797,-1.7536069693643515e-05,0.174902
14.760566711425781,3.326888554101216,1.446916070779341,0.15209374579581333,-0.2040771573388144,-0.7431269560641671,-0.1701534779789593,-1.0660343970737338e-05,0.174902
14.790669441223145,3.3221994966659554,1.4465926925364143,0.09669815169512899,-0.2062826043679692,-0.9178531786423711,-0.3448797005571633,-2.160717653340524e-05,0.174902
14.81636357307434,3.3191273557181473,1.439154993110895,0.0048979812376203965,-0.28668355582003824,-1.4001334152940361,-0.8271599372088281,-5.182268122988348e-05,0.174902
14.844258546829224,3.313791532211896,1.444005666614122,-0.1514551549754143,-0.29153565360160855,-1.9728522668635868,-1.399878788778379,-8.770428664151102e-05,0.174902
14.876296281814575,3.3184805892159708,1.4483712728797766,-0.17997212364415413,-0.24864640944189464,-2.138752656408948,-1.56577917832374,-9.809816890850506e-05,0.174902
14.905886888504028,3.3118512328321703,1.4446524230911764,-0.31435259684129235,-0.2580525086000107,-2.446716827983791,-1.8737433498985834,-0.00011739253796076132,0.175054
14.934720993041992,3.313791532211896,1.4490180293726769,-0.37493055963066346,-0.21835106523588416,-2.6282621613831223,-2.0552886832979143,-0.00012876659697681254,0.175054
14.96058440208435,3.3102343167137835,1.4533836357612737,-0.4787304751973684,-0.14427434097071115,-2.8866558929569317,-2.3136824148717237,-0.00014495531137264644,0.175054
14.988130569458008,3.309749241883829,1.4519284336198273,-0.5597625079477088,-0.10784920541484226,-2.993262213035036,-2.420288734949828,-0.00015163434053493978,0.175054
15.015772581100464,3.315731831632726,1.4519284336198273,-0.5132291282471174,-0.08235161052572931,-3.0320607720227164,-2.4590872939375084,-0.00015406512237548943,0.175054
15.042385578155518,3.3121746160592713,1.4571024857325057,-0.5420511053711531,-0.009646150667355281,3.099193777584553,-2.6110180515098245,-0.00016358378843329328,0.175054
15.067698955535889,3.3118512328321703,1.4485329620027811,-0.5678078840501968,-0.04960947171403481,-3.1054777136393414,-2.532504235554133,-0.00015866479239228182,0.175054
15.095504999160767,3.3171870562253356,1.446431003415171,-0.49374461418452237,-0.09986951008583489,-2.9883878699719237,-2.4154143918867153,-0.0001513289563940962,0.175054
15.123532056808472,3.322684571561889,1.453545324888837,-0.34701660729868566,-0.05962296664345778,-3.0461186167503707,-2.473145138665162,-0.00015494586523225629,0.175054
15.154048442840576,3.3264034791829546,1.4483712728797766,-0.18012095472640208,-0.08630752857119067,-2.7456724069097973,-2.172698928824589,-0.00013612250658189183,0.175205
15.184186935424805,3.326080095905546,1.4430355319029362,-0.06887539348628521,-0.1615581482861408,-1.7296414285278545,-1.1566679504426456,-7.246680090295376e-05,0.175205
15.213905096054077,3.327535320662908,1.4389933039963883,0.03411277955965457,-0.25709072214653955,-1.221899603743742,-0.6489261256585332,-4.065609350620102e-05,0.175205
15.24783992767334,3.317995514342339,1.443197221021101,-0.058446662077114984,-0.27939209816630745,-1.613568234176311,-1.0405947560911022,-6.519465935012162e-05,0.175205
15.277101516723633,3.326726862461509,1.430100402923278,0.027459402508946303,-0.43386019178803664,-1.3853680336045497,-0.812394555519341,-5.0897610231989306e-05,0.175205
15.309143304824829,3.315246756773664,1.4386699257678133,-0.11054588328351449,-0.4511307237607967,-1.7199633275994686,-1.1469898495142599,-7.186045487873165e-05,0.175205
15.33413553237915,3.3175104394712798,1.4221776368834922,-0.16807981863043053,-0.6380772172553917,-1.7672402208705362,-1.1942667427853277,-7.482241575148998e-05,0.175205
15.360605239868164,3.3168636729805336,1.4401251278010052,-0.21951636338839434,-0.5786540713059491,-1.876323232272098,-1.3033497541868893,-8.16566129522566e-05,0.175205
15.388323783874512,3.3183188975911415,1.4501498532409087,-0.23040566707401003,-0.4307721593365088,-2.0029371690256514,-1.429963690940443,-8.958914617646122e-05,0.175205
15.414593935012817,3.3141149154458462,1.439154993110895,-0.31058631398317527,-0.44382624429801126,-2.142591641681931,-1.5696181635967226,-9.833868649295107e-05,0.175205
15.44381594657898,3.3200975054799873,1.4474011381448315,-0.26345695927061624,-0.36553553694001595,-2.1495752337823593,-1.5766017556971508,-9.877621791943825e-05,0.175205
15.471637725830078,3.319289047344406,1.4554855944310863,-0.24441989887298168,-0.22501775665293602,-2.3775124975242536,-1.8045390194390452,-0.0001130567936919637,0.175364
15.499374151229858,3.323654721361483,1.454353770528863,-0.15574512046240824,-0.1386553106059083,-2.3844192483285664,-1.811445770243358,-0.00011348951090802465,0.175364
15.526302814483643,3.3160552148735283,1.4524135009989847,-0.2248355620787245,-0.09877302703027728,-2.8117860829399817,-2.238812604854773,-0.0001402646171988656,0.175364
15.56115984916687,3.3194507389709504,1.4613064031852607,-0.21459422326831207,0.02343028800022893,2.776786965873266,-2.9334248632211124,-0.00018378300829159137,0.175364
15.589879035949707,3.3225228799296254,1.4632466728125304,-0.15440203132641803,0.12954403821143928,2.120888911866321,-3.589322917228057,-0.00022487590247454722,0.175364
15.629043102264404,3.3204208887362214,1.4592044444464056,-0.148546566215873,0.1609665184267479,2.0243127444381774,-3.6858990846562008,-0.00023092652909933382,0.175364
15.65865707397461,3.3264034791829546,1.4603362683796097,-0.04119192596843834,0.19496225505985582,1.5269614581652224,-4.183250370929155,-0.0002620862553002521,0.175364
15.688350200653076,3.324624871171379,1.4333341850806507,0.0032586468667870926,-0.06752643426153913,-0.497599293817279,-6.207811122911656,-0.0003889277061018451,0.175364
15.71906304359436,3.3228462631944398,1.434789387070482,0.0036763731112722012,-0.23583994696424374,-1.2999189039759016,-7.0101307330702785,-0.00043919410747282644,0.175515
15.74957275390625,3.324948254443634,1.4212075022903146,0.04024785169411465,-0.497659386005373,-1.3743265156801425,-7.084538344774519,-0.00044385584430142283,0.175515
15.775800704956055,3.310072625103513,1.427351688135276,-0.19089628455947555,-0.6157901465181185,-1.8088255645784448,-7.519037393672821,-0.0004710777933983839,0.175515
15.802570819854736,3.313144765747422,1.4317172939946832,-0.2996739305950882,-0.6521959705774107,-1.9564483329158613,-7.666660162010238,-0.000480326558143492,0.175515
15.828647136688232,3.3170253646027916,1.436729656408636,-0.30884154426728905,-0.624537195760807,-1.9861153436077261,-7.696327172702103,-0.00048218523621646055,0.175515
15.857038736343384,3.315246756773664,1.4352744544030507,-0.3459565460268358,-0.6206046233784872,-2.040982286122054,-7.751194115216432,-0.0004856227238703876,0.175515
15.883727312088013,3.321552730142048,1.4444907339716928,-0.2630998431681741,-0.5201375439921878,-1.9864979658167043,-7.696709794911082,-0.0004822092080118479,0.175515
15.912274599075317,3.323654721361483,1.4480478946342077,-0.16882108146906077,-0.41209630405840386,-1.875565946644284,-7.585777775738662,-0.0004752591679903759,0.175515
15.94491720199585,3.3259184042672705,1.4249263515925008,-0.06375617997897536,-0.5816102710584969,-1.5898712261733292,-7.300083055267708,-0.0004573600099654036,0.175515
15.971071243286133,3.3233313380938077,1.4478862055116435,-0.03486191262905466,-0.45684149867403284,-1.525264314147003,-7.235476143241382,-0.00045331230013738016,0.175667
16.00329351425171,3.3213910385117864,1.4465926925364143,-0.04812429742423906,-0.38321764330261976,-1.554745389242067,-7.264957218336446,-0.0004551593290954329,0.175667
16.03226351737976,3.3255950209915803,1.4496647858679277,0.015150173321583178,-0.2991095167978954,-1.3037595228330057,-7.013971351927385,-0.00043943472740351226,0.175667
16.068287134170532,3.3202591971079616,1.4470777599010245,-0.0326507205622519,-0.2676623990143502,-1.4764900636971106,-7.18670189279149,-0.0004502565278258966,0.175667
16.098285913467407,3.319612430597781,1.4490180293726769,-0.07727413663146909,-0.22507798852592806,-1.7060607499120188,-7.416272579006398,-0.00046463943971061133,0.175667
16.128275632858276,3.321714421772596,1.4496647858679277,-0.07223145895193889,-0.1884117584542104,-1.7056893037154346,-7.415901132809814,-0.00046461616810741384,0.175667
16.15695357322693,3.314923373535717,1.4339809415191178,-0.1859108811854917,-0.32903110159361676,-2.013754190553406,-7.723966019647785,-0.0004839168471062007,0.175667
16.18613624572754,3.3181572059665974,1.4318789831026246,-0.20967252706780687,-0.4497503536160755,-1.9431019170223698,-7.653313746116749,-0.0004794903872588821,0.175667
16.212075233459473,3.313306457363112,1.4410952624963806,-0.31002660296785667,-0.43653955316732573,-2.157127521801609,-7.867339350895988,-0.0004928993789091963,0.175825
16.239948511123657,3.3165402897368743,1.4406101951480346,-0.3244605074025643,-0.43243484965573487,-2.1877669930811647,-7.897978822175544,-0.0004948189829443368,0.175825
16.267300367355347,3.313953223828728,1.438023169312417,-0.37921539962082024,-0.4569901265754491,-2.2465596039103684,-7.956771433004747,-0.0004985024189917298,0.175825
16.294259309768677,3.312983074132016,1.438023169312417,-0.4342880085161211,-0.47417882041924747,-2.30351105462952,-8.013722883723899,-0.0005020705038849091,0.175825
16.321130752563477,3.3186422808410865,1.445137490450506,-0.3751644235769378,-0.41078233936517966,-2.3002804541675324,-8.010492283261911,-0.0005018681024261446,0.175825
16.34843349456787,3.309749241883829,1.4478862055116435,-0.48726627181340737,-0.3372619464887116,-2.5608807675314273,-8.271092596625806,-0.0005181950621353348,0.175825
16.383821725845337,3.3108810831577156,1.4456225578111557,-0.5462026845181236,-0.3097976706808246,-2.661498145669931,-8.37170997476431,-0.0005244988760398783,0.175825
16.413723707199097,3.311689541219048,1.4538687031444055,-0.5735046867917711,-0.20314410761083265,-2.8631748380920983,-8.573386667186476,-0.0005371341917421335,0.175825
16.44844102859497,3.308132325802513,1.4566174183405316,-0.6540114285894759,-0.0993437558920195,-3.069342817475329,-8.779554646569707,-0.0005500508926058615,0.175825
16.473830699920654,3.310719391546305,1.4601745792458516,-0.6657149915705421,0.01103077724882396,3.030462908331959,-8.962934227942005,-0.0005615398697214527,0.175977
16.500104904174805,3.314923373535717,1.4710077515348874,-0.6013493540185216,0.20315010170614156,2.692977054533126,-9.300420081740839,-0.0005826838118229384,0.175977
16.529120206832886,3.313306457363112,1.473109710414367,-0.5842003818333825,0.3599193455598926,2.4679327248334575,-9.525464411440508,-0.000596783141391501,0.175977
16.55752992630005,3.3199358138523,1.4679356578331049,-0.4577775043558536,0.41480066785343295,2.2678607677898666,-9.725536368484098,-0.00060931791826657,0.175977
16.583924531936646,3.3188039724664873,1.450958298865484,-0.38881637311414174,0.27321758654576606,2.3505681872891353,-9.64282894898483,-0.0006041361873300841,0.175977
16.61129093170166,3.3204208887362214,1.465510320737943,-0.3126366054672643,0.32839514878368586,2.1445907276087532,-9.848806408665212,-0.0006170409518784942,0.175977
16.64032745361328,3.315731831632726,1.4647018750469645,-0.34024099651081907,0.3584480131754984,2.1585008050419,-9.834896331232065,-0.000616169466841231,0.175977
16.66572594642639,3.3165402897368743,1.4635700510858132,-0.345610582882661,0.3674850174710675,2.157424303020079,-9.835972833253885,-0.0006162369111390151,0.175977
16.6918625831604,3.3181572059665974,1.4582343096522756,-0.32146231825582283,0.3172394892703585,2.1746469607356103,-9.818750175538355,-0.0006151578884971122,0.175977
16.720643758773804,3.3165402897368743,1.4553239053017553,-0.332465508104156,0.251210475953356,2.2909993401298667,-9.702397796144098,-0.0006078682556263114,0.175977
16.749122142791748,3.3188039724664873,1.4422270863143096,-0.30109797573795855,0.06613302679147717,2.6798650568420403,-9.313532079431925,-0.0005835052960922624,0.176128
16.775066137313843,3.3168636729805336,1.4401251278010052,-0.3126290733636435,-0.08570690047315035,-2.9934963203694083,-8.703708149463786,-0.0005452990076739258,0.176128
16.803736448287964,3.317672131094681,1.4359212108485182,-0.30674735417043386,-0.2365662744751295,-2.4737655319325436,-8.18397736102692,-0.0005127371755989763,0.176128
16.83889889717102,3.315731831632726,1.4333341850806507,-0.33611852060303776,-0.3695964049360304,-2.26491926118981,-7.975131090284187,-0.000499652676183698,0.176128
16.864418506622314,3.3183188975911415,1.4271899990314076,-0.312027177124263,-0.5278603452405696,-2.0391705088758267,-7.749382337970204,-0.0004855092135920638,0.176128
16.8906729221344,3.313953223828728,1.4449758013305831,-0.3705120684260067,-0.4500736923813216,-2.215150696139371,-7.925362525233748,-0.0004965346087267794,0.176128
16.917534828186035,3.3158935232529845,1.4478862055116435,-0.37796312312004376,-0.3647658936000117,-2.3462117285859083,-8.056423557680285,-0.0005047457584701471,0.176128
16.946305990219116,3.309749241883829,1.4452991795705759,-0.4892253614935867,-0.3324790049489444,-2.5508888508818086,-8.261100679976185,-0.0005175690551346135,0.176128
16.974292516708374,3.309749241883829,1.4537070140165478,-0.5671089283550566,-0.22073532732385787,-2.8150110728280584,-8.525222901922435,-0.0005341166671476377,0.176128
17.000773429870605,3.315731831632726,1.456294040079953,-0.5183716225322684,-0.11508618119337907,-3.004356356164868,-8.714568185259244,-0.00054597940350532,0.176287
17.03344225883484,3.3115278496062106,1.4593661335792774,-0.5568136407354723,-0.008560349378122745,3.0479085910359665,-8.945488545237996,-0.0005604468742644213,0.176287
17.063379526138306,3.3121746160592713,1.4592044444464056,-0.5725602641130015,0.0642934471140576,2.908264514180707,-9.085132622093255,-0.0005691957632700121,0.176287
17.099154472351074,3.313306457363112,1.4588810661811051,-0.5640480188995057,0.11186253310627758,2.814348701557554,-9.179048434716407,-0.0005750797150924832,0.176287
17.12890911102295,3.3191273557181473,1.468744103538906,-0.4576243381786367,0.24973232846779597,2.468329813240395,-9.525067323033566,-0.0005967582632693779,0.176287
17.15678596496582,3.3191273557181473,1.4598512009787785,-0.38312776167403856,0.2519554647295942,2.356202502447241,-9.63719463382672,-0.0006037831899165818,0.176287
17.18259286880493,3.324139796265143,1.4624382271319134,-0.24446853129736182,0.2809402328571096,2.0315926340631907,-9.96180450221077,-0.0006241204342349005,0.176287
17.208723306655884,3.3213910385117864,1.4585576879163948,-0.19484893049205151,0.260086711580366,1.9254736194259876,-10.067923516847973,-0.0006307689330567005,0.176287
17.23460626602173,3.319612430597781,1.438023169312417,-0.19081288358232626,0.027774966289823094,2.5265414001111073,-9.466855736162852,-0.0005931112291535017,0.176465
17.26187777519226,3.321714421772596,1.4525751901256652,-0.15170858181755678,0.019442452509602727,2.368621730472833,-9.624775405801127,-0.0006030051085974317,0.176465
17.28723454475403,3.320744271993599,1.4735947778516607,-0.1410797563449306,0.236466848867894,1.7801762522203153,-10.213220884053644,-0.0006398720082970815,0.176465
17.31646418571472,3.315570140012753,1.4495030967438947,-0.22294189958208813,0.13295534203666923,2.233691300983902,-9.759705835290058,-0.0006114586812634526,0.176465
17.344483375549316,3.317833822718367,1.4541920814005633,-0.24117563500229652,0.11021157274678996,2.359276826094368,-9.634120310179592,-0.0006035905794102022,0.176465
17.372955083847046,3.3194507389709504,1.4679356578331049,-0.22603227431479203,0.24000522688426423,2.036138827845168,-9.957258308428791,-0.0006238356090873385,0.176465
17.406275033950806,3.3209059636227165,1.4739181561439338,-0.19031564347823546,0.3942893627684416,1.8125035882655234,-10.180893548008436,-0.000637846657266983,0.176465
17.43427324295044,3.324624871171379,1.4486946511259329,-0.10112795539005555,0.23485967336647187,1.6406416311457723,-10.352755505128187,-0.0006486140397509732,0.176465
17.466819047927856,3.326241787544107,1.4669655229910379,-0.010789596173074973,0.3169731821716658,1.379219661922548,-10.614177474351411,-0.0006649924773035203,0.176465
17.495791912078857,3.3191273557181473,1.4546771487859045,-0.07034344227012748,0.24416691803605572,1.5332350713128826,-10.460162064961077,-0.0006553432050089045,0.176465
17.52410626411438,3.322684571561889,1.445137490450506,-0.05063578695860666,0.09205967755353646,1.3523253241041289,-10.64107181216983,-0.0006666774436963025,0.176465
17.5537850856781,3.3210676552521203,1.4417420189628902,-0.0647474047091689,-0.0504153889235047,0.0,-10.64107181216983,-0.0006666774436963025,0.176465
17.585946321487427,3.3194507389709504,1.4538687031444055,-0.1025325131095976,-0.021576510380704805,0.0,-10.64107181216983,-0.0006666774436963025,0.176465
17.612560272216797,3.316701981358561,1.449988164116435,-0.17642394701527156,-0.04253215237829415,3.11072887761775,-8.88266825865621,-0.0005565110989205584,0.176465
17.644083499908447,3.3210676552521203,1.4433589101394124,-0.152799116748842,-0.127486813704413,-2.287222603582968,-7.997434432677341,-0.0005010500105457822,0.176465
17.673041343688965,3.325433329354164,1.4491797184962691,-0.06091289796362906,-0.12524079312885245,-1.3174871007847535,-7.027698929879127,-0.000440294778603105,0.176465
17.703386783599854,3.3173487478481647,1.4457842469316653,-0.13612742641771017,-0.15966857768149162,-2.018210981854953,-7.7284228109493265,-0.00048419607106826455,0.176465
17.729487657546997,3.3181572059665974,1.4519284336198273,-0.17482410873035467,-0.11862517111237918,-2.4799353878012895,-8.190147216895664,-0.0005131237253574173,0.176465
17.76344060897827,3.3194507389709504,1.4459459360523217,-0.17958620592441743,-0.1533233566209703,-2.3106073183741533,-8.020819147468528,-0.0005025150943412628,0.176465
17.790180444717407,3.311366157993659,1.4541920814005633,-0.32245454643882,-0.09018351631355691,-2.9614079814604755,-8.67161981055485,-0.0005432886301354711,0.176465
17.824901819229126,3.3197741222248975,1.4689057926805114,-0.27734611716481594,0.11001437974500537,2.4650884920702145,-9.528308644203745,-0.0005969613363949125,0.0
17.85204529762268,3.3171870562253356,1.4797389655066897,-0.29042137736476864,0.3650100639397036,2.0383238313696035,-9.955073304904356,-0.0006236987156813124,0.0
17.88518977165222,3.3202591971079616,1.4732713995599829,-0.24655080604270327,0.47493560503699866,1.8749245509400914,-10.118472585333869,-0.0006339359001023382,0.0
17.912670373916626,3.3199358138523,1.4805474112667962,-0.2214228013023832,0.6290263515517613,1.772722574566011,-10.220674561707948,-0.0006403389912150076,0.0
17.94530487060547,3.313306457363112,1.4755350476142257,-0.3182517949320882,0.6837470093217197,1.8828085030022244,-10.110588633271735,-0.0006334419599147534,0.0
17.972851514816284,3.3186422808410865,1.4763434933549537,-0.2939390740681148,0.730622899462892,1.8358840187902237,-10.157513117483736,-0.0006363818418865531,0.0
17.999905109405518,3.3199358138523,1.4837811943445502,-0.25459458892016107,0.842293177676272,1.7609874082328667,-10.232409728041093,-0.0006410742151501927,0.0
18.02653408050537,3.3141149154458462,1.4865299100076523,-0.3275185592754733,0.9496052349465003,1.8114680261093874,-10.181929110164571,-0.0006379115366271854,0.176355
18.056190490722656,3.315570140012753,1.4729480212689,-0.35344906163349615,0.8807236529160998,1.8550317816102635,-10.138365354663694,-0.0006351822088237662,0.176355
18.081718921661377,3.3170253646027916,1.4765051825035462,-0.3464841359941541,0.8702208359241335,1.8510583799677258,-10.142338756306232,-0.0006354311477743328,0.176355
18.108750343322754,3.3118512328321703,1.4852363967490423,-0.43091100548629235,0.9554403074177843,1.9061011489999231,-10.087295987274036,-0.0006319826443528651,0.176355
18.137796640396118,3.3141149154458462,1.47909220890129,-0.45094005087177547,0.9499510694130011,1.9259151539983848,-10.067481982275574,-0.000630741270322605,0.176355
18.16793417930603,3.319612430597781,1.4729480212689,-0.37007666784813303,0.8809657370426542,1.8714610685710225,-10.121936067702936,-0.0006341528919254229,0.176355
18.198087215423584,3.3186422808410865,1.473756466997723,-0.3302164851093436,0.8412474339593895,1.8422584415460121,-10.151138694727948,-0.0006359824757378341,0.176355
18.224027633666992,3.3141149154458462,1.4582343096522756,-0.3804538866078986,0.6488731808121839,1.9788544984683951,-10.014542637805565,-0.0006274245492755899,0.176355
18.25168251991272,3.314599990298912,1.4829727485695097,-0.40724797540435087,0.77649694455478,1.9485913146406513,-10.04480582163331,-0.0006293205783963892,0.176355
18.283052444458008,3.3102343167137835,1.4742415344368018,-0.5013526662389062,0.7732621369823941,2.047782285155015,-9.945614851118945,-0.0006231061308456602,0.176199
18.311976432800293,3.323007954827276,1.48281105941495,-0.3467608483837562,0.8618549278654922,1.8527789492867102,-10.14061818698725,-0.000635323351795175,0.176199
18.339930534362793,3.3183188975911415,1.486691599165652,-0.31947680657075567,0.9650127461238677,1.7983746370324645,-10.195022499241496,-0.0006387318550418343,0.176199
18.371495962142944,3.315731831632726,1.4863682208498024,-0.34502913728326046,1.0337946468164823,1.8070503825215884,-10.186346753752371,-0.0006381883079323942,0.176199
18.40279531478882,3.3181572059665974,1.492027341463701,-0.3210553063362475,1.141941989763023,1.7657988409770882,-10.227598295296872,-0.0006407727724253382,0.176199
18.43036651611328,3.3197741222248975,1.486206531692102,-0.2763666490930357,1.155930831322148,1.726424537993625,-10.266972598280335,-0.0006432396254006481,0.176199
18.456413507461548,3.3160552148735283,1.4954228139202683,-0.3092706321201586,1.2634373273294381,1.7386903805817482,-10.254706755692212,-0.0006424711538852057,0.176199
18.489774465560913,3.323493029727502,1.4889552473933731,-0.20393133143411787,1.2701204305441827,1.6567375125142183,-10.336659623759742,-0.0006476056111608681,0.176199
18.51845073699951,3.3197741222248975,1.4950994355882166,-0.1943798666615143,1.3399414745248346,1.645237116119138,-10.348160020154822,-0.0006483261264440557,0.176047
18.5460422039032,3.3228462631944398,1.4842662618113684,-0.13467058635856433,1.273959038278243,1.6024339367814946,-10.390963199492464,-0.0006510078031291297,0.176047
18.57736039161682,3.3183188975911415,1.484104572655613,-0.17101362315311366,1.226057046884508,1.6332493720037298,-10.360147764270229,-0.0006490771747165996,0.176047
18.60849952697754,3.3204208887362214,1.4853980859058449,-0.16017468049456252,1.2062399411222737,1.6253001203227795,-10.368097015951179,-0.0006495752060130235,0.176047
18.633982181549072,3.314438298680938,1.4632466728125304,-0.2558432285474399,0.9575107953968707,1.738468743293203,-10.254928392980755,-0.000642485039759069,0.176047
18.661845684051514,3.320744271993599,1.4816792353372144,-0.21397400905584368,0.9788289867408508,1.6926523957787143,-10.300744740495244,-0.0006453554954781561,0.176047
18.688916206359863,3.32122934688181,1.4852363967490423,-0.17629346255259007,1.0314660129894928,1.649936261008725,-10.343460875265233,-0.0006480317187041356,0.176047
18.715225219726562,3.322684571561889,1.4567791074710421,-0.12480080115631771,0.7665976142816783,1.609731218141823,-10.383665918132134,-0.0006505506186491158,0.176047
18.741129636764526,3.3188039724664873,1.474564912730265,-0.15573268087445385,0.7697611776421166,1.6502707090456752,-10.343126427228283,-0.0006480107650853404,0.176047
18.769918203353882,3.313306457363112,1.4769902499502172,-0.27226871063252234,0.7976899610773478,1.7926051980752993,-10.200791938198659,-0.0006390933181428657,0.176047
18.796576023101807,3.3173487478481647,1.4799006546584126,-0.28407649528593804,0.8480972568507145,1.7931080664040941,-10.200289069869864,-0.0006390618127665394,0.176047
18.823105096817017,3.3181572059665974,1.468744103538906,-0.2783884569381295,0.7650966350888978,1.8096779415063504,-10.183719194767608,-0.0006380236878322724,0.175889
18.855113744735718,3.3160552148735283,1.488146801594388,-0.3106858976117217,0.9127105156559435,1.8058184670671777,-10.187578669206781,-0.0006382654890905044,0.175889
18.882251262664795,3.315570140012753,1.473756466997723,-0.3416661984688675,0.8634687789886928,1.853230106257832,-10.140167030016126,-0.0006352950862048732,0.175889
18.91261315345764,3.321714421772596,1.4826493702605394,-0.2573059022381177,0.9232852912630349,1.746270061781785,-10.247127074492173,-0.0006419962766758727,0.175889
18.938320636749268,3.3171870562253356,1.4777986956976485,-0.27639322691606966,0.9137282703852702,1.7688232261651398,-10.224573910108818,-0.0006405832906305045,0.175889
18.96686601638794,3.3186422808410865,1.4661570772933923,-0.26463807645689413,0.7836097708393968,1.7869646228755707,-10.206432513398386,-0.0006394467077563846,0.175889
18.992858171463013,3.328990545443473,1.470846062391352,-0.07780481794145329,0.7422411113279824,1.5417585592181737,-10.451638577055784,-0.0006548091970416263,0.175889
19.020747661590576,3.324948254443634,1.4868532883238015,-0.016788982042782973,0.8829973605941195,1.4753962940209806,-10.518000842252977,-0.000658966882103855,0.175889
19.047218561172485,3.3221994966659554,1.4776370065478643,-0.021519757791885863,0.8838124329592087,1.480983576709434,-10.512413559564525,-0.0006586168313377577,0.175889
19.07384705543518,3.327535320662908,1.4637317402226764,0.067261724545729,0.736954397140482,1.3401743294534518,-10.653222806820507,-0.0006674387198341833,0.175732
19.106616735458374,3.313468148979088,1.477475317398229,-0.1133819294504357,0.7798680725854302,1.5915677796632475,-10.401829356610712,-0.0006516885824696197,0.175732
19.134998083114624,3.315570140012753,1.4617914705900819,-0.2035534207559519,0.6436219151325197,1.7426948098068127,-10.250702326467147,-0.0006422202710149129,0.175732
19.16703748703003,3.3191273557181473,1.478768830599485,-0.2052781194781541,0.7282496228739836,1.724445781870008,-10.268951354403953,-0.0006433635971299512,0.175732
19.19493317604065,3.3170253646027916,1.4714928189663843,-0.2427644764854122,0.7103461513278859,1.7823083929049053,-10.211088743369055,-0.0006397384268189848,0.175732
19.23090696334839,3.3147616819171715,1.477960384847582,-0.3080746908912143,0.7663851583900495,1.8511851197919833,-10.142212016481977,-0.0006354232073540875,0.175732
19.260660409927368,3.3186422808410865,1.4800623438102847,-0.28681510123952353,0.8278981809495548,1.804900819944988,-10.188496316328973,-0.0006383229809154293,0.175732
19.293320655822754,3.319289047344406,1.4735947778516607,-0.2607705982512117,0.802385858775862,1.7799170795445678,-10.213480056729393,-0.0006398882458133764,0.175732
19.324413537979126,3.3147616819171715,1.470846062391352,-0.3206789761272791,0.7553843728835049,1.8717722501248464,-10.121624886149114,-0.0006341333959830507,0.175571
19.35793662071228,3.316701981358561,1.4763434933549537,-0.3291264711276435,0.7807690539561386,1.8724761967526435,-10.120920939521316,-0.0006340892927811738,0.175571
19.386262893676758,3.3205825803647677,1.4703609949616376,-0.26806297647181504,0.7351097518444781,1.8093019279137847,-10.184095208360175,-0.0006380472455889639,0.175571
19.41818928718567,3.32122934688181,1.4713311298224034,-0.21415573974376748,0.7134339557109407,1.739239799024446,-10.254157337249513,-0.0006424367320817104,0.175571
19.44836974143982,3.3141149154458462,1.4807091004192654,-0.2992113648519978,0.7976894830098027,1.8294224604653546,-10.163974675808603,-0.0006367866671957282,0.175571
19.480635404586792,3.324624871171379,1.473109710414367,-0.17735496035169687,0.7760969124724499,1.6748555037359751,-10.318541632537983,-0.0006464704946720553,0.175571
19.507692098617554,3.3136298405953495,1.4784454522982766,-0.28182291148575955,0.8175535490789135,1.8018642137254557,-10.191532922548502,-0.000638513228374302,0.175571
19.538301706314087,3.3199358138523,1.4690674818222649,-0.24611327511252515,0.7471446113924086,1.775548527575428,-10.21784860869853,-0.0006401619414627288,0.175571
19.57001495361328,3.3189656640921745,1.4752116693189765,-0.23786071508823375,0.7630012193403451,1.7598641631679963,-10.233532973105962,-0.000641144587962416,0.175422
19.60503888130188,3.3175104394712798,1.4669655229910379,-0.25720020089373147,0.6866722643533725,1.8112711960259809,-10.182125940247978,-0.0006379238682963222,0.175422
19.635964155197144,3.3204208887362214,1.4718161972547918,-0.22050528491299753,0.6846705721607466,1.7561153500967666,-10.237281786177192,-0.0006413794561372896,0.175422
19.665790796279907,3.3183188975911415,1.4735947778516607,-0.23109791214123737,0.702126532623701,1.767088232675625,-10.226308903598333,-0.0006406919903033228,0.175422
19.69499158859253,3.316701981358561,1.4753733584665267,-0.2664197263374194,0.7332028501363707,1.8083833187666807,-10.185013817507278,-0.0006381047976860418,0.175422
19.729159355163574,3.320744271993599,1.479577276355116,-0.22137755750883698,0.7995277072368765,1.7288190970554107,-10.264578039218549,-0.0006430896030587009,0.175422
19.757442235946655,3.3251099460801914,1.4765051825035462,-0.11449920199679514,0.8133836739486733,1.5847490686527261,-10.408648067621233,-0.0006521157838743315,0.175422
19.78654980659485,3.3168636729805336,1.4763434933549537,-0.18200993174485214,0.8213685647017588,1.6734524976140221,-10.319944638659937,-0.0006465583948903214,0.175422
19.81555438041687,3.3165402897368743,1.468582414397449,-0.23484883754643815,0.7446722647151017,1.761003409709166,-10.232393726564794,-0.0006410732126362071,0.175422
19.84210705757141,3.313144765747422,1.4799006546584126,-0.33044071768594924,0.8109848693971413,1.8658582309431788,-10.12753890533078,-0.0006345039172293686,0.175264
19.870135068893433,3.3183188975911415,1.482325991952167,-0.3080527150822985,0.8831179825399789,1.8153100675528742,-10.178087068721085,-0.0006376708275695519,0.175264
19.900239944458008,3.3173487478481647,1.4800623438102847,-0.30912529840076597,0.9096111578545037,1.8090870600319267,-10.184310076242033,-0.0006380607073504047,0.175264
19.92819833755493,3.3184805892159708,1.477960384847582,-0.29034122404188495,0.9058706629586867,1.7887404235859057,-10.204656712688054,-0.0006393354514563638,0.175264
19.957636833190918,3.319289047344406,1.473109710414367,-0.2632388842128698,0.8518237384366656,1.770121210260353,-10.223275926013606,-0.0006405019701832948,0.175264
19.98519468307495,3.321714421772596,1.4729480212689,-0.20240678225892192,0.8122766053592209,1.7003506813744904,-10.293046454899468,-0.0006448731875441032,0.175264
20.02095866203308,3.323007954827276,1.4701993058186964,-0.13749872959777237,0.755450751941373,1.6162925015007223,-10.377104634773236,-0.0006501395454325932,0.175264
20.047127962112427,3.3213910385117864,1.465510320737943,-0.11997006930234658,0.6659583645606146,1.5934237579501649,-10.399973378323793,-0.0006515723029367193,0.175264
20.072810888290405,3.3205825803647677,1.4752116693189765,-0.12165349519411232,0.7061708465580847,1.5946572064342566,-10.398739929839701,-0.0006514950257322403,0.175264
20.100770711898804,3.3276970123040464,1.4761818042065102,-4.1193813583560334e-05,0.744605299584748,1.4114465188136769,-10.581950617460281,-0.0006629734214274031,0.175112
20.12736177444458,3.319289047344406,1.4677739686923896,-0.06002886305305371,0.6823665498091761,1.4935091949811543,-10.499887941292805,-0.0006578320845267687,0.175112
20.154749155044556,3.3181572059665974,1.4742415344368018,-0.12155511437510794,0.7073708606604675,1.5950410130114743,-10.398356123262484,-0.0006514709797345918,0.175112
20.182403564453125,3.3170253646027916,1.474888291024323,-0.18415837291328752,0.7317310219644687,1.6902924179691738,-10.303104718304784,-0.0006455033512581957,0.175112
20.212658405303955,3.3213910385117864,1.4724629538333902,-0.15263181962320205,0.7230688461020103,1.6428970088631123,-10.350500127410847,-0.0006484727373072244,0.175112
20.238749265670776,3.3210676552521203,1.479577276355116,-0.1361446275743959,0.7924339044128235,1.6125194222799615,-10.380877713993996,-0.0006503759339143327,0.175112
20.26578140258789,3.3210676552521203,1.463084983676111,-0.12460359314022648,0.6661322838841441,1.6016816908118006,-10.391715445462157,-0.0006510549323496593,0.175112
20.293570041656494,3.3297990036649283,1.4635700510858132,0.03417280976349236,0.5828640069671204,1.2923899569903352,-10.701007179283623,-0.0006704324749600446,0.175112
20.322608947753906,3.3191273557181473,1.4697142383907635,-0.03886975811454313,0.5897190754205652,1.4360760973991138,-10.557321038874845,-0.0006614303452429274,0.175112
20.35043168067932,3.3247865628073634,1.459689511845464,0.007674862097810796,0.4882319018133425,1.290757206916424,-10.702639929357534,-0.0006705347689455269,0.175112
20.3793728351593,3.3221994966659554,1.4635700510858132,-0.004395066893454897,0.45833373951755285,1.2995419970592077,-10.693855139214751,-0.0006699843900420502,0.174954
20.413190126419067,3.3194507389709504,1.4590427553136813,-0.06028587663858246,0.38940502356409695,1.4178582719496384,-10.57553886432432,-0.0006625717164802187,0.174954
20.44139790534973,3.326080095905546,1.4659953881543075,0.015009161175188518,0.4148692122201974,1.2107838264652138,-10.782613309808745,-0.000675545208662886,0.174954
20.476080894470215,3.324624871171379,1.4674505904114041,0.042599407867331004,0.4481227169353841,1.1739909679817688,-10.81940616829219,-0.0006778503306724911,0.174954
20.502663135528564,3.3272119373814886,1.4611447140506162,0.10656374487746899,0.4045430229788985,0.9703579547501933,-11.023039181523766,-0.0006906082125014758,0.174954
20.54088568687439,3.324948254443634,1.4619531597253177,0.11226901193044729,0.3826086662115171,0.9228109903999377,-11.070586145874021,-0.0006935870936901447,0.174954
20.57145881652832,3.328505470514039,1.4659953881543075,0.1776580503590604,0.410111762073397,0.8384988743572823,-11.154898261916676,-0.00069886936102074,0.174954
20.602741479873657,3.324948254443634,1.4613064031852607,0.1620350257675613,0.37964964037279625,0.8159563320612339,-11.177440804212726,-0.0007002816815780695,0.174954
20.629936456680298,3.326888554101216,1.4693908601062173,0.18458728179776487,0.4440404470481876,0.8774583636928177,-11.115938772581142,-0.0006964284966777119,0.174805
20.664398670196533,3.329637312020064,1.4651869424611073,0.24781572433354113,0.44454257946077735,0.7792740023111396,-11.21412313396282,-0.0007025798788140517,0.174805
20.697224617004395,3.3297990036649283,1.4611447140506162,0.29486633199514756,0.4020369267466667,0.6521854220886377,-11.341211714185322,-0.0007105421490891974,0.174805
20.72725534439087,3.323493029727502,1.459689511845464,0.21896454344658112,0.3568543977416135,0.6769114697332198,-11.31648566654074,-0.0007089930289885746,0.174805
20.7581524848938,3.3281820872291825,1.459689511845464,0.24676352673134558,0.32522662743807235,0.5751293084836092,-11.41826782779035,-0.0007153698181197382,0.174805
20.789377689361572,3.33270945332151,1.465510320737943,0.3443623564776609,0.3648014774083018,0.5366668968208081,-11.456730239453151,-0.0007177795398788212,0.174805
20.81695532798767,3.3247865628073634,1.459689511845464,0.2759373423123434,0.33078958320475654,0.5497492176784872,-11.443647918595472,-0.0007169599149029764,0.174805
20.84582495689392,3.3264034791829546,1.465348631599451,0.25594681000130803,0.3669812606068923,0.6431795636442994,-11.35021757262966,-0.0007111063782187382,0.174805
20.87538480758667,3.326565170822089,1.4698759275332594,0.2447441351712333,0.44031543884894964,0.7794784629297097,-11.21391867334425,-0.0007025670690816364,0.174653
20.909141778945923,3.3346497531441934,1.4635700510858132,0.3764371584793837,0.42479221544248025,0.5975199837788339,-11.395877152495125,-0.0007139670122340206,0.174653
20.936702728271484,3.327373629022055,1.459689511845464,0.34304086811828993,0.37278309982868374,0.5505057420619414,-11.442891394212017,-0.0007169125176340773,0.174653
20.965818405151367,3.331415920129337,1.4642168076341542,0.3894309117820792,0.3843767214209896,0.5248067457800586,-11.468590390493901,-0.0007185225942738357,0.174653
20.99324107170105,3.3302840786012404,1.4624382271319134,0.4023690568984426,0.3736351125410911,0.49686611868570596,-11.496531017588254,-0.000720273112095286,0.174653
21.02063822746277,3.329960695310079,1.4674505904114041,0.4058443626820471,0.4192588471600128,0.5621133595249388,-11.431283776749021,-0.0007161852848069494,0.174653
21.047295570373535,3.3223611882976476,1.4710077515348874,0.27711428117472564,0.4889097506439777,0.804099954758778,-11.189297181515181,-0.0007010244995433104,0.174653
21.074840307235718,3.328505470514039,1.465348631599451,0.29304973883005014,0.4776653778143471,0.7680245848495737,-11.225372551424385,-0.0007032846699299027,0.174653
21.104186058044434,3.3259184042672705,1.4441673557331658,0.2595533942304125,0.2452228855743574,0.3757192698831819,-11.617677866390778,-0.0007278631249151563,0.174653
21.130353927612305,3.326241787544107,1.4640551184968469,0.24168734856126545,0.2933702856174339,0.5111719591942407,-11.48222517707972,-0.0007193768319697023,0.174502
21.157071113586426,3.3344880614907253,1.467612279551823,0.3715067098173471,0.36478775417196624,0.5088610402215449,-11.484536096052416,-0.0007195216141477104,0.174502
21.184563159942627,3.329475620375486,1.4711694406785711,0.37586862606563703,0.4524942714454786,0.6380761405442856,-11.355320995729675,-0.000711426114531628,0.174502
21.211632013320923,3.330607461893549,1.4677739686923896,0.39845685271457326,0.477888830111686,0.6494573715424389,-11.343939764731523,-0.0007107130651206385,0.174502
21.24111008644104,3.327858703945472,1.4666421447115352,0.3668267475496886,0.483665020190428,0.6898479004851709,-11.303549235788791,-0.0007081825442238351,0.174502
21.272486448287964,3.3328711449718225,1.4677739686923896,0.4311973090310768,0.4997083542331467,0.6456394152400913,-11.34775772103387,-0.000710952265211825,0.174502
21.300214529037476,3.336590053008204,1.4648635641848637,0.5404427569883606,0.4800815428219237,0.5332200316659318,-11.46017710460803,-0.0007179954906111142,0.174502
21.326032400131226,3.328343778871468,1.4625999162677408,0.4745889740526428,0.44234277333158395,0.5347229189767103,-11.458674217297252,-0.0007179013327021931,0.174502
21.35724711418152,3.326080095905546,1.4627616054037162,0.3894215566590462,0.41763992049974896,0.574167189066836,-11.419229947207127,-0.0007154300961936604,0.174502
21.3839910030365,3.328990545443473,1.4483712728797766,0.3800369252396922,0.2477764924290572,0.28386610376754773,-11.709531032506415,-0.0007336178491630794,0.174343
21.41026782989502,3.323493029727502,1.4718161972547918,0.27858395871775976,0.37744353181372825,0.63419261635965,-11.359204519914314,-0.0007116694225387205,0.174343
21.439204692840576,3.329475620375486,1.4697142383907635,0.3108227002959208,0.44592474281318994,0.7046296412437524,-11.288767495030212,-0.0007072564483082863,0.174343
21.465651035308838,3.328343778871468,1.4658336990153713,0.31385493436794,0.452718729851768,0.7108289532106064,-11.282568183063358,-0.0007068680530857288,0.174343
21.492321968078613,3.3349731364519917,1.4697142383907635,0.4303961140020507,0.4986173814398248,0.6459844173495342,-11.34741271892443,-0.0007109306503662106,0.174343
21.51857280731201,3.328343778871468,1.4701993058186964,0.39755632396221563,0.5358892951978013,0.7242441174241104,-11.269153018849853,-0.000706027575026517,0.174343
21.54854655265808,3.3301223869555163,1.4742415344368018,0.40526614752315915,0.6048367824325043,0.7921963387186528,-11.20120079755531,-0.0007017702770789249,0.174343
21.57465386390686,3.3280203955871843,1.4624382271319134,0.37438395174785516,0.5279571552491499,0.7395626342929839,-11.253834501980979,-0.0007050678493665812,0.174343
21.60773730278015,3.329960695310079,1.4611447140506162,0.3862547890766665,0.46042712979853057,0.6384230445442721,-11.35497409172969,-0.0007114043805300161,0.174343
21.6342294216156,3.324624871171379,1.4632466728125304,0.3024713473983707,0.43544182747024884,0.6992929659567839,-11.29410417031718,-0.0007075907981840276,0.174192
21.66234564781189,3.33270945332151,1.4658336990153713,0.3833578309445836,0.4453806891117139,0.6198224291509729,-11.373574707122991,-0.0007125697340715083,0.174192
21.688913345336914,3.3333562199244806,1.4661570772933923,0.4511411613789697,0.45576646394790743,0.5700002611832218,-11.423396875090742,-0.0007156911598232037,0.174192
21.716588973999023,3.3310925368341615,1.4634083619490978,0.45951972119746737,0.43389364719249734,0.5327164586982982,-11.460680677575665,-0.0007180270401340104,0.174192
21.743205547332764,3.3310925368341615,1.4643784967716094,0.46538471307042084,0.42886839040275665,0.5208653399655832,-11.472531796308381,-0.000718769528642793,0.174192
21.770427465438843,3.332386070021746,1.4684207252561405,0.4918157909687035,0.4682078568378566,0.5527282264356398,-11.440668909838324,-0.0007167732760024952,0.174192
21.80445432662964,3.325433329354164,1.4677739686923896,0.3903175374386451,0.48888833988635216,0.674059023133301,-11.319338113140663,-0.0007091717385998886,0.174192
21.833568334579468,3.3340029865320413,1.4571024857325057,0.46717574795605943,0.3902218146211049,0.46274722504002525,-11.530649911233938,-0.0007224107066157399,0.174192
21.867584466934204,3.3280203955871843,1.4634083619490978,0.4177206720508956,0.3880123926637285,0.4992885385340784,-11.494108597739885,-0.0007201213442376325,0.174192
21.89797282218933,3.332062686723129,1.4706843732479653,0.4528695663285517,0.46360866071502865,0.579517120598596,-11.413880015675367,-0.0007150949157963753,0.174033
21.925277709960938,3.3310925368341615,1.4701993058186964,0.4607296046621492,0.5113831906904424,0.6343699933589333,-11.35902714291503,-0.0007116583096314364,0.174033
21.952293157577515,3.33270945332151,1.4642168076341542,0.4941386110292158,0.48139678502421673,0.5677163419019091,-11.425680794372054,-0.0007158342504342767,0.174033
21.976649284362793,3.328343778871468,1.473109710414367,0.44217607188123625,0.5546920238825437,0.7040396787654967,-11.289357457508466,-0.0007072934102500738,0.174033
22.004546880722046,3.3244631795356807,1.4603362683796097,0.33882554763320855,0.47057010887891754,0.7093242302446365,-11.284072906029326,-0.0007069623260009135,0.174033
22.031317949295044,3.3319009950742506,1.4716545081105137,0.394852281280329,0.5316847774291925,0.7256026375088974,-11.267794498765065,-0.0007059424619182396,0.174033
22.057396173477173,3.3280203955871843,1.4690674818222649,0.36709424537788427,0.5470364712375945,0.775792218800011,-11.217604917473952,-0.0007027980172282715,0.174033
22.086809873580933,3.3331945282733075,1.4643784967716094,0.43696595348682976,0.5080683672343184,0.6521339268191637,-11.3412632094548,-0.0007105453753370062,0.174033
22.119531869888306,3.3239781046303034,1.4729480212689,0.32680637160169834,0.5716478455175755,0.8545388706032357,-11.138858265670727,-0.0006978644337086325,0.174033
22.1505868434906,3.3349731364519917,1.474564912730265,0.43946212006566365,0.6332963395072423,0.7913493382959015,-11.20204779797806,-0.0007018233427932266,0.173875
22.178274154663086,3.333841294879721,1.4742415344368018,0.49878625777976493,0.6730217134491161,0.7728889077599074,-11.220508228514054,-0.0007029799135650914,0.173875
22.20389199256897,3.3312542284816056,1.4682590361149803,0.495661986609073,0.6374008971039293,0.7415837836094962,-11.251813352664467,-0.0007049412216467945,0.173875
22.23094606399536,3.3383686612532038,1.477475317398229,0.6162657106596925,0.7101806225598465,0.7100676562981285,-11.283329479975833,-0.0007069157493599822,0.173875
22.257846117019653,3.3331945282733075,1.4703609949616376,0.6113859791840853,0.6856978498670713,0.6921938005357571,-11.301203335738204,-0.0007080355704343053,0.173875
22.285870790481567,3.337560202955714,1.455970661819964,0.6833190147665668,0.5159884713442806,0.4765757134594631,-11.516821422814498,-0.000721544333239788,0.173875
22.312607288360596,3.3343263698375436,1.4663187664326252,0.6778581781309708,0.5069061973566548,0.4697437793430936,-11.523653356930868,-0.0007219723630898445,0.173875
22.33965802192688,3.3317393034256595,1.4766668716522875,0.6293844246778569,0.6102629029792715,0.6085888268818159,-11.384808309392145,-0.0007132735343443093,0.173875
22.36676812171936,3.3322243783722945,1.479577276355116,0.6038248911281744,0.7134697442269071,0.7234218454843196,-11.269975290789642,-0.0007060790914681423,0.173875
22.391896724700928,3.333032836622422,1.4695525492484163,0.5998867075215798,0.6794288056234546,0.6961348841281564,-11.297262252145805,-0.0007077886562529942,0.173723
22.418681859970093,3.3301223869555163,1.473756466997723,0.5468974160147013,0.7001715819659475,0.7576119963723327,-11.235785139901628,-0.0007039370325857331,0.173723
22.44949722290039,3.326726862461509,1.4755350476142257,0.45120025717321005,0.7335486706116493,0.874896736216676,-11.118500400057284,-0.0006965889860802496,0.173723
22.482662677764893,3.3367517446654045,1.4784454522982766,0.5572355187872939,0.7877697797763593,0.8218041927872796,-11.171592943486681,-0.00069991530524787,0.173723
22.50827646255493,3.329475620375486,1.4829727485695097,0.5058787923446254,0.8737245638297052,0.9276704135293791,-11.065726722744582,-0.0006932826443031884,0.173723
22.5358304977417,3.3349731364519917,1.4750499801715755,0.5648128145857304,0.8498929001139068,0.86128068717966,-11.132116449094301,-0.0006974420498435127,0.173723
22.568121671676636,3.3251099460801914,1.4876617341167948,0.43583405846941226,0.966925043000598,1.046489998250748,-10.946907138023214,-0.0006858384377043284,0.173723
22.594021797180176,3.3328711449718225,1.4810324787246512,0.4795024266749115,0.9785618160898587,1.0137194685565227,-10.97967766771744,-0.0006878915554119012,0.173723
22.620702505111694,3.3317393034256595,1.4792538980524161,0.4905353986586281,0.9678504114554907,0.998239820999534,-10.995157315274428,-0.000688861376125902,0.173723
22.647457361221313,3.335134828106321,1.4750499801715755,0.556863137055438,0.9157809934519552,0.911102075642132,-11.082295060631829,-0.0006943206729288701,0.173564
22.674094915390015,3.333679603227687,1.4763434933549537,0.5781762716622845,0.8930466883540545,0.8789867791162627,-11.114410357157698,-0.0006963327393982391,0.173564
22.700979709625244,3.3317393034256595,1.4802240329623062,0.5596070901497738,0.9182755379058998,0.910503022970971,-11.08289411330299,-0.0006943582043834546,0.173564
22.726611137390137,3.329152237087191,1.4711694406785711,0.5019574965499871,0.8399357200592297,0.9075942533000066,-11.085802882973955,-0.0006945404427108308,0.173564
22.75382137298584,3.3367517446654045,1.4724629538333902,0.5927655863510429,0.7988121347683453,0.7988279472587743,-11.194569189015187,-0.0007013547978953272,0.173564
22.780016660690308,3.3310925368341615,1.4837811943445502,0.5586568186778931,0.8900256423900916,0.8930170911460683,-11.100380045127892,-0.0006954537215019785,0.173564
22.807645797729492,3.3399855778697294,1.4800623438102847,0.6882690748709014,0.9144465197495835,0.8104355097537854,-11.182961626520175,-0.0007006275685120175,0.173564
22.83531618118286,3.335296519760937,1.4824876811062786,0.6980674084589016,0.9572554237903851,0.8312916229530435,-11.162105513320917,-0.0006993209050030634,0.173564
22.862342834472656,3.334811444797949,1.4829727485695097,0.6965541478207491,0.9923645146395264,0.8538747847305559,-11.139522351543405,-0.0006979060395806543,0.173564
22.890419960021973,3.33869204457421,1.4857214642198988,0.7624716198208017,1.0460837406199943,0.8416663877349259,-11.151730748539036,-0.0006986709120525577,0.173564
22.917842149734497,3.335943286382274,1.4797389655066897,0.76117198219283,1.0202586165521965,0.8276287990890897,-11.165768337184872,-0.0006995503858385877,0.173413
22.945530652999878,3.3310925368341615,1.4807091004192654,0.6765412957671747,1.012466745598678,0.8798510665712777,-11.113546069702684,-0.0006962785906281436,0.173413
22.971449851989746,3.336104978038326,1.4815175461838497,0.7038114534349587,1.0155838658863472,0.8627158506697332,-11.13068128560423,-0.0006973521349229356,0.173413
22.99852705001831,3.329313928731195,1.4896020040352589,0.60569124872131,1.1034801518185138,0.9806731606212933,-11.01272397565267,-0.0006899619509967392,0.173413
23.027111530303955,3.3344880614907253,1.4868532883238015,0.6263094399294039,1.1358646889374937,0.9814433322218166,-11.011953804052146,-0.0006899136987113578,0.173413
23.056090354919434,3.330930845187004,1.4917039631379585,0.5793468182566022,1.209962447054597,1.0488470849428702,-10.944550051331092,-0.000685690763056679,0.173413
23.081613540649414,3.3357815947265093,1.4896020040352589,0.63019392302322,1.2395451586362878,1.025195068206555,-10.968202068067407,-0.0006871725936781015,0.173413
23.109500885009766,3.3391771195578746,1.4933208547726773,0.7243915569691296,1.2996816368730966,0.9883515545373435,-11.005045581736619,-0.0006894808893031425,0.173413
23.136634826660156,3.3259184042672705,1.4865299100076523,0.561492666927763,1.2697771563842775,1.0859420965238504,-10.907455039750111,-0.0006833667107496163,0.173413
23.162808418273926,3.331415920129337,1.4889552473933731,0.5423471709487258,1.2745583108825733,1.1016486609761245,-10.891748475297838,-0.0006823826733872975,0.173413
23.19027066230774,3.3335179115759406,1.493482543936975,0.5652243973822481,1.3259051295571809,1.103854012385249,-10.889543123888714,-0.0006822445051589612,0.173264
23.215782642364502,3.329475620375486,1.496554638087187,0.5114710073610625,1.3944193390542803,1.1640334047825254,-10.829363731491437,-0.0006784741853833979,0.173264
23.247363805770874,3.332386070021746,1.4897636931961051,0.524076196972168,1.370379269111161,1.1477026376817698,-10.845694498592191,-0.0006794973298801655,0.173264
23.27686619758606,3.329960695310079,1.4928357872806852,0.49103936073365484,1.386122655879998,1.1760672370485419,-10.81732989922542,-0.0006777202496263059,0.173264
23.30314350128174,3.330445770247251,1.4800623438102847,0.476285669070881,1.2617144291925204,1.1467496179862453,-10.846647518287718,-0.0006795570378443274,0.173264
23.33126926422119,3.3312542284816056,1.4915422739753121,0.47991157451284916,1.2963429791389307,1.1558823732965504,-10.837514762977413,-0.0006789848584556672,0.173264
23.35750675201416,3.333032836622422,1.4938059222660212,0.5131473858908522,1.344582969564794,1.147130664754825,-10.846266471519138,-0.0006795331647523974,0.173264
23.38579249382019,3.3312542284816056,1.482325991952167,0.5057147762868444,1.256636652657338,1.121976082672872,-10.871421053601091,-0.0006811091331111925,0.173264
23.412879467010498,3.3357815947265093,1.4892786257140163,0.5786514936444023,1.2687885304127786,1.0719987753085682,-10.921398360965394,-0.0006842402785544882,0.173264
23.441136360168457,3.338045277933346,1.4913805848128159,0.6687769692912875,1.299580563900525,1.0216227998440466,-10.971774336429917,-0.0006873964010898127,0.173113
23.469322681427002,3.333032836622422,1.4907338281643316,0.645353162235759,1.3142778429874937,1.0432732440998176,-10.950123892174146,-0.0006860399716731049,0.173113
23.495418310165405,3.3317393034256595,1.4989799756125544,0.6066309135512086,1.4119945307765551,1.1048890328474361,-10.888508103426528,-0.0006821796597366123,0.173113
23.525768280029297,3.332062686723129,1.4698759275332594,0.5851067353787682,1.1718247279677128,1.0255575692691945,-10.96783956700477,-0.0006871498824995621,0.173113
23.55197548866272,3.324948254443634,1.4849130184358863,0.44724910528136186,1.163134459788615,1.1343768821371685,-10.859020254136796,-0.0006803322063661637,0.173113
23.58020520210266,3.3297990036649283,1.4889552473933731,0.4344696986586221,1.1999084232656065,1.1597312517953189,-10.833665884478645,-0.0006787437210473355,0.173113
23.606729745864868,3.3333562199244806,1.481194167877568,0.486919468778789,1.143364468266396,1.0916814219757098,-10.901715714298254,-0.0006830071343001453,0.173113
23.63506031036377,3.326726862461509,1.4855597750627971,0.4092156941080765,1.15006942212341,1.1630744611713482,-10.830322675102614,-0.0006785342644888332,0.173113
23.662621021270752,3.327535320662908,1.4865299100076523,0.36877654087570777,1.1650486060594947,1.20586826685907,-10.787528869414892,-0.0006758531750755188,0.173113
23.687649250030518,3.330769153540133,1.4896020040352589,0.3962830909978636,1.2081054699397193,1.1960747127287576,-10.797322423545204,-0.0006764667543979354,0.172961
23.71635627746582,3.3281820872291825,1.4816792353372144,0.37088651001723305,1.1542452589208512,1.2000224209609385,-10.793374715313023,-0.0006762194251740428,0.172961
23.745923042297363,3.333032836622422,1.4941293005956686,0.4368298407439209,1.2485431376466771,1.1752808797289729,-10.81811625654499,-0.0006777695159687285,0.172961
23.774425745010376,3.331415920129337,1.4918656523007547,0.4550831926200388,1.2905516472467933,1.174706324254736,-10.818690812019227,-0.0006778055126410175,0.172961
23.801507234573364,3.330607461893549,1.4896020040352589,0.45390704930264425,1.295957598770822,1.1774655821812816,-10.815931554092682,-0.0006776326414252756,0.172961
23.829632997512817,3.3328711449718225,1.4947760572567659,0.49215352025816367,1.3545989200298312,1.166895138870441,-10.826501997403522,-0.0006782948938984848,0.172961
23.856197834014893,3.328505470514039,1.4983332189358114,0.4435772061884823,1.4333621400521317,1.2265275446901285,-10.766869591583834,-0.0006745588435668008,0.172961
23.884642124176025,3.3272119373814886,1.486691599165652,0.38724820370230045,1.3650677946545169,1.2518580780671575,-10.741539058206804,-0.0006729718516230055,0.172961
23.91279172897339,3.331577611777355,1.49121889565047,0.42316674463187165,1.3652617627787444,1.2233158282254994,-10.770081308048463,-0.0006747600619177631,0.172961
23.940173149108887,3.3257567126292824,1.49121889565047,0.3478446005237997,1.365397540465705,1.2840658634886941,-10.709331272785267,-0.000670953990600078,0.17281
23.968722105026245,3.335943286382274,1.4913805848128159,0.47093306868493623,1.367206870937575,1.186535649903483,-10.806861486370478,-0.000677064389498221,0.17281
23.99787998199463,3.337883586273848,1.4910572064882737,0.5905833736805436,1.3650448300874767,1.097215887034933,-10.896181249239028,-0.0006826603926294716,0.17281
24.03081464767456,3.331577611777355,1.4899253823571015,0.5655013636166469,1.3515313989110893,1.1103878446212772,-10.883009291652684,-0.0006818351517921626,0.17281
24.05858874320984,3.324139796265143,1.4944526789259167,0.4195718564061002,1.3900720078807378,1.2335953816524827,-10.759801754621478,-0.0006741160340865437,0.17281
24.084737300872803,3.3270502457412094,1.4860448425345514,0.3676537610472003,1.3279075579643984,1.258861731725004,-10.734535404548957,-0.0006725330633129963,0.17281
24.111850261688232,3.327535320662908,1.4908955173262277,0.33968318773309186,1.3358210249184337,1.2847484171827939,-10.708648719091167,-0.0006709112276942354,0.17281
24.140105962753296,3.3281820872291825,1.4931591656085297,0.3312665777319133,1.3653604571605025,1.299066157768942,-10.694330978505018,-0.0006700142020128032,0.17281
24.165900945663452,3.3356199030710316,1.488146801594388,0.453747056586219,1.3328951911060645,1.1889019410346424,-10.804495195239317,-0.000676916138180101,0.17281
24.192683458328247,3.3264034791829546,1.4761818042065102,0.38041360999302093,1.1833123407683377,1.2014056209056145,-10.791991515368345,-0.0006761327658393897,0.17266
24.219441413879395,3.328343778871468,1.4952611247541674,0.36256857115590757,1.280890097810957,1.249997597305917,-10.743399538968042,-0.0006730884132419703,0.17266
24.246572732925415,3.3218761134034294,1.4959078814194742,0.23844913414358315,1.3560516722736036,1.378154815498211,-10.615242320775748,-0.0006650591913624644,0.17266
24.274138927459717,3.328990545443473,1.486206531692102,0.2743562294788629,1.3058076090795567,1.33595224335625,-10.65744489291771,-0.0006677032391999044,0.17266
24.30110740661621,3.326241787544107,1.4952611247541674,0.25204933323517564,1.366636785628815,1.3680876005903293,-10.62530953568363,-0.0006656899159002174,0.17266
24.32656455039978,3.326888554101216,1.4873383557991482,0.2475972970250719,1.325217190753732,1.3643771280840005,-10.62902000818996,-0.0006659223819871953,0.17266
24.355714559555054,3.326241787544107,1.4892786257140163,0.2333180805175219,1.316794907080252,1.3759467641086724,-10.617450372165287,-0.0006651975287482007,0.17266
24.384429216384888,3.33270945332151,1.474888291024323,0.334950544127992,1.158327854458321,1.235292136271165,-10.758105000002795,-0.0006740097301303511,0.17266
24.414514780044556,3.329637312020064,1.4915422739753121,0.3530700079647001,1.223972376824995,1.2398132929452748,-10.753583843328684,-0.0006737264735912307,0.17266
24.440627813339233,3.3297990036649283,1.4954228139202683,0.36854433053696145,1.3110664091814328,1.2524501639225332,-10.740946972351425,-0.0006729347566487886,0.17251
24.47019100189209,3.333032836622422,1.493644233101423,0.43519031510772305,1.3531750844796773,1.2085302382779723,-10.784866897995986,-0.00067568639899017,0.17251
24.4966721534729,3.3252716377170346,1.4894403148745627,0.3478890065829073,1.3380797187603304,1.2781394461518276,-10.715257690122131,-0.0006713252886074743,0.17251
24.527812242507935,3.3204208887362214,1.4915422739753121,0.20305716032064958,1.3497986818363954,1.410859733724065,-10.582537402549894,-0.000663010184301524,0.17251
24.55722737312317,3.324301487900269,1.4918656523007547,0.16865161181737806,1.3614305281795944,1.444095115373963,-10.549302020899997,-0.0006609279429944704,0.17251
24.58920192718506,3.330607461893549,1.4941293005956686,0.2534049427407715,1.393572826127795,1.3726730779408616,-10.6207240583331,-0.0006654026295843143,0.17251
24.614535808563232,3.323007954827276,1.4942909897607175,0.18156947790201816,1.4177867208111907,1.4392033658684693,-10.554193770405492,-0.0006612344176723122,0.17251
24.641521453857422,3.3312542284816056,1.4894403148745627,0.2736102406946503,1.3833078641924033,1.3528845161290728,-10.64051262014489,-0.0006666424095647503,0.17251
24.668898820877075,3.3286671621568975,1.4821643027982048,0.2933876083459594,1.2820297928945568,1.3122718990719322,-10.68112523720203,-0.0006691868445802633,0.172358
24.698458433151245,3.330607461893549,1.4883084907538853,0.3407201403107989,1.2762780121806987,1.2659727672158974,-10.727424369058065,-0.0006720875473868957,0.172358
24.724562644958496,3.3209059636227165,1.4960695705861766,0.2064110467596961,1.354537498469608,1.408995040533134,-10.584402095740828,-0.0006631270098348682,0.172358
24.75021719932556,3.332062686723129,1.4960695705861766,0.3049528286246737,1.4093191388718436,1.3309973481991124,-10.662399788074849,-0.0006680136700376484,0.172358
24.777712106704712,3.330445770247251,1.4933208547726773,0.3460250965946044,1.418523423037987,1.2982546114189537,-10.695142524855008,-0.0006700650464818193,0.172358
24.80567240715027,3.3257567126292824,1.4970397055895512,0.29384544689772285,1.4643950029263313,1.3512673307931844,-10.642129805480778,-0.0006667437283984867,0.172358
24.83221936225891,3.3264034791829546,1.4844279509672735,0.26848248321108387,1.36279079418201,1.3537133139527853,-10.639683822321178,-0.0006665904842677308,0.172358
24.86094355583191,3.3325477616714845,1.4942909897607175,0.35677492803782523,1.3962392984491405,1.2835243170207047,-10.70987281925326,-0.0006709879192137832,0.172358
24.888478755950928,3.3252716377170346,1.497201394757307,0.29299823563398647,1.4505104018624975,1.3495019481367936,-10.64389518813717,-0.0006668543319934332,0.172358
24.915498971939087,3.3239781046303034,1.5028605157236496,0.2260289691047208,1.5485001904502849,1.4194507574837396,-10.573946378790225,-0.0006624719451222452,0.172358
24.94825553894043,3.333679603227687,1.4984949081047712,0.34659235409677225,1.5708073155075664,1.329231340613192,-10.664165795660773,-0.0006681243127852696,0.172358
24.97575330734253,3.3276970123040464,1.4946143680912662,0.32773090069001776,1.5452794356211206,1.338968133304244,-10.65442900296972,-0.0006675142896432728,0.1722
25.00792145729065,3.323654721361483,1.4929974764445322,0.24476043923169136,1.510267058543876,1.3995802324335513,-10.593816903840413,-0.000663716860209672,0.1722
25.03501009941101,3.3252716377170346,1.4954228139202683,0.21458809346967742,1.5114726863846526,1.4246492017072994,-10.568747934566664,-0.0006621462556083188,0.1722
25.065755128860474,3.3264034791829546,1.5073878126298006,0.2130023358114546,1.6391738039854677,1.4399480195017942,-10.55344911677217,-0.0006611877641218555,0.1722
25.096301794052124,3.326726862461509,1.4983332189358114,0.21747370103096036,1.6325645588210704,1.4359043379693637,-10.557492798304601,-0.0006614411062019343,0.1722
25.12364363670349,3.329313928731195,1.4946143680912662,0.26525482203852396,1.5885095059405694,1.39397361184814,-10.599423524425823,-0.0006640681225209913,0.1722
25.151665925979614,3.332062686723129,1.4973630839252132,0.3461434713198762,1.5868138332564379,1.3316544177204601,-10.661742718553503,-0.0006679725037494629,0.1722
25.182365894317627,3.3310925368341615,1.4794155872036916,0.3860213381560968,1.3953411094457229,1.2556406442456427,-10.737756492028321,-0.0006727348687706202,0.172048
25.21306824684143,3.3286671621568975,1.4884701799135327,0.3720753765689541,1.3573102198289002,1.2570221205821481,-10.736375015691817,-0.0006726483174223347,0.172048
25.241413354873657,3.324301487900269,1.497686462261477,0.28696436319119123,1.42840290528295,1.3499642319702547,-10.64343290430371,-0.0006668253692902588,0.172048
25.267127752304077,3.3244631795356807,1.4915422739753121,0.2301773515501898,1.4130249124022316,1.398153749782481,-10.595243386491484,-0.0006638062312640244,0.172048
25.29636812210083,3.3272119373814886,1.4907338281643316,0.2378683054554957,1.3936888869386876,1.3878768175791896,-10.605520318694776,-0.0006644500948720583,0.172048
25.322849988937378,3.326726862461509,1.4753733584665267,0.2348798797817661,1.2172964981568637,1.3549301871535002,-10.638466949120465,-0.0006665142455270219,0.172048
25.349414587020874,3.3340029865320413,1.498009840598343,0.3583693875962518,1.3338218724235913,1.261719166471533,-10.731677969802433,-0.000672354041187597,0.172048
25.37818741798401,3.329637312020064,1.4915422739753121,0.3694631983924922,1.346818189400678,1.2553679731653344,-10.738029163108632,-0.000672751951980094,0.172048
25.414319276809692,3.3259184042672705,1.494937746422416,0.31304281592411176,1.3919156195967646,1.3187933703373622,-10.674603765936604,-0.000668778265644878,0.172048
25.446733236312866,3.32381641299575,1.49121889565047,0.2372694775992327,1.384055240238324,1.387469355765503,-10.605927780508463,-0.0006644756229020487,0.1719
25.47288227081299,3.3276970123040464,1.4913805848128159,0.25120488714175027,1.3802672607784066,1.3735981390277208,-10.619798997246246,-0.000665344673264544,0.1719
25.501445055007935,3.3247865628073634,1.492027341463701,0.21072711377721617,1.3844728195363694,1.4128492316803498,-10.580547904593617,-0.000662885539581975,0.1719
25.531660318374634,3.330445770247251,1.488146801594388,0.2800670962013586,1.346273844769176,1.3387700431042957,-10.65462709316967,-0.0006675267002604038,0.1719
25.561734914779663,3.3244631795356807,1.493482543936975,0.22534926465730185,1.3761060032778034,1.397586477994178,-10.595810658279788,-0.0006638417716036052,0.1719
25.59604811668396,3.330930845187004,1.497201394757307,0.29867469556613074,1.43641709524255,1.341053812150838,-10.652343324123128,-0.000667383619061741,0.1719
25.626845359802246,3.3247865628073634,1.4638934293596877,0.2439559796742697,1.1254919465612085,1.3185015019796125,-10.674895634294355,-0.0006687965515895719,0.1719
25.66098189353943,3.324139796265143,1.4884701799135327,0.1944900876464591,1.168415805809744,1.3912037068485237,-10.602193429425444,-0.0006642416607901641,0.1719
25.686804056167603,3.328343778871468,1.4740798452902932,0.23242210551330403,1.045891053937779,1.3057951285537543,-10.687602007720214,-0.000669592622953785,0.171748
25.714776277542114,3.3264034791829546,1.4727863321235812,0.22548614424197538,0.9464094402995298,1.2732591112054474,-10.720138025068522,-0.0006716310481478543,0.171748
25.74054741859436,3.334811444797949,1.482325991952167,0.36574726286890336,0.9779151821716476,1.0877214086397715,-10.905675727634197,-0.0006832552344553187,0.171748
25.77376890182495,3.3239781046303034,1.4849130184358863,0.276953288169155,1.0273977777313688,1.2364781006149776,-10.75691903565899,-0.0006739354278710488,0.171748
25.80114483833313,3.327535320662908,1.4752116693189765,0.27619285671844485,0.9591784357776133,1.2015232329475916,-10.791873903326376,-0.0006761253972869664,0.171748
25.826080322265625,3.326565170822089,1.4834578160340857,0.25891636787323674,0.9988534810654216,1.248344832825906,-10.745052303448063,-0.0006731919611568817,0.171748
25.854368209838867,3.326080095905546,1.4642168076341542,0.23845073233347727,0.822625988286703,1.1718334334716283,-10.82156370280234,-0.000677985503107872,0.171748
25.88384175300598,3.3286671621568975,1.4760201150582157,0.26877595249311276,0.8244096128527584,1.116178323069801,-10.877218813204166,-0.0006814723705387346,0.171748
25.91040325164795,3.3264034791829546,1.4847513292795322,0.2509338371278466,0.9182295931806777,1.2170579102539019,-10.776339226020065,-0.0006751521288852464,0.171748
25.93744945526123,3.327535320662908,1.477475317398229,0.25797924098952385,0.9067607098135672,1.1981229787721879,-10.79527415750178,-0.0006763384277787806,0.17159
25.96766948699951,3.323493029727502,1.4792538980524161,0.19314357974265217,0.9175896370620882,1.3157707871525226,-10.677626349121445,-0.0006689676345417898,0.17159
25.994248867034912,3.327373629022055,1.488146801594388,0.2147353630025932,1.0194556170371791,1.3231508742429847,-10.670246262030982,-0.0006685052621715462,0.17159
26.02733540534973,3.3184805892159708,1.477475317398229,0.07636123894045112,0.9776189265131198,1.5353058153143928,-10.458091320959575,-0.0006552134701154803,0.17159
26.055410146713257,3.3252716377170346,1.4818409244907285,0.09670865326580413,0.9946189645195915,1.5026999609107297,-10.490697175363238,-0.0006572562706948831,0.17159
26.0873441696167,3.3272119373814886,1.4729480212689,0.14444021665642828,0.9122332636172675,1.4016796894797225,-10.591717446794245,-0.0006635853264054279,0.17159
26.11610722541809,3.3281820872291825,1.482002613644392,0.19459649797823858,0.9505632864914401,1.326789555283112,-10.666607580990856,-0.0006682772939163669,0.17159
26.144132614135742,3.3272119373814886,1.4719778863992186,0.21296170795511707,0.871108573558407,1.2530017852883253,-10.740395350985644,-0.0006729001968292027,0.17159
26.17396092414856,3.329960695310079,1.4744032235834588,0.2732592184217601,0.8412045632095821,1.118288039944064,-10.875109096329904,-0.0006813401939424779,0.17159
26.204716444015503,3.3209059636227165,1.4815175461838497,0.1591884014373817,0.8957003382139802,1.3687229539236,-10.624674182350368,-0.0006656501101603879,0.17159
26.232099294662476,3.3322243783722945,1.4700376166759035,0.27468767485985196,0.8121330790560137,1.0878879045778969,-10.905509231696072,-0.0006832448032611332,0.171438
26.26226782798767,3.3297990036649283,1.46082133578177,0.31367669736355747,0.6559217048734396,0.7890726005485297,-11.20432453572544,-0.0007019659834715514,0.171438
26.29104781150818,3.329152237087191,1.4601745792458516,0.3298062215996254,0.5397165997846469,0.4796249232671248,-11.513772213006845,-0.0007213532961491883,0.171438
26.324039697647095,3.326080095905546,1.4837811943445502,0.28807362994195446,0.7086587679015026,0.9334613573301703,-11.0599357789438,-0.0006929198338948159,0.171438
26.353627920150757,3.330445770247251,1.4747266018772194,0.3342096575167137,0.7309182711037966,0.8781386507337549,-11.115258485540215,-0.0006963858757807355,0.171438
26.384970664978027,3.3328711449718225,1.4726246429784113,0.40836534600801994,0.7242142064068565,0.7489854943434272,-11.244411641930544,-0.0007044774945262401,0.171438
26.410726308822632,3.3276970123040464,1.4758584259100702,0.37097199502790135,0.7538070795964296,0.8493326385710465,-11.144064497702924,-0.0006981906111392317,0.171438
26.436506271362305,3.329960695310079,1.4661570772933923,0.3838664193726682,0.6716649372872115,0.6969798840531001,-11.29641725222087,-0.000707735715872568,0.171438
26.463942289352417,3.3272119373814886,1.4777986956976485,0.345450652931205,0.7375940226021842,0.868847773896309,-11.12454936237766,-0.0006969679616954835,0.17129
26.489442110061646,3.329960695310079,1.4818409244907285,0.36600147990502163,0.8266015317819327,0.9490016763566016,-11.044395459917368,-0.0006919462120317516,0.17129
26.517824411392212,3.3333562199244806,1.4674505904114041,0.43899171565125333,0.736335340628598,0.7244291520728973,-11.268967984201073,-0.000706015982357205,0.17129
26.54665470123291,3.334811444797949,1.4744032235834588,0.5152011628554082,0.7468633001587166,0.6492135653613323,-11.344183570912637,-0.0007107283399054018,0.17129
26.573103427886963,3.3343263698375436,1.4726246429784113,0.5601756817931445,0.7353757267452975,0.5882053901957415,-11.405191746078227,-0.0007145505840347437,0.17129
26.599693775177002,3.3340029865320413,1.4666421447115352,0.586076449004209,0.6639058478339662,0.46088353453061587,-11.532513601743354,-0.0007225274693297399,0.17129
26.629926919937134,3.329960695310079,1.4723012646885179,0.5344395371561219,0.6738769383049286,0.5200492592315367,-11.473347877042432,-0.0007188206571970619,0.17129
26.657456636428833,3.336913436322892,1.466480455572006,0.618293712879739,0.6191424100766105,0.3685088974122222,-11.624888238861747,-0.0007283148644365028,0.17129
26.68883967399597,3.332386070021746,1.4624382271319134,0.5988520908352415,0.5379710946000273,0.24241946959265237,-11.750977666681317,-0.0007362145364713952,0.17129
26.71659541130066,3.3252716377170346,1.4721395755437938,0.46245224959215736,0.584008325137006,0.4230597007902244,-11.570337435483745,-0.0007248971833241516,0.171138
26.748103141784668,3.3310925368341615,1.4575875531258076,0.4674374829467013,0.4619486615757239,0.13644761743189238,-11.856949518842077,-0.0007428538153663557,0.171138
26.77408194541931,3.3383686612532038,1.4661570772933923,0.5965085580960247,0.46736404467271364,0.11339343440164083,-11.88000370187233,-0.0007442981909029946,0.171138
26.799596071243286,3.3297990036649283,1.4650252533229116,0.5389513156288758,0.45915481196299207,0.10989364187355243,-11.883503494400419,-0.0007445174576063191,0.171138
26.82696509361267,3.3344880614907253,1.4689057926805114,0.5795914867646947,0.4945512095385928,0.16971118823858217,-11.823685948035388,-0.0007407698079707612,0.171138
26.85347819328308,3.329475620375486,1.4648635641848637,0.5215279699287599,0.476471541535736,0.1520104640256558,-11.841386672248316,-0.0007418787821209358,0.171138
26.881022930145264,3.330445770247251,1.4666421447115352,0.497627695507429,0.48267291818726854,0.17472438970108825,-11.818672746572883,-0.0007404557241646605,0.171138
26.90831446647644,3.332386070021746,1.4680973469739684,0.5143858786746194,0.5024424545558266,0.2116346959966287,-11.781762440277342,-0.0007381432438918541,0.171138
26.936384201049805,3.329313928731195,1.4669655229910379,0.47309334638907763,0.504281129004215,0.23731029891943572,-11.756086837354536,-0.0007365346328774673,0.171138
26.963412284851074,3.3310925368341615,1.465348631599451,0.47488625070453266,0.4884253426665124,0.19824456290328987,-11.795152573370682,-0.0007389821537177622,0.170986
26.989965677261353,3.327535320662908,1.4714928189663843,0.41474593049321945,0.542469155182652,0.3782471075738005,-11.615150028700171,-0.0007277047524880737,0.170986
27.01816487312317,3.3317393034256595,1.4732713995599829,0.44520585133143603,0.5991569689070626,0.47880573623407385,-11.514591400039897,-0.0007214046193172623,0.170986
27.044713020324707,3.331415920129337,1.476828560801178,0.46094640003128917,0.6765527290128972,0.6111541825967621,-11.38224295367721,-0.0007131128113626028,0.170986
27.073734283447266,3.332386070021746,1.4629232945398398,0.48870897184132667,0.5833011752896445,0.40154518712037884,-11.591851949153593,-0.0007262450965070491,0.170986
27.1053626537323,3.330607461893549,1.477960384847582,0.47744509475753555,0.6774536751632798,0.5932733990676263,-11.400123737206346,-0.0007142330664708202,0.170986
27.13343119621277,3.332062686723129,1.4776370065478643,0.49467666222316387,0.7399318531576186,0.6732454288566023,-11.32015170741737,-0.0007092227113742645,0.170986
27.160400867462158,3.3288288538000423,1.4723012646885179,0.4509248012727864,0.7270951420314836,0.7088173188630429,-11.284579817410929,-0.0007069940846799294,0.170986
27.186005353927612,3.3310925368341615,1.4771519390994055,0.4593682691231263,0.7695380221013995,0.7603661839194984,-11.233030952354474,-0.0007037644790360713,0.170986
27.21332359313965,3.3340029865320413,1.4516050553677913,0.5155112601351962,0.5283908773239749,0.2618907917512231,-11.73150634452275,-0.0007349946319813969,0.170835
27.241933584213257,3.3301223869555163,1.4689057926805114,0.48783460284422514,0.5430164552912784,0.3122359977515562,-11.681161138522416,-0.000731840437194338,0.170835
27.268892526626587,3.3367517446654045,1.473756466997723,0.582879560757002,0.6046829367334218,0.36764407791994963,-11.625753058354022,-0.0007283690465394475,0.170835
27.296972513198853,3.328343778871468,1.4726246429784113,0.5042947366906942,0.6358494723475926,0.489205587193166,-11.504191549080804,-0.0007207530546840549,0.170835
27.32519841194153,3.329313928731195,1.4740798452902932,0.4660295470003198,0.6730946205142707,0.6003877592567161,-11.393009377017254,-0.0007137873422479112,0.170835
27.35562801361084,3.3288288538000423,1.4740798452902932,0.4308718206167955,0.6991662242309478,0.6934772120480885,-11.299919924225883,-0.0007079551629789898,0.170835
27.382048845291138,3.332062686723129,1.4718161972547918,0.46207537032465096,0.6934163440750508,0.6410696137673019,-11.35232752250667,-0.0007112385694129301,0.170835
27.40835475921631,3.334164678184649,1.4771519390994055,0.5201969289964684,0.7459628635318928,0.6546306705702832,-11.338766465703689,-0.0007103889509870031,0.170835
27.43548822402954,3.3373985112970774,1.473756466997723,0.6166959815110125,0.7467454225018549,0.5608752719878572,-11.432521864286114,-0.000716262852654331,0.170686
27.46101474761963,3.328505470514039,1.4739181561439338,0.530756929065456,0.7490074997007606,0.6475460149210692,-11.345851121352903,-0.0007108328141805853,0.170686
27.488237619400024,3.3340029865320413,1.4805474112667962,0.5654833220948169,0.8208766778163931,0.7061274105121358,-11.287269725761835,-0.0007071626110515969,0.170686
27.51490306854248,3.330607461893549,1.4756967367620735,0.5311871399349889,0.819756523644239,0.742192401183645,-11.251204735090326,-0.0007049030909381894,0.170686
27.54187035560608,3.333679603227687,1.4734330887057476,0.5602030736779701,0.7949724127453752,0.6788316638379607,-11.31456547243601,-0.0007088727262484241,0.170686
27.569963216781616,3.3395005028817546,1.4786071414488062,0.6809793587899787,0.832480685235677,0.6136528239835056,-11.379744312290466,-0.0007129562681231781,0.170686
27.603028774261475,3.3288288538000423,1.486206531692102,0.5813366888695543,0.9393079181530088,0.8190287062700019,-11.17436843000397,-0.0007000891932066228,0.170686
27.632567882537842,3.3328711449718225,1.477960384847582,0.5813542679549776,0.926658395167634,0.8066517623488862,-11.186745373925085,-0.000700864625369825,0.170686
27.666472911834717,3.3391771195578746,1.4871766666405495,0.6902037984213727,1.015518031379649,0.7862234775434188,-11.207173658730552,-0.0007021444848551855,0.170686
27.699398040771484,3.341117419518397,1.4886318690733293,0.7998868482206448,1.0931483512466142,0.7627016801090694,-11.230695456164902,-0.0007036181570624101,0.170686
27.730468273162842,3.3331945282733075,1.4868532883238015,0.7399207754767749,1.1286324285371572,0.8333822491628757,-11.160014887111096,-0.0006991899244625792,0.170686
27.757380485534668,3.339338811219671,1.4857214642198988,0.8039910518654184,1.1414712803483342,0.7946311373535228,-11.198765998920448,-0.0007016177336736686,0.170535
27.79029083251953,3.3344880614907253,1.4815175461838497,0.7651193021302747,1.1058870402111043,0.797599977864387,-11.195797158409585,-0.0007014317318274766,0.170535
27.819880485534668,3.3328711449718225,1.4816792353372144,0.7100020972375177,1.0826923581108183,0.8237221199765825,-11.16967501629739,-0.000699795144533017,0.170535
27.849608421325684,3.338045277933346,1.4849130184358863,0.7607223918064759,1.1007418008887897,0.797073132415666,-11.196324003858306,-0.0007014647394025759,0.170535
27.875500202178955,3.3335179115759406,1.4800623438102847,0.7180870519826936,1.0619478306986707,0.8009372177021532,-11.192459918571819,-0.0007012226492685657,0.170535
27.901564836502075,3.336104978038326,1.4781220739976644,0.7328934827858244,1.0142206199105819,0.7494633585816627,-11.243933777692309,-0.0007044475556897765,0.170535
27.93080735206604,3.3446746362202178,1.4842662618113684,0.8911649896651336,1.0459544400482683,0.6640584574713178,-11.329338678802653,-0.0007097982874728533,0.170535
27.956236362457275,3.3331945282733075,1.4889552473933731,0.803815474487894,1.117882409447363,0.7780199029799918,-11.215377233293978,-0.0007026584498218408,0.170535
27.982762336730957,3.3335179115759406,1.4803857221144767,0.7482522098596838,1.0773748286543243,0.7892712564148562,-11.204125879859113,-0.000701953537414662,0.170535
28.011340856552124,3.330607461893549,1.4824876811062786,0.6591253613704008,1.0713052400236989,0.8599913115630881,-11.13340582471088,-0.0006975228309579717,0.170383
28.041534662246704,3.3367517446654045,1.4826493702605394,0.7027830917253326,1.0687708139875385,0.8196065085688012,-11.173790627705166,-0.0007000529931164132,0.170383
28.068580389022827,3.3331945282733075,1.4853980859058449,0.6719481459300283,1.0961395780943959,0.8676252664840077,-11.12577186978996,-0.000697044553427117,0.170383
28.099443197250366,3.329313928731195,1.4834578160340857,0.5833869334678741,1.094726280687175,0.9508788394130641,-11.042518296860903,-0.0006918286052445805,0.170383
28.128878116607666,3.3383686612532038,1.484104572655613,0.6776731734608507,1.1005941165707618,0.8657470953322206,-11.127650040941747,-0.0006971622233728141,0.170383
28.15645742416382,3.3325477616714845,1.4786071414488062,0.6432084112126951,1.0464158779134476,0.8546279836398258,-11.138769152634142,-0.0006978588506571805,0.170383
28.1842839717865,3.3417641861811025,1.4899253823571015,0.778152870157577,1.128491132389269,0.804030994848848,-11.189366141425118,-0.0007010288199743053,0.170383
28.21125316619873,3.3388537362351447,1.4816792353372144,0.8223814236204916,1.0985152226355297,0.7489279703682673,-11.244469165905699,-0.0007044810984805582,0.170383
28.238163471221924,3.335458211415841,1.4850747075923896,0.7947367506434435,1.1135320920851344,0.7805065826787732,-11.212890553595193,-0.0007025026559982354,0.170232
28.2634756565094,3.329475620375486,1.4855597750627971,0.6721296546438943,1.1291867587965223,0.8924377312427689,-11.100959405031197,-0.0006954900191782025,0.170232
28.292084455490112,3.3406323445243857,1.4789305197503129,0.7788628528912446,1.0698592994076568,0.7581960202121711,-11.235201116061795,-0.0007039004427076203,0.170232
28.319567680358887,3.340794036188769,1.4870149774821007,0.8563667898878268,1.114044378297986,0.7366421982053758,-11.25675493806859,-0.0007052508186106323,0.170232
28.34896206855774,3.3340029865320413,1.4868532883238015,0.7934102246704917,1.1432596474731245,0.8034768594787581,-11.189920276795208,-0.000701063537299638,0.170232
28.375906229019165,3.3344880614907253,1.4905721390025857,0.7577127230938336,1.203138915403681,0.872444676552457,-11.120952459721508,-0.000696742610912183,0.170232
28.402791261672974,3.340955727853439,1.482002613644392,0.8443523972580123,1.1541972427419194,0.7741802192672145,-11.21921691700675,-0.000702899011164478,0.170232
28.431447744369507,3.334164678184649,1.4826493702605394,0.7877908478498111,1.1267952158902952,0.7955033133308111,-11.197893822943154,-0.0007015630906770552,0.170232
28.458552598953247,3.3401472695329626,1.4873383557991482,0.8514535934948704,1.1573280919367743,0.7714156728214067,-11.221981463452558,-0.0007030722137130559,0.170232
28.484357833862305,3.335296519760937,1.4907338281643316,0.8122965714956594,1.214701112612869,0.8390345449876073,-11.154362591286358,-0.0006988358005361585,0.170232
28.51108431816101,3.3383686612532038,1.4784454522982766,0.8379099200803157,1.1245764891772079,0.7567116226363918,-11.236685513637573,-0.0007039934422098054,0.170073
28.540385007858276,3.3440278695368044,1.4813558570306342,0.9535137024308684,1.0923464003971284,0.6566631913572402,-11.336733944916725,-0.0007102616108293168,0.170073
28.56921410560608,3.3419258778474976,1.4839428835000068,0.9981572722684743,1.097213914348188,0.6347063486496285,-11.358690787624337,-0.0007116372365206322,0.170073
28.595264673233032,3.336590053008204,1.4871766666405495,0.9373147312545312,1.134906894806025,0.6986784091508564,-11.294718727123108,-0.0007076293009934827,0.170073
28.626230478286743,3.3373985112970774,1.486691599165652,0.908678443091664,1.1561491229822407,0.7323800747945496,-11.261017061479414,-0.000705517846367836,0.170073
28.6529061794281,3.3385303529135633,1.4677739686923896,0.9081679283514806,0.9704472261874164,0.5809635542988827,-11.412433581975082,-0.0007150042947819883,0.170073
28.68079710006714,3.337560202955714,1.4739181561439338,0.8910663791837844,0.9055987622806513,0.5289795873486282,-11.464417548925336,-0.0007182611601439864,0.170073
28.708128452301025,3.33869204457421,1.4769902499502172,0.8986301817748932,0.8927762703243276,0.5116903630182069,-11.481706773255757,-0.0007193443532737343,0.170073
28.7372944355011,3.335943286382274,1.4802240329623062,0.8564829755607247,0.9180862452850814,0.562788921038403,-11.430608215235562,-0.0007161429599706169,0.170073
28.76387047767639,3.340308961196483,1.4755350476142257,0.9023287811010314,0.8860889349350461,0.5026809210222571,-11.490716215251709,-0.0007199088069175976,0.170073
28.789920568466187,3.334164678184649,1.468582414397449,0.8283743165399193,0.7899765238784147,0.4375359462083285,-11.555861190065638,-0.00072399022710207,0.169922
28.819207668304443,3.3367517446654045,1.4625999162677408,0.821257360343993,0.6592692600711267,0.2702177524346587,-11.723179383839309,-0.0007344729367085724,0.169922
28.84754204750061,3.3390154278963657,1.4640551184968469,0.8553452649198217,0.5832027477651678,0.1536888088486636,-11.839708327425303,-0.0007417736315631727,0.169922
28.873752117156982,3.33270945332151,1.482325991952167,0.7703695732096019,0.7236704973975997,0.3849014300626924,-11.608495706211274,-0.0007272878502450727,0.169922
28.899922370910645,3.3440278695368044,1.4740798452902932,0.9062354596213585,0.7345693380492804,0.33323931346374086,-11.660157822810225,-0.0007305245512502044,0.169922
28.929203748703003,3.340955727853439,1.4815175461838497,0.9483183128272542,0.8210556806017666,0.41221760483251985,-11.581179531441446,-0.0007255764552006108,0.169922
28.968311548233032,3.338206969593131,1.479577276355116,0.9303344408633528,0.8610246885626514,0.46317934099932523,-11.530217795274641,-0.0007223836339704078,0.169922
28.996381521224976,3.3335179115759406,1.4875000449578966,0.8368154863224998,0.9730030088602768,0.6335880914016305,-11.359809044872335,-0.000711707296839428,0.169922
29.031213760375977,3.337560202955714,1.4870149774821007,0.8411196697634876,1.0462449749148162,0.6975146539856268,-11.29588248228834,-0.0007077022118179128,0.169922
29.060959815979004,3.340470652860291,1.4719778863992186,0.8943651652564946,0.9380857554547671,0.5611928393042892,-11.432204296969678,-0.0007162429566353527,0.169763
29.097902297973633,3.338206969593131,1.4947760572567659,0.8925672375638569,1.104088629708595,0.7095517458733867,-11.28384539040058,-0.0007069480718411399,0.169763
29.128829956054688,3.340308961196483,1.493644233101423,0.9275877645032342,1.208290638848691,0.7630701373547868,-11.23032699891918,-0.0007035950727209994,0.169763
29.15642499923706,3.3445129445489328,1.4941293005956686,1.024660288524771,1.2863749035961611,0.7539866969164165,-11.23941043935755,-0.0007041641624666859,0.169763
29.18479084968567,3.340955727853439,1.4950994355882166,1.031215693059648,1.3513196056612211,0.7890915037067416,-11.204305632567225,-0.0007019647991632957,0.169763
29.211318731307983,3.3412791111836415,1.4957461922529218,1.0413858727057392,1.4036380416331948,0.8125573682753291,-11.180839767998638,-0.0007004946312252485,0.169763
29.23895835876465,3.33270945332151,1.4988182864431427,0.900597998659739,1.4728323836626325,0.9353179625952258,-11.058079173678742,-0.0006928035150808928,0.169763
29.266572952270508,3.333841294879721,1.499141664782117,0.8215813727955716,1.5246969954166587,1.0127925718857538,-10.980604564388214,-0.0006879496267334701,0.169604
29.293296098709106,3.336590053008204,1.4933208547726773,0.8137116016234867,1.4992879226193592,1.0071027399930252,-10.986294396280943,-0.0006883061023449747,0.169604
29.320369243621826,3.33869204457421,1.496878016421946,0.8444818374827154,1.5192158664865327,0.994533706521821,-10.998863429752147,-0.000689093569176533,0.169604
29.350677967071533,3.346129861274732,1.5031838940701625,0.994393123259479,1.600022588100456,0.9349577218236995,-11.058439414450268,-0.0006928260846491577,0.169604
29.376461505889893,3.3356199030710316,1.5051241641619197,0.9179356384554945,1.6771587278447206,1.0122603760817623,-10.981136760192205,-0.0006879829695155145,0.169604
29.40546941757202,3.3325477616714845,1.5018903806877335,0.8113921367089587,1.6968683014361965,1.0869406788320037,-10.906456457441964,-0.0006833041482265672,0.169604
29.433233499526978,3.3335179115759406,1.5022137590324354,0.7535558734144086,1.7140935753443758,1.1312104405801953,-10.862186695693772,-0.0006805305881833416,0.169604
29.461690664291382,3.3373985112970774,1.4955845030865198,0.7800472426035782,1.6558655342774038,1.0935474303176023,-10.899849705956365,-0.0006828902263708272,0.169604
29.487373113632202,3.336428361351291,1.5075495018072116,0.7818470123945872,1.7419630837611242,1.1212513161799291,-10.872145820094039,-0.0006811545407055894,0.169604
29.512850522994995,3.3301223869555163,1.5015670023436347,0.674269629425809,1.7388027781899345,1.193613978771636,-10.799783157502333,-0.0006766209226859719,0.169604
29.54812240600586,3.3349731364519917,1.5073878126298006,0.6826864005425692,1.7983048682491642,1.2038465784654284,-10.789550557808539,-0.0006759798365692121,0.169604
29.576555013656616,3.3335179115759406,1.5111066637485462,0.663461858097941,1.8793849154632274,1.2364296754314397,-10.756967460842528,-0.0006739384617738493,0.169446
29.610615491867065,3.3344880614907253,1.510459907026489,0.6667488664930098,1.9292838033785675,1.2453412242242492,-10.748055912049718,-0.0006733801412706675,0.169446
29.6403546333313,3.337560202955714,1.5119151096545271,0.7220730358828447,1.9796416015080698,1.2219378710696889,-10.771459265204278,-0.0006748463927846512,0.169446
29.672911643981934,3.330445770247251,1.518220987851352,0.6380092416752883,2.081749226922164,1.2923012137375307,-10.701095922536435,-0.0006704380348440464,0.169446
29.70097255706787,3.3356199030710316,1.5135320014778593,0.6684669213465764,2.1035102610176777,1.2781470216161392,-10.715250114657827,-0.000671324813994459,0.169446
29.73501944541931,3.336104978038326,1.515633960870872,0.6981593913405398,2.1410287070628256,1.2677142445805296,-10.725682891693438,-0.0006719784414905915,0.169446
29.760619401931763,3.337721894614637,1.5143404473952131,0.7468511014053101,2.153577328690984,1.2427439799656175,-10.75065315630835,-0.0006735428621124739,0.169294
29.793420553207397,3.338045277933346,1.5157956500560124,0.7865166947239357,2.177789940766813,1.2256835772842136,-10.767713558989753,-0.0006746117192585237,0.169294
29.825028896331787,3.337883586273848,1.5099748394865364,0.8114919119078483,2.1330244622570684,1.2030427612726593,-10.790354375001307,-0.0006760301967961453,0.169294
29.858793258666992,3.3395005028817546,1.509813150306855,0.8568815455509088,2.099974341025456,1.1709450902753518,-10.822452045998615,-0.0006780411590024729,0.169294
29.88757586479187,3.33869204457421,1.5172508527291133,0.874700798231916,2.1556964264674785,1.1739698125813363,-10.81942732369263,-0.0006778516560867478,0.169294
29.922393798828125,3.335296519760937,1.514178758211439,0.8285696148116067,2.162130445956061,1.200001518450495,-10.793395617823471,-0.0006762207347444018,0.169294
29.949724435806274,3.3349731364519917,1.5088430152319472,0.7906963903125944,2.1100628119997107,1.2098739122141884,-10.783523224059778,-0.0006756022160130448,0.169294
29.98054814338684,3.3344880614907253,1.5096514611273253,0.755813039043262,2.0821868995721204,1.2239180110027352,-10.76947912527123,-0.0006747223343578284,0.169294
30.007305145263672,3.3367517446654045,1.5112683529294395,0.7704644660963278,2.0798166236769315,1.214928947402229,-10.778468188871736,-0.0006752855112678418,0.169294
30.035388708114624,3.331415920129337,1.5088430152319472,0.6886274303667032,2.052443136404319,1.257821981621274,-10.735575154652691,-0.0006725982050537416,0.169294
30.061947345733643,3.329475620375486,1.5117534204730279,0.5978531304502042,2.0641388483320275,1.3159274796434655,-10.6774696566305,-0.0006689578175467396,0.169143
30.088095903396606,3.3349731364519917,1.5145021365791391,0.6291948512596152,2.1014687138992243,1.30277338924002,-10.690623747033946,-0.0006697819389810381,0.169143
30.11339497566223,3.335296519760937,1.506094299215955,0.6567154519309859,2.038456733297601,1.2745953670986714,-10.718801769175295,-0.0006715473299210869,0.169143
30.142329454421997,3.3372368196387283,1.5169274743562495,0.7094682494458703,2.1092055283652504,1.256133407872877,-10.73726372840109,-0.0006727039964674211,0.169143
30.169589519500732,3.330930845187004,1.510459907026489,0.6375579849181389,2.0901582324099843,1.2958891166182935,-10.697508019655672,-0.000670213247908764,0.169143
30.199116945266724,3.3344880614907253,1.5128852447467067,0.648616155267138,2.1025394196282248,1.2912916492733373,-10.702105487000628,-0.0006705012854139246,0.169143
30.232145309448242,3.330930845187004,1.5146638257632172,0.5949615189930365,2.130063400127969,1.3284296067949641,-10.664967529479,-0.000668174542485989,0.169143
30.26058292388916,3.3343263698375436,1.510621596206776,0.6160079310894919,2.106473028925099,1.3118374221637121,-10.681559714110252,-0.000669214065142217,0.169143
30.295605421066284,3.330769153540133,1.5162807176123456,0.5693450641475151,2.1499597899383738,1.3469830277915713,-10.646414108482393,-0.0006670121457368483,0.169143
30.32184410095215,3.3310925368341615,1.5030222048968305,0.5422624531354133,2.039829048309263,1.3483062406016455,-10.645090895672318,-0.0006669292446767616,0.168992
30.34886384010315,3.328505470514039,1.507711190984774,0.47865345920252134,2.012451829835743,1.3871672562560242,-10.606229880017938,-0.0006644945498421423,0.168992
30.381897449493408,3.326565170822089,1.4952611247541674,0.40063878961211585,1.8612877401581414,1.4256390713757583,-10.567758064898204,-0.0006620842389438502,0.168992
30.408006191253662,3.33270945332151,1.5041540291133229,0.45207504049418734,1.8497586169490148,1.3842767985766715,-10.609120337697291,-0.0006646756408986446,0.168992
30.443240880966187,3.330445770247251,1.5004351781440395,0.4490106449032716,1.8022596481146915,1.3795305646309237,-10.61386657164304,-0.0006649729988311903,0.168992
30.47323179244995,3.328505470514039,1.4921890306267978,0.41337719344006296,1.6815817767707242,1.390541069575683,-10.60285606669828,-0.0006642831759054599,0.168992
30.499252796173096,3.329637312020064,1.4955845030865198,0.4079686624831498,1.6331072752758484,1.3873100868041945,-10.606087049469767,-0.0006644856013164282,0.168992
30.528005123138428,3.332062686723129,1.5044774074622511,0.44604315963111435,1.6934608639703705,1.3634478482830468,-10.629949287990915,-0.0006659806026150714,0.168992
30.555668354034424,3.329152237087191,1.5025371373777408,0.4224627451869152,1.7151369415188547,1.3879955838573461,-10.605401552416616,-0.000664442654005187,0.168843
30.58706498146057,3.330930845187004,1.4999501106321882,0.43665413193688307,1.7028816167775043,1.373420167100587,-10.619976969173376,-0.0006653558234448568,0.168843
30.61289620399475,3.330607461893549,1.499141664782117,0.441006706824425,1.6857314585970642,1.3664328856694503,-10.626964250604512,-0.000665793586012869,0.168843
30.638920068740845,3.333841294879721,1.497686462261477,0.4998674685108621,1.6582977724206642,1.307709791100192,-10.68568734517377,-0.000669472666773192,0.168843
30.667285203933716,3.327373629022055,1.4915422739753121,0.42944208514031973,1.573951319398628,1.3549226911814358,-10.638474445092527,-0.0006665147151597412,0.168843
30.693137407302856,3.3312542284816056,1.4955845030865198,0.4471210657614588,1.5577659551153766,1.3333739345153457,-10.660023201758616,-0.0006678647737123535,0.168843
30.722285270690918,3.326888554101216,1.4915422739753121,0.38414750979346246,1.5035790472849284,1.3875938534349066,-10.605803282839055,-0.0006644678229558166,0.168843
30.747356414794922,3.3310925368341615,1.496878016421946,0.4126241650876021,1.5222196537524304,1.360739171898586,-10.632657964375376,-0.0006661503048292533,0.168843
30.7737820148468,3.335134828106321,1.5007585564860273,0.5023252735557479,1.5764109462424567,1.2833929581454235,-10.710004178128539,-0.0006709961490237802,0.168843
30.799971103668213,3.336266669694665,1.496878016421946,0.584650935971538,1.5732019830226986,1.2042877360552064,-10.789109400218756,-0.0006759521974535839,0.168691
30.82740831375122,3.337883586273848,1.4988182864431427,0.6701858807811597,1.5915271426352804,1.1350188167501871,-10.858378319523775,-0.0006802919883003162,0.168691
30.853265047073364,3.3302840786012404,1.4947760572567659,0.5988975351978015,1.5614976007349488,1.1869520581800466,-10.806445078093915,-0.0006770383009603131,0.168691
30.878639459609985,3.3344880614907253,1.4918656523007547,0.62155384046293,1.5096197714085826,1.1448196977479617,-10.848577438526,-0.0006796779499398105,0.168691
30.91385769844055,3.3325477616714845,1.4933208547726773,0.6039248781141405,1.4887338658136997,1.1527863133251777,-10.840610822948785,-0.0006791788307719599,0.168691
30.940258502960205,3.3252716377170346,1.4821643027982048,0.4660032006873867,1.3558279940294637,1.2483017474972482,-10.745095388776715,-0.0006731946605106003,0.168691
30.973613500595093,3.330607461893549,1.4950994355882166,0.4615510549497929,1.3999367689645337,1.2711978098582386,-10.722199326415724,-0.0006717601914463019,0.168691
30.999993562698364,3.3373985112970774,1.4894403148745627,0.5756438696783498,1.3708128978997298,1.1251128018123642,-10.868284334461599,-0.0006809126134433975,0.168691
31.03363013267517,3.3286671621568975,1.4886318690733293,0.5048111486345235,1.341854757810674,1.1936119337199123,-10.799785202554052,-0.0006766210508112093,0.168691
31.061829805374146,3.324948254443634,1.4873383557991482,0.39104219456038036,1.3078697712810372,1.3306164751721987,-10.662780661101765,-0.0006680375322444298,0.168533
31.09471082687378,3.3264034791829546,1.4902487606795434,0.33652020657492626,1.3149374299047105,1.4113461772782094,-10.582050958995755,-0.0006629797079593943,0.168533
31.12126636505127,3.3286671621568975,1.4852363967490423,0.3374245844621245,1.2667419232041937,1.3977561666548048,-10.59564096961916,-0.0006638311403810659,0.168533
31.156253337860107,3.335296519760937,1.497686462261477,0.45247626517275774,1.3650050976456565,1.2689102794709815,-10.724486856802983,-0.0006719035082980132,0.168533
31.182853937149048,3.3317393034256595,1.4962312597530296,0.47161708560711796,1.4183607444338564,1.265916575952149,-10.727480560321816,-0.0006720910678450542,0.168533
31.211400747299194,3.335296519760937,1.4844279509672735,0.5464110159742455,1.3305668132372763,1.1351053416645127,-10.858291794609451,-0.0006802865673982008,0.168533
31.237260818481445,3.3373985112970774,1.4944526789259167,0.6350458423954564,1.3753967979090678,1.060825921629668,-10.932571214644296,-0.0006849402728465034,0.168533
31.265941858291626,3.334164678184649,1.4946143680912662,0.6412762594460398,1.40849207330217,1.0733154238673328,-10.920081712406631,-0.0006841577887535642,0.168533
31.29554581642151,3.3401472695329626,1.4946143680912662,0.74889338161221,1.4316587660773399,0.9835766569589997,-11.009820479314964,-0.0006897800430507756,0.168533
31.32537078857422,3.335458211415841,1.492027341463701,0.7432951212376387,1.4204468732456235,0.9818859058087832,-11.011511230465182,-0.0006898859708816041,0.168381
31.35849142074585,3.3406323445243857,1.4950994355882166,0.8286786795068657,1.4451699844158423,0.9237390310234908,-11.069658105250474,-0.0006935289506983978,0.168381
31.388960361480713,3.3367517446654045,1.4887935582332763,0.8214704144208503,1.395619004437513,0.898073601923609,-11.095323534350356,-0.0006951369243091115,0.168381
31.4236261844635,3.3396621945441254,1.4894403148745627,0.8666571954987184,1.3677904627308257,0.8423478775538668,-11.151049258720098,-0.0006986282157999231,0.168381
31.451332092285156,3.334164678184649,1.48281105941495,0.8034042066183055,1.2780247558893958,0.827307209797428,-11.166089926476538,-0.000699570533839717,0.168381
31.477425813674927,3.336913436322892,1.4963929489200332,0.8065689815032956,1.3591887913448562,0.886005210874486,-11.10739192539948,-0.0006958930252203895,0.168381
31.505960941314697,3.3388537362351447,1.4963929489200332,0.8422727015624998,1.4160036161636778,0.8946178750907057,-11.09877926118326,-0.0006953534302374372,0.168381
31.538017511367798,3.3390154278963657,1.4952611247541674,0.8700560037728071,1.443773990587699,0.8903213580886551,-11.10307577818531,-0.0006956226127993336,0.168381
31.563636541366577,3.3445129445489328,1.49121889565047,0.9843880560134569,1.4203560999319758,0.7920136141951191,-11.201383522078846,-0.000701781725015787,0.16823
31.59166431427002,3.3427343361837862,1.4863682208498024,1.0337228111415169,1.35253499448216,0.7125960456080986,-11.280801090665866,-0.0007067573423732057,0.16823
31.617703437805176,3.3437044861968244,1.497848151429835,1.0850013295332757,1.4267745336949678,0.732665720558528,-11.260731415715437,-0.0007054999502770011,0.16823
31.644300937652588,3.33270945332151,1.4933208547726773,0.9311288184390145,1.4307421994141742,0.8366349688973401,-11.156762167376625,-0.0006989861372016797,0.16823
31.670369863510132,3.3477467780293155,1.4842662618113684,1.0829529940747422,1.3375195457007847,0.6714170223952957,-11.32198011387867,-0.0007093372634952514,0.16823
31.700424909591675,3.346129861274732,1.5030222048968305,1.1613229328738979,1.4711208773429523,0.7176386831271901,-11.275758453146775,-0.000706441414358617,0.16823
31.727689743041992,3.339338811219671,1.507711190984774,1.0989725620434045,1.614356110159333,0.8358793573421156,-11.15751777893185,-0.0006990334772806638,0.16823
31.754430532455444,3.3446746362202178,1.5017286915156085,1.147420345145432,1.651192182861756,0.8273594369876085,-11.166037699286356,-0.0006995672617360928,0.16823
31.78618335723877,3.3456447862539704,1.5072261234525406,1.1980779834765138,1.7352631652703185,0.8412346822941661,-11.152162453979798,-0.0006986979589783521,0.16823
31.812963008880615,3.340955727853439,1.4957461922529218,1.1526080795258578,1.6723985333595628,0.8352304779426051,-11.158166658331359,-0.000699074130446714,0.168079
31.847088098526,3.3385303529135633,1.499141664782117,1.0789186738554084,1.66439330020451,0.8738416677208584,-11.119555468553106,-0.0006966550875388372,0.168079
31.87397527694702,3.341117419518397,1.4884701799135327,1.0719872610244623,1.545646753360055,0.8137319466892629,-11.179665189584702,-0.0007004210423097476,0.168079
31.904260873794556,3.3346497531441934,1.4850747075923896,0.9555073465766388,1.4265241635922967,0.8165515908456699,-11.176845545428295,-0.000700244387815585,0.168079
31.93110990524292,3.3391771195578746,1.4879851124350405,0.9521109534565023,1.373995499549114,0.7819922137983255,-11.211404922475639,-0.0007024095792128754,0.168079
31.965954303741455,3.3312542284816056,1.4904104498409896,0.8129892735827994,1.3629397257738225,0.8863782600550701,-11.107018876218895,-0.000695869653188091,0.168079
31.99464225769043,3.3333562199244806,1.4886318690733293,0.7518831712257029,1.3363435373225403,0.924301704734696,-11.06909543153927,-0.0006934936984345242,0.168079
32.02437901496887,3.331577611777355,1.4805474112667962,0.6784112218982584,1.2320119041516366,0.9180847039159918,-11.075312432357974,-0.0006938832018874125,0.168079
32.053128719329834,3.335134828106321,1.4824876811062786,0.6883762133231716,1.179551192871816,0.8559250943188411,-11.137472041955125,-0.0006977775849306689,0.167927
32.08229923248291,3.3280203955871843,1.4855597750627971,0.5725609978078792,1.1754001293472025,1.0061032546479813,-10.987293881625984,-0.0006883687214444982,0.167927
32.10768795013428,3.3424109528484083,1.4852363967490423,0.7398624738366337,1.1690658128139444,0.7868494336993682,-11.206547702574596,-0.000702105267861138,0.167927
32.13494920730591,3.336913436322892,1.4855597750627971,0.7620897685561331,1.1680603633066957,0.7626283388716245,-11.230768797402341,-0.0007036227519894584,0.167927
32.16268801689148,3.344351252877936,1.4802240329623062,0.9060209930242001,1.110785110372739,0.5751335919064144,-11.418263544367552,-0.0007153695497575456,0.167927
32.187944650650024,3.3401472695329626,1.4873383557991482,0.934214695116912,1.1461210180744812,0.5930937126301981,-11.400303423643768,-0.0007142443240675061,0.167927
32.217397928237915,3.3357815947265093,1.4954228139202683,0.8786014368254471,1.25657045805607,0.7431918510729519,-11.250205285201014,-0.0007048404740600147,0.167927
32.24420738220215,3.3383686612532038,1.496878016421946,0.8843233258111544,1.349313641292227,0.815795720370047,-11.177601415903919,-0.0007002917441162801,0.167927
32.27116799354553,3.338045277933346,1.4950994355882166,0.8827472518080267,1.3953767220484665,0.8513900632340516,-11.142007073039913,-0.0006980617107202564,0.167927
32.299968957901,3.3383686612532038,1.4891169365536199,0.887225396298937,1.3641922929162402,0.824731138892521,-11.168665997381444,-0.0006997319281424693,0.167927
32.332003593444824,3.3395005028817546,1.4973630839252132,0.9098949846246658,1.4297917841394108,0.853792316094166,-11.139604820179798,-0.0006979112063515084,0.167927
32.36165738105774,3.337560202955714,1.4970397055895512,0.8922753185750039,1.4722828556973238,0.8958994592523002,-11.097497677021664,-0.0006952731372680995,0.167769
32.39572834968567,3.344351252877936,1.4960695705861766,0.9971508780374301,1.4917408889312471,0.830065466278479,-11.163331669995486,-0.0006993977253658804,0.167769
32.42208003997803,3.3437044861968244,1.4929974764445322,1.0594009763604149,1.4727900758609616,0.7760306478248712,-11.217366488449095,-0.000702783079329571,0.167769
32.45305156707764,3.3441895612072265,1.5072261234525406,1.1113481401545844,1.6103816903697656,0.8267092893256356,-11.16668784694833,-0.0006996079943604901,0.167769
32.48380970954895,3.344836327891791,1.5025371373777408,1.1588739481708095,1.6569815199984295,0.8240595307353165,-11.169337605538649,-0.0006997740052957218,0.167769
32.51481580734253,3.3430577195203153,1.5072261234525406,1.161444332232532,1.7393157012659985,0.8642495711945046,-11.12914756507946,-0.0006972560452717381,0.167769
32.54108119010925,3.3416024945149947,1.502052069860009,1.1381273166182713,1.7420924690273736,0.8789471177453346,-11.11445001852863,-0.0006963352242364071,0.167769
32.56659555435181,3.3433811028579945,1.5081962585183688,1.1525030867464372,1.8091790831050245,0.9018096838927641,-11.091587452381201,-0.0006949028537548852,0.167769
32.59415411949158,3.3425726445159536,1.511430042110484,1.1486126343716445,1.8904254384392132,0.9387384966187047,-11.054658639655262,-0.0006925892140293539,0.167769
32.62227201461792,3.3441895612072265,1.5043157182877114,1.1737963007624526,1.8718692919644477,0.9170855288663597,-11.076311607407607,-0.000693945801546512,0.16762
32.649086236953735,3.3462915529488946,1.5054475425126603,1.2277039459475039,1.8708799930076907,0.8876515721885317,-11.105745564085435,-0.0006957898784724283,0.16762
32.675429582595825,3.3406323445243857,1.5088430152319472,1.1677648568037584,1.9061874949358506,0.9346866907905176,-11.058710445483449,-0.0006928430651074755,0.16762
32.70370602607727,3.34580647792727,1.4970397055895512,1.2151098400146458,1.8057598532548302,0.8653353755784748,-11.128061760695491,-0.0006971880181684693,0.16762
32.7308394908905,3.3388537362351447,1.4892786257140163,1.12825130252044,1.6531747708310216,0.8387825482363643,-11.154614588037601,-0.0006988515884711432,0.16762
32.76110768318176,3.337883586273848,1.4989799756125544,1.0507061373653936,1.6492223802670207,0.8854528087994868,-11.10794432747448,-0.0006959276339524565,0.16762
32.78956127166748,3.339338811219671,1.5025371373777408,1.021540805187431,1.6841700029265065,0.9231250647794773,-11.07027207149449,-0.0006935674165083558,0.16762
32.81798315048218,3.3445129445489328,1.5088430152319472,1.0904274170036936,1.7754905018790192,0.9232482740108994,-11.070148862263068,-0.0006935596972844944,0.16762
32.84513211250305,3.344836327891791,1.4989799756125544,1.1442294419651733,1.7348433920006168,0.8712765092801433,-11.122120626993823,-0.0006968157981610489,0.167468
32.87130117416382,3.3398238862067835,1.5099748394865364,1.0953792129734041,1.8229618781207328,0.9418462865165538,-11.051550849757412,-0.0006923945068174098,0.167468
32.89870071411133,3.344351252877936,1.5072261234525406,1.1393236041163002,1.8555019519516078,0.9300046088974043,-11.06339252737656,-0.0006931364038277449,0.167468
32.925756216049194,3.3432194111890112,1.5128852447467067,1.1505497896922292,1.9382800233073612,0.9578316287816577,-11.035565507492308,-0.0006913930036506215,0.167468
32.95566201210022,3.347423394676096,1.5119151096545271,1.2309662770830818,1.9859389554582283,0.9328884810847228,-11.060508655189242,-0.0006929557253611651,0.167468
32.98681926727295,3.3482318530613053,1.5136936906610265,1.3012113104662582,2.038157357304674,0.9172389162374028,-11.076158220036561,-0.0006939361916216632,0.167468
33.01392483711243,3.3469383196484253,1.5140170690278165,1.328057246358775,2.078138811225522,0.9190394677542546,-11.07435766851971,-0.000693823384650365,0.167468
33.04218912124634,3.345968169600857,1.519191122979065,1.330105211085448,2.1609829918992824,0.9471788859858898,-11.046218250288074,-0.0006920604122971183,0.167468
33.07384157180786,3.3479084697063577,1.5078728801624877,1.3650271673691832,2.098973876602689,0.9091037739520861,-11.084293362321878,-0.0006944458692141665,0.167317
33.10501790046692,3.3471000113240272,1.5065793667450131,1.37551904460787,2.0418532059085335,0.8828852339440207,-11.110511902329943,-0.0006960884959662983,0.167317
33.134241819381714,3.3446746362202178,1.5162807176123456,1.341002882940568,2.104725913826776,0.9225478066779662,-11.070849329595998,-0.0006936035825038739,0.167317
33.161876916885376,3.3396621945441254,1.5151488933163613,1.2303299234625131,2.1367368050408295,0.9882498060835111,-11.005147330190454,-0.0006894872639804589,0.167317
33.19169044494629,3.344998019563651,1.5080345693403527,1.244951894838827,2.083715832057313,0.9623706186840721,-11.031026517589893,-0.0006911086298357917,0.167317
33.22450232505798,3.3416024945149947,1.5170891635426054,1.196582610442688,2.1426011838426056,1.007710126343115,-10.98568700993085,-0.0006882680487742101,0.167317
33.24998497962952,3.3446746362202178,1.4996267322917078,1.2157473790249251,1.9986780140547407,0.9459148624736492,-11.047482273800316,-0.0006921396050681839,0.167317
33.27839255332947,3.344998019563651,1.5138553798443457,1.2347441137325152,2.0487889846355993,0.9548576059755951,-11.03853953029837,-0.0006915793301745692,0.167317
33.31039047241211,3.3440278695368044,1.494937746422416,1.2312976379873928,1.8832951762612054,0.8893736588990218,-11.104023477374945,-0.0006956819874266542,0.167317
33.344510316848755,3.3357815947265093,1.5085196368748555,1.0865594968347736,1.9114495506877958,0.9857697723466674,-11.007627363927298,-0.0006896426414256209,0.167317
33.3719756603241,3.340794036188769,1.510621596206776,1.0717544406482893,1.9534433343169813,1.01158029384384,-10.981816842430126,-0.0006880255775813074,0.167158
33.39956760406494,3.3406323445243857,1.4959078814194742,1.0586002030943211,1.826838937827818,0.9671447476574196,-11.026252388616546,-0.0006908095242422942,0.167158
33.428757429122925,3.344998019563651,1.5091663935896442,1.1247410905810924,1.8787873288418677,0.9485012837875791,-11.044895852486388,-0.000691977562298402,0.167158
33.460110664367676,3.341117419518397,1.5088430152319472,1.1040629527324615,1.9117226300197776,0.9751402890751298,-11.018256847198836,-0.0006903085928316792,0.167158
33.48680067062378,3.3437044861968244,1.5133703122948434,1.1342394286469497,1.982777356875856,0.9855890554549319,-11.007808080819034,-0.0006896539635816538,0.167158
33.51942849159241,3.341117419518397,1.510459907026489,1.110711789378541,2.00165851236741,1.0066743294997844,-10.986722806774182,-0.0006883329428378804,0.167158
33.54461455345154,3.335458211415841,1.5169274743562495,0.9965680066740629,2.0834467737141193,1.1043870902137662,-10.8890100460602,-0.0006822111071168957,0.167158
33.576064348220825,3.3432194111890112,1.5119151096545271,1.0506208714826735,2.0875556807429567,1.0726405798098806,-10.920756556464084,-0.0006842000686403143,0.167158
33.602665424346924,3.340470652860291,1.5198378797339156,1.0410160064599272,2.174431946043667,1.1052398489648096,-10.888157287309156,-0.0006821576806355908,0.16701
33.62971782684326,3.33869204457421,1.5133703122948434,1.0035949208681931,2.166673878092581,1.1251328260212805,-10.868264310252684,-0.0006809113588998095,0.16701
33.65614032745361,3.335296519760937,1.5153105825010464,0.9187955006569906,2.181814666354742,1.1811828666947333,-10.812214269579231,-0.0006773997485569006,0.16701
33.68126702308655,3.3427343361837862,1.5188677446025522,0.9878080223919928,2.2301275177583166,1.1518488659275896,-10.841548270346374,-0.000679237563110737,0.16701
33.71185541152954,3.3424109528484083,1.5170891635426054,1.0305353910455337,2.2450893638333094,1.1309859091998855,-10.862411227074078,-0.0006805446553759415,0.16701
33.738353967666626,3.3357815947265093,1.5170891635426054,0.9460259239754875,2.2555626560858046,1.1831623319259046,-10.81023480434806,-0.0006772757324010569,0.16701
33.764864921569824,3.337883586273848,1.5135320014778593,0.9231483723839575,2.2251796614322243,1.189575275480982,-10.803821860792983,-0.0006768739528725156,0.16701
33.79532766342163,3.336913436322892,1.5128852447467067,0.8903898975392546,2.1970544199437922,1.2031358436530613,-10.790261292620904,-0.0006760243650599711,0.16701
33.82399225234985,3.341117419518397,1.5075495018072116,0.9400171176031673,2.120795303727595,1.1510619570337661,-10.8423351792402,-0.0006792868640100279,0.16701
33.85348844528198,3.336913436322892,1.5138553798443457,0.9021980191926733,2.1342710874065998,1.1794349585009951,-10.813962177772972,-0.0006775092573532877,0.16685
33.880526542663574,3.335134828106321,1.507711190984774,0.8450269714292671,2.0785612572038876,1.2031023605203566,-10.79029477575361,-0.0006760264628232146,0.16685
33.908068895339966,3.340470652860291,1.5177359202895486,0.8971002764225402,2.145850126843556,1.1858453493668282,-10.807551786907139,-0.0006771076377541567,0.16685
33.93625235557556,3.338206969593131,1.5245268662794447,0.8944818153800838,2.2649523638324274,1.2168390210636477,-10.77655811521032,-0.0006751658425870602,0.16685
33.962369203567505,3.3388537362351447,1.5127235555642977,0.9038116852762361,2.2231810253202204,1.2011716371061483,-10.792225499167818,-0.0006761474252387484,0.16685
33.99006748199463,3.334164678184649,1.4981715297670017,0.8294123494625755,2.0396553275958778,1.2035691739940684,-10.789827962279897,-0.0006759972163319936,0.16685
34.01620936393738,3.334811444797949,1.5201612581122539,0.7884956065233336,2.144330271591484,1.2591340410522458,-10.73426309522172,-0.0006725160027678388,0.16685
34.04834032058716,3.3297990036649283,1.5122384880179807,0.6733422495279947,2.1336027018500734,1.3397413908780749,-10.653655745395891,-0.0006674658440175183,0.16685
34.075706005096436,3.336428361351291,1.5180592986639323,0.707153517241666,2.187807710804732,1.3248687408473203,-10.668528395426646,-0.0006683976355210916,0.16685
34.10626554489136,3.3310925368341615,1.5166040959839937,0.6387283703013216,2.210322639933963,1.376854842858053,-10.616542293415915,-0.0006651406363946867,0.16685
34.1338267326355,3.3288288538000423,1.5133703122948434,0.5517609969274814,2.191797363815789,1.437574224636339,-10.555822911637629,-0.0006613364855590093,0.1667
34.163151025772095,3.336266669694665,1.5224249067776734,0.6192559423317464,2.2748297063816127,1.398689356593794,-10.594707779680174,-0.0006637726747777894,0.1667
34.193050146102905,3.3270502457412094,1.5201612581122539,0.507432621195163,2.308952336741499,1.4786006951668926,-10.514796441107077,-0.0006587661220674381,0.1667
34.219160318374634,3.3331945282733075,1.4997884214618729,0.5352028165589249,2.116838107257871,1.44268094985049,-10.550716186423479,-0.0006610165423642331,0.1667
34.25017428398132,3.3328711449718225,1.5175742311025848,0.5490605573375421,2.1709296355293386,1.437486274170398,-10.55591086210357,-0.0006613419957738488,0.1667
34.27863836288452,3.332386070021746,1.511430042110484,0.5503888819556833,2.143650825136229,1.4336429132289341,-10.559754223045033,-0.0006615827874998031,0.1667
34.30527305603027,3.3425726445159536,1.5209697040607633,0.7271326910181192,2.2256985517748973,1.3161955693513632,-10.677201566922605,-0.0006689410213664021,0.1667
34.336055517196655,3.3333562199244806,1.5172508527291133,0.6917835634304651,2.2437033739920933,1.3437809107401684,-10.6496162255338,-0.0006672127626716768,0.1667
34.36911940574646,3.3322243783722945,1.5177359202895486,0.6475042882550103,2.2614496085952998,1.3772177233302174,-10.616179412943751,-0.0006651179014456308,0.16654
34.39684724807739,3.3312542284816056,1.515633960870872,0.5997646079417525,2.2515862503671564,1.409584009495063,-10.583813126778907,-0.0006630901101382135,0.16654
34.423619508743286,3.329475620375486,1.5193528121675492,0.5356491547527157,2.2841104856665475,1.4581967028819485,-10.53520043339202,-0.0006600444595937546,0.16654
34.45141577720642,3.3356199030710316,1.5229099743527188,0.5968148605007755,2.3445917508832204,1.4215874118597271,-10.571809724414242,-0.0006623380808553191,0.16654
34.47903251647949,3.335943286382274,1.5086813260533256,0.6452122506688218,2.236071439185162,1.3749737804475803,-10.618423355826389,-0.0006652584874816246,0.16654
34.507099628448486,3.336428361351291,1.5124001771999347,0.6874625180402553,2.199535805464534,1.3388364795700212,-10.654560656703948,-0.000667522537926579,0.16654
34.53757071495056,3.3297990036649283,1.511430042110484,0.6026190875898423,2.163675144090871,1.3965367097200154,-10.596860426553954,-0.0006639075409961859,0.16654
34.56866383552551,3.3357815947265093,1.5107832853872147,0.646484511556506,2.131715535981954,1.3579460382609139,-10.635451098013057,-0.0006663252984038049,0.16654
34.5968382358551,3.340955727853439,1.510621596206776,0.7664926491818728,2.107629524022892,1.2613186424114207,-10.73207849386255,-0.0006723791345580066,0.16654
34.628334760665894,3.3391771195578746,1.5083579476965365,0.8198006652801992,2.066769307860633,1.210515924803857,-10.782881211470114,-0.0006755619930618558,0.16654
34.65506386756897,3.333032836622422,1.5128852447467067,0.7510697494279793,2.086167172443678,1.2680045879654571,-10.725392548308514,-0.0006719602510874938,0.166382
34.688862800598145,3.337721894614637,1.5069027450984744,0.7838883520665126,2.0363170854842396,1.2294727451280838,-10.763924391145888,-0.0006743743228029341,0.166382
34.7165949344635,3.3483935447392117,1.5088430152319472,0.991047461411482,2.0219934596694342,1.071126246269078,-10.922270890004894,-0.0006842949436709231,0.166382
34.751169204711914,3.337883586273848,1.5015670023436347,0.9546634485891563,1.9348240413257467,1.0627380136332771,-10.930659122640694,-0.0006848204777138725,0.166382
34.77821660041809,3.3372368196387283,1.5062559883921567,0.9180318471066024,1.9235197487340632,1.0859457695410775,-10.907451366732893,-0.0006833664806301534,0.166382
34.805828332901,3.347423394676096,1.5088430152319472,1.068203717273143,1.9430353239443137,0.9854289392368721,-11.007968197037098,-0.0006896639950778073,0.166382
34.83287787437439,3.3414408028491747,1.5138553798443457,1.0700681878984666,2.009839101558303,1.0128796316320634,-10.980517504641906,-0.0006879441723234124,0.166382
34.86246132850647,3.340308961196483,1.5033455832436449,1.0518384297374634,1.9451731388597615,0.9975085913296181,-10.995888544944352,-0.0006889071886470188,0.166382
34.89415645599365,3.3406323445243857,1.5057709208640053,1.0446589954567327,1.9256212582989831,0.9936925081210864,-10.999704628152884,-0.0006891462713863616,0.16623
34.923386335372925,3.342896027851907,1.515633960870872,1.078703167039771,2.016506405159735,1.0100040190784185,-10.983393117195552,-0.0006881243333128471,0.16623
34.95050382614136,3.336428361351291,1.5153105825010464,0.9909061594999299,2.0766974353017464,1.092102550087752,-10.901294586186218,-0.0006829807500582047,0.16623
34.982258319854736,3.3356199030710316,1.5069027450984744,0.9154947638238152,2.029688269484886,1.129264003431533,-10.864133132842436,-0.0006806525350854481,0.16623
35.00783181190491,3.338206969593131,1.507711190984774,0.9073579565609711,2.00535328465868,1.1267091756853895,-10.86668796058858,-0.000680812598475767,0.16623
35.04159879684448,3.335943286382274,1.514987204131828,0.8625924179109485,2.0654616782969324,1.1808008358143902,-10.812596300459578,-0.0006774236833047548,0.16623
35.070454835891724,3.3388537362351447,1.5119151096545271,0.8814891070478569,2.0749661139509272,1.1696100980405002,-10.823787038233469,-0.0006781247980593457,0.16623
35.103065729141235,3.3424109528484083,1.5018903806877335,0.9561121503046309,1.975333471710546,1.078198853361205,-10.915198282912765,-0.0006838518353356278,0.16623
35.12994933128357,3.3467766279731106,1.5065793667450131,1.083697135833532,1.9553049224840207,0.9785506570038834,-11.014846479270087,-0.0006900949286996317,0.16623
35.16121983528137,3.3424109528484083,1.5122384880179807,1.0976577704545933,2.0012849574748452,0.9896515155191686,-11.003745620754803,-0.0006893994450013316,0.16623
35.18824625015259,3.3406323445243857,1.500596867314958,1.0767325339587288,1.9100423726646483,0.9619956968802726,-11.031401439393699,-0.0006911321191904505,0.166072
35.22018361091614,3.3391771195578746,1.5062559883921567,1.0369685846239576,1.9061725806712946,0.988414774942686,-11.004982361331287,-0.0006894769284598215,0.166072
35.248157024383545,3.3398238862067835,1.49930335395183,1.0202966128345226,1.8297494194918262,0.9622905154970823,-11.03110662077689,-0.0006911136484080635,0.166072
35.281513690948486,3.3390154278963657,1.5022137590324354,0.9946727416632333,1.807110357983319,0.970056788562861,-11.023340347711112,-0.0006906270809676841,0.166072
35.30977487564087,3.3388537362351447,1.4816792353372144,0.973945333674446,1.573548680551371,0.8331751567780218,-11.160221979495951,-0.0006992028990786876,0.166072
35.34062314033508,3.349525386492618,1.4988182864431427,1.1436222378740666,1.5917698309053565,0.7166551767461576,-11.276741959527815,-0.0007065030323545805,0.166072
35.37537169456482,3.3483935447392117,1.5030222048968305,1.24286118147678,1.6490960769861573,0.6964210558529771,-11.296976080420995,-0.0007077707272100067,0.166072
35.401686668395996,3.3412791111836415,1.5080345693403527,1.189537714597734,1.7423673224190368,0.792076744531929,-11.201320391742044,-0.0007017777698153804,0.166072
35.430020809173584,3.347423394676096,1.5052858533372142,1.2582578245169198,1.778514328096004,0.772125419814103,-11.22127171645987,-0.0007030277471105269,0.165916
35.46610164642334,3.3399855778697294,1.507711190984774,1.1779897789582456,1.8295315256864615,0.8520813589729124,-11.141315777301061,-0.0006980184001135665,0.165916
35.4921760559082,3.340955727853439,1.5054475425126603,1.1385463363630852,1.841243556613098,0.8848962852149976,-11.108500851058976,-0.0006959625009026302,0.165916
35.519651889801025,3.3441895612072265,1.5041540291133229,1.1667498921564434,1.8357276884674876,0.8629064085946154,-11.130490727679359,-0.0006973401962129568,0.165916
35.54704928398132,3.349687078172829,1.5067410559216683,1.281376127308082,1.8592951604565982,0.8051739752343987,-11.188223161039575,-0.0007009572107177305,0.165916
35.57215332984924,3.34580647792727,1.5059326100399046,1.2946377293676876,1.8672209596514655,0.8019350062174965,-11.191462130056477,-0.0007011601364777022,0.165916
35.602176666259766,3.344351252877936,1.5048007858117831,1.2788045655923037,1.860769015478663,0.8075031620690643,-11.185893974204909,-0.0007008112840336298,0.165916
35.629613161087036,3.3435427945272655,1.5099748394865364,1.2537678593360597,1.9111098145553644,0.8496374415003736,-11.1437596947736,-0.0006981715148262531,0.165916
35.65664553642273,3.346129861274732,1.5124001771999347,1.280893338556797,1.972062668223671,0.8647268821379628,-11.128670254136011,-0.0006972261410999363,0.165916
35.685725927352905,3.3511423033076895,1.5140170690278165,1.3863928264815653,2.0318725288688113,0.8357019373565819,-11.157695198917391,-0.0006990445928810949,0.165757
35.71579170227051,3.3511423033076895,1.5143404473952131,1.4602424680288673,2.0771680039551725,0.8195348776937912,-11.173862258580183,-0.0007000574808869581,0.165757
35.74353003501892,3.349202003133062,1.5091663935896442,1.4784488349438754,2.054017675131016,0.80015690442845,-11.193240231845524,-0.0007012715369433957,0.165757
35.77099680900574,3.341117419518397,1.5059326100399046,1.3516583737864019,2.003526719923557,0.8407247595131722,-11.152672376760801,-0.0006987299063255858,0.165757
35.798038482666016,3.3435427945272655,1.509813150306855,1.3047655250719337,2.0093259213919987,0.8695483581996115,-11.123848778074361,-0.0006969240691477531,0.165757
35.82698440551758,3.349363694812696,1.5136936906610265,1.3724056733606802,2.0545282334583193,0.8537164022178076,-11.139680734056165,-0.0006979159624578415,0.165757
35.862096548080444,3.342896027851907,1.5115917312916802,1.3081258415725316,2.0638841299773727,0.8931388077037947,-11.100258328570177,-0.0006954460957961299,0.165757
35.88870906829834,3.3485552364174054,1.5085196368748555,1.3608044025274844,2.0378618182891213,0.8520565493132828,-11.14134058696069,-0.0006980199544720702,0.165757
35.91632080078125,3.3433811028579945,1.5124001771999347,1.3083770468828813,2.0607890708373042,0.8916712887622243,-11.101725847511748,-0.0006955380378292081,0.165757
35.94511818885803,3.345483094580959,1.5122384880179807,1.307956976320348,2.0751238613221497,0.8984051048804115,-11.094992031393561,-0.0006951161552035444,0.165605
35.972567081451416,3.3417641861811025,1.5009202456572472,1.2434768657329416,1.965158177726336,0.8840446258221053,-11.109352510451867,-0.0006960158585076699,0.165605
35.99806070327759,3.352112453410566,1.4983332189358114,1.3769454868575304,1.8607536204396835,0.7502064739006912,-11.24319066237328,-0.0007044009985167768,0.165605
36.02495455741882,3.34580647792727,1.5028605157236496,1.361536281052281,1.835670443454308,0.7438740478050525,-11.24952308846892,-0.0007047977335183213,0.165605
36.05063486099243,3.349525386492618,1.4986565972738817,1.414935901038523,1.773540778773096,0.6775884975451352,-11.315808638728836,-0.0007089506122866748,0.165605
36.07787227630615,3.350172153215189,1.502052069860009,1.4634784290451672,1.766050023282329,0.6489661622817104,-11.34443097399226,-0.0007107438400406887,0.165605
36.103936195373535,3.3498487698533275,1.5133703122948434,1.4918768016317396,1.8808065321596468,0.7036490596150758,-11.289748076658896,-0.0007073178830645858,0.165605
36.13412117958069,3.349202003133062,1.5073878126298006,1.5005928684658734,1.8977074960279692,0.7089250945071326,-11.28447204176684,-0.0007069873323910469,0.165605
36.16189908981323,3.3513039949907815,1.5009202456572472,1.5429731959642186,1.8409667220204111,0.6572486031267352,-11.336148533147238,-0.0007102249339955467,0.165605
36.19092583656311,3.346129861274732,1.5026988265506196,1.4833370741965108,1.8201053283565398,0.6725076090487321,-11.32088952722524,-0.0007092689367763765,0.165605
36.21598434448242,3.3585801210284294,1.4929974764445322,1.6564755797129698,1.7026451834586704,0.5272166906266311,-11.466180445647343,-0.000718371607991804,0.165454
36.25074481964111,3.3422492611811503,1.4983332189358114,1.4958119828971286,1.6769945244523146,0.5750675832098749,-11.4183295530641,-0.000715373685291057,0.165454
36.28097200393677,3.3498487698533275,1.5009202456572472,1.5145102893281126,1.6864676419174576,0.573283959850771,-11.420113176423204,-0.000715485431690532,0.165454
36.31018042564392,3.3511423033076895,1.4999501106321882,1.5499246920214633,1.6828131070565293,0.555745868931567,-11.437651267342407,-0.0007165842166463816,0.165454
36.33523082733154,3.3577716625509444,1.49930335395183,1.6891334183882538,1.6733977879614883,0.49684646669797417,-11.496550669576,-0.0007202743433187178,0.165454
36.36276817321777,3.3498487698533275,1.5017286915156085,1.6498352941719103,1.69252135732326,0.5230651324195223,-11.470332003854452,-0.0007186317086904674,0.165454
36.38950276374817,3.347585086352562,1.4988182864431427,1.5832568286508242,1.6750507046456733,0.5371499101727131,-11.456247226101262,-0.0007177492784434702,0.165454
36.41510033607483,3.3477467780293155,1.5167657851700458,1.539442601223027,1.8531070219649595,0.66752696114849,-11.325870175125484,-0.0007095809810580708,0.165454
36.444456577301025,3.350172153215189,1.519191122979065,1.5506331191743048,2.0034607394168824,0.7441237096235419,-11.249273426650433,-0.0007047820918700104,0.165454
36.47080969810486,3.3487169280958877,1.5038306507649988,1.5333501953155324,1.9458511439975927,0.7221833045604372,-11.271213831713538,-0.000706156687720816,0.165305
36.499446630477905,3.3469383196484253,1.5166040959839937,1.4905544657532694,2.0409530431689578,0.7919397770750963,-11.20145735919888,-0.0007017863510105462,0.165305
36.526106119155884,3.3425726445159536,1.5190294337907324,1.3852485996764168,2.1332386678931674,0.8901568195852279,-11.103240316688748,-0.0006956329213576065,0.165305
36.55743765830994,3.347423394676096,1.5238801095069248,1.395255444072013,2.2492671968976397,0.9330776939307432,-11.060319442343232,-0.0006929438709221839,0.165305
36.58258295059204,3.3466149362980837,1.5271138933939346,1.3883067430635574,2.364772895807174,0.9793384725640122,-11.014058663709964,-0.0006900455709964794,0.165305
36.60963225364685,3.3462915529488946,1.5169274743562495,1.377861255558272,2.3376268421219524,0.9752370316160265,-11.01816010465795,-0.0006903025317815337,0.165305
36.63664960861206,3.349525386492618,1.5293775421511808,1.4263633831927167,2.450624657873963,0.9889547361908427,-11.004442400083134,-0.0006894430991622688,0.165305
36.66761231422424,3.3472617029999174,1.5235567311215796,1.4212450941064114,2.4680088170591374,0.9970787007635686,-10.996318435510407,-0.0006889341218684748,0.165305
36.694130182266235,3.3437044861968244,1.5314795017383105,1.356266927608712,2.564177764566374,1.058208098455334,-10.935189037818642,-0.000685104282985024,0.165305
36.72073245048523,3.342896027851907,1.5339048397555988,1.2968287195461616,2.657210325358015,1.1123960889433229,-10.881001047330653,-0.0006817093325876162,0.165154
36.75798273086548,3.347423394676096,1.5277606501786636,1.3333615279808293,2.657190231528406,1.09430649408483,-10.899090642189146,-0.000682842670006124,0.165154
36.787513256073,3.352920911837557,1.5209697040607633,1.4538182433617473,2.585176136249421,1.016615640369897,-10.976781495904078,-0.0006877101063572272,0.165154
36.82438373565674,3.3435427945272655,1.523718420314176,1.3762774337746857,2.5639091383336807,1.0480271036329432,-10.945370032641032,-0.0006857421359872671,0.165154
36.85612225532532,3.3427343361837862,1.52873078536034,1.3080453755743795,2.60216511935841,1.0929847769676542,-10.900412359306321,-0.0006829254773590412,0.165154
36.89215564727783,3.340955727853439,1.524365177086086,1.2295852539944045,2.5826585721730204,1.1290256876578946,-10.86437144861608,-0.0006806674658888078,0.165154
36.917667865753174,3.3466149362980837,1.5245268662794447,1.272337610009229,2.5707182755630527,1.1031231803789785,-10.890273955894996,-0.0006822902927659165,0.165154
36.944687366485596,3.347585086352562,1.5313178125383826,1.3190084497369599,2.6343600990296667,1.095770476745885,-10.89762665952809,-0.0006827509495257705,0.165154
36.97173595428467,3.349525386492618,1.5240417986998258,1.385166419117806,2.601766485108145,1.05393493788101,-10.939462198392965,-0.0006853720022353476,0.165154
37.00059127807617,3.340794036188769,1.5293775421511808,1.2807792862464145,2.6355224079642965,1.1156923915482968,-10.877704744725678,-0.0006815028148013325,0.165
37.03019881248474,3.3490403114537157,1.5384321374801375,1.3500339092144822,2.7551515987830864,1.1105610444201823,-10.882836091853793,-0.0006818243005920944,0.165
37.05919098854065,3.3437044861968244,1.5161190284267494,1.3064190981843615,2.602320502501463,1.0937676124239737,-10.899629523850002,-0.0006828764316660823,0.165
37.0882842540741,3.3435427945272655,1.5306710557402012,1.2730980321505156,2.6496245119449586,1.1232771401489696,-10.870119996125005,-0.0006810276201125427,0.165
37.11532711982727,3.337560202955714,1.5340665289579767,1.1465174518430912,2.7187373350384543,1.2056992280465935,-10.787697908227383,-0.0006758637655841993,0.165
37.145891427993774,3.33869204457421,1.5339048397555988,1.0774459326364079,2.7654020246884747,1.2516667655122378,-10.741730370761738,-0.0006729838376115714,0.165
37.171393632888794,3.342896027851907,1.5280840285719446,1.1016540230655385,2.736352993968926,1.233253931241728,-10.760143205032248,-0.0006741374264134653,0.165
37.19870853424072,3.33869204457421,1.50900470441072,1.0460415324921186,2.5137328818738744,1.2191952917791302,-10.774201844494847,-0.0006750182190614441,0.164849
37.23186182975769,3.3433811028579945,1.533743150553374,1.0880430378581354,2.6201846209594617,1.2174886745177274,-10.77590846175625,-0.0006751251409254521,0.164849
37.25710606575012,3.34208756951418,1.5230716635447052,1.0951185053306682,2.581557931993517,1.2048765534851347,-10.788520582788843,-0.0006759153072506131,0.164849
37.28331422805786,3.3357815947265093,1.514987204131828,0.991234103975079,2.4688049314313187,1.2441929773907918,-10.749204158883186,-0.0006734520804772794,0.164849
37.31135177612305,3.3335179115759406,1.520484636491201,0.8794452505007107,2.4481635670335167,1.315825519303,-10.677571616970978,-0.0006689642054990388,0.164849
37.336920738220215,3.34208756951418,1.5250119338604358,0.9491000541804708,2.4817146312345164,1.2747488516400005,-10.718648284633977,-0.00067153771390839,0.164849
37.3660843372345,3.3416024945149947,1.5221015283950716,0.9894863219818208,2.4743432207787412,1.246381145528077,-10.7470159907459,-0.0006733149888040069,0.164849
37.39315867424011,3.329637312020064,1.5203229473016513,0.8112450524623752,2.4503260831972926,1.3648309334202002,-10.628566202853778,-0.000665893950473265,0.164849
37.42018461227417,3.333841294879721,1.5314795017383105,0.7590343104574374,2.551799850863082,1.4143227173813093,-10.579074418892668,-0.0006627932237234063,0.164849
37.448734521865845,3.3335179115759406,1.510621596206776,0.716905395038359,2.4016885444396814,1.4283946141682762,-10.5650025221057,-0.0006619116004862466,0.16469
37.480170488357544,3.3325477616714845,1.5321262585395523,0.6706709663169536,2.5246107197068013,1.4732764939148273,-10.52012064235915,-0.0006590996904281362,0.16469
37.50820302963257,3.330930845187004,1.5148255149474468,0.6103998867278869,2.4272275965059897,1.5120081655063613,-10.481388970767615,-0.0006566730991728082,0.16469
37.53970766067505,3.3302840786012404,1.5178976094766645,0.5570473393604901,2.3916308507086463,1.5525008711473818,-10.440896265126593,-0.000654136176768598,0.16469
37.56680727005005,3.332386070021746,1.525335312248526,0.5559796293717647,2.4455703026612774,1.554062634411182,-10.439334501862792,-0.000654038330202129,0.16469
37.5958309173584,3.3344880614907253,1.5185443662266482,0.5915113063847068,2.411327890447923,1.5258477087756535,-10.46754942749832,-0.0006558060331956624,0.16469
37.62337899208069,3.336104978038326,1.519514501356186,0.6442904608672312,2.3976439200928246,1.483731544579378,-10.509665591694596,-0.0006584446674592293,0.16469
37.64995312690735,3.337883586273848,1.5039923399390853,0.7119335482081526,2.2234936566862236,1.4086231566586656,-10.584773979615308,-0.0006631503088591739,0.16469
37.67712616920471,3.3372368196387283,1.5235567311215796,0.7481209168398741,2.3090171162277175,1.3901861450774546,-10.60321099119652,-0.0006643054124020616,0.16469
37.705153942108154,3.329475620375486,1.5277606501786636,0.6394985709814163,2.413454985137197,1.4888569420219833,-10.504540194251991,-0.000658123554424257,0.164539
37.73741865158081,3.3328711449718225,1.5219398392039993,0.622067585433281,2.4248471821150575,1.5031285564861798,-10.490268579787795,-0.0006572294186063286,0.164539
37.76776456832886,3.335296519760937,1.5230716635447052,0.651726365852552,2.4448217248024307,1.4814424047808437,-10.51195473149313,-0.000658588085142719,0.164539
37.79831790924072,3.337075127980667,1.512076798836178,0.7031851910766519,2.3422324328004493,1.4312340347306094,-10.562163101543366,-0.000661733706973686,0.164539
37.82480525970459,3.3398238862067835,1.520484636491201,0.7866482373514163,2.359562817991911,1.3660909810376076,-10.627306155236369,-0.0006658150067973517,0.164539
37.85211229324341,3.335296519760937,1.5157956500560124,0.7669328221952415,2.3219797832774605,1.3758975612787046,-10.617499574995271,-0.0006652006113715958,0.164539
37.8799774646759,3.3343263698375436,1.5169274743562495,0.7363878433310227,2.3076716633511576,1.3991955117971187,-10.594201624476858,-0.000663740963474359,0.164539
37.90767002105713,3.342896027851907,1.5162807176123456,0.8629133605517817,2.2907988340366146,1.2906131904705773,-10.7027839458034,-0.0006705437917693246,0.164539
37.933332204818726,3.3399855778697294,1.5201612581122539,0.9012486541826259,2.3201307260999964,1.2669413195640773,-10.726455816709901,-0.0006720268662811803,0.164539
37.96241211891174,3.340308961196483,1.511430042110484,0.9336647561363622,2.248091588535691,1.2214240519012547,-10.771973084372725,-0.0006748785842457923,0.164539
37.99343752861023,3.341117419518397,1.5151488933163613,0.9703095186211274,2.2370927773370686,1.1883197875345248,-10.805077348739456,-0.0006769526108789195,0.164539
38.02375912666321,3.3333562199244806,1.511430042110484,0.8620073427525554,2.1899650244016495,1.2658059158787252,-10.727591220395254,-0.0006720980008473102,0.16438
38.05929112434387,3.335458211415841,1.5017286915156085,0.8224748940358806,2.0541184228313742,1.2624791631534156,-10.730917973120564,-0.0006723064263745377,0.16438
38.08973979949951,3.3395005028817546,1.5174125419157731,0.8645696330405109,2.1253115700804037,1.244084891981716,-10.749312244292263,-0.0006734588521733544,0.16438
38.123756885528564,3.3425726445159536,1.5145021365791391,0.9470592167774806,2.1442896191230907,1.1754930104963375,-10.817904125777641,-0.0006777562256911888,0.16438
38.15359091758728,3.3373985112970774,1.5122384880179807,0.9154995829577287,2.133574245122195,1.1998330994062179,-10.79356403686776,-0.0006762312864237719,0.16438
38.187371015548706,3.3419258778474976,1.5174125419157731,0.9715473886372611,2.180930645683976,1.1676595098991482,-10.82573762637483,-0.0006782470050267209,0.16438
38.21301317214966,3.3372368196387283,1.5153105825010464,0.9298506051402936,2.1917944036687165,1.2070398755460625,-10.786357260727915,-0.0006757797722174013,0.16438
38.24062919616699,3.3433811028579945,1.5062559883921567,1.0067093887118579,2.103399002374139,1.1066195711268212,-10.886777565147156,-0.0006820712391886945,0.16438
38.26740002632141,3.3453214029082354,1.5122384880179807,1.093998917233254,2.1049508133979296,1.0343537028103342,-10.959043433463643,-0.0006865987929169409,0.164229
38.29629945755005,3.3432194111890112,1.515633960870872,1.118822508874115,2.1420370937289954,1.032214628191187,-10.96118250808279,-0.0006867328088153524,0.164229
38.32354950904846,3.3416024945149947,1.5170891635426054,1.1082920402673946,2.183426067012788,1.0587198679954142,-10.934677268278563,-0.0006850722199358534,0.164229
38.34999084472656,3.3385303529135633,1.5124001771999347,1.0478974463744946,2.162684044943869,1.0975991815518846,-10.895797954722092,-0.0006826363787130875,0.164229
38.38412022590637,3.344836327891791,1.5154722716858833,1.114458462524744,2.1807360694800977,1.0527652266920549,-10.94063190958192,-0.000685445286212665,0.164229
38.41183018684387,3.3427343361837862,1.5143404473952131,1.1247720956994203,2.1813724823830833,1.0451933458540315,-10.948203790419944,-0.0006859196747188391,0.164229
38.445990562438965,3.3412791111836415,1.5088430152319472,1.1068753545536,2.123532237498623,1.032663096892323,-10.960734039381652,-0.0006867047116487766,0.164229
38.471789836883545,3.340955727853439,1.5136936906610265,1.0887662392798387,2.1344726547329556,1.052277379130829,-10.941119757143145,-0.0006854758505177249,0.16408
38.503973960876465,3.340308961196483,1.5043157182877114,1.0649270657044418,2.042702343370068,1.0271312902776737,-10.9662658459963,-0.0006870512867643263,0.16408
38.53002905845642,3.340470652860291,1.510459907026489,1.0510303424151268,2.043606002913357,1.039782504862611,-10.953614631411362,-0.0006862586711755945,0.16408
38.55652213096619,3.3453214029082354,1.5096514611273253,1.125023584825532,2.0356671332116667,0.9724459106554082,-11.020951225618564,-0.0006904773992591633,0.16408
38.58344030380249,3.3472617029999174,1.5153105825010464,1.2103072352493796,2.0901099449380975,0.9362469548290857,-11.057150181444886,-0.0006927453124694817,0.16408
38.610642433166504,3.342896027851907,1.5174125419157731,1.1946569348946188,2.150505635555111,0.9787998092335987,-11.014597327040374,-0.0006900793189777419,0.16408
38.63704013824463,3.350657228260143,1.5096514611273253,1.3176552483088513,2.110496876060897,0.8729759295149248,-11.120421206759048,-0.0006967093272004271,0.16408
38.66388511657715,3.3477467780293155,1.5125618663820404,1.3535214949836254,2.1133478975780444,0.8516135544465991,-11.141783581827372,-0.0006980477086955642,0.16408
38.6980299949646,3.3430577195203153,1.5088430152319472,1.2976976150014803,2.0759150281350975,0.8669096144251498,-11.126487521848821,-0.0006970893899899746,0.16408
38.72455048561096,3.3490403114537157,1.514987204131828,1.3618767393430231,2.114854898730421,0.8471839328389568,-11.146213203435014,-0.0006983252304398069,0.163928
38.7552764415741,3.3471000113240272,1.5143404473952131,1.3733137449895554,2.1352556628582997,0.851219175628406,-11.142177960645565,-0.000698072417058312,0.163928
38.786280393600464,3.3485552364174054,1.5143404473952131,1.4064359349194162,2.149536197747824,0.838854242864154,-11.154542893409817,-0.0006988470967064016,0.163928
38.81322145462036,3.347423394676096,1.5138553798443457,1.4100865787420973,2.154389713220758,0.8392743184129603,-11.15412281786101,-0.0006988207784089613,0.163928
38.84552454948425,3.3543761370243095,1.5146638257632172,1.532642066483499,2.166358605642746,0.7775034637769601,-11.21589367249701,-0.0007026908054316685,0.163928
38.87803530693054,3.348878619774658,1.4983332189358114,1.523547156903706,2.001593919981169,0.6869640159603688,-11.306433120313603,-0.0007083632234633753,0.163928
38.90443420410156,3.3513039949907815,1.5170891635426054,1.5590411978707222,2.085115845389312,0.7191613584166553,-11.274235777857317,-0.0007063460167062494,0.163928
38.93887257575989,3.3467766279731106,1.496878016421946,1.5057474691297856,1.9292954124254973,0.6485667999231944,-11.344830336350778,-0.0007107688606289326,0.163928
38.968899726867676,3.342896027851907,1.5107832853872147,1.4014650986109156,1.967649723816195,0.7332590117990562,-11.260138124474917,-0.0007054627797837858,0.163928
39.00293231010437,3.3464532446233455,1.5232333527368442,1.3898628028386266,2.1264977904001037,0.8375736562724402,-11.155823480001533,-0.0006989273271766464,0.163928
39.02820873260498,3.3480701613836876,1.5169274743562495,1.4096481800432814,2.1708342683370048,0.8495332822379635,-11.14386385403601,-0.0006981780405439651,0.163777
39.05707144737244,3.347423394676096,1.5229099743527188,1.4123351503288133,2.2652983987525412,0.8951555707089434,-11.09824156556503,-0.0006953197428846426,0.163777
39.0864417552948,3.3527592201515826,1.5225865959692029,1.5063090804092385,2.327994717237747,0.871276799765028,-11.122120336508944,-0.000696815779961781,0.163777
39.11312747001648,3.350495536578203,1.5203229473016513,1.5330210516426546,2.347882130718594,0.8660425984542458,-11.127354537819727,-0.000697143709705256,0.163777
39.14025354385376,3.3483935447392117,1.5250119338604358,1.5154403511147942,2.411517625814071,0.9026167507270252,-11.090780385546948,-0.0006948522899335476,0.163777
39.167279958724976,3.3542144453357388,1.5246885554729557,1.6035990085034788,2.452633899533212,0.8749069153812111,-11.118490220892761,-0.0006965883483419182,0.163777
39.19679546356201,3.347423394676096,1.5293775421511808,1.5481007302509513,2.5311295980618462,0.9329239397889396,-11.060473196485033,-0.000692953503825713,0.163777
39.222332239151,3.3472617029999174,1.5269522041981343,1.5064612370471604,2.560362290176436,0.9647421420960285,-11.028654994177945,-0.0006909600507082515,0.163625
39.247862577438354,3.3466149362980837,1.521131393250922,1.466150798146163,2.5191108636889292,0.9710029226011674,-11.022394213672806,-0.0006905678043991968,0.163625
39.274105072021484,3.3479084697063577,1.5290541637554547,1.4602590783116784,2.574234900035724,0.9938028368522813,-10.999594299421691,-0.0006891393591431425,0.163625
39.30531072616577,3.3532442952103723,1.5316411909383911,1.5482279258004625,2.640250309141056,0.9713347800447222,-11.02206235622925,-0.0006905470130845581,0.163625
39.33239483833313,3.3456447862539704,1.518220987851352,1.4786432899349944,2.544175322265255,0.973420118626721,-11.019977017647252,-0.0006904163638210601,0.163625
39.35986518859863,3.3462915529488946,1.5190294337907324,1.4410968383682985,2.4854942632605708,0.9720976224129904,-11.021299513860981,-0.0006904992199854231,0.163625
39.39184832572937,3.349363694812696,1.5227482851608847,1.4678375926681229,2.483846108795388,0.9566999385344332,-11.036697197739539,-0.0006914639055648644,0.163625
39.417646408081055,3.3430577195203153,1.5321262585395523,1.3777188833806284,2.582121014755789,1.0421802257130013,-10.951216910560971,-0.0006861084507433437,0.163625
39.44419813156128,3.347423394676096,1.5423126784826906,1.3899846426649611,2.7589135014499093,1.088866099938357,-10.904531036335616,-0.0006831835180077437,0.163625
39.47194218635559,3.3433811028579945,1.5319645693390123,1.3288032149791151,2.7729539031180135,1.1253337172253315,-10.868063419048642,-0.0006808987727960095,0.163477
39.4984655380249,3.341117419518397,1.5322879477402453,1.2469064398110543,2.7862107572791905,1.1738787548343463,-10.819518381439627,-0.0006778573609769195,0.163477
39.52504563331604,3.350333844896552,1.5455464627191673,1.348648504702444,2.936062053527866,1.1540994391184998,-10.839297697155473,-0.0006790965616770238,0.163477
39.55317211151123,3.344836327891791,1.5405340971788641,1.3249842033543087,2.987815076097159,1.1771220012720784,-10.816275135001895,-0.0006776541672307865,0.163477
39.58548641204834,3.3498487698533275,1.5440912598051315,1.3949308436481618,3.0617564970794344,1.1584599693471653,-10.834937166926808,-0.0006788233686004879,0.163477
39.61252784729004,3.3462915529488946,1.5405340971788641,1.3824981259675029,3.0758011865832575,1.1672069224751949,-10.826190213798778,-0.0006782753602368137,0.163477
39.63762092590332,3.3472617029999174,1.5240417986998258,1.3905394140487413,2.9107752463956538,1.1269638968567541,-10.86643323941722,-0.000680796639852202,0.163477
39.66735553741455,3.3462915529488946,1.5416659216427826,1.3794241252479058,2.9821143172138185,1.1489359749398036,-10.84446116133417,-0.0006794200596441491,0.163477
39.69638776779175,3.340470652860291,1.5418276108525288,1.2711782840955517,3.03376595338009,1.2136482486265303,-10.779748887647443,-0.0006753657487665642,0.163477
39.72242999076843,3.3446746362202178,1.5461932195738552,1.2679643505819298,3.1162078373391973,1.230169732149196,-10.763227404124777,-0.0006743306556297652,0.163477
39.749699115753174,3.344998019563651,1.5413425432237515,1.2712959938224262,3.1224885576920927,1.229629858586996,-10.763767277686977,-0.0006743644794336753,0.163325
39.780903816223145,3.3414408028491747,1.5348749749721644,1.2122327814829597,3.05831359966296,1.2481478598848785,-10.745249276389094,-0.0006732043017762406,0.163325
39.80938005447388,3.345483094580959,1.5397256511378197,1.2406559905404106,3.064819725505453,1.2347487826514831,-10.75864835362249,-0.0006740437719645381,0.163325
39.83539342880249,3.3498487698533275,1.543121124536037,1.3359010946784127,3.1053740319913596,1.1949834768423435,-10.798413659431631,-0.0006765351217921297,0.163325
39.86326599121094,3.350657228260143,1.5392405835150367,1.4165261601575174,3.0926191684231337,1.153919569753637,-10.839477566520337,-0.0006791078307343597,0.163325
39.88908362388611,3.3441895612072265,1.5353600425825165,1.3613357688125662,3.0425478867551052,1.1700717053199217,-10.823325430954053,-0.000678095877743191,0.163325
39.914567947387695,3.3416024945149947,1.5461932195738552,1.2780513222243157,3.122355190701701,1.2265669603644136,-10.766830175909561,-0.0006745563741218587,0.163325
39.94197225570679,3.344351252877936,1.5518523421576529,1.2671940805919228,3.238220336811596,1.2510873064349324,-10.742309829839042,-0.0006730201415011798,0.163325
39.968000650405884,3.345968169600857,1.5230716635447052,1.2875009950486669,3.014182933090012,1.2013369361128508,-10.792060200161124,-0.000676137069033925,0.163325
39.99624252319336,3.3456447862539704,1.545869841146203,1.2961344384087654,3.0990711498625214,1.2133451075342114,-10.780052028739764,-0.0006753847409632221,0.163167
40.02276396751404,3.3440278695368044,1.5371386238322824,1.2742708652607833,3.0659214256827165,1.2181730235210857,-10.77522411275289,-0.0006750822655410726,0.163167
40.04821014404297,3.3466149362980837,1.5389172051006161,1.2742708652607833,3.0659214256827165,1.2181730235210857,-10.77522411275289,-0.0006750822655410726,0.163167
40.07403922080994,3.3466149362980837,1.526467136611649,1.2742708652607833,3.0659214256827165,1.2181730235210857,-10.77522411275289,-0.0006750822655410726,0.163167
40.09967303276062,3.3462915529488946,1.5227482851608847,1.2742708652607833,3.0659214256827165,1.2181730235210857,-10.77522411275289,-0.0006750822655410726,0.163167
40.132404804229736,3.3480701613836876,1.515633960870872,1.2742708652607833,3.0659214256827165,1.2181730235210857,-10.77522411275289,-0.0006750822655410726,0.163167
40.15906643867493,3.350495536578203,1.521131393250922,1.2742708652607833,3.0659214256827165,1.2181730235210857,-10.77522411275289,-0.0006750822655410726,0.163167
40.195969343185425,3.3537293702717577,1.5227482851608847,1.2742708652607833,3.0659214256827165,1.2181730235210857,-10.77522411275289,-0.0006750822655410726,0.163167
40.226378202438354,3.3555079788523807,1.5284074069658367,1.2742708652607833,3.0659214256827165,1.2181730235210857,-10.77522411275289,-0.0006750822655410726,0.163167
40.25607490539551,3.3513039949907815,1.5246885554729557,1.2742708652607833,3.0659214256827165,1.2181730235210857,-10.77522411275289,-0.0006750822655410726,0.163167
40.285598039627075,3.3482318530613053,1.5261437582214221,1.2742708652607833,3.0659214256827165,1.2181730235210857,-10.77522411275289,-0.0006750822655410726,0.163113
40.31421685218811,3.3456447862539704,1.528892474557821,1.2742708652607833,3.0659214256827165,1.2181730235210857,-10.77522411275289,-0.0006750822655410726,0.163113
40.342768907547,3.356478129001981,1.5279223393752277,1.2742708652607833,3.0659214256827165,1.2181730235210857,-10.77522411275289,-0.0006750822655410726,0.163113
40.371583461761475,3.342896027851907,1.5298626097459167,1.2742708652607833,3.0659214256827165,1.2181730235210857,-10.77522411275289,-0.0006750822655410726,0.163113
40.398412466049194,3.3556696705432594,1.5169274743562495,1.2742708652607833,3.0659214256827165,1.2181730235210857,-10.77522411275289,-0.0006750822655410726,0.163113
40.42750406265259,3.350172153215189,1.5217781500130794,1.2742708652607833,3.0659214256827165,1.2181730235210857,-10.77522411275289,-0.0006750822655410726,0.163113
40.45436716079712,3.349525386492618,1.5332580829476194,1.2742708652607833,3.0659214256827165,1.2181730235210857,-10.77522411275289,-0.0006750822655410726,0.163113
40.48215055465698,3.359550271210941,1.5272755825898876,1.2742708652607833,3.0659214256827165,1.2181730235210857,-10.77522411275289,-0.0006750822655410726,0.163113
40.514480113983154,3.351789070041787,1.5303476773420286,1.2742708652607833,3.0659214256827165,1.2181730235210857,-10.77522411275289,-0.0006750822655410726,0.163113
40.54172229766846,3.3485552364174054,1.5298626097459167,1.2742708652607833,3.0659214256827165,1.2181730235210857,-10.77522411275289,-0.0006750822655410726,0.163113
40.57634258270264,3.35162737835783,1.5238801095069248,1.2742708652607833,3.0659214256827165,1.2181730235210857,-10.77522411275289,-0.0006750822655410726,0.163113
40.604119539260864,3.3519507617260325,1.5339048397555988,1.2742708652607833,3.0659214256827165,1.2181730235210857,-10.77522411275289,-0.0006750822655410726,0.163113
