Relative_Time_s,Raw_S1_V,Raw_S2_V,Norm_S1,Norm_S2,Phase_rad,Unwrapped_Phase_rad,Calculated_Distance_mm,Stage_Position_mm
0.0,3.416142383271648,0.8147126073905661,0.6251699416194799,0.34097433245916053,0.4838281421334991,-0.6343132794459789,-3.974057906084494e-05,0.028105
0.03554201126098633,3.415818999672667,0.8156827392301486,0.5749070757285182,0.3194512523520233,0.49060752956751946,-0.6275338920119586,-3.931584133102617e-05,0.028105
0.06405043601989746,3.4150105406803437,0.8168145597142055,0.5227739158978928,0.320538942810862,0.5337160100973116,-0.5844254114821665,-3.6615037116138214e-05,0.028105
0.09764266014099121,3.4078961018635447,0.8163294937918674,0.3371281580131511,0.3143772490375693,0.7390088208848079,-0.37913260069467025,-2.375316674058921e-05,0.028105
0.12696576118469238,3.4062791840296307,0.814874296030247,0.1732778232400791,0.2892948321897915,1.037533730660389,-0.08060769091908915,-5.05018012027136e-06,0.028105
0.15365219116210938,3.417112534075623,0.8185931347704759,0.2857012391134695,0.32481406482026826,0.8428027435106176,-0.2753386780688607,-1.7250338056710937e-05,0.028105
0.1809370517730713,3.405632416904251,0.8181080688448383,0.12371965848045659,0.3427544505200297,1.2455914816633857,0.1274500600839077,7.984917474056011e-06,0.028105
0.20925188064575195,3.406764259376735,0.8219885962751756,0.03406136477898201,0.41069733800265656,1.5234248738032434,0.4052834522237654,2.5391552718584376e-05,0.028105
0.23476696014404297,3.4145254652884653,0.8208567757686985,0.13401242608280237,0.44210351238667106,1.2956156321138748,0.17747421053439671,1.111899769962784e-05,0.028105
0.2612779140472412,3.409513019726703,0.8231204167865686,0.09889342000944387,0.4963955282332842,1.3969804270548052,0.2788390054753269,1.74696382708843e-05,0.028105
0.2877950668334961,3.403530423779057,0.814550918750985,-0.05111360918754262,0.41209224292991736,1.7425875759564429,0.6244461543769648,3.912239042028724e-05,0.028105
0.31384968757629395,3.4132319309230104,0.8206950871253172,0.047271298841914604,0.440772253433784,1.4955047889325686,0.3773633673530905,2.3642321895042947e-05,0.028105
0.34136486053466797,3.408542869005298,0.8242522373028814,0.01783564794712635,0.5116174939604665,1.5670396776799682,0.4488982561004904,2.8124078771326193e-05,0.028105
0.3670339584350586,3.4030453484494854,0.8140658528328402,-0.11802354047537071,0.41582454190430557,1.9030564825890648,0.784915061009587,4.91759829864258e-05,0.028105
0.39640307426452637,3.4119383965762977,0.8061431096299714,-0.02668429813095989,0.23569255237612233,1.7724589174468375,0.6543174958673599,4.099387009227106e-05,0.028105
0.4235877990722656,3.4133936227176673,0.8287795194174161,0.06776164724306721,0.43267709190032055,1.4425871051181822,0.3244456835387046,2.032695791720036e-05,0.028105
0.45054030418395996,3.408542869005298,0.8211801530557621,0.03217889182793007,0.4621047249232564,1.5328908640871828,0.4147494425077052,2.5984609725993504e-05,0.028105
0.47733330726623535,3.405309033343314,0.8232821054314547,-0.06052564534760865,0.5127040694323375,1.7276926956986647,0.6095512741191871,3.818920616312801e-05,0.028105
0.5087919235229492,3.4098364033028448,0.8218269076310923,-0.030503568944895778,0.5273543788292817,1.663546317802095,0.5454048962226175,3.417034941699147e-05,0.028105
0.5375263690948486,3.4062791840296307,0.8190782006970141,-0.0840643856305351,0.4983788246223393,1.781317800081549,0.6631763785020715,4.154889098989911e-05,0.0
0.5670249462127686,3.4159806914720106,0.7996755643347889,0.08183287741329075,0.20117286048105895,1.1941215989112701,0.0759801773317923,4.760260177665513e-06,0.0
0.5940427780151367,3.41921452752044,0.8168145597142055,0.2657575780306892,0.2377440685011864,0.6845940365301482,-0.43354738504932966,-2.7162326078407136e-05,0.0
0.6281468868255615,3.42131652101482,0.8130957209992431,0.4385726704979262,0.21026699005196958,0.3954546195742962,-0.7226868020051818,-4.5277298965584785e-05,0.0
0.6551737785339355,3.417435917679293,0.814550918750985,0.4781872938180297,0.2118022662029971,0.3674468603251448,-0.750694561254333,-4.7032022706714967e-05,0.0
0.6856887340545654,3.423418514558791,0.8064664868988883,0.6313412746237769,0.0974923439344354,0.10219229275520388,-1.015949128824274,-6.365057769419766e-05,0.0
0.7140779495239258,3.4247120490720486,0.8158444278704285,0.7656677097507903,0.15132155274241427,0.15494036051710963,-0.9632010610623682,-6.034584038989636e-05,0.0
0.742835283279419,3.425358816335726,0.8179463802031591,0.8732555387689482,0.21900199968785997,0.2125898978429287,-0.9055515237365492,-5.673401943303595e-05,0.0
0.7698569297790527,3.4182443766935977,0.8223119735636433,0.7994144557754977,0.32868600724839986,0.3609432438652168,-0.7571981777142609,-4.7439483014550426e-05,0.02824
0.7976479530334473,3.4179209930869963,0.8105087027938517,0.7409460359945335,0.2370032700096927,0.2733983851103717,-0.8447430364691062,-5.292428601876331e-05,0.02824
0.8266804218292236,3.420184678357839,0.8105087027938517,0.7474757744630585,0.1728253539426072,0.18682891327940584,-0.931312508300072,-5.8347979721910955e-05,0.02824
0.8562211990356445,3.4250354327033,0.8130957209992431,0.8537415218405974,0.16482388986096466,0.15384790633510464,-0.964293515244373,-6.0414284111945234e-05,0.02824
0.8882575035095215,3.421963288253836,0.807921684613925,0.8637207550770887,0.08537671103661382,0.058060526014156,-1.0600808955653216,-6.641549216485039e-05,0.02824
0.9177863597869873,3.4182443766935977,0.813580786915593,0.7927401071911991,0.11053291683579161,0.09621550679636454,-1.0219259147831132,-6.402503136342314e-05,0.02824
0.9442417621612549,3.4218015964436423,0.8174613142787219,0.8176299338352221,0.18352687742878246,0.18419464736600571,-0.9339467742134722,-5.851302002012165e-05,0.02824
0.9707610607147217,3.4188911439103196,0.8184314461284966,0.7740358557666994,0.24846880410560854,0.2775546226047467,-0.8405867989747313,-5.266389215646688e-05,0.02824
0.9986813068389893,3.4151722324782225,0.8182697574866175,0.665553892653738,0.29162046039886164,0.38246222259864604,-0.735679198980832,-4.6091290089421386e-05,0.02824
1.026731252670288,3.4274608099751367,0.814874296030247,0.847243671876594,0.2733650801426972,0.28198362450858144,-0.8361577970708964,-5.238640923750023e-05,0.02824
1.057049036026001,3.4198612947441993,0.8187548234125551,0.8151044577473476,0.31597093077068544,0.34241832461973165,-0.7757230969597462,-4.8600094090695605e-05,0.02839
1.0845708847045898,3.418406068497338,0.8211801530557621,0.7620985299123471,0.3804104121325102,0.4407522913476001,-0.6773891302318775,-4.243933897844485e-05,0.02839
1.1116526126861572,3.429886187313099,0.8270009442915789,0.9656723866464466,0.5085949766139352,0.46879926061516364,-0.6493421609643137,-4.068215867698841e-05,0.02839
1.139298915863037,3.4251971245193658,0.8282944534727967,1.0098689814793473,0.6167857114542998,0.536835146196335,-0.5813062753831426,-3.641961904944874e-05,0.02839
1.166074275970459,3.417112534075623,0.8197249552671334,0.871315049880948,0.5702115270190988,0.568262703902849,-0.5498787176766284,-3.445064034098492e-05,0.02839
1.1967520713806152,3.4258438917865672,0.805334666459414,0.9573781702466391,0.33222498060817784,0.30711430549376223,-0.8110271160857154,-5.081193831452547e-05,0.02839
1.22316312789917,3.423903589999061,0.8232821054314547,0.9769443812887538,0.42178824841178403,0.3863983743416206,-0.731743047237857,-4.584468489510194e-05,0.02839
1.256188154220581,3.4481573653886395,0.8155210505899687,1.4991154580449095,0.3737133011625921,0.22334089396962134,-0.8948005276098563,-5.6060455083368154e-05,0.02839
1.2822113037109375,3.418729452105699,0.8185931347704759,1.247685891843058,0.38390699310122767,0.2761926871890033,-0.8419487343904741,-5.274921923981656e-05,0.02839
1.3088102340698242,3.4193762193259394,0.8113171459802987,1.0852445190203708,0.28719642168176784,0.23011436438057095,-0.8880270571989066,-5.563608806299339e-05,0.02839
1.340043544769287,3.4179209930869963,0.8195632666244533,0.9410270802659073,0.3371913317863688,0.31786530646867905,-0.8002761151107984,-5.013837366110992e-05,0.028542
1.369166374206543,3.4198612947441993,0.8045262232913337,0.8807528436199166,0.15757238263231163,0.1338526858496266,-0.9842887357298511,-6.166701153590238e-05,0.028542
1.4014320373535156,3.419537911131733,0.8097002596098913,0.8317812161592418,0.10568527123883568,0.07580405627368822,-1.0423373653057895,-6.53038361583526e-05,0.028542
1.4294500350952148,3.414848848882758,0.8197249552671334,0.6991959834764816,0.21244121886827452,0.2536617406966329,-0.864479680882845,-5.416081330446831e-05,0.028542
1.45953369140625,3.4172742258773114,0.8121255891692339,0.6572337820878924,0.17870884132930376,0.21729372120870882,-0.9008477003707691,-5.643931858029753e-05,0.028542
1.4885601997375488,3.4114533212011104,0.8118022118933612,0.5058263358627999,0.15048079240351672,0.22849457920557628,-0.8896468423739017,-5.5737569780142195e-05,0.028542
1.5188641548156738,3.420669753780499,0.8185931347704759,0.593061477166586,0.22764423696987804,0.32800840018201904,-0.7901330213974589,-4.9502895214263275e-05,0.028542
1.5468897819519043,3.417112534075623,0.8051729778255998,0.5795497968619995,0.09012018530829945,0.08116460728134883,-1.036976814298129,-6.496799043663653e-05,0.028542
1.574420690536499,3.417597609481567,0.8143892301115035,0.5802611130941489,0.12539181053612988,0.148876880100331,-0.9692645414791468,-6.072572558337258e-05,0.028542
1.6005024909973145,3.4129085473345757,0.814550918750985,0.4824539431344187,0.15238964054191037,0.24553708371856128,-0.8726043378609165,-5.4669833978387205e-05,0.0287
1.6272366046905518,3.420993137397073,0.7966034803749273,0.5834804641513323,-0.08486572023916014,-0.25426337118318787,-1.3724047927626657,-8.598300388398556e-05,0.0287
1.6538567543029785,3.417597609481567,0.8184314461284966,0.5830125801966508,0.06059398573805031,0.02349240177244567,-1.094649019807032,-6.85812315856184e-05,0.0287
1.6810495853424072,3.4185677603013715,0.814550918750985,0.6030240464849925,0.10703116318325098,0.10948554975462925,-1.0086558718248484,-6.319364534580054e-05,0.0287
1.7095921039581299,3.412746855540797,0.8103470141568607,0.4949981658648988,0.07953718685333412,0.07285021600177412,-1.0452912055777035,-6.54888982194238e-05,0.0287
1.7383766174316406,3.416627458672316,0.8126106550837903,0.5007359865607923,0.0925990959022629,0.1021862722483708,-1.015955149331107,-6.365095488703839e-05,0.0287
1.7671928405761719,3.4193762193259394,0.8113171459802987,0.5623795853227942,0.08328089364249572,0.07040797624638938,-1.0477334453330882,-6.564190782087684e-05,0.0287
1.795461893081665,3.4129085473345757,0.8129340323606592,0.4699368736944952,0.09983507531739066,0.12822822403551215,-0.9899131975439652,-6.201939162416687e-05,0.0287
1.8307669162750244,3.418729452105699,0.814874296030247,0.5272608827977927,0.1391153105856686,0.1969688457058536,-0.9211725758736238,-5.771269933393477e-05,0.0287
1.857724905014038,3.412100088368612,0.8174613142787219,0.4284046287727188,0.20353455305369422,0.4134571027635827,-0.7046843188158949,-4.414941921017393e-05,0.028853
1.886240005493164,3.4164657668718004,0.8130957209992431,0.4507306798118918,0.18632032923872505,0.35122438937199724,-0.7669170322074805,-4.80483823043556e-05,0.028853
1.9118609428405762,3.411615012992547,0.814874296030247,0.36466399486367296,0.19965498833060266,0.4818595321765287,-0.6362818894029489,-3.98639151191776e-05,0.028853
1.9390740394592285,3.4129085473345757,0.8126106550837903,0.33153596037309796,0.17668155693635298,0.4641619789868661,-0.6539794425926115,-4.097269060048485e-05,0.028853
1.966609001159668,3.417759301284135,0.813580786915593,0.4100412583792746,0.17444630896560692,0.3588696657572398,-0.7592717558222377,-4.756939546855244e-05,0.028853
1.9936766624450684,3.411776704784276,0.8187548234125551,0.3395712304609816,0.24672779094672223,0.6467713963245223,-0.4713700252549553,-2.953196529626237e-05,0.028853
2.0192790031433105,3.4135553145126165,0.812772343722175,0.3275303479251405,0.21194021109828254,0.5772056972866465,-0.5409357242928312,-3.3890349791936636e-05,0.028853
2.0464229583740234,3.416789150473125,0.8130957209992431,0.38689834479349317,0.1922042898699395,0.4314693183973157,-0.6866721031821621,-4.302092970404448e-05,0.028853
2.0764505863189697,3.4190528357152328,0.8137424755545757,0.47591357431409387,0.187619914358302,0.33211635294603853,-0.7860250686334393,-4.924552645518681e-05,0.028853
2.1016335487365723,3.417435917679293,0.8163294937918674,0.5043259264893223,0.22133392912077784,0.3818388943065298,-0.7363025272729482,-4.613034244426935e-05,0.029004
2.1295363903045654,3.411615012992547,0.8206950871253172,0.40218066753786813,0.3072414337673885,0.674298271518766,-0.44384315006071207,-2.780736958716686e-05,0.029004
2.1581802368164062,3.4142020816953442,0.8137424755545757,0.3849162766110919,0.26814591508651736,0.6209166667505801,-0.4972247548288977,-3.115179883597235e-05,0.029004
2.1839072704315186,3.4072493347264707,0.8147126073905661,0.22706848873737578,0.25462520607490796,0.9543880516144206,-0.16375336996505707,-1.0259368606093266e-05,0.029004
2.2134411334991455,3.4135553145126165,0.8155210505899687,0.24877842871862887,0.25669917152677785,0.8911240252808807,-0.22701739629859707,-1.4222944841500676e-05,0.029004
2.2414560317993164,3.411615012992547,0.8103470141568607,0.22329741909838893,0.18430479269380662,0.7556217161439395,-0.36251970543553824,-2.27123465357029e-05,0.029004
2.271479606628418,3.4077344100788376,0.813580786915593,0.1241047798005214,0.17978257399581865,1.2703372322514939,0.15219581067201604,9.535271990558644e-06,0.029004
2.29951548576355,3.4043388826675187,0.8088918164284165,-0.016516505804311923,0.10969394368917258,2.6442388335129134,1.5260974119334354,9.5612052937726e-05,0.029004
2.328701972961426,3.4045005744460872,0.8122872778073198,-0.11156157540346007,0.10909344103031421,2.8709924665949917,1.7528510450155137,0.00010981847265938595,0.029004
2.357739210128784,3.412261780161219,0.8084067505207239,-0.015381261349598779,0.05328847372786167,-3.1279095807395922,2.0371343048605164,0.00012762920078005936,0.029153
2.3876700401306152,3.4132319309230104,0.8205333984820361,0.07228394232848771,0.18730192259181114,1.6624161779038977,0.5442747563244206,3.4099544634198126e-05,0.029153
2.4178225994110107,3.4080577936485446,0.813580786915593,0.02517500697367688,0.18188056492442972,2.0075760422060984,0.8894346206266213,5.57242738025874e-05,0.029153
2.446345567703247,3.4142020816953442,0.8150359846700277,0.12101231421619213,0.19885484566116815,1.3208202571235752,0.20267883554409805,1.2698101315071368e-05,0.029153
2.4724857807159424,3.409998095091354,0.8169762483551846,0.09996283328244351,0.2384291504949404,1.485951538802586,0.3678101172231085,2.304379794105893e-05,0.029153
2.5055394172668457,3.406764259376735,0.8189165120547346,0.017431587140363553,0.29382347240206336,1.8452158643176577,0.7270744427381803,4.5552190551636095e-05,0.029153
2.5311951637268066,3.412423471954119,0.8158444278704285,0.07830378305576946,0.28875334266976127,1.5965809091314167,0.4784394875519391,2.9974876605917322e-05,0.029153
2.5601587295532227,3.410968245828558,0.8105087027938517,0.09040584479504883,0.20905040480465095,1.5306353050624697,0.4124938834829921,2.584329592309424e-05,0.029153
2.5889663696289062,3.400296588298224,0.8226353508525123,-0.12485151642481189,0.32633527566414433,2.231200845362483,1.1130594237830054,6.973466812629479e-05,0.029153
2.6156411170959473,3.4137170063078597,0.8126106550837903,0.0058242557789006475,0.26535775806982953,1.9302062851985207,0.8120648636190428,5.087695459154463e-05,0.029304
2.64113187789917,3.4082194854338366,0.8140658528328402,-0.017956943145820324,0.24344272678086393,2.0724079758346883,0.9542665542552107,5.978608153627498e-05,0.029304
2.6691653728485107,3.4014284307032305,0.8156827392301486,-0.17697665665638473,0.25117912837722206,2.5044899729781513,1.3863485513986737,8.685659909385347e-05,0.029304
2.6961989402770996,3.4036921155561646,0.8132574096379267,-0.24083283256000879,0.22197922430011396,2.6747892204755828,1.5566477988961052,9.75260757207423e-05,0.029304
2.726743698120117,3.4057941086851566,0.8134190982767101,-0.241464361317734,0.20384698378248012,2.721258964633991,1.6031175430545135,0.00010043746761731024,0.029304
2.753831386566162,3.4091896361517313,0.8171379369962637,-0.17071999219335962,0.244231339548964,2.5095638578923927,1.391422436312915,8.717448479972448e-05,0.029304
2.788504123687744,3.405632416904251,0.8203717098388552,-0.19577520343433932,0.3186542362674839,2.389940053806964,1.2717986322274863,7.96798927773595e-05,0.029304
2.815060615539551,3.4080577936485446,0.8151976733099081,-0.16246639506029273,0.2969041079533023,2.3697323811236277,1.2515909595441501,7.841385493780928e-05,0.029456
2.8466501235961914,3.406117492247847,0.8098619482464846,-0.1798281943029604,0.20552517126861608,2.6335318417148903,1.5153904201354127,9.494124551836254e-05,0.029456
2.8738508224487305,3.399488129446261,0.8156827392301486,-0.33096449455766863,0.224636839518647,2.7624605719573334,1.6443191503778558,0.00010301880366421957,0.029456
2.9088571071624756,3.405309033343314,0.8111554573428102,-0.31472601581753396,0.17339962185609978,2.8642757139484862,1.7461342923690086,0.00010939765908314534,0.029456
2.937013864517212,3.411615012992547,0.7978969894063226,-0.1711556920769747,-0.051697195754199086,-2.714862873751387,2.4501810118487217,0.00015350713183838962,0.029456
2.9636001586914062,3.409998095091354,0.8174613142787219,-0.10455477112276085,0.06996579861578844,3.094442330554448,1.9763009089749701,0.0001238179068074016,0.029456
2.9902334213256836,3.4078961018635447,0.8114788346178867,-0.10200192290128163,0.06974527786123444,3.0949995869668245,1.9768581653873465,0.00012385281967022634,0.029456
3.0166213512420654,3.4077344100788376,0.8140658528328402,-0.10360475959921696,0.1065139906348479,2.896601959535926,1.7784605379564478,0.0001114229417945998,0.029456
3.0426580905914307,3.410968245828558,0.8195632666244533,-0.036930135063447875,0.21071363005352955,2.2205655226110905,1.1024241010316125,6.906835086897916e-05,0.029456
3.071171998977661,3.4077344100788376,0.8116405232555741,-0.05805450811276126,0.17057645218835754,2.4607158919736416,1.3425744703941636,8.411409411509129e-05,0.029456
3.096886396408081,3.4045005744460872,0.8122872778073198,-0.140638177019356,0.15171119697974475,2.7489663850999064,1.6308249635204284,0.00010217337473021113,0.029456
3.123411178588867,3.4057941086851566,0.8216652189871094,-0.17132810243927082,0.27235167570192165,2.4363084408107873,1.3181670192313093,8.258493451203473e-05,0.029607
3.153216600418091,3.411776704784276,0.8210184644121803,-0.06738732211200019,0.3475692411795507,2.0342677695295825,0.9161263479501045,5.739654637568546e-05,0.029607
3.185222625732422,3.4064408758117066,0.8232821054314547,-0.106493182449716,0.43252923081174394,2.0269722818337157,0.9088308602542376,5.693947427115968e-05,0.029607
3.212811231613159,3.4072493347264707,0.8229587281417827,-0.11691813260521146,0.48738583870882735,1.9951024064291796,0.8769609848497018,5.4942783764728164e-05,0.029607
3.239537239074707,3.405309033343314,0.814550918750985,-0.16489356245082945,0.405785460262796,2.1818764778205897,1.0637350562411116,6.664443023999852e-05,0.029607
3.271059513092041,3.4069259511596877,0.820048332552794,-0.16457805945674453,0.4271267359732485,2.1529979721710295,1.0348565505915515,6.483515306716718e-05,0.029607
3.2970025539398193,3.4057941086851566,0.8011307620124135,-0.18808602014546452,0.1720656284343353,2.75634456708757,1.638203145508092,0.0001026356277432052,0.029607
3.3280062675476074,3.4133936227176673,0.8255457464704119,-0.045219558167070524,0.34198439596886965,1.9745462748108684,0.8564048532313904,5.365491450480009e-05,0.029607
3.3546645641326904,3.412100088368612,0.8219885962751756,0.0276683200972959,0.4101582998168451,1.7000686426302052,0.5819272210507269,3.64585221296691e-05,0.029758
3.3848025798797607,3.4129085473345757,0.8202100211957745,0.0956389880366092,0.4324954160573242,1.5066367870531847,0.38849536547370667,2.433975653144835e-05,0.029758
3.4122018814086914,3.4062791840296307,0.8213418416994442,0.004235404256512171,0.46428524423941475,1.7409042299604922,0.6227628083810139,3.901692653232124e-05,0.029758
3.4462339878082275,3.410321478669252,0.8160061165108082,0.024998657394434454,0.4103842753150266,1.7079822778891047,0.5898408563096265,3.695432200940624e-05,0.029758
3.472487211227417,3.4057941086851566,0.8211801530557621,-0.05538231834963303,0.4464997533135495,1.8969334855368225,0.7787920639573445,4.87923689957862e-05,0.029758
3.5054988861083984,3.4114533212011104,0.8192398893393937,0.0069950655565290286,0.4440882791489956,1.7424827470946145,0.6243413255151364,3.911582275127204e-05,0.029758
3.5332858562469482,3.4129085473345757,0.8224736622080275,0.08116770985811272,0.488554095287474,1.547938469793737,0.429797048214259,2.6927362437682004e-05,0.029758
3.564941644668579,3.409674711514627,0.8197249552671334,0.06529194917253174,0.48044939570231926,1.5863632899506745,0.4682218683711965,2.9334729038424235e-05,0.029758
3.597872257232666,3.403530423779057,0.8211801530557621,-0.07463463877336869,0.49554533758465386,1.9040351065010317,0.7858936849215534,4.92372950891431e-05,0.02991
3.625352621078491,3.405309033343314,0.8205333984820361,-0.13529511676857053,0.4968817272915667,2.0251534526127486,0.9070120310332705,5.682552217714528e-05,0.02991
3.652529716491699,3.4048239580041013,0.8219885962751756,-0.18792694241149302,0.5185864317427304,2.0987125228361463,0.9805711012566682,6.143409674208018e-05,0.02991
3.6803512573242188,3.403530423779057,0.8140658528328402,-0.2518878628821891,0.4207027983518951,2.321981256142982,1.203839834563504,7.542218281138761e-05,0.02991
3.71553373336792,3.399811512986171,0.8139041641936581,-0.37462660227577105,0.34987656263627626,2.5896856386362272,1.4715442170567492,9.219422199476959e-05,0.02991
3.74227237701416,3.406117492247847,0.8218269076310923,-0.32834033935383244,0.4133751240720421,2.4386456579993756,1.3205042364198976,8.27313643085961e-05,0.02991
3.774580717086792,3.396901061168999,0.8253840578241186,-0.489160277511319,0.5085933504717403,2.483113223894576,1.364971802315098,8.551731704735167e-05,0.02991
3.8016135692596436,3.3983562870657695,0.8232821054314547,-0.5712257636165593,0.5452461073162799,2.5099609306078707,1.3918195090283927,8.719936193875604e-05,0.02991
3.8364126682281494,3.403368732002241,0.8137424755545757,-0.5235868680132854,0.43474918657073813,2.5987861914170116,1.4806447698375336,9.276438385169625e-05,0.030059
3.8641531467437744,3.401751814250145,0.8232821054314547,-0.524137943629424,0.4935551925855747,2.5291335513816118,1.4109921298021337,8.840055238573507e-05,0.030059
3.892911434173584,3.4032070402257175,0.8158444278704285,-0.49401522430363365,0.42856554679821546,2.583746357463525,1.465604935884047,9.182211805077757e-05,0.030059
3.9220926761627197,3.4004582800694925,0.8202100211957745,-0.53055643462264,0.4453804889442856,2.5910466557157967,1.4729052341363187,9.227949154312436e-05,0.030059
3.9497246742248535,3.392858767135212,0.8240905486573925,-0.7154572932822837,0.5125355663857768,2.635554688734643,1.517413267155165,9.506797960153776e-05,0.030059
3.981982707977295,3.3967393694041492,0.8234437940764414,-0.7635319752978895,0.5503133508809798,2.6252621248356465,1.5071207032561684,9.442313664676922e-05,0.030059
4.008308172225952,3.3978712117642207,0.814874296030247,-0.7734554423238675,0.45445010348018094,2.722399956154889,1.6042585345754108,0.00010050895226884327,0.030059
4.0350823402404785,3.4032070402257175,0.8206950871253172,-0.6685374733897472,0.47042275581897225,2.6525527607717643,1.5344113391922862,9.61329316489916e-05,0.030059
4.064691543579102,3.409998095091354,0.8205333984820361,-0.4527220180416954,0.4792959200555928,2.481680126716531,1.3635387051370529,8.542753158399872e-05,0.03021
4.093324899673462,3.3977095199976213,0.8240905486573925,-0.5592783023178686,0.5362763681636897,2.5083887122738013,1.3902472906943233,8.710086034809004e-05,0.03021
4.123237133026123,3.4043388826675187,0.8206950871253172,-0.49488466328718184,0.5277011410974284,2.4639801175754976,1.3458386959960196,8.431860223403891e-05,0.03021
4.149422883987427,3.4032070402257175,0.8282944534727967,-0.47353792806405165,0.6301600265927382,2.340142096243802,1.222000674664324,7.655998384003446e-05,0.03021
4.178587198257446,3.401266738930211,0.8239288600120042,-0.49927317630709717,0.639573550309082,2.355491610197308,1.23735018861783,7.75216515089624e-05,0.03021
4.2056965827941895,3.4078961018635447,0.8218269076310923,-0.37830480653033877,0.6161630154430046,2.253424628985063,1.135283207405585,7.112701802452745e-05,0.03021
4.234536409378052,3.401913506024041,0.8248989918858424,-0.4190506703650357,0.6436217971094517,2.273180770559676,1.155039348980198,7.23647668335527e-05,0.03021
4.2621214389801025,3.4007816636129036,0.8194015779818734,-0.47130158650485576,0.5843814021952243,2.3827199087475535,1.2645784871680754,7.922754099021907e-05,0.03021
4.290330410003662,3.4048239580041013,0.8270009442915789,-0.42313147122688644,0.651374669657835,2.2703694752348498,1.1522280536553717,7.218863540490403e-05,0.03021
4.321715593338013,3.4051473415632842,0.8248989918858424,-0.3826327298409019,0.6682699550598304,2.211852988454041,1.0937115668745632,6.852249890007359e-05,0.03021
4.348072290420532,3.4036921155561646,0.8224736622080275,-0.38479208378913665,0.6454812684250557,2.233871651800777,1.115730230221299,6.990199773747671e-05,0.030361
4.374448537826538,3.4036921155561646,0.8237671713667161,-0.38630363155292585,0.6479907271625316,2.233366126498885,1.1152247049194068,6.987032589821669e-05,0.030361
4.405491590499878,3.404985649783547,0.8206950871253172,-0.3602430724178847,0.6059011923966134,2.2416073490267205,1.1234659274472425,7.038664956041643e-05,0.030361
4.433154106140137,3.4025602731225426,0.8216652189871094,-0.3928481355199398,0.5902846724937293,2.295346452761836,1.1772050311823579,7.375347659974563e-05,0.030361
4.460957288742065,3.401751814250145,0.8265158783502841,-0.4326208308840698,0.6485838815017415,2.283126540809021,1.1649851192295428,7.298788270030595e-05,0.030361
4.4872825145721436,3.4040154991112574,0.8059814209956616,-0.4130040939136767,0.39631639782183337,2.5641396345136225,1.4459982129341444,9.059373051931167e-05,0.030361
4.516948461532593,3.4007816636129036,0.8234437940764414,-0.4670689829889231,0.4689599328862162,2.514009434145123,1.395868012565645,8.745300612391453e-05,0.030361
4.545151710510254,3.4045005744460872,0.8221502849193592,-0.42694830943267853,0.5013488680723972,2.4327163718971607,1.3145749503176827,8.235988656919698e-05,0.030361
4.578566312789917,3.399811512986171,0.8226353508525123,-0.497168914861126,0.5309441999515673,2.4666738624786184,1.3485324408991404,8.44873689708566e-05,0.030361
4.604803800582886,3.4078961018635447,0.8232821054314547,-0.37683182351815897,0.5608917019521545,2.305972967852052,1.187831546272574,7.441924204525678e-05,0.03052
4.635561227798462,3.4022368895727073,0.8206950871253172,-0.4112399217855638,0.5449318747493511,2.3637722872677793,1.2456308656883013,7.804044705125943e-05,0.03052
4.660645246505737,3.401266738930211,0.8271626329388786,-0.455664571912137,0.626067692903612,2.3265137832137617,1.2083723616342836,7.57061517211337e-05,0.03052
4.692410230636597,3.407411026510301,0.825222369177926,-0.3579482747943479,0.6551704562117496,2.190940886774585,1.0727994651951072,6.72123276376231e-05,0.03052
4.7182886600494385,3.4020751977982284,0.8257074351168058,-0.4014112679174523,0.682465467858021,2.2180291796058387,1.0998877580263606,6.890944557250851e-05,0.03052
4.744282007217407,3.401751814250145,0.824413925948471,-0.4386150235623285,0.6831104364909204,2.2574979374995023,1.1393565159200243,7.138221627482844e-05,0.03052
4.773560285568237,3.3999732047565634,0.8255457464704119,-0.5019457845990098,0.6997157616084803,2.305895034681543,1.187753613102065,7.441435942743302e-05,0.03052
4.800796985626221,3.4043388826675187,0.81778469156158,-0.4547519008839714,0.6005702535178624,2.351630022369354,1.233488600789876,7.727971784408432e-05,0.03052
4.826898813247681,3.4098364033028448,0.8195632666244533,-0.3064619478203528,0.5565530140716329,2.217660864802081,1.099519443222603,6.88863701552781e-05,0.03052
4.856321811676025,3.405632416904251,0.824413925948471,-0.29079457237324385,0.5949717188404476,2.1559167822111194,1.0377753606316413,6.501802043715679e-05,0.03052
4.883377313613892,3.4022368895727073,0.8257074351168058,-0.3510138459841418,0.6403263516981117,2.194726057970757,1.0765846363912788,6.744947369786588e-05,0.030679
4.910748720169067,3.4009433553850474,0.8289412080658243,-0.42028597924864863,0.7182284438994241,2.208989675573836,1.0908482539943578,6.834310850170275e-05,0.030679
4.938348054885864,3.4082194854338366,0.8295879626604653,-0.31623410766512033,0.7819906783495726,2.045842310336429,0.9277008887569509,5.812170690587208e-05,0.030679
4.966890811920166,3.4101597868801568,0.8242522373028814,-0.20271983149568276,0.7504703914015185,1.9168254527197441,0.7986840311402661,5.003862746163306e-05,0.030679
4.991811752319336,3.4057941086851566,0.8284561421209024,-0.21478526057269956,0.7884061942749927,1.9146928542013766,0.7965514326218983,4.990501729963508e-05,0.030679
5.018508672714233,3.4069259511596877,0.82748601023378,-0.1995022481420505,0.8011151014916489,1.888632318860407,0.7704908972809288,4.8272289752152076e-05,0.030679
5.048277854919434,3.405309033343314,0.8166528710733262,-0.2227024433266292,0.6553959448423453,2.003833362886587,0.8856919413071087,5.548978991549869e-05,0.030679
5.074076890945435,3.4078961018635447,0.8219885962751756,-0.18470529344400807,0.6295463840282732,1.9606629318079574,0.8425215102284791,5.278510441550492e-05,0.030679
5.100471019744873,3.4057941086851566,0.8287795194174161,-0.2021750839365459,0.7083747740568241,1.9386300933036726,0.8204886717241942,5.1404717485439176e-05,0.030679
5.129143714904785,3.401590122476542,0.8169762483551846,-0.302539524995844,0.5950931003719007,2.1759605927090417,1.0578191711295633,6.627379209066684e-05,0.030837
5.154789209365845,3.4125851637473117,0.8213418416994442,-0.1422861648086835,0.5781036232596203,1.9192828693289576,0.8011414477494792,5.019258791336625e-05,0.030837
5.181847095489502,3.409513019726703,0.8155210505899687,-0.09451559361460245,0.48313406355607275,1.8860023073770038,0.7678608857975253,4.810751599969585e-05,0.030837
5.207101583480835,3.402721964897898,0.7995138757044352,-0.203449070100751,0.18819383551863936,2.8782542221707983,1.7601128005913194,0.00011027343140127591,0.030837
5.236545085906982,3.402721964897898,0.8213418416994442,-0.2797025036410333,0.29327413786233586,2.6382089074628676,1.5200674858833887,9.523426997040073e-05,0.030837
5.264039516448975,3.4040154991112574,0.8197249552671334,-0.30596126484356667,0.3437534255047257,2.557470250000401,1.4393288284209222,9.017588462025312e-05,0.030837
5.2932024002075195,3.4030453484494854,0.8216652189871094,-0.344681379428831,0.4067812356694062,2.4893214680041638,1.3711800464246848,8.590627188065036e-05,0.030837
5.321493148803711,3.4045005744460872,0.8240905486573925,-0.34127698694060166,0.4855160890933591,2.3614442353983214,1.2433028138188424,7.789459147425374e-05,0.030837
5.350220680236816,3.4129085473345757,0.820048332552794,-0.1626227268898943,0.4829381761546369,2.0441077477103993,0.9259663261309203,5.801303422722981e-05,0.030837
5.378491640090942,3.4106448622483194,0.8101853255199691,-0.08502237329976002,0.3403644036239675,2.026661456303017,0.908520034723538,5.692000063411446e-05,0.030837
5.409253835678101,3.409513019726703,0.8166528710733262,-0.05443093955835601,0.33287045633497203,1.9137572216374676,0.7956158000579885,4.9846398662625884e-05,0.030837
5.437396049499512,3.4106448622483194,0.8174613142787219,-0.009288122167692538,0.3391631550782077,1.699225202339735,0.581083780760256,3.640567946243716e-05,0.030996
5.462980508804321,3.409998095091354,0.8221502849193592,0.008752527813733556,0.41049112360679335,1.6021868525127045,0.4840454309332256,3.032609648948845e-05,0.030996
5.490650653839111,3.407411026510301,0.8224736622080275,-0.03285630498623229,0.46503608640792976,1.720934779633382,0.6027933580539031,3.776581364340409e-05,0.030996
5.517204999923706,3.405955800466356,0.8016158279067327,-0.09249096163665803,0.20552525043320238,2.5575000881614707,1.4393586665819917,9.017775402112717e-05,0.030996
5.5508153438568115,3.410968245828558,0.812772343722175,-0.029150476489665934,0.18309843273881812,2.317386404475508,1.1992449828960292,7.513430918193494e-05,0.030996
5.580328702926636,3.4043388826675187,0.8126106550837903,-0.12379518520743375,0.16509196802209958,2.918523684304726,1.8003822627252473,0.00011279636729987294,0.030996
5.617475271224976,3.409674711514627,0.8126106550837903,-0.0781820773733508,0.15248744272040082,2.9412414380034884,1.8231000164240094,0.00011421966508695221,0.030996
5.64361834526062,3.4090279443646843,0.8192398893393937,-0.05981222393432397,0.23827966173379048,2.1997426164262115,1.0816011948467326,6.776376782408446e-05,0.031155
5.669908046722412,3.4069259511596877,0.8121255891692339,-0.0910211224951907,0.19679575133516491,2.6089883994216336,1.4908469778421547,9.340356588830274e-05,0.031155
5.701342821121216,3.410321478669252,0.8181080688448383,-0.041680911331773075,0.2531416310804547,2.021890677108787,0.9037492555293078,5.6621104908778664e-05,0.031155
5.728283643722534,3.410321478669252,0.8080833732494253,-0.007142763517362115,0.1495068221797406,0.0,0.9037492555293078,5.6621104908778664e-05,0.031155
5.7549097537994385,3.406117492247847,0.8164911824325468,-0.0711016522229307,0.1969624569591804,2.5149356515218497,1.3967942299423708,8.751103488679877e-05,0.031155
5.782983064651489,3.4135553145126165,0.8156827392301486,0.040059330046395704,0.218642939502042,1.2928615668142107,0.17472014523473178,1.0946451808935377e-05,0.031155
5.813009262084961,3.4101597868801568,0.8140658528328402,0.04668557490237848,0.2107423537834116,1.1892123332336748,0.07107091165419566,4.452688088111242e-06,0.031155
5.839191198348999,3.4072493347264707,0.8182697574866175,-0.009693002458723598,0.2652119451733264,1.7646663265879852,0.646524905008506,4.050565380680155e-05,0.031155
5.86754035949707,3.4150105406803437,0.814874296030247,0.11355386116684835,0.2548791194848236,0.8893205835522613,-0.22882083802721787,-1.4335932888448832e-05,0.031155
5.895355701446533,3.4129085473345757,0.8151976733099081,0.1557588667852959,0.25226152620543957,0.6994866018373103,-0.4186548197421691,-2.6229286856013853e-05,0.031313
5.921680212020874,3.4129085473345757,0.8205333984820361,0.1853023707182154,0.32658305932611303,0.8482491828865155,-0.26989223869296386,-1.690911131334688e-05,0.031313
5.951463937759399,3.4022368895727073,0.8168145597142055,-0.017745985820126528,0.32553120769272686,1.7503999981053968,0.6322585765259177,3.961184916272178e-05,0.031313
5.9791648387908936,3.4111299376191164,0.8208567757686985,0.026560837157539142,0.38248722116972134,1.530855470523798,0.41271404894431885,2.5857089585005223e-05,0.031313
6.011898994445801,3.4150105406803437,0.8132574096379267,0.13893154889821366,0.3138948892548634,0.9681076665725125,-0.15003375500696658,-9.399816298749872e-06,0.031313
6.0395348072052,3.4082194854338366,0.8084067505207239,0.07521816203770809,0.19664948748504454,0.8002305680799737,-0.31791085349950543,-1.9917542036692853e-05,0.031313
6.067363023757935,3.4077344100788376,0.8147126073905661,0.020449299858088254,0.20457770675387646,1.5211988672831998,0.4030574457037204,2.5252090419801873e-05,0.031313
6.095135688781738,3.417112534075623,0.8150359846700277,0.17872127274605418,0.21474284494178195,0.44882822783339166,-0.6693131937460877,-4.193337070881598e-05,0.031313
6.122941970825195,3.404662266224948,0.8194015779818734,0.02849469991220408,0.28416613567785803,1.4956104281498994,0.37746900657042004,2.3648940333918886e-05,0.031313
6.154321908950806,3.408542869005298,0.8184314461284966,0.00469202869632588,0.318916284879962,1.6408664023774382,0.5227249807979588,3.274942224861476e-05,0.031313
6.183986186981201,3.4072493347264707,0.8166528710733262,-0.03908848480299455,0.31785677321416234,1.8747085291239245,0.7565671075444451,4.739994562066455e-05,0.031472
6.210030794143677,3.4078961018635447,0.8150359846700277,-0.05617552247745763,0.2940381914639831,2.0110422155197294,0.8929007939402498,5.594143421696364e-05,0.031472
6.237850189208984,3.410806554038292,0.7951482827221382,-0.007119499647695313,-0.006480964246892065,-1.7367850729594663,3.4282588126406406,0.00021478501995698276,0.031472
6.270523309707642,3.4087045607914677,0.8189165120547346,-0.016848080512002258,0.12238639208277959,0.0,3.4282588126406406,0.00021478501995698276,0.031472
6.299293041229248,3.403368732002241,0.8195632666244533,-0.13552248984007056,0.22182431106708383,2.6394794516056024,1.521338030026123,9.531387126772612e-05,0.031472
6.327478885650635,3.4082194854338366,0.8116405232555741,-0.11689966507909086,0.17835392889784663,2.84989928222662,1.7317578606471407,0.00010849695632321772,0.031472
6.353045701980591,3.4072493347264707,0.8158444278704285,-0.12420267044578938,0.2079246622168016,2.6820398648491137,1.5638984432696343,9.798033833088342e-05,0.031472
6.37887978553772,3.3993264376767445,0.8113171459802987,-0.29541645799216654,0.16400879006266647,3.059752248981105,1.9416108274016257,0.00012164452659597555,0.031472
6.406314134597778,3.4051473415632842,0.8147126073905661,-0.29323222057658554,0.18172921855820812,3.0025058257043633,1.884364404124884,0.00011805796127581234,0.031472
6.433807134628296,3.4048239580041013,0.8171379369962637,-0.29848291507712216,0.22874890389197308,2.8614896041670304,1.743348182587551,0.00010922310556262168,0.031472
6.464463472366333,3.4064408758117066,0.8219885962751756,-0.26826009752528585,0.3308934553630133,2.5444743031488954,1.426332881569416,8.936167109192544e-05,0.031472
6.490343809127808,3.398032903531112,0.8213418416994442,-0.4233752978035849,0.3931638717533965,2.615187124208459,1.4970457026289794,9.379192432324263e-05,0.031624
6.5192601680755615,3.398517978833536,0.813580786915593,-0.5217864477233753,0.3259839293375337,2.8062639445332715,1.6881225229537922,0.00010576314379928038,0.031624
6.549562454223633,3.3964159858753242,0.8151976733099081,-0.6347420434616158,0.30203489310234244,2.8960824806350147,1.7779410590555353,0.00011139039574361663,0.031624
6.582686185836792,3.406117492247847,0.8181080688448383,-0.5104211481838866,0.32680903031747893,2.7978798606352453,1.679738439055766,0.00010523786968032566,0.031624
6.608516216278076,3.397547828231313,0.8182697574866175,-0.6030575234846133,0.3464586187471704,2.8175619354959447,1.6994205139164653,0.00010647097811022683,0.031624
6.639684677124023,3.4014284307032305,0.8150359846700277,-0.5865470628935554,0.31405948333708716,2.858670784505843,1.7405293629263636,0.00010904650272419219,0.031624
6.666762828826904,3.4077344100788376,0.8176230029201009,-0.4427863575938365,0.32830316635307766,2.74797231955158,1.6298308979721008,0.00010211109518823232,0.031624
6.693109512329102,3.402883656673546,0.8216652189871094,-0.4438487746232006,0.39596605426325365,2.627553402849265,1.5094119812697855,9.456668829230636e-05,0.031624
6.719594717025757,3.3999732047565634,0.8179463802031591,-0.5056094103416451,0.3902531507524433,2.689834777546111,1.5716933559666315,9.846870008263166e-05,0.031624
6.748247861862183,3.3965776776395913,0.8174613142787219,-0.6200282872699712,0.37933104117043653,2.77950035738662,1.6613589358071406,0.00010408636911172807,0.031772
6.775134325027466,3.4032070402257175,0.8182697574866175,-0.5611384648520321,0.3832240263442423,2.739520935797095,1.6213795142176157,0.00010158160464286331,0.031772
6.8048272132873535,3.3896249320392857,0.8171379369962637,-0.8046613109605797,0.3697952693421991,2.868408445119031,1.7502670235395517,0.00010965658024267653,0.031772
6.83330512046814,3.393667225927398,0.8164911824325468,-0.8903815572077786,0.35116436997290346,2.9133382038367084,1.795196782257229,0.00011247148998264613,0.031772
6.860337972640991,3.3923736918633973,0.8236054827215286,-0.9775043687251953,0.43966120581828,2.8480804765320022,1.7299390549525229,0.0001083830057031607,0.031772
6.887544393539429,3.3922120001067078,0.8126106550837903,-1.0418801666529849,0.34468590917772235,2.9518625206247173,1.833721099045238,0.00011488509018098361,0.031772
6.918835163116455,3.388493089783224,0.8160061165108082,-1.1649093104256105,0.3266647407718419,2.986726283499827,1.8685848619203478,0.0001170693517592797,0.031772
6.9461510181427,3.3922120001067078,0.8160061165108082,-1.1730636258432756,0.31404992288772765,2.9983824218127566,1.8802410002332772,0.00011779962448283628,0.03193
6.972390174865723,3.3967393694041492,0.8150359846700277,-1.0838564080905715,0.29137339623547726,3.007347590754384,1.8892061691749045,0.00011836130436037212,0.03193
6.999105930328369,3.3931821506512123,0.8156827392301486,-1.0959876149237158,0.28473059699544767,3.014860307321328,1.8967188857418487,0.00011883198614548488,0.03193
7.025790691375732,3.403368732002241,0.8208567757686985,-0.8909201639282638,0.3539267936816169,2.9096577423265386,1.7915163207470592,0.00011224090412489294,0.03193
7.055133819580078,3.399811512986171,0.8206950871253172,-0.8219492130080233,0.4000564389599769,2.837650369188232,1.7195089476087526,0.00010772954546680836,0.03193
7.082843542098999,3.3959309105842745,0.8181080688448383,-0.8550254691974534,0.39542411241782094,2.854053948029712,1.7359125264502326,0.00010875725171694395,0.03193
7.108881950378418,3.3967393694041492,0.8278093875290845,-0.8612296984385084,0.5306430291174716,2.7152418615069815,1.5971004399275022,0.0001000604880233388,0.03193
7.13567852973938,3.401590122476542,0.8197249552671334,-0.7638777551472363,0.5099116493833171,2.6893381919712835,1.5711967703918042,9.843758832928142e-05,0.03193
7.164927244186401,3.400134896527248,0.8223119735636433,-0.7262398665494667,0.5323227620352193,2.64360853007623,1.5254671084967506,9.557256358070077e-05,0.03193
7.190778493881226,3.4004582800694925,0.8150359846700277,-0.6931136841947139,0.4441643836387219,2.728068230110849,1.6099268085313696,0.00010086407724664929,0.03208
7.221862316131592,3.395607527058366,0.8160061165108082,-0.7716202590219773,0.39629967289454104,2.824193353252651,1.7060519316731715,0.00010688644534098708,0.03208
7.249963760375977,3.4064408758117066,0.8297496513093778,-0.5994562382867061,0.5589482311270609,2.5232501482956082,1.4051087267161289,8.803194927893837e-05,0.03208
7.286288738250732,3.3957692188211746,0.8211801530557621,-0.7026702168925255,0.5504945223819757,2.608541167929348,1.4903997463498686,9.337554623452343e-05,0.03208
7.314026117324829,3.3988413623699443,0.827324321586279,-0.7105132308716778,0.6322692387057771,2.528654559831176,1.4105131382516967,8.83705429216478e-05,0.03208
7.3440399169921875,3.4057941086851566,0.8247373032399514,-0.570240640135921,0.6525884609556146,2.3957489287334846,1.2776075071540052,8.004382659484714e-05,0.03208
7.372959613800049,3.398517978833536,0.8270009442915789,-0.6245921873560106,0.6991196107901082,2.3991112305540843,1.2809698089746049,8.025447932064956e-05,0.03208
7.403597354888916,3.404177190889242,0.8276476988813819,-0.5439942131320368,0.7409221855144363,2.289028084792365,1.1708866632128858,7.335762235869044e-05,0.03208
7.436659336090088,3.406764259376735,0.8260308124098952,-0.4333383453497789,0.7471070632641252,2.165986503306381,1.0478450817269018,6.56489019909158e-05,0.03208
7.467328310012817,3.4014284307032305,0.8043645346580148,-0.46774363819917747,0.442205702408394,2.5616741879089733,1.443532766329494,9.043926697757725e-05,0.03208
7.494024038314819,3.410321478669252,0.8247373032399514,-0.3053866723245514,0.5195439855474449,2.2132011552779667,1.0950597336984873,6.860696336264981e-05,0.032239
7.529393196105957,3.4023985813474793,0.8187548234125551,-0.3578384857053995,0.48829616455400293,2.345715994381959,1.2275745728024798,7.690919604607555e-05,0.032239
7.555583953857422,3.4091896361517313,0.8231204167865686,-0.2521818792647472,0.5287303847504239,2.0998639996196906,0.9817225780402112,6.150623830940332e-05,0.032239
7.585115909576416,3.4090279443646843,0.8266775669972817,-0.18161208525829836,0.6078035725350102,1.8832532879519885,0.7651118663725094,4.793528623982851e-05,0.032239
7.614156246185303,3.409674711514627,0.8281327648247918,-0.11865390740891567,0.6839240361311001,1.7247835510024638,0.6066421294229847,3.800694433991685e-05,0.032239
7.6497626304626465,3.40935132793907,0.81778469156158,-0.08136284394906533,0.5895160456836958,1.6725474307196204,0.5544060091401413,3.47342812329025e-05,0.032239
7.679424524307251,3.4036921155561646,0.8278093875290845,-0.17390316366483244,0.6665073824035835,1.8351301412580288,0.7169887196785494,4.492030645331306e-05,0.032239
7.7146196365356445,3.412423471954119,0.8174613142787219,-0.05563054250785222,0.5727090033262325,1.6135307463467505,0.49538932476727116,3.1036806676989915e-05,0.032239
7.743736982345581,3.405309033343314,0.8155210505899687,-0.12199224938266556,0.47935782960270557,1.831946600909501,0.7138051793300217,4.4720853373874846e-05,0.03239
7.777848482131958,3.409674711514627,0.8069515528030077,-0.07692002229600065,0.2917043151486885,1.869438782037481,0.7512973604580018,4.7069788886594e-05,0.03239
7.804717779159546,3.4007816636129036,0.8174613142787219,-0.2318101328565312,0.3103468562478092,2.5030609551540444,1.3849195335745654,8.676706920750467e-05,0.03239
7.832144737243652,3.4087045607914677,0.8150359846700277,-0.17413152375818738,0.2887812495875375,2.4091393480663807,1.2909979264869018,8.08827543540478e-05,0.03239
7.858130216598511,3.4064408758117066,0.7938547737041234,-0.18121412360203462,-0.02862236093446711,-2.198019424393227,2.9670244612068806,0.00018588806824135668,0.03239
7.885186195373535,3.412100088368612,0.813580786915593,-0.06752787570715725,0.030733566456033902,-1.7742077682761226,3.390836117323985,0.0002124404378236867,0.03239
7.910627603530884,3.4062791840296307,0.8116405232555741,-0.10998140036411193,0.04459040767011059,-2.094357128729018,3.070686756871089,0.00019238265031926982,0.03239
7.936532497406006,3.402721964897898,0.8106703914309421,-0.21427513482540764,0.04044404261707436,-2.516538695617646,2.6485051899824614,0.00016593240801688117,0.03239
7.965196371078491,3.4023985813474793,0.8118022118933612,-0.2940604094560051,0.05369543330495245,-2.7247095857135792,2.440334299886528,0.00015289022210639614,0.03239
7.991600275039673,3.4025602731225426,0.8058197323614511,-0.34652027144660236,-0.022413208186993838,-2.5897687136432253,2.575275171956882,0.00016134444901417125,0.03255
8.019078731536865,3.399164745907519,0.802585959698039,-0.4544286088210712,-0.12184310235600054,-2.5339238624313647,2.6311200231687426,0.00016484320396167046,0.03255
8.051077365875244,3.4129085473345757,0.7941781509580373,-0.24182886220622915,-0.3114440229598416,-1.9680464493001968,3.1969974362999105,0.00020029618406469982,0.03255
8.077035903930664,3.403368732002241,0.8064664868988883,-0.2930090370260418,-0.26878005847955116,-2.0957385780447133,3.069305307555394,0.00019229610066387419,0.03255
8.10574722290039,3.4072493347264707,0.8098619482464846,-0.2474792308086178,-0.19045374523438188,-2.095383490476032,3.0696603951240755,0.0001923183473770583,0.03255
8.133123874664307,3.4043388826675187,0.8118022118933612,-0.27662531323072176,-0.10793301819106321,-2.282793295946757,2.88225058965335,0.00018057687130770662,0.03255
8.159258842468262,3.401590122476542,0.8161678051512878,-0.3546546855017671,0.012139183974240604,-2.692576778952161,2.4724671066479464,0.0001549033856155447,0.03255
8.186132431030273,3.40935132793907,0.813580786915593,-0.24656338861407995,0.05926664789212455,-2.672882820362536,2.492161065237571,0.00015613723857702702,0.03255
8.214476108551025,3.40935132793907,0.813580786915593,-0.17089948079268652,0.0922558726346449,-2.6398801785969903,2.525163707003117,0.00015820489841767538,0.03255
8.240131378173828,3.404662266224948,0.8074366187080197,-0.21623982756491752,0.027656022118248337,-2.4788539378224486,2.6861899477776587,0.00016829340871649898,0.0327
8.268320083618164,3.402883656673546,0.8101853255199691,-0.28526620360292626,0.021666895798491344,-2.6153091198986473,2.54973476570146,0.0001597443082526122,0.0327
8.296113014221191,3.4078961018635447,0.8118022118933612,-0.22849992563742225,0.040551430531952794,-2.5595643038445277,2.6054795817555796,0.00016323679586309692,0.0327
8.324288845062256,3.409674711514627,0.8139041641936581,-0.15147539567433344,0.08377060516231771,-2.51167574940002,2.653368136200087,0.0001662370781300451,0.0327
8.350458860397339,3.401751814250145,0.8160061165108082,-0.2636599129921453,0.14402402796106234,-3.066417065132222,2.0986268204678855,0.00013148178948871653,0.0327
8.375853300094604,3.4023985813474793,0.8105087027938517,-0.3286297541727121,0.10773988450856646,-2.9570155175096904,2.208028368090417,0.00013833594341163197,0.0327
8.405690670013428,3.4088662525779294,0.8116405232555741,-0.23851542818975544,0.09849483030688339,-2.8290905151595473,2.33595337044056,0.0001463506166566804,0.0327
8.43161654472351,3.3993264376767445,0.8169762483551846,-0.37543538841291485,0.1681771397469442,3.1170341779028274,1.9988927563233485,0.00012523331639249327,0.0327
8.458852767944336,3.3981945952982953,0.8161678051512878,-0.49500817133934527,0.20541629453084687,3.0405673052189917,1.9224258836395127,0.00012044256409722093,0.0327
8.485743999481201,3.4064408758117066,0.8158444278704285,-0.40582777690886995,0.22686831815990915,2.956827862782123,1.8386864412026442,0.00011519617553732818,0.0327
8.513672590255737,3.4051473415632842,0.814550918750985,-0.3705201438182842,0.223423195878558,2.9473372194283805,1.8291957978489015,0.00011460157398197825,0.03286
8.540220499038696,3.400296588298224,0.8129340323606592,-0.44749970845413567,0.1979346868826406,3.0475254836934624,1.9293840621139835,0.00012087850332590254,0.03286
8.568979263305664,3.3978712117642207,0.8059814209956616,-0.5522328555332522,0.08086196158846061,-2.983752058112048,2.1812918274880597,0.00013666086322641262,0.03286
8.594852447509766,3.4014284307032305,0.8210184644121803,-0.5509697953276119,0.2135264413001274,3.0354439601247765,1.917302538545298,0.00012012157964463237,0.03286
8.62201452255249,3.4014284307032305,0.8253840578241186,-0.5500856531836543,0.36869927253140106,2.744657378129931,1.6265159565504526,0.00010190340965504572,0.03286
8.650238752365112,3.3964159858753242,0.8190782006970141,-0.6545514872838081,0.3873202502138212,2.780856281487886,1.6627148599084074,0.00010417131957815051,0.03286
8.679505586624146,3.395607527058366,0.8174613142787219,-0.7446267211843338,0.3772780107934027,2.8379344629507774,1.719793041371299,0.0001077473443226687,0.03286
8.707448482513428,3.398032903531112,0.8197249552671334,-0.7568319343649278,0.4025561365564698,2.8102682854238954,1.692126863844417,0.00010601402113530185,0.03286
8.736854553222656,3.3909184660636797,0.8203717098388552,-0.9145281013055339,0.42948159417273324,2.8390812211076777,1.7209397995281992,0.00010781919026169392,0.03286
8.766735792160034,3.3922120001067078,0.8224736622080275,-0.9977967794592312,0.47832941580408983,2.8170214477456663,1.6988800261661878,0.00010643711582660875,0.033018
8.79477858543396,3.393828917686709,0.8210184644121803,-1.0221865552363156,0.4917536592510673,2.812147947304531,1.6940065257250527,0.00010613178447716394,0.033018
8.821870803833008,3.3973861364652973,0.8171379369962637,-0.9646831384824481,0.4457660123769782,2.8385466061481113,1.7204051845686328,0.00010778569591630308,0.033018
8.84826946258545,3.394960760010046,0.8147126073905661,-0.9752781969377323,0.3789592741782269,2.910226998566323,1.7920855769868447,0.0001122765687930248,0.033018
8.875831842422485,3.4043388826675187,0.8184314461284966,-0.7860845895210895,0.3852714818302191,2.8442752479493483,1.7261338263698698,0.00010814460302071081,0.033018
8.907188177108765,3.410321478669252,0.8150359846700277,-0.5282253382499116,0.34122848749522444,2.7762317681956543,1.6580903466161758,0.00010388158760806097,0.033018
8.938640594482422,3.4043388826675187,0.810832080068132,-0.4731475884396274,0.25039839080825005,2.93504406213753,1.8169026405580517,0.00011383139116371671,0.033018
8.971308708190918,3.403853807333565,0.8161678051512878,-0.4447626545084828,0.26297117027376093,2.888114861753304,1.7699734401738256,0.00011089121371739162,0.033018
8.999727487564087,3.4023985813474793,0.8126106550837903,-0.4554016732341546,0.22100288429655957,2.999983563123928,1.8818421415444497,0.00011789993813687141,0.033018
9.027152299880981,3.395122451771689,0.8097002596098913,-0.6153913412944919,0.15008662240380924,-3.1116120129543883,2.053431872645719,0.0001286502652951094,0.033018
9.05513310432434,3.403853807333565,0.8100236368831771,-0.5443332815068818,0.10506062369046651,-3.012213388635989,2.152830496964118,0.0001348777226356127,0.033176
9.085975170135498,3.401913506024041,0.8153593619498886,-0.5352706028486345,0.14969627150281825,-3.1057642916867585,2.059279593913349,0.0001290166328880518,0.033176
9.11277461051941,3.4007816636129036,0.8216652189871094,-0.5526555392433873,0.27094122786807157,2.9256260180583067,1.8074845964788278,0.00011324133805044148,0.033176
9.140277862548828,3.399488129446261,0.8122872778073198,-0.5919436360159581,0.22196653995554402,3.034275178682144,1.9161337571026649,0.00012004835391717104,0.033176
9.167012214660645,3.3957692188211746,0.8195632666244533,-0.6974113953029896,0.2915304145780163,2.942690486052126,1.824549064472647,0.00011431044989377533,0.033176
9.19257140159607,3.390433390802348,0.8229587281417827,-0.8831032133757176,0.3886866673452185,2.8724923244694027,1.7543509028899238,0.00010991244077004901,0.033176
9.221430778503418,3.3993264376767445,0.8190782006970141,-0.8266468380430977,0.40131142658349506,2.8377493294018064,1.7196079078223274,0.00010773574545712684,0.033176
9.248438835144043,3.3996498212160704,0.8153593619498886,-0.7803477150351458,0.35707183352794086,2.876928996569809,1.75878757499033,0.00011019040423713461,0.033176
9.275848627090454,3.403368732002241,0.8187548234125551,-0.6699722340062741,0.3745656581403576,2.8033373563165562,1.6851959347370773,0.0001055797891160764,0.033176
9.302963256835938,3.402883656673546,0.8198866439099136,-0.6028788881118635,0.40296518209272425,2.7170696909474477,1.5989282693679687,0.00010017500399319527,0.033335
9.331318378448486,3.406117492247847,0.8114788346178867,-0.4881169394391034,0.30284484629509056,2.8207816834379194,1.7026402618584404,0.00010667269964403392,0.033335
9.356906652450562,3.398032903531112,0.8071132414379124,-0.5772750871432665,0.1704529191143374,3.1390411237661344,2.0208997021866555,0.0001266120811138189,0.033335
9.386744976043701,3.402883656673546,0.8080833732494253,-0.5379908853078016,0.09162472380345586,-2.971280933178379,2.1937629524217286,0.00013744219595656924,0.033335
9.418258905410767,3.3943139929663904,0.807759995978524,-0.6901529395320324,0.03182960250829156,-2.917611182387406,2.2474327032127017,0.0001408046779407828,0.033335
9.451131820678711,3.392697075377649,0.8156827392301486,-0.8305646766027321,0.10304994138641559,-3.0531960062365675,2.1118478793635402,0.00013231010658901397,0.033335
9.477594137191772,3.397547828231313,0.8164911824325468,-0.8271579933778239,0.16444264040385448,-3.1358939939235717,2.029149891676536,0.0001271289665682365,0.033335
9.508313417434692,3.394960760010046,0.8206950871253172,-0.8790105953644767,0.267417531665539,3.016731317565658,1.8985898959861793,0.0001189492074507103,0.033335
9.53584098815918,3.395445835295849,0.8226353508525123,-0.9051379268285593,0.36719226446676384,2.9018820843581903,1.7837406627787118,0.00011175374870776041,0.033486
9.565508127212524,3.3986796706015943,0.8239288600120042,-0.8556304579369022,0.4554961168209027,2.7815606182572186,1.66341919667774,0.0001042154472229187,0.033486
9.592258930206299,3.393828917686709,0.8289412080658243,-0.9226701301706575,0.5888472794853788,2.672097176389032,1.5539557548095537,9.735741554236748e-05,0.033486
9.622767686843872,3.4023985813474793,0.8205333984820361,-0.7899369061976427,0.562193086622071,2.6264276319434723,1.5082862103639938,9.449615723275627e-05,0.033486
9.65230941772461,3.4045005744460872,0.8132574096379267,-0.652955855678773,0.4396889950715104,2.6900910052712352,1.5719495836917567,9.848475309381378e-05,0.033486
9.683526515960693,3.408542869005298,0.8208567757686985,-0.47232336021736426,0.46239767233486656,2.4780404120275956,1.3598989904481171,8.5199498569333e-05,0.033486
9.710431814193726,3.3978712117642207,0.8116405232555741,-0.5696094117674999,0.34675528178529347,2.7852544032399926,1.6671129816605141,0.00010444686781412863,0.033486
9.73803997039795,3.404985649783547,0.7961184144897788,-0.4885571185680834,0.04426715206750829,-2.819993096492388,2.34505078910772,0.00014692058215717832,0.033486
9.764111280441284,3.4020751977982284,0.8119639005312479,-0.49283745855906097,0.05867930224379954,-2.8570225546635637,2.3080213309365445,0.00014460063685930096,0.033486
9.790749788284302,3.4023985813474793,0.8129340323606592,-0.48905403606953446,0.08261396133830969,-2.9124729722009506,2.2525709133991576,0.00014112659371136926,0.033638
9.818256616592407,3.402883656673546,0.806789864168202,-0.47623614955618915,0.011675915084041684,-2.733588346672245,2.4314555389278634,0.0001523339558050689,0.033638
9.844022035598755,3.3973861364652973,0.8137424755545757,-0.5825178545063471,0.061250052008174585,-2.913628821224924,2.251415064375184,0.00014105417821730972,0.033638
9.87191653251648,3.400134896527248,0.8160061165108082,-0.5992879361008628,0.12825964075316215,-3.053705618416291,2.1113382671838172,0.00013227817870136777,0.033638
9.898001909255981,3.3981945952982953,0.8019392051701061,-0.6517049547209275,-0.02560287705503359,-2.7939488608250143,2.371095024775094,0.00014855228850821443,0.033638
9.927451133728027,3.398517978833536,0.8172996256374427,-0.6816172075655027,0.08592412933323998,-2.9938621607180833,2.171181724882025,0.00013602745171675714,0.033638
9.953099489212036,3.3931821506512123,0.8227970394970973,-0.8144201745561738,0.24245457525329808,3.0405758905572817,1.9224344689778046,0.00012044310198019803,0.033638
9.984512567520142,3.395122451771689,0.8194015779818734,-0.8667042922198868,0.30356434689591566,2.968125210023358,1.8499837884438808,0.00011590396951826189,0.033638
10.011740446090698,3.3931821506512123,0.8242522373028814,-0.9439811338142798,0.4155719593839681,2.8559486998730343,1.7378072782935572,0.00010887596046523957,0.033638
10.038034439086914,3.394152301206205,0.8022625824338748,-0.9777359434254148,0.18013113046227988,3.1320865478820528,2.0139451263025756,0.00012617636759226482,0.033638
10.067185163497925,3.3931821506512123,0.8158444278704285,-1.0217032896581495,0.2091687033119091,3.100508212549599,1.9823667909701217,0.00012419794246298904,0.033787
10.096209526062012,3.4048239580041013,0.8166528710733262,-0.8084126634342169,0.24103346611653323,3.0419747809799884,1.9238333594005113,0.00012053074434437742,0.033787
10.124284744262695,3.4030453484494854,0.807759995978524,-0.6963973584423017,0.13641572212744518,-3.079752994466154,2.0852908911339547,0.00013064627560115013,0.033787
10.150959014892578,3.3993264376767445,0.8074366187080197,-0.6959527395897127,0.05856791676320484,-2.946867785449358,2.2181761001507505,0.0001389717124571487,0.033787
10.180435419082642,3.401266738930211,0.8004840074880376,-0.6549635443750474,-0.09515631391906874,-2.677489458013998,2.487554427586111,0.00015584862653984498,0.033787
10.208664178848267,3.403530423779057,0.8063047982643804,-0.5788134842566741,-0.11968635442633006,-2.573772282060672,2.5912716035394365,0.00016234664694159465,0.033787
10.23588228225708,3.4030453484494854,0.808568439156522,-0.535677933018031,-0.10454969079806212,-2.552713119315043,2.6123307662850657,0.0001636660317773951,0.033787
10.264939069747925,3.402883656673546,0.8097002596098913,-0.5088728774201181,-0.07780018016242171,-2.5687898676818604,2.5962540179182483,0.0001626588018955442,0.033787
10.29112720489502,3.4030453484494854,0.8058197323614511,-0.4867195082324232,-0.11446013761415154,-2.475554457238951,2.6894894283611577,0.00016850012560740626,0.033938
10.318746089935303,3.398032903531112,0.810832080068132,-0.576296885298578,-0.06858364676831206,-2.6560244040578445,2.509019481542264,0.00015719344100523797,0.033938
10.348613739013672,3.4009433553850474,0.8061431096299714,-0.5779841067687633,-0.10339317969471215,-2.599059382812335,2.5659845027877735,0.00016076237611012357,0.033938
10.377812623977661,3.400134896527248,0.8035560914929051,-0.5961143126845293,-0.16468292893334502,-2.523935846023573,2.641108039576536,0.00016546896660700182,0.033938
10.407241582870483,3.3965776776395913,0.8072749300729164,-0.6833817189100088,-0.15450883126316356,-2.615785281735195,2.5492586038649137,0.00015971447607390147,0.033938
10.434474468231201,3.392697075377649,0.810832080068132,-0.8258248221673622,-0.0966177323226189,-2.7798485968646256,2.385195288735483,0.00014943568898689595,0.033938
10.463555812835693,3.396901061168999,0.8082450618850249,-0.8373994154807898,-0.09301703991151215,-2.789769013983142,2.3752748716169667,0.00014881416152784716,0.033938
10.494672536849976,3.3988413623699443,0.8116405232555741,-0.804823669883438,-0.04203501678717006,-2.8418507303351777,2.323193155264931,0.00014555117203451614,0.033938
10.521372318267822,3.3935055341683777,0.8121255891692339,-0.8938850383682095,0.0005754763704893822,-2.928120539192625,2.2369233464074836,0.00014014625261921112,0.033938
10.554058074951172,3.3964159858753242,0.8181080688448383,-0.8952110569129904,0.11578743860518129,-3.0769120102977556,2.088131875302353,0.00013082426707573103,0.033938
10.5803861618042,3.3943139929663904,0.8216652189871094,-0.9402070596556739,0.2472050448397283,3.0394989319761927,1.9213575103967147,0.00012037562907836244,0.03409
10.610912561416626,3.401266738930211,0.8161678051512878,-0.8259415684212327,0.2607358280957957,3.003319266664767,1.885177845085289,0.00011810892444471609,0.03409
10.639015674591064,3.401266738930211,0.8006456961189835,-0.7459557245571083,0.04866891623822259,-2.951546241401748,2.2134976441983603,0.00013867860090693642,0.03409
10.670466423034668,3.3977095199976213,0.8210184644121803,-0.7645418968786701,0.19099130955496077,3.099972349998679,1.981830928419201,0.00012416436995432392,0.03409
10.698122262954712,3.403530423779057,0.8190782006970141,-0.6555183310092069,0.262924676130313,2.9531937344299393,1.8350523128504612,0.00011496849251416441,0.03409
10.734208345413208,3.4020751977982284,0.8210184644121803,-0.609710307267838,0.34097034147942407,2.7812978909275254,1.6631564693480474,0.00010419898700277918,0.03409
10.760233640670776,3.396901061168999,0.8190782006970141,-0.686119255051126,0.36790999847744,2.784285716127333,1.666144294547855,0.00010438617826523652,0.03409
10.792922258377075,3.400619971841052,0.8257074351168058,-0.6616394259685681,0.48138314744400157,2.5932495667588125,1.4751081451793344,9.241750687924572e-05,0.03409
10.820019960403442,3.403368732002241,0.8111554573428102,-0.5868764316596884,0.35312203740384374,2.741148623226221,1.6230072016467432,0.000101683581446849,0.034248
10.85045051574707,3.4043388826675187,0.8213418416994442,-0.5142033538264463,0.4087238791819758,2.5591282368623407,1.4409868152828627,9.027975972440724e-05,0.034248
10.879298686981201,3.4043388826675187,0.8134190982767101,-0.46333219934318626,0.33456824219978337,2.65440010332815,1.5362586817486719,9.624867014177332e-05,0.034248
10.908602952957153,3.404177190889242,0.808568439156522,-0.43111222152304735,0.21342852684022626,2.981619497169725,1.8634780755902471,0.00011674940473550706,0.034248
10.935005903244019,3.410968245828558,0.814874296030247,-0.26618535841011676,0.2186307266516535,2.7326918242898723,1.6145504027103943,0.00010115375163306177,0.034248
10.967366933822632,3.402883656673546,0.8101853255199691,-0.32022807519455954,0.15534918897187655,-3.0673906020239525,2.0976532835761557,0.00013142079609465072,0.034248
10.993235111236572,3.4070876429429333,0.8124489664455052,-0.26992238795504025,0.14335980505601068,-2.9391376143491295,2.2259062712509787,0.00013945601806088882,0.034248
11.022088289260864,3.4032070402257175,0.8103470141568607,-0.3160643353315867,0.10496723616426486,-2.778923580930401,2.3861203046697073,0.00014949364247779351,0.034248
11.052781343460083,3.4004582800694925,0.8050112891918847,-0.40599081234223205,0.0019385924803672423,-2.5659169493805094,2.599126936219599,0.00016283879408645325,0.034248
11.085778713226318,3.3988413623699443,0.8155210505899687,-0.5028376476864352,0.07981854201059561,-2.8974102947905456,2.2676335908095626,0.00014207029068555058,0.034248
11.114771366119385,3.3993264376767445,0.8153593619498886,-0.5604609420605999,0.1320268143269118,-3.0554493686458155,2.1095945169542927,0.00013216893040702445,0.034407
11.143142223358154,3.3947990682486955,0.8231204167865686,-0.6957124894057505,0.2793418395914538,2.9381665972117075,1.8200251756322285,0.00011402702218076554,0.034407
11.16934871673584,3.390271699049154,0.8095385709733975,-0.8853038090399394,0.1886161988065744,3.1127334215263414,1.9945919999468624,0.0001249638682280934,0.034407
11.201740503311157,3.392858767135212,0.8093768823370032,-0.96378045537439,0.12280055795491723,-3.0863446365642813,2.0786992490358265,0.00013023330036883232,0.034407
11.227449178695679,3.3939906094463113,0.8140658528328402,-0.9949852984502787,0.14365268670042428,-3.1132249327395276,2.05181895286058,0.0001285492137038577,0.034407
11.25958514213562,3.395284143533623,0.8174613142787219,-0.9897100489702737,0.20671071633402163,3.0943441656657065,1.9762027440862275,0.00012381175664525227,0.034407
11.2865891456604,3.3999732047565634,0.8187548234125551,-0.8877123023845715,0.26931287610460886,3.002570815909526,1.8844293943300472,0.00011806203299947027,0.034407
11.316790103912354,3.3962542941113494,0.81778469156158,-0.8942799717427666,0.2992882336651551,2.963917269349122,1.845775847769643,0.00011564033638229167,0.034407
11.342353582382202,3.3957692188211746,0.8161678051512878,-0.9090468303117524,0.2971940602735924,2.9700851564099606,1.8519437348304817,0.00011602676279227272,0.034558
11.374132633209229,3.3983562870657695,0.8174613142787219,-0.8651463505768721,0.3141896778352393,2.9362199000049793,1.8180784784255004,0.00011390505898567198,0.034558
11.40233302116394,3.403853807333565,0.8114788346178867,-0.7191617880045323,0.24070199331485162,3.0118513506005486,1.8937099290210697,0.00011864347096485171,0.034558
11.436977863311768,3.4040154991112574,0.813580786915593,-0.613582763898047,0.21926061443055597,3.0287589613006833,1.9106175397212044,0.00011970275548802228,0.034558
11.462777614593506,3.4054707251236365,0.8097002596098913,-0.5091689739947913,0.14886703349760882,-3.0834646110933437,2.081579274506763,0.0001304137378334633,0.034558
11.494198083877563,3.410806554038292,0.8134190982767101,-0.3242149157098537,0.15266845022072548,-3.0390802132590893,2.1259636723410176,0.00013319447998147695,0.034558
11.520082712173462,3.4030453484494854,0.8181080688448383,-0.35745893503524434,0.22225252030034653,2.8649632905778213,1.746821868998341,0.0001094407366826278,0.034558
11.552837610244751,3.412423471954119,0.8100236368831771,-0.18411958246713125,0.15557675221804157,0.0,1.746821868998341,0.0001094407366826278,0.034558
11.581939935684204,3.407411026510301,0.8056580437273396,-0.16786678218283765,0.0465960227825071,-1.5605438988947198,3.604499986705386,0.0002258267662653897,0.03471
11.610341787338257,3.403530423779057,0.8109937687054213,-0.2378457507221335,0.046463357824367384,-2.083698164149305,3.0813457214508007,0.0001930504487688888,0.03471
11.635786294937134,3.401105047157483,0.8093768823370032,-0.33767848236955395,0.02329356926737497,-2.4309141649226476,2.734129720677458,0.00017129689988847543,0.03471
11.66567587852478,3.4048239580041013,0.8121255891692339,-0.3295952983321721,0.04630548660866985,-2.4914875384859703,2.6735563471141353,0.00016750189666360547,0.03471
11.69574236869812,3.4022368895727073,0.8132574096379267,-0.37817435415537604,0.07856767506213005,-2.7371013536800564,2.427942531920049,0.000152113861196838,0.03471
11.728874206542969,3.403530423779057,0.8087301277924196,-0.38506105110291655,0.03653582213902225,-2.5937742477442827,2.571269637855823,0.00016109349692191316,0.03471
11.755159378051758,3.3965776776395913,0.8182697574866175,-0.5356444358028674,0.14326737302225018,-3.075867187918976,2.0891766976811295,0.00013088972660132156,0.03471
11.787243127822876,3.4009433553850474,0.8169762483551846,-0.5495273921217689,0.1995179196476999,3.0564074571379782,1.9382660355584975,0.00012143497089378371,0.03471
11.812785387039185,3.3957692188211746,0.8205333984820361,-0.6677200245770633,0.28966253473570264,2.8994798869353025,1.7813384653558217,0.00011160324781222896,0.03471
11.844333171844482,3.4004582800694925,0.8203717098388552,-0.6521497948140408,0.35045607289819836,2.7767637845503663,1.6586223629708856,0.0001039149191473667,0.03471
11.873874187469482,3.3935055341683777,0.8215035303432267,-0.7870133258196252,0.4091653964357148,2.766548791774071,1.6484073701945903,0.0001032749361276404,0.03486
11.906976222991943,3.4009433553850474,0.8166528710733262,-0.7254856151334902,0.38103115130319404,2.7727215077464265,1.6545800861669457,0.0001036616650754149,0.03486
11.93451976776123,3.3993264376767445,0.81778469156158,-0.7163145192735446,0.3774910263041595,2.7727132878156877,1.654571866236207,0.00010366115008571191,0.03486
11.967551946640015,3.408381177219421,0.813580786915593,-0.5200642552111518,0.3150129375230662,2.739158774321582,1.6210173527421015,0.00010155891473991342,0.03486
11.993714809417725,3.401105047157483,0.8174613142787219,-0.5352314355118916,0.3266628919098747,2.726905093794316,1.608763672214835,0.0001007912051939214,0.03486
12.02088189125061,3.401105047157483,0.8210184644121803,-0.5458484617223908,0.38558709252511564,2.609971807041228,1.4918303854617472,9.3465177696729e-05,0.03486
12.050398588180542,3.3996498212160704,0.807759995978524,-0.5837888516106572,0.23760326061345236,2.976477294803995,1.8583358732245143,0.000116427238849526,0.03486
12.081929683685303,3.4082194854338366,0.7938547737041234,-0.43068611831853254,-0.06444695321632196,-2.387715722337051,2.7773281632630544,0.00017400334034700987,0.03501
12.108451843261719,3.4082194854338366,0.8064664868988883,-0.32351420501399564,-0.09588210965909005,-2.0628165054658014,3.102227380134304,0.00019435871273674736,0.03501
12.136518955230713,3.409998095091354,0.8072749300729164,-0.21120573017868793,-0.10634825777119353,-1.6787422651091617,3.4863016204909436,0.00021842147984050132,0.03501
12.165035724639893,3.4106448622483194,0.8114788346178867,-0.11903047560190937,-0.05367456160965083,-1.2976054610537877,3.8674384245463176,0.00024230021261398141,0.03501
12.193012475967407,3.4030453484494854,0.8097002596098913,-0.21382982695967398,-0.04218758973053751,-1.7242440923598514,3.4407997932402536,0.00021557072923845125,0.03501
12.222159147262573,3.400619971841052,0.8121255891692339,-0.3310368263045454,0.00046867531013480694,-2.3001213186256986,2.8649225669744065,0.00017949124740930403,0.03501
12.249341487884521,3.3990030541385856,0.7964417917464461,-0.4469800273439215,-0.19351808809070986,-2.2044406760206257,2.9606032095794794,0.00018548576820092365,0.03501
12.278982639312744,3.401590122476542,0.7859320311057384,-0.47390298538102243,-0.4793088117706476,-1.994860971138938,3.1701829144611673,0.0001986162182502649,0.03501
12.305996894836426,3.398032903531112,0.8072749300729164,-0.5673253193025943,-0.3747469492492775,-2.1893260423997813,2.9757178432003237,0.0001864327203014843,0.03501
12.332713603973389,3.390271699049154,0.8051729778255998,-0.7954327899677519,-0.3315536450451105,-2.4603383125891845,2.7047055730109206,0.00016945343751029326,0.03501
12.357794284820557,3.392858767135212,0.8033944028601802,-0.9008707420238526,-0.32670294692849466,-2.541277789411806,2.623766096188299,0.00016438247055746162,0.03501
12.385717153549194,3.3990030541385856,0.8118022118933612,-0.845863768347421,-0.20330745937694059,-2.635198091115412,2.529845794484693,0.00015849823748806957,0.03516
12.413763046264648,3.3977095199976213,0.8156827392301486,-0.8344775275318703,-0.06154600193324638,-2.8091214212420406,2.3559224643580645,0.00014760170721605696,0.03516
12.44086241722107,3.393828917686709,0.812772343722175,-0.9078630788871446,-0.00385144391769443,-2.915697677257849,2.249346208342256,0.0001409245616076529,0.03516
12.470382452011108,3.3947990682486955,0.8122872778073198,-0.9388939851843037,0.029611669705507833,-2.9677688109607523,2.197275074639353,0.0001376622351315062,0.03516
12.497121095657349,3.402883656673546,0.8197249552671334,-0.7911241139364966,0.1591896977949424,-3.1388828833680926,2.0261610022320125,0.00012694170862941807,0.03516
12.52644681930542,3.396901061168999,0.8203717098388552,-0.8131089197191839,0.2591250870396646,2.984380153726472,1.8662387321469898,0.00011692236357730981,0.03516
12.552503108978271,3.3983562870657695,0.8260308124098952,-0.7979898131620896,0.4098490943317882,2.750699751195897,1.632558329616415,0.0001022819724446388,0.03516
12.578296184539795,3.3970627529341395,0.8160061165108082,-0.8145250791343523,0.37227897037968954,2.8134820035843795,1.6953405820048975,0.00010621536489519822,0.03516
12.603641510009766,3.3957692188211746,0.8218269076310923,-0.8532184054858624,0.4290568094924319,2.755216662437439,1.637075240857957,0.00010256496300170566,0.03531
12.631385564804077,3.397547828231313,0.8192398893393937,-0.8430156035960212,0.4318782184742165,2.7459787469238073,1.6278373253443252,0.00010198619518504014,0.03531
12.657941579818726,3.4048239580041013,0.8223119735636433,-0.6833312831907178,0.47769936039884253,2.5651969057735626,1.4470554841940806,9.065996998403003e-05,0.03531
12.687071084976196,3.4078961018635447,0.8223119735636433,-0.5071454813488546,0.5097741597460845,2.2962965683458467,1.1781551467663647,7.381300261741965e-05,0.03531
12.714303493499756,3.4030453484494854,0.8223119735636433,-0.48551033098253876,0.5322265192891571,2.229430083946234,1.1112886623667522,6.96237275448175e-05,0.03531
12.7413911819458,3.4032070402257175,0.8218269076310923,-0.4669758954508325,0.5410200937290602,2.185883363699536,1.0677419421200538,6.689546702295688e-05,0.03531
12.767806768417358,3.408542869005298,0.8126106550837903,-0.3421373880578122,0.41563713071527114,2.082353841617153,0.9642124200376712,6.040920338830627e-05,0.03531
12.79440951347351,3.408381177219421,0.814874296030247,-0.258140263360198,0.3601767493641807,1.8518897159911636,0.7337482944116815,4.597031632428708e-05,0.03531
12.820439338684082,3.404662266224948,0.8056580437273396,-0.27730837536214453,0.18981602078481188,2.8426999065215033,1.7245584849420212,0.00010804590576402415,0.03531
12.848469734191895,3.4082194854338366,0.8100236368831771,-0.21614978494454265,0.1328712025571689,0.0,1.7245584849420212,0.00010804590576402415,0.035461
12.876538515090942,3.4159806914720106,0.810832080068132,-0.010626902106486601,0.1045482913516117,-0.3132100778066228,4.851833807793481,0.00030397390576010816,0.035461
12.903427600860596,3.4133936227176673,0.812772343722175,0.07900182446021092,0.11241456138170305,-0.19027685114367104,4.974767034456432,0.00031167583755266153,0.035461
12.933055877685547,3.401590122476542,0.8130957209992431,-0.10571568911811421,0.12253633506833177,-0.4297784881518849,4.735265397448218,0.00029667073826002203,0.035461
12.963578462600708,3.401266738930211,0.8016158279067327,-0.24179760904493472,-0.03422457550451676,-1.7699484648444872,3.395095420755616,0.00021270728890540567,0.035461
12.992116689682007,3.4032070402257175,0.8129340323606592,-0.29637699009450974,0.0175812469144851,-2.1402174627935575,3.024826422806546,0.00018950943878373242,0.035461
13.019163846969604,3.3959309105842745,0.8048496005582686,-0.4871249131580032,-0.061539292257071304,-2.4694945256264673,2.695549359973636,0.00016887978846352579,0.035461
13.04444432258606,3.399164745907519,0.8130957209992431,-0.5528518580190984,0.0007686375211875972,-2.703149477206123,2.4618944083939804,0.00015424099186711935,0.035461
13.07618260383606,3.400134896527248,0.8143892301115035,-0.5785217385597639,0.06284572708514206,-2.8763959410306366,2.2886479445694667,0.0001433868681782013,0.035461
13.10444974899292,3.3973861364652973,0.8161678051512878,-0.6541177668088587,0.13168430566758324,-3.0685054047910842,2.096538480809019,0.0001313509522037214,0.035613
13.131378650665283,3.3983562870657695,0.8150359846700277,-0.6866960061248496,0.1637174641813793,-3.1397551796765897,2.0252887059235136,0.000126887058093893,0.035613
13.159428358078003,3.392858767135212,0.8132574096379267,-0.8247549933338334,0.16075605936302456,-3.1353828796012015,2.0296610059989018,0.0001271609885671372,0.035613
13.185215711593628,3.400619971841052,0.8155210505899687,-0.7586844427664601,0.1909907688284568,3.093806285757299,1.9756648641778156,0.00012377805774643028,0.035613
13.2118079662323,3.394475684726867,0.8172996256374427,-0.8412485998081288,0.23753968145168325,3.0270203042044854,1.908878882625002,0.00011959382628532344,0.035613
13.242710590362549,3.3990030541385856,0.7987054325541464,-0.80412826879643,0.004739306986542537,-2.87883418528679,2.2862097003133126,0.0001432341089001424,0.035613
13.269663572311401,3.3996498212160704,0.8024242710659074,-0.7645847165624661,-0.10514403397592378,-2.688883901647162,2.4761599839529405,0.00015513474933952237,0.035613
13.295654535293579,3.397224444699573,0.8219885962751756,-0.7877516814657244,0.097168398855486,-3.026269509620554,2.1387743759795486,0.00013399708777366565,0.035613
13.322326421737671,3.3986796706015943,0.8160061165108082,-0.7734600861829426,0.15340248354627592,-3.1230588755007824,2.04198501009932,0.0001279331039794562,0.035613
13.34850525856018,3.4048239580041013,0.8161678051512878,-0.6346424210015472,0.19507403519037853,3.067391199502356,1.949249777922872,0.00012212311710790147,0.035762
13.376136064529419,3.4022368895727073,0.8198866439099136,-0.5917073400239449,0.27732104602773894,2.8493642764801885,1.7312228549007043,0.00010846343749450451,0.035762
13.402019739151001,3.400619971841052,0.824413925948471,-0.5955510854495505,0.39950934120971976,2.587248880440184,1.4691074588606998,9.204155582037254e-05,0.035762
13.431526184082031,3.4007816636129036,0.8181080688448383,-0.5948518770640254,0.395041143992642,2.5949860389571153,1.476844617377631,9.252629919515567e-05,0.035762
13.458240747451782,3.4114533212011104,0.8194015779818734,-0.3706336255435457,0.41037494501345956,2.1308651396903713,1.012723718110887,6.344850138015454e-05,0.035762
13.487298727035522,3.406764259376735,0.8197249552671334,-0.3119859340378413,0.4257239905105102,1.9205018836785532,0.802360462099069,5.026896079992868e-05,0.035762
13.513198375701904,3.404985649783547,0.8105087027938517,-0.30822068415734105,0.304929858293171,2.1504721751493943,1.03233075356991,6.467690849073663e-05,0.035762
13.54282259941101,3.4075727182944227,0.8082450618850249,-0.25134772292528146,0.18806627351954025,0.0,1.03233075356991,6.467690849073663e-05,0.035762
13.569077968597412,3.415333924276394,0.803232714227554,-0.04882478169540423,0.034723303818293944,-0.6625276691807498,-1.780669090760234,-0.00011156131059461227,0.035762
13.595582246780396,3.4054707251236365,0.8189165120547346,-0.11383838645292897,0.15122937972840927,-0.14262642814655138,-1.2607678497260357,-7.898879943546262e-05,0.03592
13.62562870979309,3.412423471954119,0.8169762483551846,-0.013585198459544617,0.2050913243420118,0.18969285991945484,-0.9284485616600295,-5.816854961763494e-05,0.03592
13.65546464920044,3.411615012992547,0.8121255891692339,0.03964288007362406,0.1735639151609172,0.029052744507197657,-1.0890886770722865,-6.823286864381061e-05,0.03592
13.688348293304443,3.4106448622483194,0.8087301277924196,0.056563551574702824,0.10303319020816482,-0.22745185019125122,-1.3455932717707353,-8.430322607663468e-05,0.03592
13.715686559677124,3.416304075071577,0.814550918750985,0.1870520949950136,0.13673860631233167,-0.07257698864863861,-1.1907184102281225,-7.460010795013518e-05,0.03592
13.748433828353882,3.408381177219421,0.8046879119247516,0.11229237477681103,0.019563167060247806,-0.42090875291544494,-1.5390501744949288,-9.642356091227287e-05,0.03592
13.774731397628784,3.4020751977982284,0.8069515528030077,-0.07224281321764105,-0.030151948631033522,-0.9439939696793075,-2.062135391258791,-0.0001291955524280738,0.03592
13.810065984725952,3.4082194854338366,0.8011307620124135,-0.0726038914433933,-0.14802945078866317,-1.1474576487396677,-2.2655990703191513,-0.00014194282524375706,0.03592
13.836483716964722,3.4077344100788376,0.8103470141568607,-0.08302613757871376,-0.09900524292700526,-1.1112876347420102,-2.229429056321494,-0.00013967672527788333,0.03592
13.869487524032593,3.395122451771689,0.7869021628398547,-0.354728466335702,-0.39930366754504554,-1.8168600236642503,-2.935001445243734,-0.00018388178327320711,0.03592
13.896775007247925,3.3967393694041492,0.8092151937007083,-0.5110217964352886,-0.29105104079203903,-2.150864947944596,-3.26900636952408,-0.0002048076404642594,0.036082
13.92741584777832,3.4023985813474793,0.812772343722175,-0.5017830725828969,-0.16450497111884824,-2.292950011101919,-3.411091432681403,-0.00021370946054076882,0.036082
13.954536199569702,3.3970627529341395,0.8185931347704759,-0.6071803607289143,0.0071542025042241435,-2.767102941017869,-3.8852443625973527,-0.00024341577855245224,0.036082
13.989376783370972,3.394475684726867,0.7995138757044352,-0.7351957423818375,-0.14499206721765207,-2.6093243998183357,-3.7274658213978196,-0.00023353074099479408,0.036082
14.016479253768921,3.399811512986171,0.8206950871253172,-0.7129421179255249,0.0508132363304844,-2.9241366952854357,-4.042278116864919,-0.0002532541542083146,0.036082
14.045093536376953,3.3999732047565634,0.8215035303432267,-0.6939747506532287,0.19941541083831613,3.0596458762730783,-4.341680852485991,-0.00027201213779707813,0.036082
14.074953079223633,3.4043388826675187,0.8229587281417827,-0.589172177121937,0.32420616472742736,2.7254421424849786,-4.6758845862740905,-0.00029295045067086157,0.036082
14.108663082122803,3.4030453484494854,0.8179463802031591,-0.542929018023712,0.3400212280773697,2.6357256108937293,-4.76560111786534,-0.00029857131189558783,0.036082
14.137199401855469,3.4045005744460872,0.8184314461284966,-0.480050333957009,0.3580148495596175,2.4936569578983634,-4.907669770860705,-0.00030747210385340606,0.03623
14.16827940940857,3.4045005744460872,0.8195632666244533,-0.4360352551103046,0.3867642313008667,2.3343229484779737,-5.0670037802810945,-0.00031745459358463614,0.03623
14.193697929382324,3.4145254652884653,0.8292645853629431,-0.19505520783968275,0.5453503445730921,1.5037853346900407,-5.8975413940690276,-0.00036948889078959607,0.03623
14.220061779022217,3.4072493347264707,0.814550918750985,-0.17891155037819748,0.44636061436777863,1.4244192857348519,-5.976907443024216,-0.00037446128037287165,0.03623
14.248743772506714,3.405955800466356,0.8190782006970141,-0.1947296334110523,0.44168318949928603,1.477961963989057,-5.923364764770011,-0.00037110675965378926,0.03623
14.277002096176147,3.408542869005298,0.8172996256374427,-0.15156500462994738,0.4130243759212653,1.300580251298922,-6.100746477460146,-0.00038221996223921734,0.03623
14.30398178100586,3.408381177219421,0.8179463802031591,-0.12473959496064303,0.4021939759130562,1.1882631216059412,-6.213063607153127,-0.0003892567812954881,0.03623
14.333742380142212,3.4101597868801568,0.8223119735636433,-0.06867367260253002,0.45692039060603407,1.0921546622386689,-6.309172066520399,-0.0003952781053819664,0.03623
14.359781742095947,3.409674711514627,0.8098619482464846,-0.03959701854988715,0.3175365691255262,0.700873431718668,-6.7004532970404,-0.0004197924001009516,0.03623
14.387344121932983,3.417597609481567,0.813580786915593,0.14685834230583134,0.2730448174980271,0.28508389512007654,-7.116242833638991,-0.00044584217311894757,0.036382
14.419670581817627,3.41921452752044,0.7966034803749273,0.311275403455449,-0.000407096369882656,-0.30390672506194755,-7.705233453821015,-0.0004827432266927964,0.036382
14.447086572647095,3.413878698103395,0.814874296030247,0.31450293037505295,0.06894579040457673,-0.17948353880478743,-7.580810267563855,-0.0004749479469301314,0.036382
14.475900650024414,3.4091896361517313,0.8189165120547346,0.21845711199159432,0.1751851203388051,0.02263048088734282,-7.378696247871725,-0.00046228523208693013,0.036382
14.505075454711914,3.399811512986171,0.8176230029201009,-0.045385119864116405,0.2310911122542744,0.3679993375639067,-7.033327391195161,-0.0004406474092655375,0.036382
14.535665035247803,3.407411026510301,0.8215035303432267,-0.07075265836071175,0.3256099239849686,0.8356554661048163,-6.56567126265425,-0.00041134812458746623,0.036382
14.56558346748352,3.4048239580041013,0.8208567757686985,-0.14274722152600428,0.38254232257429105,1.2479759689981382,-6.1533507597609285,-0.0003855156911912253,0.036382
14.59635591506958,3.403853807333565,0.8206950871253172,-0.2134823976689342,0.42008730918484455,1.5644027557105753,-5.836923973048491,-0.0003656911279323606,0.036382
14.62582516670227,3.402721964897898,0.8223119735636433,-0.2867258329387491,0.4694457238962817,1.8031401493513028,-5.598186579407764,-0.000350733909513339,0.03653
14.657531023025513,3.4091896361517313,0.820048332552794,-0.2024030223280671,0.4716889205166874,1.528623336114305,-5.872703392644762,-0.0003679327566342832,0.03653
14.686863422393799,3.40935132793907,0.8261925010565908,-0.1399872243924651,0.5609514702149713,1.3816487627274254,-6.019677966031641,-0.00037714091109498866,0.03653
14.71406102180481,3.4064408758117066,0.8155210505899687,-0.15731311404605078,0.47112755642482,1.3820646590790062,-6.01926206968006,-0.00037711485462986856,0.03653
14.742184162139893,3.411615012992547,0.8122872778073198,-0.06096666083688369,0.3620969699452669,0.8967168843766399,-6.5046098443824265,-0.0004075225447059947,0.03653
14.767292976379395,3.4043388826675187,0.8174613142787219,-0.1460665142504831,0.359621714605412,1.224211277731348,-6.177115451027719,-0.0003870045810233432,0.03653
14.796338081359863,3.4114533212011104,0.8163294937918674,-0.056483871574056696,0.3417351892937469,0.826611312894091,-6.574715415864976,-0.0004119147529355644,0.03653
14.825488805770874,3.416304075071577,0.8164911824325468,0.10791889879090057,0.33152231393898535,0.4636630533658066,-6.93766367539326,-0.00043465394896087517,0.03653
14.851573705673218,3.411776704784276,0.8206950871253172,0.1280855787491291,0.3843733031401322,0.5587458324449021,-6.842580896314164,-0.0004286968851222969,0.03653
14.885541200637817,3.414363773491758,0.8140658528328402,0.19643954515738152,0.3267536083300742,0.36316448335416324,-7.038162245404903,-0.0004409503193766702,0.03653
14.912212371826172,3.4075727182944227,0.814550918750985,0.10191443759503362,0.29334289899766874,0.3701336462616943,-7.0311930824973725,-0.0004405136919585015,0.036685
14.94442629814148,3.4125851637473117,0.8101853255199691,0.14083160900490602,0.20764770961408988,0.10151863536830286,-7.299808093390764,-0.00045734278323444357,0.036685
14.971436500549316,3.410968245828558,0.8139041641936581,0.13417532295945062,0.2007380005198126,0.08360496921087542,-7.317721759548192,-0.00045846509848349634,0.036685
15.003894329071045,3.408381177219421,0.8172996256374427,0.07527863435190142,0.24436274363563126,0.24874586178276362,-7.1525808669763045,-0.0004481187997221592,0.036685
15.03117847442627,3.3962542941113494,0.8194015779818734,-0.22018631602724184,0.30490006476355097,1.6514022511653061,-5.749924477593762,-0.00036024049267151275,0.036685
15.062949180603027,3.405309033343314,0.8203717098388552,-0.23718129084626624,0.36112234391769427,1.716491565095252,-5.684835163663816,-0.0003561625597161939,0.036685
15.089282035827637,3.3990030541385856,0.8109937687054213,-0.38128115252313854,0.2666317826189963,2.641046949065139,-4.76027977969393,-0.00029823792291073934,0.036685
15.120962142944336,3.401590122476542,0.8205333984820361,-0.42791377300648054,0.336642238815608,2.497380774650312,-4.903945954108757,-0.0003072388017315142,0.036685
15.146658182144165,3.4090279443646843,0.8223119735636433,-0.3046244108774869,0.41103417463782455,1.9483258907319432,-5.453000838027125,-0.00034163782778084864,0.036833
15.180237531661987,3.403368732002241,0.8184314461284966,-0.3369659210959067,0.40772391215193854,2.0661937992682047,-5.335132929490864,-0.0003342532449734179,0.036833
15.208526372909546,3.4106448622483194,0.8197249552671334,-0.2070626092439625,0.4238682675074439,1.556024949459392,-5.845301779299676,-0.0003662160087483077,0.036833
15.237621068954468,3.417759301284135,0.8224736622080275,0.03302225964732912,0.47440008713838727,0.8880534007050676,-6.513273328054001,-0.00040806532359609343,0.036833
15.267913579940796,3.4078961018635447,0.8181080688448383,-0.00569800136222485,0.44746466614271246,0.926377517200289,-6.474949211558779,-0.0004056642662150377,0.036833
15.300041198730469,3.4208314455886395,0.8171379369962637,0.2383842720532873,0.4147637172011277,0.48982146645362085,-6.911505262305447,-0.0004330150892410685,0.036833
15.32665467262268,3.415818999672667,0.8208567757686985,0.30415710703215226,0.4449499778255966,0.4823849851341258,-6.918941743624941,-0.00043348099478551804,0.036833
15.353432178497314,3.410806554038292,0.8118022118933612,0.245113341009013,0.3368495879509275,0.3395938318970259,-7.061732896862042,-0.0004424270523540503,0.036833
15.379394769668579,3.415818999672667,0.7983820552947212,0.3088674553011665,0.06964085712225909,-0.2054012418418327,-7.6067279706009,-0.00047657172584190005,0.036985
15.4056875705719,3.412746855540797,0.8122872778073198,0.2890885520362206,0.08105628043347265,-0.19123896001675242,-7.59256568877582,-0.000475684439860684,0.036985
15.437525033950806,3.425358816335726,0.8118022118933612,0.539650128368706,0.08212399977643602,-0.12634949921279837,-7.527676227971866,-0.00047161902797218083,0.036985
15.463955879211426,3.417759301284135,0.8187548234125551,0.5557211759762064,0.1821021745143026,0.00734637395999839,-7.393980354799069,-0.00046324280191780467,0.036985
15.493990659713745,3.412746855540797,0.8093768823370032,0.46188615650874226,0.11824074095032856,-0.08758536762127965,-7.488912096380347,-0.0004691904030542487,0.036985
15.52131724357605,3.4069259511596877,0.803879468758652,0.27416774381494946,-0.0049237999778361935,-0.36481648064019756,-7.7661432093992655,-0.00048655930470277973,0.036985
15.552865028381348,3.4069259511596877,0.8024242710659074,0.1427648549292945,-0.11190820885098994,-0.6991461303774216,-8.10047285913649,-0.0005075055063799248,0.036985
15.582863569259644,3.4101597868801568,0.8051729778255998,0.11857944232044798,-0.14756652676631027,-0.7938903351758113,-8.19521706393488,-0.0005134413580849938,0.036985
15.609142780303955,3.410806554038292,0.7978969894063226,0.11520897571081379,-0.2763734997898877,-0.9634172659835983,-8.364743994742668,-0.0005240624480337862,0.036985
15.63909101486206,3.4087045607914677,0.814874296030247,0.06878185223896652,-0.12423069198942996,-0.8413267209231261,-8.242653449682194,-0.0005164133113756429,0.037136
15.665152072906494,3.408542869005298,0.8129340323606592,0.03289303532505959,-0.04542303462494991,-0.7600835128724442,-8.161410241631513,-0.0005113233152533565,0.037136
15.691856861114502,3.4051473415632842,0.8088918164284165,-0.06341557525454589,-0.047949982345368576,-1.027562628809934,-8.428889357569002,-0.0005280812411844089,0.037136
15.71884560585022,3.4054707251236365,0.8137424755545757,-0.12405194194434055,0.019511923807587404,-1.1283950231385182,-8.529721751897586,-0.0005343985261421026,0.037136
15.746617555618286,3.408381177219421,0.8166528710733262,-0.10548045108070894,0.10827372046350063,-0.6126542383398749,-8.013980967098943,-0.0005020866731550516,0.037136
15.779584646224976,3.4080577936485446,0.8137424755545757,-0.099260068412767,0.12886851577379374,-0.418911009695937,-7.820237738455005,-0.0004899483996159059,0.037136
15.808648109436035,3.402883656673546,0.814227541472122,-0.2033803721964178,0.15020794951709485,0.0,-7.820237738455005,-0.0004899483996159059,0.037136
15.841169118881226,3.403853807333565,0.8239288600120042,-0.2559256031382423,0.3036070963561333,1.9977815625016093,-5.403545166257459,-0.0003385393635082951,0.037136
15.869194269180298,3.3993264376767445,0.8109937687054213,-0.38762251087686184,0.22637110932590257,2.865712034382375,-4.535614694376693,-0.0002841623535121934,0.037136
15.899236679077148,3.4025602731225426,0.814550918750985,-0.4120137424412331,0.22307514969474915,2.9100555404041555,-4.491271188354912,-0.0002813841732911632,0.037136
15.924858570098877,3.4030453484494854,0.8213418416994442,-0.4189181137472223,0.3176910577856095,2.561949939002905,-4.839376789756162,-0.0003031934568459583,0.037295
15.951369524002075,3.4043388826675187,0.8229587281417827,-0.39663253128772014,0.4069991175905343,2.2754520996790673,-5.12587462908,-0.0003211429313459319,0.037295
15.98041296005249,3.4054707251236365,0.8161678051512878,-0.3573038111675501,0.3725916790213599,2.245402899852898,-5.15592382890617,-0.00032302555408157766,0.037295
16.007925987243652,3.404662266224948,0.8187548234125551,-0.34672285882728165,0.3854295499857409,2.1824571686141665,-5.218869560144901,-0.00032696918870171417,0.037295
16.03379797935486,3.409674711514627,0.8190782006970141,-0.23423144890723813,0.3990314444318596,1.7287012569280205,-5.672625471831047,-0.00035539760612100427,0.037295
16.059954404830933,3.4066025675940743,0.803717780125729,-0.21989424080247047,0.18932200020653525,0.0,-5.672625471831047,-0.00035539760612100427,0.037295
16.087642431259155,3.409998095091354,0.8227970394970973,-0.13867175523064823,0.3148330848645995,1.167947375712191,-6.233379353046876,-0.00039052959006685066,0.037295
16.115220546722412,3.4091896361517313,0.8218269076310923,-0.0987651679323965,0.3888446896318699,1.1353537732447694,-6.2659729555142984,-0.0003925716230459894,0.037295
16.142356634140015,3.410968245828558,0.8197249552671334,-0.03354242089665803,0.410652811743399,0.9606862676949393,-6.440640461064128,-0.00040351477690795225,0.037295
16.170390844345093,3.414363773491758,0.803717780125729,0.08329994540530572,0.19745695732461704,0.07755247924843829,-7.323774249510629,-0.000458844295110244,0.037446
16.204410314559937,3.4135553145126165,0.8197249552671334,0.14814044838615809,0.27668139912832046,0.2845327407722763,-7.116793987986791,-0.00044587670367922947,0.037446
16.231769800186157,3.415818999672667,0.8216652189871094,0.2409864304652053,0.35983081720592414,0.3979935163913107,-7.003333212367757,-0.00043876823366937673,0.037446
16.266031742095947,3.4164657668718004,0.8197249552671334,0.3195379409966137,0.39034310104523856,0.39384159184107437,-7.0074851369179925,-0.0004390283573199291,0.037446
16.294557571411133,3.411615012992547,0.8171379369962637,0.2728290776929597,0.3747786216328949,0.40083509910506643,-7.000491629654,-0.00043859020469512515,0.037446
16.32654905319214,3.423903589999061,0.8169762483551846,0.4977600165011877,0.36157579367515386,0.26076788266570305,-7.140558846093364,-0.0004473656039640838,0.037446
16.3514564037323,3.4196996029378197,0.8100236368831771,0.5670760680772812,0.2531030435804088,0.09933155597145366,-7.301995172787613,-0.0004574798066966652,0.037446
16.38625454902649,3.4198612947441993,0.8163294937918674,0.6189871350878783,0.26717211957624626,0.1101956520916519,-7.2911310766674156,-0.0004567991564804717,0.037446
16.414892196655273,3.421639904633741,0.813580786915593,0.6926130223817483,0.23778970281353115,0.06798244158686256,-7.3333442871722045,-0.00045944387082563385,0.0376
16.443557262420654,3.421478212824134,0.8103470141568607,0.7407613125124993,0.17106816459453025,-0.007323874941668904,-7.408650603700735,-0.00046416191271874535,0.0376
16.469305515289307,3.418406068497338,0.8121255891692339,0.7100583282479471,0.1497477033376796,-0.031368425160524516,-7.432695153919591,-0.0004656683360901581,0.0376
16.49461793899536,3.415818999672667,0.8084067505207239,0.6343289463684607,0.08174645734301532,-0.1168631323380114,-7.518189861097078,-0.0004710246943439822,0.0376
16.52377724647522,3.4145254652884653,0.814227541472122,0.5541997331954281,0.1172225086155468,-0.0818140834570687,-7.483140812216135,-0.0004688288243485171,0.0376
16.549262762069702,3.4135553145126165,0.8093768823370032,0.4777702998392314,0.07282497482120057,-0.15761899210693944,-7.558945720866006,-0.00047357810370781333,0.0376
16.576117753982544,3.4088662525779294,0.8161678051512878,0.3259646096185864,0.13866977908282682,-0.07624130898035068,-7.477568037739417,-0.0004684796825413745,0.0376
16.604156017303467,3.4135553145126165,0.8161678051512878,0.31800571333547323,0.18476114206596575,0.015236035100629946,-7.386090693658436,-0.0004627485040487825,0.0376
16.630529165267944,3.4051473415632842,0.8172996256374427,0.13616329935273433,0.233178942717939,0.1766248118845204,-7.224701916874546,-0.0004526372803819611,0.0376
16.657073259353638,3.4080577936485446,0.8190782006970141,0.06989055689065572,0.29245601934440096,0.43669883791848596,-6.96462789084058,-0.00043634329328097807,0.03775
16.685844659805298,3.4088662525779294,0.8239288600120042,0.040448789554602065,0.40318074523524916,0.8055077261256276,-6.595819002633439,-0.00041323692099607236,0.03775
16.714972496032715,3.4022368895727073,0.8169762483551846,-0.11914349263465276,0.3814572801967971,1.298986068616913,-6.102340660142153,-0.00038231983992578734,0.03775
16.750592947006226,3.4098364033028448,0.8236054827215286,-0.07153606204585149,0.46086624297500395,1.2173827721632908,-6.183943956595775,-0.0003874323960702421,0.03775
16.77745771408081,3.4129085473345757,0.8211801530557621,0.026195920536430852,0.4818371306755353,0.9832169821408373,-6.418109746618229,-0.00040210319738132364,0.03775
16.80777621269226,3.4106448622483194,0.8219885962751756,0.047150679898655165,0.508055214111511,0.9758888164642703,-6.425437912294796,-0.0004025623168052382,0.03775
16.83385920524597,3.412100088368612,0.8182697574866175,0.09232748674329147,0.4733309474029945,0.8319383994423144,-6.569388329316752,-0.00041158100380718645,0.03775
16.85987401008606,3.4159806914720106,0.8153593619498886,0.20530718807496004,0.40748549810158674,0.538457386383555,-6.862869342375511,-0.0004299679835224862,0.03775
16.885908126831055,3.4203463701650993,0.8174613142787219,0.3759184118451259,0.3913936843148359,0.3653384028426066,-7.03598832591646,-0.00044081412040038854,0.0379
16.912153005599976,3.419537911131733,0.8190782006970141,0.4783971139168822,0.4032063384622272,0.32811593458828314,-7.073210794170784,-0.0004431461580392549,0.0379
16.937891960144043,3.42762250179561,0.814227541472122,0.7196237579635774,0.3422444253989935,0.1778664769298572,-7.223460251829209,-0.00045255948839888243,0.0379
16.96495008468628,3.4221249800643236,0.8103470141568607,0.7732281513566165,0.244186470404356,0.06540005795808221,-7.335926670800984,-0.00045960566062901707,0.0379
16.99553370475769,3.419537911131733,0.8160061165108082,0.7565139315749225,0.2563151336304881,0.07963823854007136,-7.321688490218995,-0.00045871361948872233,0.0379
17.022613048553467,3.4179209930869963,0.8100236368831771,0.7109156690540998,0.1794205815491438,-0.0037810851095882118,-7.405107813868655,-0.00046393995217656553,0.0379
17.048397541046143,3.4137170063078597,0.8058197323614511,0.5908612856141388,0.0655943955839417,-0.15400083264565428,-7.555327561404722,-0.00047335142115711624,0.0379
17.07532811164856,3.412261780161219,0.8116405232555741,0.47631474136273594,0.06899298805964711,-0.17591705800527224,-7.57724378676434,-0.0004747245021170165,0.0379
17.104934692382812,3.4114533212011104,0.8064664868988883,0.3791830073551935,-0.002474150765911708,-0.32956554856237924,-7.730892277321447,-0.00048435078645383086,0.0379
17.13260006904602,3.3999732047565634,0.8109937687054213,0.07051283704326798,0.012114236340472633,-0.6351410009491071,-8.036467729708175,-0.0005034954990400703,0.0379
17.160171508789062,3.408542869005298,0.8130957209992431,0.03410472468807682,0.052326107539467294,-0.5888405044173234,-7.9901672331763915,-0.0005005947107346689,0.0379
17.186861038208008,3.4082194854338366,0.8219885962751756,0.0018393850906216179,0.2073974979162608,0.16085940120702974,-7.240467327552039,-0.00045362500453934094,0.038052
17.213988065719604,3.4069259511596877,0.814227541472122,-0.04786499617772879,0.2051782370168176,0.21178912861118807,-7.18953760014788,-0.0004504341887011166,0.038105
17.24308967590332,3.4111299376191164,0.8281327648247918,0.005477529907236177,0.4020863012683642,0.9318865995043373,-6.469440129254731,-0.00040531911480807376,0.038105
17.270134449005127,3.416142383271648,0.8184314461284966,0.14790204905572055,0.40146040079331524,0.6224620349885496,-6.778864693770519,-0.0004247049794398963,0.038105
17.297648191452026,3.421963288253836,0.8118022118933612,0.3696331241276687,0.3064068840283216,0.23125496454609887,-7.170071764212969,-0.0004492146279304003,0.038105
17.32569193840027,3.414363773491758,0.813580786915593,0.36552282692234067,0.26525403792998703,0.15717589247451838,-7.24415083628455,-0.0004538557813096673,0.038105
17.354212522506714,3.4080577936485446,0.8266775669972817,0.23044222618938015,0.42337012976070854,0.5576890871155064,-6.8436376416435625,-0.00042876309163676055,0.038105
17.384238243103027,3.4098364033028448,0.8291028967143332,0.173173941131015,0.5686667810183902,0.8660676492674921,-6.535259079491577,-0.00040944276045817553,0.038105
17.41376304626465,3.4169508422742276,0.814874296030247,0.28223869083429104,0.46729750457636454,0.576053461132044,-6.825273267627025,-0.00042761253893487704,0.038105
17.439792156219482,3.420022986550873,0.8054963550933273,0.42299080193124905,0.2624928571650947,0.13453900927542442,-7.266787719483644,-0.00045527401245130516,0.038105
17.471115827560425,3.4150105406803437,0.8124489664455052,0.4164325242398199,0.21836037279126336,0.059206155801488074,-7.3421205729575805,-0.0004599937169196947,0.038105
17.496634483337402,3.427137426335072,0.8176230029201009,0.666079051599749,0.261313788970992,0.09346805939837427,-7.307858669360694,-0.00045784716263368587,0.038105
17.527703046798706,3.4258438917865672,0.8132574096379267,0.8137129714497935,0.22907348671575503,0.045854543866265994,-7.355472184892802,-0.00046083021334329915,0.038105
17.555229902267456,3.422771747309209,0.813580786915593,0.8526499248322603,0.211120659811191,0.026139728742334636,-7.375187000016734,-0.0004620653729946734,0.038105
17.585335969924927,3.428430960902385,0.8095385709733975,0.9985498817107009,0.14086137296039253,-0.038595073768127264,-7.439921802527195,-0.0004661210953333294,0.038105
17.61819291114807,3.4235802063719207,0.810832080068132,0.9989849171974721,0.11014141063386931,-0.06540693181923754,-7.466733660578305,-0.0004678008942578906,0.038105
17.6476948261261,3.425520508152379,0.8126106550837903,1.0399674151043243,0.11402205254863858,-0.05986832075801934,-7.4611950495170865,-0.00046745389283462253,0.038105
17.67306423187256,3.4247120490720486,0.8084067505207239,1.0517060080871519,0.05673850179068714,-0.10707317654997046,-7.508399905309037,-0.00047041134046254277,0.038105
17.70821785926819,3.4185677603013715,0.813580786915593,0.9311094460083402,0.09048617036364347,-0.08777912026524536,-7.4891058490243125,-0.0004692025419176704,0.038105
17.735349655151367,3.420184678357839,0.8153593619498886,0.8805901614726859,0.1394941541740437,-0.04404804686485418,-7.445374775623922,-0.0004664627314230805,0.038105
17.76437258720398,3.421963288253836,0.8072749300729164,0.8825148028195506,0.05841512691200856,-0.12329922620236342,-7.524625954961431,-0.00047142792427049853,0.038105
17.790502786636353,3.4198612947441993,0.8103470141568607,0.8397942494074359,0.045505961463463376,-0.14174574947376375,-7.543072478232832,-0.0004725836237335542,0.038105
17.817020654678345,3.418406068497338,0.8248989918858424,0.7793813840744088,0.2441618593237787,0.06666966742934245,-7.334657061329725,-0.00045952611789011524,0.0
17.842730283737183,3.421639904633741,0.8218269076310923,0.8048889966723383,0.3393748317532943,0.16568618973190782,-7.23564053902716,-0.00045332259975419995,0.0
17.867804050445557,3.420184678357839,0.8229587281417827,0.7922358469375156,0.42217775936791313,0.2542611172482798,-7.147065611510788,-0.0004477732615583365,0.0
17.896324396133423,3.4260055836041023,0.8236054827215286,0.905412559327419,0.4893705783947857,0.2883770200915641,-7.112949708667504,-0.00044563585441567065,0.0
17.928045988082886,3.4230951309334134,0.8303964059060367,0.9236192984011704,0.6333286349152629,0.4055732584016678,-6.9957534703574,-0.00043829335265019564,0.038062
17.95856547355652,3.4230951309334134,0.824575614594161,0.9363640157528056,0.6510223458659038,0.4153172501543623,-6.986009478604705,-0.0004376828784773163,0.038062
17.986764907836914,3.426814042696183,0.8276476988813819,1.0232514332964242,0.7072541000674911,0.4284065676616663,-6.972920161097401,-0.0004368628151519736,0.038062
18.01510238647461,3.425520508152379,0.8236054827215286,1.0569539763735785,0.6889240168844892,0.4043160288426635,-6.997010699916404,-0.0004383721197709643,0.038062
18.042702674865723,3.427137426335072,0.8320132924047522,1.114444068093411,0.7960929668040136,0.459836130024085,-6.941490598734983,-0.00043489371084912446,0.038062
18.069356203079224,3.426167275421931,0.8224736622080275,1.1343481452839044,0.7349573766459845,0.41295279042042665,-6.988373938338642,-0.00043783101505594,0.038062
18.098892211914062,3.416789150473125,0.8248989918858424,0.9516708029446279,0.7267778499515393,0.4684800194878159,-6.932846709271253,-0.0004343521595624691,0.038062
18.12493133544922,3.416627458672316,0.8211801530557621,0.8204068325165964,0.6679752555591069,0.4750215538119535,-6.926305174947116,-0.000433942323649504,0.038062
18.154865264892578,3.4185677603013715,0.8203717098388552,0.7692000231089514,0.6152749774745818,0.45081108610176546,-6.950515642657304,-0.0004354591419746336,0.03791
18.180418729782104,3.4221249800643236,0.8058197323614511,0.8079315369583753,0.3706924727317488,0.19188730073217525,-7.209439428026894,-0.00045168106495282,0.03791
18.207422733306885,3.426328967240053,0.8263541897033871,0.9231792046428702,0.49256164921622375,0.2837325728683514,-7.117594155890718,-0.00044592683527331446,0.03791
18.240394592285156,3.4135553145126165,0.8215035303432267,0.7360559298524408,0.50863929985833,0.36000248344632374,-7.041324245312746,-0.00044114842291856316,0.03791
18.267576456069946,3.4260055836041023,0.8268392556443799,0.8660866173678605,0.5960475055655623,0.3945771806030284,-7.006749548156041,-0.00043898227169584104,0.03791
18.298625230789185,3.421963288253836,0.8255457464704119,0.8723623219461729,0.6387717099607312,0.42944598097307757,-6.971880747785992,-0.0004367976945117199,0.03791
18.326173067092896,3.4230951309334134,0.8292645853629431,0.9004841322343167,0.7217555796349977,0.4862871662164897,-6.91503956254258,-0.0004332365178987205,0.03791
18.35922408103943,3.4256821999693265,0.8239288600120042,0.9744066967589653,0.7036904374386701,0.44337886219949396,-6.957947866559575,-0.000435924780786175,0.03791
18.38633704185486,3.424065281813071,0.8294262740116538,0.9922541809146945,0.7695063813475771,0.4858185102394447,-6.915508218519625,-0.00043326587982525053,0.03791
18.416062593460083,3.4205080619726527,0.8294262740116538,0.9301711377648414,0.815577542083813,0.544594285795227,-6.8567324429638425,-0.0004295834985303529,0.03791
18.445249557495117,3.426328967240053,0.8321749810551795,1.0087469252074026,0.8870581269460681,0.560445303510911,-6.840881425248158,-0.0004285904109770303,0.03776
18.473690032958984,3.431664797402988,0.8313665378040539,1.1756144079397401,0.9255560738514376,0.5217348149291674,-6.879591913829902,-0.00043101567508833883,0.03776
18.499565601348877,3.424550357256864,0.8231204167865686,1.1432690719800516,0.8348123212586229,0.47621589419466004,-6.925110834564409,-0.00043386749662011254,0.03776
18.53111243247986,3.424550357256864,0.8187548234125551,1.1206273368082387,0.7089839995518334,0.3979816115667734,-7.003345117192295,-0.0004387689795226264,0.03776
18.55826711654663,3.4169508422742276,0.8258691237633001,0.9454560678083351,0.7224426406424729,0.46835012776896234,-6.932976600990107,-0.00043436029745314497,0.03776
18.58777904510498,3.4182443766935977,0.8265158783502841,0.8499548261030623,0.7410944592058715,0.5245068676561656,-6.876819861102904,-0.0004308420022611605,0.03776
18.6144118309021,3.4274608099751367,0.8271626329388786,0.9763243252911087,0.7633815020231757,0.48733719451131874,-6.913989534247751,-0.00043317073221549595,0.03776
18.644463777542114,3.4188911439103196,0.8339535562165532,0.8851219297858697,0.8759055165266754,0.609928173072314,-6.791398555686756,-0.00042549024272628844,0.03776
18.672365188598633,3.4180826848901504,0.8310431605043109,0.8043310986415052,0.9131338615686685,0.6786872202966998,-6.72263950846237,-0.00042118239605034354,0.037603
18.7074236869812,3.425520508152379,0.8279710761768878,0.9037097421151444,0.8953475459881406,0.6142651568790172,-6.787061571880052,-0.0004252185248647194,0.037603
18.734743118286133,3.416627458672316,0.8240905486573925,0.7868340899359674,0.827512506316478,0.6256550896543368,-6.775671639104733,-0.00042450493027570085,0.037603
18.767786979675293,3.4221249800643236,0.8302347172567207,0.820275383737305,0.8677202919737816,0.6375249088549805,-6.763801819904089,-0.00042376127015748106,0.037603
18.79566526412964,3.423741898185344,0.8297496513093778,0.877582599671096,0.8889426644825325,0.6227249942816606,-6.778601734477409,-0.0004246885046869371,0.037603
18.828606843948364,3.424550357256864,0.8295879626604653,0.9346468061920069,0.9014906327577458,0.603547114927343,-6.797779613831726,-0.0004258900245910533,0.037603
18.85482692718506,3.424550357256864,0.8342769335199364,0.9745917507566445,0.9771972930820094,0.6345816465442136,-6.766745082214856,-0.00042394566949507657,0.037603
18.886011600494385,3.4230951309334134,0.8308814718545908,0.9720447324016406,0.9817304126649676,0.6386252887368368,-6.762701440022232,-0.00042369232987968957,0.037603
18.912867546081543,3.4218015964436423,0.8227970394970973,0.9431431714825218,0.8695189735855043,0.5771368137975741,-6.824189914961495,-0.00042754466543506184,0.037603
18.94603133201599,3.422771747309209,0.8284561421209024,0.9432510648551918,0.8717402018037881,0.5786582987121904,-6.822668430046878,-0.00042744934236127723,0.037603
18.97297763824463,3.424065281813071,0.8231204167865686,0.9704452385820284,0.7971412108252682,0.5123439700685566,-6.888982758690512,-0.0004316040241340299,0.037441
19.004274129867554,3.4198612947441993,0.8215035303432267,0.9013455544411764,0.7218449929846632,0.48260516740134074,-6.918721561357728,-0.00043346720007069573,0.037441
19.033429384231567,3.4196996029378197,0.824413925948471,0.8495859446352888,0.7106761040795667,0.4965266847832395,-6.904800043975829,-0.0004325949983052755,0.037441
19.06295394897461,3.4185677603013715,0.8268392556443799,0.7896254015920205,0.7374732685204217,0.5500543501417757,-6.851272378617293,-0.00042924141816427433,0.037441
19.09084463119507,3.4232568227459557,0.8164911824325468,0.8459581190229241,0.6085389693976588,0.4048377525272702,-6.996488976231799,-0.0004383394330812672,0.037441
19.119455337524414,3.428916036369977,0.8300730286075055,1.0040351113819432,0.7121311236453838,0.43355662881115453,-6.967770099947915,-0.00043654015690263327,0.037441
19.145614862442017,3.4310180300934556,0.8291028967143332,1.1587568128712897,0.7707994767376607,0.42458415335643707,-6.976742575402632,-0.0004371022945430294,0.037441
19.177292585372925,3.424065281813071,0.8313665378040539,1.1212992621933184,0.8441750187055498,0.4876068900917183,-6.913719838667351,-0.0004331538354250888,0.037441
19.203054189682007,3.4250354327033,0.8284561421209024,1.115417963251761,0.8539994333878215,0.4963798601771507,-6.904946868581918,-0.0004326041970640836,0.037283
19.231350660324097,3.426814042696183,0.8248989918858424,1.1485891965456898,0.8101072896708236,0.45485414504609745,-6.946472583712971,-0.00043520583890053555,0.037283
19.258658170700073,3.427784193616377,0.8268392556443799,1.192148047012685,0.8070750984343005,0.4386072040340936,-6.962719524724975,-0.00043622373158023537,0.037283
19.28494620323181,3.4151722324782225,0.8202100211957745,0.958232426525928,0.7103371750895451,0.4493935219620825,-6.951933206796987,-0.0004355479542722669,0.037283
19.311562299728394,3.420022986550873,0.8121255891692339,0.896186416915398,0.527236010684191,0.3055451756414809,-7.095781553117589,-0.0004445602464076589,0.037283
19.34195637702942,3.416142383271648,0.8255457464704119,0.7713982699614431,0.5906036635437671,0.4189022721389985,-6.9824244566200715,-0.00043745827203404644,0.037283
19.368052005767822,3.420022986550873,0.8281327648247918,0.7654025073202462,0.671884099837221,0.5046711067158298,-6.89665562204324,-0.0004320847393304049,0.037283
19.40162944793701,3.422771747309209,0.830719783204972,0.8188325999416021,0.7657034849026314,0.5617200844260153,-6.839606644333054,-0.00042851054424022456,0.037283
19.427154064178467,3.419537911131733,0.8297496513093778,0.7884370455843658,0.8175308995327274,0.6224826307584836,-6.778844098000586,-0.00042470368908724274,0.037283
19.453182458877563,3.4226100554975476,0.8318516037544261,0.8315669457084122,0.883810092156695,0.6495353264647401,-6.751791402294329,-0.00042300880136005774,0.037124
19.48366689682007,3.417597609481567,0.8321749810551795,0.7566731172866036,0.9348209119970797,0.7327504628214433,-6.6685762659376255,-0.0004177952612804129,0.037124
19.51216959953308,3.412261780161219,0.8281327648247918,0.5923830235334396,0.9128361737545476,0.8369248599444263,-6.564401868814643,-0.00041126859535817694,0.037124
19.54098677635193,3.4188911439103196,0.8124489664455052,0.616363018555464,0.673600694403882,0.5996781299890309,-6.801648598770038,-0.00042613242169483223,0.037124
19.566052436828613,3.418406068497338,0.8229587281417827,0.6229795224780225,0.6561358632233283,0.575531990648923,-6.825794738110146,-0.000427645209761161,0.037124
19.59215474128723,3.4232568227459557,0.8205333984820361,0.7293060036431191,0.609295095238634,0.4567275857404303,-6.944599143018639,-0.0004350884653243526,0.037124
19.6186203956604,3.4193762193259394,0.827324321586279,0.7223785972804292,0.6734296397054406,0.5287454365894493,-6.87258129216962,-0.0004305764502236167,0.037124
19.646522521972656,3.4188911439103196,0.8268392556443799,0.7073599201783444,0.7114007434585334,0.5763674219336324,-6.824959306825438,-0.000427592868868899,0.037124
19.67325496673584,3.4256821999693265,0.8308814718545908,0.8392197483198095,0.7956728279285366,0.575167154407739,-6.8261595743513315,-0.0004276680672417733,0.037124
19.702080249786377,3.41921452752044,0.8266775669972817,0.7959283876652524,0.7946632827596848,0.5987183235803615,-6.8026084051787095,-0.00042619255485568965,0.037124
19.728206157684326,3.427784193616377,0.824575614594161,0.9452854807964101,0.7639565993569949,0.49652745077393634,-6.904799277985134,-0.0004325949503149295,0.037124
19.75876522064209,3.418729452105699,0.8270009442915789,0.8600049077691144,0.777077307671075,0.5484909955648907,-6.85283573319418,-0.0004293393644286457,0.036965
19.79480743408203,3.421639904633741,0.8336301789135747,0.8613254632586416,0.8808771954448323,0.6314064368958235,-6.769920291863247,-0.0004241446006449602,0.036965
19.821004152297974,3.4196996029378197,0.825060680531834,0.8215718808074834,0.83122941554995,0.6147587826178775,-6.786567946141194,-0.0004251875985490687,0.036965
19.850974798202515,3.4247120490720486,0.8158444278704285,0.8988291340793849,0.6649375028732788,0.4295650825236779,-6.971761646235393,-0.00043679023263958007,0.036965
19.877087354660034,3.4185677603013715,0.8239288600120042,0.8240956342029033,0.6639177837054647,0.46275877205912636,-6.938567956699945,-0.0004347106033995036,0.036965
19.909095287322998,3.420184678357839,0.8216652189871094,0.8056804932088646,0.6308962864099267,0.43844107152927947,-6.962885657229792,-0.00043623414000483593,0.036965
19.937133073806763,3.4258438917865672,0.8236054827215286,0.9114339805761806,0.6354735473241951,0.39658648740448244,-7.00474024135459,-0.0004388563859255316,0.036965
19.96741032600403,3.4264906590584694,0.827324321586279,0.9990207463349944,0.6917545561653318,0.4134117500779482,-6.987914978681124,-0.0004378022606168539,0.036965
19.993372440338135,3.4247120490720486,0.8213418416994442,1.0230433399486334,0.6457666423150217,0.36534175666659513,-7.035984972092477,-0.00044081391027881063,0.036816
20.022157192230225,3.423741898185344,0.8174613142787219,1.0195201690190319,0.5581904852642424,0.28809574621878664,-7.113230982540285,-0.0004456534766016491,0.036816
20.04972743988037,3.4300478791379825,0.8240905486573925,1.1492573653164115,0.5915025638097486,0.2839077585366653,-7.117418970222406,-0.0004459158596558594,0.036816
20.077250719070435,3.426814042696183,0.8206950871253172,1.1722767779909422,0.5663594780496691,0.258171750615995,-7.143154978143077,-0.0004475282551245074,0.036816
20.104371547698975,3.4243886654419726,0.8216652189871094,1.1375428999301187,0.5626054724508671,0.2627205207798615,-7.13860620797921,-0.0004472432685631593,0.036816
20.130484104156494,3.421963288253836,0.8176230029201009,1.0623817197397474,0.5022853587327178,0.22623542159501106,-7.1750913071640605,-0.0004495291090392797,0.036816
20.160098791122437,3.4222866718751046,0.8147126073905661,1.0165485555995066,0.4185228166272473,0.1547378718100673,-7.246588856949004,-0.0004540085265794059,0.036816
20.186211585998535,3.4248737408875276,0.8119639005312479,1.038702637531865,0.3206582674356168,0.05531196029934067,-7.346014768459731,-0.0004602376934991647,0.036816
20.21475887298584,3.429886187313099,0.813580786915593,1.1592952619801309,0.27523000631508737,0.009076004032285746,-7.392250724726786,-0.00046313443827028077,0.036816
20.24100136756897,3.4256821999693265,0.8143892301115035,1.1555744875810354,0.25496868524087823,-0.008990233473595365,-7.410316962232667,-0.0004642663123192705,0.036665
20.26751446723938,3.428916036369977,0.8184314461284966,1.2207665693725993,0.298478069574074,0.02829029302070508,-7.373036435738366,-0.00046193063725367717,0.036665
20.29469347000122,3.42972449548851,0.8208567757686985,1.2833501829795972,0.3635500244866596,0.07906789957117799,-7.322258829187893,-0.00045874935199128757,0.036665
20.323719024658203,3.42131652101482,0.8227970394970973,1.1508874939621678,0.4367927018606886,0.153601398649471,-7.2477253301096,-0.00045407972814959626,0.036665
20.350133419036865,3.436192168701559,0.814550918750985,1.3700280865663321,0.3703702644691015,0.07890661996743796,-7.322420108791633,-0.0004587594563751165,0.036665
20.381492376327515,3.4203463701650993,0.8011307620124135,1.1912230407890865,0.13233609838143132,-0.1162366293679018,-7.5175633581269725,-0.0004709854430912936,0.036665
20.412055015563965,3.4339284830234256,0.8090535050645127,1.3508053284912653,0.07878910305708743,-0.14263226594218453,-7.543958994701255,-0.0004726391651812012,0.036665
20.444592475891113,3.433605099359831,0.8116405232555741,1.455733267002361,0.07822928329084596,-0.1324850794059374,-7.533811808165007,-0.0004720034303135013,0.036665
20.471508264541626,3.4326349483761125,0.795795037233505,1.508843835467114,-0.1483164312473854,-0.2769797706501571,-7.678306499409226,-0.0004810562168266241,0.036514
20.49854850769043,3.427137426335072,0.8192398893393937,1.4307669694588923,0.027716949956341184,-0.1705087265399292,-7.571835455298999,-0.0004743856628854409,0.036514
20.52446436882019,3.431179721920398,0.8224736622080275,1.4608589448635707,0.19709416485261536,-0.04742360148382681,-7.448750330242897,-0.00046667421445450427,0.036514
20.552073001861572,3.432958332036175,0.8058197323614511,1.5192114727763026,0.07796590389637073,-0.12674021240582956,-7.5280669411649,-0.0004716435066785883,0.036514
20.578622102737427,3.439911081012406,0.8208567757686985,1.7058209986239785,0.20919150851226354,-0.03282987287561929,-7.434156601634689,-0.00046575989775274215,0.036514
20.6059308052063,3.4344135585210243,0.8139041641936581,1.7211933933425068,0.2018186597485384,-0.03698486412576705,-7.438311592884837,-0.0004660202135361635,0.036514
20.63100790977478,3.433605099359831,0.804041157391674,1.7150049123982736,0.055888435435022324,-0.12538358595109206,-7.5267103147101615,-0.00047155851220877736,0.036514
20.65751838684082,3.4334434075284754,0.8198866439099136,1.707283144306356,0.17989112619898748,-0.05054389603079642,-7.451870624789866,-0.0004668697050995136,0.036514
20.68605351448059,3.431503105575164,0.820048332552794,1.6611999299520974,0.26900070212858046,0.004297957893643735,-7.397028770865425,-0.00046343378927944586,0.036514
20.71236562728882,3.4302095709631595,0.8116405232555741,1.6018230292709195,0.21137740264089,-0.03346756684551276,-7.434794295604582,-0.00046579985013660085,0.036514
20.744958877563477,3.438779238118689,0.8129340323606592,1.7399202665975622,0.18950263161626665,-0.043884322238619676,-7.445211050997688,-0.00046645247385530776,0.036514
20.77204132080078,3.4274608099751367,0.813580786915593,1.5993001336372432,0.18342106124154967,-0.05198423301972099,-7.45331096177879,-0.0004669599441467438,0.036365
20.80763030052185,3.434575250354146,0.8168145597142055,1.6500186193197637,0.22531780903353146,-0.023430426628036516,-7.4247571553871055,-0.0004651710098186025,0.036365
20.83480215072632,3.439264313642799,0.8211801530557621,1.7838266745543843,0.31695322691650035,0.032694980710381086,-7.3686317480486885,-0.00046165467765288995,0.036365
20.869369745254517,3.432958332036175,0.8202100211957745,1.74528888355986,0.36725186502708185,0.06394003385468623,-7.337386694904383,-0.0004596971331004157,0.036365
20.89495849609375,3.437485703400696,0.8197249552671334,1.8132277117446107,0.3955378345200442,0.0778606105444272,-7.323466118214642,-0.0004588249902706228,0.036365
20.923470497131348,3.436192168701559,0.8030710255950269,1.833666239014039,0.17764570427160276,-0.04897268672541613,-7.450299415484485,-0.0004667712667258505,0.036365
20.94847559928894,3.4410429239205693,0.8197249552671334,1.949668156866009,0.26281352199121255,0.000354794445120033,-7.400971934313949,-0.0004636808337665371,0.036365
20.977100133895874,3.4332817156974147,0.8231204167865686,1.8681575840090112,0.3708925349564696,0.061869173466676364,-7.339457555292393,-0.0004598268752856109,0.036365
21.00383734703064,3.434898634021273,0.814874296030247,1.8449984975344627,0.32885553233302384,0.03843958678071034,-7.362887141978359,-0.000461294770365578,0.036365
21.030577421188354,3.43554540135906,0.8179463802031591,1.8423464629852273,0.34327578540128245,0.04685557721852622,-7.354471151540542,-0.00046076749725904384,0.036213
21.059237003326416,3.445246911991721,0.8213418416994442,2.0438799404080137,0.4018315027801844,0.0723328333915229,-7.328993895367546,-0.00045917131293498134,0.036213
21.086655616760254,3.4376473952394133,0.814227541472122,2.025631283123568,0.3412820404215652,0.04123748794427554,-7.360089240814793,-0.00046111947809912535,0.036213
21.119264125823975,3.4360304768654926,0.8205333984820361,1.9789589074496106,0.38889741927740357,0.06796491589104178,-7.333361812868027,-0.00045944496883402027,0.036213
21.144203186035156,3.436192168701559,0.8111554573428102,1.9496780760075638,0.2883820276872304,0.013785467335027604,-7.387541261424041,-0.00046283938406791516,0.036213
21.17815136909485,3.4368389360487708,0.820048332552794,1.942740820178664,0.34494433317034945,0.045155623268560784,-7.356171105490509,-0.0004608740016576392,0.036213
21.20417833328247,3.4331200238666475,0.8205333984820361,1.8599186169092732,0.39146102420155415,0.07430436918211572,-7.3270223595769535,-0.0004590477935692418,0.036213
21.234959363937378,3.4368389360487708,0.8190782006970141,1.8799091988098298,0.4032534763829321,0.08020971034521883,-7.321117018413851,-0.0004586778160124444,0.036213
21.26168203353882,3.4323115647172275,0.8075983073432221,1.7989873249507065,0.24766203702727438,-0.009966220119647956,-7.411292948878717,-0.00046432745919373545,0.036055
21.295931339263916,3.4306946464404553,0.8218269076310923,1.708443699711186,0.34182495614574127,0.04991714592313434,-7.3514095828359345,-0.00046057568586694756,0.036055
21.325165510177612,3.431664797402988,0.8205333984820361,1.6654021500923883,0.3892774602843306,0.08261691738768305,-7.318709811371386,-0.00045852700125751695,0.036055
21.357182502746582,3.4340901748556636,0.8215035303432267,1.6861205364529994,0.4363403676060132,0.11201547253068295,-7.289311256228386,-0.0004566851422853141,0.036055
21.38582158088684,3.4308563382668087,0.8271626329388786,1.6328267790888005,0.550053637903277,0.19146426590469315,-7.2098624628543755,-0.0004517075686530447,0.036055
21.419556617736816,3.4305329546143954,0.8208567757686985,1.5887414862879252,0.5396529223170985,0.19020867150415924,-7.211118057254909,-0.00045178623332893855,0.036055
21.44826626777649,3.438294162597231,0.825222369177926,1.7205936916423985,0.5946801168011918,0.20854028107816683,-7.192786447680902,-0.00045063773336339366,0.036055
21.482942581176758,3.432473256546523,0.8237671713667161,1.6908563013212283,0.6124299210258258,0.22362439115611416,-7.1777023376029545,-0.00044969269360379925,0.036055
21.512282848358154,3.4395876973270134,0.8195632666244533,1.819192715268079,0.5648547813272061,0.17885769417556555,-7.2224690345835025,-0.00045249738730688904,0.035903
21.546435594558716,3.4395876973270134,0.8185931347704759,1.9090282050308898,0.5177060292164607,0.14321253234306436,-7.258114196416004,-0.0004547306045795566,0.035903
21.572365045547485,3.44136630761127,0.8059814209956616,2.0092011965264343,0.3047019012221357,0.019850562559542727,-7.381476166199526,-0.000462459397704565,0.035903
21.604413747787476,3.431664797402988,0.8258691237633001,1.875932397863062,0.4394451718116844,0.10069971469728113,-7.300627014061788,-0.0004573940897145787,0.035903
21.63235831260681,3.4368389360487708,0.8137424755545757,1.8911188454774757,0.3606885317175208,0.053870927863214936,-7.347455800895854,-0.00046032797611709596,0.035903
21.666127681732178,3.4334434075284754,0.8276476988813819,1.8305628974617851,0.5040204301636246,0.1423389795318501,-7.258987749227218,-0.00045478533383666467,0.035903
21.69310212135315,3.434736942187562,0.8289412080658243,1.8152923854710472,0.6228142988252805,0.21456428212796014,-7.186762446631109,-0.0004502603216052936,0.035903
21.721659660339355,3.432473256546523,0.8221502849193592,1.757145387001301,0.6090469242297449,0.2138934925911559,-7.187433236167913,-0.0004503023474708782,0.035903
21.749937295913696,3.4368389360487708,0.8281327648247918,1.8079679378742366,0.6847943823174075,0.25198913635006476,-7.149337592409005,-0.0004479156042136711,0.035745
21.777774810791016,3.438779238118689,0.8292645853629431,1.8842217026198655,0.7539714502846643,0.2794301929633656,-7.121896535795704,-0.0004461963851539558,0.035745
21.80326747894287,3.438132470757335,0.8287795194174161,1.924040011464773,0.7954723204362962,0.2955348342498941,-7.105791894509176,-0.00044518740774321516,0.035745
21.829554557800293,3.4368389360487708,0.8300730286075055,1.924794174998698,0.842984469372421,0.3205737623269261,-7.080752966432144,-0.000443618685263192,0.035745
21.86053991317749,3.434736942187562,0.8261925010565908,1.8812542797469112,0.8208583544139848,0.31642568408823213,-7.084901044670838,-0.0004438785679371593,0.035745
21.88696527481079,3.4344135585210243,0.8299113399583911,1.8439966901285596,0.8584470006730163,0.34380760986568387,-7.057519118893387,-0.0004421630535037434,0.035745
21.91417169570923,3.4305329546143954,0.8337918675650133,1.7365604240157255,0.940143673063156,0.4122163444591882,-6.989110384299883,-0.000437877154384715,0.035745
21.94264531135559,3.431988181059519,0.8221502849193592,1.691863519837839,0.8311774861962556,0.35998189993849367,-7.041344828820577,-0.0004411497125029796,0.035745
21.97633385658264,3.435060325855278,0.8341152448681941,1.7249824841010635,0.9256703979676736,0.4070340501000896,-6.994292678658981,-0.000438201832087938,0.035745
22.005554676055908,3.436677244211526,0.8278093875290845,1.782064074289706,0.901815429002369,0.38042162068054264,-7.020905108078528,-0.00043986913654082976,0.035593
22.04143524169922,3.4373240115622727,0.824413925948471,1.8355805136763923,0.8366554092919656,0.33302955576886045,-7.06829717299021,-0.0004428383130715881,0.035593
22.072656393051147,3.4303712627886305,0.8203717098388552,1.7272792691854948,0.733351085087584,0.2930877388585466,-7.108238989900524,-0.0004453407215567841,0.035593
22.10331916809082,3.4360304768654926,0.8286178307691089,1.7701124976929532,0.7787303723260768,0.3123916427658164,-7.0889350859932545,-0.0004441313060451306,0.035593
22.13215184211731,3.4358687850297205,0.8064664868988883,1.7967059261246698,0.4943420182205901,0.13377808868546215,-7.267548640073609,-0.00045532168514844765,0.035593
22.160032272338867,3.4373240115622727,0.8291028967143332,1.8458298099608978,0.6183471029403056,0.2049773327380125,-7.196349396021059,-0.0004508609568631845,0.035593
22.184741497039795,3.429401111840215,0.8299113399583911,1.7141147888317543,0.7166891246414387,0.28561192178545813,-7.115714806973614,-0.00044580909153903804,0.035593
22.21156144142151,3.43700062788631,0.8279710761768878,1.7812363507161624,0.7578362301390814,0.2984576477377287,-7.102869081021343,-0.0004450042895518464,0.035593
22.239173889160156,3.434736942187562,0.8320132924047522,1.7807638027491175,0.8443315160822287,0.3494345248927668,-7.051892203866305,-0.000441810519718391,0.035593
22.266024112701416,3.437162319724144,0.831528226454077,1.831280492025048,0.8979551387435069,0.36903670547616363,-7.032290023282908,-0.0004405824167722886,0.035593
22.29189968109131,3.4313414137476337,0.8236054827215286,1.7446082420044478,0.822414743957704,0.34418435130116604,-7.057142377457906,-0.0004421394501467156,0.035593
22.318923473358154,3.434251866688197,0.8328217356578994,1.7449546322470424,0.9010749382823225,0.3903344356097272,-7.010992293149345,-0.00043924808536915504,0.035444
22.34611701965332,3.4373240115622727,0.8333068016110011,1.8096039042465029,0.9630601518431163,0.4097794498276684,-6.991547278931403,-0.0004380298291069776,0.035444
22.373305559158325,3.4282692690804413,0.8227970394970973,1.665027836067087,0.8564497910102093,0.3830776555844413,-7.01824907317463,-0.00043970273238612103,0.035444
22.399376392364502,3.4313414137476337,0.8313665378040539,1.628231382833881,0.9041302386963345,0.42208011048938204,-6.9792466182696895,-0.00043725917619245186,0.035444
22.427184104919434,3.431988181059519,0.8303964059060367,1.6160331910105756,0.9236603971263438,0.4374849092705649,-6.963841819488507,-0.0004362940448548032,0.035444
22.455454111099243,3.4340901748556636,0.8302347172567207,1.6515622650957273,0.9350238155406877,0.4343436091529932,-6.966983119606079,-0.0004364908515270287,0.035444
22.48487615585327,3.426814042696183,0.8310431605043109,1.5238902078364323,0.9545166708784777,0.48514747867980307,-6.916179250079269,-0.0004333079208538912,0.035444
22.519450902938843,3.4332817156974147,0.8287795194174161,1.5701130196883135,0.9358539748519678,0.4586382400226022,-6.94268848873647,-0.0004349687602669009,0.035444
22.545713186264038,3.4232568227459557,0.8276476988813819,1.392299451690326,0.906636240357738,0.5002732050108099,-6.901053523748263,-0.0004323602737801375,0.035293
22.574598789215088,3.428916036369977,0.8258691237633001,1.386474044249109,0.8607992092066071,0.4699119506197972,-6.931414778139276,-0.00043426244715346864,0.035293
22.604978322982788,3.4235802063719207,0.8219885962751756,1.2705318309743576,0.7733286690832614,0.4464754179534011,-6.954851310805672,-0.00043573077740844063,0.035293
22.629918575286865,3.431664797402988,0.8292645853629431,1.35886384197659,0.8159454510207662,0.4467275703261505,-6.954599158432924,-0.0004357149797235595,0.035293
22.659615755081177,3.4282692690804413,0.8278093875290845,1.349509792478148,0.8250079661395339,0.45710708597565425,-6.94421964278342,-0.0004350646891248152,0.035293
22.68768072128296,3.4290777281930955,0.8240905486573925,1.3599111140588216,0.7782748004224495,0.41712824560202166,-6.984198483157052,-0.0004375694171797235,0.035293
22.717421531677246,3.4248737408875276,0.8284561421209024,1.2790564284533918,0.8078692805896529,0.4714604736659521,-6.929866255093122,-0.0004341654301044216,0.035293
22.743573427200317,3.426814042696183,0.8231204167865686,1.2631361221868251,0.7524315659753704,0.43170401929468566,-6.969622709464389,-0.0004366562253775399,0.035293
22.773264408111572,3.423741898185344,0.8242522373028814,1.1875851165857352,0.7297790127395822,0.4429608699176619,-6.958365858841413,-0.00043595096856414127,0.035293
22.801090717315674,3.426167275421931,0.8271626329388786,1.1855468792285004,0.7554606894967754,0.4673311078985283,-6.933995620860546,-0.0004344241404169265,0.035134
22.827810049057007,3.4326349483761125,0.8303964059060367,1.3197133640254115,0.8195917126866556,0.4645215050997927,-6.936805223659282,-0.00043460016580654194,0.035134
22.85753846168518,3.429401111840215,0.8371873292686199,1.3458332766769323,0.9614065146628019,0.5586244837088884,-6.8427022450501855,-0.0004287044877836222,0.035134
22.88616394996643,3.429401111840215,0.8313665378040539,1.3641172155329846,0.9775999452531513,0.5618664902767829,-6.839460238482291,-0.00042850137171700014,0.035134
22.91484808921814,3.431664797402988,0.8231204167865686,1.4243736111676288,0.8712430312398267,0.46357188167923846,-6.937754847079836,-0.0004346596609895145,0.035134
22.943416833877563,3.428916036369977,0.8284561421209024,1.408925955883218,0.8729470421618074,0.4704337662511354,-6.930892962507938,-0.00043422975470318537,0.035134
22.969500303268433,3.4303712627886305,0.8294262740116538,1.4286210787302696,0.8879860046537763,0.4740142562402031,-6.927312472518871,-0.0004340054321955258,0.035134
22.99883222579956,3.4323115647172275,0.8337918675650133,1.483085640895005,0.9608209758496875,0.5040404821099425,-6.897286246649132,-0.00043212424880911235,0.035134
23.032435655593872,3.4306946464404553,0.8229587281417827,1.4873125208721827,0.8571900602353905,0.4317620203614056,-6.969564708397669,-0.00043665259153279426,0.035134
23.059245109558105,3.433766791191481,0.8333068016110011,1.5546781331061021,0.9323407372102638,0.46089315190469665,-6.940433576854378,-0.0004348274870083562,0.034976
23.09172034263611,3.426814042696183,0.8261925010565908,1.456071315443732,0.8834077419004727,0.4609154037006256,-6.940411325058449,-0.00043482609290344934,0.034976
23.11981701850891,3.429401111840215,0.8299113399583911,1.4412838426697008,0.9022315719135598,0.47958405951353733,-6.921742669245537,-0.0004336564765382666,0.034976
23.148191690444946,3.434736942187562,0.831689915104201,1.542797047116588,0.9407928703236333,0.4703044340669585,-6.9310222946921165,-0.0004342378575382622,0.034976
23.176177978515625,3.434898634021273,0.8346003108237245,1.6172461217097447,1.0093242444250536,0.48909475598454594,-6.91223197277453,-0.0004330606186281817,0.034976
23.211844444274902,3.4331200238666475,0.8261925010565908,1.6320723279810359,0.9372961969508254,0.4398738593986498,-6.961452869360426,-0.0004361443739200872,0.034976
23.238403797149658,3.438779238118689,0.8278093875290845,1.7610947756946498,0.9099534882905753,0.3880489578503678,-7.013277770908708,-0.0004393912736209714,0.034976
23.26781129837036,3.428916036369977,0.8295879626604653,1.6446307710521482,0.9161982094233742,0.422901894690619,-6.978424834068457,-0.0004372076903083024,0.034976
23.295721292495728,3.432473256546523,0.830719783204972,1.6376822569080656,0.9367233616129356,0.4379861866825747,-6.9633405420765015,-0.000436262639151551,0.034817
23.329434633255005,3.433605099359831,0.8299113399583911,1.6565471168941244,0.9395525057122813,0.4342232452957064,-6.9671034834633705,-0.00043649839248437856,0.034817
23.35859751701355,3.435222017689578,0.8279710761768878,1.7036508335331568,0.9138405968886727,0.4049702484843502,-6.996356480274727,-0.0004383311320315685,0.034817
23.388657331466675,3.4305329546143954,0.8271626329388786,1.6383183243989405,0.8843037984011387,0.40396535239525416,-6.997361376363823,-0.00043839409012147565,0.034817
23.413880825042725,3.4340901748556636,0.8218269076310923,1.6671618584675705,0.7874741891074478,0.33167456077896323,-7.069652167980115,-0.0004429232053279356,0.034817
23.442614555358887,3.436192168701559,0.8258691237633001,1.73142014172012,0.7773857733314061,0.31058691877596745,-7.090739809983111,-0.0004442443744274677,0.034817
23.470898866653442,3.4339284830234256,0.8265158783502841,1.7289432991429516,0.7795546520881164,0.3125465498773158,-7.088780178881763,-0.0004441216009065014,0.034817
23.496986627578735,3.42762250179561,0.8213418416994442,1.5950060876218446,0.7072267094609677,0.29108209899709736,-7.110244629761981,-0.00044546637758837695,0.034817
23.526023149490356,3.4357070931942433,0.8257074351168058,1.6707416075575594,0.718904845132472,0.28333270112468856,-7.11799402763439,-0.00044595188777522246,0.034817
23.552462339401245,3.435060325855278,0.8205333984820361,1.710197145504899,0.6532333825750367,0.22962310071796194,-7.171703628041117,-0.00044931686639139494,0.034817
23.579975128173828,3.436515552374576,0.8253840578241186,1.7683245057241712,0.6764941314238355,0.2361685062600969,-7.165158222498982,-0.00044890678794142185,0.034817
23.608667135238647,3.438455854437423,0.8143892301115035,1.8496916368639302,0.5358535728170041,0.1314756130559597,-7.269851115703119,-0.0004554659383396628,0.034658
23.6363205909729,3.4360304768654926,0.8258691237633001,1.855801155067858,0.6012513419280944,0.1740729736227346,-7.227253755136344,-0.0004527971564770699,0.034658
23.662668704986572,3.4391026218011342,0.8155210505899687,1.9244846179309747,0.4993374666240062,0.10179730032375078,-7.299529428435328,-0.00045732532450064144,0.034658
23.690996646881104,3.438779238118689,0.8176230029201009,1.9657833786596008,0.4579977546539173,0.07327295983709946,-7.328053768921979,-0.0004591124127502494,0.034658
23.719074726104736,3.434736942187562,0.8192398893393937,1.909946722309543,0.45213688008725306,0.072124144963142,-7.3292025837959365,-0.00045918438754536116,0.034658
23.753982305526733,3.433766791191481,0.8206950871253172,1.8505220741122606,0.46880349944392113,0.0863572049978022,-7.314969523761276,-0.00045829266721423515,0.034658
23.781326055526733,3.438779238118689,0.8223119735636433,1.9140095979865073,0.5035470570776395,0.10537270055066351,-7.295954028208414,-0.0004571013208734182,0.034658
23.813143968582153,3.431988181059519,0.8223119735636433,1.816077941617414,0.5278675474212434,0.1294076880990901,-7.271919040659988,-0.0004555954966161538,0.034658
23.84256339073181,3.4376473952394133,0.8071132414379124,1.8661698839701855,0.3279688099026471,-0.01026528115286295,-7.41159200991194,-0.0004643461957692099,0.0345
23.87429690361023,3.4410429239205693,0.8229587281417827,1.9724207083352867,0.41419354407245956,0.045194303004551864,-7.3561324257545255,-0.00046087157832021947,0.0345
23.902535915374756,3.438779238118689,0.8198866439099136,1.9993386419426007,0.4307047022451946,0.05474520828427939,-7.346581520474798,-0.0004602732012742539,0.0345
23.933581352233887,3.4358687850297205,0.8179463802031591,1.9571642270994263,0.4145702043398046,0.04586051332307109,-7.355466215436007,-0.0004608298393488119,0.0345
23.96089482307434,3.444115069029865,0.8232821054314547,2.100523552286778,0.47942990502392385,0.08016182413177461,-7.321164904627303,-0.0004586808161480451,0.0345
23.992915868759155,3.4403961565427075,0.8208567757686985,2.1229089493337643,0.4902163093015539,0.0853785038546807,-7.315948224904397,-0.00045835398415558807,0.0345
24.022948503494263,3.438132470757335,0.8215035303432267,2.091121084164546,0.5069975619180705,0.09691818549938012,-7.304408543259697,-0.0004576310075987379,0.0345
24.05084729194641,3.4433066097802505,0.8239288600120042,2.177344193131359,0.5533598250368148,0.11826187329205196,-7.283064855467025,-0.00045629379688652403,0.0345
24.077869653701782,3.439426005484759,0.824413925948471,2.15634440787574,0.5927364865160728,0.14199727730443776,-7.259329451454639,-0.00045480674194023764,0.0345
24.108896017074585,3.4376473952394133,0.8232821054314547,2.1043564103510075,0.6041463025473095,0.15297788217049338,-7.248348846588584,-0.0004541187922946043,0.0345
24.13644576072693,3.4368389360487708,0.8303964059060367,2.0510156542190376,0.7136716418220342,0.2229990621270702,-7.178327666632008,-0.000449731871307504,0.03434
24.169572114944458,3.432958332036175,0.8221502849193592,1.9323211693251325,0.6726470643274715,0.21403702653834333,-7.187289702220735,-0.00045029335487627154,0.03434
24.19703984260559,3.4428215342340227,0.8185931347704759,2.0560147573574272,0.5931606273166437,0.15059229063438792,-7.25073443812469,-0.0004542682528090213,0.03434
24.226360082626343,3.4428215342340227,0.825222369177926,2.142600268980071,0.6321355103008698,0.16537660701757897,-7.235950121741499,-0.00045334199552713074,0.03434
24.252426147460938,3.4421747668431832,0.8172996256374427,2.1896508000206896,0.5463410004823734,0.11284253237696704,-7.288484196382111,-0.00045663332587491567,0.03434
24.27849841117859,3.440881232075662,0.825222369177926,2.195467517855606,0.5993617715168822,0.1422732728320071,-7.259053455927071,-0.0004547894504496774,0.03434
24.3110990524292,3.4421747668431832,0.8248989918858424,2.2266578742336014,0.631860926361165,0.15768742630616597,-7.243639302452912,-0.00045382373302794716,0.03434
24.33916473388672,3.4402344646989786,0.824413925948471,2.2078131430062093,0.6476872574431201,0.1681273895839165,-7.233199339175162,-0.00045316965530409106,0.03434
24.36725163459778,3.4455702956977645,0.8226353508525123,2.3064862801930213,0.6333810725110717,0.15177362533493577,-7.249553103424143,-0.00045419424060308823,0.034192
24.39930272102356,3.440072772855545,0.8281327648247918,2.260303195493667,0.7018282861143416,0.19246956675445465,-7.208857162004624,-0.0004516445852043388,0.034192
24.425882577896118,3.4391026218011342,0.8234437940764414,2.2076360462290348,0.6828182546909719,0.18763499380677662,-7.213691734952302,-0.00045194747769402536,0.034192
24.45949649810791,3.439911081012406,0.8248989918858424,2.187718200040897,0.6902804645830288,0.1939330202690147,-7.2073937084900646,-0.00045155289787572416,0.034192
24.485068321228027,3.4402344646989786,0.8211801530557621,2.180555371071366,0.6424270858011506,0.16765895698308741,-7.233667771775992,-0.0004531990032358011,0.034192
24.513309955596924,3.445246911991721,0.8046879119247516,2.2806261760683113,0.3735451027024184,0.011088078929533444,-7.390238649829546,-0.0004630083790750516,0.034192
24.538850784301758,3.436192168701559,0.824413925948471,2.160845164040623,0.46686618088199594,0.06720014304104928,-7.33412658571803,-0.00045949288288042907,0.034192
24.568817615509033,3.4420130749962103,0.8271626329388786,2.199032394804762,0.5714217071964628,0.12597363226382965,-7.27535309649525,-0.00045581064482736546,0.034192
24.594754934310913,3.4405578483867303,0.8211801530557621,2.195254970792891,0.5592259556305522,0.11922927768554235,-7.282097451073538,-0.00045623318770171117,0.03404
24.62146830558777,3.4424981505380132,0.8248989918858424,2.233288754824928,0.6037658552407378,0.14174093591083387,-7.259585792848247,-0.0004548228020729029,0.03404
24.649510145187378,3.44136630761127,0.8255457464704119,2.2361835813822704,0.644174554733354,0.16412326414137207,-7.237203464617709,-0.00045342051914200104,0.03404
24.6765718460083,3.440719540231049,0.8202100211957745,2.2246506330998352,0.5963067944988799,0.13816729229696603,-7.263159436462114,-0.0004550466956459591,0.03404
24.705305337905884,3.4403961565427075,0.8258691237633001,2.2097979059029353,0.6435685971054065,0.16631448496674897,-7.235012243792331,-0.00045328323621371874,0.03404
24.731021404266357,3.4424981505380132,0.8240905486573925,2.2434688094019744,0.6512672420985592,0.167456662734802,-7.233870066024279,-0.0004532116772422079,0.03404
24.761576414108276,3.438455854437423,0.8223119735636433,2.1822926494384047,0.6312716769358878,0.1618565331794862,-7.239470195579594,-0.0004535625328817719,0.03404
24.788227319717407,3.4332817156974147,0.8260308124098952,2.0309947288096946,0.6703517072591423,0.20235836771272409,-7.198968361046356,-0.00045102503854020106,0.03404
24.815154790878296,3.43635386053792,0.8221502849193592,1.9894929824954564,0.6423231101334471,0.1896601767590178,-7.211666552000063,-0.0004518205972615418,0.03404
24.84273624420166,3.4416896913031505,0.8195632666244533,2.072306204225038,0.5857800137025453,0.14446665814656712,-7.256860070612513,-0.0004546520319132403,0.03404
24.871129751205444,3.444115069029865,0.8227970394970973,2.1811229362746722,0.5923536943118118,0.1390145487435491,-7.262312180015531,-0.0004549936138914203,0.03404
24.89898109436035,3.4368389360487708,0.8227970394970973,2.1047522223656463,0.5969552707383016,0.14846569703106785,-7.252861031728012,-0.00045440148675502496,0.033882
24.92470693588257,3.4416896913031505,0.8223119735636433,2.1529876721341523,0.5932532969837048,0.14190614645020141,-7.259420582308879,-0.00045481245141067617,0.033882
24.952950954437256,3.4444384527317764,0.8189165120547346,2.2443796274947556,0.5422003749441989,0.10514953585146321,-7.296177192907617,-0.00045711530244161105,0.033882
24.980665922164917,3.440072772855545,0.8253840578241186,2.2168285386048874,0.5987710260822495,0.13988643844841217,-7.261440290310668,-0.00045493898883015925,0.033882
25.00803565979004,3.443468301629583,0.8206950871253172,2.2687292430474275,0.5714474016404197,0.12026270151698223,-7.281064027242098,-0.00045616844231042354,0.033882
25.034589290618896,3.4465404468229828,0.8176230029201009,2.3694665416814176,0.5084747091654004,0.07966478497942331,-7.321661943779657,-0.00045871195631863663,0.033882
25.06175947189331,3.4424981505380132,0.825222369177926,2.355236854446881,0.572855367594999,0.11542758851054585,-7.285899140248534,-0.00045647136863551677,0.033882
25.091268301010132,3.444600144583175,0.8266775669972817,2.3893438869647783,0.638691060526211,0.1483863364995451,-7.252940392259535,-0.00045440645879893366,0.033882
25.11630940437317,3.4428215342340227,0.820048332552794,2.375930659705204,0.5901606561576306,0.12340030554265445,-7.277926423216425,-0.0004559718672033207,0.033733
25.142650842666626,3.4450852201391413,0.8253840578241186,2.413999046236108,0.6323432229316501,0.1431609840645812,-7.258165744694498,-0.00045473383414845145,0.033733
25.17018222808838,3.4478339816731447,0.8305580945554539,2.4982740595395945,0.7357171785791811,0.18882768918492776,-7.212499039574151,-0.0004518727537263791,0.033733
25.19741201400757,3.4444384527317764,0.8302347172567207,2.486080098678584,0.8034635625576738,0.22367038067165879,-7.17765634808742,-0.00044968981229887115,0.033733
25.225940704345703,3.439426005484759,0.8215035303432267,2.37245954175881,0.7262706391973487,0.19652553328039646,-7.204801195478682,-0.0004513904734529135,0.033733
25.251678466796875,3.4450852201391413,0.8271626329388786,2.4115692636736314,0.7530048280172129,0.20638569188395814,-7.19494103687512,-0.00045077272127077477,0.033733
25.278704404830933,3.437485703400696,0.8263541897033871,2.279623977824254,0.7601802979160481,0.22581131256743697,-7.175515416191641,-0.00044955568003958365,0.033733
25.304728984832764,3.43700062788631,0.8211801530557621,2.177092783010894,0.6913569691342619,0.19882870955394866,-7.202498019205129,-0.00045124617636540794,0.033733
25.33508563041687,3.4416896913031505,0.8210184644121803,2.203626064585847,0.6408729465821904,0.16563241458169378,-7.235694314177384,-0.00045332596883960026,0.033733
25.361779928207397,3.444276760880673,0.8260308124098952,2.2764366703659684,0.6770725960115552,0.1793825490246572,-7.221944179734421,-0.00045246450444553127,0.033582
25.39226794242859,3.438940929959764,0.8263541897033871,2.215539646998783,0.7070277355120893,0.2035970091537968,-7.197729719605281,-0.00045094743598999106,0.033582
25.420796632766724,3.4405578483867303,0.8303964059060367,2.2068100473286965,0.7856886448973786,0.25074486176550626,-7.150581866993571,-0.0004479935596878881,0.033582
25.451772928237915,3.4458936794049895,0.8282944534727967,2.312563777013834,0.810751279252707,0.249641318502471,-7.151685410256606,-0.00044806269815576,0.033582
25.478679656982422,3.4426598423858707,0.8303964059060367,2.3187947509564766,0.8582951255158026,0.2744923196682779,-7.126834409090799,-0.0004465057495491764,0.033582
25.507474184036255,3.4412046157657725,0.8347619994757705,2.2926479469469125,0.9538835155852048,0.3298206118591191,-7.071506116899958,-0.0004430393577182626,0.033582
25.532511711120605,3.447187214245701,0.8258691237633001,2.3997689621745835,0.8938723018658328,0.2809532496730398,-7.120373479086037,-0.00044610096360509985,0.033582
25.558892011642456,3.4470255223895787,0.8297496513093778,2.4713638408837797,0.9072490714069689,0.27734798608734323,-7.123978742671734,-0.0004463268382118678,0.033582
25.58493447303772,3.447672289815841,0.8261925010565908,2.535039583818045,0.8658435758381683,0.24854457694480053,-7.152782151814277,-0.0004481314104876538,0.033582
25.612612009048462,3.451714586337091,0.8334684902622373,2.6643584051038784,0.9407058906462764,0.2676922859244153,-7.133634442834662,-0.0004469317807980419,0.033582
25.642272233963013,3.448480749105315,0.8300730286075055,2.687084938708719,0.9446479685194161,0.2666631295326258,-7.134663599226451,-0.00044699625882850286,0.03343
25.66978693008423,3.453008121262913,0.8352470654325161,2.7979088107396435,1.0212535832733007,0.28635111540016106,-7.114975613358916,-0.0004457627800660829,0.03343
25.69881296157837,3.448319057246829,0.8308814718545908,2.7771803906540384,1.0125698157988743,0.28524772533843673,-7.116079003420641,-0.0004458319089356869,0.03343
25.724898099899292,3.4429832260824704,0.825060680531834,2.650806044076926,0.9234142497977825,0.26136202998791686,-7.139964698771161,-0.00044732837983620105,0.03343
25.754543781280518,3.448965824682545,0.8208567757686985,2.6877677820261416,0.8010053506432518,0.20037731959716687,-7.200949409161911,-0.0004511491538658779,0.03343
25.780084371566772,3.438779238118689,0.8291028967143332,2.5000815935262084,0.8330114356361673,0.23624475841936676,-7.1650819703397115,-0.0004489020106412104,0.03343
25.81059694290161,3.4391026218011342,0.8279710761768878,2.375480924851848,0.8392618478353893,0.2558973482314916,-7.145429380527586,-0.00044767074948921104,0.03343
25.83718729019165,3.4421747668431832,0.8232821054314547,2.3526672591309334,0.7767140554708346,0.22466115431917502,-7.1766655744399035,-0.00044962773899890024,0.03343
25.863402366638184,3.4368389360487708,0.8266775669972817,2.2248332483650106,0.7813921420392971,0.24498316002071605,-7.156343568738363,-0.00044835453804217053,0.03343
25.89343786239624,3.4463787549680416,0.831689915104201,2.3353495134783424,0.8562052694116514,0.2711642194267491,-7.1301625093323295,-0.00044671425950010545,0.03328
25.92094922065735,3.4424981505380132,0.831689915104201,2.3313549347047626,0.9085744585722964,0.3005105538441354,-7.100816174914943,-0.0004448756722265129,0.03328
25.948033571243286,3.443144917931213,0.8258691237633001,2.3421180567079043,0.8621559619567974,0.27334586494364016,-7.127980863815438,-0.00044657757647776275,0.03328
25.97472047805786,3.439911081012406,0.8260308124098952,2.2818556073761247,0.8319707067737812,0.2657292082899813,-7.135597520469097,-0.00044705477024893593,0.03328
26.002244234085083,3.434575250354146,0.8328217356578994,2.1278074509369747,0.9077641122535798,0.33897628050106593,-7.062350448258012,-0.0004424657427785944,0.03328
26.029712200164795,3.438294162597231,0.8346003108237245,2.0979398668967453,0.986204113776024,0.39316405133353677,-7.008162677425542,-0.00043907080614289984,0.03328
26.056734561920166,3.4368389360487708,0.831689915104201,2.0465240738010664,0.9995736496273614,0.4144724585061367,-6.986854270252942,-0.00043773580580892764,0.03328
26.0877583026886,3.437970778917733,0.8302347172567207,2.034261839687812,0.988163092291399,0.41076519026212865,-6.99056153849695,-0.0004379680711445666,0.03328
26.119312286376953,3.4339284830234256,0.8270009442915789,1.9409324877203733,0.9340218527251616,0.40176982368521036,-6.999556905073868,-0.0004385316429445193,0.03328
26.146072387695312,3.432149872888226,0.8258691237633001,1.8383137958064768,0.8799691378638036,0.3941161379708951,-7.007210590788183,-0.0004390111566360855,0.03328
26.176756143569946,3.433766791191481,0.831528226454077,1.8003790255601453,0.9229014739906072,0.4379514278170268,-6.963375300942052,-0.00043626481684117094,0.03312
26.20377469062805,3.4353837095241717,0.830719783204972,1.807723001098191,0.9414156468100039,0.44888124008133645,-6.952445488677743,-0.0004355800494202692,0.03312
26.229801893234253,3.436515552374576,0.8352470654325161,1.8365926046394572,1.0189909580767091,0.4927649790978107,-6.908561749661269,-0.00043283067421974854,0.03312
26.258698225021362,3.433766791191481,0.8329834243088322,1.7991741917431943,1.040985980675372,0.5216715876584765,-6.879655141100603,-0.0004310196363617845,0.03312
26.29025387763977,3.439426005484759,0.8333068016110011,1.8916254069040435,1.0609978815182537,0.5007175702860509,-6.900609158473029,-0.0004323324336987069,0.03312
26.31625199317932,3.4421747668431832,0.8404211023612683,2.0139683965674706,1.1765446840958242,0.5285585266946818,-6.872768202064398,-0.00043058816037960964,0.03312
26.344640254974365,3.437809087078426,0.8303964059060367,2.0080830340266687,1.1143505089059846,0.4945622963352323,-6.906764432423847,-0.00043271806988040134,0.03312
26.37039828300476,3.439426005484759,0.8367022633082251,2.0378615965024696,1.1608145943786812,0.5119606635101207,-6.889366065248959,-0.0004316280388048307,0.03312
26.397578239440918,3.444115069029865,0.8368639519615887,2.157011710868893,1.195647146754014,0.4950533681904987,-6.906273360568581,-0.0004326873035689885,0.032969
26.42560839653015,3.4412046157657725,0.830719783204972,2.1793998188856105,1.132337617744383,0.45468743203012424,-6.946639296728955,-0.00043521628369494063,0.032969
26.45193314552307,3.4295628036642154,0.8354087540849674,1.9510036263557677,1.1549440302621903,0.5379386420563882,-6.863388086702692,-0.0004300004835514383,0.032969
26.47999334335327,3.434898634021273,0.8265158783502841,1.9029907271771582,1.0438454319396706,0.4855153005742242,-6.915811428184856,-0.00043328487631809343,0.032969
26.507442474365234,3.434251866688197,0.8278093875290845,1.8558223718679367,0.9845379527827659,0.461722440486355,-6.939604288272726,-0.00043477553096469244,0.032969
26.535244941711426,3.4285926527246215,0.831689915104201,1.7041604258754492,0.9984073369320796,0.531315588008397,-6.870011140750684,-0.0004304154267846122,0.032969
26.562007427215576,3.436515552374576,0.8378340838839,1.7640988019835595,1.0958082218384002,0.5742099259508955,-6.8271168028081854,-0.0004277280388904863,0.032969
26.597911834716797,3.437970778917733,0.8441399414681078,1.8365641494155571,1.2539888519762756,0.6411317330656188,-6.760194995693462,-0.0004235352977754648,0.032969
26.626549005508423,3.437162319724144,0.8258691237633001,1.8703407346915777,1.1039460373395835,0.5360771474456271,-6.865249581313454,-0.0004301171086894378,0.032969
26.656870365142822,3.4410429239205693,0.8297496513093778,1.9753403038402488,1.0543006862385937,0.4674702434521813,-6.933856485306899,-0.00043441542338758303,0.032969
26.684095859527588,3.437970778917733,0.8368639519615887,1.984433200715221,1.1210874110559519,0.5060007281236186,-6.895326000635462,-0.0004320014367630632,0.032817
26.71271014213562,3.4415279994570627,0.8405827910169678,2.0653745252390863,1.2209150473499841,0.5368618399736517,-6.864464888785429,-0.0004300679466484419,0.032817
26.74271249771118,3.434251866688197,0.8341152448681941,1.9694910305112865,1.1984866907752871,0.5572262799054011,-6.84410044885368,-0.0004287920871301856,0.032817
26.768918991088867,3.429401111840215,0.8362171973487432,1.80067764321702,1.2127868440625809,0.6337224022144536,-6.767604326544627,-0.00042399950230660103,0.032817
26.79705834388733,3.437970778917733,0.8299113399583911,1.8621693382789732,1.1327969434270309,0.5578276247807311,-6.84349910397835,-0.0004287544120659307,0.032817
26.826807022094727,3.4251971245193658,0.8223119735636433,1.6374168476221036,0.9683424678658148,0.5382552850500022,-6.863071443709079,-0.00042998064544252674,0.032817
26.856035232543945,3.427945885437438,0.8276476988813819,1.5377172339813057,0.9293781854674309,0.5569854259535886,-6.844341302805493,-0.00042880717695381734,0.032817
26.885576725006104,3.435060325855278,0.8268392556443799,1.6170800840014903,0.8905647254919256,0.4812907112848131,-6.920036017474269,-0.00043354955251216924,0.032817
26.91388726234436,3.43554540135906,0.831689915104201,1.682803573512103,0.9326260778284883,0.4877229493188321,-6.913603779440249,-0.000433146564158603,0.032668
26.945297241210938,3.428916036369977,0.8174613142787219,1.5898269295243717,0.7589920901236659,0.3663810894996169,-7.0349456392594645,-0.00044074879468063665,0.032668
26.973694801330566,3.431988181059519,0.8346003108237245,1.5891500736939128,0.882063698285079,0.48713730491905516,-6.9141894238400265,-0.0004331832555669733,0.032668
27.00276279449463,3.438940929959764,0.838157461192149,1.734439029328338,1.0189830598960923,0.5333200640723644,-6.8680066646867175,-0.0004302898436664956,0.032668
27.028688669204712,3.440719540231049,0.8341152448681941,1.8734294466621106,1.057134299557561,0.503892337428533,-6.897434391330549,-0.0004321335302724131,0.032668
27.05501937866211,3.434251866688197,0.8328217356578994,1.8351294755074035,1.065378627202223,0.5244122049135561,-6.876914523845526,-0.0004308479330091509,0.032668
27.082503080368042,3.431988181059519,0.8346003108237245,1.7608618558820257,1.096534274240072,0.5777378818801939,-6.823588846878888,-0.00042750700771224283,0.032668
27.10927128791809,3.437485703400696,0.8352470654325161,1.824128792370127,1.127573997277759,0.5710120072337501,-6.8303147215253315,-0.0004279283927940336,0.032668
27.136018753051758,3.4424981505380132,0.8425230548932973,1.9735004299289747,1.2531479687518028,0.5880523872867343,-6.813274341472347,-0.00042686079009255154,0.032517
27.162656784057617,3.4465404468229828,0.8350853767801664,2.1628063724984945,1.2348958909060086,0.5133874625684002,-6.887939266190681,-0.00043153864792714176,0.032517
27.190926790237427,3.436192168701559,0.8328217356578994,2.0783713015417358,1.1898117411461395,0.5148397257869524,-6.886487002972129,-0.0004314476616856044,0.032517
27.219043970108032,3.437809087078426,0.8270009442915789,2.053165067508667,1.0751759069234752,0.45386667898155936,-6.947460049777522,-0.0004352677049759903,0.032517
27.245707035064697,3.427945885437438,0.8143892301115035,1.8287409879019063,0.8149308156667444,0.3329403265337538,-7.068386402225327,-0.0004428439034030342,0.032517
27.271612644195557,3.4211548292058,0.812772343722175,1.5292712264450972,0.6096823284022992,0.2089162657683802,-7.192410462990701,-0.0004506141774174742,0.032517
27.30190420150757,3.438617546277908,0.8287795194174161,1.6857441729909228,0.6944699351186427,0.262241014130222,-7.139085714628859,-0.00044727331029890407,0.032517
27.328510761260986,3.444115069029865,0.8216652189871094,1.9105295144107668,0.6522827923991529,0.1764667527616132,-7.224859975997468,-0.00045264718299834063,0.032517
27.358155488967896,3.4424981505380132,0.8365405746549631,2.0339809353574005,0.835059500280921,0.2969578632010579,-7.1043688655580235,-0.0004450982530678022,0.032517
27.385104417800903,3.444115069029865,0.8242522373028814,2.154295248067351,0.7876185667534634,0.24008837610695094,-7.161238352652131,-0.0004486612028297668,0.032517
27.411750555038452,3.4424981505380132,0.8281327648247918,2.2046169489170593,0.8097945320840131,0.2466063651095241,-7.154720363649558,-0.00044825284206282735,0.032517
27.440839290618896,3.445246911991721,0.8248989918858424,2.29746928056029,0.7791638587581599,0.21279887793784313,-7.188527850821239,-0.00045037092654935765,0.032366
27.467268228530884,3.432796640205997,0.8355704427375198,2.101448876357783,0.9100300915046942,0.334676758347371,-7.066649970411711,-0.00044273511361727865,0.032366
27.501387357711792,3.4428215342340227,0.8226353508525123,2.1744041522802764,0.8170210563541747,0.2565486773120593,-7.144778051447023,-0.0004476299428473521,0.032366
27.52803635597229,3.4429832260824704,0.825222369177926,2.228862677215308,0.7888378106271451,0.22871018866940374,-7.172616540089679,-0.000449374061557596,0.032366
27.55362892150879,3.4421747668431832,0.8171379369962637,2.250034485785387,0.65372491834023,0.1357405421639063,-7.2655861865951765,-0.0004551987348017657,0.032366
27.58615279197693,3.434251866688197,0.8239288600120042,2.098753002893703,0.6560689745323321,0.15305077506972214,-7.248275953689361,-0.00045411422545654746,0.032366
27.616820096969604,3.4376473952394133,0.8278093875290845,2.0640424268635815,0.7130944325976301,0.20085578351877148,-7.200470945240312,-0.00045111917745844604,0.032366
27.646873712539673,3.438132470757335,0.8236054827215286,2.049914518435405,0.6930122496555886,0.1875778455253912,-7.213748883233692,-0.0004519510581106244,0.032366
27.677637100219727,3.4421747668431832,0.8218269076310923,2.1247707746394546,0.6535701049855586,0.14806971801682867,-7.253257010742255,-0.0004544262953722049,0.032217
27.709660530090332,3.4458936794049895,0.827324321586279,2.2551362861314024,0.7044221465282878,0.1692227912910874,-7.232103937467996,-0.00045310102691563126,0.032217
27.736207962036133,3.434898634021273,0.8281327648247918,2.115883589020084,0.751557037926387,0.22149317335599097,-7.179833555403093,-0.00044982621726194537,0.032217
27.769235849380493,3.4395876973270134,0.8312048491541318,2.1167118166572934,0.8283976190423391,0.27670100964851185,-7.124625719110572,-0.00044636737215487563,0.032217
27.79826807975769,3.4391026218011342,0.8195632666244533,2.1071220810435856,0.7160321699387749,0.19652018914421132,-7.204806539614872,-0.00045139080827022487,0.032217
27.830807209014893,3.4429832260824704,0.8302347172567207,2.181765227349612,0.7896840565093874,0.237629981861684,-7.1636967468974,-0.00044881522453171227,0.032217
27.856851816177368,3.4391026218011342,0.8312048491541318,2.15265946852824,0.8550865320504436,0.28834509746790227,-7.1129816312911816,-0.00044563785441092724,0.032217
27.8915798664093,3.438455854437423,0.8268392556443799,2.118726110826828,0.8385605681000334,0.2837535911604608,-7.117573137598622,-0.0004459255184490798,0.032217
27.920144081115723,3.4481573653886395,0.825060680531834,2.298362668721552,0.8016077764085897,0.2269583121588185,-7.174368416600265,-0.00044948381897436427,0.032065
27.94719672203064,3.443791685329134,0.8181080688448383,2.332582797763309,0.6765100486318547,0.14152055432082028,-7.259806174438263,-0.00045483660927556654,0.032065
27.973769426345825,3.4357070931942433,0.8231204167865686,2.187045304656594,0.6604801036049186,0.14492255906213972,-7.256404169696944,-0.00045462346910844624,0.032065
28.001285791397095,3.438294162597231,0.8289412080658243,2.1394063645004726,0.73233607023419,0.2035001404970967,-7.197826588261988,-0.0004509535049414621,0.032065
28.03085470199585,3.4467021386782193,0.8284561421209024,2.282330358630133,0.7757121694578655,0.21269834529341583,-7.188628383465669,-0.00045037722505458154,0.032065
28.061437845230103,3.4429832260824704,0.8271626329388786,2.3044110216601954,0.7876138991995736,0.21734867569674232,-7.183978053062342,-0.0004500858756078005,0.032065
28.094971418380737,3.4402344646989786,0.8284561421209024,2.2622403462048224,0.8144066497336381,0.24147672110919452,-7.15985000764989,-0.0004485742211503458,0.032065
28.13552165031433,3.44136630761127,0.8179463802031591,2.2564496953481776,0.6831615675817145,0.15302754174408406,-7.248299187015,-0.0004541156810556092,0.032065
28.162549257278442,3.4420130749962103,0.8261925010565908,2.2659555667200504,0.7089823231604903,0.1697706299422851,-7.2315560988167995,-0.00045306670408819575,0.032065
28.19057583808899,3.4457319875512296,0.8260308124098952,2.3505758086871826,0.7247491596163672,0.1705879543884882,-7.230738774370597,-0.0004530154976136899,0.031914
28.21859383583069,3.448319057246829,0.8242522373028814,2.464047289217291,0.7104013282882811,0.15006333375211267,-7.251263395006973,-0.0004543013926682695,0.031914
28.24414038658142,3.4433066097802505,0.8124489664455052,2.438392536668284,0.5318963025774964,0.04068237006413059,-7.360644358694955,-0.00046115425698003406,0.031914
28.27120304107666,3.444761836434868,0.830719783204972,2.450942696377067,0.6677120268208216,0.1251561634108868,-7.276170565348199,-0.00045586186034914794,0.031914
28.29724359512329,3.440719540231049,0.8328217356578994,2.3749820135961928,0.7927830362865055,0.2117124084041905,-7.189614320354895,-0.00045043899532514804,0.031914
28.333808422088623,3.4444384527317764,0.8237671713667161,2.3997756665181655,0.7511019646655422,0.1822125147463939,-7.219114214012691,-0.00045228720329143577,0.031914
28.364343643188477,3.4455702956977645,0.8263541897033871,2.44086004665139,0.7588482935698802,0.1823210733395548,-7.21900565541953,-0.00045228040194974226,0.031914
28.392866134643555,3.4462170631133953,0.8242522373028814,2.483178440359576,0.7342707220557391,0.1627983606065122,-7.238528368152573,-0.0004535035261282669,0.031914
28.42137885093689,3.4353837095241717,0.825060680531834,2.285682591457805,0.728604884177588,0.1812439584269216,-7.220082770332164,-0.0004523478846459591,0.031763
28.45840620994568,3.4412046157657725,0.8321749810551795,2.2694694352978737,0.8261772664117095,0.25023788279060877,-7.151088845968477,-0.00044802532260171515,0.031763
28.48595643043518,3.436515552374576,0.81778469156158,2.1598151085792474,0.6890933068801245,0.16860738280216936,-7.232719345956917,-0.00045313958308417,0.031763
28.512465953826904,3.440719540231049,0.8310431605043109,2.1711927021377377,0.782365314816084,0.2367096728924185,-7.1646170558666675,-0.00044887288312493224,0.031763
28.539527416229248,3.4460553712590447,0.8271626329388786,2.2910214672870315,0.7922711009503239,0.22387725781193238,-7.1774494709471535,-0.0004496768511681254,0.031763
28.57155966758728,3.439264313642799,0.8287795194174161,2.2325286681314656,0.8222820759022622,0.25434577878774084,-7.146980949971345,-0.00044776795739916045,0.031763
28.601591110229492,3.435060325855278,0.8263541897033871,2.103448087906627,0.8086743714355752,0.2697210702167954,-7.1316056585422904,-0.00044680467473676134,0.031763
28.63513994216919,3.4420130749962103,0.8211801530557621,2.1588544415109587,0.7253028205979309,0.19580470741162737,-7.205522021347459,-0.00045143563416191247,0.031763
28.664181232452393,3.4403961565427075,0.8221502849193592,2.1637405717907123,0.680788889470597,0.16100767474555866,-7.240319054013527,-0.0004536157150029702,0.031604
28.694210529327393,3.4410429239205693,0.8124489664455052,2.180720189809674,0.511167595405116,0.027760605200294483,-7.373566123558792,-0.00046196382290718203,0.031604
28.7202365398407,3.4405578483867303,0.8276476988813819,2.182436427296311,0.6093557747449382,0.10409854669715142,-7.297228182061935,-0.0004571811483239734,0.031604
28.74577283859253,3.439264313642799,0.8215035303432267,2.1565191401379673,0.5903951877284321,0.0912295503303943,-7.310097178428692,-0.0004579874082338929,0.031604
28.774827003479004,3.443629993479211,0.8216652189871094,2.2299024959345726,0.5794304692260028,0.07795098763572117,-7.323375741123366,-0.0004588193280244465,0.031604
28.800353288650513,3.434251866688197,0.8268392556443799,2.0846606099981266,0.645601324122928,0.14315489182694716,-7.25817183693214,-0.00045473421583532383,0.031604
28.828387022018433,3.437809087078426,0.8318516037544261,2.0575675834281,0.7634593893698355,0.24548034932261553,-7.155846379436472,-0.0004483233884645087,0.031604
28.855910062789917,3.4460553712590447,0.820048332552794,2.211483884190254,0.6774984863481757,0.1532478562609687,-7.248078872498119,-0.00045410187805516747,0.031604
28.881962537765503,3.4467021386782193,0.8287795194174161,2.3327846224129987,0.7419412456807541,0.18463765009807478,-7.2166890786610125,-0.00045213526530385207,0.031604
28.90898585319519,3.444115069029865,0.8253840578241186,2.3634578290062476,0.7385896355978399,0.1785488055008229,-7.222777923258264,-0.0004525167395973079,0.031453
28.941535472869873,3.446863830533751,0.8323366697057077,2.442556215721947,0.8354742849098524,0.23067897965289788,-7.170647749106189,-0.0004492507141577087,0.031453
28.968615770339966,3.4420130749962103,0.8312048491541318,2.396230130981689,0.8871396919307718,0.27061654973212323,-7.1307101790269645,-0.00044674857174218546,0.031453
28.999732494354248,3.443791685329134,0.8339535562165532,2.401090021345405,0.962536249461992,0.31671377710071325,-7.084612951658374,-0.00044386051852291923,0.031453
29.025752782821655,3.447187214245701,0.8299113399583911,2.475678414253497,0.9576215272066219,0.299436318467318,-7.1018904102917695,-0.00044494297451594313,0.031453
29.059383153915405,3.440072772855545,0.8342769335199364,2.378737689336006,1.0164889191962263,0.354601330526964,-7.046725398232123,-0.00044148681240459075,0.031453
29.089802503585815,3.4458936794049895,0.8292645853629431,2.4329131264189328,0.9861576260998407,0.3246257933922833,-7.076700935366803,-0.00044336482007366015,0.031453
29.119582891464233,3.444276760880673,0.8326600470070677,2.4369376136491283,1.0133872632735248,0.340086960467617,-7.06123976829147,-0.00044239615718666067,0.031453
29.14673137664795,3.4467021386782193,0.8234437940764414,2.49060223303421,0.9009095387024049,0.2625937440252658,-7.138732984733821,-0.00044725121129714093,0.031453
29.1816725730896,3.447187214245701,0.8281327648247918,2.5383369624356575,0.8890982124482737,0.2480906189527781,-7.153236109806309,-0.00044815985156567816,0.031453
29.210095643997192,3.4426598423858707,0.831689915104201,2.47683598075174,0.9315995186979362,0.2835200275109711,-7.117806701248115,-0.0004459401515254778,0.031294
29.236677885055542,3.443629993479211,0.8303964059060367,2.4541242843642044,0.942888893127465,0.2944864137160406,-7.106840315043046,-0.0004452530926980559,0.031294
29.262718200683594,3.445408603844595,0.8253840578241186,2.47551424725537,0.8792529888105375,0.2516776295033651,-7.149649099255722,-0.00044793512053608003,0.031294
29.290754556655884,3.4421747668431832,0.8299113399583911,2.4226905848134423,0.8993232447506031,0.27313475532992343,-7.128191973429164,-0.00044659080277865645,0.031294
29.317403078079224,3.44233645869045,0.8226353508525123,2.3891038528685646,0.8095262636263103,0.22014614248916214,-7.181180586269925,-0.00044991061055528383,0.031294
29.345540523529053,3.447672289815841,0.8284561421209024,2.4774575922073945,0.8297453048323512,0.22042825563977278,-7.180898473119315,-0.0004498929357874219,0.031294
29.37213706970215,3.4458936794049895,0.8281327648247918,2.502017058428923,0.8392832487392357,0.22293258170151148,-7.178394147057577,-0.0004497360363954723,0.031294
29.397162914276123,3.444761836434868,0.8284561421209024,2.4954798616095077,0.8505751944114032,0.23089178550154063,-7.170434943257547,-0.0004492373815854189,0.031294
29.42471671104431,3.438779238118689,0.8116405232555741,2.3654800492345553,0.6184795472388701,0.08991899148901847,-7.311407737270069,-0.0004580695165058419,0.031294
29.4510395526886,3.4444384527317764,0.8303964059060367,2.3931242914650537,0.7237049131061246,0.1613247401297016,-7.240001988629386,-0.00045359585043072454,0.031135
29.47755217552185,3.4494509002624345,0.8255457464704119,2.517560051289845,0.7281318952391227,0.15127991869174268,-7.250046810067345,-0.0004542251719875047,0.031135
29.504090070724487,3.4526847375296827,0.827324321586279,2.67246172520619,0.7566153997057832,0.15409643895038633,-7.2472302898087015,-0.00045404871320973354,0.031135
29.536651134490967,3.444923528286857,0.8263541897033871,2.618180960217127,0.762707698098041,0.16277796238318248,-7.238548766375906,-0.0004535048041043606,0.031135
29.564239501953125,3.446863830533751,0.831528226454077,2.6208624075695814,0.8408184661545718,0.20877414284724735,-7.192552585911841,-0.00045062308160940417,0.031135
29.5948007106781,3.4462170631133953,0.831689915104201,2.6091800930023226,0.8978036962923417,0.24371855921320248,-7.1576081695458855,-0.000448433766981561,0.031135
29.622697353363037,3.4560802667876223,0.8344386221717799,2.807782231215223,0.976924130078967,0.259120420277014,-7.1422063084820735,-0.0004474688196958519,0.031135
29.657146215438843,3.4475105979588325,0.8378340838839,2.7671426250812865,1.080769977041216,0.318703554981758,-7.082623173777329,-0.00044373585626570743,0.031135
29.685677766799927,3.4515528944726936,0.8161678051512878,2.8234407018645156,0.844231280636834,0.18752039256807654,-7.213806336191011,-0.0004519546576155798,0.031135
29.717183113098145,3.449935975844984,0.8378340838839,2.82895103471731,0.9878849824317277,0.2618854355073499,-7.139441293251737,-0.0004472955877772933,0.031135
29.746996879577637,3.443629993479211,0.8388042158098654,2.7006048221401344,1.1022887290373153,0.3421145759165508,-7.0592121528425364,-0.0004422691243549916,0.030977
29.779252529144287,3.4439533771793513,0.8297496513093778,2.6175421369826486,1.053140570427003,0.3312402319938744,-7.070086496765213,-0.0004429504166097768,0.030977
29.80526876449585,3.450906127018062,0.8291028967143332,2.7051610317629287,1.0095060894847963,0.29163709058804477,-7.109689638171043,-0.00044543160661965776,0.030977
29.838457345962524,3.4488041328231733,0.82748601023378,2.7224264413880226,0.9558850281385145,0.25963780505199796,-7.14168892370709,-0.0004474364048446713,0.030977
29.863479375839233,3.4470255223895787,0.8294262740116538,2.6972240763331934,0.9460425948374681,0.2578792019280984,-7.14344752683099,-0.0004475465836927999,0.030977
29.89110779762268,3.453331504997326,0.8329834243088322,2.811785871441854,0.9899221264079019,0.2650265007469277,-7.136300228012161,-0.00044709879582048974,0.030977
29.918621063232422,3.4426598423858707,0.8396126590842965,2.6682502170560594,1.1152531926514793,0.3559427805651131,-7.045383948193975,-0.00044140276875766644,0.030977
29.94538116455078,3.4429832260824704,0.8268392556443799,2.5745549225583626,1.0206772305207594,0.32143427744385716,-7.0798924513152315,-0.00044356477283514606,0.030977
29.976893663406372,3.4467021386782193,0.8286178307691089,2.5869343492706527,0.9798586741293006,0.29509788107818236,-7.106228847680907,-0.00044521478344640436,0.030977
30.004100561141968,3.4457319875512296,0.8302347172567207,2.5752609564726043,0.9743626094427553,0.2939355296041199,-7.10739119915497,-0.00044528760632769703,0.030818
30.034143686294556,3.453654888732923,0.8346003108237245,2.7331913519293574,1.0328230618084475,0.29970293330212894,-7.101623795456961,-0.00044492627073838587,0.030818
30.06461524963379,3.450421051430193,0.8341152448681941,2.7759459859662408,1.0668223008962074,0.31064239003194893,-7.090684338727141,-0.00044424089907876396,0.030818
30.091678619384766,3.445246911991721,0.8333068016110011,2.6973996064947356,1.0790833056728282,0.3311366358637488,-7.070190092895341,-0.000442956907046495,0.030818
30.11769986152649,3.4513912026085922,0.8363788860018024,2.771230756736477,1.1315121670309471,0.34515305253389905,-7.056173676225191,-0.00044207875971318303,0.030818
30.15031909942627,3.449935975844984,0.8281327648247918,2.7924040731276425,1.0505200522782476,0.2992135074486369,-7.102113221310453,-0.00044495693392557645,0.030818
30.175877809524536,3.4426598423858707,0.8308814718545908,2.6546829582361484,1.0330563441023333,0.31348402411653326,-7.087842704642556,-0.0004440628668860609,0.030818
30.207892179489136,3.450421051430193,0.8349236881279177,2.720990110381032,1.0785240611228517,0.32652068064577955,-7.0748060481133095,-0.00044324610284173546,0.030818
30.235246896743774,3.4526847375296827,0.8260308124098952,2.8148627665699864,0.983428376190016,0.26000774912003277,-7.141318979639056,-0.0004474132273518454,0.030667
30.261308193206787,3.4526847375296827,0.8324983583563372,2.8805736259022794,1.0091690958297879,0.26426546096630593,-7.137061267792783,-0.00044714647598508706,0.030667
30.287612199783325,3.445408603844595,0.8271626329388786,2.774028786332022,0.9510337476599188,0.24812973046882095,-7.153196998290268,-0.00044815740117665784,0.030667
30.31562852859497,3.4505827432925202,0.8303964059060367,2.807922022128362,0.9564928534008571,0.24643007026460284,-7.154896658494486,-0.0004482638871716874,0.030667
30.341651916503906,3.452037970066772,0.8333068016110011,2.86215577618696,1.0018526924260893,0.26310971026746954,-7.13821701849162,-0.00044721888531894477,0.030667
30.36830425262451,3.4415279994570627,0.8291028967143332,2.6797803280692727,0.9736045748841546,0.27527325327102836,-7.126053475488061,-0.00044645682300989913,0.030667
30.39532494544983,3.4488041328231733,0.8321749810551795,2.70465994880246,0.9976770499063062,0.2850116203691743,-7.116315108389915,-0.00044584670122918313,0.030667
30.42542266845703,3.4458936794049895,0.8367022633082251,2.6610587080454877,1.0791431730789158,0.33936865782886033,-7.061958070930229,-0.0004424411598119095,0.030667
30.454541206359863,3.454301656207666,0.8371873292686199,2.8068091068845633,1.1430925369373883,0.34584264827000033,-7.055484080489089,-0.00044203555561394913,0.030667
30.484841346740723,3.4481573653886395,0.8404211023612683,2.7800207659619485,1.234010942889212,0.39772508251552,-7.0036016462435695,-0.00043878505141229653,0.030513
30.510756015777588,3.4462170631133953,0.837510706576057,2.720590943876976,1.2561153609036009,0.42217498025870187,-6.979151748500388,-0.0004372532324739619,0.030513
30.53929114341736,3.450421051430193,0.8434931868369605,2.767125700329605,1.3569730788916525,0.4614652028579154,-6.939861525901174,-0.00043479164724767437,0.030513
30.566241025924683,3.443791685329134,0.8195632666244533,2.660716919888937,1.0860349918332912,0.34278347256699626,-7.0585432561920936,-0.0004422272170812803,0.030513
30.59326195716858,3.4513912026085922,0.838157461192149,2.745552876112421,1.1617629653798378,0.36722899060435693,-7.034097738154733,-0.0004406956725373988,0.030513
30.618850708007812,3.4492892084021762,0.8421996775795576,2.760870228506151,1.2724648612343004,0.42146441940294993,-6.97986230935614,-0.00043729775006610543,0.030513
30.647717475891113,3.450421051430193,0.8336301789135747,2.7953211995699903,1.2276484829390897,0.39116079626128925,-7.0101659324978005,-0.0004391963127642458,0.030513
30.680405139923096,3.4462170631133953,0.8397743477394874,2.7313012474025835,1.283969334793825,0.4342547347284817,-6.967071994030608,-0.00043649641962911474,0.030513
30.71164608001709,3.4515528944726936,0.8397743477394874,2.7983517374894267,1.3233939310921392,0.43834059226146005,-6.96298613649763,-0.00043624043516594463,0.030513
30.742666959762573,3.449127516542213,0.8399360363947802,2.794439599439361,1.3532988410729283,0.4538357859588744,-6.947490942800216,-0.00043526964046536223,0.030513
30.768195629119873,3.4458936794049895,0.8402594137056706,2.7239044634913303,1.3788476632077746,0.4837833898900043,-6.917543338869086,-0.0004333933828490193,0.030354
30.79370880126953,3.452037970066772,0.838480838500804,2.8033434851410877,1.371347220458366,0.46038848669723526,-6.940938242061855,-0.0004348591049615457,0.030354
30.819741010665894,3.444600144583175,0.8443016301261494,2.7030185284507042,1.4491738436214567,0.5236497631929004,-6.87767696556619,-0.0004308957010071751,0.030354
30.846875190734863,3.450906127018062,0.8328217356578994,2.764994505790546,1.3398063080469511,0.45405599263705126,-6.947270736122039,-0.0004352558442211602,0.030354
30.87489914894104,3.451714586337091,0.8354087540849674,2.825326850484645,1.3001721134739885,0.42034596933276563,-6.980980759426325,-0.0004373678224654703,0.030354
30.90152645111084,3.448319057246829,0.8392892817742192,2.7963730184755238,1.3278127984610513,0.44066533659564283,-6.960661392163448,-0.0004360947868104672,0.030354
30.93003797531128,3.4439533771793513,0.839450970429207,2.6845798744174396,1.3494689705196108,0.4795765296770131,-6.921750199082078,-0.00043365694829264106,0.030354
30.960248947143555,3.449127516542213,0.838642527155284,2.7147992952889854,1.353089828137014,0.47345970019780637,-6.927867028561285,-0.0004340401758765448,0.030354
30.98976707458496,3.4475105979588325,0.8341152448681941,2.7020545699329452,1.291009037326205,0.44457521425827085,-6.95675151450082,-0.00043584982772257677,0.030354
31.016853094100952,3.4426598423858707,0.8329834243088322,2.591438305999848,1.2313986361500193,0.4406316155387264,-6.960695113220365,-0.0004360968994799821,0.030205
31.04429054260254,3.4420130749962103,0.8371873292686199,2.5004475941762068,1.2496713610871586,0.47737538328688445,-6.923951345472207,-0.0004337948530708886,0.030205
31.07124662399292,3.4478339816731447,0.839450970429207,2.5587880430976546,1.2947699643578816,0.4857847329970074,-6.915541995762084,-0.00043326799601486513,0.030205
31.101712226867676,3.448965824682545,0.837510706576057,2.623355181340642,1.2986466759316622,0.4694113500708087,-6.931915378688283,-0.0004342938104503448,0.030205
31.12874174118042,3.443468301629583,0.8367022633082251,2.553297892962465,1.289821911296665,0.48465897820902565,-6.916667750550065,-0.00043333852606461273,0.030205
31.16145086288452,3.446863830533751,0.8253840578241186,2.5754442604912935,1.1221061015289775,0.3792851961537618,-7.0220415326053285,-0.00043994033506404746,0.030205
31.19119381904602,3.449127516542213,0.839127593119333,2.6384043655406644,1.2008588975333758,0.4105516398647248,-6.990775088894365,-0.00043798145036383715,0.030205
31.219571113586426,3.448480749105315,0.8455951393941553,2.6689171110144687,1.3482935585160016,0.48372200657843073,-6.917604722180659,-0.0004333972285959486,0.030205
31.24659752845764,3.4412046157657725,0.8413912342969906,2.537733598987557,1.3914978134826603,0.5463356865869934,-6.854991042172097,-0.0004294743974314425,0.030205
31.274818658828735,3.4481573653886395,0.8433314981794287,2.591667910434044,1.4494331030930647,0.5592801210462488,-6.842046607712842,-0.0004286634112236885,0.030046
31.30133056640625,3.443144917931213,0.8465652713494468,2.524337139718386,1.5361416581755025,0.6255770636231263,-6.775749665135964,-0.0004245098187113736,0.030046
31.328434467315674,3.444276760880673,0.8433314981794287,2.500934422958739,1.5506837943780547,0.6411680837538755,-6.760158645005215,-0.0004235330203560145,0.030046
31.35816788673401,3.4467021386782193,0.8502841105454872,2.5353999995509255,1.6600940730044589,0.6800295990955479,-6.721297129663543,-0.000421098294215315,0.030046
31.386175870895386,3.4505827432925202,0.8286178307691089,2.640881871381591,1.4274504638678898,0.5320542896251451,-6.869272439133946,-0.0004303691461359902,0.030046
31.41780686378479,3.4415279994570627,0.8409061683286716,2.5248885947055517,1.439984569478242,0.5761092125868619,-6.825217516172229,-0.0004276090460313405,0.030046
31.44635796546936,3.4475105979588325,0.8367022633082251,2.5691170795245415,1.388758436779262,0.5338945351527817,-6.867432193606309,-0.0004302538522815933,0.030046
31.478888034820557,3.44136630761127,0.8504457992074127,2.471263408672012,1.549054015351939,0.6519694826480525,-6.749357246111038,-0.00042285629820525535,0.030046
31.506770610809326,3.445246911991721,0.8378340838839,2.4841218023887817,1.4812608967322998,0.6124447812210715,-6.7888819475380195,-0.0004253325738450893,0.030046
31.536333560943604,3.4470255223895787,0.8376723952299278,2.5304108290337153,1.431498021145432,0.5695142917002207,-6.83181243705887,-0.0004280222266841632,0.030046
31.562105655670166,3.445246911991721,0.8451100734178878,2.5255249966419493,1.5028178671802532,0.6086802220025255,-6.792646506756565,-0.00042556842853724473,0.029888
31.592097759246826,3.4488041328231733,0.8483438466103673,2.5966812168033524,1.5988956120803612,0.6309611228743667,-6.770365605884724,-0.0004241725001666175,0.029888
31.620123863220215,3.453331504997326,0.8371873292686199,2.741405869770972,1.506919244238399,0.5410578901872068,-6.8602688385718835,-0.000429805058465807,0.029888
31.64718270301819,3.444923528286857,0.8358938200429288,2.6664418614124497,1.4240742464109213,0.5216304115700379,-6.879696317189053,-0.0004310222160990397,0.029888
31.672775268554688,3.4478339816731447,0.8413912342969906,2.674984030163009,1.444544295009104,0.5296500901586733,-6.871676638600418,-0.0004305197724622415,0.029888
31.703295946121216,3.4405578483867303,0.8400977250501745,2.5284211155436602,1.440411788388221,0.5750809267956343,-6.826245801963457,-0.0004276734695175067,0.029888
31.731135845184326,3.443791685329134,0.8423613662363766,2.493623710538779,1.4698267299339234,0.603471821490446,-6.797854907268645,-0.00042589474182602163,0.029888
31.76102876663208,3.4412046157657725,0.8431698095219985,2.4150282186545335,1.5019556520064727,0.6512305889568181,-6.750096139802273,-0.0004229025908876027,0.029888
31.791197538375854,3.4500976677064243,0.8407444796727689,2.546452128531992,1.4898305085945756,0.5948591486552133,-6.806467580103877,-0.0004264343373489668,0.02973
31.824841737747192,3.4475105979588325,0.8355704427375198,2.5842115532030374,1.4074967463901793,0.5379033873674754,-6.8634233413916155,-0.00043000269230505873,0.02973
31.852107048034668,3.438455854437423,0.8402594137056706,2.4208125700991365,1.4167861969298456,0.6018953266015483,-6.799431402157543,-0.0004259935113485925,0.02973
31.882895469665527,3.44233645869045,0.8399360363947802,2.3877892425685876,1.4186734271593249,0.6163113083603136,-6.785015420398778,-0.00042509033072572376,0.02973
31.910400867462158,3.444923528286857,0.8300730286075055,2.4189102223708114,1.2792252440785494,0.5187865154232966,-6.882540213335794,-0.00043120039001297555,0.02973
31.937421798706055,3.436515552374576,0.8412295456407826,2.26442365953031,1.3408423007914128,0.622740335322776,-6.778586393436314,-0.00042468754355010416,0.02973
31.966055154800415,3.443629993479211,0.8365405746549631,2.305435659509222,1.317051156155501,0.5887224897991952,-6.812604238959896,-0.00042681880726996553,0.02973
31.992573022842407,3.4433066097802505,0.8376723952299278,2.327364395872645,1.3165512027416728,0.5789376887926955,-6.822389039966396,-0.00042743183819741684,0.02973
32.020097970962524,3.4391026218011342,0.8405827910169678,2.254578886494338,1.3577397015299935,0.6384965178880845,-6.762830210871007,-0.0004237003975463493,0.02973
32.04776453971863,3.4428215342340227,0.8451100734178878,2.2815951593759145,1.4511870434494458,0.6830098420312588,-6.718316886727832,-0.000420911577991889,0.02973
32.07623839378357,3.4397493891695623,0.8321749810551795,2.2360997475719655,1.331984777902011,0.6304289129476298,-6.770897815811461,-0.00042420584383347074,0.02957
32.10844159126282,3.447187214245701,0.8337918675650133,2.360185222612089,1.2716201171234487,0.5351174423789915,-6.8662092863801,-0.0004301772355010812,0.02957
32.136526346206665,3.43554540135906,0.8423613662363766,2.2029771705395533,1.351672560048589,0.6603258894966024,-6.7410008392624885,-0.00042233275809063024,0.02957
32.16839933395386,3.4339284830234256,0.8400977250501745,2.059033219316586,1.3754015739158594,0.7580428443491599,-6.6432838844099305,-0.00041621065960122946,0.02957
32.196497678756714,3.4415279994570627,0.8358938200429288,2.1175945382600605,1.3320118771851404,0.6933344375559807,-6.70799229120311,-0.0004202647282127391,0.02957
32.22601819038391,3.4420130749962103,0.8234437940764414,2.1687569567583496,1.123946768440533,0.505520751687545,-6.895805977071545,-0.0004320315079315592,0.02957
32.2531361579895,3.444276760880673,0.8438165641523303,2.25202829488672,1.2690704493797262,0.5792370899226215,-6.822089638836468,-0.00042741308031442695,0.02957
32.28217935562134,3.440881232075662,0.8418763002662254,2.23913176426179,1.3429647148510886,0.6364113384816511,-6.764915390277439,-0.00042383103683728415,0.02957
32.309613943099976,3.4412046157657725,0.837510706576057,2.2368838562606568,1.3323830012769144,0.6304090802949466,-6.770917648464144,-0.0004242070863758035,0.02942
32.337876081466675,3.440072772855545,0.8352470654325161,2.2115814987410367,1.2926681062035486,0.6154704505732302,-6.78585627818586,-0.00042514301159564925,0.02942
32.36290407180786,3.4368389360487708,0.8417146116097121,2.1260732160920797,1.3571753820383652,0.7067892291546116,-6.694537499604479,-0.0004194217674446158,0.02942
32.39093351364136,3.444276760880673,0.8451100734178878,2.2221496764203743,1.450792019805306,0.7138253823342826,-6.687501346424808,-0.00041898094299590625,0.02942
32.41751718521118,3.433605099359831,0.8376723952299278,2.065674310552781,1.410169807296537,0.7787660790361539,-6.622560649722937,-0.0004149123211095708,0.02942
32.44490599632263,3.443629993479211,0.8396126590842965,2.166311115224927,1.4094265692735184,0.718201643960335,-6.683125084798755,-0.0004187067643261912,0.02942
32.472421169281006,3.4439533771793513,0.8436548754945944,2.2435365421420093,1.4665986173559717,0.7120862316512112,-6.689240497107879,-0.00041908990312248547,0.02942
32.49896764755249,3.44233645869045,0.8412295456407826,2.2636960229985923,1.4720036620856116,0.7050266216146489,-6.696300107144442,-0.00041953219717478997,0.02942
32.52453541755676,3.436515552374576,0.837510706576057,2.1557737199697318,1.422710264341074,0.7327192022233313,-6.668607526535759,-0.0004177972197988797,0.02942
32.55083227157593,3.4405578483867303,0.8400977250501745,2.164973898408351,1.4251279669206063,0.7290150893215585,-6.672311639437531,-0.0004180292874480889,0.02942
32.577101707458496,3.440881232075662,0.8347619994757705,2.178193686726984,1.3506665045685695,0.6723416751735226,-6.728985053585567,-0.00042157995297658794,0.02942
32.605483293533325,3.445246911991721,0.8371873292686199,2.278972997027256,1.3331588689801395,0.6087909368289831,-6.792535791930106,-0.00042556149210463853,0.02926
32.63350224494934,3.4421747668431832,0.8367022633082251,2.2851117096537314,1.313980446430599,0.5926981805494465,-6.808628548209644,-0.0004265697249037255,0.02926
32.660305976867676,3.43700062788631,0.8357321313901737,2.1809341952915218,1.2867093954097057,0.6252696459523747,-6.776057082806716,-0.00042452907884141515,0.02926
32.687861919403076,3.443468301629583,0.8371873292686199,2.2436032027280373,1.2883888925689406,0.5943515031882697,-6.806975225570821,-0.0004264661420194154,0.02926
32.71464252471924,3.434575250354146,0.8354087540849674,2.101030767683326,1.264179922639385,0.653553362762087,-6.747773365997004,-0.00042275706598840875,0.02926
32.742554903030396,3.444276760880673,0.8430081208646704,2.2046199625341973,1.3556951942992777,0.6619924601245688,-6.739334268634522,-0.0004222283452020036,0.02926
32.771251916885376,3.4455702956977645,0.8428464322074442,2.3042510538626186,1.4174481918616324,0.6520496125302223,-6.7492771162288685,-0.00042285127796049514,0.02926
32.79940891265869,3.4426598423858707,0.8365405746549631,2.312975844750604,1.3706752799046535,0.6177175470657276,-6.783609181693363,-0.00042500222798176146,0.02926
32.82958126068115,3.44136630761127,0.839450970429207,2.291964544330237,1.379472707530128,0.6335329862852723,-6.767793742473819,-0.0004240113694690164,0.029102
32.859238147735596,3.4426598423858707,0.8415529229533005,2.304375288077934,1.4156309103790337,0.6509398053737844,-6.750386923385307,-0.00042292080886970334,0.029102
32.885623931884766,3.444276760880673,0.8388042158098654,2.346961126810472,1.4017108786004315,0.6220253555509899,-6.779301373208101,-0.0004247323379932734,0.029102
32.91939997673035,3.436192168701559,0.8430081208646704,2.207279629560136,1.4519668634720113,0.724485619979119,-6.676841108779972,-0.000418313064787047,0.029102
32.947265625,3.441851383149533,0.838480838500804,2.228146688916301,1.422530660643329,0.6943191526989908,-6.7070075760601,-0.00042020303448621425,0.029102
32.97318696975708,3.440719540231049,0.8460802053713415,2.219024808373632,1.5103868705702688,0.7535890979195122,-6.647737630839579,-0.0004164896927979788,0.029102
33.00212836265564,3.43554540135906,0.8418763002662254,2.1041648805726396,1.5118862096844632,0.8225848919918811,-6.57874183676721,-0.0004121670136139744,0.029102
33.03171181678772,3.4428215342340227,0.8430081208646704,2.17630535523067,1.52908959523083,0.7887215687768239,-6.612605159982268,-0.0004142885963036295,0.029102
33.058648347854614,3.443144917931213,0.8493139785760849,2.2335833510760392,1.6311319776322903,0.8123009131264378,-6.589025815632654,-0.00041281131870485815,0.029102
33.08908247947693,3.438617546277908,0.8451100734178878,2.178762660232629,1.6425616367210525,0.8490948959109689,-6.552231832848124,-0.00041050612625627956,0.029102
33.11910676956177,3.4397493891695623,0.8227970394970973,2.1641169981716715,1.3321008304247621,0.6663102612082522,-6.735016467550841,-0.000421957829163801,0.028943
33.14716339111328,3.4439533771793513,0.8320132924047522,2.2420006602047367,1.2463167362822036,0.5591108916859621,-6.84221583707313,-0.0004286740136704444,0.028943
33.17678785324097,3.448965824682545,0.8352470654325161,2.4016040133156062,1.232421720707251,0.47931317576132426,-6.922013552997768,-0.0004336734477692351,0.028943
33.20493674278259,3.4457319875512296,0.8388042158098654,2.4455297213040375,1.2734644458301865,0.49208455526115297,-6.9092421734979395,-0.0004328733036871621,0.028943
33.23194146156311,3.447672289815841,0.8410678569846762,2.5169557001122196,1.3345020494339812,0.5068836975318672,-6.894443031227225,-0.0004319461175435018,0.028943
33.260732650756836,3.438455854437423,0.8472120259883507,2.373733472935607,1.4649206911551103,0.6481988921492898,-6.753127836609803,-0.0004230925307652187,0.028943
33.28962230682373,3.4426598423858707,0.8355704427375198,2.361613538101724,1.3900598741825574,0.6061921551761832,-6.79513457358291,-0.0004257243092662552,0.028943
33.317641496658325,3.440881232075662,0.8412295456407826,2.3158414345123233,1.4184265418642195,0.646559235033774,-6.7547674937253195,-0.00042319525748613605,0.028943
33.34480881690979,3.446863830533751,0.838480838500804,2.409224739576219,1.3990524355178737,0.5907715148005392,-6.810555213958555,-0.00042669043310107765,0.028943
33.37299847602844,3.4534931968649767,0.839450970429207,2.613576167903839,1.399336716459384,0.5127868647433518,-6.888539864015742,-0.00043157627618769384,0.028794
33.40502190589905,3.4457319875512296,0.838642527155284,2.5939102295158407,1.3879972502948628,0.5126243876637477,-6.888702341095346,-0.0004315864555949943,0.028794
33.43072152137756,3.4467021386782193,0.8412295456407826,2.6004830641408905,1.416982705142832,0.5278258064279275,-6.873500922331166,-0.00043063406628862097,0.028794
33.45842218399048,3.448480749105315,0.8324983583563372,2.6423722000346275,1.3126571260967597,0.45022380270702755,-6.951102926052066,-0.00043549593606824157,0.028794
33.48543834686279,3.447672289815841,0.8378340838839,2.6547454352236417,1.3157830742536805,0.4484444678741783,-6.952882260884915,-0.0004356074137857857,0.028794
33.51547384262085,3.443629993479211,0.8373490179222877,2.5786609024945415,1.3110481603084978,0.4693925685385442,-6.93193416022055,-0.00043429498713857146,0.028794
33.54227924346924,3.4512295107447866,0.8421996775795576,2.6847238318251105,1.3769644976843667,0.4766338370304195,-6.924692891728674,-0.000433841311940011,0.028794
33.57281565666199,3.446863830533751,0.8420379889228407,2.6674424176951668,1.4207982412551772,0.5079872211985136,-6.89333950756058,-0.00043187698030337004,0.028794
33.60204005241394,3.4450852201391413,0.8412295456407826,2.6180572768291,1.4399433988150516,0.535918739093775,-6.865407989665319,-0.0004301270331854798,0.028643
33.6327862739563,3.453654888732923,0.8420379889228407,2.7631487761788733,1.464883472046657,0.5028969540187982,-6.898429774740295,-0.0004321958923801801,0.028643
33.66173052787781,3.447672289815841,0.8376723952299278,2.7392890385245856,1.42003382386548,0.4849515493355688,-6.916375179423524,-0.00043332019609051015,0.028643
33.69274926185608,3.4478339816731447,0.8413912342969906,2.725977054141532,1.4417159992272968,0.5013896735884972,-6.8999370551705965,-0.0004322903255239408,0.028643
33.719165325164795,3.4492892084021762,0.8454334507352975,2.7471671531265316,1.5145858370788965,0.5350539123871191,-6.866272816371975,-0.0004301812157404151,0.028643
33.74822664260864,3.448480749105315,0.8462418940306079,2.745051062324564,1.5771331867038485,0.5688617537513214,-6.832464975007772,-0.0004280631090632475,0.028643
33.776766777038574,3.4500976677064243,0.8360555086957853,2.777468119101022,1.4755316986739269,0.5042575087696796,-6.8970692199894135,-0.0004321106517973387,0.028643
33.80526375770569,3.450421051430193,0.8388042158098654,2.806939722986406,1.4436414304068559,0.477972612865769,-6.923354115893324,-0.00043375743583548424,0.028643
33.833820104599,3.4551101155577526,0.8388042158098654,2.925874978550558,1.4213182426199102,0.43406432122284444,-6.967262407536248,-0.0004365083492910347,0.028643
33.86391282081604,3.453331504997326,0.8405827910169678,2.9718415029940157,1.4310766294447557,0.4280435500320595,-6.9732831787270335,-0.0004368855586941291,0.028643
33.89392137527466,3.4528464293961503,0.8449483847593362,2.993848573566158,1.500215200371295,0.4581450728070684,-6.943181655952024,-0.0004349996578554506,0.02849
33.92153453826904,3.448480749105315,0.8346003108237245,2.9177280566323143,1.4009198754584204,0.4250036123056515,-6.976323116453441,-0.00043707601487638317,0.02849
33.94757151603699,3.449935975844984,0.8313665378040539,2.894952183054738,1.2852592978100832,0.36508031156002624,-7.036246417199067,-0.0004408302901659503,0.02849
33.97546625137329,3.454139964338536,0.8349236881279177,2.9671447071682064,1.2550661287182787,0.3324990030232808,-7.068827725735812,-0.00044287155291381706,0.02849
34.00265431404114,3.454301656207666,0.8404211023612683,3.0210693062704914,1.3123924571358339,0.35372467512383077,-7.047602053635261,-0.0004415417360432508,0.02849
34.02817130088806,3.444600144583175,0.8333068016110011,2.8554266032412805,1.250982415040572,0.35357541791966374,-7.047751310839428,-0.0004415510872075962,0.02849
34.0545437335968,3.457697185527755,0.837510706576057,3.014053111634899,1.2679953914095443,0.3305952031909989,-7.0707315255680925,-0.00044299082853077544,0.02849
34.083566665649414,3.4565653424065537,0.8378340838839,3.1013628411685836,1.2845198599726235,0.3234550638222949,-7.077871664936796,-0.0004434381678539176,0.02849
34.111093044281006,3.4505827432925202,0.8337918675650133,3.037055860513992,1.2383946745728784,0.3097628254179268,-7.091563903341164,-0.00044429600498339396,0.028342
34.14212131500244,3.4518762782017833,0.8388042158098654,3.0191596309208832,1.277645513536127,0.33506345187761977,-7.066263276881472,-0.0004427108867481451,0.028342
34.17008900642395,3.4496125921229885,0.8349236881279177,2.9591746209520027,1.2497364797265085,0.3309799478741817,-7.070346780884909,-0.000442966723759528,0.028342
34.20013666152954,3.453654888732923,0.8389659044645483,3.0019309170649393,1.287892469706932,0.3442372973769578,-7.057089431382133,-0.00044213613300394345,0.028342
34.228267669677734,3.4526847375296827,0.8334684902622373,3.0115213312487277,1.2361401163544121,0.3129900317250555,-7.088336697034036,-0.00044409381617299085,0.028342
34.25820207595825,3.4534931968649767,0.8328217356578994,3.035183782074601,1.190682698960021,0.28270440919430373,-7.118622319564787,-0.0004459912511086766,0.028342
34.28498554229736,3.4551101155577526,0.8392892817742192,3.0856458199123002,1.251170208301274,0.30812559199623113,-7.093201136762859,-0.0004443985798566376,0.028342
34.314373254776,3.454301656207666,0.839450970429207,3.1040200851913355,1.2958191574077724,0.32914222764375684,-7.072184501115334,-0.0004430818594006621,0.028342
34.341448068618774,3.4565653424065537,0.8433314981794287,3.1643397226581014,1.3824580438406409,0.36307399271165575,-7.038252736047435,-0.0004409559887369853,0.02819
34.36847639083862,3.450906127018062,0.8336301789135747,3.0879193417357365,1.3046437107635296,0.33686140844481177,-7.064465320314279,-0.00044259824235392896,0.02819
34.398186922073364,3.45640365053328,0.838642527155284,3.1496793699294137,1.3217121463077661,0.3344706020728589,-7.066856126686233,-0.00044274802958481704,0.02819
34.42570114135742,3.457697185527755,0.8404211023612683,3.22003004831658,1.3590446694484841,0.3409595958369178,-7.060367132922174,-0.0004423414854085212,0.02819
34.45454525947571,3.459960871813694,0.8417146116097121,3.3167331767840125,1.403638976309821,0.34585929452867364,-7.055467434230418,-0.00044203451270348167,0.02819
34.48069429397583,3.4505827432925202,0.8347619994757705,3.187815095444746,1.3356242111410166,0.33477282598433555,-7.066553902774756,-0.00044272909485077117,0.02819
34.50850176811218,3.453331504997326,0.8431698095219985,3.155199584819935,1.4080138888514417,0.37822573573981094,-7.0231009930192805,-0.0004400067116822058,0.02819
34.537521839141846,3.452037970066772,0.8323366697057077,3.105250070071061,1.304071262187377,0.3331393663189865,-7.068187362440105,-0.00044283143329311024,0.02819
34.564515829086304,3.4591524124191935,0.8413912342969906,3.219438029873695,1.3605422060526242,0.34176953925168263,-7.059557189507409,-0.0004422907413655502,0.02819
34.59284281730652,3.454139964338536,0.8402594137056706,3.194284799941482,1.3839180186935576,0.3583429883389256,-7.042983740420166,-0.00044125239251632266,0.02819
34.61867046356201,3.455271807428658,0.8379957725379737,3.2004063646791656,1.3679733916260022,0.3490312980457876,-7.052295430713304,-0.00044183578242202947,0.028042
34.64789533615112,3.4538165806011647,0.8347619994757705,3.174182969878181,1.3106583018623457,0.32390490411327577,-7.077421824645816,-0.0004434099847553955,0.028042
34.67374897003174,3.447187214245701,0.8399360363947802,3.01684347822644,1.3443839006120728,0.37374698656186806,-7.027579742197224,-0.00044028731133472323,0.028042
34.70529317855835,3.452037970066772,0.8373490179222877,3.0084007954556644,1.3310687387593714,0.368036178804751,-7.033290549954341,-0.00044064510111230953,0.028042
34.731972217559814,3.4538165806011647,0.8420379889228407,3.039779071421742,1.3886712100076788,0.39333820650578266,-7.007988522253309,-0.0004390598950874084,0.028042
34.761075019836426,3.4494509002624345,0.8443016301261494,2.970218397259549,1.4613006363059755,0.4504936359542989,-6.950833092804793,-0.0004354790306528199,0.028042
34.78765296936035,3.4562419586603035,0.8410678569846762,3.063898876492617,1.4659873827670251,0.4292861254247364,-6.972040603334355,-0.0004368077096765665,0.028042
34.82345390319824,3.459637488055005,0.8418763002662254,3.2006616916332415,1.4808065682221916,0.40582474580936484,-6.995501982949726,-0.00043827759662626976,0.028042
34.85222554206848,3.4580205692793347,0.8460802053713415,3.2624973382342404,1.5511800058754734,0.4266423111394344,-6.974684417619656,-0.0004369733481931036,0.02789
34.87912130355835,3.4580205692793347,0.837510706576057,3.3057822908549332,1.4781337049939838,0.3831307870280704,-7.018195941731021,-0.00043969940362980486,0.02789
34.908320903778076,3.457050418028149,0.8404211023612683,3.3157427635890198,1.4685397605288268,0.37663260445924013,-7.024694124299851,-0.00044010652349706346,0.02789
34.93866539001465,3.4554334992998585,0.8410678569846762,3.2888167714987406,1.4710547697230305,0.383027201458211,-7.018299527300879,-0.000439705893404908,0.02789
34.96526885032654,3.46157779062492,0.8421996775795576,3.3987822077543925,1.4889691242745353,0.3709041230969291,-7.030422605662161,-0.0004404654205497569,0.02789
34.998682498931885,3.454625039946813,0.8514159311811172,3.3299952211451163,1.6330476526291493,0.45020491063854606,-6.951121818120544,-0.00043549711968171036,0.02789
35.0250940322876,3.4597991799342016,0.8433314981794287,3.3903189653238983,1.6185179904956084,0.4310564651055346,-6.970270263653555,-0.00043669679551738193,0.02789
35.05765080451965,3.454301656207666,0.8459185167121774,3.3172912869794513,1.645270308839642,0.45852890077823544,-6.942797827980854,-0.0004349756105174422,0.02789
35.08558249473572,3.4505827432925202,0.8439782528101679,3.1882057725815742,1.6363046202673908,0.48475108677216305,-6.916575641986927,-0.00043333275533939826,0.02789
35.115724086761475,3.454948423687143,0.8468886486686944,3.1893713810132964,1.6715671054650962,0.5010020147284509,-6.9003247140306385,-0.0004323146128722832,0.02789
35.142024755477905,3.452523045663512,0.8501224218836642,3.139339823851761,1.7424046981002146,0.5469739504182056,-6.854352778340884,-0.00042943440934500654,0.02774
35.1736376285553,3.4565653424065537,0.844463318784293,3.189063539720374,1.711221770583408,0.5193141482843908,-6.882012580474699,-0.00043116733310543336,0.02774
35.199506998062134,3.4513912026085922,0.8472120259883507,3.1153955099944612,1.7286244959597166,0.5474027337995657,-6.8539239949595245,-0.000429407545490159,0.02774
35.23654079437256,3.450421051430193,0.8431698095219985,3.0434888966118137,1.683114088224528,0.5465831482249096,-6.854743580534181,-0.00042945889362739996,0.02774
35.26418447494507,3.4526847375296827,0.8457568280531154,3.0406119169315398,1.6881798846241183,0.5499151203655442,-6.851411608393546,-0.0004292501410967907,0.02774
35.29718375205994,3.4492892084021762,0.8400977250501745,2.967411557079534,1.6109567011187351,0.5331123337988058,-6.868214394960284,-0.0004303028582471886,0.02774
35.32408666610718,3.4510678188812767,0.8446250074425389,2.9534594579295783,1.6215158653104855,0.5430309137832507,-6.85829581497584,-0.0004296814458870574,0.02774
35.35219216346741,3.4538165806011647,0.8459185167121774,3.0013201351534726,1.647368821210057,0.541487517900892,-6.8598392108581985,-0.0004297781417124051,0.02774
35.38572835922241,3.445408603844595,0.8457568280531154,2.8585513428078295,1.6631581977139855,0.5970853196196055,-6.804241409139485,-0.000426294864747525,0.02758
35.41529083251953,3.4513912026085922,0.8451100734178878,2.8840369721556582,1.6649799907782392,0.5890041452519861,-6.812322583507105,-0.0004268011611774868,0.02758
35.44294476509094,3.440072772855545,0.8481821579497725,2.664588679867519,1.7101014059513076,0.7003332670000377,-6.700993461759053,-0.0004198262421462045,0.02758
35.474252700805664,3.449127516542213,0.8472120259883507,2.700805459104038,1.7278402407172446,0.6936879965983381,-6.707638732160753,-0.00042024257726378254,0.02758
35.503852128982544,3.4478339816731447,0.8488289125927657,2.699038548547139,1.7633343515079458,0.7127640349757792,-6.688562693783312,-0.00041904743783367543,0.02758
35.53895306587219,3.4416896913031505,0.8499607332219435,2.568988100461225,1.8043340776665013,0.7945802601750241,-6.606746468584067,-0.00041392154141727005,0.02758
35.56691813468933,3.4481573653886395,0.8473737146483321,2.6135460614656303,1.7961108035567652,0.768553535130982,-6.632773193628109,-0.0004155521507042316,0.02758
35.59497404098511,3.4488041328231733,0.8499607332219435,2.6582959621799698,1.8272775941006727,0.7627312744550292,-6.638595454304062,-0.000415916923156903,0.02758
35.625083446502686,3.450906127018062,0.8489906012537698,2.733688709401044,1.835248191529829,0.732874340407714,-6.668452388351378,-0.00041778750018322375,0.02743
35.65551519393921,3.4534931968649767,0.8501224218836642,2.8407009467812134,1.8569814583455273,0.6991409602029953,-6.702185768556097,-0.0004199009417687224,0.02743
35.68507194519043,3.448319057246829,0.8493139785760849,2.807134885883137,1.8606562818125714,0.7142371564370765,-6.687089572322016,-0.00041895514479521037,0.02743
35.71760892868042,3.448965824682545,0.8506074878694407,2.7971979712904895,1.8816901995433557,0.7280617303264006,-6.673264998432692,-0.0004180890166698287,0.02743
35.74336218833923,3.4497742839838383,0.8497990445603254,2.8071912912599983,1.8848754786290367,0.7254357451244365,-6.675890983634655,-0.0004182535381703441,0.02743
35.76889133453369,3.4429832260824704,0.8522243744953566,2.6718136745011227,1.9217205640762962,0.8011820839175899,-6.600144644841502,-0.00041350792829125086,0.02743
35.795427322387695,3.450259359568161,0.848667223931864,2.7295917796924214,1.8967428852072563,0.7637078338090271,-6.637618894950065,-0.00041585574040151594,0.02743
35.8210551738739,3.450421051430193,0.8533561951395999,2.773426285400429,1.946181597501135,0.7670075128098758,-6.634319215949216,-0.00041564901107949515,0.02743
35.850685358047485,3.448480749105315,0.8438165641523303,2.7634324549162916,1.8446348297221464,0.7244277913114733,-6.676898937447619,-0.0004183166878307591,0.02743
35.87734580039978,3.449935975844984,0.8336301789135747,2.786945261853513,1.628167460880583,0.6004344600779644,-6.800892268681127,-0.00042608503659874735,0.027278
35.9088671207428,3.450421051430193,0.8522243744953566,2.8135737229131745,1.7420249516523796,0.6522885814925974,-6.749038147266495,-0.00042283630623398387,0.027278
35.93489623069763,3.4463787549680416,0.8478587806288895,2.7474678456620514,1.759417493272297,0.6887933722463602,-6.712533356512732,-0.00042054923205461846,0.027278
35.96192169189453,3.443144917931213,0.8507691765315709,2.6333970943780094,1.8131307402347199,0.7688105590116341,-6.632516169747458,-0.0004155360478128363,0.027278
35.98845624923706,3.4475105979588325,0.8436548754945944,2.645073029295243,1.7491915370288165,0.7298426618012017,-6.67148406695789,-0.00041797743892052144,0.027278
36.01497507095337,3.453008121262913,0.8478587806288895,2.768500474150254,1.7644341030358028,0.6821868545406715,-6.7191398742184205,-0.000420963139263733,0.027278
36.04240703582764,3.4486424409640963,0.8468886486686944,2.763374219047061,1.7612577434029895,0.6827047821601503,-6.718621946598942,-0.0004209306904026155,0.027278
36.068933963775635,3.4467021386782193,0.8527094404851309,2.719107856812742,1.8421112274750298,0.7433204081305632,-6.658006320628529,-0.00041713304000768177,0.027278
36.09614419937134,3.453008121262913,0.844463318784293,2.820324853412481,1.7810163411457725,0.6691303887191071,-6.732196340039986,-0.0004217811443868329,0.027278
36.12766075134277,3.4460553712590447,0.8399360363947802,2.745413973179321,1.6736345281104714,0.642214879896862,-6.759111848862231,-0.00042346743717144495,0.027278
36.16212773323059,3.454948423687143,0.8392892817742192,2.879417121431713,1.5892364887065893,0.5410854018759056,-6.860241326883187,-0.00042980333482155246,0.02713
36.18965220451355,3.4507444351551433,0.8400977250501745,2.885083688784629,1.5416963239764596,0.5108097824300446,-6.890516946329049,-0.0004317001430505323,0.02713
36.216511487960815,3.457535493652409,0.8433314981794287,3.031423239162049,1.554572060438724,0.472502520467838,-6.928824208291255,-0.000434100144472453,0.02713
36.24764561653137,3.4500976677064243,0.8436548754945944,2.9779286428872527,1.5682004611716152,0.49633889640203244,-6.904987832357061,-0.00043260676349962484,0.02713
36.27643966674805,3.4554334992998585,0.8436548754945944,3.0523468870074604,1.5777403416846467,0.4794084581423517,-6.921918270616741,-0.00043366747820006634,0.02713
36.30727171897888,3.450421051430193,0.8279710761768878,2.9993548605209317,1.3605720820693248,0.3636895545304437,-7.037637174228649,-0.0004409174229621245,0.02713
36.333489418029785,3.452037970066772,0.8509308651938038,2.9961587630618145,1.5362466450636592,0.47247188265418233,-6.928854846104911,-0.0004341020639726358,0.02713
36.36566352844238,3.455595191171356,0.8446250074425389,3.0684978034021717,1.5692188260719317,0.47024519488191086,-6.931081533877182,-0.00043424156895278547,0.02713
36.39517545700073,3.453169813129972,0.8514159311811172,3.068287648204529,1.6892224438873253,0.5350430653328105,-6.866283663426282,-0.00043018189532293885,0.026978
36.420899391174316,3.457697185527755,0.8546497044534664,3.163055843109176,1.819378830173765,0.5704236132648921,-6.8309031154942,-0.00042796525646660114,0.026978
36.448237895965576,3.4526847375296827,0.8404211023612683,3.124308779479675,1.7074113481546738,0.5273887398319621,-6.87393798892713,-0.0004306614490979907,0.026978
36.48080015182495,3.4554334992998585,0.8540029497957116,3.1548129826221745,1.822880292350894,0.5746450680302224,-6.82668166072887,-0.00042770077665466987,0.026978
36.5115749835968,3.457050418028149,0.8528711291485943,3.2100642478260886,1.887554704427145,0.5876486176477069,-6.813678111111385,-0.00042688608680284043,0.026978
36.54078912734985,3.4457319875512296,0.8465652713494468,3.011451885461416,1.8428267791093589,0.6312258087150588,-6.770100920044033,-0.00042415591724313296,0.026978
36.57072162628174,3.450259359568161,0.85157761984376,2.9673385273646264,1.8830557036903997,0.666502499280909,-6.734824229478183,-0.00042194578519030634,0.026978
36.600876569747925,3.4591524124191935,0.8436548754945944,3.1228999499792094,1.7981390114477873,0.5723579994102898,-6.8289687293488015,-0.00042784406457603796,0.026978
36.629546880722046,3.460122563693483,0.8412295456407826,3.252131940394224,1.7040819379498784,0.489150302989432,-6.912176425769659,-0.0004330571385337076,0.026978
36.65902757644653,3.4573738017773596,0.8426847435503196,3.2849671829417906,1.6590112198189475,0.45844668895080504,-6.942880039808286,-0.00043498076119886995,0.026978
36.68622660636902,3.4578588774033965,0.8473737146483321,3.3181213497846263,1.6943848030634776,0.46771004931054216,-6.93361667944855,-0.0004344003992284147,0.026821
36.71925234794617,3.454301656207666,0.8415529229533005,3.2667529561019544,1.6360693772523858,0.45133770411581253,-6.94998902464328,-0.0004354261486486238,0.026821
36.74631357192993,3.459960871813694,0.8462418940306079,3.3494392122337873,1.6621716648252909,0.4445289491829504,-6.956797779576142,-0.0004358527262916957,0.026821
36.774826765060425,3.4623862500416474,0.8460802053713415,3.4581670788733376,1.6781355734976409,0.4279308569752566,-6.973395871783836,-0.00043689261906552386,0.026821
36.80235433578491,3.452037970066772,0.8473737146483321,3.317327315908443,1.7077718506385624,0.4745946830252954,-6.9267320457337975,-0.00043396906767772565,0.026821
36.82986497879028,3.4512295107447866,0.8473737146483321,3.2017903212148413,1.7285172446372097,0.5156604086201766,-6.885666320138917,-0.0004313962448036409,0.026821
36.8583927154541,3.4526847375296827,0.837510706576057,3.1514229141536934,1.602269772127196,0.46343511163670964,-6.937891617122384,-0.0004346682298164099,0.026821
36.89084720611572,3.4588290286634673,0.8507691765315709,3.244979355919652,1.7031273354331506,0.4910251574937971,-6.910301571265297,-0.00043293967638042706,0.026821
36.91837239265442,3.455595191171356,0.8409061683286716,3.2426722184026486,1.6329583795739206,0.4556091351404385,-6.945717593618656,-0.0004351585377569122,0.02667
36.94696640968323,3.4614160987424634,0.82748601023378,3.3630911880848706,1.3923016312008996,0.3000294363502848,-7.101297292408809,-0.0004449058148838119,0.02667
36.97938776016235,3.4593141042975013,0.84802046928928,3.4033166448986645,1.516918861600984,0.35921791925482704,-7.042108809504267,-0.0004411975769191048,0.02667
37.006925106048584,3.4622245581577094,0.8247373032399514,3.492491449205495,1.2718431969822583,0.215755304454329,-7.185571424304765,-0.00045018570245659054,0.02667
37.03297448158264,3.458182261155569,0.8472120259883507,3.470168000906626,1.4210594944389092,0.29780780613159785,-7.103518922627496,-0.00044504500300143545,0.02667
37.06190085411072,3.459637488055005,0.8481821579497725,3.4850500787230603,1.539357058513776,0.35551531469232767,-7.045811414066767,-0.0004414295500688323,0.02667
37.08863878250122,3.4554334992998585,0.8303964059060367,3.407331892092569,1.3683191709985576,0.279449575793128,-7.121877152965967,-0.00044619517079363486,0.02667
37.12426257133484,3.4614160987424634,0.8400977250501745,3.4783529596678338,1.3870542015808427,0.27858262742602835,-7.122744101333066,-0.00044624948627344714,0.02667
37.15258741378784,3.453978272469703,0.8409061683286716,3.372135418580717,1.411707185877308,0.30924754142325156,-7.092079187335843,-0.0004443282882178664,0.026511
37.185203075408936,3.4622245581577094,0.839450970429207,3.470664590782916,1.4081950417109947,0.29088564984729326,-7.110441078911801,-0.0004454786853915128,0.026511
37.212645292282104,3.457050418028149,0.8464035826899763,3.431160373538573,1.5049673225764566,0.3485662837959738,-7.052760444963121,-0.0004418649161894565,0.026511
37.24176383018494,3.4588290286634673,0.8501224218836642,3.44079557748908,1.6257848500781653,0.4080521408656087,-6.993274587893486,-0.0004381380473338294,0.026511
37.2691707611084,3.4588290286634673,0.8350853767801664,3.4475402202544223,1.4957417078344608,0.34056143648245607,-7.060765292276638,-0.000442366430626945,0.026511
37.30388402938843,3.462871325695242,0.8462418940306079,3.537007282125071,1.5639422962327456,0.3585404284684529,-7.042786300290642,-0.00044124002262697714,0.026511
37.330434799194336,3.4614160987424634,0.8470503373284713,3.569125732690585,1.6232211712768192,0.3811015239404684,-7.020225204818626,-0.00043982653968825013,0.026511
37.35918736457825,3.460122563693483,0.8383191498464257,3.564489988292153,1.540100983547783,0.3418720246534349,-7.05945470410566,-0.000442284320517457,0.026511
37.38667607307434,3.4619011743907215,0.8409061683286716,3.59853312453291,1.5188399332541653,0.3257024101562685,-7.075624318602826,-0.0004432973685871258,0.026511
37.41678762435913,3.457697185527755,0.838157461192149,3.5342276765390275,1.4647264243744496,0.3092253412946402,-7.092101387464455,-0.0004443296790857464,0.026511
37.44933557510376,3.4572121099026063,0.838642527155284,3.479044365902403,1.4337700458354012,0.3021615201028702,-7.099165208656225,-0.0004447722369725817,0.02636
37.47763991355896,3.456888726153988,0.8365405746549631,3.4336363837938815,1.3821005776862991,0.28151930627471367,-7.1198074224843815,-0.000446065499398595,0.02636
37.505040407180786,3.4670753148048843,0.8446250074425389,3.6154102451366157,1.4613165789077802,0.29479304379028737,-7.106533684968808,-0.0004452338819119939,0.02636
37.53735637664795,3.4665902391281502,0.8409061683286716,3.7324824499541505,1.463690850006165,0.27921426023932083,-7.122112468519774,-0.0004462099136291916,0.02636
37.56722378730774,3.4640031688973414,0.8446250074425389,3.7601956709527236,1.5184297695316853,0.3008856296887155,-7.100441099070379,-0.0004448521732209935,0.02636
37.59535264968872,3.4588290286634673,0.8470503373284713,3.671120285678973,1.5913624025860755,0.3486815934407136,-7.0526451353183806,-0.0004418576918853126,0.02636
37.62239980697632,3.4669136229123425,0.8425230548932973,3.778259143742484,1.5777998524676256,0.3252130981333003,-7.076113630625794,-0.0004433280246426811,0.02636
37.65177392959595,3.4588290286634673,0.848667223931864,3.6837647166318206,1.6559983870811894,0.37643460375587295,-7.0248921250032215,-0.0004401189285071135,0.02636
37.67894959449768,3.459960871813694,0.8467269600090195,3.641347444604703,1.6830450496002436,0.39677010125324896,-7.0045566275058455,-0.00043884488227125044,0.0262
37.71346139907837,3.462709633810414,0.8436548754945944,3.6692825066182997,1.6581315535846803,0.3800185690571269,-7.0213081597019675,-0.00043989438826647683,0.0262
37.74030518531799,3.45640365053328,0.8402594137056706,3.5566335853472237,1.5922305619659973,0.36970968884215666,-7.031617039916938,-0.00044054025346035964,0.0262
37.77127814292908,3.4607693312156025,0.8501224218836642,3.569304814999234,1.6868691176508472,0.41313397625280085,-6.9881927525062935,-0.0004378196635201477,0.0262
37.799840211868286,3.4565653424065537,0.8517393085065053,3.4900390335236273,1.776193033347771,0.47328917726810993,-6.928037551490984,-0.00043405085936716213,0.0262
37.8291974067688,3.465458395892825,0.8431698095219985,3.6209937730906523,1.7164120643961627,0.4162054012066379,-6.985121327552456,-0.0004376272346207968,0.0262
37.85860848426819,3.4665902391281502,0.830719783204972,3.7363909195220133,1.4968730600938844,0.2925984519134132,-7.10872827684568,-0.00044537137604118085,0.0262
37.887274980545044,3.467398698590858,0.8465652713494468,3.8341180855923476,1.5693496280760753,0.3120565769472929,-7.0892701518118,-0.0004441522983687725,0.0262
37.91456842422485,3.4672370066977227,0.8531945064758288,3.8991372691154442,1.7146986248163316,0.3653209164542156,-7.036005812304878,-0.0004408152159461132,0.02605
37.94122886657715,3.4606076393346283,0.8543263271243835,3.805667561165818,1.8325967714161284,0.43124677811116197,-6.970079950647932,-0.00043668487215192296,0.02605
37.96886467933655,3.4646499364479233,0.8569133457685599,3.8249845792450547,1.9520485574638489,0.4760257045766191,-6.925301024182475,-0.00043387941225517517,0.02605
37.99451756477356,3.467398698590858,0.8523860631585122,3.8961336473984516,1.9710494119448523,0.46922615004276913,-6.932100578716325,-0.00043430541348088973,0.02605
38.02062916755676,3.4614160987424634,0.8504457992074127,3.820514188381933,1.9566576979678532,0.47879202466896836,-6.9225347040901255,-0.00043370609858525857,0.02605
38.04757261276245,3.468853925642434,0.8476970919686014,3.9235128686095018,1.907352723049862,0.43910431083145657,-6.962222417927637,-0.0004361925871715946,0.02605
38.07613468170166,3.466266855345145,0.8472120259883507,3.941374621001392,1.8659161626862284,0.41943716221273336,-6.981889566546361,-0.0004374247604523849,0.02605
38.10400938987732,3.4630330175803667,0.8506074878694407,3.886081195206118,1.8853721161549155,0.43737186272874806,-6.963954866030345,-0.0004363011273725102,0.02605
38.132269620895386,3.4606076393346283,0.8491522899148762,3.7965283094293207,1.8782220496227462,0.45194758033440013,-6.949379148424693,-0.0004353879390842532,0.02605
38.15974807739258,3.453169813129972,0.8533561951395999,3.5779090024235147,1.933217012591982,0.5249837359303853,-6.876342992828708,-0.00043081212582318215,0.02605
38.18562126159668,3.457535493652409,0.8485055352710645,3.5164009587092813,1.9024827065176748,0.5271952681181646,-6.874131460640929,-0.00043067357036076016,0.02605
38.21244764328003,3.4515528944726936,0.8552964591128651,3.3479215354041276,1.977891784848492,0.6101950704087762,-6.791131658350317,-0.00042547352124962457,0.025894
38.24296712875366,3.457535493652409,0.8546497044534664,3.355409731795704,2.021447368846582,0.6272982817732006,-6.774028446985893,-0.00042440198208207645,0.025894
38.269619941711426,3.4496125921229885,0.8465652713494468,3.1945496915643927,1.9365516442029624,0.6428401512647602,-6.758486577494334,-0.00042342826308028905,0.025894
38.29999828338623,3.454139964338536,0.8465652713494468,3.1768629631249614,1.877124636952432,0.6197374669362143,-6.78158926182288,-0.0004248756772884202,0.025894
38.327253341674805,3.454301656207666,0.8302347172567207,3.167872085440189,1.602448783418949,0.4682008339959683,-6.933125894763126,-0.00043436965090857827,0.025894
38.361828327178955,3.457535493652409,0.8509308651938038,3.2293751168209472,1.705560336008395,0.5097660004384252,-6.89156072832067,-0.0004317655373944699,0.025894
38.389671087265015,3.453331504997326,0.8489906012537698,3.184291599783322,1.750046110865232,0.5496144989131145,-6.8517122298459805,-0.0004292689754346249,0.025894
38.41624903678894,3.4562419586603035,0.851254242518577,3.213750118259231,1.8134938505672247,0.5740802208918228,-6.827246507867272,-0.0004277361650866772,0.025894
38.442301750183105,3.453331504997326,0.8546497044534664,3.1733541007900805,1.906368814849703,0.6366094328763154,-6.76471729588278,-0.000423818625957349,0.025732
38.47137808799744,3.4580205692793347,0.8582068551005253,3.2433820246440246,2.022150529722254,0.6665085211451369,-6.734818207613959,-0.0004219454079124232,0.025732
38.50113892555237,3.4551101155577526,0.8530328178121602,3.2313845897108906,2.0293515632771495,0.6741408646180683,-6.727185864141028,-0.0004214672313409498,0.025732
38.532628297805786,3.453978272469703,0.8578834777669161,3.199257559610841,2.1036230681489214,0.719209814624411,-6.682116914134685,-0.000418643601079763,0.025732
38.55811357498169,3.4458936794049895,0.8546497044534664,3.0072770356113354,2.109459267156883,0.801383638811746,-6.599943089947351,-0.0004134953006063739,0.025732
38.58454251289368,3.454948423687143,0.8556198364431813,3.0627212651341296,2.127390762721487,0.7847338994107307,-6.616592829348366,-0.0004145384291462437,0.025732
38.61517953872681,3.448965824682545,0.8506074878694407,2.976108436766187,2.0684043361795967,0.7974018868605711,-6.603924841898525,-0.000413744762714994,0.025732
38.64290976524353,3.452199661932056,0.8467269600090195,2.983276098575693,1.971729213969125,0.7479934725605698,-6.653333256198526,-0.00041684026624358976,0.025732
38.670491218566895,3.4492892084021762,0.8491522899148762,2.927276484230454,1.938672018092689,0.7578569534154476,-6.6434697753436485,-0.00041622230591794316,0.025732
38.697514057159424,3.4507444351551433,0.8475354033084156,2.918585242743717,1.8924550544954426,0.7376290236166917,-6.663697705142404,-0.0004174896128929867,0.02558
38.724207401275635,3.455271807428658,0.8523860631585122,3.00741667464073,1.9293339598669754,0.7152854265298109,-6.686041302229285,-0.00041888946926570906,0.02558
38.75231742858887,3.4510678188812767,0.8549730817829603,2.9814630402224154,1.992072276773334,0.7590236799124177,-6.642303048846678,-0.00041614920893558806,0.02558
38.78049826622009,3.4526847375296827,0.8420379889228407,2.9971938174589705,1.8513736866174564,0.6776321489700454,-6.723694579789051,-0.00042124849768628817,0.02558
38.80732226371765,3.4560802667876223,0.8502841105454872,3.079391838334864,1.8705769975720428,0.6526213503749007,-6.748705378384195,-0.00042281545781648334,0.02558
38.835156202316284,3.4572121099026063,0.8549730817829603,3.1606592791594825,1.9509424031668812,0.6618387416103818,-6.739487987148714,-0.0004222379758734153,0.02558
38.865325927734375,3.4606076393346283,0.8522243744953566,3.2887329681966824,1.9679674112527874,0.6230319083950158,-6.7782948203640805,-0.0004246692761054446,0.02558
38.89739966392517,3.458182261155569,0.8525477518217702,3.3275370642004605,1.9845003022827672,0.6176752449250167,-6.783651483834079,-0.00042500487826770383,0.02558
38.92361330986023,3.4565653424065537,0.8543263271243835,3.3208016079644826,2.021457945642641,0.6373103195123156,-6.76401640924678,-0.0004237747144680689,0.02558
38.953866958618164,3.454948423687143,0.8548113931181619,3.2821884657813105,2.0542513741086585,0.6660135213209717,-6.735313207438124,-0.0004219764203163643,0.02558
38.98528814315796,3.453654888732923,0.8538412611315296,3.2280406084454456,2.0633606178198436,0.6902070977493177,-6.711119631009778,-0.00042046066025273285,0.025422
39.012781858444214,3.4534931968649767,0.8554581477779718,3.1867472761123037,2.09281401547205,0.7196725006599799,-6.681654228099116,-0.00041861461317808615,0.025422
39.03956198692322,3.447348906102119,0.8544880157888735,3.029028324546712,2.099585237578373,0.7901001331249541,-6.611226595634141,-0.0004142022273953275,0.025422
39.069798707962036,3.450906127018062,0.8475354033084156,2.9932013630577576,2.0050943081354218,0.7618813656016269,-6.639445363157469,-0.0004159701710882924,0.025422
39.097721338272095,3.4572121099026063,0.8476970919686014,3.100325946465521,1.9412583501671608,0.6811782324074699,-6.720148496351626,-0.0004210263307953089,0.025422
39.1271755695343,3.453654888732923,0.8420379889228407,3.100736844924374,1.815803937993132,0.6119159525055248,-6.789410776253571,-0.00042536570567451966,0.025422
39.15750575065613,3.4651350121139743,0.8496373558988095,3.3417025757744403,1.836447402883091,0.536960227315605,-6.864366501443491,-0.000430061782549301,0.025422
39.18602013587952,3.45478673181683,0.8506074878694407,3.2934293110006525,1.8647439842927185,0.567724048059826,-6.83360268069927,-0.0004281343878531547,0.025422
39.21308755874634,3.4609310230968733,0.8525477518217702,3.3884516554340487,1.912243903410719,0.5612099232055672,-6.840116805553529,-0.0004285425065260114,0.025273
39.24295258522034,3.459960871813694,0.8544880157888735,3.4346283017662627,1.9731861591354394,0.5765262021015646,-6.824800526657532,-0.0004275829210780826,0.025273
39.268831968307495,3.4567270342801226,0.8556198364431813,3.3991553065764477,2.0319995871064727,0.6154442128417699,-6.785882515917326,-0.000425144655424772,0.025273
39.29634666442871,3.4580205692793347,0.8468886486686944,3.4014428686944846,1.9485535822524558,0.5749535355754424,-6.826373193183653,-0.0004276814507485828,0.025273
39.32546901702881,3.4513912026085922,0.8501224218836642,3.264061040276345,1.936295231851368,0.6154363390422247,-6.7858903897168705,-0.00042514514872889073,0.025273
39.35482311248779,3.455271807428658,0.8554581477779718,3.2492497329135634,2.003868245294118,0.6548630689001447,-6.74646365985895,-0.0004226750111394684,0.025273
39.380340576171875,3.457050418028149,0.8531945064758288,3.276169973030073,2.018861656868961,0.6521233443821531,-6.7492033843769415,-0.0004228466585609243,0.025273
39.40587329864502,3.4588290286634673,0.8501224218836642,3.33230229713313,1.9855108840829183,0.6157609782303821,-6.785565750528713,-0.00042512480964764925,0.025273
39.43333411216736,3.459960871813694,0.8541646384599961,3.395323750955607,2.0198576602009655,0.6109392715764261,-6.7903874571826695,-0.0004254268960467502,0.025273
39.46043062210083,3.4526847375296827,0.8476970919686014,3.286896314972223,1.9515926966130437,0.6148585882444724,-6.786468140514623,-0.00042518134559249034,0.025273
39.49094343185425,3.4591524124191935,0.8462418940306079,3.3465904013045393,1.8830379883777508,0.5587032259180339,-6.842623502841062,-0.0004286995544784424,0.025273
39.5169939994812,3.4572121099026063,0.8481821579497725,3.3476982732382803,1.8627420042709653,0.5475680953998733,-6.853758633359222,-0.0004293971853637618,0.025122
39.54401755332947,3.454301656207666,0.8470503373284713,3.287456802519549,1.8323809669035729,0.5511288371164396,-6.850197891642656,-0.0004291741001119033,0.025122
39.571189403533936,3.45478673181683,0.8488289125927657,3.255457269722201,1.836512859838375,0.5646481357779402,-6.836678592981156,-0.00042832709788963584,0.025122
39.5973687171936,3.4534931968649767,0.8337918675650133,3.205938939006001,1.6247897744788993,0.4515784602252767,-6.949748268533819,-0.0004354110649549467,0.025122
39.62372660636902,3.458343953032099,0.8475354033084156,3.2729710761450113,1.6727374839657903,0.4612985357367059,-6.940028193022389,-0.00043480208916671045,0.025122
39.658620834350586,3.4497742839838383,0.8415529229533005,3.1402324646581823,1.6209162538839992,0.47117127790631025,-6.9301554508527845,-0.00043418354860725504,0.025122
39.685242652893066,3.4565653424065537,0.8491522899148762,3.189688388284872,1.6931029460331033,0.5019830965453015,-6.899343632213793,-0.00043225314677852343,0.025122
39.720104932785034,3.454625039946813,0.8413912342969906,3.1836295475164307,1.6328643847446358,0.46426556854414436,-6.937061160214951,-0.0004346162005755665,0.025122
39.74752235412598,3.4562419586603035,0.8451100734178878,3.213286681672444,1.6437743216996918,0.4616585107274633,-6.939668218031631,-0.0004347795362499677,0.024963
39.773916244506836,3.4513912026085922,0.8476970919686014,3.1323517093609006,1.6883343596621478,0.5201684141200685,-6.881158314639026,-0.0004311138122032521,0.024963
39.799837589263916,3.4567270342801226,0.8541646384599961,3.1875616918927068,1.8118340931064283,0.5768330510434178,-6.824493677715677,-0.00042756369657967046,0.024963
39.826860427856445,3.4572121099026063,0.8470503373284713,3.236378176650013,1.7967454290883929,0.5495227652139687,-6.851803963545126,-0.0004292747226741067,0.024963
39.85209846496582,3.448319057246829,0.8462418940306079,3.0841089467912846,1.7746449011104943,0.5963878555899254,-6.804938873169169,-0.0004263385618059217,0.024963
39.88027215003967,3.4488041328231733,0.8470503373284713,2.987689981907884,1.7707129946912392,0.6384062755594044,-6.76292045319969,-0.0004237060513494682,0.024963
39.911887407302856,3.4562419586603035,0.8433314981794287,3.076128985746418,1.7148837299390682,0.5603543986243233,-6.840972330134771,-0.00042859610629029357,0.024963
39.941261768341064,3.459475796176105,0.8540029497957116,3.2058329356832194,1.8281109595999663,0.5793695521288464,-6.821957176630248,-0.0004274047813792644,0.024963
39.97378969192505,3.4619011743907215,0.8433314981794287,3.347473187706669,1.7550623053751788,0.48683749494753586,-6.914489233811558,-0.00043320203906443896,0.024963
40.005093574523926,3.465296704003251,0.8493139785760849,3.517807848367278,1.7893128747333353,0.4571552898759592,-6.944171438883135,-0.0004350616690857077,0.024812
40.041117668151855,3.4606076393346283,0.8530328178121602,3.5387369666421082,1.8663652047849013,0.4920779979791784,-6.909248730779916,-0.0004328737145096866,0.024812
40.0703399181366,3.46367978512383,0.8465652713494468,3.6177941674495524,1.8279941293597861,0.45174822743981613,-6.949578501319278,-0.0004354004288108993,0.024812
40.1051607131958,3.4609310230968733,0.8473737146483321,3.6155070549482633,1.8126728397420677,0.44445418434186496,-6.95687254441723,-0.00043585741040942514,0.024812
40.13676166534424,3.4591524124191935,0.8465652713494468,3.5766179192877425,1.790409473829803,0.44247184384075333,-6.958854884918342,-0.0004359816067047931,0.024812
40.1693639755249,3.4565653424065537,0.8413912342969906,3.4951582065255797,1.700978954202322,0.4135772453837757,-6.987749483375319,-0.0004377918921136274,0.024812
40.200390577316284,3.4580205692793347,0.8397743477394874,3.468644898658862,1.6153006646780883,0.36924123231581285,-7.032085496443282,-0.00044056960289103536,0.024812
40.2325279712677,3.4649733202249937,0.8546497044534664,3.5958483807495485,1.7676335847273086,0.4257352699182765,-6.975591458840819,-0.00043703017554408153,0.024812
40.26304745674133,3.45640365053328,0.8501224218836642,3.5052296972391037,1.809651233583765,0.4720137843949356,-6.92931294436416,-0.0004341307644439632,0.024656
40.29956245422363,3.4593141042975013,0.8454334507352975,3.5028136013066056,1.7721405011284237,0.451993455928542,-6.949333272830553,-0.0004353850649166535,0.024656
40.330503940582275,3.46044594745395,0.8475354033084156,3.5248511612346833,1.7758829926204558,0.44815916887520113,-6.9531675598838945,-0.00043562528815132754,0.024656
40.366036891937256,3.46157779062492,0.8488289125927657,3.564006280569565,1.79696427784019,0.44937420219477725,-6.951952526564318,-0.00043554916468164335,0.024656
40.39637470245361,3.4651350121139743,0.8464035826899763,3.6659911807260834,1.7771057878668932,0.4139188546365221,-6.987407874122573,-0.00043777048983504273,0.024656
40.42634391784668,3.4641648607845417,0.8520626858323036,3.7170416150948076,1.8439740878600723,0.4362164037666277,-6.965110324992468,-0.0004363735184286708,0.024656
40.452014207839966,3.459475796176105,0.8459185167121774,3.6544717762270706,1.803089576994766,0.430138997096056,-6.97118773166304,-0.000436754276120655,0.024656
40.47954845428467,3.459475796176105,0.8541646384599961,3.6106728890196953,1.8921627452392666,0.4870629473387903,-6.914263781420306,-0.000433187914169266,0.024656
40.50745153427124,3.4606076393346283,0.8434931868369605,3.6037424950987877,1.8022062479266165,0.4420355635128765,-6.959291165246221,-0.00043600894025341114,0.024656
40.53792071342468,3.459475796176105,0.8478587806288895,3.5751623922298474,1.801544400664262,0.44902109009293356,-6.9523056386661635,-0.0004355712876291765,0.024504
40.563350677490234,3.46157779062492,0.8501224218836642,3.599224142266161,1.8333888047396307,0.45977245394322275,-6.941554274815874,-0.0004348977002411314,0.024504
40.59034442901611,3.461739482507672,0.8509308651938038,3.6194571998000478,1.8672183509328717,0.47213042649057674,-6.929196302268521,-0.00043412345665998046,0.024504
40.621636390686035,3.4622245581577094,0.8439782528101679,3.6437898376364632,1.7916682497326561,0.4263584165291951,-6.974968312229902,-0.0004369911345718047,0.024504
40.64748764038086,3.4651350121139743,0.8464035826899763,3.7218396706729155,1.7733985681916193,0.39876956319256524,-7.002557165566532,-0.00043871961329477907,0.024504
40.674083948135376,3.4565653424065537,0.8478587806288895,3.596813432495198,1.7813790248497656,0.4324831311407244,-6.968843597618373,-0.0004366074129737686,0.024504
40.70123839378357,3.4585056449089255,0.8522243744953566,3.549973053971622,1.8492730464308065,0.48196993299142865,-6.919356795767669,-0.0004335069983598195,0.024504
40.7303204536438,3.457050418028149,0.8402594137056706,3.486676297770711,1.726029606958283,0.42969993948510615,-6.971626789273992,-0.00043678178366978837,0.024504
40.75742721557617,3.459475796176105,0.8436548754945944,3.4932160541002246,1.6882207437353132,0.40523106920135843,-6.9960956595577395,-0.0004383147912632761,0.024504
40.784531593322754,3.4586673367860485,0.8506074878694407,3.4808447214855875,1.7609853228892738,0.4520762929972623,-6.949250435761836,-0.0004353798750630193,0.024353
40.8124623298645,3.4557568830431484,0.8451100734178878,3.411167806577516,1.7334589784009415,0.45597900682736997,-6.945347721931729,-0.0004351353647988597,0.024353
40.840707540512085,3.4614160987424634,0.8527094404851309,3.481038099807303,1.8226520919735965,0.48771154335643724,-6.913615185402661,-0.0004331472787574703,0.024353
40.86873126029968,3.4606076393346283,0.8457568280531154,3.5129981426501597,1.7858564872484641,0.45732606909392765,-6.944000659665171,-0.0004350509695382864,0.024353
40.895984172821045,3.4646499364479233,0.8502841105454872,3.5129981426501597,1.7858564872484641,0.45732606909392765,-6.944000659665171,-0.0004350509695382864,0.024353
40.92165398597717,3.457535493652409,0.8497990445603254,3.5129981426501597,1.7858564872484641,0.45732606909392765,-6.944000659665171,-0.0004350509695382864,0.024353
40.94858384132385,3.452037970066772,0.8552964591128651,3.5129981426501597,1.7858564872484641,0.45732606909392765,-6.944000659665171,-0.0004350509695382864,0.024353
40.975908041000366,3.4528464293961503,0.8603088077790334,3.5129981426501597,1.7858564872484641,0.45732606909392765,-6.944000659665171,-0.0004350509695382864,0.024353
41.00196886062622,3.4554334992998585,0.8551347704478612,3.5129981426501597,1.7858564872484641,0.45732606909392765,-6.944000659665171,-0.0004350509695382864,0.024248
41.0280647277832,3.4494509002624345,0.8454334507352975,3.5129981426501597,1.7858564872484641,0.45732606909392765,-6.944000659665171,-0.0004350509695382864,0.024248
41.05717206001282,3.452037970066772,0.8531945064758288,3.5129981426501597,1.7858564872484641,0.45732606909392765,-6.944000659665171,-0.0004350509695382864,0.024248
41.083192586898804,3.4567270342801226,0.8564282797707713,3.5129981426501597,1.7858564872484641,0.45732606909392765,-6.944000659665171,-0.0004350509695382864,0.024248
41.111050605773926,3.452523045663512,0.8557815251084937,3.5129981426501597,1.7858564872484641,0.45732606909392765,-6.944000659665171,-0.0004350509695382864,0.024248
41.14048218727112,3.4500976677064243,0.8570750344346952,3.5129981426501597,1.7858564872484641,0.45732606909392765,-6.944000659665171,-0.0004350509695382864,0.024248
41.17089366912842,3.46109271497844,0.8483438466103673,3.5129981426501597,1.7858564872484641,0.45732606909392765,-6.944000659665171,-0.0004350509695382864,0.024248
41.19811940193176,3.461739482507672,0.848667223931864,3.5129981426501597,1.7858564872484641,0.45732606909392765,-6.944000659665171,-0.0004350509695382864,0.024248
41.225486278533936,3.4631947094657876,0.8528711291485943,3.5129981426501597,1.7858564872484641,0.45732606909392765,-6.944000659665171,-0.0004350509695382864,0.024248
41.253401041030884,3.4619011743907215,0.8570750344346952,3.5129981426501597,1.7858564872484641,0.45732606909392765,-6.944000659665171,-0.0004350509695382864,0.024248
41.281508922576904,3.4631947094657876,0.8548113931181619,3.5129981426501597,1.7858564872484641,0.45732606909392765,-6.944000659665171,-0.0004350509695382864,0.024248
41.3086154460907,3.4643265526720386,0.8472120259883507,3.5129981426501597,1.7858564872484641,0.45732606909392765,-6.944000659665171,-0.0004350509695382864,0.024248
41.335718631744385,3.4661051634540874,0.8523860631585122,3.5129981426501597,1.7858564872484641,0.45732606909392765,-6.944000659665171,-0.0004350509695382864,0.024248
41.36297559738159,3.4623862500416474,0.8580451664336692,3.5129981426501597,1.7858564872484641,0.45732606909392765,-6.944000659665171,-0.0004350509695382864,0.024248
41.38949275016785,3.4602842555735687,0.8543263271243835,3.5129981426501597,1.7858564872484641,0.45732606909392765,-6.944000659665171,-0.0004350509695382864,0.024248
41.41588020324707,3.4585056449089255,0.8583685437674844,3.5129981426501597,1.7858564872484641,0.45732606909392765,-6.944000659665171,-0.0004350509695382864,0.024248
41.44245219230652,3.4559185749152377,0.8546497044534664,3.5129981426501597,1.7858564872484641,0.45732606909392765,-6.944000659665171,-0.0004350509695382864,0.024248
41.47060799598694,3.4557568830431484,0.8557815251084937,3.5129981426501597,1.7858564872484641,0.45732606909392765,-6.944000659665171,-0.0004350509695382864,0.024248
41.49644184112549,3.4586673367860485,0.8543263271243835,3.5129981426501597,1.7858564872484641,0.45732606909392765,-6.944000659665171,-0.0004350509695382864,0.024248
