Relative_Time_s,Raw_S1_V,Raw_S2_V,Norm_S1,Norm_S2,Phase_rad,Unwrapped_Phase_rad,Calculated_Distance_mm,Stage_Position_mm
0.018970489501953125,3.403368732002241,0.8156827392301486,-0.05424303471370202,0.0879562131808389,2.1019957059967593,-0.9374990597041855,-5.873557547807089e-05,0.03142
0.046997785568237305,3.401266738930211,0.8185931347704759,-0.016758029760907064,0.19640080332824114,1.6182909129512904,-1.4212038527496542,-8.90403305462961e-05,0.03142
0.07869291305541992,3.3943139929663904,0.8126106550837903,-0.12082155317247162,0.1475929136657524,2.2559227842889236,-0.7835719814120212,-4.9091837245414845e-05,0.03142
0.10793828964233398,3.392697075377649,0.8229587281417827,-0.22396904761922046,0.3291577326228149,2.1649844901555353,-0.8745102755454095,-5.478924353465851e-05,0.03142
0.13934540748596191,3.401266738930211,0.8164911824325468,-0.13556623879475332,0.3214216413167719,1.9584454047052167,-1.0810493609957281,-6.772919469201406e-05,0.03142
0.16707301139831543,3.3915652330828636,0.8189165120547346,-0.2555024468710005,0.36656817622711124,2.1772816314797656,-0.8622131342211792,-5.401881111135374e-05,0.03142
0.1987302303314209,3.399811512986171,0.8121255891692339,-0.18491234566352585,0.256597715136038,2.1928095575030206,-0.8466852081979241,-5.304596568658651e-05,0.03142
0.22524142265319824,3.399164745907519,0.8185931347704759,-0.1476204868505061,0.3144498546968844,1.9989785405061804,-1.0405162251947644,-6.518973928397173e-05,0.03142
0.25098180770874023,3.395284143533623,0.8042028460247949,-0.19424345603789672,0.0549463532428509,2.9163754007153413,-0.1231193649856035,-7.713593608516114e-06,0.03142
0.2774369716644287,3.3978712117642207,0.8140658528328402,-0.1783946879145569,0.0789118773948983,2.766921517849616,-0.27257324785132875,-1.7077080138647064e-05,0.03142
0.30439090728759766,3.3910801578180383,0.8093768823370032,-0.2945732694513595,-0.002065064527591867,-3.088838178439019,0.1548523630396228,9.701708565063849e-06,0.03142
0.33118152618408203,3.393020458893066,0.8143892301115035,-0.3395346434464175,0.04574545804266174,3.0418940206522356,0.002399254951292118,1.5031654573309044e-07,0.03142
0.3595147132873535,3.4030453484494854,0.8210184644121803,-0.18312882179221188,0.21741507396296006,2.2681943485864275,-0.7713004171145159,-4.832300725719326e-05,0.03142
0.38700294494628906,3.4032070402257175,0.8240905486573925,-0.07061444350310288,0.4016287514755063,1.720198202290168,-1.3192965634107754,-8.265570197224933e-05,0.03142
0.41531896591186523,3.401266738930211,0.8151976733099081,-0.02821801591348212,0.3451850619989102,1.6188755141100875,-1.420619251590856,-8.900370449837453e-05,0.03142
0.4419441223144531,3.3914035413276307,0.8240905486573925,-0.1833889935917248,0.4910677431006722,1.9156368473423744,-1.1238579183585689,-7.041120831759129e-05,0.03142
0.46918654441833496,3.3933438424096494,0.8182697574866175,-0.25564504475476535,0.4718373010767513,2.0603142817509092,-0.9791804839500342,-6.134697269973641e-05,0.03142
0.49724769592285156,3.395122451771689,0.8255457464704119,-0.2728909494340525,0.6100613905776873,1.9833985061286556,-1.0560962595722878,-6.616584936713353e-05,0.03142
0.5266106128692627,3.3981945952982953,0.8253840578241186,-0.22738732737414882,0.7034474665396715,1.8729809990119117,-1.166513766689032,-7.308365451714865e-05,0.03142
0.5538275241851807,3.3993264376767445,0.8265158783502841,-0.17432267104811336,0.79241322657776,1.775134347785511,-1.2643604179154324,-7.921387865859807e-05,0.03142
0.5889167785644531,3.4007816636129036,0.8221502849193592,-0.10990468437506919,0.7636780184064168,1.6986294720015649,-1.3408652936993786,-8.400701189914371e-05,0.0
0.6176679134368896,3.4004582800694925,0.8247373032399514,-0.07087269979660299,0.7974959592860942,1.6432472771783262,-1.3962474885226173,-8.747678080238716e-05,0.0
0.6500396728515625,3.400134896527248,0.8211801530557621,-0.049610916662513514,0.7470112114655014,1.6190036073535992,-1.4204911583473443,-8.89956792845947e-05,0.0
0.676861047744751,3.4032070402257175,0.8236054827215286,0.0228480900876832,0.7622336877241612,1.5197685810310049,-1.5197261846699384,-9.521288699089173e-05,0.0
0.7037672996520996,3.4004582800694925,0.8270009442915789,0.022054242327337548,0.8436759415232573,1.5258178209220774,-1.513676944778866,-9.483389398548097e-05,0.0
0.730144739151001,3.399811512986171,0.8182697574866175,0.009377336775305238,0.7186630399725671,1.5360148950316996,-1.5034798706692438,-9.419503359429277e-05,0.0
0.7559618949890137,3.4020751977982284,0.8190782006970141,0.04292774569095509,0.6480079418911541,1.478025188378989,-1.5614695773219545,-9.782816661644876e-05,0.0
0.7838335037231445,3.4025602731225426,0.8121255891692339,0.07550394124329542,0.4536055511008665,1.3610113280256524,-1.678483437675291,-0.00010515924215793516,0.0
0.8126771450042725,3.395607527058366,0.8156827392301486,-0.03199575062941337,0.3916811814140802,1.6199363640629039,-1.4195584016380396,-8.893724082373978e-05,0.031555
0.8403205871582031,3.3993264376767445,0.8111554573428102,-0.03754856732679577,0.25395209970513344,1.6752689416346316,-1.3642258240663119,-8.547058050795672e-05,0.031555
0.8706300258636475,3.4030453484494854,0.8195632666244533,0.028261431491526098,0.33282264353145224,1.429521639757774,-1.6099731259431693,-0.00010086697909471896,0.031555
0.8987948894500732,3.402883656673546,0.8203717098388552,0.07129812753866273,0.4048859572974543,1.3442248482081378,-1.6952699174928054,-0.00010621093766858862,0.031555
0.9259123802185059,3.401751814250145,0.8234437940764414,0.08021169304504334,0.5193752231430031,1.37870248219473,-1.6607922835062134,-0.00010405086758386367,0.031555
0.955540657043457,3.4023985813474793,0.8257074351168058,0.09857240128187549,0.6467087227148306,1.3888155541653575,-1.6506792115355862,-0.00010341727003952762,0.031555
0.9840259552001953,3.4022368895727073,0.820048332552794,0.10839459394386931,0.6178646394845174,1.3637629431902685,-1.675731822510675,-0.00010498684977149488,0.031555
1.010544776916504,3.411291629409967,0.7990288098139662,0.2849671110546143,0.15947153836674083,0.3874304709506627,-2.652064294750281,-0.00016615539071170179,0.031555
1.0433552265167236,3.4020751977982284,0.8236054827215286,0.23584058768647143,0.35095591655502567,0.8993844531156256,-2.140110312585318,-0.00013408078599664504,0.031555
1.0751152038574219,3.410321478669252,0.824413925948471,0.3559974863258174,0.5018489146358506,0.8990350480007983,-2.1404597177001454,-0.00013410267669646165,0.031555
1.1027777194976807,3.407411026510301,0.8130957209992431,0.38556185551191907,0.3715189511586814,0.6962679137118138,-2.34322685198913,-0.00014680631004651613,0.031714
1.1363904476165771,3.405632416904251,0.8203717098388552,0.37292357823429545,0.4319733726365132,0.7957826979451731,-2.2437120677557707,-0.0001405715751312974,0.031714
1.1674954891204834,3.4111299376191164,0.8164911824325468,0.4671070966527395,0.3933925893263592,0.6361771045469866,-2.4033176611539573,-0.00015057107996356835,0.031714
1.2024755477905273,3.402883656673546,0.8164911824325468,0.3784900931515037,0.3663860410092514,0.6973746359108417,-2.342120129790102,-0.00014673697241403386,0.031714
1.2300865650177002,3.4057941086851566,0.8130957209992431,0.3710036478007726,0.2766949396200535,0.5534840601860563,-2.4860107055148877,-0.0001557519102783267,0.031714
1.263528823852539,3.404177190889242,0.8195632666244533,0.33546010411396693,0.34874263147189316,0.7283530920815993,-2.311141673619345,-0.00014479613052008488,0.031714
1.2908437252044678,3.406117492247847,0.8101853255199691,0.34694326192845615,0.20367039575852328,0.4253608783068947,-2.6141338873940496,-0.0001637789997370923,0.031714
1.3230504989624023,3.4054707251236365,0.8160061165108082,0.34286025951257443,0.2234681458031254,0.4756038469027214,-2.563890918798223,-0.00016063121026076613,0.031714
1.3514988422393799,3.4082194854338366,0.8019392051701061,0.39151731319264776,-0.05593185259186736,-0.2467156102777467,-3.2862103759786914,-0.00020588549457961064,0.031873
1.3873753547668457,3.4088662525779294,0.8163294937918674,0.43769846402738133,0.04848814509486817,0.010475248839517014,-3.029019516861428,-0.0001897721417590558,0.031873
1.4183156490325928,3.4098364033028448,0.8139041641936581,0.48820708966416654,0.07102034515089098,0.055139479355132616,-2.9843552863458123,-0.0001869738677176422,0.031873
1.4498364925384521,3.4048239580041013,0.8155210505899687,0.4296237261291197,0.12050075068787652,0.17527320654282366,-2.8642215591581213,-0.00017944732832791624,0.031873
1.4774549007415771,3.4054707251236365,0.8189165120547346,0.4007365844530278,0.22592355278688522,0.42416908641712164,-2.6153256792838233,-0.000163853667099978,0.031873
1.5121164321899414,3.3993264376767445,0.8198866439099136,0.26536406723091305,0.3199442339174409,0.8019752227503558,-2.237519542950589,-0.0001401836051335362,0.031873
1.5394809246063232,3.4023985813474793,0.8181080688448383,0.22817906321200646,0.3486800580539333,0.9251182765187417,-2.1143764891822032,-0.00013246852739095646,0.031873
1.572854995727539,3.398032903531112,0.8161678051512878,0.12033137851647073,0.32834569597736935,1.1679361538681143,-1.8715586118328305,-0.00011725566118607813,0.031873
1.6003949642181396,3.401913506024041,0.8185931347704759,0.11756527181691839,0.36467344128581863,1.217403316640846,-1.8220914490600988,-0.00011415647698674614,0.032024
1.6328020095825195,3.404177190889242,0.814550918750985,0.15805324092521905,0.30583319865870384,1.023807322606737,-2.0156874430942078,-0.00012628552607979858,0.032024
1.6618242263793945,3.4009433553850474,0.8172996256374427,0.12578875706083403,0.3219484004313019,1.143166641688564,-1.8963281240123808,-0.00011880750439820468,0.032024
1.69356369972229,3.412261780161219,0.8211801530557621,0.3153248457825465,0.4141279202671453,0.8613672937915721,-2.178127471909373,-0.00013646261209857675,0.032024
1.722533941268921,3.403853807333565,0.8101853255199691,0.290424336378641,0.24944009791519978,0.6074644532509492,-2.432030312449996,-0.00015236996613835144,0.032024
1.7577533721923828,3.4077344100788376,0.8119639005312479,0.34572125711243545,0.17123727380221498,0.34176218306856615,-2.697732582632379,-0.0001690165702959241,0.032024
1.7848334312438965,3.4080577936485446,0.8063047982643804,0.3904897082115896,-0.001482229812775825,-0.1300851200405692,-3.1695798857415145,-0.00019857843769090116,0.032024
1.8163766860961914,3.3988413623699443,0.806789864168202,0.24910034487877686,-0.11227352300813975,-0.5815123216446795,-3.6210070873456246,-0.00022686095829528333,0.032024
1.8473267555236816,3.4069259511596877,0.8211801530557621,0.3016429466946831,0.11017257385953459,0.2033129482803397,-2.8361818174206057,-0.00017769060084092643,0.032175
1.8800230026245117,3.409513019726703,0.8156827392301486,0.38690762082519925,0.15127809734513706,0.2615725612208641,-2.777922204480081,-0.00017404055782726076,0.032175
1.9073033332824707,3.397224444699573,0.8226353508525123,0.21628985411981774,0.3249957878901864,0.9180604809962462,-2.1214342847046987,-0.0001329107077615172,0.032175
1.9410762786865234,3.401105047157483,0.8134190982767101,0.1695846893570723,0.2544633354988416,0.8961864078524608,-2.143308357848484,-0.00013428114782847048,0.032175
1.9711568355560303,3.4069259511596877,0.8095385709733975,0.24598198782949549,0.12419174262746396,0.2996007704032006,-2.739893995297744,-0.00017165803943686384,0.032175
2.005352258682251,3.401590122476542,0.8098619482464846,0.1994600921667487,0.03974320058831821,-0.054450556265807214,-3.093945321966752,-0.00019383983066686292,0.032175
2.0371758937835693,3.4087045607914677,0.8143892301115035,0.3002281059863717,0.07501124362379416,0.08430452901753734,-2.9551902366834075,-0.00018514663817747776,0.032175
2.0683491230010986,3.4101597868801568,0.8105087027938517,0.3980384457635021,0.018799997252249227,-0.08045784458261829,-3.1199526102835633,-0.00019546922221675312,0.032175
2.096879482269287,3.4045005744460872,0.8137424755545757,0.36044506903228973,0.04686785512272061,-0.009518969577005564,-3.0490137352779505,-0.0001910248064020468,0.032334
2.1302199363708496,3.4140403898992226,0.8092151937007083,0.5129176023433938,-0.02786666659834642,-0.1537458917947579,-3.1932406574957026,-0.00020006081682595443,0.032334
2.160632371902466,3.4032070402257175,0.8069515528030077,0.41661805339183217,-0.12737184230886223,-0.41152413737113286,-3.4510189030720775,-0.00021621097019723708,0.032334
2.190795660018921,3.410321478669252,0.8140658528328402,0.48254171231956433,-0.048710859491299344,-0.20570777399528997,-3.2452025396962347,-0.00020331629854871476,0.032334
2.220285415649414,3.4062791840296307,0.81778469156158,0.45293069090761023,0.08387991948495663,0.07777555341883473,-2.96171921228211,-0.00018555568726942362,0.032334
2.249049663543701,3.399811512986171,0.8216652189871094,0.31099085078149613,0.25759234351367355,0.6089980555005053,-2.4304967102004396,-0.00015227388389725505,0.032334
2.2745935916900635,3.4009433553850474,0.8282944534727967,0.2328450839601919,0.5173932943118841,1.1317099054557587,-1.9077848602451861,-0.00011952528431357508,0.032334
2.3006367683410645,3.4064408758117066,0.8198866439099136,0.28117335429675067,0.5239730529849425,1.0562856907730542,-1.9832090749278906,-0.00012425071268442383,0.032334
2.3298208713531494,3.404985649783547,0.8226353508525123,0.2877304145633201,0.5858822568380541,1.0975643467538845,-1.9419304189470603,-0.00012166454943561971,0.032334
2.3554999828338623,3.4078961018635447,0.8242522373028814,0.34686581513173,0.6629265661599719,1.072331461568002,-1.967163304132943,-0.00012324542358906426,0.032334
2.3817262649536133,3.4064408758117066,0.8126106550837903,0.3609878661168273,0.47416094764796013,0.8824443268504569,-2.1570504388504883,-0.00013514210766364478,0.032334
2.410332202911377,3.405309033343314,0.8166528710733262,0.3496611792366108,0.42629467840808277,0.8390284146612935,-2.2004663510396516,-0.00013786217288498008,0.032493
2.4362480640411377,3.4054707251236365,0.8163294937918674,0.34476280162827155,0.38604671679482866,0.7890557832984111,-2.250438982402534,-0.0001409930253705053,0.032493
2.4645636081695557,3.401105047157483,0.8114788346178867,0.2595157526129872,0.2567495474839523,0.6915229803237242,-2.347971785377221,-0.00014710358649737737,0.032493
2.493769645690918,3.412423471954119,0.8169762483551846,0.41196404611258375,0.2808482714469612,0.5170888072601393,-2.522405958440806,-0.00015803212176563025,0.032493
2.520885467529297,3.410483170458639,0.8092151937007083,0.4823142106017957,0.13591962482861814,0.16811851543533995,-2.8713762502656053,-0.000179895579337041,0.032493
2.5496697425842285,3.408381177219421,0.814874296030247,0.49216538226153433,0.15244710023821137,0.19851491092515225,-2.840979854775793,-0.00017799120432666337,0.032493
2.5786588191986084,3.4164657668718004,0.8137424755545757,0.6505763747391389,0.1404208272128995,0.13073343518178743,-2.908761330519158,-0.00018223780483610352,0.032493
2.61212158203125,3.4043388826675187,0.8114788346178867,0.5341913161402898,0.08481142477660573,0.05275141483069685,-2.9867433508702486,-0.00018712348316810012,0.032493
2.638998508453369,3.4064408758117066,0.8126106550837903,0.49211571682280814,0.0694803486795999,0.024853281278071734,-3.0146414844228735,-0.00018887133871207747,0.032644
2.6689939498901367,3.4036921155561646,0.8156827392301486,0.4111476429537702,0.12279353971919205,0.1661764905795376,-2.8733182751214077,-0.00018001724980307247,0.032644
2.6946372985839844,3.402883656673546,0.8190782006970141,0.3393184755621975,0.2308992917137977,0.5025188733457221,-2.536975892355223,-0.0001589449476978619,0.032644
2.7214834690093994,3.4062791840296307,0.8103470141568607,0.352674425177459,0.12455084442052101,0.19961914274083287,-2.839875622960112,-0.00017792202272004322,0.032644
2.7487151622772217,3.401751814250145,0.8182697574866175,0.27717510139221185,0.2152754720006517,0.5580490885578502,-2.481445677143095,-0.00015546590511841157,0.032644
2.779242992401123,3.3935055341683777,0.8270009442915789,0.06978012453710748,0.46080519051679913,1.4634307910702726,-1.5760639746306722,-9.874252521319617e-05,0.032644
2.809044599533081,3.3970627529341395,0.814227541472122,-0.00872969621064319,0.3663838500291545,1.6852303393780088,-1.3542644263229362,-8.484648555770927e-05,0.032644
2.837383508682251,3.401913506024041,0.8226353508525123,0.027222519507922,0.47556981476899785,1.568970609204948,-1.4705241564959972,-9.213031383034203e-05,0.032644
2.866058826446533,3.401751814250145,0.8261925010565908,0.049358767423541484,0.6261572969378892,1.5303101401639185,-1.5091846255370265,-9.45524441502311e-05,0.032644
2.895004987716675,3.400134896527248,0.8232821054314547,0.03455111039159317,0.6708943742298824,1.5575903008885563,-1.4819044648123887,-9.28433054340798e-05,0.032803
2.926689624786377,3.404662266224948,0.8203717098388552,0.10903423745239772,0.6415361687863508,1.4290518289572218,-1.6104429367437234,-0.00010089641337249313,0.032803
2.9547903537750244,3.401913506024041,0.8097002596098913,0.10965727307205897,0.39851351241308586,1.3273251652094002,-1.7121696004915448,-0.00010726972551061711,0.032803
2.990234851837158,3.411291629409967,0.8147126073905661,0.2858509864443304,0.332892034996521,0.8019450338765547,-2.2375497318243904,-0.00014018549650703403,0.032803
3.0163865089416504,3.4075727182944227,0.8168145597142055,0.33948960887390295,0.33077722612788313,0.7040515022688659,-2.335443263432079,-0.0001463186577673478,0.032803
3.0541391372680664,3.4098364033028448,0.8182697574866175,0.4194608910567622,0.3596339391957998,0.6431573344488656,-2.3963374312520793,-0.00015013375918333696,0.032803
3.0822150707244873,3.408542869005298,0.8126106550837903,0.4511983618919495,0.2618561087730373,0.43252424853150767,-2.606970517169437,-0.00016333020496962037,0.032803
3.1135120391845703,3.404662266224948,0.814874296030247,0.4006873135026527,0.24060263899930245,0.4371051135976588,-2.602389652103286,-0.0001630432076195295,0.032803
3.140665054321289,3.402883656673546,0.8095385709733975,0.3319962449464208,0.11448925507778192,0.15430953173038886,-2.885185233970556,-0.00018076073071642852,0.032952
3.1696178913116455,3.4075727182944227,0.81778469156158,0.37179128982534126,0.19811999968330116,0.36556243692986706,-2.673932328771078,-0.0001675254524194872,0.032952
3.195880174636841,3.4030453484494854,0.8247373032399514,0.3147993314980054,0.4016053461799133,0.8671422305361216,-2.1723525351648236,-0.0001361008045537803,0.032952
3.2217297554016113,3.4062791840296307,0.8030710255950269,0.3355110243325328,0.09235969242589845,0.07819787289625837,-2.961296892804687,-0.00018552922838684097,0.032952
3.247634172439575,3.4078961018635447,0.8265158783502841,0.3803122419701678,0.36465178469813203,0.705576107961893,-2.3339186577390523,-0.00014622313917260347,0.032952
3.2763288021087646,3.4036921155561646,0.8231204167865686,0.3328852105569136,0.48446972900271645,0.946151228656013,-2.093343537044932,-0.00013115078468497963,0.032952
3.3043570518493652,3.3978712117642207,0.8219885962751756,0.1905953787018048,0.5447467834591982,1.252374998039702,-1.7871197676612427,-0.00011196545416796517,0.032952
3.334265947341919,3.403853807333565,0.8255457464704119,0.20311370942212184,0.6610980282453985,1.2923660779185613,-1.7471286877823835,-0.0001094599592916125,0.032952
3.365420341491699,3.389463240287547,0.8242522373028814,-0.05782041828261411,0.715577606145107,1.7137302088843274,-1.3257645568166176,-8.306093044789216e-05,0.032952
3.3926148414611816,3.394637376487635,0.814874296030247,-0.14350461946044443,0.5582076871597512,1.9228930776934086,-1.1166016880075365,-6.995659573845567e-05,0.033103
3.4199326038360596,3.400619971841052,0.8198866439099136,-0.09136235131278952,0.5525431279784456,1.8276884645843972,-1.2118063011165479,-7.59212926426737e-05,0.033103
3.4474704265594482,3.4004582800694925,0.8181080688448383,-0.057893066653004456,0.5114992838966335,1.7784326747268655,-1.2610620909740797,-7.900723404492101e-05,0.033103
3.4737250804901123,3.400134896527248,0.8158444278704285,-0.04052517346197235,0.43557758093441945,1.7747702190277181,-1.2647245466732269,-7.923669181442557e-05,0.033103
3.499311923980713,3.3962542941113494,0.8206950871253172,-0.10109491937190884,0.48355598672917627,1.890825258964877,-1.1486695067360682,-7.196568766004233e-05,0.033103
3.5258536338806152,3.4106448622483194,0.8239288600120042,0.12620323814588513,0.5845566037420555,1.3896256133256082,-1.649869152375337,-0.00010336651874494656,0.033103
3.5598151683807373,3.405632416904251,0.8182697574866175,0.19137254607807727,0.537279503525722,1.2392809881236007,-1.8002137775773446,-0.00011278581147902262,0.033103
3.5860414505004883,3.3999732047565634,0.8139041641936581,0.1309304524225602,0.413174296052494,1.2875553218053442,-1.7519394438956009,-0.00010976135962462577,0.033103
3.6199679374694824,3.4119383965762977,0.8194015779818734,0.3128634256651239,0.4409073943633492,0.9125217172201434,-2.1269730484808016,-0.00013325771875257795,0.033103
3.649611473083496,3.412261780161219,0.8168145597142055,0.44627711380556323,0.4063879776846644,0.6687012418554538,-2.3707935238454914,-0.0001485333990699541,0.033252
3.6804630756378174,3.4172742258773114,0.8168145597142055,0.6336061048062985,0.38222438600958275,0.46547702111062067,-2.5740177445903245,-0.0001612656695004937,0.033252
3.7082762718200684,3.4172742258773114,0.8205333984820361,0.764736398506816,0.44283796365592737,0.459700517664051,-2.5797942480368943,-0.00016162757520127638,0.033252
3.73580265045166,3.412746855540797,0.8090535050645127,0.7716791051418364,0.24594162289674118,0.21844082460220837,-2.8210539410987368,-0.00017674281906735704,0.033252
3.7644271850585938,3.416789150473125,0.8216652189871094,0.8522965879333998,0.3710355359019243,0.3401298055938151,-2.69936496010713,-0.00016911884093756847,0.033252
3.7974421977996826,3.411615012992547,0.8169762483551846,0.8117591136739972,0.36084846333954546,0.34491767740004936,-2.6945770883008957,-0.00016881887433712928,0.033252
3.8281445503234863,3.411776704784276,0.8195632666244533,0.7864131851140594,0.4076500980755345,0.40985403937438974,-2.629640726326555,-0.00016475052402729678,0.033252
3.857387065887451,3.410483170458639,0.81778469156158,0.7444286079028286,0.40333258978174186,0.4264588582436282,-2.613035907457317,-0.0001637102098190867,0.033252
3.8829197883605957,3.404985649783547,0.8172996256374427,0.6120090920875746,0.3901979742174316,0.49309977939032446,-2.5463949863106206,-0.00015953506658728973,0.033252
3.9120283126831055,3.411291629409967,0.807921684613925,0.6374972597551941,0.18549812500069238,0.16612881262346696,-2.873365953077478,-0.00018002023689106837,0.033252
3.9384541511535645,3.4045005744460872,0.8184314461284966,0.5280662388264908,0.2613093550034078,0.34890685451419656,-2.6905879111867486,-0.00016856894703207436,0.03341
3.96754789352417,3.404662266224948,0.8223119735636433,0.45449482735683716,0.3952760949511421,0.649919904577718,-2.389574861123227,-0.00014971007508027845,0.03341
3.9966444969177246,3.403530423779057,0.8229587281417827,0.3817827171799741,0.5025359595225908,0.8958659412446418,-2.1436288244563033,-0.00013430122549194857,0.03341
4.023854732513428,3.3999732047565634,0.8206950871253172,0.26421757219391295,0.5304268517408978,1.120179980218963,-1.919314785481982,-0.00012024764961836378,0.03341
4.0544273853302,3.4014284307032305,0.8260308124098952,0.20919469814539537,0.6611864361211689,1.3005985331577121,-1.7388962325432327,-0.00010894418491182639,0.03341
4.084303617477417,3.401590122476542,0.8260308124098952,0.17370898938786475,0.7527181451873534,1.3877616520416682,-1.6517331136592763,-0.00010348329842333425,0.03341
4.120020151138306,3.3981945952982953,0.8184314461284966,0.08523262980118494,0.6583633691340712,1.511095174265959,-1.5283995914349853,-9.575628757612663e-05,0.03341
4.147417068481445,3.4040154991112574,0.8213418416994442,0.13239008835019334,0.6529891849933133,1.4272445927881596,-1.6122501729127845,-0.00010100963914623212,0.033562
4.179881811141968,3.4036921155561646,0.8194015779818734,0.15933970302288714,0.6087778166219265,1.3644574373104184,-1.6750373283905255,-0.00010494333878192015,0.033562
4.209981918334961,3.4045005744460872,0.8185931347704759,0.193355949113887,0.5609759257370063,1.2758513697348508,-1.7636433959660933,-0.00011049462794432417,0.033562
4.243678569793701,3.4137170063078597,0.8234437940764414,0.38989461140916726,0.6286382010506879,1.005602602819798,-2.033892162881146,-0.00012742607622972645,0.033562
4.270503044128418,3.4070876429429333,0.8163294937918674,0.4032292365285798,0.5276871826446469,0.8876638453152446,-2.1518309203856996,-0.00013481509782019546,0.033562
4.306300163269043,3.409674711514627,0.8106703914309421,0.4610483270592252,0.3390439410636637,0.5341982838497087,-2.5052964818512353,-0.00015696019007331035,0.033562
4.334826946258545,3.4150105406803437,0.8208567757686985,0.6015217040681206,0.4193532254476028,0.5304123097223422,-2.509082455978602,-0.00015719738643827112,0.033562
4.370366096496582,3.4022368895727073,0.8122872778073198,0.4604591058942409,0.29691803610794715,0.45436501839161453,-2.5851297473093293,-0.0001619618513981274,0.033562
4.400389671325684,3.408381177219421,0.8103470141568607,0.4768668089662848,0.17076396549642409,0.16791765403459677,-2.871577111666347,-0.00017990816357362426,0.033562
4.435640811920166,3.4048239580041013,0.8139041641936581,0.42168552964061917,0.15661341943198628,0.1551042209569417,-2.884390544744002,-0.00018071094236884062,0.033562
4.463682174682617,3.403368732002241,0.8114788346178867,0.35578590563652307,0.09614623932996262,-0.011958756202763541,-3.0514535219037073,-0.00019117766231163322,0.03372
4.489703416824341,3.405632416904251,0.8097002596098913,0.3520804133215238,0.016740561793614894,-0.2752823006802372,-3.314777066381181,-0.0002076752361083366,0.03372
4.517418384552002,3.400296588298224,0.810832080068132,0.2494865655528541,-0.01524790703317572,-0.5421965346986711,-3.5816913003996147,-0.00022439777142832713,0.03372
4.545922756195068,3.4098364033028448,0.8155210505899687,0.3564587607320169,0.06011297415902752,-0.13115337858964163,-3.170648144290585,-0.00019864536552404358,0.03372
4.571489095687866,3.403853807333565,0.7969268576321853,0.3192180768432592,-0.27477484972666616,-0.9645821196791281,-4.004076885380071,-0.0002508607957382362,0.03372
4.597938537597656,3.4032070402257175,0.8181080688448383,0.2810283855417102,-0.06762330049693784,-0.6454231626170353,-3.684917928317978,-0.00023086505833670964,0.03372
4.624993562698364,3.3986796706015943,0.81778469156158,0.16944711602638668,0.07064121078100043,-0.2481532473588471,-3.28764801305979,-0.00020597556447398853,0.03372
4.653015375137329,3.4020751977982284,0.8161678051512878,0.1549765911666899,0.1337185028863202,0.36268737801716816,-2.6768073876837746,-0.00016770557872257264,0.03372
4.679644346237183,3.4057941086851566,0.8171379369962637,0.2145441964113918,0.1980973268085795,0.577815006629548,-2.461679759071395,-0.0001542275437987106,0.03372
4.706529140472412,3.402721964897898,0.8147126073905661,0.19866575986236476,0.19260070507337193,0.602275818807246,-2.437218946893697,-0.00015269504105639166,0.03388
4.738389492034912,3.3999732047565634,0.8218269076310923,0.13603570207156424,0.33706768006605525,1.269312695774793,-1.77018206992615,-0.00011090428465163713,0.03388
4.768862724304199,3.3981945952982953,0.8231204167865686,0.05886132867973296,0.4651608557602689,1.5794099786741793,-1.4600847870267635,-9.147627330938714e-05,0.03388
4.79553747177124,3.3999732047565634,0.827324321586279,0.03817260024373307,0.6424665325699261,1.6146893658819286,-1.424805399819014,-8.926597230832299e-05,0.03388
4.821064233779907,3.4069259511596877,0.8219885962751756,0.15399352545017467,0.6553445459562467,1.4063208935718174,-1.6331738721291251,-0.00010232053700994797,0.03388
4.8472044467926025,3.3986796706015943,0.8198866439099136,0.08052271396231457,0.6205389291359971,1.535373123918899,-1.5041216417820436,-9.423524141663169e-05,0.03388
4.873741149902344,3.4030453484494854,0.8282944534727967,0.11091132839388392,0.7714559042475059,1.4980272375268027,-1.54146752817414,-9.657501136762296e-05,0.03388
4.901811599731445,3.4090279443646843,0.8208567757686985,0.24430457799663657,0.7220415996763062,1.2842298491752466,-1.7552649165256957,-0.00010996970495216862,0.03388
4.9301981925964355,3.4080577936485446,0.8156827392301486,0.3194980328305332,0.5795864154168787,1.0742202608887792,-1.9652745048121631,-0.0001231270877743024,0.03388
4.9603211879730225,3.4137170063078597,0.8192398893393937,0.4781940700108196,0.5540250913092584,0.8230284702555275,-2.216466295445415,-0.00013886459089549648,0.03403
4.996242523193359,3.409513019726703,0.8140658528328402,0.5104934071465059,0.4282669940413836,0.6230970032575887,-2.4163977624433537,-0.00015139056588047857,0.03403
5.02747368812561,3.405309033343314,0.8153593619498886,0.45431505795736915,0.36720261835207973,0.5871625600450281,-2.4523322056559143,-0.0001536419070202124,0.03403
5.0613813400268555,3.4088662525779294,0.812772343722175,0.48165688536269186,0.2705249707062274,0.3712630528607731,-2.668231712840169,-0.00016716830117350403,0.03403
5.086991548538208,3.416789150473125,0.8171379369962637,0.6492810340879902,0.29386185428251915,0.30732775668311574,-2.7321670090178265,-0.00017117393336639448,0.03403
5.12145209312439,3.4133936227176673,0.8113171459802987,0.702981563921631,0.18884935721815435,0.12461829997783465,-2.9148764657231077,-0.00018262092627138637,0.03403
5.148629426956177,3.414848848882758,0.8174613142787219,0.7678446663404693,0.2434304980070542,0.189436748862504,-2.8500580168384384,-0.0001785599633750201,0.03403
5.174164056777954,3.407411026510301,0.807759995978524,0.6738548815221616,0.07939010519183075,-0.050164072221808145,-3.0896588379227503,-0.0001935712766832659,0.03403
5.203318119049072,3.4082194854338366,0.8030710255950269,0.6232135485993615,-0.13319097626575932,-0.41463084714536713,-3.454125612846309,-0.00021640560973798542,0.03403
5.233852863311768,3.411776704784276,0.7922378874404453,0.6544312895617977,-0.5078404175133214,-0.8147441712352969,-3.854238936936239,-0.00024147324698370304,0.03419
5.265375375747681,3.4045005744460872,0.8101853255199691,0.5399200596911022,-0.3959377385311261,-0.8242743363789251,-3.8637691020798672,-0.00024207032463228085,0.03419
5.295112133026123,3.402883656673546,0.8158444278704285,0.42945916727835215,-0.19962833476502387,-0.7126412347363789,-3.752136000437321,-0.0002350763608522576,0.03419
5.32462739944458,3.4057941086851566,0.8111554573428102,0.4066819996895665,-0.15996456162023787,-0.6770592802272468,-3.716554045928189,-0.00023284710360330863,0.03419
5.353343725204468,3.4022368895727073,0.8113171459802987,0.324071312829253,-0.1288291339137748,-0.7576752647110129,-3.797170030411955,-0.00023789780332654815,0.03419
5.382879972457886,3.402883656673546,0.8153593619498886,0.27836504447508265,-0.022764671216533434,-0.5655171604234858,-3.605011926124428,-0.00022585883995770553,0.03419
5.410396099090576,3.401266738930211,0.8190782006970141,0.21606762567125332,0.12900854405878676,0.17073235317394353,-2.8687624125269986,-0.00017973181889142326,0.03419
5.437117338180542,3.400619971841052,0.8197249552671334,0.16033822027941277,0.24873294119234268,1.0465749318797424,-1.9929198338212002,-0.00012485910477401944,0.03419
5.470141410827637,3.403368732002241,0.8206950871253172,0.1728427890836786,0.3527647389097241,1.202767425437805,-1.8367273402631374,-0.0001150734352317135,0.03419
5.501500844955444,3.403853807333565,0.8211801530557621,0.1906868966894113,0.4356993572020439,1.2406020094894818,-1.7988927562114605,-0.00011270304771585843,0.03434
5.533865928649902,3.402721964897898,0.8190782006970141,0.18196565005696455,0.44993336395179473,1.27646146037011,-1.7630333053308322,-0.00011045640494646095,0.03434
5.562899351119995,3.404177190889242,0.8224736622080275,0.20313350569325414,0.5306836878638833,1.2836370715109757,-1.7558576941899666,-0.00011000684326914196,0.03434
5.59668755531311,3.401266738930211,0.8197249552671334,0.1634055485239678,0.5299055418559125,1.3717754959366895,-1.6677192697642527,-0.00010448485257828384,0.03434
5.622716903686523,3.4045005744460872,0.8033944028601802,0.1962020409646074,0.1889114022045152,0.596999076099756,-2.442495689601186,-0.00015302563607551826,0.03434
5.650860071182251,3.416142383271648,0.8202100211957745,0.43734142867518216,0.300777301746906,0.4909495136395353,-2.5485452520614067,-0.00015966978362513194,0.03434
5.677618026733398,3.3986796706015943,0.8119639005312479,0.27886624621981704,0.20717331648441628,0.45567243198767443,-2.5838223337132677,-0.0001618799401800225,0.03434
5.704288959503174,3.409998095091354,0.8150359846700277,0.38005484056018085,0.20569547095016325,0.30967153445934925,-2.729823231241593,-0.000171027092540204,0.03434
5.732089996337891,3.415818999672667,0.807759995978524,0.5599777812579978,0.052975586252007066,-0.11801208241594648,-3.157506848116889,-0.00019782204566542593,0.03434
5.7592902183532715,3.413878698103395,0.8161678051512878,0.6495601974029984,0.12135256571602639,0.02047700285085734,-3.019017762850085,-0.0001891455184344077,0.034492
5.790833473205566,3.4101597868801568,0.8129340323606592,0.6425709097551241,0.10180072038685344,-0.01417566103164181,-3.0536704267325843,-0.0001913165543772373,0.034492
5.817063093185425,3.3999732047565634,0.8098619482464846,0.4467693069965069,0.024069485019884675,-0.23165731986984509,-3.2711520855707876,-0.00020494207245702929,0.034492
5.844656229019165,3.403853807333565,0.8048496005582686,0.38243545922840777,-0.1348367598541903,-0.6867958291028371,-3.7262905948037797,-0.00023345711146993903,0.034492
5.874257802963257,3.399488129446261,0.8069515528030077,0.2555835825790092,-0.2022509075879514,-1.0694879270232427,-4.108982692724185,-0.00025743328549336446,0.034492
5.903278589248657,3.4045005744460872,0.8019392051701061,0.2607266648031336,-0.35393518996561496,-1.2082160534067763,-4.247710819107718,-0.00026612478897146126,0.034492
5.929872035980225,3.4159806914720106,0.8216652189871094,0.4794783617923556,-0.0488782331017281,-0.3780374363201296,-3.4175322020210714,-0.00021411298339209445,0.034492
5.956440210342407,3.406117492247847,0.8194015779818734,0.44775604230333377,0.1174706239553906,0.02840880547836263,-3.0110859602225792,-0.00018864858034462227,0.034492
5.987793445587158,3.400619971841052,0.8176230029201009,0.3225201119218552,0.19683617130933187,0.36383051723418347,-2.6756642484667585,-0.00016763395951499267,0.034492
6.015562057495117,3.3993264376767445,0.8294262740116538,0.21061253645909503,0.49845948089814024,1.2661591840410449,-1.7733355816598975,-0.00011110185639802048,0.034644
6.050256252288818,3.3999732047565634,0.8163294937918674,0.14439844568929483,0.43656207853786266,1.4004133646961539,-1.6390814010047885,-0.00010269065162987611,0.034644
6.083150386810303,3.3996498212160704,0.8224736622080275,0.09198797611243953,0.5213237880741294,1.5611621624972587,-1.4783326032036834,-9.261952350604082e-05,0.034644
6.117780447006226,3.400134896527248,0.8219885962751756,0.06439155647383012,0.5705446248091873,1.6220239909954048,-1.4174707747055373,-8.880644819200879e-05,0.034644
6.146358966827393,3.4032070402257175,0.8137424755545757,0.10264982128314316,0.4330890944125788,1.5253231986644387,-1.5141715670365037,-9.486488273437186e-05,0.034644
6.182056903839111,3.3959309105842745,0.803717780125729,-0.006933028836858714,0.1278814618078516,2.9680074390206985,-0.0714873266802436,-4.47877704888349e-06,0.034644
6.208054304122925,3.4007816636129036,0.8172996256374427,0.007268065172806297,0.19738218463570534,2.322794173890163,-0.7167005918107789,-4.490225485534121e-05,0.034644
6.234578371047974,3.403368732002241,0.8163294937918674,0.06569368050905962,0.2258079711541575,1.7604932790672725,-1.2790014866336699,-8.013116128184786e-05,0.034644
6.260494232177734,3.404177190889242,0.8134190982767101,0.12174312700975952,0.18503186378362213,1.135313650623951,-1.9041811150769914,-0.00011929950483770335,0.034792
6.287522792816162,3.4057941086851566,0.8179463802031591,0.19128077150155165,0.25087061236778163,0.930469783249611,-2.109024982451331,-0.00013213324830533082,0.034792
6.318572759628296,3.4151722324782225,0.8194015779818734,0.41571471871461907,0.32729481578404973,0.580890499565389,-2.4586042661355534,-0.00015403486003482246,0.034792
6.34945273399353,3.4087045607914677,0.8163294937918674,0.45160634456989485,0.31674681295800705,0.5123860334666146,-2.527108732234328,-0.00015832675686125677,0.034792
6.375491380691528,3.4075727182944227,0.8080833732494253,0.455518359561762,0.13745309858275492,0.06685110863416228,-2.9726436570667802,-0.0001862401184105156,0.034792
6.403065204620361,3.4062791840296307,0.8116405232555741,0.4340143439771541,0.08610480124476348,-0.07796732244211145,-3.117462088143054,-0.00019531318765901197,0.034792
6.4296441078186035,3.4057941086851566,0.8143892301115035,0.40987062337870567,0.10746436408330122,-0.01711427622128724,-3.0566090419222296,-0.00019150066256645178,0.034792
6.456814527511597,3.407411026510301,0.8119639005312479,0.4232730514489325,0.07185426011988909,-0.12307588303539377,-3.1625706487363363,-0.00019813929957668134,0.034792
6.482846021652222,3.397547828231313,0.7907826898115241,0.24780626143039533,-0.3946458283279206,-1.2728927502380558,-4.312387515938998,-0.00027017687091126033,0.034792
6.510708332061768,3.412261780161219,0.8121255891692339,0.40073709884124775,-0.27625208805248425,-0.8992388761704068,-3.9387336418713494,-0.00024676695375369114,0.034792
6.538743495941162,3.402883656673546,0.8130957209992431,0.33203109468348174,-0.17315175072315142,-0.8713333877177698,-3.9108281534187124,-0.0002450186374153479,0.034944
6.56488037109375,3.4064408758117066,0.8098619482464846,0.3506035618030536,-0.1683972447571141,-0.8257890568545531,-3.8652838225554955,-0.00024216522390487586,0.034944
6.591476202011108,3.4051473415632842,0.8109937687054213,0.33936186301460275,-0.14147358511772384,-0.7973515618587159,-3.8368463275596585,-0.00024038357664193114,0.034944
6.623198747634888,3.394152301206205,0.810832080068132,0.1254320689399416,-0.1259978098711167,-1.43973692936963,-4.479231695070572,-0.0002806298828636686,0.034944
6.652482986450195,3.4054707251236365,0.8134190982767101,0.18780242442060865,-0.061232182934067486,-1.0691157140952428,-4.108610479796185,-0.0002574099658534137,0.034944
6.6779303550720215,3.405309033343314,0.8242522373028814,0.22843137004926328,0.2099464583194792,0.6483018297516707,-2.391192935949271,-0.0001498114496417679,0.034944
6.70500922203064,3.4020751977982284,0.8151976733099081,0.19626556898270353,0.21100745678967966,0.7895910569357188,-2.249903708765223,-0.00014095948975806894,0.035095
6.731264591217041,3.398517978833536,0.814874296030247,0.10708284145712264,0.2050085826109552,1.4468223792228594,-1.5926723864780827,-9.978306452631537e-05,0.035095
6.760379076004028,3.412100088368612,0.8236054827215286,0.2992004014219032,0.38283184752597577,0.9300276837462573,-2.109467081954685,-0.00013216094643310946,0.035095
6.7882630825042725,3.4150105406803437,0.8187548234125551,0.4882281561220173,0.40618453397065696,0.6466360617779962,-2.392858703922946,-0.00014991581224302493,0.035095
6.815597295761108,3.4054707251236365,0.8215035303432267,0.44175968544806166,0.47983478701524196,0.8190541485872378,-2.2204406171137046,-0.00013911358748691237,0.035095
6.842995882034302,3.412746855540797,0.8122872778073198,0.545595406000714,0.33925512920528994,0.47056151897795223,-2.56893324672299,-0.00016094711887885453,0.035095
6.877049207687378,3.4072493347264707,0.8100236368831771,0.5152500960107345,0.19365835768130948,0.1942962126833289,-2.8451985530176134,-0.0001782555114386938,0.035095
6.905688047409058,3.4140403898992226,0.8074366187080197,0.621281121228305,0.037808034046837496,-0.1404866802559546,-3.179981445956897,-0.0001992301094113113,0.035095
6.938873052597046,3.414687157085465,0.81778469156158,0.707624052929221,0.14444314496164315,0.05405699022163703,-2.9854377754793053,-0.00018704168711601528,0.035095
6.968348979949951,3.4106448622483194,0.8132574096379267,0.6923065187566511,0.12470569891676034,0.022127269781838724,-3.0173674959191037,-0.00018904212699429873,0.035247
7.001295566558838,3.4045005744460872,0.807759995978524,0.5664327201275329,-0.003717254171369562,-0.24357144408271278,-3.283066209783655,-0.00020568850834378185,0.035247
7.029981374740601,3.411776704784276,0.8137424755545757,0.614684709631501,0.03110577912618977,-0.15572097494235987,-3.1952157406433024,-0.0002001845584383758,0.035247
7.06233286857605,3.4098364033028448,0.807921684613925,0.6120974615870753,-0.06586641156317226,-0.33551927851587177,-3.3750140442168144,-0.0002114491636889702,0.035247
7.091947317123413,3.4075727182944227,0.8147126073905661,0.5678621414738216,0.007826088213141845,-0.21919253122122453,-3.258687296922167,-0.00020416113670364275,0.035247
7.1244871616363525,3.410321478669252,0.8153593619498886,0.588412573976957,0.07289398427230898,-0.07821292580345313,-3.1177076915043958,-0.00019532857503953084,0.035247
7.152088642120361,3.405309033343314,0.820048332552794,0.5088584747386627,0.2161943225747515,0.256949559800083,-2.7825452059008597,-0.00017433019507657284,0.035247
7.1778459548950195,3.3983562870657695,0.8215035303432267,0.32286757251375564,0.3468416390381205,0.831945248835225,-2.2075495168657175,-0.00013830594273914066,0.035247
7.2047107219696045,3.3977095199976213,0.8221502849193592,0.1805527291209502,0.45177790712866606,1.3616721166346448,-1.6778226490662975,-0.00010511784286391258,0.035247
7.230706214904785,3.3988413623699443,0.8143892301115035,0.10214445951530428,0.36343553820204383,1.5958240519978755,-1.4436707137030669,-9.044790956584294e-05,0.035247
7.260844945907593,3.4069259511596877,0.8169762483551846,0.1987738269402634,0.35552846494962603,1.2148914597610623,-1.8246033059398798,-0.00011431384819456266,0.035247
7.290968179702759,3.3993264376767445,0.8174613142787219,0.12399013697200018,0.36010587341908284,1.5086310338590307,-1.5308637318419112,-9.591066928281893e-05,0.035398
7.318657636642456,3.4114533212011104,0.8226353508525123,0.2989142945849166,0.4711752311419469,1.0819317138012359,-1.9575630518997058,-0.00012264395489017114,0.035398
7.345872640609741,3.406764259376735,0.8203717098388552,0.3334824082318645,0.5017327686247975,1.0458223320352322,-1.9936724336657092,-0.00012490625616528152,0.035398
7.373729705810547,3.4111299376191164,0.8113171459802987,0.4394982776510822,0.3343589972577569,0.586704377883503,-2.4527903878174384,-0.00015367061274813002,0.035398
7.4033286571502686,3.4091896361517313,0.8150359846700277,0.477345745810525,0.2947254474915017,0.4542816884104463,-2.5852130772904953,-0.0001619670721333886,0.035398
7.430437326431274,3.4114533212011104,0.8155210505899687,0.5462632207718785,0.2770943223262994,0.3548679229302543,-2.684626842770687,-0.00016819547808801804,0.035398
7.459139585494995,3.4125851637473117,0.8151976733099081,0.6157175772728835,0.25801096159445686,0.2745136708340891,-2.7649810948668523,-0.00017322977992557663,0.035547
7.493581295013428,3.408542869005298,0.8109937687054213,0.588578042243251,0.15701215932837503,0.08522432106567202,-2.954270444635269,-0.00018508901197006097,0.035547
7.520358562469482,3.410806554038292,0.8105087027938517,0.6120046146651661,0.07620063824545584,-0.0805806063941424,-3.1200753720950836,-0.0001954769134091567,0.035547
7.553577423095703,3.405309033343314,0.807759995978524,0.525372903220423,-0.03767079664128271,-0.358826006233461,-3.398320771934402,-0.00021290936148952606,0.035547
7.5818541049957275,3.4132319309230104,0.8118022118933612,0.6132155688378513,-0.03311113890073781,-0.29118599618580215,-3.3306807618867436,-0.00020867162399595962,0.035547
7.613339185714722,3.409674711514627,0.8202100211957745,0.6080387596757347,0.1453615229732258,0.06015993874135649,-2.979334826959585,-0.00018665932919287035,0.035547
7.6400744915008545,3.4072493347264707,0.814227541472122,0.5589604435832545,0.14557328274865933,0.06730651719075355,-2.972188248510188,-0.00018621158645267287,0.035547
7.672206163406372,3.4020751977982284,0.8147126073905661,0.4276359204565085,0.15583387423142858,0.12849780321747467,-2.910996962483467,-0.0001823778701818995,0.035547
7.699693202972412,3.3970627529341395,0.8169762483551846,0.24176936093294307,0.2102073001701923,0.6547125041669103,-2.3847822615340313,-0.00014940981227788567,0.035547
7.733093500137329,3.4075727182944227,0.8122872778073198,0.3086324710158985,0.15051588841375824,0.1795354820352627,-2.859959283665679,-0.00017918029104259492,0.035547
7.758804559707642,3.404662266224948,0.8206950871253172,0.30089118988944474,0.28401280196471806,0.7468160992249118,-2.29267866647603,-0.0001436393983203102,0.035706
7.7881762981414795,3.3981945952982953,0.8134190982767101,0.17426017015224934,0.2257752453510153,1.1095781265778932,-1.9299166391230487,-0.0001209118699909568,0.035706
7.814061164855957,3.4030453484494854,0.8187548234125551,0.17652754772684104,0.2962449124481816,1.266113754671661,-1.7733810110292807,-0.0001111047026090398,0.035706
7.839193820953369,3.409513019726703,0.8224736622080275,0.2993268415477292,0.42310177181135256,1.0411596898319098,-1.998335075869032,-0.00012519837696287135,0.035706
7.867210388183594,3.409513019726703,0.8185931347704759,0.3852863472223315,0.4310026943696007,0.8691765246008193,-2.1703182411001225,-0.00013597335329786165,0.035706
7.895505905151367,3.400619971841052,0.82748601023378,0.278791325365162,0.6219266063102983,1.2672942680102695,-1.7722004976906724,-0.00011103074186253562,0.035706
7.92303991317749,3.4082194854338366,0.8182697574866175,0.34666905928944797,0.5634385053234904,1.1013415478193282,-1.9381532178816139,-0.00012142790271477355,0.035706
7.948345184326172,3.405955800466356,0.8231204167865686,0.3517592273215833,0.6236204334404719,1.142349756125214,-1.8971450095757278,-0.00011885868337611006,0.035706
7.973389625549316,3.4048239580041013,0.8263541897033871,0.33411022248931704,0.7331635167070746,1.2375710907929878,-1.801923674907954,-0.00011289293884377267,0.035706
8.002504587173462,3.4009433553850474,0.8208567757686985,0.24902864415570816,0.695236928397995,1.3537660350742478,-1.685728730626694,-0.00010561316949429125,0.035706
8.027703762054443,3.401913506024041,0.8187548234125551,0.20765335776438182,0.624868090581072,1.4034626711314862,-1.6360320945694555,-0.00010249960848542242,0.035864
8.054926633834839,3.401590122476542,0.8163294937918674,0.17263005112114418,0.5250481053159181,1.447865479398052,-1.5916292863028896,-9.971771289909283e-05,0.035864
8.08090615272522,3.395607527058366,0.8179463802031591,0.035992526285064115,0.48888198144039186,1.806438359696724,-1.2330564060042177,-7.725264026017478e-05,0.035864
8.107819318771362,3.4087045607914677,0.8223119735636433,0.18580080986919525,0.5545769334570378,1.4254310298272659,-1.614063735873676,-0.00010112326130197836,0.035864
8.137693405151367,3.4088662525779294,0.8229587281417827,0.293696911700959,0.6140465464767147,1.2340658145881278,-1.8054289511128139,-0.00011311254910681336,0.035864
8.16469430923462,3.404662266224948,0.8258691237633001,0.29043629836897045,0.7163494357412797,1.2944044964640673,-1.7450902692368744,-0.00010933224963143061,0.035864
8.194887399673462,3.395607527058366,0.8215035303432267,0.11845689935855916,0.6969502182546833,1.5803514269201815,-1.4591433387807604,-9.141729031208231e-05,0.035864
8.221402883529663,3.4062791840296307,0.8184314461284966,0.19807132183492324,0.6193258202812061,1.4202126085461695,-1.6192821571547724,-0.0001014502024053955,0.035864
8.247831583023071,3.4098364033028448,0.8286178307691089,0.3204680901294681,0.777348301504158,1.2756099143038557,-1.7638848513970862,-0.00011050975545143459,0.035864
8.276165008544922,3.4129085473345757,0.8185931347704759,0.4637215927377187,0.6789752651545676,1.0150841096124992,-2.0244106560884427,-0.00012683204709219923,0.036025
8.303780555725098,3.4111299376191164,0.814550918750985,0.5306657068051412,0.5258444753668289,0.7686023400974284,-2.2708924256035132,-0.0001422744610631412,0.036025
8.331805229187012,3.4142020816953442,0.8184314461284966,0.6351023522883182,0.4995518002597033,0.6220457009726124,-2.4174490647283293,-0.00015145643138089727,0.036025
8.362341165542603,3.4159806914720106,0.8140658528328402,0.7415413430319737,0.3901356903066896,0.39320839882847525,-2.6462863668724665,-0.00016579339576838813,0.036025
8.389118909835815,3.415333924276394,0.8197249552671334,0.8039274223282332,0.43152194356587387,0.41262745023003317,-2.626867315470909,-0.00016457676611153426,0.036025
8.414883375167847,3.4145254652884653,0.8190782006970141,0.8324461601788103,0.44700917440647264,0.4162067319933974,-2.6232880337075444,-0.00016435251930083802,0.036025
8.444164276123047,3.4129085473345757,0.8129340323606592,0.82210624177225,0.32976034647016966,0.27209214290850364,-2.767402622792438,-0.0001733814919030696,0.036025
8.47269892692566,3.418729452105699,0.8197249552671334,0.9239592271045256,0.3892592028803161,0.3081342125433387,-2.7313605531576033,-0.00017112340782340053,0.036025
8.49771523475647,3.416142383271648,0.825222369177926,0.9467714589731665,0.5455151484649462,0.4648953913722394,-2.574599374328703,-0.00016130210938493435,0.036025
8.528510808944702,3.411615012992547,0.8213418416994442,0.8778915234018673,0.5739954305249304,0.5304032752655654,-2.509091490435377,-0.0001571979524591245,0.036025
8.555647134780884,3.4080577936485446,0.8151976733099081,0.763008894614192,0.46584173733349854,0.48055626525174316,-2.5589385004491993,-0.0001603209345983779,0.036184
8.583617925643921,3.409513019726703,0.8017775165383699,0.709863784368861,0.11035887509420811,-0.05204525224507297,-3.0915400179460155,-0.00019368913513880312,0.036184
8.612334966659546,3.4054707251236365,0.814550918750985,0.5969046252208355,0.12781300232456796,-0.026798049754723247,-3.066292815455666,-0.0001921073639870006,0.036184
8.637837409973145,3.4062791840296307,0.8257074351168058,0.5329847299385057,0.37261516814191603,0.5346864201659031,-2.50480834553504,-0.0001569296076773637,0.036184
8.667828798294067,3.405632416904251,0.8257074351168058,0.4761195903329172,0.5439766842140674,0.8777809259124818,-2.161713839788461,-0.0001354342759969797,0.036184
8.696367979049683,3.403853807333565,0.8185931347704759,0.4029806575638922,0.5156151330515011,0.9614571287673624,-2.0780376369335807,-0.00013019184948185125,0.036184
8.726386785507202,3.408542869005298,0.8248989918858424,0.43966219844695437,0.627222726217934,1.0208830303362124,-2.018611735364731,-0.0001264687369188894,0.036184
8.755713939666748,3.4075727182944227,0.8253840578241186,0.44715745727571754,0.7154604014878457,1.0821982857605092,-1.957296479940434,-0.00012262725379882383,0.036184
8.782066106796265,3.4098364033028448,0.8181080688448383,0.49482838493800463,0.6255413753532159,0.9402661509217783,-2.099228614779165,-0.00013151949271073744,0.036184
8.812126874923706,3.406117492247847,0.814874296030247,0.4585010585053103,0.4951823256054298,0.839096115251276,-2.2003986504496673,-0.00013785793135207212,0.036335
8.845184564590454,3.4030453484494854,0.8240905486573925,0.3754961695739837,0.5960658276252344,1.0972795774483612,-1.942215188252582,-0.00012168239061515497,0.036335
8.870988130569458,3.4088662525779294,0.8184314461284966,0.4264836634943137,0.5487067468405895,0.960326666297224,-2.079168099403719,-0.00013026267447421007,0.036335
8.902202844619751,3.4164657668718004,0.8160061165108082,0.6045991716021094,0.46499359156057096,0.6052934599448944,-2.4342013057560488,-0.00015250598178537543,0.036335
8.931930780410767,3.420022986550873,0.8137424755545757,0.7959467074449217,0.3592033711385497,0.3142652041251342,-2.725229561575809,-0.0001707392929647451,0.036335
8.963074684143066,3.411291629409967,0.7966034803749273,0.766253590505351,-0.07215314448182039,-0.3429908134564098,-3.382485579157353,-0.00021191726538986744,0.036335
8.991453886032104,3.4114533212011104,0.8114788346178867,0.7484987120582705,-0.06399035540970283,-0.3402908502370469,-3.3797856159379904,-0.00021174810906718383,0.036335
9.02208662033081,3.406764259376735,0.8058197323614511,0.6481915004632149,-0.17625392957763913,-0.5770649124294371,-3.616559678130381,-0.00022658232213352948,0.036335
9.050513982772827,3.405955800466356,0.8150359846700277,0.5628249361432425,-0.06270360129327557,-0.4716429777006682,-3.511137743401612,-0.00021997749630441382,0.036484
9.083894729614258,3.4077344100788376,0.8097002596098913,0.5364016769476869,-0.09445432664265184,-0.5605981960840808,-3.6000929617850246,-0.0002255506602339604,0.036484
9.109530687332153,3.4078961018635447,0.8194015779818734,0.5209356988007784,0.08556735847674939,-0.16334319042830914,-3.202837956129253,-0.00020066210047785946,0.036484
9.144887208938599,3.4066025675940743,0.8119639005312479,0.48586708793131383,0.05652635619529663,-0.26340718812633623,-3.3029019538272797,-0.00020693124435442449,0.036484
9.17044186592102,3.4130702391286465,0.8213418416994442,0.5825311946644824,0.23170327593616952,0.19783277951268569,-2.841661986188258,-0.00017803394077599424,0.036484
9.203240633010864,3.412423471954119,0.8182697574866175,0.6380748555486415,0.29028217406160023,0.2902958546298427,-2.749198911071101,-0.00017224100490980583,0.036484
9.235501050949097,3.4030453484494854,0.8160061165108082,0.5011978275043322,0.2840963906152793,0.3799489245244705,-2.6595458411764734,-0.0001666241196456241,0.036484
9.26362419128418,3.411291629409967,0.8137424755545757,0.5599293745469384,0.23257533047684703,0.21013789801647326,-2.8293568676844707,-0.00017726300857167412,0.036484
9.292991638183594,3.411291629409967,0.814550918750985,0.601041457476746,0.21336452109241677,0.14905042461900078,-2.890444341081943,-0.00018109022084176858,0.036636
9.323968172073364,3.412746855540797,0.8221502849193592,0.6570926464207847,0.3583439245666734,0.40115413019942875,-2.6383406355015153,-0.0001652955850241147,0.036636
9.352786540985107,3.4180826848901504,0.797250234889837,0.7963284957606381,-0.05927161179228391,-0.31382882128037703,-3.3533235869813214,-0.00021009022740533156,0.036636
9.382825136184692,3.4211548292058,0.814874296030247,0.9513693604215683,0.01581323460358072,-0.16440362001216346,-3.203898385713108,-0.00020072853781581405,0.036636
9.408885717391968,3.4137170063078597,0.8179463802031591,0.9205039993245359,0.13241757194175574,-0.01881901808887327,-3.0583137837898176,-0.00019160746693451796,0.036636
9.43630862236023,3.4154956160748586,0.8100236368831771,0.9322315852809133,0.048872067596832464,-0.12660889598391814,-3.1661036616848626,-0.00019836064758397287,0.036636
9.464006900787354,3.417759301284135,0.7970885462609619,0.9828651456967681,-0.2792726979967145,-0.4802330598553698,-3.519727825556314,-0.00022051567649087662,0.036636
9.490938425064087,3.4151722324782225,0.8197249552671334,0.969823780651265,-0.03706392824650513,-0.22378429845697156,-3.2632790641579157,-0.0002044488170893043,0.036636
9.518147230148315,3.4196996029378197,0.8184314461284966,1.04554332638146,0.10551591773037107,-0.04528167489756768,-3.0847764405985116,-0.00019326538793214303,0.036636
9.545295000076294,3.410483170458639,0.8147126073905661,0.9258197067900257,0.12779371871862064,-0.02299443328453261,-3.062489198985477,-0.0001918690623055622,0.036787
9.571484565734863,3.4106448622483194,0.8168145597142055,0.8450434764592337,0.1872084047333552,0.06244764107338067,-2.9770471246275636,-0.00018651600156858856,0.036787
9.596778154373169,3.4054707251236365,0.8101853255199691,0.6915304096840965,0.09059643704154285,-0.10502752793291079,-3.144522293633855,-0.00019700854588428692,0.036787
9.633499383926392,3.4036921155561646,0.8097002596098913,0.550737927956661,0.01285570019172028,-0.3379783896782695,-3.3774731553792137,-0.0002116032303067369,0.036787
9.66161847114563,3.4064408758117066,0.8147126073905661,0.5036983450942735,0.06293156644156662,-0.24436607750300257,-3.283860843203947,-0.00020573829319503242,0.036787
9.697928190231323,3.4072493347264707,0.8129340323606592,0.48592215337624833,0.0609060208947339,-0.2638778088389724,-3.3033725745399165,-0.00020696072937427865,0.036787
9.725555181503296,3.4025602731225426,0.8203717098388552,0.3856000266230118,0.21454432145174843,0.32318484563800454,-2.7163099200629395,-0.00017018046544178012,0.036787
9.76018214225769,3.4101597868801568,0.8150359846700277,0.4577987902091668,0.2108551744273019,0.23148056781495974,-2.808014197885984,-0.00017592586163816347,0.036787
9.786767721176147,3.4077344100788376,0.8194015779818734,0.4628833747938035,0.29928400922571624,0.49616569884758766,-2.543329066853356,-0.00015934298261469497,0.036946
9.821772575378418,3.410321478669252,0.8121255891692339,0.5149274373009554,0.20949879823506154,0.18891116416801587,-2.850583601532928,-0.00017859289196217308,0.036946
9.848702907562256,3.4111299376191164,0.813580786915593,0.5665097979994347,0.17698622927442517,0.081737643048603,-2.9577571226523407,-0.0001853074570316529,0.036946
9.880078315734863,3.410321478669252,0.8172996256374427,0.587465933544875,0.2317555218623099,0.2088675256744003,-2.8306272400265433,-0.00017734259910545726,0.036946
9.906237125396729,3.4142020816953442,0.8105087027938517,0.6748625110061458,0.12852099201920872,-0.03422644962487239,-3.073721215325816,-0.00019257276321779255,0.036946
9.935363292694092,3.419537911131733,0.7915911329377219,0.8360401339392265,-0.3381251847496421,-0.6361172022354196,-3.6756119679363635,-0.00023028202741765704,0.036946
9.96273422241211,3.4156573078736163,0.8098619482464846,0.8761371830645043,-0.2838786485756583,-0.5532673524198227,-3.5927621181207665,-0.00022509137303051955,0.036946
9.989444971084595,3.420184678357839,0.814227541472122,0.9890536191757856,-0.1548948373355603,-0.35505603595652824,-3.394550801657472,-0.0002126731677872939,0.036946
10.014877557754517,3.406764259376735,0.8137424755545757,0.81657993544547,-0.07471852908874144,-0.3322576591721234,-3.3717524248730673,-0.00021124481885559422,0.036946
10.042968273162842,3.410806554038292,0.8122872778073198,0.7716059399067,-0.04893219206749382,-0.31648175055585154,-3.3559765162567956,-0.00021025643698824756,0.036946
10.073179721832275,3.4169508422742276,0.8056580437273396,0.8552756758660727,-0.16908400167279475,-0.43648673206266775,-3.4759814977636116,-0.00021777491028811646,0.036946
10.100448369979858,3.405955800466356,0.8163294937918674,0.7077838589252234,-0.030718359261785632,-0.32083378395677564,-3.3603285496577193,-0.00021052909772711133,0.037097
10.130292892456055,3.408542869005298,0.8202100211957745,0.6530244393998751,0.14703646872048923,0.012584391643290704,-3.026910374057653,-0.00018964000112908628,0.037097
10.157565593719482,3.4090279443646843,0.8211801530557621,0.6237837557008332,0.29168956806957563,0.3348295703196839,-2.7046651953812595,-0.0001694509077975538,0.037097
10.183085918426514,3.4030453484494854,0.7978969894063226,0.49119405761086915,-0.09244651601754007,-0.6639930053990568,-3.7034877711000003,-0.0002320284839327668,0.037097
10.211727619171143,3.409513019726703,0.8168145597142055,0.5195933984665323,0.03304024041804039,-0.31922956600163505,-3.3587243317025783,-0.00021042859131719857,0.037097
10.240249156951904,3.405632416904251,0.8202100211957745,0.46674565830253023,0.191667488496369,0.18386645377142832,-2.855628311929515,-0.0001789089498453215,0.037097
10.26780891418457,3.4125851637473117,0.8242522373028814,0.5600552835443009,0.38697622832079015,0.591757407489821,-2.447737358211122,-0.00015335403365531649,0.037097
10.29693055152893,3.412423471954119,0.8205333984820361,0.6223417177645227,0.4461642532737679,0.619145229237623,-2.42034953646332,-0.00015163814983143768,0.037097
10.325655698776245,3.407411026510301,0.8163294937918674,0.572002817518999,0.39995541920079897,0.6006965641992287,-2.4387982015017142,-0.00015279398347907267,0.037097
10.351747035980225,3.4154956160748586,0.8189165120547346,0.6882807580170014,0.4215418207459271,0.5158717908358096,-2.523622974865133,-0.00015810836947949107,0.037249
10.384418964385986,3.417112534075623,0.8054963550933273,0.7999783521460646,0.1568770208639579,0.022823320206486773,-3.016671445494456,-0.00018899851850015653,0.037249
10.409503698348999,3.4142020816953442,0.8211801530557621,0.8236212040269868,0.298577954570006,0.2437073986261612,-2.7957873670747815,-0.0001751598342629514,0.037249
10.436447381973267,3.4114533212011104,0.8265158783502841,0.7886560415234072,0.509004568199005,0.5555338027190968,-2.483960962981846,-0.00015562349115511384,0.037249
10.46441912651062,3.416789150473125,0.8176230029201009,0.8641804434005076,0.47090993227986505,0.45772663792788054,-2.581768127773062,-0.00016175124141835494,0.037249
10.492861986160278,3.4164657668718004,0.813580786915593,0.9109869175364229,0.35997402310580073,0.29471356486859324,-2.7447812008323496,-0.00017196422942882529,0.037249
10.521275043487549,3.420022986550873,0.8161678051512878,1.0104181295989245,0.3362514715136758,0.23245401030426094,-2.807040755396682,-0.00017586487415853657,0.037249
10.548280715942383,3.4193762193259394,0.8134190982767101,1.0678987632689925,0.26234231403528263,0.13445916659012577,-2.905035599110817,-0.00018200438275841666,0.037249
10.579826831817627,3.4145254652884653,0.8147126073905661,1.0172260988373336,0.23757219613206257,0.11268354857396902,-2.926811217126974,-0.0001833686544793645,0.037249
10.607413291931152,3.4057941086851566,0.8151976733099081,0.818118851780834,0.23034547325849572,0.13740353533369967,-2.9020912303672435,-0.00018181991410131954,0.037407
10.634310722351074,3.408381177219421,0.8003223188571905,0.7272286310868917,-0.08482558713230799,-0.4200466067557377,-3.459541372456681,-0.0002167449143528257,0.037407
10.662407398223877,3.410806554038292,0.8143892301115035,0.7090600268556951,-0.012186907780639548,-0.3070717204343269,-3.34656648613527,-0.00020966688596018768,0.037407
10.691552877426147,3.4145254652884653,0.8164911824325468,0.7660389833480199,0.08248039303435689,-0.11317226610962951,-3.1526670318105725,-0.00019751882467227704,0.037407
10.717614650726318,3.410968245828558,0.8109937687054213,0.7392575768326831,0.034140761336298106,-0.20823665049575224,-3.2477314161966953,-0.0002034747360586301,0.037407
10.745132684707642,3.4111299376191164,0.8158444278704285,0.723540895671644,0.101426615142187,-0.08554013593319339,-3.1250349016341366,-0.00019578763459715307,0.037407
10.772733688354492,3.408542869005298,0.8150359846700277,0.6640543651223779,0.13167278001060737,-0.029734260198532203,-3.0692290258994754,-0.00019229132151565804,0.037407
10.800678253173828,3.409998095091354,0.8216652189871094,0.6496865237919734,0.2910473458816275,0.32481676047704194,-2.7146780052239015,-0.00017007822378488463,0.037407
10.830489158630371,3.412100088368612,0.8260308124098952,0.6790229790562821,0.49362078201967513,0.6458484898601415,-2.3936462758408017,-0.00014996515468166183,0.037407
10.861022710800171,3.399811512986171,0.8219885962751756,0.46925545248557754,0.5511525205710748,1.0153002047870494,-2.024194560913894,-0.0001268185084392227,0.037407
10.888199806213379,3.4119383965762977,0.8223119735636433,0.5496909257092332,0.5981663108485175,0.937453958409255,-2.1020408072916883,-0.00013169568034940057,0.037566
10.914777278900146,3.4070876429429333,0.8260308124098952,0.5150866565386232,0.7086040574965011,1.085012514462638,-1.9544822512383053,-0.0001224509385901466,0.037566
10.941999197006226,3.414363773491758,0.814874296030247,0.6272273206111716,0.5533262031057296,0.7814663523983634,-2.25802841330258,-0.00014146851341164095,0.037566
10.970457792282104,3.4130702391286465,0.8194015779818734,0.6814833575404022,0.5390137293006116,0.7012306073986313,-2.3382641583023123,-0.00014649539062041173,0.037566
10.99586796760559,3.411615012992547,0.8116405232555741,0.6921898523988962,0.3671972427472601,0.4314232319780208,-2.6080715337229226,-0.00016339918513574473,0.037566
11.024532079696655,3.4098364033028448,0.8137424755545757,0.6663510615242686,0.29074592696923135,0.3051544880553419,-2.7343402776456016,-0.00017131009156538094,0.037566
11.051977396011353,3.4156573078736163,0.8160061165108082,0.7573548323740005,0.28442101765062106,0.24450727472235623,-2.7949874909785875,-0.0001751097209510128,0.037566
11.077414989471436,3.4159806914720106,0.810832080068132,0.8271180790919623,0.17212841206673168,0.03437935911483465,-3.005115406586109,-0.0001882745171387654,0.037566
11.10622763633728,3.416304075071577,0.8164911824325468,0.8820129589396353,0.21150111692751675,0.09122467593786193,-2.948270089763082,-0.00018471308167675299,0.037566
11.13597822189331,3.420993137397073,0.7961184144897788,1.0083181809067123,-0.18565708137538842,-0.4072941163679283,-3.446788882068872,-0.00021594595369899545,0.037717
11.163621187210083,3.4145254652884653,0.7967651690035071,0.9755196911837347,-0.4501846749221941,-0.6773849802300739,-3.7168797459310174,-0.0002328675091460143,0.037717
11.192797183990479,3.416142383271648,0.8158444278704285,0.9828637838286185,-0.2376011902387668,-0.4749676092776504,-3.514462374978594,-0.0002201857889388493,0.037717
11.219417333602905,3.414363773491758,0.8171379369962637,0.9546713097141738,-0.061826458378976774,-0.2834507006778232,-3.3229454663787665,-0.00020818699734119012,0.037717
11.250344038009644,3.4190528357152328,0.8150359846700277,1.0228153819957655,0.017395628545792727,-0.164407632599314,-3.2039023983002575,-0.00020072878920978927,0.037717
11.285017967224121,3.409998095091354,0.8122872778073198,0.900819235603317,0.015547718276680866,-0.19647510061438525,-3.2359698663153287,-0.00020273785915870653,0.037717
11.313260078430176,3.412423471954119,0.8082450618850249,0.8608764842058452,-0.0700154812284391,-0.33542791506611225,-3.374922680767056,-0.00021144343964610995,0.037717
11.346933126449585,3.411291629409967,0.8163294937918674,0.8117044342379724,0.03862960504926101,-0.18720278581930114,-3.2266975515202447,-0.00020215693618084784,0.037717
11.378403902053833,3.407411026510301,0.8253840578241186,0.7045567190503943,0.30344521666977925,0.3229672489969655,-2.716527516703978,-0.0001701940981636492,0.037866
11.413452625274658,3.412100088368612,0.8059814209956616,0.7174321157371989,0.08432175731476325,-0.13150651950249653,-3.17100128520344,-0.0001986674902766251,0.037866
11.442001819610596,3.4048239580041013,0.8208567757686985,0.5900812443802423,0.2410476968233771,0.2610864763315647,-2.778408289369379,-0.0001740710116985565,0.037866
11.476588010787964,3.409674711514627,0.8172996256374427,0.5918447325554057,0.2765985491465716,0.35178980799319265,-2.687704957707751,-0.00016838832612380502,0.037866
11.504802703857422,3.409513019726703,0.8150359846700277,0.5900488709277245,0.2542931338136782,0.29602770502424486,-2.7434670606766987,-0.00017188189678272604,0.037866
11.540184497833252,3.412261780161219,0.8239288600120042,0.6403069254893421,0.4240726067012045,0.6058504644732856,-2.433644301227658,-0.0001524710847034208,0.037866
11.56624174118042,3.409998095091354,0.8208567757686985,0.6330633160488123,0.47887329139388135,0.7021890450185859,-2.337305720682358,-0.00014643534321600622,0.037866
11.593592643737793,3.414363773491758,0.8029093369625987,0.7098109822683095,0.14307646767606624,-0.013464978112760139,-3.052959743813704,-0.0001912720291376749,0.037866
11.619215250015259,3.4196996029378197,0.8195632666244533,0.8635343675134188,0.2552097011111075,0.16938484504142445,-2.8701099206595195,-0.00017981624208609823,0.038018
11.645768642425537,3.4106448622483194,0.8158444278704285,0.8014437389656063,0.25617487298453967,0.18956600898560655,-2.8499287567153373,-0.00017855186505466645,0.038018
11.671299934387207,3.4248737408875276,0.8161678051512878,1.0246470182070768,0.26359206642879307,0.14531324534274007,-2.8941815203582038,-0.0001813243601437591,0.038018
11.698394536972046,3.4159806914720106,0.8237671713667161,1.014222609175124,0.42721107286408283,0.3473184939451993,-2.6921762717557445,-0.00016866845995544314,0.038018
11.726675271987915,3.414687157085465,0.8130957209992431,0.9826830944920222,0.31927246191843317,0.2263200330624758,-2.813174732638468,-0.0001762491760728013,0.038018
11.753723859786987,3.4185677603013715,0.798867121184007,1.0333327203506326,-0.052913772277652156,-0.25496846986043104,-3.294463235561375,-0.00020640254731892923,0.038018
11.780386209487915,3.416142383271648,0.8197249552671334,1.0233329042454165,0.12138731975683621,-0.03774601760210755,-3.0772407833030515,-0.00019279326887957135,0.038018
11.809685230255127,3.423418514558791,0.8179463802031591,1.1526966993007242,0.20631943154903845,0.06215532349985509,-2.977339442201089,-0.00018653431565725421,0.038018
11.845070123672485,3.412261780161219,0.8118022118933612,1.0341604053504558,0.1376820208325001,-0.016519238748522742,-3.056014004449467,-0.00019146338266944074,0.038018
11.87412714958191,3.4142020816953442,0.798867121184007,0.9875486412700495,-0.1800270810378084,-0.4253339386632903,-3.4648287043642343,-0.00021707617279956136,0.038167
11.900449275970459,3.4066025675940743,0.8198866439099136,0.8124961476598119,0.03577879024015925,-0.20335689048389383,-3.242851656184838,-0.0002031690125386708,0.038167
11.927383661270142,3.4111299376191164,0.8143892301115035,0.7748078952505982,0.07223615638007826,-0.1493190338831913,-3.1888137995841355,-0.00019978346823098345,0.038167
11.954041481018066,3.4125851637473117,0.8119639005312479,0.775698849407979,0.047194514727634564,-0.19631362976400143,-3.2358083954649457,-0.00020272774279301846,0.038167
11.979857921600342,3.4140403898992226,0.8219885962751756,0.8035952486063873,0.2386541334666394,0.16373132850698735,-2.8757634371939567,-0.00018017044249162153,0.038167
12.006037473678589,3.416142383271648,0.8292645853629431,0.8625166740244475,0.5243612676691934,0.559301876650839,-2.4801928890501053,-0.00015538741626145526,0.038167
12.03348422050476,3.417112534075623,0.8206950871253172,0.9219434933512547,0.5457045674435196,0.5417778941683302,-2.497716871532614,-0.00015648531730479343,0.038167
12.06458067893982,3.4188911439103196,0.8208567757686985,0.9968756068730026,0.5640156639135097,0.5144338779160365,-2.525060887784908,-0.0001581984566555326,0.038167
12.092248916625977,3.410968245828558,0.8236054827215286,0.9008432133001905,0.6341368044377654,0.6508993610897166,-2.388595404611228,-0.00014964871081405066,0.038167
12.120401620864868,3.420184678357839,0.8247373032399514,1.0063478403407438,0.7068171095080413,0.6442806219474545,-2.39521414375349,-0.00015006338371258417,0.038325
12.155885219573975,3.410483170458639,0.8174613142787219,0.8983828665615076,0.6060079246099728,0.6239227589506549,-2.4155720067502897,-0.00015133883117703076,0.038325
12.186174631118774,3.4132319309230104,0.8134190982767101,0.8743225431766161,0.4511718312026944,0.4569931499221827,-2.582501615778762,-0.00016179719542724175,0.038325
12.220837116241455,3.4154956160748586,0.8181080688448383,0.8999045659773584,0.44053937615360994,0.4267544518321792,-2.6127403138687653,-0.00016369169048367885,0.038325
12.245642900466919,3.410968245828558,0.8172996256374427,0.8329634846732394,0.41624272467773693,0.43582143619624547,-2.6036733295046988,-0.00016312363173315363,0.038325
12.273692607879639,3.418406068497338,0.8095385709733975,0.9254986898252833,0.23743731505268992,0.12386386920684044,-2.915630896494104,-0.00018266819237265246,0.038325
12.301564455032349,3.4159806914720106,0.8114788346178867,0.9448187793078547,0.15272296626445594,-0.005840618192840561,-3.045335383893785,-0.00019079435274652236,0.038325
12.329201459884644,3.417435917679293,0.8113171459802987,0.9856155742716196,0.09005213560551704,-0.09376471098853224,-3.1332594766894766,-0.0001963029152728376,0.038325
12.360277891159058,3.4185677603013715,0.8185931347704759,1.0353854561963454,0.19786794902551585,0.054668578513125454,-2.984826187187819,-0.00018700337028797767,0.038325
12.388503789901733,3.4196996029378197,0.8095385709733975,1.0914364992630134,0.0845749720961367,-0.08856695273805656,-3.128061718439001,-0.00019597726873604653,0.038484
12.41580605506897,3.42131652101482,0.8129340323606592,1.160975266618903,0.07605640485293373,-0.09121266232239333,-3.130707428023338,-0.0001961430259956142,0.038484
12.444069862365723,3.4188911439103196,0.812772343722175,1.1641978481603732,0.06672262125681827,-0.10138773705970931,-3.140882502760654,-0.00019678050809657466,0.038484
12.47172236442566,3.4190528357152328,0.8113171459802987,1.1694839589081023,0.02985189410017299,-0.14189322122875303,-3.1813879869296975,-0.00019931823109273144,0.038484
12.500261783599854,3.41921452752044,0.813580786915593,1.1762145401057196,0.051233396380002405,-0.11717054403361776,-3.1566653097345623,-0.00019776932215529415,0.038484
12.536918878555298,3.411615012992547,0.8075983073432221,1.0385016801946267,-0.05851865240662145,-0.2784295349895338,-3.3179243006904784,-0.00020787241456564535,0.038484
12.563718795776367,3.411776704784276,0.7990288098139662,0.9451329816784834,-0.3139967659570556,-0.6221317075477991,-3.661626473248744,-0.00022940581738808963,0.038484
12.591233730316162,3.4180826848901504,0.8163294937918674,0.997956730441019,-0.13215729426077516,-0.38550822895427084,-3.4250029946552156,-0.00021458103858649886,0.038484
12.617792844772339,3.4069259511596877,0.8103470141568607,0.8258424165882692,-0.12958876576167921,-0.4890873443818913,-3.528582110082836,-0.00022107040931084975,0.038638
12.64554762840271,3.4062791840296307,0.8206950871253172,0.6932411838957175,0.08793954404191107,-0.1620880081686027,-3.2015827738695473,-0.00020058346162314216,0.038638
12.672081708908081,3.4135553145126165,0.8194015779818734,0.7367839722690048,0.21324306795594034,0.13569420767388554,-2.903800558027059,-0.0001819270057754291,0.038638
12.701762199401855,3.4054707251236365,0.8172996256374427,0.6157487567509529,0.25713530893936437,0.31485167956189397,-2.724643086139051,-0.00017070254949079152,0.038638
12.729289770126343,3.4101597868801568,0.8271626329388786,0.6189029012987367,0.49347786308354086,0.8129322074932402,-2.2265625582077044,-0.00013949713532034955,0.038638
12.75931692123413,3.406117492247847,0.8202100211957745,0.5453532199578172,0.5139738243622185,0.9680387540588383,-2.0714560116421064,-0.0001297795018159264,0.038638
12.785432577133179,3.406117492247847,0.8198866439099136,0.49386844301918464,0.5215794240201781,1.0806408136412637,-1.9588539520596808,-0.00012272483151932188,0.038638
12.814571619033813,3.412100088368612,0.8169762483551846,0.5699503225153133,0.46622918502231847,0.852856145391605,-2.1866386203093398,-0.0001369958469792699,0.038638
12.850522518157959,3.412100088368612,0.8231204167865686,0.6232076381626367,0.555573909229657,0.8891394493447066,-2.1503553163562383,-0.00013472264924549977,0.038638
12.878357410430908,3.4119383965762977,0.8215035303432267,0.6574574556831774,0.5844073496965451,0.8740196587192458,-2.165475106981699,-0.00013566992443932727,0.038787
12.906558275222778,3.4151722324782225,0.8218269076310923,0.7420383976417598,0.6113323313022873,0.7987810471160459,-2.2407137185848987,-0.00014038372452791553,0.038787
12.933693885803223,3.412423471954119,0.8160061165108082,0.749729897632733,0.5088315006837564,0.6630093292762574,-2.3764854364246872,-0.0001488900050392608,0.038787
12.961272478103638,3.4198612947441993,0.81778469156158,0.8945079119646473,0.47415957160749483,0.4885439319295725,-2.550950833771372,-0.00015982049655079497,0.038787
12.987523794174194,3.4114533212011104,0.8139041641936581,0.8382767370797696,0.3689903437097358,0.37253304306470464,-2.6669617226362403,-0.00016708873458118892,0.038787
13.013691902160645,3.4180826848901504,0.8097002596098913,0.9231573592219359,0.20773143485945614,0.07638304473307128,-2.9631117209678735,-0.0001856429298092106,0.038787
13.040717124938965,3.4203463701650993,0.8147126073905661,1.0249980461986292,0.19934458070898559,0.053984488694540964,-2.9855102770064037,-0.0001870462294340828,0.038787
13.068889379501343,3.415333924276394,0.8158444278704285,1.0023471145449143,0.21706928870305897,0.08111415602899502,-2.95838060967195,-0.0001853465193309915,0.038787
13.095520496368408,3.4159806914720106,0.8119639005312479,0.9986126766116187,0.14857770735371642,-0.017514692426913406,-3.057009458127858,-0.00019152574917963278,0.038787
13.121971845626831,3.4211548292058,0.8168145597142055,1.0929682870172714,0.20175719677792148,0.05245712893029857,-2.9870376367706464,-0.00018714192057508845,0.038938
13.14866852760315,3.4203463701650993,0.8221502849193592,1.1438656956553697,0.35021879754652907,0.22383276567125873,-2.815662000029686,-0.0001764050067161271,0.038938
13.177645206451416,3.415333924276394,0.8172996256374427,1.0855544691646215,0.3530183196527796,0.24352578142531112,-2.7959689842756337,-0.00017517121282455993,0.038938
13.206657886505127,3.416304075071577,0.8161678051512878,1.062918431990505,0.33138247909656793,0.22327230739777018,-2.8162224583031747,-0.00017644012017985173,0.038938
13.234152555465698,3.4130702391286465,0.7956333486055158,0.9864671355059274,-0.11185248678443306,-0.3876347189043137,-3.427129484605259,-0.0002147142660384854,0.038938
13.262496709823608,3.4142020816953442,0.8129340323606592,0.954163352378863,-0.06144281636346741,-0.3365238763458955,-3.3760186420468408,-0.00021151210309254602,0.038938
13.28959608078003,3.410321478669252,0.8179463802031591,0.8588234216104914,0.07833833626482359,-0.15158508108198834,-3.1910798467829338,-0.00019992543913207843,0.038938
13.317019701004028,3.412100088368612,0.8105087027938517,0.8254188075292558,0.021128962100967517,-0.2693058514143719,-3.3088006171153173,-0.00020730080353337831,0.038938
13.344635248184204,3.411291629409967,0.8210184644121803,0.7868840605643654,0.20018352680377566,0.08518567429114564,-2.9543090914097996,-0.00018509143324240137,0.038938
13.371344327926636,3.411615012992547,0.8240905486573925,0.7659703445156788,0.3895666684640734,0.4762006485314224,-2.563294117169523,-0.0001605938198370157,0.038938
13.403403043746948,3.411291629409967,0.8187548234125551,0.7452701364548726,0.4108989086273222,0.5341746899496552,-2.50532007575129,-0.00015696166826284358,0.038938
13.4335458278656,3.415818999672667,0.8218269076310923,0.8156284883842876,0.48987642255382513,0.5885482092794636,-2.4509465564214814,-0.00015355509423426586,0.039097
13.46620488166809,3.4098364033028448,0.814550918750985,0.7527581067140259,0.39347528554630296,0.49539176783359373,-2.544102997867351,-0.00015939147043238052,0.039097
13.491636514663696,3.416304075071577,0.8208567757686985,0.8299609782750742,0.4574551665854533,0.5289135684748956,-2.510581197226049,-0.00015729128459075493,0.039097
13.523756265640259,3.412100088368612,0.8097002596098913,0.8052150971944332,0.26965681087246224,0.21889511379668725,-2.8205996519042573,-0.00017671435723905435,0.039097
13.553869247436523,3.4130702391286465,0.8158444278704285,0.8060748011486826,0.2662878498174957,0.21179795012611452,-2.82769681557483,-0.00017715900407697726,0.039097
13.585267305374146,3.4205080619726527,0.798867121184007,0.9460705592655393,-0.09000300074830837,-0.38947622905168633,-3.4289709947526306,-0.0002148296391230074,0.039097
13.614182710647583,3.4133936227176673,0.8111554573428102,0.9107342315459237,-0.08322682780852621,-0.4008015634467414,-3.4402963291476856,-0.00021553918653672432,0.039097
13.645795583724976,3.413878698103395,0.8171379369962637,0.8950897126045521,0.046235595322187004,-0.20325349122504693,-3.242748256925991,-0.00020316253443620284,0.039097
13.677385568618774,3.419537911131733,0.8111554573428102,0.990199175058111,0.012140189440808984,-0.22427593322023998,-3.263770698921184,-0.00020447961866765972,0.039255
13.70632529258728,3.420184678357839,0.8134190982767101,1.0688970135712714,0.03546441658427973,-0.17034567027708605,-3.2098404359780304,-0.00020110081524715357,0.039255
13.733810663223267,3.4232568227459557,0.802585959698039,1.1815612720116635,-0.17405131748370636,-0.3774934051730836,-3.4169881708740277,-0.00021407889910990895,0.039255
13.766823053359985,3.417759301284135,0.8185931347704759,1.157395926408282,0.012995531863061772,-0.1784555714325731,-3.217950337133517,-0.0002016089114489653,0.039255
13.794830560684204,3.4154956160748586,0.803879468758652,1.098055934239494,-0.16281324556687538,-0.4025073196284864,-3.4420020853294306,-0.00021564605445293503,0.039255
13.824963569641113,3.417597609481567,0.8072749300729164,1.0959118863430215,-0.2150928746822772,-0.46049983028714464,-3.4999945959880887,-0.0002192793631498304,0.039255
13.85127854347229,3.412261780161219,0.8150359846700277,0.9944110362800778,-0.08989086286651912,-0.36447516512453815,-3.403969930825482,-0.00021326328888283922,0.039255
13.881604433059692,3.4208314455886395,0.812772343722175,1.0839665313103224,-0.04944046614679718,-0.27385566859315524,-3.313350434294099,-0.00020758585569161737,0.039255
13.909303188323975,3.4119383965762977,0.8151976733099081,0.9799886808865463,0.02943660966328773,-0.20012953654875248,-3.2396243022496964,-0.00020296681447917433,0.039407
13.939335107803345,3.405632416904251,0.8103470141568607,0.7890223559965346,-0.016473033014836724,-0.3748909847138864,-3.4143857504148305,-0.0002139158539721836,0.039407
13.964902639389038,3.4114533212011104,0.8126106550837903,0.7644368479020768,-0.001418771774402877,-0.36371104264057524,-3.4032058083415193,-0.00021321541558273646,0.039407
13.99462342262268,3.4182443766935977,0.8140658528328402,0.8744997404387609,0.03945628988281834,-0.2201747556957677,-3.2596695213967117,-0.00020422267438644238,0.039407
14.020160675048828,3.415333924276394,0.8202100211957745,0.8969983005129926,0.19615872312171587,0.07059283180798283,-2.9689019338929614,-0.00018600569442723904,0.039407
14.055705785751343,3.406764259376735,0.8160061165108082,0.7521412123815371,0.21820997495735406,0.1496743535587723,-2.889820412142172,-0.00018105113085553815,0.039407
14.08384084701538,3.4080577936485446,0.8156827392301486,0.6749836768999607,0.22690427811361533,0.21015775206147458,-2.8293370136394693,-0.00017726176468908387,0.039407
14.114487648010254,3.411615012992547,0.803879468758652,0.6876400759506316,-0.013077123191489444,-0.46864950544961514,-3.508144271150559,-0.00021978995124660998,0.039407
14.14073920249939,3.415818999672667,0.824575614594161,0.7752874460312912,0.25039657348937605,0.21597220828000788,-2.823522557420936,-0.00017689748119615394,0.039407
14.173871755599976,3.4125851637473117,0.8189165120547346,0.776034534954453,0.3168506287479357,0.35937696676358166,-2.6801177989373626,-0.00016791298043464467,0.039407
14.202055215835571,3.4142020816953442,0.8248989918858424,0.8068605319928642,0.4880875732054351,0.628797891931134,-2.41069687376981,-0.00015103339754680295,0.039558
14.233676671981812,3.4169508422742276,0.820048332552794,0.8799538903264043,0.5068298348279375,0.5846816010849607,-2.454813164615983,-0.00015379734243185227,0.039558
14.259718179702759,3.417597609481567,0.82748601023378,0.9432404556038753,0.6750056046311356,0.719658455926356,-2.3198363097745878,-0.00014534086115513406,0.039558
14.28592562675476,3.421963288253836,0.814874296030247,1.0693592510951742,0.5298072860999744,0.47796013877132437,-2.5615346269296193,-0.00016048358540987783,0.039558
14.312453031539917,3.416142383271648,0.8169762483551846,1.0485514757665928,0.47198868847817976,0.42282795286742664,-2.616666812833517,-0.00016393769091847558,0.039558
14.340108394622803,3.408381177219421,0.814550918750985,0.8885314678768867,0.38095387169335354,0.39255944707966883,-2.6469353186212747,-0.00016583405346721908,0.039558
14.371622085571289,3.410483170458639,0.8171379369962637,0.8159114058368078,0.37116208497350744,0.4299012881155806,-2.609593477585363,-0.0001634945369632271,0.039558
14.399498701095581,3.4188911439103196,0.8118022118933612,0.9226531456129231,0.25307187822962224,0.15990426378324316,-2.8795905019177006,-0.0001804102132376443,0.039558
14.428546905517578,3.4264906590584694,0.8205333984820361,1.1397966418299517,0.35243120820994883,0.23930319392421862,-2.800191571776725,-0.00017543576360390828,0.039558
14.455700159072876,3.4285926527246215,0.8130957209992431,1.3311910406658654,0.2669265566605448,0.10697429540285125,-2.9325204702980923,-0.0001837263468600496,0.03971
14.48178482055664,3.4248737408875276,0.8197249552671334,1.3954701293972445,0.3452755500135772,0.1749311128768857,-2.864563652824058,-0.00017946876095563803,0.03971
14.507364511489868,3.423418514558791,0.8265158783502841,1.4131927569069982,0.5416928850094948,0.34692744609110215,-2.6925673196098416,-0.00016869295962881575,0.03971
14.539392948150635,3.433605099359831,0.8216652189871094,1.6165077477476344,0.5780614193808533,0.3203414905214032,-2.7191532751795404,-0.00017035860545945092,0.03971
14.566418409347534,3.4229334391211643,0.8143892301115035,1.558828178317273,0.4518339967785695,0.23700078712712297,-2.8024939785738208,-0.0001755800124826802,0.03971
14.596259355545044,3.4260055836041023,0.8203717098388552,1.5760282529742744,0.48819390457043027,0.2621636647286143,-2.7773311009723294,-0.00017400352439844233,0.03971
14.623478889465332,3.426167275421931,0.814874296030247,1.5910986091448962,0.39903909605748294,0.18929995760496604,-2.850194808095978,-0.00017856853353106323,0.03971
14.655909538269043,3.417112534075623,0.812772343722175,1.4319508479355743,0.2928105051000089,0.11908989313020804,-2.9204048725707357,-0.00018296728838696524,0.03971
14.683966875076294,3.4190528357152328,0.813580786915593,1.356911058750732,0.23530442407989138,0.06980492680239264,-2.969689838898551,-0.00018605505773426994,0.039868
14.71548843383789,3.416627458672316,0.8229587281417827,1.2589286518678402,0.39055578991271683,0.24970135827678028,-2.7897934074241633,-0.00017478430463886571,0.039868
14.745596885681152,3.4185677603013715,0.8140658528328402,1.2267046105137165,0.3138384830637998,0.17193240314497601,-2.8675623625559674,-0.00017965663414865328,0.039868
14.774258613586426,3.41921452752044,0.8158444278704285,1.21626899622963,0.29721502035142894,0.15455154937131813,-2.884943216329625,-0.00018074556798611024,0.039868
14.802886247634888,3.424550357256864,0.8195632666244533,1.3089640905639914,0.3631066879838544,0.20859830759851908,-2.830896458102424,-0.0001773594659795648,0.039868
14.835064172744751,3.41921452752044,0.8181080688448383,1.2738506322648309,0.3788937759004243,0.23360830424999232,-2.805886461450951,-0.0001757925560922179,0.039868
14.861364603042603,3.4156573078736163,0.8255457464704119,1.1826045318924023,0.5450009229542606,0.4438461429635642,-2.595648622737379,-0.00016262087307420629,0.039868
14.890565633773804,3.420022986550873,0.8202100211957745,1.2005504596481325,0.5500399662717286,0.4403092450673238,-2.5991855206336196,-0.0001628424644786909,0.039868
14.922618865966797,3.420669753780499,0.8163294937918674,1.225233823938815,0.47266841829938455,0.34904394372386316,-2.6904508219770804,-0.00016856035820893013,0.04002
14.949093103408813,3.428916036369977,0.8166528710733262,1.39705767614532,0.4252499078640938,0.2487636152013297,-2.7907311504996137,-0.00017484305550225808,0.04002
14.977197885513306,3.4295628036642154,0.8095385709733975,1.5294555887624595,0.24374234328314048,0.06366714787142956,-2.975827617829514,-0.00018643959782946862,0.04002
15.004726648330688,3.4306946464404553,0.8163294937918674,1.643346255933692,0.25826008220737445,0.06948260507798011,-2.9700121606229635,-0.00018607525162329467,0.04002
15.030476331710815,3.429886187313099,0.8179463802031591,1.7079182026836972,0.3021303652644098,0.0994525184310548,-2.9400422472698886,-0.00018419759629169764,0.04002
15.05908989906311,3.4226100554975476,0.8213418416994442,1.6167548891766836,0.40362608228455027,0.18885404845310932,-2.8506407172478343,-0.00017859647033843825,0.04002
15.085289239883423,3.41921452752044,0.814874296030247,1.4893041912937073,0.33984162045736543,0.15343791336154708,-2.8860568523393964,-0.00018081533877812325,0.04002
15.110674381256104,3.426328967240053,0.8227970394970973,1.5334220698847658,0.4603610407218013,0.25054424008940646,-2.788950525611537,-0.00017473149696102096,0.04002
15.138136863708496,3.4235802063719207,0.8116405232555741,1.5127894190709679,0.3121403607420936,0.12529810218318188,-2.914196663517761,-0.0001825783357500104,0.04002
15.165358304977417,3.423418514558791,0.8050112891918847,1.495316259678624,0.07018363957574665,-0.0957089681053154,-3.1352037338062586,-0.00019642472559301815,0.04002
15.193382024765015,3.425358816335726,0.8237671713667161,1.519448694339286,0.2918251740669457,0.10679177067017219,-2.932702995030771,-0.0001837377822797462,0.04002
15.221359729766846,3.420669753780499,0.8237671713667161,1.448462588222631,0.4469742482107835,0.25939896485221314,-2.78009580084873,-0.00017417673655965323,0.040178
15.246865034103394,3.4151722324782225,0.8155210505899687,1.295741990419369,0.3836684828297951,0.23490443377537706,-2.8045903319255663,-0.0001757113518362994,0.040178
15.273935079574585,3.4232568227459557,0.8215035303432267,1.3403527558053514,0.4640735512166518,0.3054876965115933,-2.73400706918935,-0.00017128921560798183,0.040178
15.305353879928589,3.421639904633741,0.8134190982767101,1.3412772537063706,0.3518177698273666,0.19018203306298737,-2.849312732637956,-0.00017851327031868371,0.040178
15.33337116241455,3.4295628036642154,0.8240905486573925,1.4904092930551893,0.49571063858059167,0.2922106700647936,-2.7472840956361497,-0.0001721210391505424,0.040178
15.364503145217896,3.421478212824134,0.8213418416994442,1.4432865260246048,0.5391322736058807,0.3434415012063181,-2.6960532644946253,-0.00016891135875868497,0.040178
15.393078327178955,3.416304075071577,0.8237671713667161,1.313330871792499,0.6200892178880426,0.46529501478150975,-2.574199750919434,-0.0001612770724415103,0.040178
15.427136182785034,3.4188911439103196,0.8224736622080275,1.2708467717818681,0.6497927856192568,0.5127414757682809,-2.5267532899326626,-0.00015830448792357468,0.040178
15.454644918441772,3.4235802063719207,0.8189165120547346,1.3289867103989146,0.5964279772388476,0.4366580075797081,-2.6028367581212355,-0.00016307121941217307,0.040337
15.483171701431274,3.4203463701650993,0.8179463802031591,1.3090785920225503,0.5388478917864457,0.39027162670221305,-2.6492231389987304,-0.00016597738848720588,0.040337
15.5097975730896,3.425358816335726,0.824575614594161,1.3890823269800594,0.636744083973936,0.44728225467505084,-2.5922125110258927,-0.00016240559605958744,0.040337
15.536308526992798,3.42131652101482,0.8203717098388552,1.369327346020835,0.6176309656071868,0.4388186011570345,-2.600676164543909,-0.00016293585532212425,0.040337
15.562812328338623,3.4272991181549575,0.8179463802031591,1.4676201018068618,0.5536899836442777,0.3473496697133491,-2.6921450959875948,-0.00016866650675168867,0.040337
15.58945107460022,3.4248737408875276,0.814227541472122,1.490970472195953,0.4314032052183918,0.23286033942786824,-2.806634426273076,-0.00017583941709310117,0.040337
15.616443872451782,3.426167275421931,0.8210184644121803,1.5315581626000796,0.4873754969859742,0.27287586106023015,-2.7666189046407137,-0.00017333239090805777,0.040337
15.641953945159912,3.4232568227459557,0.8181080688448383,1.5054240763318292,0.46588194220190965,0.26039512900723855,-2.7790996366937053,-0.00017411432553714567,0.040337
15.669956922531128,3.4300478791379825,0.8137424755545757,1.614402981005305,0.35982521658748756,0.1492763719126964,-2.8902183937882473,-0.00018107606494029268,0.040337
15.697483777999878,3.422771747309209,0.8113171459802987,1.554324537797007,0.23502371083162837,0.04528436017495921,-2.9942104055259846,-0.00018759130417313587,0.040337
15.72324824333191,3.4318264892311063,0.8147126073905661,1.68196664886719,0.21844917388950535,0.027088478046879805,-3.012406287654064,-0.00018873130063186416,0.040337
15.75100326538086,3.4250354327033,0.8106703914309421,1.644043359010361,0.12257733493506391,-0.05277472278367277,-3.0922694884846167,-0.00019373483744797936,0.040488
15.77827787399292,3.4211548292058,0.8098619482464846,1.5447697646963854,0.03861311520363355,-0.13422309663077536,-3.1737178623317193,-0.0001988376874830206,0.040488
15.806395769119263,3.4179209930869963,0.8105087027938517,1.4146721749178113,-0.006678692641851628,-0.19836225002498017,-3.237857015725924,-0.00020285609160437896,0.040488
15.837886571884155,3.425358816335726,0.8194015779818734,1.4629978350067088,0.14701030227730566,-0.03746465241543372,-3.0769594181163775,-0.00019277564097265485,0.040488
15.865386962890625,3.4229334391211643,0.808568439156522,1.4513712393986473,0.028749900509669784,-0.1566148611729883,-3.196109626873932,-0.00020024056161152516,0.040488
15.891250610351562,3.427137426335072,0.8134190982767101,1.5220205232220583,0.047091214332477656,-0.12920642030730053,-3.1687011860082444,-0.00019852338597221215,0.040488
15.918394565582275,3.42131652101482,0.8092151937007083,1.4623840833902289,-0.027710315151514942,-0.20995777244076194,-3.2494525381417056,-0.00020358256666055095,0.040488
15.949452877044678,3.4290777281930955,0.8113171459802987,1.5660931617711908,-0.03625116138566103,-0.19807557545630206,-3.237570341157246,-0.0002028381310575475,0.040488
15.976536989212036,3.4250354327033,0.8093768823370032,1.5629319180431835,-0.0826791916739888,-0.2392536449829002,-3.278748410683844,-0.00020541799242987136,0.040488
16.005068063735962,3.426328967240053,0.7949865940945423,1.5849614786094048,-0.4151788015316196,-0.4943230515233589,-3.533817817224303,-0.00022139843339664004,0.040637
16.035788774490356,3.4290777281930955,0.8124489664455052,1.6518973384245725,-0.2838835962578751,-0.3773391068970095,-3.4168338725979535,-0.00021406923211563663,0.040637
16.064300060272217,3.423903589999061,0.8118022118933612,1.6017827147106962,-0.20546009863233938,-0.33140244193772544,-3.370897207638669,-0.00021119123834700474,0.040637
16.094348669052124,3.4218015964436423,0.8090535050645127,1.5273085287023103,-0.2078670207050471,-0.3552024613107855,-3.3946972270117293,-0.00021268234153243835,0.040637
16.127601385116577,3.4203463701650993,0.8176230029201009,1.4479038648349192,-0.030900179952969873,-0.21438398821665375,-3.2538787539175975,-0.00020385987502485924,0.040637
16.156620979309082,3.4258438917865672,0.8092151937007083,1.495350929631368,-0.08230429115133053,-0.252927543179356,-3.2924223088802997,-0.0002062746805206848,0.040637
16.19065761566162,3.4222866718751046,0.8161678051512878,1.461897190466253,0.026656651533690075,-0.15412136422916703,-3.1936161299301107,-0.00020008434067836028,0.040637
16.21743083000183,3.424550357256864,0.8202100211957745,1.4809038265295995,0.187198976277323,0.009800423839216253,-3.0296943418617275,-0.00018981442045184948,0.040789
16.249191284179688,3.4272991181549575,0.8126106550837903,1.5457236381630302,0.14115163473010198,-0.034527165350824764,-3.0740219310517687,-0.00019259160346198938,0.040789
16.27413845062256,3.42762250179561,0.8151976733099081,1.5971581142215048,0.1628510802771295,-0.013239383330268487,-3.0527341490312123,-0.00019125789532149946,0.040789
16.30064845085144,3.431503105575164,0.8171379369962637,1.7058895441626842,0.218490130982146,0.033971891582299664,-3.005522874118644,-0.00018830004552704944,0.040789
16.330183029174805,3.431664797402988,0.8255457464704119,1.7850318492195738,0.4327183715114643,0.19600896402234907,-2.843485801678595,-0.000178148205266483,0.040789
16.355695724487305,3.434898634021273,0.8064664868988883,1.9010375458790671,0.18492532502667813,0.0049459811832701485,-3.034548784517674,-0.00019011855780545097,0.040789
16.38181972503662,3.424550357256864,0.8211801530557621,1.7883020753185528,0.3182117674839125,0.10881311512150761,-2.9306816505794364,-0.0001836111423345008,0.040789
16.40835165977478,3.4230951309334134,0.825222369177926,1.682114511423089,0.495781943687466,0.2639972199403463,-2.7754975457605977,-0.00017388864970132437,0.040789
16.435412883758545,3.4287543445471518,0.8140658528328402,1.713843853379893,0.38749679070612497,0.17153469185286283,-2.867960073848081,-0.00017968155129536892,0.040789
16.462436199188232,3.4358687850297205,0.8172996256374427,1.8693877741575124,0.3791129148644975,0.14615303121725348,-2.8933417344836903,-0.00018127174643059606,0.04094
16.49384880065918,3.416627458672316,0.8150359846700277,1.6176623526525977,0.32605318981622317,0.13191632373548498,-2.907578441965459,-0.00018216369527918316,0.04094
16.51954674720764,3.4274608099751367,0.8190782006970141,1.644484910403916,0.3731810467817156,0.16969083987156197,-2.8698039258293817,-0.0001797970710989325,0.04094
16.551161766052246,3.418406068497338,0.814874296030247,1.4935636878367569,0.3185300956053773,0.1408402493963231,-2.8986545163046205,-0.00018160459934859281,0.04094
16.579042673110962,3.4243886654419726,0.8075983073432221,1.500040070833295,0.1285890370511379,-0.05320971025480805,-3.0927044759557516,-0.00019376208999738554,0.04094
16.610391855239868,3.4151722324782225,0.8088918164284165,1.3318462282468395,0.022596587797306774,-0.1930183153802308,-3.232513081081174,-0.00020252128692012077,0.04094
16.638293504714966,3.420993137397073,0.8097002596098913,1.3232014694217358,-0.0347441942792388,-0.26316180401154565,-3.302656569712489,-0.00020691587070999654,0.04094
16.674405574798584,3.4251971245193658,0.8084067505207239,1.3959380372762418,-0.10184903354978865,-0.31338325647533233,-3.3528780221762755,-0.00021006231217174677,0.04094
16.70169734954834,3.417759301284135,0.8111554573428102,1.3074596620935035,-0.09151905076956858,-0.3345402569116291,-3.3740350226125724,-0.00021138782667029762,0.041091
16.731703281402588,3.4208314455886395,0.8118022118933612,1.3031005693797593,-0.07080491679052943,-0.31221737095267554,-3.3517121366536187,-0.0002099892678775622,0.041091
16.756970167160034,3.4156573078736163,0.8106703914309421,1.203079487872844,-0.07990052854095814,-0.36697598866503817,-3.4064707543659813,-0.0002134199688371281,0.041091
16.784223794937134,3.424226973627375,0.8106703914309421,1.293670827008336,-0.08626745676626209,-0.3339895691224676,-3.3734843348234107,-0.00021135332534054124,0.041091
16.810837030410767,3.4190528357152328,0.8122872778073198,1.2601150441016817,-0.05701644144175751,-0.312175610030926,-3.351670375731869,-0.00020998665149971513,0.041091
16.83935570716858,3.4156573078736163,0.814874296030247,1.1729896201781953,0.017391853848949968,-0.24505412867988205,-3.284548894380825,-0.00020578140052555612,0.041091
16.86703372001648,3.426167275421931,0.8006456961189835,1.3089715661876435,-0.22715154798361728,-0.4817464950079311,-3.521241260708874,-0.0002206104952362548,0.041091
16.89322543144226,3.417597609481567,0.8116405232555741,1.2435528287067428,-0.16911845135170014,-0.45483165108365115,-3.494326416784594,-0.00021892424410839355,0.041091
16.926701545715332,3.415818999672667,0.8114788346178867,1.1644263729605802,-0.13186607021861865,-0.45669454819914274,-3.4961893139000857,-0.00021904095711519842,0.041091
16.957348823547363,3.417759301284135,0.8064664868988883,1.1454014970725293,-0.21028378418437996,-0.5669084549368532,-3.6064032206377963,-0.00022594600642796093,0.041091
16.99088764190674,3.419537911131733,0.8121255891692339,1.1654174241856783,-0.14719865715200425,-0.47548752079816353,-3.5149822864991065,-0.00022021836209403162,0.041091
17.01850914955139,3.4133936227176673,0.8111554573428102,1.0642770369900043,-0.12326378729111795,-0.5172753277656608,-3.5567700934666036,-0.00022283642433611742,0.04125
17.052517414093018,3.4159806914720106,0.8224736622080275,1.0419636223231596,0.1294456819938475,-0.0859972629783117,-3.1254920286792545,-0.00019581627422061046,0.04125
17.07931160926819,3.4111299376191164,0.8161678051512878,0.9354351275149388,0.17488163273531085,0.006823161578070314,-3.0326716041228723,-0.00019000094993200988,0.04125
17.109461784362793,3.4129085473345757,0.8169762483551846,0.8941985189075482,0.22354073112291295,0.14653912451072804,-2.8929556411902144,-0.00018124755716710208,0.04125
17.136570692062378,3.4164657668718004,0.8156827392301486,0.9319995703913486,0.23063580742950657,0.15039240122795264,-2.88910236447299,-0.0001810061442044759,0.04125
17.163066864013672,3.4119383965762977,0.8240905486573925,0.8736118082432702,0.41088326490208965,0.632072294817093,-2.4074224708838496,-0.00015082825180733457,0.04125
17.189614057540894,3.4150105406803437,0.8294262740116538,0.8903161408969381,0.6482924464130692,0.9476194868681554,-2.091875278832787,-0.00013105879633560684,0.04125
17.217320919036865,3.417759301284135,0.8051729778255998,0.9535243346279909,0.308860885971867,0.3223280254564321,-2.7171667402445103,-0.0001702341463771633,0.04125
17.24944233894348,3.4203463701650993,0.8195632666244533,1.0462549289828844,0.37125879391815647,0.3781985577354176,-2.661296207965525,-0.0001667337824763101,0.04142
17.278007745742798,3.416789150473125,0.8329834243088322,1.0444996646221305,0.6947126255162033,0.8118531422973276,-2.2276416234036147,-0.00013956474020443353,0.04142
17.304635524749756,3.424226973627375,0.8236054827215286,1.1826649507328477,0.7256246775596494,0.7173269323041326,-2.3221678333968097,-0.00014548693424211413,0.04142
17.330816507339478,3.425358816335726,0.8239288600120042,1.3005927780772566,0.7540046873233929,0.6578412634440075,-2.3816535022569347,-0.00014921379130616267,0.04142
17.356638193130493,3.419537911131733,0.8139041641936581,1.2740513208889985,0.5648819247108583,0.49373179473287626,-2.545762970968066,-0.00015949546997706205,0.04142
17.38273525238037,3.4132319309230104,0.8358938200429288,1.137290461205854,0.8909229795688663,0.8866146118410195,-2.1528801538599227,-0.00013488083370684134,0.04142
17.410857915878296,3.417435917679293,0.8312048491541318,1.1203457516002497,1.021398900948362,0.9811930536512684,-2.0583017120496736,-0.00012895536727565682,0.04142
17.43687891960144,3.417112534075623,0.8289412080658243,1.1024238476543329,1.0655410314345737,1.019208745737073,-2.020286019963869,-0.00012657363309817246,0.04142
17.46710705757141,3.4224483636861796,0.8320132924047522,1.1898785368664735,1.1604854710969899,0.9979360660348034,-2.0415586996661386,-0.00012790639505813405,0.04142
17.493389129638672,3.415818999672667,0.8282944534727967,1.1268543686724137,1.1494184836202124,1.0399627133015745,-1.9995320523993674,-0.00012527336915045304,0.04142
17.52265238761902,3.411776704784276,0.8305580945554539,1.0069798636129232,1.1888626067480954,1.1527581768254154,-1.8867365888755265,-0.00011820658183711001,0.04142
17.553280353546143,3.4203463701650993,0.8284561421209024,1.083673799272326,1.1726532653024286,1.0837952819465337,-1.9556994837544082,-0.00012252719984244746,0.04142
17.57939839363098,3.417112534075623,0.8226353508525123,1.0767534810247863,1.0399584054602937,1.0273022821662294,-2.0121924835347125,-0.00012606656216844882,0.04142
17.61670732498169,3.4224483636861796,0.82748601023378,1.1719092802257909,1.048195604073784,0.9536288604832511,-2.0858659052176907,-0.00013068230100594027,0.04142
17.643736362457275,3.424065281813071,0.8248989918858424,1.2688213778107247,1.0000290559335214,0.8534226027936789,-2.186072162907263,-0.00013696035766208034,0.04142
17.678925275802612,3.4211548292058,0.8223119735636433,1.282114377856651,0.9123798856022239,0.7865034923037826,-2.2529912733971593,-0.00014115292982993388,0.04142
17.704845190048218,3.424065281813071,0.8265158783502841,1.3459649461523324,0.938665919921559,0.7616921152848207,-2.2778026504161213,-0.00014270739593048865,0.04142
17.736635446548462,3.4211548292058,0.8056580437273396,1.336114875695771,0.5222346767195315,0.3992627679531106,-2.6402319977478315,-0.00016541408140960433,0.04142
17.7619366645813,3.428107577258793,0.82748601023378,1.4595228924083778,0.6857889939552514,0.5009713807674003,-2.5385233849335416,-0.00015904190018671479,0.04142
17.787997722625732,3.4169508422742276,0.8300730286075055,1.3368175426172417,0.8542096037275609,0.7082063593618148,-2.331288406339127,-0.00014605835038905486,0.04142
17.8148353099823,3.420993137397073,0.8221502849193592,1.3266813894810312,0.8069354824112774,0.6778059516002922,-2.3616888141006496,-0.000147962976773645,0.04142
17.841988563537598,3.420993137397073,0.8224736622080275,1.3195860822856813,0.7805851707855205,0.6607124067462111,-2.3787823589547306,-0.0001490339103213346,0.0
17.86850666999817,3.4218015964436423,0.8210184644121803,1.3297708860047748,0.7318028728829589,0.611919636997752,-2.42757512870319,-0.0001520908428917513,0.0
17.894700288772583,3.41921452752044,0.8206950871253172,1.288415389073385,0.690913691093153,0.6006079172086852,-2.4388868484922566,-0.0001527995373321139,0.0
17.927652597427368,3.4226100554975476,0.8208567757686985,1.3231029196494677,0.6656620504682523,0.5542354624370358,-2.485259303263906,-0.00015570483391790792,0.0
17.952914714813232,3.4248737408875276,0.8203717098388552,1.3898084446857604,0.6378735421532098,0.4899667092977087,-2.549528056403233,-0.00015973135763739575,0.0
17.97887349128723,3.417435917679293,0.8166528710733262,1.2971083400361536,0.5408934945617606,0.4366015800175411,-2.6028931856834006,-0.00016307475467474458,0.0
18.005006551742554,3.427137426335072,0.8166528710733262,1.4140364936682877,0.47300746124775706,0.30858916008886444,-2.7309056056120773,-0.0001710949047485204,0.041343
18.03185510635376,3.421639904633741,0.8182697574866175,1.3928558702104512,0.45919510377970996,0.30061009929203525,-2.7388846664089064,-0.0001715948036260981,0.041343
18.059401035308838,3.4179209930869963,0.8205333984820361,1.3083324487776518,0.4967174660950102,0.3793127413510149,-2.660182024349927,-0.00016666397737605644,0.041343
18.085519790649414,3.424065281813071,0.8194015779818734,1.3643175957970384,0.49938761339310744,0.35721203781364746,-2.6822827278872943,-0.00016804861614161113,0.041343
18.117629051208496,3.418406068497338,0.8237671713667161,1.2974465676119369,0.5922679557391021,0.4953676521981187,-2.544127113502823,-0.00015939298130933856,0.041343
18.145986795425415,3.425520508152379,0.8092151937007083,1.383970213781329,0.35391340383311676,0.17769823169299806,-2.8617965340079436,-0.0001792953972446046,0.041343
18.174197673797607,3.429401111840215,0.8236054827215286,1.5172640610812331,0.48706522238148964,0.28964958637056265,-2.749845179330379,-0.00017228149448441285,0.041343
18.200465440750122,3.417759301284135,0.8163294937918674,1.3923878787569919,0.4285860975762088,0.26492257302778804,-2.7745721926731535,-0.00017383067508732467,0.041343
18.226672887802124,3.4229334391211643,0.8198866439099136,1.401944270023829,0.4618080152699713,0.300082106013895,-2.7394126596870465,-0.00017162788311425237,0.041343
18.253308296203613,3.4203463701650993,0.824413925948471,1.3601488837599627,0.5794453837363109,0.44852717475482357,-2.590967590946118,-0.00016232760014422848,0.041343
18.27946448326111,3.421478212824134,0.8190782006970141,1.3521042395179212,0.5505555825257793,0.42110550610544123,-2.6183892595955003,-0.00016404560452195943,0.041194
18.307581901550293,3.427137426335072,0.8004840074880376,1.4525336233055417,0.1426922757214454,-0.0850840011503663,-3.124578766851308,-0.00019575905714026105,0.041194
18.33675718307495,3.4310180300934556,0.7996755643347889,1.5955614882603544,-0.15966597085427264,-0.3615640924748659,-3.401058858175807,-0.00021308090627075314,0.041194
18.36378788948059,3.4260055836041023,0.8208567757686985,1.6017415699344117,0.07025628710505043,-0.1437282055869343,-3.1832229712878757,-0.00019943319532779409,0.041194
18.389132261276245,3.421963288253836,0.8261925010565908,1.5303100311265274,0.3424378275731261,0.13855369977952653,-2.900941065921415,-0.00018174785475371714,0.041194
18.415383338928223,3.4258438917865672,0.8169762483551846,1.553035246035508,0.34083006750938205,0.13357778534810014,-2.9059169803528415,-0.0001820596024772313,0.041194
18.441454887390137,3.420022986550873,0.8198866439099136,1.459851959548309,0.4003787942231872,0.21601932139327862,-2.823475444307663,-0.00017689452949631802,0.041194
18.46791672706604,3.4230951309334134,0.8090535050645127,1.4521994303839294,0.21622020429382305,0.001658911513471263,-3.0378358541874704,-0.0001903244971359426,0.041194
18.494232654571533,3.4251971245193658,0.8206950871253172,1.4862366099497801,0.33000582308075804,0.13157975551260076,-2.907915010188341,-0.00018218478173047498,0.041194
18.51992630958557,3.429401111840215,0.8232821054314547,1.5888505383991378,0.46358834252989284,0.25053768302961077,-2.788957082671331,-0.0001747319077696255,0.041033
18.551776885986328,3.4221249800643236,0.8239288600120042,1.5243166128250005,0.5705792528025571,0.373971030672021,-2.6655237350289207,-0.0001669986427258724,0.041033
18.57752561569214,3.4205080619726527,0.8150359846700277,1.4488398274389729,0.46007962637286487,0.2865713611502734,-2.7529234045506685,-0.00017247434942959205,0.041033
18.604064226150513,3.4274608099751367,0.8210184644121803,1.5263091427543372,0.5074489917940992,0.31138378216978424,-2.728110983531158,-0.00017091981792100047,0.041033
18.63132119178772,3.4222866718751046,0.8195632666244533,1.4835679396523314,0.5102704679937221,0.3287791597865155,-2.7107156059144266,-0.00016982997414526435,0.041033
18.657301664352417,3.4258438917865672,0.800160630226442,1.520315782003551,0.10775112281775706,-0.12266530943107952,-3.1621600751320216,-0.00019811357658882774,0.041033
18.68465304374695,3.426652350877179,0.8164911824325468,1.561190791230633,0.16643701445323142,-0.054909190092973036,-3.094403955793915,-0.00019386856469223956,0.041033
18.712993621826172,3.422771747309209,0.8237671713667161,1.5170760049546923,0.35920253648118966,0.15834452634010346,-2.8811502393608386,-0.00018050793288372727,0.041033
18.740169763565063,3.425358816335726,0.8197249552671334,1.5346805160325365,0.4098687358880278,0.20957731669218288,-2.829917449008759,-0.00017729812974469664,0.041033
18.767199277877808,3.432958332036175,0.7996755643347889,1.6894279625115578,0.02735755126233042,-0.17893226686789188,-3.218427032568834,-0.00020163877705835584,0.041033
18.79479217529297,3.427784193616377,0.8185931347704759,1.7007814452312557,0.15398173998528597,-0.05994598758395343,-3.0994407532848958,-0.00019418412682122195,0.041033
18.82076382637024,3.4256821999693265,0.8236054827215286,1.6693349320090884,0.34711305768801115,0.12478683648801774,-2.9147079292129248,-0.0001826103672326202,0.040874
18.848352670669556,3.4290777281930955,0.8211801530557621,1.7109587558043897,0.43174318034684256,0.19701024347666132,-2.8424845222242814,-0.00017808547376360335,0.040874
18.874547481536865,3.4282692690804413,0.8189165120547346,1.7249439124667634,0.4437932535481607,0.20522105760442652,-2.834273708096516,-0.0001775710552285171,0.040874
18.90007710456848,3.423903589999061,0.8179463802031591,1.6529153165402133,0.4320035852029617,0.2082636584707683,-2.8312311072301743,-0.00017738043219696863,0.040874
18.926594972610474,3.4332817156974147,0.8035560914929051,1.778252931167893,0.12375081895326004,-0.0842473454438863,-3.123742111144829,-0.00019570663953633028,0.040874
18.953693151474,3.426652350877179,0.8190782006970141,1.7417467956457167,0.23156938717764528,0.011379089401324824,-3.0281156762996178,-0.00018971551493368588,0.040874
18.980097770690918,3.4285926527246215,0.8132574096379267,1.7525561483369092,0.18569406846795797,-0.030367295148413485,-3.069862060849356,-0.00019233098200565436,0.040874
19.006858110427856,3.434575250354146,0.8134190982767101,1.8722439468499246,0.15695213190328478,-0.05092701429012178,-3.0904217799910643,-0.00019361907602874256,0.040874
19.03677725791931,3.426167275421931,0.8140658528328402,1.798449594857843,0.15031592245720277,-0.059996985018120515,-3.099491750719063,-0.00019418732187897984,0.040874
19.064066171646118,3.4218015964436423,0.8139041641936581,1.6649753448053075,0.14229978930452752,-0.07584433048960271,-3.115339096190545,-0.00019518017936127002,0.040715
19.0942325592041,3.423418514558791,0.8116405232555741,1.6018464076926535,0.08949748475000352,-0.13628967006515633,-3.1757844357660985,-0.000198967161084812,0.040715
19.122215032577515,3.4211548292058,0.8174613142787219,1.515231898773982,0.173884187279344,-0.05213269550047753,-3.0916274612014196,-0.0001936946135762209,0.040715
19.15828275680542,3.423741898185344,0.8161678051512878,1.5030866031216086,0.20598858643515608,-0.014695589926511175,-3.0541903556274534,-0.00019134912862094636,0.040715
19.18682861328125,3.425520508152379,0.8130957209992431,1.527918238638113,0.16441672141818522,-0.06237828748395686,-3.101873053184899,-0.00019433651367738267,0.040715
19.21433997154236,3.426814042696183,0.8130957209992431,1.5695428148075887,0.13531641590631183,-0.0915613534551367,-3.131056119156079,-0.00019616487196349403,0.040715
19.242007732391357,3.42131652101482,0.8163294937918674,1.4956496875001166,0.18236193304358897,-0.043105124387816184,-3.0825998900887583,-0.00019312902411884196,0.040715
19.276142597198486,3.4258438917865672,0.8113171459802987,1.5287730054970148,0.11079941235090708,-0.12419111518108844,-3.1636858808820305,-0.0001982091703687541,0.040715
19.303155660629272,3.4308563382668087,0.814550918750985,1.645898751718388,0.12812137840426188,-0.09177317696133841,-3.1312679426622805,-0.0001961781429907103,0.040557
19.337812662124634,3.4208314455886395,0.8139041641936581,1.5400079321171618,0.12676360846747275,-0.1044713031943565,-3.1439660688952986,-0.0001969736976572129,0.040557
19.36828327178955,3.4226100554975476,0.8140658528328402,1.4992176997801199,0.1291839560521305,-0.10670092739155192,-3.146195693092494,-0.00019711338660832872,0.040557
19.40142297744751,3.4221249800643236,0.8182697574866175,1.4615736257916825,0.2185186501427729,0.0016731038038728641,-3.0378216618970693,-0.00019032360796988377,0.040557
19.42843985557556,3.42131652101482,0.8164911824325468,1.4200712551889767,0.2439742835807433,0.036099561207852265,-3.00339520449309,-0.00018816674416680747,0.040557
19.45867347717285,3.431664797402988,0.8082450618850249,1.5849590469379813,0.08988311448440228,-0.13990791814016784,-3.17940268384111,-0.00019919384918727824,0.040557
19.484007120132446,3.421639904633741,0.8151976733099081,1.5125016574992227,0.1269631161051397,-0.10803434440385716,-3.1475291101047995,-0.0001971969269753929,0.040557
19.510318994522095,3.42762250179561,0.808568439156522,1.5739027277568396,0.014716870189143572,-0.22330881838550737,-3.2628035840864498,-0.00020441902762409172,0.040557
19.536291360855103,3.4295628036642154,0.8098619482464846,1.6532471248905065,-0.036889210118512226,-0.25606290521167724,-3.2955576709126198,-0.00020647111516389237,0.040557
19.56922698020935,3.42972449548851,0.8147126073905661,1.7118185069160323,0.028110129224408496,-0.18135809261887076,-3.2208528583198133,-0.00020179075830038313,0.040557
19.596059799194336,3.4208314455886395,0.8129340323606592,1.5861517607555238,0.03653101484271473,-0.19709244082504965,-3.236587206525992,-0.00020277653635220738,0.040557
19.622623682022095,3.42972449548851,0.8126106550837903,1.6648517520215056,0.035684061725881594,-0.18236103945037388,-3.221855805151316,-0.00020185359426668354,0.040398
19.654646158218384,3.4300478791379825,0.814874296030247,1.726002353988084,0.08228220606629812,-0.1276626656184068,-3.1671574313193487,-0.0001984266676671529,0.040398
19.684173345565796,3.4326349483761125,0.8140658528328402,1.8172926408015901,0.09804697437130748,-0.1034908279860378,-3.1429855936869795,-0.0001969122695682922,0.040398
19.71637749671936,3.4269757345154805,0.8116405232555741,1.7751352002603364,0.058520514296747185,-0.1436171465547398,-3.1831119122556815,-0.0001994262373302362,0.040398
19.743399620056152,3.4360304768654926,0.8132574096379267,1.915322021220873,0.06455985745132775,-0.12235019873088128,-3.1618449644318227,-0.00019809383448015695,0.040398
19.77842116355896,3.4256821999693265,0.8171379369962637,1.819513335201826,0.14968627500408477,-0.05725027686844513,-3.0967450425693865,-0.00019401523692361735,0.040398
19.80994987487793,3.426652350877179,0.8098619482464846,1.7706290784694614,0.05758937325194816,-0.14529858286316155,-3.184793348564103,-0.0001995315815737131,0.04025
19.844465017318726,3.4248737408875276,0.8150359846700277,1.7030767558597562,0.1009867106874371,-0.11222245159285639,-3.1517172172937977,-0.00019745931751686955,0.04025
19.87145757675171,3.4300478791379825,0.8069515528030077,1.752759856674901,-0.037174478208809904,-0.23522480439814863,-3.27471957009909,-0.00020516558015510106,0.04025
19.906241178512573,3.4305329546143954,0.810832080068132,1.7966289394074035,-0.052988435034876165,-0.23983567098542494,-3.279330436686366,-0.0002054544571407929,0.04025
19.931823015213013,3.4287543445471518,0.8153593619498886,1.7940039529689242,0.030323817998697145,-0.1665150263291913,-3.2060097920301325,-0.00020086082025792937,0.04025
19.958631992340088,3.427945885437438,0.8006456961189835,1.7770149425227868,-0.21809917307879656,-0.384550901309162,-3.424045667010103,-0.00021452106072350827,0.04025
19.98464870452881,3.4295628036642154,0.8153593619498886,1.795425675226664,-0.0852536986320456,-0.2679742483620226,-3.307469014062964,-0.0002072173768133419,0.04025
20.01519274711609,3.4287543445471518,0.8106703914309421,1.7931616680424176,-0.090014675830021,-0.2726296053207245,-3.3121243710216657,-0.00020750904118056962,0.04025
20.046706676483154,3.4221249800643236,0.8134190982767101,1.6673344035753157,-0.03604398910530281,-0.25410954482743114,-3.293604310528372,-0.00020634873451177627,0.04025
20.074233293533325,3.427945885437438,0.8155210505899687,1.688346257947261,0.04555571670853779,-0.1679066124686171,-3.207401378169558,-0.00020094800499894898,0.04025
20.10058069229126,3.428107577258793,0.810832080068132,1.7060848599844236,0.004922701407273391,-0.20494932963337828,-3.244444095334319,-0.00020326878099058594,0.04025
20.128630876541138,3.4274608099751367,0.8126106550837903,1.7063806655361582,0.01355824232106803,-0.19641939847405102,-3.235914164174992,-0.00020273436934478708,0.04009
20.15614652633667,3.431503105575164,0.8111554573428102,1.7823453300829362,-0.0107339576599689,-0.20478724634831377,-3.2442820120492546,-0.00020325862625504234,0.04009
20.184678316116333,3.421639904633741,0.8118022118933612,1.6506720557006773,-0.014255351613806574,-0.2367537014953315,-3.276248467196272,-0.00020526136761208057,0.04009
20.216286182403564,3.4302095709631595,0.8109937687054213,1.7191068706119699,-0.03357425991740937,-0.23944253042328445,-3.278937296124225,-0.00020542982635645015,0.04009
20.2459979057312,3.4232568227459557,0.8097002596098913,1.6367081719401637,-0.07406378767954165,-0.30183813129731807,-3.3413328969982588,-0.00020933899457022177,0.04009
20.277496814727783,3.4303712627886305,0.8109937687054213,1.712362456033594,-0.07544016516342855,-0.2809772893294194,-3.32047205503036,-0.00020803203479755996,0.04009
20.30502462387085,3.429886187313099,0.8130957209992431,1.7562295427535928,-0.032583404700813196,-0.2299009311735151,-3.2693956968744557,-0.00020483203234576263,0.04009
20.33703899383545,3.4290777281930955,0.8103470141568607,1.7717849833255095,-0.059887043069705825,-0.2515509712104272,-3.291045736911368,-0.00020618843643761586,0.04009
20.363077878952026,3.426328967240053,0.813580786915593,1.7311586243070192,-0.011583859638908909,-0.21528811501316872,-3.2547828807141093,-0.00020391651978321775,0.039932
20.388240814208984,3.4302095709631595,0.805334666459414,1.7754474686364259,-0.14968174183601554,-0.3306911769101843,-3.370185942611125,-0.00021114667663755255,0.039932
20.414913654327393,3.427137426335072,0.8163294937918674,1.7488738836884976,-0.017136777376044802,-0.21664254133858996,-3.2561373070395305,-0.00020400137641197146,0.039932
20.442424535751343,3.42972449548851,0.8203717098388552,1.7787572380745929,0.15991436266220177,-0.04173695979467077,-3.0812317254956114,-0.00019304330676915996,0.039932
20.4694402217865,3.4285926527246215,0.8048496005582686,1.7784634580371168,-0.039745345504566015,-0.23187502030919008,-3.2713697860101307,-0.0002049557116820016,0.039932
20.49698781967163,3.426167275421931,0.8129340323606592,1.7328032526889192,-0.010967817467555855,-0.21440445317839849,-3.253899218879339,-0.00020386115718220392,0.039932
20.52272343635559,3.429401111840215,0.814550918750985,1.7614471883165796,0.042884317531339367,-0.15674156906514866,-3.1962363347660894,-0.0002002485000311816,0.039932
20.55056929588318,3.4290777281930955,0.8168145597142055,1.7754373352196005,0.12777182390225292,-0.07237583485257959,-3.1118706005535204,-0.0001949628734502133,0.039932
20.584123373031616,3.431503105575164,0.8172996256374427,1.8306849988613345,0.19730543810178316,-0.0038694588598877718,-3.0433642245608286,-0.00019067085696635944,0.039932
20.61214852333069,3.4318264892311063,0.8197249552671334,1.875418971612211,0.2965407670224417,0.08515360923388045,-2.9543411564670605,-0.0001850934421613133,0.03978
20.646326065063477,3.431664797402988,0.814550918750985,1.9037024484342564,0.25814032667433534,0.04952123728623444,-2.9899735284147066,-0.00018732585813051338,0.03978
20.673452377319336,3.4287543445471518,0.8156827392301486,1.8689554092877267,0.25485552431550224,0.048107991194886505,-2.9913867745060547,-0.00018741439989661783,0.03978
20.704853296279907,3.4264906590584694,0.8176230029201009,1.8022082264023171,0.2930056015614116,0.0879156263302814,-2.9515791393706596,-0.0001849203980798733,0.03978
20.735645532608032,3.428430960902385,0.8126106550837903,1.7918488458731605,0.21521627242895702,0.012900345740809529,-3.0265944199601313,-0.00018962020618044022,0.03978
20.76942539215088,3.4302095709631595,0.8168145597142055,1.8179306237327137,0.2484041923305899,0.04428599226638323,-2.9952087734345576,-0.00018765385326376363,0.03978
20.796995878219604,3.4318264892311063,0.8105087027938517,1.8664909090221735,0.14017506134701396,-0.0566845530699081,-3.096179318770849,-0.000193979793567675,0.03978
20.829009771347046,3.42762250179561,0.812772343722175,1.821695203822919,0.11160568080267752,-0.08629499172657358,-3.1257897574275146,-0.00019583492732664232,0.03978
20.855102062225342,3.43554540135906,0.8163294937918674,1.9388231109901681,0.1657644184710388,-0.031089860983298415,-3.0705846266842394,-0.00019237625172586727,0.03963
20.887579679489136,3.4285926527246215,0.8126106550837903,1.8905095690780085,0.12614744426570074,-0.06805084109006346,-3.1075456067910046,-0.00019469190678101945,0.03963
20.914990186691284,3.4308563382668087,0.8171379369962637,1.8991143462250697,0.1927975857741505,-0.007910130034540991,-3.047404895735482,-0.00019092401044347955,0.03963
20.943115711212158,3.4373240115622727,0.8192398893393937,2.0263498575711067,0.2832729105593425,0.06570868283792891,-2.973786082863012,-0.0001863116929213251,0.03963
20.970168352127075,3.423418514558791,0.8179463802031591,1.8548085666287017,0.31963934511079206,0.11001866969006081,-2.9294760960108803,-0.0001835356127213013,0.03963
21.00513005256653,3.429401111840215,0.8143892301115035,1.846850908074394,0.27093854478952506,0.06512643842280154,-2.97436832727814,-0.00018634817131608979,0.03963
21.033095836639404,3.436192168701559,0.807921684613925,1.9685533209432147,0.10201652440115012,-0.08490142655825988,-3.1243961922592014,-0.00019574761859680436,0.03963
21.063896656036377,3.4232568227459557,0.8176230029201009,1.8113206871720406,0.1860183016213651,-0.015660070470100342,-3.0551548361710417,-0.0001914095546226353,0.03963
21.092628955841064,3.427784193616377,0.8205333984820361,1.7861063524936076,0.30549370458417036,0.10428105921269781,-2.9352137064882435,-0.00018389508172531637,0.03963
21.12563180923462,3.4290777281930955,0.814227541472122,1.7926987501435365,0.25766580987631976,0.055806438863574954,-2.9836883268373664,-0.00018693208180847927,0.03963
21.154992818832397,3.4318264892311063,0.8156827392301486,1.8488285975097551,0.2545233625568944,0.049835074714894324,-2.989659690986047,-0.00018730619579401494,0.039473
21.18705916404724,3.4339284830234256,0.814550918750985,1.9275134445146145,0.22872814354845764,0.023455084713606914,-3.0160396809873347,-0.0001889589376051057,0.039473
21.212270498275757,3.429401111840215,0.8101853255199691,1.8977443225945274,0.11966025421211224,-0.07554485678866076,-3.1150396224896024,-0.00019516141693160852,0.039473
21.241503477096558,3.4264906590584694,0.8111554573428102,1.8223604657170858,0.06353745066375974,-0.1357377905338378,-3.1752325562347794,-0.0001989325850908085,0.039473
21.27017307281494,3.428107577258793,0.8195632666244533,1.7998948054233121,0.19953238920249217,-0.002435409607255598,-3.041930175308197,-0.00019058101185425472,0.039473
21.298271894454956,3.4323115647172275,0.8106703914309421,1.8629567485494518,0.10933558565415236,-0.08780003949115175,-3.1272948051920935,-0.00019592922059089629,0.039473
21.330071926116943,3.4226100554975476,0.8103470141568607,1.7252818712827285,0.03945625017876852,-0.1760709343008962,-3.215565700001838,-0.0002014595107292678,0.039473
21.355324268341064,3.4258438917865672,0.8119639005312479,1.6895155341448513,0.024248580386709254,-0.19987095408748726,-3.239365719788429,-0.00020295061394060967,0.039473
21.382571697235107,3.4310180300934556,0.8097002596098913,1.7614488258478767,-0.03358779946665706,-0.24344046223971547,-3.282935227940657,-0.00020568030215536385,0.039321
21.414840698242188,3.4272991181549575,0.8139041641936581,1.7421051376857908,0.01356718395782331,-0.19981010293813134,-3.239304868639073,-0.00020294680153435822,0.039321
21.445278644561768,3.424065281813071,0.805334666459414,1.6679584780326857,-0.13207601131829372,-0.37364002146182684,-3.413134787162768,-0.00021383747944396278,0.039321
21.472956657409668,3.4264906590584694,0.8156827392301486,1.6615103745237911,-0.018295912279342744,-0.2539267192392027,-3.293421484940144,-0.00020633728024307531,0.039321
21.50241184234619,3.4310180300934556,0.8093768823370032,1.7418452141131344,-0.07011051729956137,-0.2852581352076409,-3.324752900908582,-0.00020830023554249688,0.039321
21.53473687171936,3.423741898185344,0.8153593619498886,1.6617159238590042,0.01833836041341442,-0.2123286497514314,-3.2518234154523724,-0.0002037311053089778,0.039321
21.56315302848816,3.4243886654419726,0.8169762483551846,1.6177466360488655,0.11396044049758314,-0.10620531388331766,-3.1457000795842585,-0.00019708233575625625,0.039321
21.597506284713745,3.428107577258793,0.810832080068132,1.6566651246555522,0.052806008059601284,-0.17369802752183558,-3.213192793222776,-0.0002013108449319197,0.039321
21.629152059555054,3.4230951309334134,0.8050112891918847,1.5899686459589941,-0.11135040730200646,-0.38653804198609426,-3.4260328076870348,-0.00021464555775633975,0.039163
21.659671545028687,3.4205080619726527,0.8080833732494253,1.4947962506327601,-0.16221495559925764,-0.49683377305709225,-3.536328538758033,-0.0002215557334735013,0.039163
21.687796115875244,3.426167275421931,0.8100236368831771,1.5342362075058666,-0.15737070168187225,-0.4674628501211559,-3.5069576158220968,-0.00021971560569619062,0.039163
21.716490030288696,3.4264906590584694,0.814227541472122,1.5679047851550179,-0.06633927450991316,-0.34328704230277685,-3.3827818080037177,-0.00021193582452503065,0.039163
21.743871450424194,3.4190528357152328,0.814874296030247,1.452078814804359,0.010865870701236388,-0.2908195337607187,-3.3303142994616595,-0.00020864866463274147,0.039163
21.770987510681152,3.426167275421931,0.8124489664455052,1.5043340024259473,0.014347674305125629,-0.26430188985647474,-3.3037966555574156,-0.00020698729861971338,0.039163
21.798338174819946,3.428107577258793,0.8082450618850249,1.5772762811194985,-0.07085551200852855,-0.34491164424916265,-3.3844064099501034,-0.0002120376080193777,0.039163
21.824278354644775,3.420993137397073,0.8118022118933612,1.4950025064326167,-0.05634043965780296,-0.3651099807905061,-3.404604746491447,-0.00021330306093709036,0.039163
21.850143432617188,3.424065281813071,0.8093768823370032,1.4949866361555055,-0.09674168646448969,-0.4179242062563028,-3.4574189719572437,-0.00021661194311041327,0.039163
21.87949228286743,3.421639904633741,0.806789864168202,1.449520969951498,-0.1789551426643464,-0.549836520973398,-3.589331286674339,-0.00022487642683159987,0.039163
21.905129432678223,3.423903589999061,0.813580786915593,1.4601192567795331,-0.09493152935515345,-0.4360371461065842,-3.475531911807525,-0.00021774674312401718,0.039163
21.937915086746216,3.426167275421931,0.8137424755545757,1.5099623118085828,-0.03274421350245818,-0.3254478513139876,-3.3649426170149286,-0.00021081817524533922,0.039004
21.964529514312744,3.619550903269681,0.8194015779818734,5.169099933041515,0.12876443767488416,-0.014419915134238586,-3.0539146808351796,-0.0001913318572248832,0.039004
21.99284291267395,3.427945885437438,0.8124489664455052,4.1395821285735845,0.09687667118667985,-0.02864262642357055,-3.0681373921245116,-0.0001922229291932124,0.039004
22.019763708114624,3.4331200238666475,0.8111554573428102,3.5158893954380033,0.04758894254595937,-0.05390166030710015,-3.093396426008041,-0.0001938054415976913,0.039004
22.04987096786499,3.4318264892311063,0.8211801530557621,3.0550620492158846,0.22207629974740706,0.014431418236011611,-3.0250633474649296,-0.00018952428243185245,0.039004
22.081411838531494,3.4250354327033,0.8202100211957745,2.605210139254472,0.3239927300269295,0.07681160212714998,-2.962683163573791,-0.0001856160801127696,0.039004
22.11007595062256,3.4221249800643236,0.8185931347704759,2.2357683334237484,0.3616263651205108,0.12486076465552232,-2.914634001045419,-0.0001826057355336147,0.039004
22.141139030456543,3.42972449548851,0.8189165120547346,2.1195833528892765,0.39471148288972535,0.1624531138018604,-2.8770416518990807,-0.00018025052435998487,0.039004
22.17186403274536,3.4274608099751367,0.8137424755545757,1.995829610569594,0.3100058950689531,0.10575638825353191,-2.9337383774474093,-0.00018380265037902762,0.038853
22.202823877334595,3.424550357256864,0.8161678051512878,1.8546565206019605,0.3012737818878863,0.11211268073137211,-2.927382084969569,-0.00018340442011657734,0.038853
22.23093056678772,3.4211548292058,0.8066281755334956,1.6921989778105107,0.09628489873520747,-0.11797509056631776,-3.1574698562672587,-0.00019781972807635364,0.038853
22.267029762268066,3.4256821999693265,0.8106703914309421,1.6633272048145613,0.03706234232705615,-0.19654278042032752,-3.2360375461212687,-0.0002027420993894662,0.038853
22.29692244529724,3.4264906590584694,0.8129340323606592,1.6582684832711152,0.04279756401457349,-0.19063546407006762,-3.230130229771009,-0.00020237199808454008,0.038853
22.33340096473694,3.423741898185344,0.8109937687054213,1.6032122122695602,0.006362781022450504,-0.25331500070512947,-3.2928097664060707,-0.0002062989552551647,0.038853
22.361406564712524,3.421478212824134,0.8174613142787219,1.5222485694746506,0.11568989467006151,-0.11844015276583135,-3.1579349184667724,-0.00019784886484789364,0.038853
22.393723964691162,3.423903589999061,0.8118022118933612,1.5110285764457538,0.07424134501720468,-0.185913574637207,-3.225408340338148,-0.00020207616536843003,0.038853
22.423544883728027,3.4260055836041023,0.8095385709733975,1.5425685316642026,-0.0019636507096834365,-0.2880318308312148,-3.327526596532156,-0.0002084740112993526,0.038704
22.453745126724243,3.42762250179561,0.8139041641936581,1.5949495396723559,0.03570408808770485,-0.2168930318179932,-3.256387797518934,-0.000204017069977002,0.038704
22.484830141067505,3.4256821999693265,0.81778469156158,1.5952525981178585,0.14297038279024876,-0.06682692362408546,-3.1063216893250263,-0.00019461522670762864,0.038704
22.513015747070312,3.426814042696183,0.8072749300729164,1.616676866443455,-0.0010443348322902975,-0.25911480608094845,-3.2986095717818893,-0.00020666232085311738,0.038704
22.53915810585022,3.4258438917865672,0.7990288098139662,1.6134920307573544,-0.27376474365502146,-0.5747642150453447,-3.6142589807462855,-0.0002264381803517784,0.038704
22.56439232826233,3.426328967240053,0.8164911824325468,1.6203535575093022,-0.10062409207771278,-0.3815354893735882,-3.421030255074529,-0.0002143321411149966,0.038704
22.592933416366577,3.4274608099751367,0.814550918750985,1.6463687538035623,-0.019875074695772793,-0.27188523967890776,-3.311380005379849,-0.00020746240567316758,0.038704
22.61870503425598,3.4272991181549575,0.8119639005312479,1.6615490872547651,-0.017283347025467348,-0.2635198585645794,-3.3030146242655203,-0.0002069383033087359,0.038704
22.64642357826233,3.4287543445471518,0.8171379369962637,1.6994480564620718,0.09239603187032668,-0.11841894613015523,-3.157913711831096,-0.0001978475362236806,0.038704
22.672675132751465,3.4305329546143954,0.8240905486573925,1.7593106792584288,0.3141154220106645,0.14811689752252782,-2.891377868178413,-0.00018114870756841432,0.038552
22.69883108139038,3.4302095709631595,0.7998372529652413,1.795153907102418,-0.03629898209339565,-0.2465589282270788,-3.28605369392802,-0.00020587567823865751,0.038552
22.728559255599976,3.4357070931942433,0.8156827392301486,1.9232745075217925,0.048748008178085125,-0.13515259609189434,-3.1746473617928355,-0.00019889592187290086,0.038552
22.75540280342102,3.4318264892311063,0.8160061165108082,1.94023162767454,0.11502247449681177,-0.06920444961550523,-3.1086992153164466,-0.0001947641819048362,0.038552
22.782881259918213,3.4353837095241717,0.8042028460247949,2.0187683034558455,-0.08465281289720071,-0.24032423332946934,-3.2798189990304105,-0.0002054850662279566,0.038552
22.8100745677948,3.4269757345154805,0.8116405232555741,1.9161681641183013,-0.06936933679120315,-0.24960049709817675,-3.289095262799118,-0.00020606623661431766,0.038552
22.837711334228516,3.4308563382668087,0.8118022118933612,1.9170753627532886,-0.05530011700567441,-0.2361175998762212,-3.2756123655771625,-0.00020522151499113747,0.038552
22.87138867378235,3.428430960902385,0.8184314461284966,1.872255841318824,0.09275058559895104,-0.09619052291644803,-3.135685288617389,-0.00019645489564883124,0.038552
22.898305416107178,3.4218015964436423,0.8113171459802987,1.7166397173279941,0.04807146913965281,-0.16992599024522237,-3.2094207559461636,-0.0002010745217293807,0.0384
22.930293798446655,3.4274608099751367,0.8074366187080197,1.7137690656766909,-0.06410278793231987,-0.30435050194305346,-3.3438452676439945,-0.0002094963979661655,0.0384
22.958038330078125,3.424550357256864,0.8113171459802987,1.6572141391769173,-0.06172589233223682,-0.3233583569466905,-3.3628531226476315,-0.00021068726561630975,0.0384
22.988731384277344,3.4248737408875276,0.8084067505207239,1.6236862983549696,-0.12073622218688418,-0.411027195145053,-3.450521960845994,-0.00021617983609920652,0.0384
23.01504945755005,3.429401111840215,0.8176230029201009,1.685065320282815,0.030091379009736446,-0.19871697644406097,-3.238211742145002,-0.00020287831569105525,0.0384
23.048344135284424,3.630222587685784,0.8190782006970141,5.491672555107187,0.16600777921717258,-0.0035699329799152597,-3.0430646986808565,-0.0001906520912676117,0.0384
23.074199199676514,3.4323115647172275,0.8171379369962637,4.447201173328195,0.22069982024017618,0.010953896992727008,-3.0285408687082143,-0.00018974215380926587,0.0384
23.106547832489014,3.429886187313099,0.8181080688448383,3.670616644859805,0.2792089684798503,0.03553033368753222,-3.003964432013409,-0.00018820240703562618,0.0384
23.136955738067627,3.431179721920398,0.8172996256374427,3.151249907429879,0.30331143930610516,0.054833655668556774,-2.9846611100323845,-0.00018699302798243363,0.0384
23.165016889572144,3.42972449548851,0.8211801530557621,2.760420454693546,0.40108204747950915,0.12034879589609629,-2.919145969804845,-0.00018288841643753753,0.0384
23.194231510162354,3.426652350877179,0.8195632666244533,2.4292640621136683,0.43581360697350674,0.17012840440724067,-2.8693663612937006,-0.0001797696570929706,0.038252
23.222506523132324,3.428107577258793,0.814227541472122,2.22472732290092,0.34888974154885366,0.13004610199838665,-2.9094486637025545,-0.00018228086718337103,0.038252
23.25105619430542,3.4285926527246215,0.7982203666651564,2.0906425174155543,-0.04566482190837257,-0.20118790728096014,-3.2406826729819014,-0.0002030331228273073,0.038252
23.28014588356018,3.4258438917865672,0.8082450618850249,1.94526798643781,-0.11286425935797806,-0.2941175223033405,-3.3336122880042818,-0.0002088552880452835,0.038252
23.30791401863098,3.427137426335072,0.8118022118933612,1.8677482461494304,-0.08574656280241684,-0.2904089302564902,-3.3299036959574315,-0.00020862293977161816,0.038252
23.339781761169434,3.4302095709631595,0.8066281755334956,1.871060203926097,-0.17462934254800394,-0.37743082860705257,-3.416925594307994,-0.00021407497860398484,0.038252
23.36641001701355,3.427137426335072,0.8171379369962637,1.8158027983912592,-0.017746164995448184,-0.23218652000198825,-3.27168128570293,-0.000204975227556208,0.038252
23.39637279510498,3.428430960902385,0.8182697574866175,1.801365046265409,0.11566756540946785,-0.07919612881082345,-3.118690894511765,-0.00019539017402872645,0.038252
23.422255992889404,3.428430960902385,0.8189165120547346,1.7912586197773304,0.2225403230920007,0.05061583738074782,-2.9888789283201938,-0.00018725727996416315,0.0381
23.453789472579956,3.424550357256864,0.8181080688448383,1.7114568270473483,0.280497320476122,0.13427291947240338,-2.905221846228538,-0.0001820160513905366,0.0381
23.48328971862793,3.4264906590584694,0.8158444278704285,1.6919592188340438,0.27387620654005834,0.12877992790764933,-2.910714837793292,-0.00018236019469106834,0.0381
23.509791374206543,3.427137426335072,0.8011307620124135,1.690432108826797,-0.03750014198135445,-0.2992463792401674,-3.3387411449411086,-0.00020917661782221604,0.0381
23.53768754005432,3.427945885437438,0.8215035303432267,1.7045146516232978,0.1692555138488386,-0.016572629112341062,-3.056067394813282,-0.0001914667276474556,0.0381
23.566786527633667,3.4360304768654926,0.8192398893393937,1.8658876371749404,0.2667934602116257,0.0966113027338501,-2.942883462967091,-0.00018437560227186915,0.0381
23.593491315841675,3.428430960902385,0.8155210505899687,1.8364244334139967,0.257541931230387,0.08916695481552532,-2.950327810885416,-0.00018484200066930302,0.0381
23.62955641746521,3.4310180300934556,0.8084067505207239,1.8642850553362729,0.10275125430695171,-0.0895009824373831,-3.1289957481383244,-0.00019603578695143617,0.0381
23.657346725463867,3.4313414137476337,0.8176230029201009,1.8898480988504567,0.18653261255542467,0.00571136399526515,-3.033783401705676,-0.0001900706055441037,0.037942
23.6834557056427,3.4295628036642154,0.8139041641936581,1.8744088846560496,0.16765147237328668,-0.015533779541555381,-3.0550285452424966,-0.00019140164232630925,0.037942
23.71368956565857,3.426328967240053,0.8221502849193592,1.8029953552383944,0.3263447904632839,0.17682549733877878,-2.862669268362162,-0.00017935007522428247,0.037942
23.747398853302002,3.432958332036175,0.8242522373028814,1.8772483499556942,0.4812503396976252,0.32677033931626404,-2.712724426384677,-0.00016995582944627076,0.037942
23.780091047286987,3.4300478791379825,0.8213418416994442,1.8746799725420327,0.5290100643878026,0.3755006210944727,-2.6639941446064683,-0.00016690281183113335,0.037942
23.80855393409729,3.4332817156974147,0.8247373032399514,1.9334881903691667,0.6332283914730643,0.4481038050669953,-2.591390960633946,-0.0001623541248239038,0.037942
23.834635257720947,3.426167275421931,0.8224736622080275,1.841320565321357,0.6589902071287774,0.5134310337984304,-2.5260637319025108,-0.00015826128618666918,0.037942
23.861701726913452,3.427137426335072,0.8211801530557621,1.7949850513679355,0.6500571849553812,0.529697158633637,-2.5097976070673043,-0.0001572421916146752,0.037942
23.888725996017456,3.434575250354146,0.8215035303432267,1.9019441789716485,0.6505456427045497,0.47673521605844976,-2.5627595496424913,-0.0001605603284633369,0.037942
23.91708540916443,3.4250354327033,0.8218269076310923,1.7980276300835067,0.6576291364078874,0.5352247539778051,-2.504270011723136,-0.0001568958803408782,0.037942
23.94415307044983,3.432149872888226,0.8231204167865686,1.8586194216914689,0.6895538751995529,0.5317461500327288,-2.5077486156682123,-0.00015711381955101333,0.037793
23.972803115844727,3.42972449548851,0.8270009442915789,1.8555791146766836,0.7928000727560285,0.6187670252431833,-2.420727740457758,-0.00015166184481974884,0.037793
24.002408027648926,3.4331200238666475,0.8194015779818734,1.9170872857101728,0.7066454380558248,0.517301879516262,-2.5221928861846794,-0.0001580187725025537,0.037793
24.031399488449097,3.4300478791379825,0.8266775669972817,1.9025672275701844,0.7980225933424279,0.5976461784954985,-2.441848587205443,-0.0001529850942411412,0.037793
24.059754371643066,3.434251866688197,0.825222369177926,1.9711910939240285,0.8316495217884274,0.5882615772400629,-2.4512331884608787,-0.00015357305211658072,0.037793
24.08616352081299,3.432958332036175,0.8236054827215286,1.9949853670356494,0.8214805049502117,0.5696594077474009,-2.469835357953541,-0.00015473850302448553,0.037793
24.114569425582886,3.432958332036175,0.8206950871253172,2.0116413582137533,0.7536880335402332,0.5117559705370543,-2.5277387951638874,-0.0001583662311501875,0.037793
24.14092707633972,3.4326349483761125,0.8197249552671334,2.017239943759553,0.6860085838293551,0.4562389279451905,-2.5832558377557513,-0.00016184444844728283,0.037793
24.166661024093628,3.424226973627375,0.8218269076310923,1.863583146129038,0.682453195195252,0.5225655287883512,-2.5169292369125906,-0.00015768899780474395,0.037642
24.195205211639404,3.428916036369977,0.82748601023378,1.8439022016784565,0.7979419568882558,0.6307479336050794,-2.4087468320958623,-0.0001509112248163453,0.037642
24.222253799438477,3.420022986550873,0.8231204167865686,1.6634588284983565,0.7877728495358054,0.7439121224991392,-2.2955826432018025,-0.00014382133636323154,0.037642
24.247747898101807,3.4285926527246215,0.8194015779818734,1.697754571333757,0.7031263818016702,0.6419625040193063,-2.3975322616816355,-0.00015020861691482186,0.037642
24.27743411064148,3.434575250354146,0.8265158783502841,1.8338828429477319,0.792188467261163,0.6317941834294488,-2.407700582271493,-0.00015084567585937084,0.037642
24.30608105659485,3.429401111840215,0.8310431605043109,1.8322029014977208,0.9489139555707545,0.748192514049338,-2.291302251651604,-0.00014355316408255563,0.037642
24.3330078125,3.429401111840215,0.8151976733099081,1.831026942482713,0.7282847048655863,0.5794358888691395,-2.4600588768318024,-0.00015412599334899103,0.037642
24.362637758255005,3.432473256546523,0.8195632666244533,1.8877795486166753,0.6648554671437692,0.4927967456612066,-2.5466980200397353,-0.00015955405205749857,0.037642
24.389779567718506,3.429239420016508,0.8029093369625987,1.8669002914450694,0.27326399070098467,0.08082184765990248,-2.9586729180410396,-0.00018536483284298689,0.037642
24.418622255325317,3.4290777281930955,0.8203717098388552,1.8492545074095736,0.3631949003161255,0.19076570680305785,-2.8487290588978844,-0.00017847670237479123,0.037483
24.45215344429016,3.4224483636861796,0.8226353508525123,1.7126599986951254,0.4733375499698829,0.37607968115532797,-2.663415084545614,-0.00016686653294044159,0.037483
24.477681875228882,3.429239420016508,0.8218269076310923,1.7443166064999873,0.5335834714936161,0.4331269633795055,-2.6063678023214365,-0.00016329244407473726,0.037483
24.508538484573364,3.4282692690804413,0.8240905486573925,1.7482944079536593,0.6229466297469678,0.5298890291154552,-2.509605736585487,-0.0001572301706712405,0.037483
24.533560037612915,3.4274608099751367,0.8248989918858424,1.7359273491146565,0.7023547739047631,0.6176163600691557,-2.4218784056317864,-0.00015173393553864564,0.037483
24.55936312675476,3.42972449548851,0.8197249552671334,1.7696946638728985,0.6500753020845315,0.5445068124054927,-2.4949879532954493,-0.00015631434691134786,0.037483
24.585920095443726,3.432958332036175,0.8231204167865686,1.8539378659998444,0.6842661911731976,0.5291862210556264,-2.5103085446453157,-0.00015727420254030465,0.037483
24.613707304000854,3.425520508152379,0.8227970394970973,1.7735141226528668,0.70145824022288,0.592335845950227,-2.447158919750715,-0.00015331779370872774,0.037483
24.639734745025635,3.427784193616377,0.8198866439099136,1.7596417573301943,0.6528185151226396,0.5534474553093846,-2.4860473103915575,-0.00015575420362302315,0.037483
24.667774438858032,3.429401111840215,0.8257074351168058,1.7802341415654335,0.7401190271005762,0.6237893192378461,-2.415705446463096,-0.00015134719135429406,0.037483
24.694862842559814,3.4302095709631595,0.8287795194174161,1.8098003307173158,0.8652743330083681,0.7080744011616411,-2.3314203645393006,-0.00014606661774756153,0.037483
24.72088599205017,3.427137426335072,0.8063047982643804,1.7729208871451207,0.4843437116315367,0.3566400613524089,-2.6828547043485327,-0.00016808445123527125,0.037334
24.7479031085968,3.4326349483761125,0.8268392556443799,1.8501356140115104,0.6457821715508658,0.494198625949331,-2.5452961397516107,-0.0001594662223742343,0.037334
24.77492642402649,3.6232698234439433,0.8266775669972817,5.4769183912861275,0.7554183067889481,0.12121481957234874,-2.918279946128593,-0.00018283415889084904,0.037334
24.80304741859436,3.428916036369977,0.8210184644121803,4.37323687328843,0.7141860680853604,0.14885575757327923,-2.8906390081276623,-0.0001811024169936885,0.037334
24.830566883087158,3.4310180300934556,0.8043645346580148,3.6400537632483845,0.33813248903090815,0.04643066592406577,-2.9930640997768756,-0.0001875194865780665,0.037334
24.856099128723145,3.432958332036175,0.8282944534727967,3.163189235562682,0.573771396173956,0.1682642277980112,-2.8712305379029304,-0.00017988645026177698,0.037334
24.885125637054443,3.4331200238666475,0.831689915104201,2.832414370330377,0.8095051528711837,0.3244167660760508,-2.715077999624891,-0.00017010328397143836,0.037334
24.911494493484497,3.426814042696183,0.8287795194174161,2.482690106992201,0.9138446210477957,0.4594329599630812,-2.5800618057378606,-0.00016164433805066508,0.037334
24.940017700195312,3.4264906590584694,0.830719783204972,2.2318225147954576,1.0273316897032931,0.6119780142469917,-2.42751675145395,-0.00015208718547866546,0.037334
24.97263813018799,3.4250354327033,0.8318516037544261,2.028942465160162,1.1303681451123566,0.7662495480363197,-2.273245217664622,-0.00014242186664638847,0.037183
24.998576879501343,3.4360304768654926,0.831528226454077,2.092987106650748,1.195752090359533,0.7681827765498347,-2.271311989151107,-0.00014230074728301787,0.037183
25.027114391326904,3.433605099359831,0.838157461192149,2.09236379256824,1.3797231112722335,0.8552444259197174,-2.1842503397812245,-0.00013684621799589131,0.037183
25.054539680480957,3.4269757345154805,0.8329834243088322,1.9676850064969942,1.4006376476640632,0.9290837959262346,-2.110410969774707,-0.0001322200822730038,0.037183
25.081148147583008,3.4274608099751367,0.8324983583563372,1.889500768094991,1.405165462788501,0.9752148527231982,-2.0642799129777436,-0.0001293299095946054,0.037183
25.110745429992676,3.4260055836041023,0.8164911824325468,1.807499065818677,1.0746270524327508,0.8682249793296485,-2.1712697863712935,-0.00013603296888735708,0.037183
25.13699197769165,3.428916036369977,0.8299113399583911,1.8046433454612036,1.1230254579143337,0.897725995307807,-2.141768770393135,-0.00013418469060619094,0.037183
25.16763687133789,3.4290777281930955,0.8287795194174161,1.8056746452208539,1.133308834577996,0.9026394681784471,-2.136855297522495,-0.00013387685493034077,0.037183
25.19428777694702,3.42972449548851,0.8258691237633001,1.8185177711472476,1.079833037412182,0.8635280315850882,-2.1759667341158537,-0.0001363272389731897,0.037034
25.219255447387695,3.428107577258793,0.8268392556443799,1.7972049192244142,1.0626246995973183,0.8681930061050709,-2.171301759595871,-0.000136034972052828,0.037034
25.247291564941406,3.433766791191481,0.831689915104201,1.8883465655396041,1.1517024652675374,0.8582049424150971,-2.1812898232858444,-0.00013666073766045148,0.037034
25.273366451263428,3.4269757345154805,0.8237671713667161,1.824872947576938,1.0488883520512022,0.8404222880700541,-2.1990724776308874,-0.00013777484484346378,0.037034
25.300743341445923,3.437485703400696,0.8266775669972817,1.9774111828141043,1.0375926331391867,0.7372687996450826,-2.302225966055859,-0.00014423754946433346,0.037034
25.326011419296265,3.434251866688197,0.8292645853629431,2.023581862594789,1.083618217439975,0.7397166104003206,-2.2997781553006207,-0.0001440841908322558,0.037034
25.35660481452942,3.4269757345154805,0.8350853767801664,1.9195376555155619,1.2371844503834748,0.8839743747555897,-2.1555203909453513,-0.00013504624810700098,0.037034
25.383769989013672,3.4222866718751046,0.8255457464704119,1.7588278985851942,1.145804395092393,0.9441021169597548,-2.095392648741186,-0.0001312791642854203,0.037034
25.410448789596558,3.4264906590584694,0.8255457464704119,1.725118968910536,1.081838356388635,0.9341889765466956,-2.105305789154245,-0.00013190023584909701,0.037034
25.439584255218506,3.423741898185344,0.8312048491541318,1.6500075522171964,1.1550396647221968,1.0335664908241806,-2.00592827487676,-0.00012567410108101516,0.036882
25.473145484924316,3.4290777281930955,0.839127593119333,1.6974295899500544,1.3714491344884634,1.089270694765506,-1.9502240709354344,-0.0001221841578739532,0.036882
25.50185227394104,3.420993137397073,0.8271626329388786,1.5791098226140086,1.2734975409679086,1.1426656262151476,-1.8968291394857926,-0.00011883889369065212,0.036882
25.536268949508667,3.4272991181549575,0.833145112959866,1.6144678354221138,1.3296505352385264,1.135152645982614,-1.9043421197183261,-0.00011930959199476825,0.036882
25.5647554397583,3.4264906590584694,0.8417146116097121,1.6240669246963797,1.547609333989131,1.195521793663498,-1.843972972037442,-0.00011552738379577953,0.036882
25.59325647354126,3.429401111840215,0.8308814718545908,1.685331758721788,1.4743377755202312,1.132638803800468,-1.906855961900472,-0.00011946708758444486,0.036882
25.620607614517212,3.433605099359831,0.8295879626604653,1.8070050490179623,1.3960813905869256,1.023828499448343,-2.015666266252597,-0.0001262841993222238,0.036882
25.646432399749756,3.43554540135906,0.8357321313901737,1.9285400026267039,1.4693918188587425,0.9783630717240381,-2.0611316939769018,-0.00012913266944504856,0.036882
25.67379856109619,3.432796640205997,0.8354087540849674,1.9620992989853114,1.5139675450085819,0.9763935430570767,-2.0631012226438634,-0.00012925606306179636,0.036882
25.699915647506714,3.4326349483761125,0.8291028967143332,1.9825605022996382,1.4137098690115881,0.9250784607409827,-2.1144163049599576,-0.00013247102190291926,0.03673
25.72689437866211,3.42762250179561,0.8360555086957853,1.9029439191171498,1.4884733274048714,1.0006479056357593,-2.038846860065181,-0.0001277364946641894,0.03673
25.753499746322632,3.4290777281930955,0.8379957725379737,1.8744850467800385,1.5812571903509913,1.0500312021635736,-1.9894635635373663,-0.00012464256479776303,0.03673
25.780178546905518,3.4339284830234256,0.8289412080658243,1.9454729590038264,1.457441834016416,0.9637892806721603,-2.0757054850287795,-0.00013004573703212358,0.03673
25.805469274520874,3.4274608099751367,0.833145112959866,1.8739523348497513,1.4584115403724829,1.0065082034049526,-2.0329865622959873,-0.0001273693391365294,0.03673
25.832432746887207,3.4248737408875276,0.8365405746549631,1.7754030353259644,1.5298768578466613,1.0934789012106465,-1.9460158644902932,-0.00012192050808707886,0.03673
25.86102294921875,3.429239420016508,0.8240905486573925,1.7882367321415802,1.320352000194098,1.0051544736953295,-2.03434029200561,-0.00012745415212136755,0.03673
25.88658905029297,3.4205080619726527,0.8308814718545908,1.6335839109605732,1.315257641863695,1.117723265582503,-1.921771500118437,-0.00012040156609056066,0.03673
25.91412043571472,3.4285926527246215,0.8284561421209024,1.6768421290572977,1.2611297898833445,1.0611951526824128,-1.9782996130185273,-0.00012394312830068578,0.03673
25.944910049438477,3.4258438917865672,0.8215035303432267,1.6556077145870276,1.078296466154131,0.9858197195733364,-2.0536750461276037,-0.00012866550044041613,0.03658
25.970436573028564,3.4250354327033,0.8113171459802987,1.6255921050142665,0.7379535855282849,0.7350925241482158,-2.304402241552724,-0.00014437389604770768,0.03658
25.997620105743408,3.425358816335726,0.8302347172567207,1.6106417860742441,0.8940956045782738,0.9015793487180177,-2.1379154169829224,-0.00013394327283864605,0.03658
26.031131267547607,3.4264906590584694,0.8185931347704759,1.621388690152882,0.7606983773064525,0.7642752051829433,-2.275219560517997,-0.00014254556187838217,0.03658
26.06072211265564,3.4226100554975476,0.8240905486573925,1.5561842304051186,0.7819270638159518,0.8595561738638143,-2.179938591837126,-0.00013657608119501503,0.03658
26.096273183822632,3.4221249800643236,0.8279710761768878,1.501450197229187,0.8776860250768816,1.0133055192788893,-2.026189246422051,-0.00012694347816586576,0.03658
26.125671863555908,3.425358816335726,0.8286178307691089,1.523742450624694,0.9582004448611348,1.0445485976940725,-1.9949461680068676,-0.00012498605733282374,0.03658
26.15418553352356,3.4258438917865672,0.8291028967143332,1.5484379396842272,1.0246728989083782,1.0591097865829053,-1.9803849791180346,-0.00012407377928819256,0.03658
26.181339740753174,3.4310180300934556,0.8098619482464846,1.6626945097254398,0.6700800099849574,0.6131968952502654,-2.4262978704506746,-0.00015201082094642876,0.03642
26.212877988815308,3.4264906590584694,0.8291028967143332,1.657825596708719,0.8229885944950541,0.7898220520546584,-2.2496727136462815,-0.0001409450176035604,0.03642
26.240334033966064,3.4285926527246215,0.8234437940764414,1.6938113090809996,0.8120470691813275,0.745131575472821,-2.2943631902281187,-0.00014374493599628039,0.03642
26.266043186187744,3.428107577258793,0.8289412080658243,1.7099103957780435,0.9189947491976528,0.8267650666613061,-2.2127296990396337,-0.00013863048811112448,0.03642
26.29590153694153,3.4274608099751367,0.8211801530557621,1.7090585405917254,0.8320603644035963,0.7506602526003872,-2.2888345131005527,-0.00014339855694730033,0.03642
26.321133375167847,3.420993137397073,0.8218269076310923,1.5872500880631562,0.784689441597217,0.8258404719722044,-2.2136542937287356,-0.00013868841521044929,0.03642
26.35078763961792,3.4229334391211643,0.8187548234125551,1.5383478165381632,0.6874848498205227,0.7703465367486994,-2.2691482289522407,-0.00014216518479987568,0.03642
26.37673282623291,3.4248737408875276,0.8257074351168058,1.5404798725078528,0.7643854613890813,0.8605165735694023,-2.1789781921315377,-0.00013651591086330877,0.03642
26.405452966690063,3.4287543445471518,0.8310431605043109,1.614699606139236,0.9294518514602912,0.9272257938354144,-2.1122689718655256,-0.0001323364885999372,0.03642
26.440298795700073,3.4308563382668087,0.8278093875290845,1.70604737216794,0.9775825897077778,0.876016556119154,-2.163478209581786,-0.00013554481613469436,0.03642
26.46811294555664,3.428916036369977,0.82748601023378,1.733627159905688,1.004532533047023,0.8716467690933123,-2.1678479966076276,-0.00013581858916200852,0.03642
26.497795581817627,3.427137426335072,0.8284561421209024,1.7195996675769756,1.0436222137116804,0.9106794256108196,-2.1288153400901204,-0.00013337314079674077,0.036262
26.52782368659973,3.432796640205997,0.8271626329388786,1.8158410644505016,1.0440186964241636,0.8332937825828088,-2.2062009831181313,-0.0001382214552883041,0.036262
26.556236267089844,3.429401111840215,0.8333068016110011,1.819573656549654,1.1723861308475052,0.9108084951037366,-2.1286862705972034,-0.00013336505441962425,0.036262
26.584094762802124,3.4300478791379825,0.8181080688448383,1.8343076871577824,0.9453893859049768,0.7459635744350702,-2.2935311912658696,-0.00014369281014363122,0.036262
26.610928297042847,3.428107577258793,0.8206950871253172,1.8082578604317996,0.8404242502085671,0.6742333641493251,-2.3652614015516145,-0.0001481868041766766,0.036262
26.6384916305542,3.4248737408875276,0.8291028967143332,1.7294169032333984,0.9422295626515771,0.8282597401295525,-2.211235025571387,-0.00013853684481047204,0.036262
26.665823698043823,3.427137426335072,0.8236054827215286,1.7166524879063785,0.8988865335544134,0.8032919537127691,-2.2362028119881705,-0.00014010111016991261,0.036262
26.697508096694946,3.4264906590584694,0.827324321586279,1.6955961814353815,0.946074507025822,0.8620222638895724,-2.1774725018113674,-0.00013642157734208385,0.036262
26.727174997329712,3.42762250179561,0.8218269076310923,1.7020688945121647,0.8644993414327748,0.785539870867862,-2.2539548948330776,-0.00014121330200737322,0.036104
26.755744695663452,3.427945885437438,0.8266775669972817,1.7126604016030496,0.9085203257062936,0.8152080354213685,-2.2242867302795712,-0.00013935455164342284,0.036104
26.787853002548218,3.434898634021273,0.8231204167865686,1.8503775325475,0.8651777077084419,0.6648778759056247,-2.3746168897953153,-0.00014877293808282207,0.036104
26.817310333251953,3.4274608099751367,0.8205333984820361,1.8073855363303173,0.7809052888451165,0.613913244323729,-2.425581521377211,-0.0001519659407146701,0.036104
26.849084854125977,3.4303712627886305,0.8174613142787219,1.8318366111066933,0.6578696501459277,0.4578646741012317,-2.5816300915997084,-0.00016174259326666367,0.036104
26.875776767730713,3.4274608099751367,0.8223119735636433,1.7944068913217526,0.672868301550916,0.5001327173377117,-2.539362048363228,-0.0001590944435772016,0.036104
26.90115523338318,3.4285926527246215,0.8106703914309421,1.7894182153101121,0.44067072429805215,0.17267468563441718,-2.866820080066523,-0.0001796101291535458,0.036104
26.93376088142395,3.4269757345154805,0.8195632666244533,1.755623102416313,0.4635256807464961,0.2202026469799373,-2.8192921187210027,-0.0001766324385286512,0.036104
26.96329116821289,3.426814042696183,0.8147126073905661,1.728936219452351,0.37840055282991125,0.08075075181034894,-2.958744013890591,-0.00018536928709346777,0.036104
26.99462628364563,3.4353837095241717,0.8236054827215286,1.8708615177002799,0.5042062266792512,0.24072849692387221,-2.798766268777068,-0.00017534646645630167,0.036104
27.019848108291626,3.4344135585210243,0.81778469156158,1.9520274012069516,0.47092187980433114,0.17497635164708517,-2.8645184140538547,-0.0001794659266859134,0.03595
27.048755645751953,3.4403961565427075,0.824575614594161,2.1209647786403543,0.589195875586452,0.26431793940684617,-2.7751768262940937,-0.00017386855619591003,0.03595
27.075918436050415,3.434575250354146,0.8278093875290845,2.130129988062353,0.739403406596091,0.40296579718949416,-2.6365289685114455,-0.00016518208165348738,0.03595
27.102097034454346,3.4305329546143954,0.8158444278704285,2.0607880313785754,0.595110466824032,0.2874181344892082,-2.7520766312117315,-0.00017242129794239628,0.03595
27.135053396224976,3.4302095709631595,0.8281327648247918,2.006188053586521,0.7502851939047802,0.4669470618925749,-2.5725477038083646,-0.0001611735694707274,0.03595
27.162248373031616,3.42972449548851,0.8035560914929051,1.958877157003231,0.34654794504453146,0.012424743812318005,-3.0270700218886217,-0.00018965000328015908,0.03595
27.189308404922485,3.4318264892311063,0.824575614594161,1.9651534823115524,0.5021341212545876,0.2093684129624631,-2.8301263527384766,-0.0001773112178439939,0.03595
27.219525575637817,3.437809087078426,0.8253840578241186,2.0816681657383262,0.6278983780135032,0.31484972379155773,-2.724645041909382,-0.00017070267202243003,0.03595
27.24472737312317,3.436515552374576,0.8210184644121803,2.1389860098296376,0.6249221179425484,0.29406739639242496,-2.7454273693085147,-0.00017200471275188623,0.03579
27.279649257659912,3.434736942187562,0.8227970394970973,2.145775154097713,0.6599173889614316,0.3254259358488802,-2.7140688298520597,-0.00017004005812950416,0.03579
27.308160066604614,3.438779238118689,0.824575614594161,2.2262851619511377,0.7214927319964224,0.3550718931839825,-2.6844228725169574,-0.00016818269907761883,0.03579
27.342675924301147,3.436677244211526,0.8151976733099081,2.2432482114477166,0.5690898483635445,0.2156954038452491,-2.823799361855691,-0.00017691482336583604,0.03579
27.371490478515625,3.4397493891695623,0.8009690733811715,2.312698128257493,0.16577862092020207,-0.15547482161198634,-3.1949695873129262,-0.0002001691366015581,0.03579
27.397971153259277,3.432958332036175,0.8237671713667161,2.2340402910690442,0.35874166100806526,0.018175391024823757,-3.021319374676116,-0.00018928971750717445,0.03579
27.42710566520691,3.433605099359831,0.8229587281417827,2.1911010216610305,0.47696185576243466,0.13778394018484666,-2.9017108255160933,-0.00018179608122637883,0.03579
27.45269012451172,3.4360304768654926,0.8215035303432267,2.2064980962013365,0.5293789122694987,0.18668969759795206,-2.8528050681029877,-0.00017873206982699027,0.03579
27.48604702949524,3.432473256546523,0.8198866439099136,2.15060935621972,0.5323629855552696,0.20051418399929072,-2.838980581701649,-0.00017786594718284852,0.03579
27.51299238204956,3.4300478791379825,0.8223119735636433,2.066032676926856,0.5850136363374531,0.2774204750608015,-2.7620742906401383,-0.000173047664735923,0.035642
27.541894912719727,3.434575250354146,0.8160061165108082,2.0916775168629043,0.4904084142083709,0.1674650806854031,-2.8720296850155367,-0.00017993651790191453,0.035642
27.569016933441162,3.4376473952394133,0.8219885962751756,2.1672046856165132,0.5489038631031602,0.21364748937537806,-2.8258472763255615,-0.0001770431279584355,0.035642
27.597307205200195,3.431988181059519,0.8192398893393937,2.11401305644995,0.5325473046896493,0.20852738595464212,-2.8309673797462973,-0.0001773639093158259,0.035642
27.6240394115448,3.439911081012406,0.814550918750985,2.225263824138591,0.42334490304138916,0.07984728128178138,-2.959647484419158,-0.00018542589073575793,0.035642
27.650975465774536,3.431988181059519,0.8179463802031591,2.15465445341541,0.41768973984822166,0.07984177852936136,-2.959652987171578,-0.00018542623549058917,0.035642
27.687946796417236,3.432796640205997,0.8237671713667161,2.1203794145374166,0.5350794442576782,0.21033125667848687,-2.8291635090224525,-0.00017725089439175068,0.035642
27.719301462173462,3.438940929959764,0.8219885962751756,2.2115384486053435,0.5801735841376738,0.23497437188973697,-2.8045203938112024,-0.00017570697011948325,0.035642
27.753790616989136,3.433766791191481,0.814874296030247,2.1783800361062213,0.4634248717545504,0.1247176876908097,-2.91477707801013,-0.00018261469949765603,0.035642
27.78448486328125,3.43700062788631,0.8263541897033871,2.2157752319110564,0.621026623526934,0.27288688308678,-2.7666078826141596,-0.00017333170036328772,0.035483
27.821325302124023,3.4323115647172275,0.8205333984820361,2.1540730470908533,0.6099995299180717,0.2791261589727316,-2.760368606728208,-0.00017294080134751328,0.035483
27.84757971763611,3.4313414137476337,0.8219885962751756,2.0926996930786688,0.6326176440999486,0.3216388776787821,-2.7178558880221573,-0.00017027732241119825,0.035483
27.873182773590088,3.4306946464404553,0.8150359846700277,2.0376171289550413,0.503506500281042,0.19335001586362466,-2.8461447498373147,-0.0001783147919405198,0.035483
27.902719974517822,3.4395876973270134,0.8021008938019409,2.1657260661385895,0.14346578192992143,-0.21387827540410043,-3.2533730411050397,-0.00020382819143780414,0.035483
27.93258047103882,3.4403961565427075,0.8197249552671334,2.2705538440925235,0.2588530077021377,-0.08358237093701826,-3.1230771366379577,-0.00019566497799018256,0.035483
27.958976984024048,3.43554540135906,0.8237671713667161,2.2530241591788576,0.42389373175541795,0.0770855636782127,-2.9624092020227266,-0.00018559891605356968,0.035483
27.98752522468567,3.43700062788631,0.8232821054314547,2.2680261180618855,0.5293098786021555,0.17671049442376058,-2.862784271277179,-0.00017935728031139722,0.035483
28.021133422851562,3.436515552374576,0.8210184644121803,2.2694365764561235,0.555910168354608,0.2014297498990143,-2.8380650158019254,-0.0001778085857493071,0.035483
28.05256676673889,3.4318264892311063,0.8221502849193592,2.182545075928563,0.5981258776502112,0.26188037133774544,-2.7776143943631944,-0.00017402127310994165,0.035325
28.08512783050537,3.4403961565427075,0.8174613142787219,2.2823271509454606,0.5299240623094902,0.17469117733026035,-2.8648035883706795,-0.00017948379323995086,0.035325
28.110736846923828,3.443144917931213,0.8206950871253172,2.403689779037277,0.5495985236917258,0.17322756970899741,-2.8662671959919424,-0.00017957549022355754,0.035325
28.140786170959473,3.437162319724144,0.8206950871253172,2.376522356248435,0.5633706466592937,0.18913228639825483,-2.850362479302685,-0.00017857903835740425,0.035325
28.17014193534851,3.4433066097802505,0.8263541897033871,2.472656727244997,0.6909886659602483,0.2738243397136355,-2.7656704259873046,-0.00017327296744628463,0.035325
28.195799350738525,3.437809087078426,0.8305580945554539,2.4369204371917594,0.8679617343861175,0.41367423782404,-2.6258205278769,-0.00016451118346256943,0.035325
28.22157597541809,3.440072772855545,0.8174613142787219,2.4543292950429576,0.7188091620246237,0.298865560808181,-2.740629204892759,-0.00017170410130563397,0.035325
28.248038291931152,3.440072772855545,0.8248989918858424,2.4665154955387965,0.7694585464991129,0.33393735089465343,-2.7055574148062864,-0.00016950680654309304,0.035325
28.27794647216797,3.434898634021273,0.8265158783502841,2.3780760983025395,0.8386209825493829,0.4114407600564616,-2.6280540056444783,-0.0001646511138450464,0.035325
28.307315587997437,3.4397493891695623,0.8197249552671334,2.407077649055869,0.7454616481357623,0.33114330462144975,-2.70835146107949,-0.00016968185729548607,0.035173
28.33391785621643,3.43700062788631,0.8310431605043109,2.3758635609757937,0.9162051821829694,0.4694761238263653,-2.5700186418745745,-0.00016101512034316482,0.035173
28.360339164733887,3.4373240115622727,0.8223119735636433,2.36007430789658,0.8537031739768438,0.42899186203607326,-2.6105029036648664,-0.0001635515137287838,0.035173
28.389833211898804,3.444761836434868,0.825222369177926,2.4884158341082814,0.870625928232514,0.40026043619748314,-2.6392343295034566,-0.00016535157615387845,0.035173
28.420341968536377,3.4416896913031505,0.8271626329388786,2.5206791170393203,0.9229212965887487,0.4262320741855086,-2.6132626915154313,-0.0001637244181449775,0.035173
28.447402954101562,3.439264313642799,0.8265158783502841,2.4978088490660753,0.9460449076121195,0.4487201968840127,-2.5907745688169275,-0.0001623155070485388,0.035173
28.47497844696045,3.434251866688197,0.8227970394970973,2.3878602289711495,0.8847033417301237,0.4425565818558443,-2.596938183845096,-0.00016270166580993424,0.035173
28.50255060195923,3.4416896913031505,0.8080833732494253,2.4502901934433337,0.5350226687232319,0.1487345015794947,-2.8907602641214454,-0.00018111001384458803,0.035173
28.528606176376343,3.43554540135906,0.8231204167865686,2.3788396037244417,0.6037293478203003,0.21870693325802645,-2.8207878324429134,-0.00017672614700259314,0.035015
28.56303095817566,3.434251866688197,0.8253840578241186,2.304581757232014,0.6990150366095021,0.3204153279292089,-2.719079437771731,-0.00017035397944666232,0.035015
28.59098482131958,3.433605099359831,0.8211801530557621,2.240480047975129,0.6780745655918877,0.32072852057551354,-2.7187662451254266,-0.0001703343575066446,0.035015
28.622915744781494,3.437485703400696,0.8247373032399514,2.2683361530928545,0.7375735423159239,0.3661791417089423,-2.6733156239919977,-0.0001674868150366286,0.035015
28.653460025787354,3.439911081012406,0.8160061165108082,2.3332899917886607,0.5972003483933043,0.2213056129019264,-2.8181891527990137,-0.00017656333623197138,0.035015
28.683677911758423,3.438617546277908,0.8194015779818734,2.354515243993898,0.5697256310019141,0.19222128469782246,-2.8472734810031177,-0.00017838550846433626,0.035015
28.712846517562866,3.437970778917733,0.8240905486573925,2.357251703229265,0.6482461414027734,0.2618603871664672,-2.777634378534473,-0.00017402252514511798,0.035015
28.740941524505615,3.434898634021273,0.8215035303432267,2.3015914436858615,0.6492779122177366,0.2766094243343867,-2.7628853413665535,-0.0001730984781534564,0.035015
28.768330812454224,3.435060325855278,0.8299113399583911,2.265659566219352,0.825281059763819,0.44463989130671056,-2.5948548743942297,-0.00016257114367422762,0.035015
28.799548387527466,3.440881232075662,0.8255457464704119,2.3495982073705783,0.857472021658637,0.43856003510000807,-2.6009347306009323,-0.00016295205483294098,0.035015
28.827577829360962,3.432796640205997,0.8257074351168058,2.2568400423060293,0.8833764816757674,0.49650603506693586,-2.5429887306340047,-0.00015932166009336257,0.034856
28.857587099075317,3.435222017689578,0.8248989918858424,2.2373638894729293,0.8846556702549174,0.5062602954359249,-2.5332344702650156,-0.00015871054257787803,0.034856
28.88284158706665,3.42972449548851,0.8195632666244533,2.120700242123731,0.7743151429162887,0.46235253610189125,-2.5771422295990494,-0.00016146142268356141,0.034856
28.912842988967896,3.4310180300934556,0.8194015779818734,2.0632781214330866,0.6937059871680024,0.4057008769892399,-2.6337938887117005,-0.00016501072522986902,0.034856
28.9436252117157,3.4305329546143954,0.8239288600120042,2.013991724738103,0.7316616040492314,0.47437176567004147,-2.565123000030899,-0.00016070840180510727,0.034856
28.97664499282837,3.438455854437423,0.8352470654325161,2.127976152723178,0.9941856078248896,0.6518970787266948,-2.387597686974246,-0.0001495862024638116,0.034856
29.006548404693604,3.439426005484759,0.8318516037544261,2.225947078407759,1.1071658877974717,0.6778075457367112,-2.3616872199642294,-0.0001479628768988568,0.034856
29.0366370677948,3.4308563382668087,0.8286178307691089,2.133920602755909,1.1188363487655402,0.7381497218632093,-2.301345043837731,-0.00014418235850398255,0.034856
29.069075345993042,3.4331200238666475,0.8208567757686985,2.1119263273656417,0.9652079108389178,0.6382206655180724,-2.401274100182868,-0.00015044304812351583,0.034705
29.09559392929077,3.436192168701559,0.824413925948471,2.154106114447138,0.9318253106345696,0.5864693527798053,-2.4530254129211353,-0.00015368533738659718,0.034705
29.124430418014526,3.4360304768654926,0.8221502849193592,2.1806016611516172,0.8612664772461789,0.5120661402918933,-2.5274286254090472,-0.0001583467985983808,0.034705
29.15757417678833,3.437485703400696,0.8260308124098952,2.226421282316391,0.8927741739748618,0.5168830221552443,-2.522611743545696,-0.00015804501447889264,0.034705
29.187211751937866,3.4282692690804413,0.8265158783502841,2.085767681025153,0.9249419217823948,0.6209992362570369,-2.4184955294439034,-0.00015152199380109437,0.034705
29.219600200653076,3.428107577258793,0.8284561421209024,1.9842798561389536,0.9879087858264314,0.7442457286301409,-2.2952490370707994,-0.000143800435490975,0.034705
29.248384475708008,3.4256821999693265,0.8295879626604653,1.8677838196444825,1.055581097801269,0.8936005677783493,-2.145894197922591,-0.0001344431541827967,0.034705
29.27731728553772,3.432149872888226,0.82748601023378,1.9074487543841627,1.0591314887124652,0.8614069292997205,-2.1780878364012195,-0.00013646012888074666,0.034705
29.306159734725952,3.4290777281930955,0.824575614594161,1.8776384314669197,1.0009426018221397,0.8429034517809718,-2.1965913139199684,-0.0001376193966039081,0.034705
29.337019681930542,3.4353837095241717,0.8291028967143332,1.9749530661104615,1.0545924087810772,0.8031475810099772,-2.236347184690963,-0.00014011015531368535,0.034705
29.364402294158936,3.432958332036175,0.8279710761768878,1.9976187475661051,1.0685517665524749,0.7962125887667695,-2.2432821769341706,-0.00014054464189383113,0.034556
29.3966383934021,3.4326349483761125,0.8263541897033871,2.007424116306216,1.0446154498854852,0.7709982416072699,-2.26849652409367,-0.00014212435461501976,0.034556
29.426631212234497,3.4339284830234256,0.8284561421209024,2.0385303076721564,1.0716802554986038,0.7686899578107398,-2.2708048078902,-0.00014226897169570103,0.034556
29.457808256149292,3.4332817156974147,0.8320132924047522,2.048183424960253,1.1647829279418094,0.8259192994317637,-2.2135754662691762,-0.00013868347656421516,0.034556
29.48442006111145,3.4340901748556636,0.8271626329388786,2.0700921279107525,1.1288311963852578,0.7869819439622261,-2.252512821738714,-0.00014112295419080515,0.034556
29.51491689682007,3.4305329546143954,0.8388042158098654,2.0187615292724583,1.3463616329233559,0.9498843358537439,-2.089610429847196,-0.00013091690050417892,0.034556
29.543965101242065,3.436677244211526,0.8344386221717799,2.0979816685726327,1.4076216939832413,0.9271198450894536,-2.112374920611486,-0.00013234312643119767,0.034556
29.571101665496826,3.42972449548851,0.8389659044645483,2.0231326874934816,1.5448857681055126,1.0338828835276848,-2.005611882173255,-0.00012565427865311501,0.034556
29.59902548789978,3.434736942187562,0.8389659044645483,2.0646778284624117,1.640970619991104,1.0432462067684947,-1.9962485589324452,-0.0001250676538738756,0.034397
29.629793405532837,3.4334434075284754,0.8383191498464257,2.069516993672166,1.694746868869431,1.0586892047235277,-1.9808055609774122,-0.00012410012930667041,0.034397
29.655738830566406,3.4318264892311063,0.8473737146483321,2.0426013679798016,1.9211543103556963,1.1393092611297595,-1.9001855045711804,-0.00011904917447201841,0.034397
29.68286943435669,3.4305329546143954,0.8360555086957853,1.9995179973208117,1.843684436345751,1.1435793403242618,-1.895915425376678,-0.00011878164827427996,0.034397
29.71012234687805,3.434736942187562,0.837510706576057,2.0481475453415428,1.8197926060633385,1.1091520769868146,-1.9303426887141248,-0.00012093856257017064,0.034397
29.73649311065674,3.432796640205997,0.8434931868369605,2.0458245788856875,1.9277874396022832,1.139265911803209,-1.9002288538977306,-0.00011905189036556002,0.034397
29.76159906387329,3.4303712627886305,0.8299113399583911,1.998743940895469,1.7202377289330018,1.1090063972007842,-1.9304883685001553,-0.00012094768960446411,0.034397
29.789639472961426,3.43700062788631,0.8404211023612683,2.090029965263533,1.7940540744377964,1.0777049794718618,-1.9617897862290778,-0.00012290876547388192,0.034397
29.817448616027832,3.4318264892311063,0.8441399414681078,2.056960448093761,1.9232536151775077,1.1321899578577352,-1.9073048078432047,-0.00011949520838571342,0.034397
29.84505558013916,3.429239420016508,0.8473737146483321,1.9853269210790458,2.081109032771349,1.2066889815853157,-1.8328057841156244,-0.00011482774447105673,0.034238
29.877208709716797,3.4344135585210243,0.8371873292686199,2.0321531835721016,1.9792482498743458,1.159367716892338,-1.8801270488086024,-0.00011779248527300396,0.034238
29.90407633781433,3.4331200238666475,0.8354087540849674,2.040689133936971,1.8708670467195128,1.1272494376159479,-1.9122453280849925,-0.00011980473861570005,0.034238
29.93118166923523,3.438940929959764,0.8392892817742192,2.1557552521850343,1.8758990887543943,1.0654269346282452,-1.974067831072695,-0.00012367800147702304,0.034238
29.95740509033203,3.439264313642799,0.8347619994757705,2.242362143668083,1.7850394866800465,0.9910067190465949,-2.048488046654345,-0.00012834052795547045,0.034238
29.98793387413025,3.433605099359831,0.8443016301261494,2.1969263184803687,1.920314190680676,1.0570235243365496,-1.9824712413643906,-0.00012420448642050323,0.034238
30.015933752059937,3.428107577258793,0.8405827910169678,2.0620909023576157,1.9374783845459322,1.1333929269031868,-1.906101838797753,-0.00011941984075900967,0.034238
30.043818950653076,3.4323115647172275,0.8292645853629431,2.046494016403481,1.7135382434246909,1.0772694656961295,-1.9622253000048104,-0.00012293605099697818,0.034238
30.070555448532104,3.4376473952394133,0.8417146116097121,2.1355762352949004,1.8163307297194384,1.058307640225282,-1.9811871254756577,-0.00012412403483505946,0.03409
30.101733207702637,3.434898634021273,0.8376723952299278,2.146418616131768,1.804015798271561,1.0483846284419502,-1.9911101372589894,-0.00012474572485334445,0.03409
30.13075613975525,3.426167275421931,0.8420379889228407,1.9903718633551666,1.88640659191783,1.161576304474504,-1.8779184612264355,-0.00011765411429407923,0.03409
30.16086220741272,3.435060325855278,0.8371873292686199,2.047805859987899,1.8429565412768811,1.1161987719517197,-1.9232959937492198,-0.00012049707766445487,0.03409
30.187553882598877,3.4269757345154805,0.837510706576057,1.9364944536907278,1.8192830795151311,1.1771051563925388,-1.862389609308401,-0.00011668121086076025,0.03409
30.219775915145874,3.4300478791379825,0.8405827910169678,1.9161522451565673,1.8667566067300538,1.2016779294022262,-1.8378168362987135,-0.0001151416936219148,0.03409
30.24844789505005,3.431664797402988,0.8370256406150535,1.9322157399153086,1.8258307648051386,1.1814495054169076,-1.8580452602840318,-0.00011640903155841043,0.03409
30.275065183639526,3.423903589999061,0.8460802053713415,1.7980055957542032,1.985946741778103,1.2990845081103093,-1.74041025759063,-0.00010903904061490854,0.03409
30.306949853897095,3.432958332036175,0.8423613662363766,1.873755518316766,2.020499826186483,1.2599367195169768,-1.7795580461839626,-0.00011149170215938922,0.03409
30.338462591171265,3.427945885437438,0.8350853767801664,1.8328410382662317,1.893001576506035,1.2599063157220372,-1.779588449978902,-0.00011149360699798505,0.03409
30.365522623062134,3.434736942187562,0.8281327648247918,1.9314736740033203,1.6588089706821854,1.1327216094447603,-1.906773156256179,-0.0001194618996995931,0.033938
30.395475149154663,3.434736942187562,0.8383191498464257,2.0005165190192877,1.707233714353194,1.102213684977426,-1.9372810807235132,-0.00012137326215023471,0.033938
30.42758011817932,3.4306946464404553,0.8409061683286716,1.9730889071134496,1.7950636248925749,1.1467386801952932,-1.892756085505646,-0.00011858371138726652,0.033938
30.45993185043335,3.4300478791379825,0.8379957725379737,1.941768362552456,1.7958703985923836,1.1669883917118422,-1.872506373989097,-0.00011731503975834272,0.033938
30.48796820640564,3.4368389360487708,0.8472120259883507,2.047116756143271,1.9885699941877337,1.154102425212838,-1.8853923404881012,-0.00011812236286984427,0.033938
30.517046689987183,3.434251866688197,0.8470503373284713,2.0723757639251894,2.120088924132579,1.1711320313159437,-1.8683627343849958,-0.00011705543517079531,0.033938
30.545226097106934,3.435060325855278,0.8433314981794287,2.105208590386912,2.1346240753277885,1.1574123720714085,-1.8820823936295312,-0.00011791499025274396,0.033938
30.57821798324585,3.438294162597231,0.8368639519615887,2.1887976543474577,2.0099672059853826,1.0834196714100326,-1.9560750942909069,-0.0001225507323471348,0.033938
30.607454776763916,3.4326349483761125,0.8409061683286716,2.1412493510531547,2.0069770690351048,1.1075235820794045,-1.9319711836215347,-0.00012104058996375545,0.03378
30.637266635894775,3.4332817156974147,0.839127593119333,2.120086755326955,1.9678053175074959,1.10839518266105,-1.931099583039889,-0.00012098598301645234,0.03378
30.668882846832275,3.432958332036175,0.8464035826899763,2.0992123300177004,2.0920705025901234,1.1510686325907635,-1.8884261331101753,-0.00011831243405305686,0.03378
30.69760274887085,3.4397493891695623,0.8347619994757705,2.2118730112564817,1.9363594763650578,1.0498430962725558,-1.9896516694283832,-0.00012465434988452695,0.03378
30.727657556533813,3.432473256546523,0.8378340838839,2.154371796758308,1.8914067077722418,1.067300263877466,-1.972194501823473,-0.00012356063488302597,0.03378
30.754339933395386,3.4303712627886305,0.8409061683286716,2.0747269934062866,1.92398472028591,1.1219587920838214,-1.9175359736171176,-0.00012013620466546644,0.03378
30.782596588134766,3.434736942187562,0.8339535562165532,2.10079384260137,1.8018454947302518,1.069720786377626,-1.969773979323313,-0.00012340898589678658,0.03378
30.81471872329712,3.427137426335072,0.8299113399583911,1.9766163454639585,1.6320783675225814,1.091548109128041,-1.9479466565728982,-0.00012204147480478001,0.03378
30.845930576324463,3.4326349483761125,0.8276476988813819,1.9927224348346912,1.4660503642333356,1.0099731090591082,-2.029521656641831,-0.000127152258142722,0.03378
30.87393569946289,3.4368389360487708,0.8371873292686199,2.082784606740861,1.5487071818977327,0.9837296461720456,-2.0557651195288935,-0.00012879644634670312,0.03378
30.89987587928772,3.429886187313099,0.8342769335199364,2.0155250482486657,1.5458927914609317,1.0294851941108758,-2.0100095715900634,-0.00012592979980270588,0.03362
30.930089950561523,3.432958332036175,0.8320132924047522,2.026019135062887,1.496731703115439,0.9996749882296209,-2.0398197774713185,-0.0001277974492466507,0.03362
30.961832284927368,3.434575250354146,0.8334684902622373,2.063668037558126,1.4926560223231131,0.9706347095694056,-2.0688600561315336,-0.00012961686171591703,0.03362
30.99304175376892,3.441851383149533,0.8299113399583911,2.2263859639001176,1.415645736837585,0.8226748499095325,-2.216819915791407,-0.0001388867456852081,0.03362
31.01953673362732,3.437485703400696,0.837510706576057,2.2584702942403467,1.5201655164076362,0.8592074926170874,-2.180287273083852,-0.0001365979265435227,0.03362
31.049783945083618,3.4403961565427075,0.8358938200429288,2.335474803763745,1.5596214937566086,0.8356302243139926,-2.2038645413869467,-0.00013807507407519076,0.03362
31.079569339752197,3.4360304768654926,0.830719783204972,2.3075597436732367,1.479375500599469,0.8101563113185223,-2.229338454382417,-0.0001396710489446902,0.03362
31.107356309890747,3.427784193616377,0.8400977250501745,2.1334736920444644,1.618708940841176,0.9822077997910941,-2.057286965909845,-0.0001288917920668392,0.03362
31.13422703742981,3.431503105575164,0.8240905486573925,2.0813104486387504,1.3825344582902581,0.9003685715814835,-2.1391261941194557,-0.00013401912965274506,0.033462
31.163593530654907,3.438455854437423,0.825222369177926,2.1750992594535923,1.2408078272519072,0.74303976448717,-2.2964550012137694,-0.00014387599076456177,0.033462
31.189616680145264,3.4310180300934556,0.8342769335199364,2.101357433564006,1.3303632432088563,0.8544676408275677,-2.185027124873372,-0.00013689488462540717,0.033462
31.21662187576294,3.433605099359831,0.8320132924047522,2.098223021407529,1.3458610193389906,0.8664182563099135,-2.1730765093910263,-0.0001361461625116013,0.033462
31.24400568008423,3.432958332036175,0.8321749810551795,2.083907716274097,1.3600802494049309,0.885595707208182,-2.1538990584927578,-0.00013494466945083208,0.033462
31.271763563156128,3.444115069029865,0.8397743477394874,2.282978001824131,1.5284606912503156,0.8491018357229662,-2.1903929299779734,-0.00013723105952335467,0.033462
31.303224325180054,3.4416896913031505,0.838642527155284,2.3768726344404376,1.6227314924674392,0.8433816229899598,-2.19611314271098,-0.00013758943853531456,0.033462
31.331440925598145,3.44233645869045,0.8439782528101679,2.454720095088493,1.7999570208667937,0.880316878656787,-2.159177887044153,-0.00013527539515088144,0.033462
31.358829021453857,3.439264313642799,0.8358938200429288,2.4516375337005014,1.7554755468780157,0.8638629307195901,-2.17563183498135,-0.00013630625709252692,0.033462
31.38631820678711,3.4344135585210243,0.839450970429207,2.3585706124070818,1.798495825735261,0.927599542703496,-2.111895222997444,-0.00013231307273127706,0.03331
31.416067361831665,3.4358687850297205,0.831689915104201,2.3206965054765587,1.666812253564091,0.8933012181840296,-2.1461935475169103,-0.0001344619088370115,0.03331
31.446560382843018,3.44136630761127,0.8347619994757705,2.3972149781219643,1.638678702046839,0.83979865348338,-2.19969611221756,-0.0001378139163880772,0.03331
31.47620415687561,3.437970778917733,0.8415529229533005,2.387141517118911,1.7605582638553376,0.8979783730205457,-2.141516392680394,-0.0001341688788034566,0.03331
31.50347328186035,3.4444384527317764,0.8337918675650133,2.501302271478635,1.684076188430805,0.8090920425679512,-2.230402723132989,-0.00013973772681159698,0.03331
31.53551435470581,3.4373240115622727,0.8362171973487432,2.4478814052486024,1.6811005378259274,0.8334808290067608,-2.206013936694179,-0.00013820973657857502,0.03331
31.56373929977417,3.44136630761127,0.8151976733099081,2.486244407962367,1.2408153124441959,0.5690128384665101,-2.4704819272344296,-0.00015477901145850083,0.03331
31.59598994255066,3.436192168701559,0.8289412080658243,2.4161287708648347,1.2191325194816607,0.5857194665260845,-2.4537752991748554,-0.00015373231876775103,0.03331
31.623369216918945,3.43554540135906,0.8334684902622373,2.3549266079195035,1.2983365937794729,0.6716882672669928,-2.367806498433947,-0.00014834625791530586,0.03331
31.652587413787842,3.4360304768654926,0.82748601023378,2.3211760065822733,1.229060335897208,0.6412408230624725,-2.3982539426384673,-0.00015025383119623612,0.03331
31.678484439849854,3.438940929959764,0.8344386221717799,2.3520960630367513,1.3255107860649387,0.6913796443188088,-2.348115121382131,-0.00014711256669063517,0.033152
31.705525159835815,3.4373240115622727,0.8407444796727689,2.343437059339295,1.5244867882018007,0.813776016505609,-2.2257187491953307,-0.00013944426955219511,0.033152
31.731884956359863,3.443629993479211,0.8329834243088322,2.4555576284164746,1.5019722215147597,0.7425362791834441,-2.2969584865174957,-0.00014390753479519625,0.033152
31.760114908218384,3.439911081012406,0.8352470654325161,2.4643450245151697,1.5334030400507601,0.7549456137049503,-2.2845491519959893,-0.00014313007331736763,0.033152
31.791680335998535,3.4424981505380132,0.8363788860018024,2.5189810726088475,1.5790001207896103,0.7520391776939669,-2.2874555880069725,-0.0001433121654378111,0.033152
31.821231842041016,3.43700062788631,0.8339535562165532,2.4541959574628724,1.5603562750828353,0.7740380790559299,-2.2654566866450097,-0.00014193390471530122,0.033152
31.847498178482056,3.439911081012406,0.8400977250501745,2.4633918548476315,1.6753954829795321,0.825331736217998,-2.2141630294829415,-0.00013872028818885952,0.033152
31.874051570892334,3.4332817156974147,0.8276476988813819,2.3455865079830915,1.496372345053201,0.7977641247806587,-2.241730640920281,-0.00014044743607830794,0.033152
31.907612323760986,3.4323115647172275,0.8350853767801664,2.2449409403412806,1.5261123397127392,0.8740865160846445,-2.165408249616295,-0.000135665735735572,0.033152
31.93724489212036,3.438132470757335,0.8266775669972817,2.2835799949911944,1.3716494245022703,0.7597415784499192,-2.2797531872510204,-0.00014282959968344507,0.032993
31.969444513320923,3.4358687850297205,0.8313665378040539,2.2682030732854375,1.3612781991660534,0.7625137408869093,-2.27698102481403,-0.00014265591998278843,0.032993
31.995198011398315,3.44233645869045,0.8362171973487432,2.378651402280015,1.455141945340603,0.7557814848303988,-2.2837132808705407,-0.00014307770486849238,0.032993
32.02279043197632,3.4455702956977645,0.8276476988813819,2.516571322986769,1.3421948687059522,0.6175560702575064,-2.421938695443433,-0.0001517377127763355,0.032993
32.05103588104248,3.438132470757335,0.8334684902622373,2.473721262843053,1.3844802382364723,0.6642029565448339,-2.3752918091561055,-0.0001488152226874272,0.032993
32.078490018844604,3.438132470757335,0.8265158783502841,2.443726220742446,1.2691361667655205,0.6026775332842509,-2.4368172324166886,-0.0001526698731047647,0.032993
32.10819673538208,3.4373240115622727,0.8341152448681941,2.4075781697332532,1.346822294066124,0.6736592619394354,-2.365835503761504,-0.00014822277245134534,0.032993
32.13632559776306,3.4323115647172275,0.82748601023378,2.288335103566397,1.2630003260978662,0.682168649222682,-2.3573261164782577,-0.00014768964790698048,0.032993
32.16223192214966,3.4405578483867303,0.8291028967143332,2.3594104746936284,1.238032815774084,0.6228467247622117,-2.4166480409387283,-0.00015140624616442495,0.032842
32.18873715400696,3.4334434075284754,0.8284561421209024,2.2758298460339956,1.2070724116206184,0.6465802905279249,-2.392914475173015,-0.00014991930638676195,0.032842
32.21901845932007,3.44233645869045,0.8334684902622373,2.3839901432040116,1.2898945182767374,0.6474146101144972,-2.3920801555864424,-0.00014986703514388152,0.032842
32.25581192970276,3.4421747668431832,0.8291028967143332,2.456672046760546,1.2568587502992947,0.5872364796005708,-2.452258286100369,-0.00015363727586075777,0.032842
32.281521797180176,3.444600144583175,0.8350853767801664,2.553003946767694,1.358452823385004,0.6112106461322642,-2.4282841195686755,-0.00015213526212189555,0.032842
32.306617975234985,3.4410429239205693,0.837510706576057,2.553769578172642,1.4801304769908157,0.6835312939020982,-2.3559634717988414,-0.00014760427638730886,0.032842
32.33576798439026,3.4376473952394133,0.8341152448681941,2.4906691285333245,1.4945183112238274,0.7218509778615713,-2.3176437878393683,-0.0001452034967105723,0.032842
32.362093925476074,3.4462170631133953,0.8324983583563372,2.6071049497117285,1.4708819272803368,0.6543498503524311,-2.3851449153485085,-0.000149432533026533,0.032842
32.39337086677551,3.4467021386782193,0.8302347172567207,2.6977009383554584,1.4071454438047093,0.580763499007041,-2.4587312666938983,-0.00015404281679040873,0.032842
32.41994333267212,3.438617546277908,0.831689915104201,2.6096029065906623,1.3928669862127057,0.6076491863904085,-2.4318455793105307,-0.00015235839235900304,0.03269
32.44727063179016,3.4376473952394133,0.837510706576057,2.5297524584259494,1.5042203909702208,0.7088435494941735,-2.330651216206766,-0.00014601842957129426,0.03269
32.47722887992859,3.4470255223895787,0.824575614594161,2.649614803695667,1.3125048334025762,0.5410376896802136,-2.498457076020726,-0.00015653169211032593,0.03269
32.51046967506409,3.4403961565427075,0.8324983583563372,2.609275960382461,1.343472492805458,0.5769466362392058,-2.4625481294617337,-0.00015428194837018906,0.03269
32.540247678756714,3.4397493891695623,0.8287795194174161,2.5689175525118086,1.2876217590017822,0.5571304397212818,-2.482364325979658,-0.00015552345970208745,0.03269
32.57222270965576,3.436192168701559,0.8287795194174161,2.4739999720494548,1.2485262453392114,0.5719462706301892,-2.4675484950707505,-0.00015459522799282573,0.03269
32.604169607162476,3.4403961565427075,0.8271626329388786,2.486345578230079,1.187451518563437,0.520302829735082,-2.519191935965858,-0.0001578307589400237,0.03269
32.63297176361084,3.4405578483867303,0.8278093875290845,2.498017806958206,1.1581823566799805,0.4923949840504627,-2.547099781650477,-0.00015957922296211722,0.03269
32.668431758880615,3.4429832260824704,0.8357321313901737,2.551642933756101,1.302862495123874,0.5751481573662792,-2.4643466083346603,-0.00015439462548756116,0.032542
32.696686029434204,3.4424981505380132,0.839450970429207,2.5800896090774526,1.4816666895073625,0.674177930147093,-2.3653168355538465,-0.00014819027719138362,0.032542
32.72449803352356,3.4500976677064243,0.8287795194174161,2.7424265980383877,1.384357696693117,0.5502993241627996,-2.48919544153814,-0.00015595143826839262,0.032542
32.75231218338013,3.4475105979588325,0.8303964059060367,2.80757761532621,1.3499492691453339,0.5071992140678063,-2.5322955516331334,-0.00015865171806429604,0.032542
32.78031253814697,3.4467021386782193,0.8350853767801664,2.8380318042855928,1.423616186577226,0.5395876992933739,-2.499907066407566,-0.00015662253595590336,0.032542
32.81222486495972,3.4373240115622727,0.8308814718545908,2.683592078213492,1.3875425723318915,0.5747071006336346,-2.4647876650673055,-0.0001544222582843541,0.032542
32.84147357940674,3.447672289815841,0.8346003108237245,2.769423756093809,1.4398191383756958,0.5728246750745976,-2.4666700906263426,-0.00015454019477438062,0.032542
32.872193574905396,3.4402344646989786,0.830719783204972,2.690111922665008,1.3955138518328225,0.5769870681536381,-2.462507697547302,-0.0001542794152564358,0.032542
32.899415493011475,3.4450852201391413,0.8376723952299278,2.7255027735536475,1.5094439837509344,0.6287082896066741,-2.410786476094266,-0.00015103901125279725,0.032542
32.93072867393494,3.4475105979588325,0.8367022633082251,2.795730938186889,1.5689703550455172,0.6330880020265006,-2.4064067636744397,-0.00015076461638621665,0.032542
32.95990562438965,3.447348906102119,0.838642527155284,2.841860348790656,1.6510882571240788,0.6567370928658601,-2.3827576728350803,-0.00014928296907616896,0.032383
32.98916792869568,3.444761836434868,0.8358938200429288,2.8256660627341343,1.6512674122581168,0.6628915843488882,-2.3766031813520523,-0.00014889738191713268,0.032383
33.01527667045593,3.440881232075662,0.8404211023612683,2.7416027549309594,1.7457748527653794,0.7407368440347143,-2.298757921666226,-0.00014402027182453206,0.032383
33.044559717178345,3.444115069029865,0.8321749810551795,2.7433645288839124,1.640019932803403,0.6896569193244036,-2.349837846376537,-0.00014722049772575407,0.032383
33.07221984863281,3.448319057246829,0.8329834243088322,2.8233856901985366,1.582845422735876,0.6293626748699606,-2.41013209083098,-0.00015099801313698516,0.032383
33.098384380340576,3.434898634021273,0.8258691237633001,2.6278852345643244,1.3945086491226995,0.6008817195884892,-2.4386130461124513,-0.0001527823832452072,0.032383
33.12622356414795,3.4368389360487708,0.8346003108237245,2.527398566551568,1.4446953921292598,0.679393493930963,-2.3601012717699774,-0.00014786351511400639,0.032383
33.15536141395569,3.433766791191481,0.8299113399583911,2.399482118668581,1.3820732957018853,0.7078839349481737,-2.3316108307527665,-0.0001460785507116976,0.032383
33.18183970451355,3.440881232075662,0.830719783204972,2.4432739940850556,1.3550917619611513,0.6643695158941989,-2.3751252498067412,-0.00014880478752044235,0.032383
33.21385192871094,3.439426005484759,0.8333068016110011,2.446655567361084,1.390137276723399,0.686587405016309,-2.352907360684631,-0.00014741280692058247,0.032224
33.24618101119995,3.438132470757335,0.8329834243088322,2.424780233905054,1.4079275634798776,0.7108122936030596,-2.3286824720978805,-0.0001458950851081639,0.032224
33.273517370224,3.4424981505380132,0.8308814718545908,2.4912857191817555,1.3765605361637545,0.6533815705833365,-2.386113195117604,-0.00014949319705480363,0.032224
33.302268981933594,3.438940929959764,0.8354087540849674,2.4711728618563695,1.4489856471221019,0.7116309421369411,-2.327863823563999,-0.00014584379567778626,0.032224
33.329710245132446,3.436192168701559,0.8350853767801664,2.4055786885906087,1.492941651160976,0.7763567895798208,-2.2631379761211194,-0.00014178863438614407,0.032224
33.355976581573486,3.4305329546143954,0.8324983583563372,2.2536021217483544,1.469778265236341,0.8618314118106674,-2.177663353890273,-0.00013643353448120806,0.032224
33.385958194732666,3.434736942187562,0.8321749810551795,2.2260064324408173,1.4468223215330698,0.8677359380334805,-2.17175882766746,-0.0001360636079815146,0.032224
33.41548013687134,3.4358687850297205,0.8329834243088322,2.2279015795001653,1.4476070948466426,0.8668124464267172,-2.1726823192742235,-0.00013612146597124906,0.032224
33.443209409713745,3.4397493891695623,0.8392892817742192,2.301955485894196,1.5796171224433853,0.8917474205241384,-2.147747345176802,-0.0001345592563476949,0.032224
33.472347021102905,3.4420130749962103,0.8420379889228407,2.3962174821867492,1.7293275188381123,0.9072168374453842,-2.132277928255556,-0.00013359007659676664,0.032073
33.50233173370361,3.4395876973270134,0.838480838500804,2.4167463134007936,1.7599674849195568,0.9091867055406191,-2.1303080601603215,-0.00013346666171438158,0.032073
33.530309200286865,3.435222017689578,0.8376723952299278,2.3492982792392563,1.7645615269116446,0.9512945397016752,-2.088200225999265,-0.00013082854933871136,0.032073
33.55877423286438,3.438617546277908,0.8402594137056706,2.3657210452093236,1.8217099461402113,0.965601305977422,-2.0738934597235184,-0.00012993221121256816,0.032073
33.58497905731201,3.435222017689578,0.8365405746549631,2.3135805915052297,1.7841857418840665,0.9818931307818338,-2.0576016349191066,-0.00012891150650297948,0.032073
33.6119589805603,3.4391026218011342,0.8431698095219985,2.34980957683476,1.8961210608329953,1.0042657901879983,-2.035228975512942,-0.0001275098293369132,0.032073
33.63970923423767,3.436515552374576,0.8371873292686199,2.326684997597147,1.8497566695174936,1.0003676971939217,-2.039127068507019,-0.00012775405009948803,0.032073
33.667213678359985,3.4313414137476337,0.8321749810551795,2.213528058433063,1.7128072045298877,1.018120346336601,-2.0213744193643395,-0.00012664182278271125,0.032073
33.697396993637085,3.4410429239205693,0.8318516037544261,2.316136456338445,1.6102010054909743,0.8973453065311721,-2.1421494591697687,-0.0001342085412694446,0.032073
33.72353720664978,3.43635386053792,0.8360555086957853,2.3000835089861225,1.6260171229404379,0.9164671256358943,-2.1230276400650467,-0.00013301053361527393,0.031921
33.752516746520996,3.4326349483761125,0.8368639519615887,2.219149449300231,1.653942339314234,0.9874186241585392,-2.052076141542402,-0.00012856532692026774,0.031921
33.77884316444397,3.4357070931942433,0.8312048491541318,2.220071387060242,1.5555124527701156,0.935669596080234,-2.103825169620707,-0.0001318074730463334,0.031921
33.80781936645508,3.424550357256864,0.8320132924047522,2.011625764145403,1.5034654660318723,1.0874091520811202,-1.9520856136198206,-0.0001223007860238299,0.031921
33.83503484725952,3.428430960902385,0.8360555086957853,1.9384411222933098,1.5513022453190726,1.1825174916621033,-1.8569772740388375,-0.00011634212078547168,0.031921
33.8689649105072,3.4391026218011342,0.8439782528101679,2.087211948386416,1.7499565478629309,1.1284612092757702,-1.9110335564251706,-0.00011972881949338102,0.031921
33.89863395690918,3.437162319724144,0.8407444796727689,2.154987874792852,1.8215988214603953,1.1039572891759173,-1.9355374765250235,-0.00012126402300493191,0.031921
33.93320417404175,3.4403961565427075,0.8430081208646704,2.263037110150496,1.9189394296177114,1.065842164247557,-1.973652601453384,-0.00012365198678357527,0.031921
33.960429191589355,3.438779238118689,0.8431698095219985,2.3083685311881,1.9904486422465366,1.0623725400928365,-1.9771222256081047,-0.00012386936339778162,0.03177
33.9930100440979,3.4373240115622727,0.8399360363947802,2.312827787045242,1.9730893531157159,1.0538481129885908,-1.9856466527123504,-0.0001244034302071358,0.03177
34.02160573005676,3.438294162597231,0.8421996775795576,2.3341310920082994,2.00812886721471,1.0530393909656048,-1.9864553747353364,-0.00012445409772827108,0.03177
34.05313420295715,3.4339284830234256,0.8357321313901737,2.2672251906636176,1.8978250524981877,1.0556557312244557,-1.9838390344764854,-0.00012429018049639828,0.03177
34.07914137840271,3.4334434075284754,0.8344386221717799,2.2113001472130076,1.7936460876856253,1.0535015836011266,-1.9859931820998145,-0.00012442514073877003,0.03177
34.10566234588623,3.438779238118689,0.8211801530557621,2.2721526571318553,1.4443163013451716,0.8220745980441122,-2.217420167656829,-0.000138924352270924,0.03177
34.132625579833984,3.4344135585210243,0.8362171973487432,2.2329311988090628,1.5132686168659863,0.8971783326827576,-2.1423164330181836,-0.00013421900240535178,0.03177
34.159817934036255,3.434575250354146,0.8334684902622373,2.2085064821804377,1.504231861948501,0.9108465251873009,-2.12864824051364,-0.0001333626717838014,0.03177
34.18773555755615,3.434736942187562,0.8420379889228407,2.194439484743278,1.6765578364916924,1.0156724231839496,-2.0238223425169917,-0.00012679518845663788,0.03177
34.21493935585022,3.4368389360487708,0.8333068016110011,2.223986541676844,1.6151635288947754,0.9623675825715717,-2.0771271831293694,-0.00013013480832796103,0.03162
34.243488073349,3.438779238118689,0.838480838500804,2.2810331332565212,1.6800526919592256,0.9540049554818495,-2.0854898102190917,-0.00013065873814905153,0.03162
34.27291488647461,3.438617546277908,0.838480838500804,2.3179354430213923,1.725475106104336,0.950862060762112,-2.088632704938829,-0.0001308556447252448,0.03162
34.30069899559021,3.4421747668431832,0.8457568280531154,2.4104337566327456,1.9089562067756929,0.9729245821775622,-2.0665701835233787,-0.00012947339812092006,0.03162
34.32726430892944,3.443791685329134,0.8509308651938038,2.5054856210341123,2.1452581608582366,1.0056062510718509,-2.03388851462909,-0.00012742584766183427,0.03162
34.35473394393921,3.439911081012406,0.8415529229533005,2.4992946193475354,2.1151638850233154,0.9989428642512619,-2.040551901449679,-0.00012784331779739234,0.03162
34.38226556777954,3.444600144583175,0.8397743477394874,2.582839747578542,2.057019236183182,0.9365154529100942,-2.102979312790847,-0.00013175447897966248,0.03162
34.407957553863525,3.437970778917733,0.8334684902622373,2.5170788557384767,1.884857295470536,0.9026889632758557,-2.1368058024250853,-0.00013387375399599892,0.03162
34.436583518981934,3.433605099359831,0.8438165641523303,2.3892280169296334,1.980074296039627,1.0126694522363486,-2.0268253134645926,-0.00012698332862054045,0.03162
34.46397566795349,3.4420130749962103,0.8363788860018024,2.45730825391155,1.8916699999818287,0.9386421865212218,-2.1008525791797195,-0.00013162123626198175,0.03147
34.489498138427734,3.441851383149533,0.8420379889228407,2.501934115347487,1.9477645331150226,0.9367153309359185,-2.1027794347650226,-0.0001317419563528388,0.03147
34.51590085029602,3.4402344646989786,0.8421996775795576,2.502869174142571,1.9904014932142255,0.9528942241528393,-2.0866005415481017,-0.00013072832695891286,0.03147
34.547219038009644,3.4512295107447866,0.8481821579497725,2.709584426835701,2.144966482299155,0.908002981078356,-2.131491784622585,-0.00013354082364209645,0.03147
34.57875323295593,3.440072772855545,0.8443016301261494,2.6451940877937115,2.1722630876140543,0.9468599462543521,-2.092634819446589,-0.00013110638257538899,0.03147
34.60741972923279,3.439911081012406,0.8378340838839,2.5970905460792437,2.0565392356465395,0.9291546158315223,-2.110340149869419,-0.00013221564531080168,0.03147
34.63611125946045,3.440072772855545,0.8425230548932973,2.5664483712642077,2.073285358804611,0.9506831564155684,-2.088811609285373,-0.0001308668533228866,0.03147
34.66961145401001,3.4402344646989786,0.8368639519615887,2.5480291532842645,1.967030104419157,0.9196358406605301,-2.119858925040411,-0.00013281200936229314,0.03147
34.70176124572754,3.437485703400696,0.8383191498464257,2.4836205268092493,1.9229885079690794,0.9368015157420447,-2.1026932499588966,-0.00013173655675895882,0.031318
34.73055672645569,3.4420130749962103,0.837510706576057,2.5233830108272812,1.8753054561996794,0.8941255055032047,-2.1453692601977368,-0.0001344102661291605,0.031318
34.75967025756836,3.4421747668431832,0.8464035826899763,2.5542470540968427,2.0273205996746517,0.9400423563214769,-2.0994524093794644,-0.00013153351374308028,0.031318
34.786153078079224,3.4397493891695623,0.8447866961008865,2.5303973181118593,2.100023330590425,0.9790740063185681,-2.060420759382373,-0.00012908812843766867,0.031318
34.81273007392883,3.4412046157657725,0.837510706576057,2.5409752425373533,1.9992298320346233,0.9360942443003925,-2.1034005214005487,-0.00013178086826489007,0.031318
34.8409538269043,3.434898634021273,0.8344386221717799,2.4301979212015183,1.8646294333611348,0.943126660206225,-2.096368105494716,-0.00013134027796140696,0.031318
34.86991810798645,3.434251866688197,0.8352470654325161,2.3405325794659677,1.787263088343222,0.9654093148658551,-2.074085450835086,-0.00012994423971361877,0.031318
34.89588642120361,3.440719540231049,0.8321749810551795,2.398979012230539,1.6690616977079014,0.865611580388161,-2.1738831853127802,-0.00013619670184174577,0.031318
34.922505140304565,3.4465404468229828,0.839127593119333,2.548982477506808,1.731264557578461,0.8088113253460901,-2.230683440354851,-0.0001397553141226476,0.031318
34.94958710670471,3.439426005484759,0.8347619994757705,2.520651505756311,1.6837953148568943,0.7989558522826795,-2.240538913418262,-0.00014037277274940154,0.031318
34.97546339035034,3.4426598423858707,0.8328217356578994,2.5614259139511257,1.6101174033879355,0.7329045509636181,-2.3065902147373234,-0.0001445109755069325,0.031318
35.00651168823242,3.439426005484759,0.837510706576057,2.529361911267334,1.6562956829928763,0.778369549005171,-2.2611252166957705,-0.00014166253230430935,0.031167
35.033050775527954,3.44233645869045,0.8363788860018024,2.5614625888673563,1.665024970849096,0.7653504367585691,-2.2741443289423726,-0.000142478197175759,0.031167
35.05858111381531,3.43635386053792,0.839127593119333,2.4718118017563824,1.7284388487772913,0.8527614329519926,-2.186733332748949,-0.00013700178084084322,0.031167
35.09209728240967,3.4339284830234256,0.838642527155284,2.3636016874872703,1.7627162027363161,0.9401597017375618,-2.09933506396338,-0.00013152616189512684,0.031167
35.11899185180664,3.440072772855545,0.8399360363947802,2.403006170249821,1.813676645458563,0.9387435539807694,-2.1007512117201723,-0.0001316148854544693,0.031167
35.15502858161926,3.436192168701559,0.833145112959866,2.3578620044660576,1.7077759083819875,0.9158021093501816,-2.12369265635076,-0.00013305219777892227,0.031167
35.18915128707886,3.438294162597231,0.8279710761768878,2.365655044202865,1.5257802162731076,0.7990342974743386,-2.240460468226603,-0.00014036785805276493,0.031167
35.21652007102966,3.4420130749962103,0.8310431605043109,2.4408071730028067,1.4624281798791094,0.7022323296388208,-2.3372624360621206,-0.00014643263137640203,0.031167
35.242353200912476,3.4458936794049895,0.8379957725379737,2.5661409716554475,1.5630255870829501,0.6986861525469192,-2.340808613154022,-0.00014665480413496003,0.031008
35.2699556350708,3.44136630761127,0.831528226454077,2.5690261044471536,1.4986122997389508,0.6534867410382103,-2.3860080246627313,-0.00014948660798452533,0.031008
35.297502517700195,3.439264313642799,0.8434931868369605,2.5316517402515415,1.70296122517521,0.8033598883072682,-2.2361348773936736,-0.00014009685397630756,0.031008
35.3230516910553,3.447672289815841,0.8360555086957853,2.6630655195204436,1.6909492767194074,0.7254860332000223,-2.3140087325009193,-0.0001449757556104737,0.031008
35.352593183517456,3.447348906102119,0.8339535562165532,2.7489945557241553,1.638720684233701,0.6544237427436951,-2.3850710229572463,-0.00014942790356895722,0.031008
35.38013935089111,3.4368389360487708,0.8368639519615887,2.612175091363455,1.6628348322195183,0.7357353676081122,-2.3037593980928293,-0.0001443336210413827,0.031008
35.40618848800659,3.4462170631133953,0.8326600470070677,2.692159123692831,1.5920742787584914,0.65236966723511,-2.387125098465831,-0.00014955659415890853,0.031008
35.43229937553406,3.4481573653886395,0.8420379889228407,2.7845116018976372,1.7380475282586851,0.694137023085417,-2.345357742615524,-0.00014693981320678765,0.031008
35.46008563041687,3.443791685329134,0.8464035826899763,2.76734011271955,1.9312400501159512,0.7971340340136681,-2.242360731687273,-0.00014048691211129125,0.031008
35.48705244064331,3.4412046157657725,0.8383191498464257,2.7068351987627426,1.89793546995683,0.8106368679160654,-2.228857897784876,-0.00013964094142829945,0.030857
35.51234722137451,3.4494509002624345,0.8430081208646704,2.819027291938972,1.9723750835652096,0.7919984104908474,-2.2474963552100937,-0.00014080866582392618,0.030857
35.54102349281311,3.444923528286857,0.8443016301261494,2.812713227488934,2.051449108500291,0.8281672975940664,-2.211327468106875,-0.00013854263645950287,0.030857
35.57148814201355,3.4402344646989786,0.8368639519615887,2.720414552641573,1.9517447292061343,0.8285440102661447,-2.2109507554347965,-0.00013851903490454088,0.030857
35.598023653030396,3.440881232075662,0.8344386221717799,2.6679266978661276,1.83138986138119,0.7979390899926553,-2.2415556757082857,-0.00014043647427273723,0.030857
35.62473940849304,3.437970778917733,0.8295879626604653,2.576639720939803,1.6460178506896,0.7443890329795715,-2.2951057327213693,-0.0001437914572809756,0.030857
35.656251430511475,3.439911081012406,0.8321749810551795,2.549102489281494,1.570190031350359,0.7113515153482725,-2.3281432503526682,-0.00014586130214146382,0.030857
35.6862850189209,3.4470255223895787,0.8329834243088322,2.663159825294515,1.5339644917187465,0.6255036370075187,-2.413991128693422,-0.00015123978704309842,0.030857
35.71744132041931,3.4416896913031505,0.8349236881279177,2.642999910869706,1.5490560555658022,0.6458962206293177,-2.393598545071623,-0.00014996216428485374,0.030857
35.74350190162659,3.447995673530744,0.8399360363947802,2.7470698482598035,1.6641145424392025,0.6678966960744902,-2.3715980696264505,-0.00014858380494391627,0.030706
35.780224323272705,3.44233645869045,0.8413912342969906,2.7138581447620576,1.7749925652325087,0.7463432000881973,-2.2931515656127432,-0.00014366902608649345,0.030706
35.8114333152771,3.4405578483867303,0.8357321313901737,2.6572766035305797,1.7346296411106483,0.7530907603861732,-2.2864040053147674,-0.00014324628236950278,0.030706
35.84046387672424,3.4397493891695623,0.8396126590842965,2.602518002715478,1.78727447857016,0.8115960956611921,-2.2278986700397487,-0.00013958084452149046,0.030706
35.86741280555725,3.4397493891695623,0.8418763002662254,2.564186982144904,1.8713168812229952,0.8759421190088348,-2.1635526466921062,-0.00013554947971965086,0.030706
35.90003442764282,3.4457319875512296,0.8396126590842965,2.649476533470785,1.8829555466488028,0.8342831005031226,-2.2052116651978184,-0.00013815947319159813,0.030706
35.931058168411255,3.4462170631133953,0.8320132924047522,2.7182701331679175,1.7326756317469547,0.7202418468845986,-2.319252918816342,-0.0001453043109279028,0.030706
35.96064305305481,3.4481573653886395,0.8409061683286716,2.8027893085301754,1.812872967068205,0.723371573617846,-2.316123192083095,-0.00014510822934375232,0.030706
35.99102020263672,3.438779238118689,0.837510706576057,2.6861950700538673,1.7982245775690695,0.7724129720788551,-2.267081793622086,-0.00014203571985049949,0.030554
36.026565074920654,3.4368389360487708,0.8373490179222877,2.568215451394273,1.7845999180751482,0.8302412422432485,-2.2092535234576927,-0.00013841270104120195,0.030554
36.057602643966675,3.443791685329134,0.8438165641523303,2.6159328073671704,1.909894131862854,0.8660170482791709,-2.17347771742177,-0.00013617129873368946,0.030554
36.08814549446106,3.4455702956977645,0.8431698095219985,2.682668306547767,1.9841169338181341,0.8641538575844132,-2.175340908116528,-0.00013628803013362978,0.030554
36.118659257888794,3.4467021386782193,0.8454334507352975,2.750595288140674,2.083263912272012,0.8721374872632788,-2.1673572784376622,-0.00013578784500945486,0.030554
36.15068459510803,3.4412046157657725,0.8441399414681078,2.6951138215575403,2.12570050166146,0.9161044831803368,-2.1233902825206044,-0.0001330332536522697,0.030554
36.17625331878662,3.4424981505380132,0.8318516037544261,2.680519230538507,1.899226313483072,0.8258482308442341,-2.213646534856707,-0.00013868792910669384,0.030554
36.201773166656494,3.4486424409640963,0.8373490179222877,2.785454590707705,1.8553011332149476,0.7516113419676177,-2.2878834237333234,-0.0001433389699207993,0.030554
36.22802376747131,3.4518762782017833,0.8418763002662254,2.919515437554196,1.9189355394743566,0.7231087393210519,-2.3163860263798894,-0.00014512469626552446,0.030403
36.254106760025024,3.443468301629583,0.8354087540849674,2.8557821886602124,1.8286481494395141,0.7057504304905364,-2.333744335210405,-0.00014621221763200788,0.030403
36.280781984329224,3.4510678188812767,0.8360555086957853,2.953593232231179,1.7789301237044204,0.6387543848048138,-2.4007403808961274,-0.0001504096098932307,0.030403
36.30846047401428,3.446863830533751,0.8443016301261494,2.9432730407364014,1.9160376365977314,0.7120303491324868,-2.3274644165684544,-0.00014581877229297274,0.030403
36.33814835548401,3.444923528286857,0.8404211023612683,2.8996852516471097,1.9311140098031097,0.7375760884980741,-2.301918677202867,-0.0001442182974048976,0.030403
36.36591839790344,3.4429832260824704,0.8362171973487432,2.8328101450383145,1.8540270127865452,0.729287831082451,-2.31020693461849,-0.00014473756786600146,0.030403
36.39233899116516,3.4470255223895787,0.8396126590842965,2.861755184324278,1.8708526387432831,0.7247552043826841,-2.314739561318257,-0.00014502154301763743,0.030403
36.41858768463135,3.4420130749962103,0.8421996775795576,2.788077271087801,1.9365631671540096,0.7912289944805102,-2.248265771220431,-0.00014085687077056738,0.030403
36.44861578941345,3.4376473952394133,0.8410678569846762,2.654684513573936,1.9589650287442613,0.8703511905237521,-2.169143575177189,-0.0001358997588998046,0.030403
36.479156732559204,3.444923528286857,0.8357321313901737,2.6976732826333865,1.8634103655688705,0.8005680417631105,-2.2389267239378308,-0.00014027176691272083,0.030254
36.51219582557678,3.4478339816731447,0.8426847435503196,2.782310903838265,1.9414659366625835,0.7962060760037448,-2.2432886896971964,-0.0001405450499271836,0.030254
36.54081702232361,3.443144917931213,0.8399360363947802,2.7536784060622455,1.938801459206951,0.8091035144365407,-2.2303912512644004,-0.0001397370080836192,0.030254
36.56837034225464,3.436677244211526,0.8397743477394874,2.61242348232547,1.9335655381117265,0.8826661401997371,-2.156828625501204,-0.0001351282107593396,0.030254
36.59382724761963,3.4562419586603035,0.8383191498464257,2.880211893086111,1.8995633115538735,0.7298054728146758,-2.3096892928862656,-0.00014470513691610456,0.030254
36.61988687515259,3.444600144583175,0.8349236881279177,2.8494818391955454,1.8049752294503887,0.6943866379166087,-2.3451081277843326,-0.0001469241745022939,0.030254
36.64634871482849,3.4486424409640963,0.8388042158098654,2.9037284167676316,1.8196624560689414,0.6783474214198023,-2.361147344281139,-0.0001479290529620702,0.030254
36.6720085144043,3.443468301629583,0.8454334507352975,2.8447312741095816,1.9681457778475773,0.7794199899748049,-2.2600747757261366,-0.0001415967207664539,0.030254
36.70254135131836,3.4496125921229885,0.8421996775795576,2.918584849393212,2.0046683645270207,0.7630914693597093,-2.276403296341232,-0.00014261972451787717,0.030254
36.730151414871216,3.4395876973270134,0.8475354033084156,2.7824034704453147,2.1414701442921604,0.8845555773072834,-2.154939188393658,-0.00013500983498638004,0.030254
36.75767803192139,3.443144917931213,0.8478587806288895,2.753743202687175,2.2439729640864745,0.9372843007895991,-2.1022104649113422,-0.00013170630962718114,0.030254
36.78575897216797,3.448480749105315,0.839450970429207,2.833681066533558,2.140444017781187,0.8595331215322206,-2.1799616441687206,-0.00013657752545455674,0.030093
36.81279945373535,3.4510678188812767,0.8407444796727689,2.938122446742518,2.0949400504031734,0.7936340380797499,-2.2458607276211913,-0.0001407061915582642,0.030093
36.84078121185303,3.4412046157657725,0.838480838500804,2.8263828325788003,2.0158962570151,0.8096307482506973,-2.229864017450244,-0.00013970397617690374,0.030093
36.87129998207092,3.4465404468229828,0.8449483847593362,2.848165151750574,2.095397077670834,0.8342840426287736,-2.2052107230721676,-0.0001381594141661605,0.030093
36.898168325424194,3.4510678188812767,0.8357321313901737,2.948261306394421,1.9589127998174776,0.7275466893133934,-2.311948076387548,-0.00014484665273679248,0.030093
36.92921996116638,3.448965824682545,0.8481821579497725,2.978934653179963,2.122924396921431,0.7880418010869178,-2.2514529646140238,-0.00014105655271818624,0.030093
36.95672845840454,3.447348906102119,0.837510706576057,2.970102949285833,2.0152605784663287,0.7445981578079675,-2.2948966078929742,-0.0001437783553295492,0.030093
36.9866840839386,3.4481573653886395,0.8363788860018024,2.979072279812722,1.9163003976805082,0.6934564272499036,-2.346038338451038,-0.00014698245345015973,0.030093
37.01599192619324,3.440719540231049,0.8362171973487432,2.845956802473253,1.8436574843007196,0.7144676594521674,-2.325027106248774,-0.0001456660715272885,0.029934
37.047892332077026,3.438940929959764,0.8417146116097121,2.719442620160434,1.9074141983326718,0.8123765935561008,-2.227118172144841,-0.0001395319452798941,0.029934
37.07397484779358,3.451714586337091,0.8409061683286716,2.8702767533820603,1.9351899636782093,0.7506259264342848,-2.288868839266657,-0.00014340070752771875,0.029934
37.10524082183838,3.4457319875512296,0.8376723952299278,2.8637393733368444,1.8872172620427006,0.729129884848605,-2.3103648808523367,-0.00014474746340972875,0.029934
37.1352653503418,3.447187214245701,0.8413912342969906,2.8864359487616738,1.9311644689549596,0.7411545732553229,-2.298340192445619,-0.00014399410052770526,0.029934
37.16432499885559,3.448480749105315,0.8405827910169678,2.9265659887856934,1.9450735793379392,0.7299641166766608,-2.309530649024281,-0.00014469519766503727,0.029934
37.19241237640381,3.4565653424065537,0.8420379889228407,3.106172257502403,1.985147038664294,0.6759148599711415,-2.3635799057298,-0.0001480814562046057,0.029934
37.219231605529785,3.4433066097802505,0.8459185167121774,2.983411658122766,2.094097346522521,0.7746543337104429,-2.264840431990499,-0.0001418952955333516,0.029934
37.24593138694763,3.452523045663512,0.8344386221717799,3.0702066039562745,1.9310366935026546,0.6633591752899879,-2.376135590410954,-0.00014886808671653545,0.029785
37.27236723899841,3.447672289815841,0.8412295456407826,3.040053924113746,1.9584672840815622,0.6886915218107711,-2.3508032438901707,-0.0001472809811768482,0.029785
37.30121970176697,3.447995673530744,0.8409061683286716,3.025007657530634,1.9709271237024297,0.7008360130243315,-2.33865875267661,-0.0001465201124880391,0.029785
37.32827568054199,3.4496125921229885,0.8460802053713415,3.04477831778796,2.0875141930062076,0.7466188794701988,-2.292875886230743,-0.00014365175440287774,0.029785
37.35530924797058,3.4458936794049895,0.8383191498464257,2.98892077300506,2.0073273699800054,0.7332916819930937,-2.306203083707848,-0.00014448672122788415,0.029785
37.38329100608826,3.451714586337091,0.8434931868369605,3.0589114603732876,2.0590617743439514,0.7282055838305451,-2.311289181870397,-0.00014480537211016825,0.029785
37.41791534423828,3.445246911991721,0.8389659044645483,2.986692754511458,2.0008938243580006,0.7311907656957547,-2.308304000005187,-0.00014461834645617438,0.029785
37.4464590549469,3.456888726153988,0.8278093875290845,3.154321603426751,1.7275919707361749,0.5234921267779202,-2.5160026389230215,-0.00015763094519595378,0.029785
37.474971532821655,3.4578588774033965,0.8446250074425389,3.289843627549588,1.8868425033935212,0.5641903238551348,-2.475304441845807,-0.0001550811484772196,0.029785
37.50281262397766,3.4457319875512296,0.8420379889228407,3.1574361852540638,1.944385285503205,0.6368753077738031,-2.402619457927139,-0.00015052733659347818,0.029785
37.5306761264801,3.45478673181683,0.8473737146483321,3.234448040887104,2.0959012019993386,0.6792389824712047,-2.360255783229737,-0.000147873195464523,0.029634
37.56196594238281,3.4478339816731447,0.8431698095219985,3.1580532346158727,2.1143218829136847,0.7149717757565668,-2.324522989944375,-0.0001456344879636142,0.029634
37.590012311935425,3.447995673530744,0.8376723952299278,3.1076071748821255,2.012609605507535,0.6882514395224059,-2.351243326178536,-0.00014730855292339798,0.029634
37.615116596221924,3.4420130749962103,0.8349236881279177,2.9601736644783,1.884107635217954,0.6843562882538913,-2.3551384774470505,-0.00014755258938291458,0.029634
37.644094705581665,3.4486424409640963,0.8337918675650133,2.9812126944655684,1.7705607483846388,0.6110826535297347,-2.4284121121712072,-0.00015214328103038276,0.029634
37.67177867889404,3.450421051430193,0.8357321313901737,3.0292733672828445,1.7315273693171365,0.5685050461301758,-2.470989719570766,-0.00015481082533051418,0.029634
37.7018096446991,3.4450852201391413,0.8362171973487432,2.9629157847861163,1.7143163644463633,0.5844483956907223,-2.4550463700102196,-0.00015381195306307722,0.029634
37.72943568229675,3.45478673181683,0.8454334507352975,3.0982837605595437,1.89440351371177,0.6334180535155176,-2.4060767121854245,-0.0001507439382170558,0.029634
37.7599196434021,3.452523045663512,0.8488289125927657,3.1506170756620273,2.0912510446075023,0.7084669259852285,-2.3310278397157136,-0.00014604202554006633,0.029634
37.7879421710968,3.4462170631133953,0.8357321313901737,3.0690685127018233,1.9560105766731408,0.6764475121130359,-2.363047253587906,-0.00014804808483237877,0.029475
37.82063341140747,3.4475105979588325,0.8425230548932973,3.036226955590615,2.00291529752323,0.7132673840216924,-2.3262273816792494,-0.00014574127039539557,0.029475
37.84876370429993,3.4500976677064243,0.8454334507352975,3.061722740597618,2.096422766865579,0.7464135429620374,-2.2930812227389046,-0.0001436646190109525,0.029475
37.87627959251404,3.454948423687143,0.8370256406150535,3.1704789345219795,1.986597076900003,0.6520644177340414,-2.387430347966901,-0.0001495757184502069,0.029475
37.90545058250427,3.4486424409640963,0.8360555086957853,3.1284263834961386,1.8894943729267664,0.6186182990011987,-2.4208764666997435,-0.00015167116271860037,0.029475
37.935054063797,3.460122563693483,0.8354087540849674,3.3141412441002878,1.8080393328562085,0.5132566341017174,-2.526238131599225,-0.00015827221256194783,0.029475
37.96307182312012,3.452523045663512,0.838642527155284,3.301717314140532,1.8184365415915582,0.522465101060382,-2.5170296646405603,-0.00015769528973681065,0.029475
37.99110269546509,3.4465404468229828,0.8379957725379737,3.1808992888438055,1.812231440281666,0.5582234567359424,-2.481271308965,-0.00015545498071781676,0.029475
38.026150941848755,3.4512295107447866,0.8289412080658243,3.184205507126554,1.619123808967888,0.4432455759679841,-2.596249189732958,-0.00016265849940324986,0.029475
38.05710983276367,3.452361353797636,0.8281327648247918,3.207731993447717,1.4670945334054903,0.33803867348849215,-2.70145609221245,-0.00016924985317308516,0.029324
38.09471154212952,3.4478339816731447,0.8337918675650133,3.1393520014083047,1.4786515771159119,0.3630856330482385,-2.6764091326527035,-0.00016768062750988088,0.029324
38.125937700271606,3.449935975844984,0.8302347172567207,3.130879967941911,1.412584198689611,0.3181567929082909,-2.721337972792651,-0.00017049547969972173,0.029324
38.153730154037476,3.450906127018062,0.8362171973487432,3.1431313729670447,1.4910561450070916,0.37080504357882754,-2.668689722122114,-0.0001671969960702838,0.029324
38.181113481521606,3.443468301629583,0.8355704427375198,3.012313343449212,1.5325033601315785,0.4404164926717004,-2.5990782730292414,-0.00016283574527220575,0.029324
38.2088782787323,3.449935975844984,0.8410678569846762,3.041952907370516,1.676123163828572,0.528865847378869,-2.5106289183220727,-0.00015729427438152685,0.029324
38.237558364868164,3.4457319875512296,0.8334684902622373,2.9839126811287184,1.618230044822308,0.5122507587038586,-2.527244006997083,-0.00015833523200686444,0.029324
38.26480579376221,3.4481573653886395,0.8336301789135747,2.9887390921027532,1.5810756483117459,0.48399106648161216,-2.5555036992193294,-0.00016010573968719275,0.029324
38.296777963638306,3.4433066097802505,0.8299113399583911,2.9012084423430275,1.477539475029628,0.4378110327396606,-2.601683732961281,-0.00016299898083698772,0.029324
38.32500648498535,3.4478339816731447,0.838157461192149,2.924785515635022,1.5769742805412938,0.5064698635758254,-2.533024902125116,-0.00015869741285239037,0.029172
38.35251832008362,3.4478339816731447,0.8404211023612683,2.9412894669394154,1.6937696605636017,0.5824940474378547,-2.4570007182630866,-0.0001539343956064894,0.029172
38.379077434539795,3.4412046157657725,0.8459185167121774,2.828599746716654,1.890133181852041,0.7612359786997033,-2.278258787001238,-0.00014273597350029644,0.029172
38.407954692840576,3.437809087078426,0.8439782528101679,2.686080550821875,1.9871382034360088,0.8971747005459321,-2.142320065155009,-0.00013421922996360316,0.029172
38.434195041656494,3.444761836434868,0.8402594137056706,2.716620204155982,1.9775136197072687,0.873332630208965,-2.1661621354919762,-0.0001357129676984146,0.029172
38.46074390411377,3.448480749105315,0.8362171973487432,2.807694967561715,1.8865067397194535,0.770207441020472,-2.269287324680469,-0.00014217389933410317,0.029172
38.49284863471985,3.4496125921229885,0.8426847435503196,2.8926594348097057,1.9576333985679877,0.7642197100073289,-2.275275055693612,-0.00014254903872568383,0.029172
38.52384686470032,3.4397493891695623,0.8417146116097121,2.7672859846108464,1.9871973383197548,0.8483928971181613,-2.1911018685827797,-0.00013727547547929712,0.029014
38.56144976615906,3.447348906102119,0.8412295456407826,2.821948881287426,1.9977797354535372,0.822772686425537,-2.216722079275404,-0.00013888061609605202,0.029014
38.58854866027832,3.4428215342340227,0.8454334507352975,2.7753643813019457,2.0928278734167933,0.8951310047627272,-2.1443637609382136,-0.0001343472702498158,0.029014
38.61862325668335,3.4450852201391413,0.8399360363947802,2.785179494599504,2.0447548149349015,0.8668276062680322,-2.172667159432909,-0.00013612051618682575,0.029014
38.6449236869812,3.447672289815841,0.8389659044645483,2.840534947564003,1.9908789527716695,0.8087345842207406,-2.2307601814802003,-0.00013976012205724076,0.029014
38.67093110084534,3.4467021386782193,0.8478587806288895,2.8611019368520343,2.1385591300221254,0.8688952327448454,-2.1705995329560954,-0.00013599097661051124,0.029014
38.6996374130249,3.4420130749962103,0.8470503373284713,2.787619997857228,2.225081319216655,0.9452286345680417,-2.094266131132899,-0.0001312085864439558,0.029014
38.72867488861084,3.4444384527317764,0.8468886486686944,2.781637207995498,2.282276064683057,0.9706430508629414,-2.0688517148379995,-0.00012961633912267188,0.029014
38.75471210479736,3.4397493891695623,0.8373490179222877,2.68957042584094,2.1234359590549374,0.9602630615392801,-2.079231704161661,-0.00013026665939773845,0.029014
38.780879497528076,3.4429832260824704,0.8426847435503196,2.685729766973996,2.1234838521028276,0.9626715543364444,-2.0768232113644967,-0.00013011576408855185,0.028862
38.80664300918579,3.7115538027743047,0.8281327648247918,7.716384858885156,1.8201465635999443,0.1334380948775158,-2.9060566708234252,-0.00018206835427286632,0.028862
38.835753202438354,3.444600144583175,0.8457568280531154,6.234802915254907,1.9752262270226093,0.21346125641983546,-2.8260335092811055,-0.000177054795703276,0.028862
38.86463189125061,3.4450852201391413,0.8465652713494468,5.206786468366565,2.1006359262140823,0.3131801035879805,-2.7263146621129604,-0.0001708072759710654,0.028862
38.89248991012573,3.4455702956977645,0.8468886486686944,4.496265869247349,2.195164289581256,0.4244119253926661,-2.6150828403082746,-0.0001638384529119426,0.028862
38.92014479637146,3.4460553712590447,0.8519009971693532,4.007992363616334,2.365828540992781,0.5717921207401203,-2.4677026449608204,-0.00015460488569051558,0.028862
38.95427894592285,3.450259359568161,0.8436548754945944,3.744988830949246,2.3133833809779762,0.6169428089321718,-2.422551956768769,-0.00015177613442219127,0.028862
38.983503580093384,3.4470255223895787,0.8454334507352975,3.500280264461958,2.313750425283901,0.6887502799555761,-2.3507444857453645,-0.00014727729990014342,0.028862
39.01721811294556,3.4450852201391413,0.8407444796727689,3.2926206128115014,2.2162545356550707,0.7211233761761862,-2.3183713895247546,-0.00014524908193358412,0.028862
39.04486656188965,3.444923528286857,0.8447866961008865,3.1442285520997046,2.232277085776717,0.7877860484419709,-2.25170871725897,-0.00014107257596495694,0.028862
39.078322649002075,3.4405578483867303,0.8514159311811172,2.958535888666938,2.3816951372346638,0.9327958353545182,-2.1066989303464223,-0.00013198751801626055,0.028862
39.10789203643799,3.4405578483867303,0.838642527155284,2.8285510242639935,2.219995604656479,0.9384674816893913,-2.101027284011549,-0.00013163218175438527,0.028706
39.14255690574646,3.439911081012406,0.849475667237396,2.725440401608452,2.3326486562629825,1.0409082043900861,-1.9985865613108542,-0.000125214132863634,0.028706
39.17311239242554,3.4458936794049895,0.8504457992074127,2.765384231679422,2.43173051444286,1.0508706559722876,-1.9886241097286526,-0.00012458997188896843,0.028706
39.207714557647705,3.4457319875512296,0.8488289125927657,2.7903146081449806,2.4673799451192564,1.0484290458319738,-1.991065719868966,-0.00012474294204419147,0.028706
39.23518776893616,3.4481573653886395,0.8447866961008865,2.853220441014131,2.4080648724016482,0.9953860261729054,-2.0441087395280344,-0.0001280661584810731,0.028706
39.26439666748047,3.444761836434868,0.844463318784293,2.8336181272906003,2.359802747621516,0.9889783499389653,-2.0505164157619746,-0.0001284676080048693,0.028706
39.29044818878174,3.4395876973270134,0.8478587806288895,2.72292676497347,2.396805786417016,1.064087045320932,-1.9754077203800082,-0.00012376194734206402,0.028555
39.31585693359375,3.440881232075662,0.8443016301261494,2.6696852464984637,2.348550600496547,1.0802357901998745,-1.9592589755010654,-0.0001227502067820121,0.028555
39.34197759628296,3.4403961565427075,0.8504457992074127,2.623325270344413,2.4428618754063525,1.1373980083800368,-1.902096757320903,-0.00011916891702426635,0.028555
39.369062185287476,3.437162319724144,0.8447866961008865,2.530267200163439,2.390902223602614,1.1819707321866173,-1.8575240335143226,-0.00011637637600109912,0.028555
39.39655566215515,3.445246911991721,0.8465652713494468,2.616641772364569,2.3916091238200847,1.1265641955930865,-1.9129305701078536,-0.00011984766994895087,0.028555
39.423919916152954,3.4395876973270134,0.8476970919686014,2.5710433165252535,2.415699462775594,1.1623870863674797,-1.8771076793334602,-0.000117603317719322,0.028555
39.45096445083618,3.4403961565427075,0.849475667237396,2.554275919363174,2.4696413569463633,1.187277572439212,-1.852217193261728,-0.00011604389533034018,0.028555
39.4800500869751,3.438132470757335,0.8517393085065053,2.500114480306542,2.554591701114577,1.2406686512386147,-1.798826114462325,-0.000112698872520752,0.028555
39.511046171188354,3.4429832260824704,0.8514159311811172,2.553110605099917,2.607315367971166,1.220030012658162,-1.8194647530427774,-0.00011399191095269378,0.028555
39.54196357727051,3.4465404468229828,0.8460802053713415,2.553110605099917,2.607315367971166,1.220030012658162,-1.8194647530427774,-0.00011399191095269378,0.028403
39.56731128692627,3.4429832260824704,0.8491522899148762,2.553110605099917,2.607315367971166,1.220030012658162,-1.8194647530427774,-0.00011399191095269378,0.028403
39.592449426651,3.4402344646989786,0.8488289125927657,2.553110605099917,2.607315367971166,1.220030012658162,-1.8194647530427774,-0.00011399191095269378,0.028403
39.62097692489624,3.4368389360487708,0.8421996775795576,2.553110605099917,2.607315367971166,1.220030012658162,-1.8194647530427774,-0.00011399191095269378,0.028403
39.64745903015137,3.4410429239205693,0.8436548754945944,2.553110605099917,2.607315367971166,1.220030012658162,-1.8194647530427774,-0.00011399191095269378,0.028403
39.67302179336548,3.4458936794049895,0.8501224218836642,2.553110605099917,2.607315367971166,1.220030012658162,-1.8194647530427774,-0.00011399191095269378,0.028403
39.698991537094116,3.4444384527317764,0.8483438466103673,2.553110605099917,2.607315367971166,1.220030012658162,-1.8194647530427774,-0.00011399191095269378,0.028403
39.7280752658844,3.438455854437423,0.8499607332219435,2.553110605099917,2.607315367971166,1.220030012658162,-1.8194647530427774,-0.00011399191095269378,0.028403
39.75601315498352,3.4391026218011342,0.8436548754945944,2.553110605099917,2.607315367971166,1.220030012658162,-1.8194647530427774,-0.00011399191095269378,0.028403
39.78130269050598,3.444276760880673,0.8478587806288895,2.553110605099917,2.607315367971166,1.220030012658162,-1.8194647530427774,-0.00011399191095269378,0.028403
39.815704345703125,3.44136630761127,0.8443016301261494,2.553110605099917,2.607315367971166,1.220030012658162,-1.8194647530427774,-0.00011399191095269378,0.028403
39.84121537208557,3.44233645869045,0.8478587806288895,2.553110605099917,2.607315367971166,1.220030012658162,-1.8194647530427774,-0.00011399191095269378,0.028403
39.87650942802429,3.441851383149533,0.8438165641523303,2.553110605099917,2.607315367971166,1.220030012658162,-1.8194647530427774,-0.00011399191095269378,0.028403
39.90228629112244,3.440072772855545,0.848667223931864,2.553110605099917,2.607315367971166,1.220030012658162,-1.8194647530427774,-0.00011399191095269378,0.028394
39.930031061172485,3.444923528286857,0.8517393085065053,2.553110605099917,2.607315367971166,1.220030012658162,-1.8194647530427774,-0.00011399191095269378,0.028394
39.95758390426636,3.4420130749962103,0.8439782528101679,2.553110605099917,2.607315367971166,1.220030012658162,-1.8194647530427774,-0.00011399191095269378,0.028394
39.98312282562256,3.4478339816731447,0.8467269600090195,2.553110605099917,2.607315367971166,1.220030012658162,-1.8194647530427774,-0.00011399191095269378,0.028394
40.01317882537842,3.445408603844595,0.8476970919686014,2.553110605099917,2.607315367971166,1.220030012658162,-1.8194647530427774,-0.00011399191095269378,0.028394
40.038695335388184,3.4391026218011342,0.8410678569846762,2.553110605099917,2.607315367971166,1.220030012658162,-1.8194647530427774,-0.00011399191095269378,0.028394
40.06642246246338,3.4429832260824704,0.8434931868369605,2.553110605099917,2.607315367971166,1.220030012658162,-1.8194647530427774,-0.00011399191095269378,0.028394
40.091935873031616,3.445246911991721,0.8485055352710645,2.553110605099917,2.607315367971166,1.220030012658162,-1.8194647530427774,-0.00011399191095269378,0.028394
40.11797738075256,3.4403961565427075,0.8407444796727689,2.553110605099917,2.607315367971166,1.220030012658162,-1.8194647530427774,-0.00011399191095269378,0.028394
40.1453652381897,3.44233645869045,0.8459185167121774,2.553110605099917,2.607315367971166,1.220030012658162,-1.8194647530427774,-0.00011399191095269378,0.028394
40.17369222640991,3.4420130749962103,0.8528711291485943,2.553110605099917,2.607315367971166,1.220030012658162,-1.8194647530427774,-0.00011399191095269378,0.028394
