Relative_Time_s,Raw_S1_V,Raw_S2_V,Norm_S1,Norm_S2,Phase_rad,Unwrapped_Phase_rad,Calculated_Distance_mm,Stage_Position_mm
0.0,3.4664285472364997,0.9188401125397412,0.3447041445618102,0.2706855197124578,0.6456030598563391,-1.3738935876740395,-8.607627888515297e-05,0.008982
0.027872562408447266,3.459960871813694,0.9227206415239286,0.3552169332573043,0.25738108686088107,0.6066398515456131,-1.4128567959847653,-8.851737622697277e-05,0.008982
0.054384708404541016,3.46109271497844,0.9164147819560842,0.3891581654541221,0.1517716870733198,0.3485545380426733,-1.6709421094877053,-0.00010468676781635383,0.008982
0.0824127197265625,3.4622245581577094,0.9236907737796718,0.43949930844294893,0.18895621912646252,0.3859202981365793,-1.6335763493937994,-0.00010234575275124687,0.008982
0.10792112350463867,3.4606076393346283,0.9206186883164627,0.43676342228088594,0.1680718105758392,0.3464553566987926,-1.673041290831586,-0.00010481828434747928,0.008982
0.13542866706848145,3.4580205692793347,0.9235290850701117,0.37408880540827716,0.1978971697219451,0.4649097368343971,-1.5545869106959813,-9.739695830651425e-05,0.008982
0.16741681098937988,3.453331504997326,0.9185167351271901,0.22008999062165382,0.14223171039565582,0.5406903929812167,-1.4788062545491618,-9.264919839911368e-05,0.008982
0.19754719734191895,3.45640365053328,0.9186784238334118,0.18444271880162952,0.10573502467255322,0.4776108071921924,-1.5418858403381863,-9.660121918663934e-05,0.008982
0.23038721084594727,3.460122563693483,0.915121272321345,0.2468314037914615,0.025866357328685582,0.058505659019893304,-1.9609909885104853,-0.00012285871972374867,0.008982
0.25589919090270996,3.4591524124191935,0.919001801246178,0.26771867199115873,0.029217549141204703,0.0665110960030705,-1.9529855515273082,-0.00012235716834266389,0.008982
0.2859232425689697,3.4554334992998585,0.9167381593658422,0.19499798542692845,-0.0030045177608624568,-0.07620826221031525,-2.095704909740694,-0.00013129872785651469,0.008982
0.3134286403656006,3.451714586337091,0.9257927270137754,0.05675173420504623,0.11271164202416505,1.0890311651533542,-0.9304654823770244,-5.829491240998134e-05,0.008982
0.339937686920166,3.4578588774033965,0.9202953109015449,0.1042831552793842,0.10976233495584266,0.7736620573544548,-1.2458345901759236,-7.805321066408189e-05,0.008982
0.36595606803894043,3.451714586337091,0.9220738866889228,-0.0067486468982069356,0.13485831415552973,1.6595488627762982,-0.3599477847540804,-2.255121225002474e-05,0.008982
0.39246606826782227,3.4465404468229828,0.9168998480708822,-0.2059898875320989,0.0734131535364173,2.858298883796461,0.8388022362660825,5.2552086905481076e-05,0.008982
0.4269733428955078,3.4526847375296827,0.9249842834600377,-0.20115496749179992,0.1538583325601898,2.5372004644870327,0.5177038169566544,3.2434839588786e-05,0.008982
0.4574863910675049,3.4500976677064243,0.9283797464038931,-0.2585300145732238,0.2620218115167786,2.380599298491941,0.3611026509615627,2.262356616931086e-05,0.008982
0.4905092716217041,3.450906127018062,0.9165764706609095,-0.2797052067494373,0.1574893301164231,2.6692185426048303,0.6497218950744519,4.070594952910367e-05,0.008982
0.5166487693786621,3.453978272469703,0.9335537852672978,-0.22237594472232186,0.34357585961197157,2.1682176001425764,0.14872095261219798,9.317567465166984e-06,0.008982
0.5431544780731201,3.453008121262913,0.9332304078350806,-0.20503027101128626,0.4688981583462936,1.9975925298599575,-0.021904117670421108,-1.3723223969072762e-06,0.0
0.5717277526855469,3.4565653424065537,0.9283797464038931,-0.10934399592818832,0.4825496895670496,1.8033310877010227,-0.21616555982935592,-1.354306270890855e-05,0.0
0.5984370708465576,3.460122563693483,0.9351706724349022,0.04118070348058556,0.5958094708897631,1.5018902753688768,-0.5176063721615018,-3.2428734541467414e-05,0.0
0.6269543170928955,3.4585056449089255,0.9374343144878179,0.1085733077172363,0.7096592216219516,1.4170413241216753,-0.6024553234087033,-3.7744635318784116e-05,0.0
0.6528289318084717,3.457050418028149,0.9275713028415072,0.12157091446314437,0.6387367543558772,1.3795101802295244,-0.6399864673008544,-4.009601190101915e-05,0.0
0.6788640022277832,3.458343953032099,0.9290265012557497,0.16104898690836272,0.6113132504068114,1.3076792143032259,-0.7118174332271527,-4.4596318410295104e-05,0.0
0.7078986167907715,3.4602842555735687,0.9317752093954774,0.23425326003939081,0.6340921083782147,1.2087526512084448,-0.8107439963219338,-5.0794200480996145e-05,0.0
0.7359054088592529,3.4526847375296827,0.929673256109339,0.10701523580820116,0.617938541881958,1.3971115772689737,-0.6223850702614051,-3.899326073169395e-05,0.009087
0.763777494430542,3.444761836434868,0.9198102447799755,-0.16812731706579526,0.4560137573960505,1.946783964374937,-0.07271268315544166,-4.555547278134971e-06,0.009087
0.7939193248748779,3.4450852201391413,0.9156063384335676,-0.35313216824393245,0.2784688775526486,2.5206474795177214,0.501150831987343,3.1397772844037333e-05,0.009087
0.8255293369293213,3.433605099359831,0.9214271318556412,-0.752255769196909,0.2430763506238995,2.8596324676345604,0.840135820104182,5.263563772440535e-05,0.009087
0.8525576591491699,3.43554540135906,0.915121272321345,-0.9860726801795658,0.12200528549462687,3.0436736469229166,1.0241769993925383,6.416606483819392e-05,0.009087
0.8776285648345947,3.445246911991721,0.9173849141866466,-0.9218964544963605,0.07182344084538049,3.0910928697419737,1.0715962222115953,6.713694284833188e-05,0.009087
0.9088640213012695,3.443144917931213,0.9185167351271901,-0.9263401790312208,0.0539801001820651,3.1106423416968254,1.091145694166447,6.836174352804983e-05,0.009087
0.9363946914672852,3.448480749105315,0.9212654431475902,-0.8041343436918542,0.08346507063125756,3.069101375669733,1.0496047281393546,6.575914620247369e-05,0.009087
0.9654152393341064,3.444276760880673,0.9188401125397412,-0.8173244264142381,0.06706751264441664,3.090440018348583,1.0709433708182048,6.709604083152928e-05,0.009087
0.9973464012145996,3.448480749105315,0.92643948185871,-0.7278233168599871,0.17163860683520193,2.9413197663125126,0.9218231187821342,5.7753456721058536e-05,0.009238
1.0265755653381348,3.452037970066772,0.9206186883164627,-0.5816282409654348,0.1559494819719517,2.917926645470125,0.8984299979397465,5.628784627517794e-05,0.009238
1.051687240600586,3.451714586337091,0.928703123829605,-0.4868866242695872,0.26842388791823396,2.670532588071244,0.6510359405408654,4.078827624279499e-05,0.009238
1.0781831741333008,3.459475796176105,0.9303200109646612,-0.23828901058167365,0.37184733124594366,2.1505598051906993,0.13106315766032095,8.211282890866155e-06,0.009238
1.1077065467834473,3.4500976677064243,0.9309667658217176,-0.284523844736191,0.45412028528778603,2.1379261164768093,0.11842946894643092,7.419765321498903e-06,0.009238
1.1338982582092285,3.450259359568161,0.9246609060392986,-0.31309076050204454,0.41541505304886794,2.2297225301707435,0.21022588264036512,1.3170933953964062e-05,0.009238
1.1618406772613525,3.4463787549680416,0.9173849141866466,-0.4242268350374414,0.2772102781333532,2.5976423119863177,0.5781456644559393,3.622160252905869e-05,0.009238
1.1873772144317627,3.4500976677064243,0.9325836529719495,-0.41468032185521453,0.41256570750603994,2.377824399975848,0.35832775244546955,2.2449715049622907e-05,0.009238
1.2154850959777832,3.439911081012406,0.9280563689786142,-0.6472382416082894,0.43817870217226373,2.568273483845022,0.5487768363146435,3.43816059934463e-05,0.009238
1.243577480316162,3.4463787549680416,0.9240141511991157,-0.6581300718118197,0.3943794014132291,2.6262406298302405,0.6067439822998622,3.80133255594771e-05,0.009238
1.2717256546020508,3.4534931968649767,0.9217505092720666,-0.49866575515126027,0.3291519889977111,2.587595607844625,0.5680989603142468,3.559216301836049e-05,0.00939
1.299065113067627,3.450421051430193,0.9256310383028118,-0.45919262964339375,0.3427520608774533,2.527527037950506,0.5080303904201275,3.18287864214932e-05,0.00939
1.3298423290252686,3.449935975844984,0.9251459721705692,-0.442953846214688,0.3448647035700286,2.5064369682824155,0.4869403207520371,3.05074652254818e-05,0.00939
1.3636150360107422,3.4488041328231733,0.9293498786823278,-0.45816897456758704,0.4105410866831642,2.430434977705105,0.4109383301747265,2.574583841868178e-05,0.00939
1.3953907489776611,3.4497742839838383,0.9332304078350806,-0.44603475579004637,0.5157738172961261,2.2934340817961565,0.2739374342657781,1.716254825008958e-05,0.00939
1.4217185974121094,3.444276760880673,0.9109173660558126,-0.5666547148830212,0.24869598269696058,2.7680269346540594,0.748530287123681,4.689642802505603e-05,0.00939
1.4487617015838623,3.4470255223895787,0.9304816996787628,-0.5865317311317813,0.360506933516683,2.6184559749025436,0.5989593273721652,3.7525606470755286e-05,0.00939
1.4765205383300781,3.4463787549680416,0.9311284545362527,-0.6156355144782779,0.44865114280956336,2.5325573005675786,0.5130606530372002,3.214393913184666e-05,0.00939
1.502366304397583,3.452523045663512,0.9338771626999494,-0.491704374600579,0.5523274004163613,2.3060904872174346,0.2865938396870562,1.7955489051691135e-05,0.00939
1.5297918319702148,3.454463348077091,0.9283797464038931,-0.35938295727038977,0.5409501590160998,2.155362946621571,0.13586629909119274,8.512206153801306e-06,0.009548
1.557204008102417,3.446863830533751,0.932421964256438,-0.44523896880643415,0.5947144881767972,2.215732133680193,0.1962354861498148,1.2294416819858197e-05,0.009548
1.5859143733978271,3.4486424409640963,0.9277329915537681,-0.4635660284616713,0.5607445768417978,2.2674472577509377,0.2479506102205593,1.5534438814305273e-05,0.009548
1.6180448532104492,3.443468301629583,0.9293498786823278,-0.5979139451119423,0.5616569979733999,2.4007729809934046,0.38127633346302625,2.388747447830611e-05,0.009548
1.6441633701324463,3.453654888732923,0.9269245479935458,-0.4527169981731731,0.5252586542283296,2.289653546573675,0.27015689904329676,1.6925692639826223e-05,0.009548
1.671708106994629,3.4494509002624345,0.9194868673661337,-0.4498133085499154,0.3861995644065599,2.4556240223551264,0.43612737482474806,2.7323965903661527e-05,0.009548
1.69942045211792,3.449935975844984,0.9244992173290909,-0.43638832144926704,0.3654014125658444,2.4703204320734264,0.45082378454304806,2.8244715714907454e-05,0.009548
1.72782564163208,3.450906127018062,0.9248225947496141,-0.4042060215626467,0.3557809780113311,2.444547011777883,0.42505036424750475,2.6629976310715848e-05,0.009548
1.7530996799468994,3.4470255223895787,0.9261161044360265,-0.4728176458075052,0.3687997608250641,2.5070347018525285,0.48753805432215014,3.0544914036613654e-05,0.009548
1.780383825302124,3.453654888732923,0.9223972641062103,-0.3651495886600741,0.3211227839485554,2.4478789424745933,0.42838229494421487,2.6838726244807584e-05,0.009702
1.8063955307006836,3.4515528944726936,0.9251459721705692,-0.3391490358605901,0.32972420971980176,2.391917145641769,0.3724204981113908,2.3332644497056333e-05,0.009702
1.8319377899169922,3.4513912026085922,0.9193251786593742,-0.32474611709881596,0.24685631743707906,2.5371295796474564,0.5176329321170781,3.243039855836353e-05,0.009702
1.8586714267730713,3.4557568830431484,0.9282180576911995,-0.2121324301860517,0.32465126502646874,2.136419154621918,0.11692250709153962,7.325352136915583e-06,0.009702
1.8862388134002686,3.456888726153988,0.9278946802661371,-0.10672057050321884,0.3741694565357394,1.782637285293967,-0.23685936223641146,-1.4839557228691232e-05,0.009702
1.9170219898223877,3.4573738017773596,0.9202953109015449,-0.02153986340211496,0.2927828051139453,1.5085639256330425,-0.5109327218973361,-3.2010621387381864e-05,0.009702
1.9428491592407227,3.452199661932056,0.9175466028921162,-0.08343235531931273,0.19383684037272308,1.8834000761657441,-0.1360965713646345,-8.526633021068258e-06,0.009702
1.9724369049072266,3.4586673367860485,0.9277329915537681,0.025141635060974134,0.28013022337894306,1.3083068236301891,-0.7111898239001895,-4.4556997842863044e-05,0.009702
2.006211042404175,3.4554334992998585,0.9246609060392986,0.025194059575806164,0.293622009712679,1.3220357629598287,-0.6974608845705501,-4.3696861351116236e-05,0.009702
2.0312368869781494,3.453331504997326,0.9183550464210757,-0.024136331461044564,0.20676996258550515,1.4914588686198005,-0.5280377789105786,-3.3082276187307764e-05,0.009854
2.0577220916748047,3.459637488055005,0.9257927270137754,0.08943366292967463,0.25955377826662124,1.0277882140823082,-0.9917084334480708,-6.213186556518586e-05,0.009854
2.0883607864379883,3.459960871813694,0.9243375286189913,0.17652759611479896,0.27428022640337346,0.8088402046215732,-1.2106564429088058,-7.58492524812988e-05,0.009854
2.1170692443847656,3.4597991799342016,0.9206186883164627,0.2336958807851111,0.22779861566967008,0.5786973535538474,-1.4407992939765317,-9.02680112626592e-05,0.009854
2.1436140537261963,3.457050418028149,0.9219121979804409,0.20915671561069496,0.21501457481539266,0.5879510880831146,-1.4315455594472648,-8.96882523634137e-05,0.009854
2.171959638595581,3.4607693312156025,0.912372564370306,0.279321075892429,0.06038673457437153,0.025494021561159964,-1.9940026259692192,-0.00012492694315665963,0.009854
2.2066190242767334,3.4665902391281502,0.9188401125397412,0.46514500211492177,0.050912677404602064,-0.0029626977825915036,-2.0224593453129707,-0.0001267097948508262,0.009854
2.2327752113342285,3.455595191171356,0.9128576304770634,0.3369938848850905,-0.047077186379134425,-0.26248685710967895,-2.281983504640058,-0.00014296933206396094,0.009854
2.261789560317993,3.4515528944726936,0.9120491869663363,0.1523513956210043,-0.12801576974300333,-0.7727793991903927,-2.792276046720772,-0.0001749398453258471,0.009854
2.288395643234253,3.4672370066977227,0.9173849141866466,0.39145610137401254,-0.10319129782095386,-0.3508627252620849,-2.370359372792464,-0.00014850619892326595,0.009854
2.318493127822876,3.4672370066977227,0.9201336221942474,0.5588293954011322,-0.04383885875746339,-0.16021941614692226,-2.1797160636773016,-0.00013656213950686926,0.010002
2.3450050354003906,3.461739482507672,0.9136660739904674,0.5468767634564705,-0.10105758293644482,-0.25823140831852515,-2.2777280558489044,-0.00014270272248064603,0.010002
2.373579978942871,3.45640365053328,0.9120491869663363,0.4131934597859838,-0.16580204733311948,-0.45597223902080636,-2.4754688865511856,-0.00015509145115891805,0.010002
2.407228708267212,3.4559185749152377,0.9181933577150688,0.3082227420186973,-0.11729601314856461,-0.46308185083058573,-2.482578498360965,-0.00015553687788948442,0.010002
2.4399375915527344,3.4588290286634673,0.9170615367760295,0.3030976717081523,-0.100625739787561,-0.4283203717973887,-2.447817019327768,-0.00015335902453128696,0.010002
2.4712507724761963,3.4557568830431484,0.9089771016499602,0.22735822197878092,-0.21241333587445096,-0.8014993335734353,-2.8209959811038146,-0.0001767391877958147,0.010002
2.499272108078003,3.4560802667876223,0.9170615367760295,0.18193554394601852,-0.16720786569568538,-0.8054451346400902,-2.824941782170469,-0.00017698639753322508,0.010002
2.526777744293213,3.4497742839838383,0.9186784238334118,0.002038407169491426,-0.11087267859138224,-1.3985841283016214,-3.4180807758320007,-0.0002141473522782748,0.010002
2.5528078079223633,3.454625039946813,0.9227206415239286,-0.009965541701563026,-0.009709651951804722,-1.307354285003806,-3.3268509325341853,-0.00020843168004222774,0.010002
2.5803356170654297,3.4512295107447866,0.9114024321596809,-0.0981151393783321,-0.11173503858665823,-1.9952155505269558,-4.014712198057335,-0.00025152711236439414,0.010154
2.6093740463256836,3.4492892084021762,0.9152829610253119,-0.20538947550107975,-0.12389355118189636,-2.377323273582572,-4.396819921112951,-0.0002754666745175216,0.010154
2.634383201599121,3.4497742839838383,0.9193251786593742,-0.2690891064434878,-0.07067611519411303,-2.687482457179116,-4.706979104709495,-0.0002948985640216027,0.010154
2.6597068309783936,3.448480749105315,0.9120491869663363,-0.34405859288044455,-0.14453501991348722,-2.5971081016813593,-4.616604749211739,-0.0002892364892454473,0.010154
2.686729907989502,3.4492892084021762,0.9162530932513663,-0.3775498929525585,-0.13203872345107126,-2.6684231702669057,-4.687919817797285,-0.00029370447409329543,0.010154
2.7158050537109375,3.4433066097802505,0.9086537242504803,-0.5415001181065258,-0.23934069585153459,-2.63303719706165,-4.652533844592029,-0.00029148749533630544,0.010154
2.7430460453033447,3.444923528286857,0.9201336221942474,-0.6182905968927332,-0.13914343737886764,-2.8366350235362856,-4.856131671066665,-0.0003042431726676997,0.010154
2.7723464965820312,3.4439533771793513,0.9228823302329495,-0.6948287394191972,-0.02703004725499871,-3.0321933105945895,-5.051689958124969,-0.00031649516205476064,0.010303
2.8039627075195312,3.443791685329134,0.9196485560730008,-0.752202907059478,0.002066609183384867,-3.0809486642866473,-5.100445311817027,-0.000319549750458981,0.010303
2.8316171169281006,3.4478339816731447,0.9059050163721344,-0.697428125533765,-0.18744226975163622,-2.804083084940015,-4.823579732470394,-0.00030220374998605765,0.010303
2.8594040870666504,3.4424981505380132,0.9193251786593742,-0.7844022200642219,-0.11516021819293205,-2.930886052486175,-4.950382700016554,-0.0003101481262433533,0.010303
2.8859686851501465,3.4457319875512296,0.9232057076513148,-0.7693347285923501,-0.005303522123812913,-3.0731906493811243,-5.092687296911503,-0.00031906370040343514,0.010303
2.913256883621216,3.450259359568161,0.9220738866889228,-0.6524583792013281,0.054312214199773085,3.1262107772019405,-5.176471177508024,-0.00032431287307372605,0.010303
2.941774368286133,3.4420130749962103,0.9257927270137754,-0.7643158010389389,0.1528333543966088,2.993923028031031,-5.308758926678934,-0.0003326008782677833,0.010303
2.9678595066070557,3.448965824682545,0.9261161044360265,-0.6793248748578171,0.22673642429476187,2.8647726950753043,-5.43790925963466,-0.0003406923201213171,0.010303
2.996396064758301,3.4403961565427075,0.9278946802661371,-0.8210970255728828,0.3056290680235463,2.8195773820795873,-5.483104572630377,-0.0003435238671935378,0.010303
3.022451400756836,3.441851383149533,0.919001801246178,-0.8861603212876403,0.22505144662760607,2.9323550419287323,-5.370326912781232,-0.000336458195304331,0.010454
3.048696517944336,3.453978272469703,0.9241758399089995,-0.6468945248991231,0.24765945839318781,2.819049136663993,-5.4836328180459715,-0.00034355696247844223,0.010454
3.0812292098999023,3.450259359568161,0.9233673963606593,-0.5667502366160831,0.25113938733945274,2.76774283366162,-5.534939121048344,-0.0003467713712837668,0.010454
3.1068918704986572,3.4481573653886395,0.9288648125426233,-0.5600163201262017,0.3375259575845738,2.626739901708162,-5.675942053001802,-0.00035560539438667517,0.010454
3.1331210136413574,3.4512295107447866,0.9186784238334118,-0.4831506842755931,0.2424409977047992,2.721038978773563,-5.581642975936401,-0.00034969743053203943,0.010454
3.1594529151916504,3.449935975844984,0.9240141511991157,-0.459724484457231,0.25736300828599934,2.670754484589322,-5.631927470120642,-0.0003528478216422631,0.010454
3.185675859451294,3.45640365053328,0.9256310383028118,-0.2914274137536107,0.2924997743792505,2.3520818279352036,-5.950600126774761,-0.0003728130916699593,0.010454
3.2131948471069336,3.4513912026085922,0.9280563689786142,-0.29134098162387134,0.3541325489835174,2.240138348460968,-6.062543606248997,-0.0003798265010380834,0.010454
3.2394521236419678,3.4559185749152377,0.9214271318556412,-0.1849513669681839,0.2960409206255032,2.0705288773215136,-6.2321530773884515,-0.00039045276224953525,0.010454
3.2654387950897217,3.449127516542213,0.920780377024083,-0.26997230291462804,0.2455002374518247,2.4137698233151506,-5.8889121313948145,-0.00036894825589095276,0.010454
3.2933695316314697,3.4475105979588325,0.9196485560730008,-0.3674616387017717,0.1928378084781573,2.7187929369594745,-5.58388901775049,-0.0003498381480689082,0.010615
3.320040702819824,3.453008121262913,0.9180316690091695,-0.30659025679686286,0.13128275011895044,2.835651275095019,-5.467030679614945,-0.0003425168162032869,0.010615
3.3507091999053955,3.4593141042975013,0.9220738866889228,-0.11587902188921669,0.149922604769708,2.142041846379194,-6.16064010833077,-0.0003859723786712586,0.010615
3.377246141433716,3.4513912026085922,0.9219121979804409,-0.1684571073188303,0.16050136718541694,2.385957753070795,-5.91672420163917,-0.000370690719453054,0.010615
3.4045004844665527,3.4534931968649767,0.9194868673661337,-0.15589468000616072,0.13086946347651765,2.4855093100744847,-5.81717264463548,-0.00036445368067437547,0.010615
3.4337589740753174,3.4588290286634673,0.9139894513965788,-0.021784523709227434,0.026176514141242155,0.0,-5.81717264463548,-0.00036445368067437547,0.010615
3.460923910140991,3.460122563693483,0.9115641208611843,0.10247233403382341,-0.0841455865882783,-0.7180433101908622,-2.737539957721241,-0.00017151055582040396,0.010615
3.4894678592681885,3.4588290286634673,0.919001801246178,0.15907238611876842,-0.04779081160067284,-0.43771997831360115,-2.45721662584398,-0.00015394792250647142,0.010615
3.516392707824707,3.4551101155577526,0.9181933577150688,0.1113506485941041,-0.034688148135851964,-0.4830511665146553,-2.5025478140450343,-0.0001567879823428341,0.010615
3.5440866947174072,3.4602842555735687,0.9236907737796718,0.19946442321938196,0.05843433448004058,0.03023581611448393,-1.989260831415895,-0.00012462986335801305,0.010774
3.5711123943328857,3.4565653424065537,0.896850449460953,0.1738022900332864,-0.28625645740956984,-0.9822340250854602,-3.0017306726158393,-0.00018806245900865193,0.010774
3.598207473754883,3.46367978512383,0.9193251786593742,0.32292741387247664,-0.1843301495534833,-0.5604332927919857,-2.579929940322365,-0.00016163607650524308,0.010774
3.6242170333862305,3.4534931968649767,0.9125342530724514,0.188074484827768,-0.2166854367408007,-0.8414524568878914,-2.86094910441827,-0.00017924230464241863,0.010774
3.652784585952759,3.450906127018062,0.9230440189420783,0.032917942831250054,-0.07884031095866603,-0.9985886631939104,-3.018085310724289,-0.00018908709905611875,0.010774
3.6845312118530273,3.451714586337091,0.9227206415239286,-0.05670429561191821,0.012713005391096622,0.0,-3.018085310724289,-0.00018908709905611875,0.010774
3.718045473098755,3.4585056449089255,0.9215888205638001,0.04005380835248714,0.05951637594569746,0.11871676752816493,-1.9007798800022142,-0.00011908641289122581,0.010774
3.745800256729126,3.455595191171356,0.9193251786593742,0.039430049251389744,0.05771083379520265,0.09941813996563385,-1.920078507564745,-0.00012029549783279352,0.010774
3.7715799808502197,3.450259359568161,0.9107556773547372,-0.08632303471075886,-0.0744172414804034,-1.8644977413659152,-3.8839943888962942,-0.00024333746602093112,0.010774
3.7990269660949707,3.454301656207666,0.9177082915976932,-0.07941348767041292,-0.06073405644787482,-1.8411254711397973,-3.860622118670176,-0.00024187316189416944,0.010774
3.8260416984558105,3.452361353797636,0.9228823302329495,-0.12014642407457399,0.02785651939669287,-2.8595855065246853,-4.879082154055064,-0.0003056810512574112,0.010923
3.8520658016204834,3.4496125921229885,0.9211037544396468,-0.21321643856640018,0.06270942824990519,3.054396012507303,-5.248285942202662,-0.00032881216455407457,0.010923
3.8790903091430664,3.452361353797636,0.9170615367760295,-0.21380848970174768,0.025378069191371824,-3.0022158768922433,-5.021712524422622,-0.00031461703556317925,0.010923
3.9063470363616943,3.454463348077091,0.9248225947496141,-0.16485583784125651,0.1177646376492025,2.5981981739537594,-5.704483780756206,-0.00035739357197196503,0.010923
3.9329187870025635,3.4526847375296827,0.9167381593658422,-0.17236113270820327,0.05897844419473205,3.05604879467605,-5.246633160033916,-0.00032870861553094087,0.010923
3.961538553237915,3.4450852201391413,0.9110790547569951,-0.35609583919363197,-0.06859164274566851,-2.775691285396581,-4.795187932926961,-0.0003004249656045909,0.010923
3.988246440887451,3.4497742839838383,0.9209420657318111,-0.37458356102825696,-0.00727342107969617,-2.9715167079170826,-4.991013355447462,-0.0003126936913872144,0.010923
4.016852140426636,3.45640365053328,0.9235290850701117,-0.23182876735332192,0.07515550756306921,2.992931808921243,-5.309750145788723,-0.00033266297947656394,0.010923
4.042611122131348,3.445408603844595,0.9206186883164627,-0.39012824758388787,0.08841131248145881,3.0232983607640076,-5.279383593945958,-0.0003307604742107643,0.010923
4.0687665939331055,3.454625039946813,0.9215888205638001,-0.2844822000288903,0.11250519090895042,2.8713746168065093,-5.431307337903457,-0.00034027870085617806,0.011074
4.0977864265441895,3.453169813129972,0.9220738866889228,-0.24470718145856388,0.13677831332270346,2.7094091822618775,-5.593272772448088,-0.000350426052906362,0.011074
4.124977350234985,3.4475105979588325,0.9219121979804409,-0.3497760536825441,0.15130036317251264,2.807886073256235,-5.494795881453731,-0.00034425634339681866,0.011074
4.151754140853882,3.453008121262913,0.9183550464210757,-0.2942103472834001,0.1071448100073949,2.9032414623507825,-5.399440492359184,-0.00033828220017456217,0.011074
4.177900791168213,3.452037970066772,0.9233673963606593,-0.27809916226179254,0.1527791334693988,2.7065681452651016,-5.596113809444865,-0.00035060404769071175,0.011074
4.207028388977051,3.4444384527317764,0.9261161044360265,-0.44530233152068704,0.22669846964571713,2.7145700955308145,-5.588111859179152,-0.00035010271475716,0.011074
4.234181880950928,3.448319057246829,0.9236907737796718,-0.47120531850044306,0.24140496692714064,2.7087607922257004,-5.593921162484266,-0.00035046667541314204,0.011074
4.263705730438232,3.4494509002624345,0.9217505092720666,-0.46275513277899394,0.22206988485744977,2.7405262796867547,-5.562155675023211,-0.00034847652495159897,0.011074
4.295754671096802,3.549376526899992,0.9450336843931926,1.8899966263445183,0.5640909051358666,0.2579748536383394,-8.044707101071626,-0.0005040117067243346,0.011226
4.321383237838745,3.448480749105315,0.9306433883929726,1.1673014200711354,0.5837525151512015,0.41126794636690245,-7.891414008343063,-0.0004944076885389016,0.011226
4.348538160324097,3.449935975844984,0.9253076608812086,0.6955919885854686,0.5160341574344218,0.5556823081589983,-7.746999646550967,-0.0004853599347738646,0.011226
4.377115726470947,3.448965824682545,0.9304816996787628,0.3426105778792542,0.5476436558329048,0.9000313221554972,-7.402650632554469,-0.00046378600646638184,0.011226
4.403844118118286,3.4465404468229828,0.9204569996089499,0.03856156981214126,0.41668388044533233,1.3339972579754305,-6.9686846967345355,-0.000436597457619937,0.011226
4.431352853775024,3.444761836434868,0.9201336221942474,-0.21604488326301285,0.3200737660289375,2.133777994294586,-6.1689039604153795,-0.0003864901201055896,0.011226
4.4654700756073,3.4465404468229828,0.9274096141293547,-0.35249725298746304,0.3635577995449041,2.3486194461186334,-5.954062508591332,-0.0003730300145419516,0.011226
4.496692657470703,3.443468301629583,0.9282180576911995,-0.5201658022800035,0.4063423025019474,2.5016893764473083,-5.800992578262657,-0.0003634399777806563,0.011226
4.527251482009888,3.4470255223895787,0.9278946802661371,-0.553989492309655,0.4313531827685733,2.5019032068458014,-5.800778747864165,-0.0003634265810189421,0.011226
4.553812742233276,3.4475105979588325,0.9309667658217176,-0.5662736712782974,0.49577438135363694,2.4362427152280874,-5.8664392394818785,-0.0003675402990236901,0.011377
4.579915761947632,3.448319057246829,0.9254693495919563,-0.5558852563307738,0.4569185996505338,2.4718467840800136,-5.830835170629952,-0.00036530965628145786,0.011377
4.608985185623169,3.4475105979588325,0.9243375286189913,-0.5676007060930668,0.4124356013721077,2.5394830006357543,-5.763198954074212,-0.000361072156455256,0.011377
4.6390814781188965,3.4462170631133953,0.9256310383028118,-0.6061812649269189,0.40105058953952977,2.587668094165639,-5.715013860544326,-0.0003580532956162537,0.011377
4.665621042251587,3.4433066097802505,0.9309667658217176,-0.7015420784885921,0.4745625660933031,2.5715574514719046,-5.73112450323806,-0.00035906264902321776,0.011377
4.6918418407440186,3.4492892084021762,0.9160914045467556,-0.6277883328782479,0.29886045097298025,2.7473764643312104,-5.555305490378755,-0.00034804735168144106,0.011377
4.727524042129517,3.454625039946813,0.9272479254173104,-0.45084425973499787,0.34623934311151644,2.514848624707494,-5.787833330002472,-0.0003626155331997042,0.011377
4.75325083732605,3.4494509002624345,0.9295115673957792,-0.4485023916431997,0.41397247027790696,2.4074573255911287,-5.895224629118837,-0.00036934374235324474,0.011377
4.781896591186523,3.453654888732923,0.9172232254812843,-0.3481289107450672,0.27373133440150593,2.5109162860319443,-5.791765668678021,-0.0003628618995002272,0.011377
4.808721542358398,3.453008121262913,0.9253076608812086,-0.2930573472271871,0.29901933090963373,2.3504143744915376,-5.952267580218428,-0.00037291755986817554,0.011377
4.834688901901245,3.4507444351551433,0.9304816996787628,-0.3076718077772496,0.39573327726555535,2.2106431979059202,-6.092038756804046,-0.0003816744118426124,0.011536
4.8638596534729,3.452523045663512,0.9188401125397412,-0.2761297799098452,0.28565525728842056,2.3422087507095553,-5.960473204000411,-0.0003734316532211261,0.011536
4.891400098800659,3.453008121262913,0.9204569996089499,-0.24265795564254566,0.23329200146419454,2.3928805302410936,-5.909801424468872,-0.00037025699816363515,0.011536
4.917483806610107,3.4562419586603035,0.9199719334870577,-0.14327831198959715,0.18923031492205206,2.151485437726307,-6.151196516983659,-0.00038538072498733134,0.011536
4.947566032409668,3.454948423687143,0.919001801246178,-0.10409230843243751,0.1435723194565584,2.064026020041861,-6.238655934668104,-0.0003908601749937066,0.011536
4.976585626602173,3.454625039946813,0.9183550464210757,-0.08425704262288547,0.1017351794062241,0.0,-6.238655934668104,-0.0003908601749937066,0.011536
5.00512433052063,3.45640365053328,0.9209420657318111,-0.02860020446954798,0.11195535442662527,0.9365884101273586,-7.366093544582607,-0.00046149565579604906,0.011536
5.03234601020813,3.45478673181683,0.9152829610253119,-0.027615101512139105,0.03268972392739983,0.0,-7.366093544582607,-0.00046149565579604906,0.011536
5.062376022338867,3.458182261155569,0.9126959417747038,0.052821307235945775,-0.06230238955949361,-0.8397611319194251,-9.14244308662939,-0.000572786340861106,0.011536
5.088715553283691,3.4559185749152377,0.910270611252152,0.05596223523367764,-0.1658339049990286,-1.0996021872166222,-9.402284141926586,-0.0005890657320324696,0.011687
5.115755558013916,3.450421051430193,0.9075219033556633,-0.07095303637394068,-0.2802812728279748,-1.5972812240934082,-9.899963178803372,-0.0006202459922490011,0.011687
5.145031929016113,3.4494509002624345,0.9126959417747038,-0.18257853529045964,-0.2813820872882564,-1.9066012726636952,-10.209283227373659,-0.0006396253088164367,0.011687
5.176080703735352,3.450421051430193,0.9191634899527223,-0.2379315757408194,-0.18338722628042795,-2.1889584219155913,-10.491640376625554,-0.0006573153635210148,0.011687
5.202186107635498,3.445408603844595,0.915121272321345,-0.3944002134550944,-0.17651921833840406,-2.5157524386799115,-10.818434393389875,-0.0006777894476694291,0.011687
5.227687120437622,3.453008121262913,0.9215888205638001,-0.3254472591241992,-0.0729461806649547,-2.663685108400641,-10.966367063110605,-0.0006870576281525074,0.011687
5.255222797393799,3.4513912026085922,0.9261161044360265,-0.31515487338334935,0.06869074975167251,3.1177013215744878,-11.468165940315062,-0.0007184960018999472,0.011687
5.2818074226379395,3.4450852201391413,0.9295115673957792,-0.4560514576662342,0.21968845492601394,2.7606094782450143,-11.825257783644535,-0.0007408682855831967,0.011687
5.309831619262695,3.4513912026085922,0.9270862367053739,-0.40657781236273904,0.28834980998607157,2.558572103071228,-12.02729515881832,-0.0007535261985443634,0.011687
5.337252616882324,3.453978272469703,0.9257927270137754,-0.31118676865162964,0.31665967144702,2.340989231323743,-12.244878030565806,-0.0007671580577488861,0.011687
5.363361835479736,3.4505827432925202,0.9332304078350806,-0.3241598709374998,0.45005682663082974,2.160059977325455,-12.425807284564094,-0.0007784935185628528,0.011836
5.390951156616211,3.450421051430193,0.9215888205638001,-0.3370385106937684,0.36565705081350725,2.302936194515273,-12.282931067374276,-0.0007695421316234124,0.011836
5.41808819770813,3.4513912026085922,0.9251459721705692,-0.3232687494819991,0.36089819652526806,2.2848840033083193,-12.30098325858123,-0.0007706731256529052,0.011836
5.445031404495239,3.454463348077091,0.9261161044360265,-0.24147801968743945,0.372381813784829,2.0868180376312737,-12.499049224258275,-0.0007830822244741157,0.011836
5.472880125045776,3.454463348077091,0.9175466028921162,-0.1842245088312199,0.24955614644233493,2.136681661797971,-12.449185600091578,-0.000779958201435866,0.011836
5.499634504318237,3.4534931968649767,0.9149595836174854,-0.16693186106479868,0.12407200679830446,2.6167195986988423,-11.969147663190707,-0.0007498831798309642,0.011836
5.5261712074279785,3.456888726153988,0.9193251786593742,-0.07508017211833477,0.10289977539203038,0.0,-11.969147663190707,-0.0007498831798309642,0.011836
5.552763223648071,3.4559185749152377,0.9117258095627946,-0.03356880031432569,-0.027970167977847307,-1.2193971810443431,-9.522079135754307,-0.0005965710493221567,0.011836
5.5815348625183105,3.452199661932056,0.9133426965847845,-0.0918526111578394,-0.09488777089807234,-1.7150491744813325,-10.017731129191297,-0.00062762431254416,0.011836
5.6082682609558105,3.4510678188812767,0.9217505092720666,-0.15923355618165957,-0.013335031620197607,-2.4200706821720064,-10.722752636881971,-0.0006717948570903008,0.011836
5.633403778076172,3.4505827432925202,0.9283797464038931,-0.21779262220846515,0.1449864565905074,2.656937421764999,-11.928929840124551,-0.0007473634791893323,0.011995
5.6633827686309814,3.4486424409640963,0.9199719334870577,-0.30435358584307215,0.12741643351046994,2.8887517504202807,-11.69711551146927,-0.0007328400000917353,0.011995
5.689999103546143,3.4507444351551433,0.9240141511991157,-0.3155791748083726,0.17684581334997113,2.7209566835813392,-11.864910578308212,-0.0007433525864363834,0.011995
5.718009948730469,3.450906127018062,0.9308050771072909,-0.31963961891404835,0.3151500868300098,2.359340561885942,-12.226526700003609,-0.0007660083222369389,0.011995
5.744535684585571,3.4512295107447866,0.929673256109339,-0.31488699342708926,0.3946791267982145,2.212531335029142,-12.37333592686041,-0.0007752061175154171,0.011995
5.771897315979004,3.456888726153988,0.9228823302329495,-0.1786487647719451,0.34664574766895934,1.9400767451670264,-12.645790516722524,-0.0007922757635716409,0.011995
5.797497272491455,3.4612544068603035,0.9246609060392986,0.01924964544861408,0.340182876715691,1.2497871768306632,-13.336080085058887,-0.0008355233323271112,0.011995
5.8236541748046875,3.4557568830431484,0.9253076608812086,0.028664603597093705,0.3455354105295644,1.2251195811060724,-13.360747680783478,-0.0008370687903364252,0.011995
5.8517608642578125,3.46109271497844,0.9131810078821035,0.1605715346919747,0.16409699830588606,0.3874940241210309,-14.198373237768518,-0.0008895471567042589,0.012153
5.880012035369873,3.45478673181683,0.9112407434582847,0.104805115900965,0.007460480862113146,-0.342758810239783,-14.928626072129331,-0.0009352984777607394,0.012153
5.90567684173584,3.460122563693483,0.9170615367760295,0.19108508176096506,-0.013296193980088255,-0.30824982052134137,-14.89411708241089,-0.0009331364431972926,0.012153
5.93177056312561,3.454625039946813,0.9168998480708822,0.12236713051246505,-0.03029500215851981,-0.4804708965751402,-15.066338158464688,-0.0009439263249649226,0.012153
5.957890272140503,3.453654888732923,0.9193251786593742,0.05147975476387724,-0.005157130877744915,-0.5544688194001639,-15.140336081289712,-0.0009485623942348811,0.012153
5.9896745681762695,3.4512295107447866,0.9223972641062103,-0.05510343185252392,0.05935295975658686,0.0,-15.140336081289712,-0.0009485623942348811,0.012153
6.016705513000488,3.4478339816731447,0.9241758399089995,-0.20945849288889704,0.13167051758347326,2.7242525314764934,-18.144800037592642,-0.0011367960971382807,0.012153
6.044760227203369,3.4439533771793513,0.9295115673957792,-0.40864626661650844,0.263774292408279,2.6217974299380944,-18.247255139131042,-0.0011432150468825301,0.012153
6.079331398010254,3.448965824682545,0.9256310383028118,-0.43035620076212616,0.29698767326484965,2.579461265486292,-18.289591303582846,-0.0011458674644576426,0.012153
6.10418176651001,3.4467021386782193,0.9295115673957792,-0.4987177072471948,0.3794963013852413,2.516246998515007,-18.352805570554132,-0.0011498279232021607,0.012302
6.13087272644043,3.4462170631133953,0.9209420657318111,-0.5579631657348086,0.30638813981194185,2.6908832817601405,-18.178169287308997,-0.0011388867254595295,0.012302
6.157906770706177,3.4513912026085922,0.9278946802661371,-0.47791600801072726,0.36138526888557,2.5208965191328567,-18.34815604993628,-0.0011495366244895274,0.012302
6.187004089355469,3.451714586337091,0.9282180576911995,-0.4142880612012919,0.40482153104041413,2.3685811639562093,-18.500471405112926,-0.0011590793861038912,0.012302
6.214519023895264,3.4593141042975013,0.9167381593658422,-0.191267484972317,0.2599182695685841,2.1312316063410623,-18.737820962728073,-0.001173949654731563,0.012302
6.242048025131226,3.4559185749152377,0.9096238564502013,-0.11489991931209935,0.04984401351968891,0.0,-18.737820962728073,-0.001173949654731563,0.012302
6.271040439605713,3.4578588774033965,0.9139894513965788,-0.015873002182655957,-0.030541300828536268,-1.0587435808387475,-15.644610842728296,-0.0009801558854555634,0.012302
6.301491737365723,3.4606076393346283,0.9180316690091695,0.11800280484299727,-0.02508262639573223,-0.47118276367592093,-15.05705002556547,-0.0009433444109615905,0.012302
6.336615085601807,3.4572121099026063,0.9146362062100877,0.13196903089221268,-0.07311340572188584,-0.6164638349176398,-15.202331096807189,-0.0009524464652379389,0.012302
6.362101316452026,3.453654888732923,0.9181933577150688,0.05820108502968669,-0.05241396402070049,-0.7592617927847708,-15.34512905467432,-0.0009613929491256835,0.01246
6.388611793518066,3.4593141042975013,0.9147978949137329,0.13947491738937495,-0.08977620629341085,-0.6509600097654596,-15.23682727165501,-0.0009546076969325266,0.01246
6.417151689529419,3.4573738017773596,0.9144745175065497,0.1507969781226694,-0.12086804741458039,-0.7116378045892079,-15.297505066478758,-0.0009584092422896363,0.01246
6.444807767868042,3.453654888732923,0.9236907737796718,0.07138064809106896,-0.0018915950150710115,-0.4717305279071164,-15.057597789796667,-0.000943378729126513,0.01246
6.469938516616821,3.449127516542213,0.9135043852875723,-0.09053989237314754,-0.07416363407127323,-1.6999698188162198,-16.285837080705768,-0.0010203295706549165,0.01246
6.497394323348999,3.4470255223895787,0.9206186883164627,-0.25325135537483145,-0.016112086662582605,-2.69511186742407,-17.280979129313618,-0.0010826765568224027,0.01246
6.53165340423584,3.447672289815841,0.9178699803033775,-0.35195950739268284,-0.01745131227830615,-2.836727617492578,-17.422594879382125,-0.001091548973803447,0.01246
6.556686639785767,3.4528464293961503,0.9243375286189913,-0.29953623314082606,0.08037666302192316,3.0978532923069313,-17.771199276762204,-0.0011133895075963725,0.01246
6.582002878189087,3.4439533771793513,0.9217505092720666,-0.47170068479285526,0.10935007212380377,3.044351073717749,-17.824701495351384,-0.0011167414934630895,0.01246
6.610560417175293,3.454301656207666,0.9222355753975127,-0.3491778427278978,0.13703886601456558,2.9045884797552377,-17.964464089313896,-0.0011254978077246596,0.01246
6.637882232666016,3.4507444351551433,0.9248225947496141,-0.34695615462776797,0.19592719542543247,2.7107842563362072,-18.158268312732925,-0.0011376399026684018,0.01262
6.667940855026245,3.452361353797636,0.9185167351271901,-0.30742629094470164,0.14085272838810037,2.8493786704316046,-18.019673898637528,-0.0011289567764447787,0.01262
6.693540096282959,3.453008121262913,0.9180316690091695,-0.26456551336695905,0.09489319405591284,3.01626747028406,-17.852785098785073,-0.001118500968944266,0.01262
6.725435733795166,3.45478673181683,0.9282180576911995,-0.19279081774031295,0.21827707865965468,2.2423713353421952,-18.626681233726938,-0.0011669866014102955,0.01262
6.751360893249512,3.4573738017773596,0.9099472338509629,-0.08178903646811908,0.025633451315641667,0.0,-18.626681233726938,-0.0011669866014102955,0.01262
6.776947736740112,3.4538165806011647,0.9219121979804409,-0.0876320938274333,0.07349895976757334,0.0,-18.626681233726938,-0.0011669866014102955,0.01262
6.803466558456421,3.454301656207666,0.9235290850701117,-0.0803298290520607,0.131696174156159,1.6408846294477695,-19.228167939621365,-0.0012046705515406197,0.01262
6.832304954528809,3.4589907205411823,0.9122108756682676,0.0349083404761461,-0.0004052816285116066,-0.5744237197492579,-21.443476288818392,-0.0013434625955481298,0.01262
6.859485387802124,3.4614160987424634,0.9156063384335676,0.17253708774423246,-0.04102444976454149,-0.42464781983943195,-21.293700388908565,-0.001334078934217605,0.01262
6.885017395019531,3.462062866274067,0.9112407434582847,0.28406708538926395,-0.1361245327871822,-0.5229120547584207,-21.391964623827555,-0.0013402353205383551,0.012778
6.91335129737854,3.4554334992998585,0.9175466028921162,0.20644187480559859,-0.10639829615806388,-0.5620907825016762,-21.43114335157081,-0.0013426899204621407,0.012778
6.94081711769104,3.450259359568161,0.9117258095627946,0.03058524317722209,-0.17447881806291105,-1.1666724338752603,-22.035725002944396,-0.0013805677730843234,0.012778
6.967333555221558,3.45640365053328,0.9185167351271901,0.05178939559050645,-0.11843148105374235,-0.9821258706677098,-21.851178439736845,-0.0013690056829890906,0.012778
6.993557453155518,3.458182261155569,0.9177082915976932,0.10840445520780462,-0.09154402414920756,-0.7240798651902295,-21.593132434259363,-0.001352838754100309,0.012778
7.020296573638916,3.451714586337091,0.9188401125397412,-0.00386373694832307,-0.05543885370190556,-1.062389542775328,-21.93144211184446,-0.0013740343098686862,0.012778
7.051326036453247,3.4554334992998585,0.9075219033556633,0.004890299169252925,-0.20300473691998816,-1.2913119013154217,-22.160364470384554,-0.0013883766031536442,0.012778
7.077383041381836,3.453008121262913,0.9238524624893398,-0.04594390028712828,-0.05691814181092357,-1.3581877464952197,-22.22724031556435,-0.0013925664646916996,0.012778
7.106508016586304,3.4505827432925202,0.9320985868257408,-0.13848986308234887,0.17126840570852914,2.1367983460055386,-25.015439530243178,-0.0015672508910135141,0.012778
7.133578300476074,3.4507444351551433,0.9217505092720666,-0.19947456887584197,0.17297429200441947,2.4499148342592694,-24.702323041989448,-0.0015476337223999707,0.012778
7.162614583969116,3.443144917931213,0.9309667658217176,-0.42064485909684746,0.3149091578187191,2.524547379869734,-24.627690496378982,-0.0015429578931599847,0.01293
7.192646265029907,3.448965824682545,0.9266011705702139,-0.43875521549835306,0.34759689434317564,2.489287007210601,-24.662950869038113,-0.0015451670028740348,0.01293
7.218685150146484,3.4488041328231733,0.9291881899689847,-0.4552299330661387,0.40998448431031553,2.411691399113804,-24.74054647713491,-0.0015500284719592139,0.01293
7.24671745300293,3.4460553712590447,0.9270862367053739,-0.5313191917768713,0.4215570305550798,2.4849295729487046,-24.667308303300008,-0.0015454400019840938,0.01293
7.27584433555603,3.451714586337091,0.9259544157248469,-0.45167028983761354,0.4123738617246791,2.4033373414896873,-24.748900534759024,-0.0015505518648917722,0.01293
7.308893442153931,3.4565653424065537,0.9236907737796718,-0.2819920091066174,0.37137774138241175,2.170227930869545,-24.982009945379165,-0.0015651564826142136,0.01293
7.334865093231201,3.4534931968649767,0.9215888205638001,-0.23536911125757692,0.3105816911396175,2.1555531979878504,-24.99668467826086,-0.0015660758743425267,0.01293
7.360397815704346,3.452523045663512,0.9178699803033775,-0.22551789234608827,0.21123433218323504,2.387923634871926,-24.764314241376784,-0.0015515175543173486,0.01293
7.387521266937256,3.46157779062492,0.9206186883164627,-0.005963806602416913,0.18366648971557487,0.9928053000422956,-26.159432576206413,-0.0016389235921240239,0.01293
7.422551393508911,3.4573738017773596,0.9175466028921162,0.048989871328463774,0.11745541959386381,0.3353844993809989,-26.81685337686771,-0.0016801118884304535,0.01308
7.451587677001953,3.4591524124191935,0.9185167351271901,0.12922959926707422,0.08592248530599664,0.0610460319746723,-27.091191844274036,-0.0016972995619455257,0.01308
7.479136228561401,3.46157779062492,0.9147978949137329,0.24235943752679684,0.00705930823527375,-0.20427502228500294,-27.356512898533712,-0.0017139222824134348,0.01308
7.506204843521118,3.457697185527755,0.9152829610253119,0.23041107913576464,-0.040737508406539454,-0.3551223314063201,-27.50736020765503,-0.0017233730689703354,0.01308
7.533097267150879,3.4507444351551433,0.9110790547569951,0.05875609067681661,-0.13839280956656025,-1.0027659170324452,-28.155003793281153,-0.001763948809620608,0.01308
7.559625864028931,3.4565653424065537,0.9152829610253119,0.0753064572534698,-0.14255399086782383,-0.9581935917848267,-28.110431468033536,-0.0017611562935676952,0.01308
7.588163614273071,3.4534931968649767,0.9194868673661337,0.014739815194480619,-0.08126928716075088,-1.0387191600773535,-28.19095703632606,-0.0017662013285950932,0.01308
7.619815349578857,3.447995673530744,0.9204569996089499,-0.156770751910891,-0.023555179650227746,-2.2776047477555257,-29.429842624004234,-0.0018438191749177615,0.01308
7.655452489852905,3.4475105979588325,0.9230440189420783,-0.2882205529991766,0.056350869004741254,-3.0700936907438403,-30.222331566992548,-0.0018934696717845148,0.01308
7.683904647827148,3.447672289815841,0.9180316690091695,-0.37643794572972095,0.03574189248755695,-3.0229730299052764,-30.175210906153985,-0.0018905174990835273,0.01323
7.718484163284302,3.4467021386782193,0.9257927270137754,-0.4609749287245285,0.1398341291980609,2.965629962275165,-30.469793221153132,-0.0019089734768448245,0.01323
7.746387958526611,3.448319057246829,0.9277329915537681,-0.48217613654311814,0.24232832555668177,2.7425621326387457,-30.692861050789553,-0.001922948976029297,0.01323
7.774240016937256,3.448319057246829,0.9233673963606593,-0.49701698201613786,0.24740759435389792,2.7449530085061684,-30.69047017492213,-0.0019227991844444241,0.01323
7.800264358520508,3.4481573653886395,0.9236907737796718,-0.5112030419062366,0.2559013542228638,2.7399404050934564,-30.695482778334842,-0.0019231132307819018,0.01323
7.828495740890503,3.454625039946813,0.9288648125426233,-0.3692345560545761,0.34085933440296323,2.3942415234752494,-31.04118165995305,-0.0019447717301092269,0.01323
7.857762336730957,3.4465404468229828,0.9283797464038931,-0.45973002394154344,0.39292251280671775,2.441270551109887,-30.994152632318414,-0.001941825298351561,0.01323
7.884716987609863,3.4526847375296827,0.9275713028415072,-0.37877306297842844,0.4170210581852163,2.2852120851879696,-31.15021109824033,-0.0019516025708824166,0.013381
7.913319826126099,3.448319057246829,0.9173849141866466,-0.42463483052084117,0.2783344817287942,2.6053225574635444,-30.830100625964754,-0.001931547219774549,0.013381
7.938345193862915,3.452361353797636,0.9230440189420783,-0.36180136406987723,0.2676736319700538,2.5376796540543785,-30.89774352937392,-0.0019357851385411007,0.013381
7.965413570404053,3.460122563693483,0.9280563689786142,-0.13553945421863492,0.33675424929707576,1.7691079150927158,-31.66631526833558,-0.001983937190446453,0.013381
7.992027282714844,3.4580205692793347,0.910270611252152,-0.02652320814138746,0.11350574220057279,0.5870680916165748,-32.84835509181172,-0.002057993573278213,0.013381
8.019673347473145,3.454301656207666,0.9164147819560842,-0.037553609071814695,0.05105894581110008,-0.5007883168204096,-33.9362115002487,-0.0021261492386366564,0.013381
8.047738313674927,3.457050418028149,0.9164147819560842,0.019282072710819092,0.00734618833847144,-0.5907736915840722,-34.02619687501237,-0.002131786943247284,0.013381
8.073812484741211,3.453654888732923,0.9206186883164627,-0.02067978569724016,0.0409447890242381,-0.5113152849626235,-33.94673846839092,-0.002126808767332149,0.013381
8.099878072738647,3.4589907205411823,0.9131810078821035,0.07666337082453438,-0.04911643674784291,-0.6646986473630647,-34.10012183079136,-0.0021364184410337887,0.013381
8.126418590545654,3.454463348077091,0.9144745175065497,0.038474464527127016,-0.09240620873268113,-0.947182778508177,-34.38260596193647,-0.0021541164513245578,0.013381
8.151913166046143,3.4559185749152377,0.9089771016499602,0.045919445337514936,-0.20665966413603448,-1.1445507610012084,-34.579973944429504,-0.0021664818205616556,0.013533
8.187659978866577,3.452523045663512,0.9191634899527223,-0.028615902729520477,-0.13108153007387766,-1.3178458061912206,-34.753268989619514,-0.0021773389879383835,0.013533
8.212753057479858,3.4538165806011647,0.9186784238334118,-0.050410900210414285,-0.08558424365612587,-1.3775835801230125,-34.81300676355131,-0.002181081639723837,0.013533
8.239037990570068,3.4562419586603035,0.9225589528150154,-0.00870537318706345,0.005523116656470105,-0.7527111567288828,-34.18813434015718,-0.0021419325429769967,0.013533
8.265749216079712,3.446863830533751,0.9280563689786142,-0.19976465994811268,0.1532488885775615,2.5494366697263295,-37.16917182088155,-0.0023286985457154877,0.013533
8.29515790939331,3.453654888732923,0.9209420657318111,-0.1740124985585376,0.1480149508465671,2.4646483390455334,-37.253960151562346,-0.0023340106485328846,0.013533
8.32172703742981,3.447672289815841,0.9080069694528018,-0.2964923076212632,-0.05317966664888798,-2.6067647559184572,-36.042187939346746,-0.002258091491605649,0.013533
8.348599433898926,3.444600144583175,0.9272479254173104,-0.4543800653728207,0.09981126077620416,3.0715657581081914,-36.647042732499685,-0.002295986456927232,0.013533
8.37411642074585,3.4505827432925202,0.928541435116695,-0.4243951786423266,0.22665799717377116,2.720483232299664,-36.998125258308214,-0.002317982248795189,0.013533
8.400175333023071,3.451714586337091,0.9219121979804409,-0.37682348064342536,0.21421614186826116,2.695575602066495,-37.02303288854138,-0.0023195427452889156,0.013533
8.429058313369751,3.4528464293961503,0.9254693495919563,-0.31694101441632844,0.2598278320107792,2.4684960654530474,-37.250112425154825,-0.0023337695833046176,0.013682
8.456969499588013,3.4562419586603035,0.9256310383028118,-0.1952764531312103,0.2942251509865987,2.0371650485119086,-37.68144344209596,-0.0023607930509436923,0.013682
8.483482360839844,3.454139964338536,0.9156063384335676,-0.15947834888061738,0.16521685306603345,2.2618113810536045,-37.456797109554266,-0.0023467186564317256,0.013682
8.509488105773926,3.461739482507672,0.9196485560730008,0.04406134245925975,0.13663943940810738,0.44296895756509697,-39.27563953304277,-0.002460671577601839,0.013682
8.536045551300049,3.4630330175803667,0.9136660739904674,0.21691887573471033,0.02527722577944794,-0.16477898265592938,-39.883387473263795,-0.002498747802473742,0.013682
8.56757664680481,3.4551101155577526,0.9215888205638001,0.15184319132523216,0.06831133021754056,-0.029856825529218183,-39.748465316137086,-0.0024902947480823267,0.013682
8.593608140945435,3.4560802667876223,0.9122108756682676,0.12907502248855177,-0.04477467238554508,-0.5137249168241493,-40.232333407432016,-0.0025206097340052473,0.013682
8.62163758277893,3.46367978512383,0.912372564370306,0.29161832659115194,-0.12146573846629506,-0.4828132913970672,-40.201421782004935,-0.002518673079147166,0.013682
8.652141571044922,3.4612544068603035,0.903156308524584,0.3484366094028272,-0.3158902193803481,-0.7361880809744034,-40.45479657158227,-0.002534547350084735,0.013682
8.679160356521606,3.4588290286634673,0.9138277626934694,0.33124737887704325,-0.28902439961634024,-0.7209714041507752,-40.439579894758644,-0.0025335940048404402,0.013833
8.70876169204712,3.4572121099026063,0.9143128288031188,0.28124023271606224,-0.26281091850331273,-0.7479348395110448,-40.46654333011892,-0.0025352833002870415,0.013833
8.734983444213867,3.4559185749152377,0.9141511400997953,0.21585548306975572,-0.2469306174852329,-0.8233742243069776,-40.54198271491485,-0.0025400096790858633,0.013833
8.762166261672974,3.457535493652409,0.896850449460953,0.20806084255389887,-0.5000119237852635,-1.1047199527745755,-40.82332844338245,-0.0025576363669196148,0.013833
8.788748979568481,3.454625039946813,0.9173849141866466,0.1342501630675222,-0.3635886056505428,-1.1142911402811928,-40.83289963088907,-0.002558236014674341,0.013833
8.81880235671997,3.4554334992998585,0.9219121979804409,0.10157002918036893,-0.19895648010875747,-0.9802933286613774,-40.69890181926925,-0.002549840871770651,0.013833
8.853363990783691,3.450906127018062,0.9178699803033775,-0.027635176121901493,-0.14544238769062967,-1.3392820132937049,-41.05789050390158,-0.002572331995109643,0.013833
8.879516363143921,3.449935975844984,0.9223972641062103,-0.14086362874965383,-0.03884672001243192,-2.0977070582915904,-41.81631554889947,-0.002619848343007622,0.013833
8.905059337615967,3.4505827432925202,0.9304816996787628,-0.2049336730061098,0.1592270416201049,2.5209893095211258,-43.48080448826634,-0.0027241308110470515,0.013833
8.932176351547241,3.453169813129972,0.9160914045467556,-0.18902321254263144,0.07812558384174488,3.058130904681845,-42.94366289310562,-0.002690478168542078,0.013833
8.959067583084106,3.4488041328231733,0.9244992173290909,-0.2804175309971614,0.1497496261704739,2.760283337703713,-43.24151046008375,-0.0027091387187262285,0.013984
8.988657236099243,3.453169813129972,0.9267628592818257,-0.2418619131363536,0.23445435807701398,2.3479639074208003,-43.653829890366666,-0.0027349710849219866,0.013984
9.014527320861816,3.444600144583175,0.9177082915976932,-0.41613878923334224,0.15547606324232074,2.891250373137145,-43.110543424650324,-0.0027009334580220027,0.013984
9.042217254638672,3.449935975844984,0.920780377024083,-0.412816157927638,0.1471048372835964,2.91258667542078,-43.08920712236669,-0.0026995967100218515,0.013984
9.069308280944824,3.452361353797636,0.9249842834600377,-0.3535282932546246,0.2054425111832152,2.6797821100917205,-43.32201168769575,-0.002714182228777293,0.013984
9.101959228515625,3.455595191171356,0.9232057076513148,-0.2360774218736128,0.21911838843948903,2.3745296573798997,-43.62726414040757,-0.002733306704999999,0.013984
9.128581762313843,3.4606076393346283,0.9228823302329495,-0.03614028894068643,0.2237532308178504,1.2822616624788246,-44.71953213530864,-0.0028017387621767135,0.013984
9.15824294090271,3.454301656207666,0.9204569996089499,-0.044285565631355266,0.18996058293479598,1.2678114763733792,-44.73398232141408,-0.0028026440857478498,0.014136
9.18488073348999,3.4559185749152377,0.9131810078821035,-0.012012575773415708,0.055194618989547035,-0.22134598814929096,-46.22313978593675,-0.0028959418013570822,0.014136
9.212852716445923,3.4641648607845417,0.8963653833858153,0.20424941400785446,-0.29593166500411194,-0.909082758205473,-46.910876555992935,-0.0029390294338710026,0.014136
9.239604234695435,3.4646499364479233,0.9143128288031188,0.36702521311752384,-0.2676460042747529,-0.6461235540065072,-46.64791735179397,-0.0029225546864821835,0.014136
9.265861988067627,3.4638414770104373,0.9076835920546027,0.46198092875784147,-0.34908060662689033,-0.6575845515149282,-46.65937834930239,-0.002923272733372195,0.014136
9.292721033096313,3.4578588774033965,0.9084920355509005,0.3879435914663165,-0.3937391497784854,-0.7805768832221249,-46.78237068100959,-0.0029309783681751695,0.014136
9.325600147247314,3.459475796176105,0.9167381593658422,0.37409214043344846,-0.2990742070046495,-0.6816030011089237,-46.68339679889639,-0.0029247775215043986,0.014136
9.353667974472046,3.457697185527755,0.904773195490005,0.32262397117037905,-0.41552479078237803,-0.8790023831495092,-46.880796180936976,-0.002937144857965331,0.014136
9.380864381790161,3.459960871813694,0.9109173660558126,0.3397608118833094,-0.4032130429579924,-0.845421626165355,-46.84721542395282,-0.0029350409784296263,0.014136
9.408036708831787,3.451714586337091,0.9146362062100877,0.1580857127245164,-0.3378046973154691,-1.0455360149990087,-47.04732981278647,-0.002947578413713344,0.014136
9.435602903366089,3.4567270342801226,0.9159297158422524,0.14863466110705656,-0.2722657691922146,-0.9843839037847106,-46.986177701572174,-0.002943747151797194,0.014297
9.463884115219116,3.4513912026085922,0.9227206415239286,0.01670247077859575,-0.12268481537238853,-1.1155522087350411,-47.1173460065225,-0.002951965022307029,0.014297
9.489652156829834,3.4518762782017833,0.9194868673661337,-0.06425765783704332,-0.06736086431394109,-1.4942288946562026,-47.49602269244367,-0.0029756896253746055,0.014297
9.517905235290527,3.448965824682545,0.9280563689786142,-0.18928417461649016,0.10223010189828272,2.812050713552682,-49.47292839141437,-0.003099545423087684,0.014297
9.547449350357056,3.454463348077091,0.9246609060392986,-0.14768881728156236,0.16909192467621678,2.1746620440491897,-50.110317060917865,-0.0031394786794669513,0.014297
9.573682308197021,3.4450852201391413,0.9199719334870577,-0.33882521839496244,0.14429026117047608,2.8437144757243806,-49.441264629242674,-0.003097561645852171,0.014297
9.599332094192505,3.454301656207666,0.9267628592818257,-0.2561650162493624,0.23063280257701324,2.395557801142714,-49.88942130382434,-0.003125639263545141,0.014297
9.624100685119629,3.4416896913031505,0.9206186883164627,-0.49450538254284987,0.19724541899122358,2.8329845965680516,-49.451994508399004,-0.003098233887195278,0.014297
9.651604175567627,3.4505827432925202,0.9075219033556633,-0.4524829006613297,-0.02612574603479889,-2.906558623879561,-48.90835242166703,-0.0030641739801609423,0.014297
9.679802894592285,3.448965824682545,0.9220738866889228,-0.4610418445934906,0.03973665746208234,-3.0790984693854266,-49.0808922671729,-0.003074983833262963,0.014297
9.707834720611572,3.4528464293961503,0.9230440189420783,-0.37589386918138107,0.10065515498335435,3.018264616565206,-49.26671448840185,-0.003086625845046889,0.014446
9.73696517944336,3.453978272469703,0.9280563689786142,-0.289708008424686,0.21984131540638502,2.505322887971972,-49.779656216995086,-0.0031187623334025644,0.014446
9.762349843978882,3.4567270342801226,0.9230440189420783,-0.16482094369738862,0.22672841554437076,2.05687812322014,-50.22810098174692,-0.0031468580003317006,0.014446
9.790058851242065,3.4565653424065537,0.9180316690091695,-0.08119746680845996,0.15500617506530212,1.5943306636050545,-50.69064844136201,-0.0031758372200388486,0.014446
9.817628383636475,3.459475796176105,0.9180316690091695,0.04569339964112233,0.10480060672995069,0.3116681587169405,-51.97331094625012,-0.003256197749032359,0.014446
9.843816995620728,3.4534931968649767,0.9180316690091695,-0.005989325134166077,0.06965670889520412,0.06813925365228711,-52.216839851314774,-0.0032714551620787575,0.014446
9.873526573181152,3.4481573653886395,0.9125342530724514,-0.1674836820888598,-0.03889463582671893,-2.279517484982316,-54.56449658994938,-0.0034185390104744928,0.014446
9.900038480758667,3.45478673181683,0.9097855451505288,-0.1248335358456539,-0.15685588454173732,-1.7756200646797564,-54.06059916964682,-0.0033869691601828827,0.014446
9.925690412521362,3.451714586337091,0.9152829610253119,-0.16713033068575447,-0.15547814335045512,-1.9527804646804596,-54.23775956964752,-0.003398068497231018,0.014597
9.951366186141968,3.4560802667876223,0.9097855451505288,-0.09420644291915625,-0.23846433980834925,-1.6206970097367908,-53.90567611470385,-0.0033772630226751106,0.014597
9.977566242218018,3.452361353797636,0.9165764706609095,-0.13050149274869433,-0.19285097581116978,-1.7688687906880063,-54.05384789565507,-0.003386546183797988,0.014597
10.004493236541748,3.4457319875512296,0.9219121979804409,-0.31160421947150163,-0.07944013922119637,-2.5932331525087595,-54.87821225747582,-0.003438193718474378,0.014597
10.030528545379639,3.457050418028149,0.9175466028921162,-0.1725533545689757,-0.06671922066187437,-2.1948606098980794,-54.47983971486514,-0.0034132351435268104,0.014597
10.05860710144043,3.448319057246829,0.9228823302329495,-0.2802810346342381,0.023666904446892054,-2.9528135541467275,-55.23779265911379,-0.003460721913678655,0.014597
10.085335969924927,3.443629993479211,0.9201336221942474,-0.46581698157485124,0.04496188283002875,-3.0977534950165935,-55.38273259998366,-0.0034698025956789494,0.014597
10.111654281616211,3.4494509002624345,0.9126959417747038,-0.458983296931104,-0.0537118783276545,-2.8448545620434165,-55.12983366701049,-0.0034539581377968733,0.014597
10.145297288894653,3.447187214245701,0.9303200109646612,-0.5073642705549632,0.146352294873824,2.945016712994402,-55.623147699152256,-0.0034848649246030346,0.014597
10.176238059997559,3.4444384527317764,0.9254693495919563,-0.6057879073258787,0.21232313911466924,2.8613737047706116,-55.706790707376044,-0.0034901052714299335,0.014756
10.207263469696045,3.4455702956977645,0.9290265012557497,-0.6481021776235669,0.31282371973796247,2.7234984893401006,-55.844665922806556,-0.0034987433388910675,0.014756
10.232976198196411,3.4488041328231733,0.9241758399089995,-0.6017728065538336,0.3091000495704373,2.696591153212371,-55.87157325893428,-0.003500429119645389,0.014756
10.260003089904785,3.4497742839838383,0.9275713028415072,-0.546557438180412,0.35834533391982226,2.571593877290631,-55.996570534856026,-0.003508260366896742,0.014756
10.286263942718506,3.4554334992998585,0.9236907737796718,-0.3749952916932024,0.3335577719190108,2.3889545128999283,-56.17920989924673,-0.0035197029684240675,0.014756
10.314591407775879,3.4565653424065537,0.9232057076513148,-0.2283195104055435,0.30879907095454484,2.0935165436309666,-56.47464786851569,-0.0035382125540748093,0.014756
10.344816207885742,3.457535493652409,0.9165764706609095,-0.10286165287878278,0.1902334117228572,1.6912161795855591,-56.8769482325611,-0.003563417212311694,0.014756
10.37041687965393,3.46157779062492,0.9185167351271901,0.07989556102467607,0.1368670797962988,0.4053753058978222,-58.16278910624884,-0.0036439768703801574,0.014756
10.397457122802734,3.460122563693483,0.9178699803033775,0.17364839334756282,0.08963410424291084,0.09376588859511491,-58.47439852355154,-0.003663499618974098,0.014756
10.424577236175537,3.4644882445598326,0.9088154129501669,0.34180702989410294,-0.08170058076024657,-0.3300292714882695,-58.89819368363493,-0.0036900509550577554,0.014756
10.452966451644897,3.4528464293961503,0.915121272321345,0.18610034295991354,-0.10533856647427653,-0.5589365752407485,-59.12710098738741,-0.0037043923051400455,0.014907
10.48599910736084,3.454948423687143,0.907036837259485,0.12647275003221997,-0.24534194293314732,-0.9709310381265003,-59.53909545027316,-0.003730204311691827,0.014907
10.512466669082642,3.454625039946813,0.910270611252152,0.07713849830238172,-0.2939615923605822,-1.1453269914563937,-59.71349140360305,-0.0037411304524424217,0.014907
10.539506912231445,3.455595191171356,0.9162530932513663,0.06538933221629162,-0.23663732416403718,-1.1066658068118327,-59.67483021895849,-0.0037387082772890098,0.014907
10.56757140159607,3.4554334992998585,0.9201336221942474,0.05336744758453535,-0.13725107719762059,-0.9671990153421576,-59.53536342748882,-0.003729970495450982,0.014907
10.594366073608398,3.4505827432925202,0.9249842834600377,-0.06897191957216348,0.0063933710463689305,-1.3056264178768369,-59.873790830023495,-0.003751173426845596,0.014907
10.622133731842041,3.4534931968649767,0.9042881293992612,-0.08625504858350785,-0.20910489313617414,-1.578787321193435,-60.146951733340096,-0.0037682873243885685,0.014907
10.648356914520264,3.45640365053328,0.9282180576911995,-0.029998808642011467,0.005478417625194346,-0.8030333371744545,-59.37119774932111,-0.00371968529518212,0.014907
10.674084424972534,3.45478673181683,0.9283797464038931,-0.028594124432870495,0.1581558710622818,1.0508522394631885,-57.51731217268347,-0.003603536873392059,0.014907
10.703667163848877,3.443791685329134,0.9222355753975127,-0.28583867656903894,0.1712029252715002,2.6443692293008394,-55.923795182845815,-0.0035037008933306696,0.014907
10.729992628097534,3.4512295107447866,0.92643948185871,-0.29122633378557916,0.24453339567415813,2.4182973154601037,-56.14986709668655,-0.0035178646024260733,0.015063
10.763715744018555,3.450421051430193,0.9188401125397412,-0.31398503468741695,0.17981534017444478,2.6675745623068523,-55.900589849839804,-0.0035022470480450024,0.015063
10.789780616760254,3.453331504997326,0.9267628592818257,-0.26156169744534247,0.2555003578797947,2.3111020672164666,-56.25706234493019,-0.0035245805287290734,0.015063
10.818350791931152,3.453654888732923,0.9283797464038931,-0.21727042480659498,0.3331712292405009,2.0242824221384796,-56.543881990008174,-0.003542550164791841,0.015063
10.84640908241272,3.4500976677064243,0.9303200109646612,-0.26981083469360817,0.4171704701715317,2.050435989322239,-56.51772842282441,-0.003540911608674433,0.015063
10.874651670455933,3.454139964338536,0.911887498264512,-0.2116524159743306,0.19448845410432172,2.3369746223781425,-56.23118978976851,-0.003522959578392345,0.015063
10.901263236999512,3.4585056449089255,0.9168998480708822,-0.06840987590118415,0.11515425150056548,1.2309624962035213,-57.337201915943126,-0.0035922527238565,0.015063
10.930984497070312,3.452199661932056,0.9164147819560842,-0.11624136406865074,0.052212902321097224,0.0,-57.337201915943126,-0.0035922527238565,0.015063
10.966016054153442,3.4562419586603035,0.9078452807536489,-0.05478669788786026,-0.12271023631407099,-1.403363382125795,-59.97152779427244,-0.00375729677895056,0.015063
10.993348598480225,3.460122563693483,0.9081686581520613,0.07937081210883606,-0.2402181619623552,-1.0720278316010914,-59.640192243747734,-0.003736538161611197,0.015215
11.019242286682129,3.4580205692793347,0.9136660739904674,0.12391397828782136,-0.23852309517986967,-0.9632376343861745,-59.53140204653282,-0.003729722309612575,0.015215
11.047255754470825,3.4580205692793347,0.9175466028921162,0.15509419461313192,-0.1780772898329485,-0.7857935246759591,-59.3539579368226,-0.003718605197770018,0.015215
11.074833631515503,3.454139964338536,0.9110790547569951,0.08578110454040831,-0.2345306565650466,-1.0484427878854372,-59.61660720003208,-0.003735060526939487,0.015215
11.108361959457397,3.453331504997326,0.9183550464210757,0.018274600014142172,-0.16293690380889486,-1.140756745190619,-59.70892115733726,-0.0037408441203744384,0.015215
11.134215116500854,3.4496125921229885,0.9152829610253119,-0.11632172170428497,-0.15973485683746314,-1.7135052354867542,-60.28166964763339,-0.0037767275826921013,0.015215
11.160216093063354,3.4492892084021762,0.9227206415239286,-0.21813408312924676,-0.043913176724064744,-2.476311529055714,-61.04447594120235,-0.0038245184216986,0.015215
11.186103820800781,3.4488041328231733,0.9196485560730008,-0.3007951404077643,-0.00975158144496192,-2.8264810152197715,-61.394645427366406,-0.0038464570104063006,0.015215
11.218554258346558,3.45478673181683,0.9194868673661337,-0.21815155666889746,0.011692399435253577,-2.789547409450462,-61.3577118215971,-0.0038441430703901637,0.015374
11.245215654373169,3.445246911991721,0.9180316690091695,-0.38435166803889964,0.0044809637889200995,-2.956602906231642,-61.52476731837828,-0.0038546093216771933,0.015374
11.271831274032593,3.451714586337091,0.9214271318556412,-0.34879302322102645,0.051284810989289026,-3.1073688976705545,-61.67553330981719,-0.0038640550135720523,0.015374
11.305563688278198,3.4526847375296827,0.9214271318556412,-0.3011171624740631,0.08404750402954445,3.031084715014497,-61.82026500431172,-0.003873122648657185,0.015374
11.332791805267334,3.4560802667876223,0.9217505092720666,-0.18799722517095144,0.11191966082913583,2.6685629093163397,-62.18278681000988,-0.0038958351267771624,0.015374
11.360492944717407,3.4578588774033965,0.9215888205638001,-0.06704111628380723,0.12896103475232096,1.2828262229464031,-63.56852349637982,-0.003982653391705018,0.015374
11.38761830329895,3.4505827432925202,0.9160914045467556,-0.15325791428001023,0.056939379034289916,-3.0869692254721177,-61.65513363761875,-0.0038627769467049593,0.015374
11.41490626335144,3.4578588774033965,0.9177082915976932,-0.042723598660204,0.031215577912410503,-0.5804265257237462,-59.14859093787038,-0.0037057386794062887,0.015374
11.4408700466156,3.4586673367860485,0.9097855451505288,0.05363776472233634,-0.10777873492434671,-0.8733599414497997,-59.441524353596435,-0.0037240913514130806,0.015374
11.46636700630188,3.4612544068603035,0.9147978949137329,0.1818502160946111,-0.12853154592596547,-0.611805606463969,-59.179970018610604,-0.0037077046209676927,0.015374
11.493409872055054,3.4554334992998585,0.9080069694528018,0.13489006629932423,-0.24676221438966417,-0.9452309769217938,-59.51339538906843,-0.003728594168333221,0.015374
11.519700050354004,3.4578588774033965,0.915121272321345,0.15897998774535096,-0.22088171001486998,-0.8518940348883239,-59.42005844703496,-0.003722746483530819,0.015374
11.549959897994995,3.4497742839838383,0.9144745175065497,-0.014030482170989761,-0.21264190001959726,-1.3128253568976167,-59.880989769044255,-0.0037516244500459283,0.015532
11.578232288360596,3.454301656207666,0.9117258095627946,-0.028808700892588458,-0.2488493407659889,-1.3882820463833938,-59.95644645853003,-0.0037563519130068145,0.015532
11.606086492538452,3.448319057246829,0.9215888205638001,-0.1796597770607601,-0.12357726636426523,-2.0511561234000575,-60.61932053554669,-0.0037978818644025564,0.015532
11.63634991645813,3.4433066097802505,0.9240141511991157,-0.4029770369822739,0.0011502234376514185,-2.9672146897073888,-61.53537910185402,-0.003855274164167267,0.015532
11.662093877792358,3.443629993479211,0.9235290850701117,-0.5517041832184589,0.08105205872521479,3.0898934817369614,-61.76145623758926,-0.0038694382004213763,0.015532
11.688563108444214,3.4455702956977645,0.9259544157248469,-0.61024357074838,0.17402038144377693,2.9215502493633627,-61.92979946996286,-0.003879985130073148,0.015532
11.71569275856018,3.452361353797636,0.9306433883929726,-0.49172748222913354,0.31070314856673426,2.5808288655002083,-62.270520853826014,-0.003901331782479607,0.015532
11.7416672706604,3.453169813129972,0.9240141511991157,-0.3897788789987237,0.3051465138893522,2.4533592536397744,-62.39799046568645,-0.003909317924898727,0.015684
11.770101070404053,3.4486424409640963,0.9251459721705692,-0.42474396559626004,0.3185408206783612,2.481317109007055,-62.370032610319164,-0.003907566327702834,0.015684
11.79757833480835,3.4512295107447866,0.9267628592818257,-0.38846003610464785,0.35260819423253736,2.3636246764752755,-62.48772504285095,-0.003914939916702859,0.015684
11.824528217315674,3.450259359568161,0.9283797464038931,-0.385846094459933,0.4011467146874202,2.2828959664279127,-62.56845375289831,-0.003919997678834088,0.015684
11.85030460357666,3.453654888732923,0.9244992173290909,-0.30426950271678055,0.37586441776245283,2.163851406056599,-62.68749831326962,-0.003927455980459637,0.015684
11.876529216766357,3.4559185749152377,0.9186784238334118,-0.19400133173323428,0.26927791982931343,2.026225128828896,-62.825124590497325,-0.003936078451607954,0.015684
11.90306544303894,3.4518762782017833,0.9170615367760295,-0.21175031959532087,0.1699760132969542,2.403513481157076,-62.447836238169145,-0.003912440829504993,0.015684
11.934633731842041,3.452037970066772,0.9233673963606593,-0.22037714288015794,0.19676097577208917,2.328297255741625,-62.5230524635846,-0.003917153227068846,0.015684
11.96018123626709,3.4560802667876223,0.9178699803033775,-0.1314792114552387,0.13155983142596353,2.0786314664240813,-62.772718252902145,-0.003932795124157661,0.015684
11.987525701522827,3.4588290286634673,0.9204569996089499,-0.004693695723588958,0.12542520336047122,0.6270874074172934,-64.22426231190893,-0.004023736309383425,0.015835
12.02346658706665,3.45640365053328,0.9115641208611843,0.027094138359931765,-0.014671504134815138,-0.5694131300601382,-65.42076284938636,-0.00409869867537314,0.015835
12.054824352264404,3.4585056449089255,0.9175466028921162,0.09871271213277864,-0.02138117610140751,-0.41042737230767357,-65.2617770916339,-0.004088738004076728,0.015835
12.089164972305298,3.450906127018062,0.9159297158422524,-0.029635298055232077,-0.05076930434237549,-1.0651115066063175,-65.91646122593255,-0.004129754844559243,0.015835
12.120237827301025,3.4597991799342016,0.9130193191795298,0.08938185486608244,-0.1157854378540639,-0.7742707013323656,-65.6256204206586,-0.00411153327740838,0.015835
12.155721664428711,3.4589907205411823,0.9135043852875723,0.1537065192188463,-0.15388932405856712,-0.7198248526875988,-65.57117457201385,-0.0041081221718510565,0.015835
12.180983543395996,3.4573738017773596,0.9120491869663363,0.16075909940332714,-0.20278426611860734,-0.8081259144542268,-65.65947563378047,-0.0041136543519898015,0.015835
12.208020687103271,3.4606076393346283,0.9159297158422524,0.24164527595314372,-0.17775146735441538,-0.6214711479980559,-65.4728208673243,-0.004101960180128992,0.015835
12.234595775604248,3.4486424409640963,0.9143128288031188,0.017252942870054088,-0.18491986591996135,-1.1584458824444932,-66.00979560177073,-0.004135602368586063,0.015835
12.264000415802002,3.4557568830431484,0.9114024321596809,0.02726691179214691,-0.234382188364369,-1.1921731747226447,-66.04352289404889,-0.004137715428754785,0.015994
12.29097294807434,3.4589907205411823,0.9147978949137329,0.11022605906710532,-0.21715396333397993,-0.9443355930811264,-65.79568531240737,-0.004122188071332793,0.015994
12.317013502120972,3.453654888732923,0.9167381593658422,0.04298100475211153,-0.1754645764934951,-1.056637894688842,-65.90798761401508,-0.004129223961389603,0.015994
12.350939273834229,3.453331504997326,0.9181933577150688,-0.011685469837651669,-0.12405978356082867,-1.170116236260866,-66.0214659555871,-0.004136333531930007,0.015994
12.377046585083008,3.4488041328231733,0.9291881899689847,-0.1562811111036616,0.07982480977751477,2.817951641872993,-68.31658338463284,-0.004280125722001416,0.015994
12.406326055526733,3.4560802667876223,0.9222355753975127,-0.08661198921169126,0.11637118237215649,1.5382541460750936,-69.59628088043074,-0.004360300489192386,0.015994
12.432889938354492,3.450421051430193,0.9194868673661337,-0.17075499348569892,0.09997833410724212,2.66203321352195,-68.47250181298388,-0.004289894220990337,0.015994
12.462195873260498,3.451714586337091,0.9122108756682676,-0.19927535103376512,-0.022607769662757383,-2.515776023881495,-67.36712574320774,-0.0042206409253139916,0.015994
12.492725133895874,3.450906127018062,0.9295115673957792,-0.23822694227181965,0.15577949133591754,2.55778952124151,-68.57674550526431,-0.004296425228347275,0.015994
12.522416114807129,3.447995673530744,0.9275713028415072,-0.3338474821373012,0.251020943155659,2.4719163330091396,-68.66261869349668,-0.00430180529894762,0.016145
12.550377130508423,3.4538165806011647,0.9267628592818257,-0.2640730057958573,0.3053442799666435,2.184316658679766,-68.95021836782605,-0.0043198238048908376,0.016145
12.577132225036621,3.448480749105315,0.9230440189420783,-0.34054732242712754,0.2865804907365551,2.402385092683941,-68.73214993382187,-0.004306161524558654,0.016145
12.610771417617798,3.453331504997326,0.92643948185871,-0.2801552988631121,0.32529769149969884,2.1889459419154673,-68.94558908459035,-0.004319533774077382,0.016145
12.64071536064148,3.453008121262913,0.9259544157248469,-0.2454758189098255,0.3449923243859197,2.0665173613669783,-69.06801766513884,-0.004327204089112948,0.016145
12.67175030708313,3.4497742839838383,0.9230440189420783,-0.2971495468295994,0.31433412183004394,2.2509365832961614,-68.88359844320965,-0.004315649977119869,0.016145
12.705070734024048,3.452199661932056,0.9201336221942474,-0.27635913371854837,0.24842893499822827,2.34698581434484,-68.78754921216097,-0.004309632363767114,0.016145
12.732752323150635,3.452523045663512,0.9178699803033775,-0.25421090806878216,0.1677274028842626,2.5581566998043157,-68.57637832670149,-0.004296402224117065,0.016145
12.759632110595703,3.46044594745395,0.9254693495919563,-0.052631197864465684,0.22728571472197343,1.336457803215301,-69.7980772232905,-0.004372943301155289,0.016304
12.788286685943604,3.4557568830431484,0.9233673963606593,-0.02165198672204127,0.23687776676960376,1.1885239400887173,-69.94601108641709,-0.004382211556406846,0.016304
12.81531572341919,3.461739482507672,0.9170615367760295,0.14053979597025607,0.14729590615516366,0.35299943605728995,-70.78153559044851,-0.004434558288984691,0.016304
12.844675302505493,3.461739482507672,0.9191634899527223,0.25407404385486765,0.11668736912996218,0.15759883079199896,-70.9769361957138,-0.004446800399395598,0.016304
12.874320268630981,3.4560802667876223,0.9225589528150154,0.2006366192593036,0.1471132456067306,0.28444590957766014,-70.85008911692815,-0.004438853259509891,0.016304
12.901362895965576,3.4593141042975013,0.9147978949137329,0.23917979135012415,0.04989284044578866,-0.03679058502063558,-71.17132561152644,-0.004458979157428917,0.016304
12.931859493255615,3.46044594745395,0.9180316690091695,0.29274229172878613,0.031221272496295218,-0.08029715564903238,-71.21483218215484,-0.004461704902523256,0.016304
12.960085153579712,3.4565653424065537,0.9167381593658422,0.23909679798985542,-0.0016019114123030506,-0.19131044124640698,-71.32584546775222,-0.004468660033995421,0.016304
12.987581729888916,3.452199661932056,0.9194868673661337,0.09901330765508391,0.017397168458119873,-0.2327923417110122,-71.36732736821682,-0.004471258930784162,0.016304
13.018387794494629,3.4538165806011647,0.9246609060392986,0.03892954705879488,0.10970887126810278,0.361610735644632,-70.77292429086117,-0.004434018779497571,0.016453
13.052114963531494,3.448319057246829,0.9246609060392986,-0.13224300349478482,0.17432706323509364,1.9478819149420585,-69.18665311156374,-0.004334636759200173,0.016453
13.083373069763184,3.4478339816731447,0.9332304078350806,-0.26345619303846574,0.35042400088248016,2.117953375223018,-69.01658165128278,-0.004323981553748394,0.016453
13.114031553268433,3.4463787549680416,0.92643948185871,-0.3894826378129571,0.36998814860184753,2.3463191498202702,-68.78821587668553,-0.004309674131195141,0.016453
13.139097213745117,3.4559185749152377,0.9322602755410351,-0.25365052630056134,0.4725719449413168,1.953800333527973,-69.18073469297782,-0.004334265962325269,0.016453
13.165662288665771,3.4538165806011647,0.9267628592818257,-0.20793513671016026,0.4604299812166063,1.8621694848805348,-69.27236554162526,-0.00434000675808516,0.016453
13.19239854812622,3.4526847375296827,0.9112407434582847,-0.2025166419164637,0.214893568899619,2.2172120643172724,-68.91732296218852,-0.004317762863537665,0.016453
13.220102548599243,3.4622245581577094,0.9329070304032979,0.025326943283545827,0.3738822829417196,1.2146602720718136,-69.91987475443398,-0.004380574080097913,0.016453
13.24751091003418,3.458343953032099,0.9274096141293547,0.09367820708266807,0.4012237613838532,1.0714670036773892,-70.0630680228284,-0.004389545330721232,0.016453
13.276103258132935,3.4593141042975013,0.9212654431475902,0.16430890282647584,0.32653563347250697,0.7987722139806209,-70.33576281252518,-0.004406630025619769,0.016611
13.307571649551392,3.4612544068603035,0.9235290850701117,0.2593200127675331,0.3088218457496148,0.6077267406003145,-70.52680828590547,-0.004418599281167623,0.016611
13.337260007858276,3.4573738017773596,0.9232057076513148,0.23468854488740096,0.2914839226359676,0.6072965448905484,-70.52723848161524,-0.004418626233506742,0.016611
13.371450901031494,3.462709633810414,0.9128576304770634,0.34276298005826406,0.12132268528282486,0.12368168534122254,-71.01085334116456,-0.004448925354120622,0.016611
13.402428150177002,3.4606076393346283,0.9138277626934694,0.36904799241161,0.0170246336478882,-0.11148839241440857,-71.24602341892019,-0.004463659075407295,0.016611
13.435526609420776,3.4565653424065537,0.9186784238334118,0.29251078846783907,0.018090070949115886,-0.13105601491230723,-71.26559104141809,-0.004464885013242917,0.016611
13.464811086654663,3.4562419586603035,0.915121272321345,0.23133980888773129,-0.035485110277719424,-0.3159807882540464,-71.45051581475983,-0.004476470798711125,0.016611
13.501418828964233,3.4494509002624345,0.9257927270137754,0.029026456392717673,0.08997522726236235,0.19569631342552676,-70.93883871308026,-0.004444413540930425,0.016611
13.533434867858887,3.449127516542213,0.9215888205638001,-0.12018782656198997,0.11359993125557952,2.2417498633832937,-68.8927851631225,-0.0043162255374633715,0.016611
13.567540168762207,3.4492892084021762,0.9274096141293547,-0.22084035652964026,0.21902611520354895,2.3068773167562715,-68.82765770974952,-0.004312145215020712,0.016611
13.597247838973999,3.447672289815841,0.9335537852672978,-0.3292718082010351,0.38665160917295854,2.226749007010292,-68.90778601949549,-0.004317165361266512,0.01677
13.627958297729492,3.4507444351551433,0.9241758399089995,-0.3330219304589258,0.3607795721749312,2.2756632631422207,-68.85887176336357,-0.004314100817410973,0.01677
13.65404462814331,3.4486424409640963,0.9248225947496141,-0.38501410161840155,0.3525456897376873,2.384789098565527,-68.74974592794027,-0.004307263937227717,0.01677
13.680083274841309,3.454139964338536,0.9299966335367834,-0.29229470282166514,0.42579432067326256,2.096788428518762,-69.03774659798704,-0.004325307566091307,0.01677
13.706501007080078,3.459475796176105,0.9243375286189913,-0.10207466556815951,0.3906486060880173,1.6208301630915392,-69.51370486341426,-0.004355126990797966,0.01677
13.735585927963257,3.454948423687143,0.9335537852672978,-0.07524975593744508,0.5067873527920875,1.5459484002270212,-69.58858662627878,-0.004359818433833704,0.01677
13.762197256088257,3.4619011743907215,0.9196485560730008,0.10681882616229449,0.37573878921634635,1.0049863498012301,-70.12954867670457,-0.004393710432993236,0.01677
13.788489818572998,3.458343953032099,0.9215888205638001,0.1507225250977956,0.3136344246233717,0.7950331067881545,-70.33950191971765,-0.0044068642857083,0.01677
13.81712555885315,3.459475796176105,0.9180316690091695,0.20803739397549775,0.21584038142059828,0.45294655645550663,-70.6815884700503,-0.004428296467627966,0.01677
13.84669017791748,3.46109271497844,0.9240141511991157,0.28613248795683666,0.23874257688706096,0.4194795103597827,-70.71505551614602,-0.004430393223023757,0.01693
13.88209319114685,3.459475796176105,0.9156063384335676,0.3028243679768126,0.1263790511963514,0.1352912811855976,-70.99924374532021,-0.004448197997345245,0.01693
13.9121413230896,3.4609310230968733,0.907036837259485,0.3486859011497506,-0.08313961056370889,-0.348720072114083,-71.48325509861989,-0.004478521958825214,0.01693
13.942052602767944,3.4554334992998585,0.9211037544396468,0.2516750458379532,-0.014987862722377177,-0.2591447281580857,-71.39367975466389,-0.0044729099431955,0.01693
13.969399213790894,3.453331504997326,0.9275713028415072,0.13440035892240274,0.1314837953148549,0.26292594074809017,-70.87160908575771,-0.004440201514465874,0.01693
13.995184898376465,3.4463787549680416,0.9338771626999494,-0.11098305144032133,0.3303102571700705,1.6865042243012789,-69.44803080220453,-0.004351012422640048,0.01693
14.02391004562378,3.444600144583175,0.9238524624893398,-0.32452358604615444,0.3164023540521192,2.358079439219478,-68.77645558728634,-0.004308937333266119,0.01693
14.05146598815918,3.4455702956977645,0.9251459721705692,-0.45121715272776686,0.3264199087922992,2.543190585133739,-68.59134444137207,-0.00429733987130588,0.01693
14.078919649124146,3.4455702956977645,0.9311284545362527,-0.5399026494048712,0.42479022550249357,2.4887820176071846,-68.64575300889862,-0.0043007486411510655,0.01693
14.105743646621704,3.4457319875512296,0.9209420657318111,-0.5981850291307942,0.3380938866940196,2.6702162479183764,-68.46431877858743,-0.004289381542892735,0.017087
14.144227981567383,3.452361353797636,0.928541435116695,-0.4832865030968478,0.39345583531624195,2.469736283688112,-68.6647987428177,-0.004301941881966146,0.017087
14.174318313598633,3.453331504997326,0.9225589528150154,-0.38007272533193015,0.3408511719371287,2.4114141248738967,-68.72312090163192,-0.00430559584356282,0.017087
14.207992553710938,3.458182261155569,0.9335537852672978,-0.19389902943790796,0.4719291488864672,1.8383225661626363,-69.29621246034317,-0.004341500799577551,0.017087
14.236142873764038,3.460122563693483,0.9209420657318111,-0.018007819976242533,0.3710911330628039,1.342843740836345,-69.79169128566946,-0.004372543213584793,0.017087
14.270307064056396,3.4589907205411823,0.9214271318556412,0.0785337468292188,0.30791192948100715,0.9486235637630062,-70.1859114627428,-0.004397241637253373,0.017087
14.296934843063354,3.4593141042975013,0.915121272321345,0.15370778064903354,0.16739019069460276,0.35323318979644674,-70.78130183670936,-0.00443454364399892,0.017087
14.324177980422974,3.4597991799342016,0.9138277626934694,0.2177220099590927,0.04927188743612537,-0.09909545279740224,-71.23363047930322,-0.00446288264109226,0.017087
14.350558042526245,3.4534931968649767,0.9173849141866466,0.11443070208840622,0.0209100622044351,-0.28566349117837525,-71.42019851768418,-0.0044745713793226515,0.017087
14.380667686462402,3.4625479419258824,0.9215888205638001,0.25478502142133197,0.06525431571503157,-0.04112080732351352,-71.17565583382932,-0.004459250451673189,0.017239
14.408406734466553,3.453654888732923,0.9204569996089499,0.14417227840010843,0.07901134236281884,-0.0006806638678304314,-71.13521569037364,-0.0044567168223604995,0.017239
14.434134483337402,3.4562419586603035,0.9223972641062103,0.1275028518402816,0.11827089102497979,0.18377234471649656,-70.95076268178931,-0.004445160593588088,0.017239
14.46123743057251,3.454139964338536,0.9232057076513148,0.06646716459939221,0.15809825432872313,0.4869371053298922,-70.64759792117592,-0.004426166914079846,0.017239
14.488508224487305,3.4496125921229885,0.92643948185871,-0.08258692649460994,0.23536012601421533,1.5734820918730452,-69.56105293463276,-0.004358093411064747,0.017239
14.515601396560669,3.4507444351551433,0.9354940498697273,-0.1603425132644421,0.42771504835516744,1.7917642622051997,-69.3427707643006,-0.004344417739864493,0.017239
14.543710470199585,3.448965824682545,0.9244992173290909,-0.2565435734156693,0.39446225132986745,2.07727344126928,-69.05726158523652,-0.004326530206257909,0.017239
14.572805643081665,3.4481573653886395,0.9266011705702139,-0.342871655885926,0.40328405980097726,2.250063965374349,-68.88447106113145,-0.0043157046478049,0.017239
14.599873781204224,3.4457319875512296,0.9304816996787628,-0.46026333366756383,0.46871858748949413,2.3431512183369616,-68.79138380816883,-0.004309872606358205,0.017239
14.63238787651062,3.453169813129972,0.9280563689786142,-0.3677539750056562,0.47748571816068003,2.1937927217538626,-68.94074230475194,-0.004319230116809593,0.017397
14.666122674942017,3.452037970066772,0.9353323611522604,-0.3295797016673579,0.5947338268806621,2.017600918952022,-69.11693410755377,-0.004330268769942055,0.017397
14.697364091873169,3.453331504997326,0.9332304078350806,-0.2724779643312733,0.644708735434377,1.8936046408578948,-69.2409303856479,-0.00433803730333482,0.017397
14.729919195175171,3.453978272469703,0.9303200109646612,-0.2173168750296245,0.6352467245072398,1.8062904731145866,-69.32824455339122,-0.004343507653237262,0.017397
14.757541179656982,3.45478673181683,0.9274096141293547,-0.15971677090413702,0.5841788704797112,1.7185437322973829,-69.41599129420842,-0.0043490051044238805,0.017397
14.790905237197876,3.4661051634540874,0.9236907737796718,0.1464261028437119,0.4916412475109331,1.0492793241075853,-70.08525570239823,-0.004390935418652059,0.017397
14.823589324951172,3.4609310230968733,0.9230440189420783,0.2392071155565767,0.41698836801755834,0.791764993327626,-70.34277003317818,-0.004407069037406817,0.017397
14.84937572479248,3.465781779672863,0.9206186883164627,0.4180778857252919,0.32769431479960853,0.4433404063661552,-70.69119462013965,-0.004428898305835469,0.017397
14.876978158950806,3.4578588774033965,0.9099472338509629,0.3572114613435353,0.10222551661360994,0.029017371459997672,-71.10551765504582,-0.004454856200552411,0.017556
14.903436422348022,3.4623862500416474,0.8966887607691347,0.4209340842292189,-0.2580717655014196,-0.6039222802382966,-71.73845730674411,-0.004494510719989604,0.017556
14.932662010192871,3.4580205692793347,0.9177082915976932,0.3630082687720963,-0.18929222326258163,-0.5586894763514454,-71.69322450285726,-0.0044916768240626905,0.017556
14.959239721298218,3.4567270342801226,0.9157680271378563,0.2920804503403451,-0.17077617313261792,-0.6069305347436065,-71.74146556124943,-0.004494699191175494,0.017556
14.988294124603271,3.4526847375296827,0.9157680271378563,0.14749426901886917,-0.1578149380416388,-0.8231206381090116,-71.95765566461483,-0.004508243791569907,0.017556
15.01698112487793,3.4622245581577094,0.9172232254812843,0.27033458093827883,-0.12651985142217947,-0.5481492288136981,-71.68268425531951,-0.004491016463395229,0.017556
15.043616771697998,3.462062866274067,0.896527072077422,0.3525253306251068,-0.4206626587102008,-0.8660686721162413,-72.00060369862206,-0.004510934543594621,0.017556
15.071332931518555,3.454463348077091,0.9227206415239286,0.23157783638752774,-0.22656263803498225,-0.7895874356756315,-71.92412246218144,-0.004506142891390691,0.017556
15.097074270248413,3.452523045663512,0.9175466028921162,0.1013449710054711,-0.16970496983153127,-0.9588235893366488,-72.09335861584246,-0.004516745763760623,0.017556
15.126991033554077,3.447995673530744,0.9198102447799755,-0.09614714284319419,-0.09533670080339086,-1.6759534374851137,-72.81048846399092,-0.00456167491210216,0.017556
15.154186010360718,3.452037970066772,0.9175466028921162,-0.1394549191536345,-0.0778468137694156,-1.937515819523235,-73.07205084602904,-0.0045780621467061845,0.017708
15.186856269836426,3.455595191171356,0.9270862367053739,-0.08622606000291974,0.08007512189926748,0.0,-73.07205084602904,-0.0045780621467061845,0.017708
15.212723016738892,3.444923528286857,0.9141511400997953,-0.29959875622022636,-0.006910389203430146,-2.7536226432431548,-73.88815766974896,-0.0046291923355278085,0.017708
15.241777658462524,3.453008121262913,0.9240141511991157,-0.25908623905977074,0.08281703745023372,-3.1364801273780354,-74.27101515388384,-0.004653178871219742,0.017708
15.267647743225098,3.446863830533751,0.9256310383028118,-0.3750312660589869,0.17031759479421799,2.857852879491204,-74.55986745419418,-0.00467127585586338,0.017708
15.296433448791504,3.4557568830431484,0.9299966335367834,-0.24733203445818874,0.2982346542128346,2.2373519905976424,-75.18036834308774,-0.004710151070101267,0.017708
15.322558164596558,3.450421051430193,0.9225589528150154,-0.2832590251582367,0.27419634516474584,2.3925568771473795,-75.025163456538,-0.004700427275464733,0.017708
15.349600553512573,3.454139964338536,0.9243375286189913,-0.22106614929953583,0.28453002323205107,2.187280448504289,-75.23043988518108,-0.004713288119476928,0.017708
15.383741855621338,3.452523045663512,0.9228823302329495,-0.2155058189754595,0.26954137517264326,2.2053138316726093,-75.21240650201277,-0.004712158303796322,0.017856
15.410637855529785,3.4463787549680416,0.9183550464210757,-0.3559173759688353,0.18991351840748522,2.779757021949863,-74.63796331173552,-0.00467616866624827,0.017856
15.438774347305298,3.457697185527755,0.9159297158422524,-0.1883826903112057,0.0971369818138528,3.035897967840342,-74.38182236584504,-0.0046601210919017715,0.017856
15.475754976272583,3.4607693312156025,0.9196485560730008,0.001043491747084633,0.08898352953157866,0.03980669470783413,-77.37791363897755,-0.004847830234957115,0.017856
15.506653308868408,3.4559185749152377,0.9209420657318111,0.0197177643914957,0.1030291995143825,0.17069688336898972,-77.24702345031639,-0.0048396297888064045,0.017856
15.539583921432495,3.46044594745395,0.9167381593658422,0.13911887285776012,0.048663637500360304,-0.16740103795936853,-77.58512137164475,-0.004860812077760835,0.017856
15.566439628601074,3.4633564013515055,0.9081686581520613,0.2910540844177019,-0.12025645029225614,-0.5067001006192019,-77.92442043430458,-0.004882069619833233,0.017856
15.594572305679321,3.4593141042975013,0.9154446497293861,0.3024720169609926,-0.12738940360330822,-0.5082920592762509,-77.92601239296162,-0.0048821693581816514,0.017856
15.621412515640259,3.451714586337091,0.9112407434582847,0.13198355627890154,-0.19658000047431326,-0.9286569007306956,-78.34637723441607,-0.004908505780195093,0.017856
15.64989161491394,3.453331504997326,0.9159297158422524,0.05061631623108396,-0.17340848140341064,-1.1076480529707156,-78.52536838665608,-0.0049197198163303596,0.018015
15.677060842514038,3.4573738017773596,0.9091387903498602,0.0885959573118518,-0.2608921192967781,-1.1209899464477886,-78.53871028013316,-0.004920555703879506,0.018015
15.702736139297485,3.4572121099026063,0.8973355155370439,0.11138423762042478,-0.5023775682875928,-1.2587429369993401,-78.6764632706847,-0.004929186113787782,0.018015
15.730564594268799,3.4528464293961503,0.9186784238334118,0.02480438836835969,-0.3454914704057174,-1.3367311329181126,-78.75445146660348,-0.0049340721790273896,0.018015
15.759352922439575,3.449935975844984,0.9198102447799755,-0.10415593360644665,-0.21838725120531666,-1.6615647617113871,-79.07928509539676,-0.004954423442235935,0.018015
15.785604238510132,3.452523045663512,0.9248225947496141,-0.13366866799031096,-0.052871086628488474,-1.97296708284795,-79.39068741653332,-0.004973933215976865,0.018015
15.818670988082886,3.4457319875512296,0.9233673963606593,-0.31382124214063334,0.040768005824278176,-2.9765763193784447,-80.39429665306382,-0.005036810682842086,0.018015
15.849108934402466,3.450421051430193,0.92643948185871,-0.32980147053592707,0.15322895206110387,2.859488760265193,-80.84141688059977,-0.005064823365735332,0.018167
15.87506651878357,3.4457319875512296,0.9230440189420783,-0.4511142039225715,0.18009976120267396,2.880106764161514,-80.82079887670345,-0.005063531620094071,0.018167
15.901928186416626,3.4500976677064243,0.9261161044360265,-0.43350148007477785,0.24582290905900975,2.7053578469576602,-80.9955477939073,-0.0050744798745055225,0.018167
15.932438850402832,3.4538165806011647,0.9236907737796718,-0.33383080435212226,0.2547920745164466,2.5415815199122544,-81.15932412095272,-0.005084740681403539,0.018167
15.958160161972046,3.4475105979588325,0.928703123829605,-0.4121625897080385,0.33761370269938207,2.4840611021894285,-81.21684453867555,-0.00508834441284382,0.018167
15.986858367919922,3.448480749105315,0.9211037544396468,-0.4442100311656544,0.2795394565617803,2.643106199559521,-81.05779944130545,-0.0050783800238406495,0.018167
16.018394947052002,3.4510678188812767,0.9259544157248469,-0.40588375018715783,0.3129615599293728,2.523100414558878,-81.17780522630609,-0.0050858985474804864,0.018167
16.047794818878174,3.4578588774033965,0.9222355753975127,-0.219561683795183,0.279566907478465,2.1800606947956234,-81.52084494606935,-0.005107390446745419,0.018167
16.07497215270996,3.454948423687143,0.9261161044360265,-0.15749066869634065,0.315449911452059,1.883422512788487,-81.81748312807647,-0.005125975227336511,0.018167
16.10326361656189,3.4591524124191935,0.9222355753975127,-0.015306778750295826,0.2813087535443408,1.2436439116624314,-82.45726172920253,-0.005166058216142442,0.018167
16.1288480758667,3.4572121099026063,0.9261161044360265,0.03865232237696315,0.3166692036981754,1.09166636019354,-82.60923928067142,-0.005175579813900727,0.018318
16.156445741653442,3.4591524124191935,0.9270862367053739,0.1219933150010238,0.3562363341265914,0.9270832634727092,-82.77382237739225,-0.005185891166002681,0.018318
16.181609392166138,3.4580205692793347,0.9133426965847845,0.1537497303123667,0.17405678057502966,0.3624532860247202,-83.33845235484024,-0.005221265992584419,0.018318
16.20819354057312,3.4572121099026063,0.9110790547569951,0.15699187872078868,0.011963192720536997,-0.2973282831943403,-83.9982339240593,-0.0052626021942123275,0.018318
16.23377561569214,3.4557568830431484,0.919001801246178,0.12508416688765764,0.019485333915497303,-0.3073115512579347,-84.0082171921229,-0.005263227659367516,0.018318
16.259931564331055,3.4630330175803667,0.9159297158422524,0.2736348528346375,-0.022162747330539863,-0.2931408949212143,-83.99404653578618,-0.005262339848711896,0.018318
16.28618574142456,3.4578588774033965,0.9160914045467556,0.256101338320112,-0.048847268423712654,-0.3779893024491447,-84.07889494331411,-0.00526765571542447,0.018318
16.316174745559692,3.4589907205411823,0.9130193191795298,0.2704101576366809,-0.11444001271100047,-0.5169877687500523,-84.21789340961502,-0.00527636415606155,0.018318
16.34686827659607,3.455595191171356,0.9196485560730008,0.20067949375032884,-0.05912036663581863,-0.473502736708054,-84.17440837757302,-0.005273639760388583,0.018318
16.371798515319824,3.454301656207666,0.9156063384335676,0.12148828225233457,-0.0821250092696632,-0.6937048910711893,-84.39461053193615,-0.005287435721167584,0.01847
16.401546239852905,3.455595191171356,0.920780377024083,0.09643418098127252,-0.01921591347479459,-0.5325922580373792,-84.23349789890234,-0.005277341798277663,0.01847
16.429216384887695,3.4565653424065537,0.9223972641062103,0.10168112046661675,0.04951181193864982,-0.18520110277933266,-83.88610674364429,-0.005255577275733489,0.01847
16.459240436553955,3.452361353797636,0.9243375286189913,0.006619801621346779,0.1272508499737912,0.48957259490459754,-83.21133304596036,-0.00521330179711761,0.01847
16.484968900680542,3.4481573653886395,0.9193251786593742,-0.15865729336000428,0.10512496561486828,2.8787542503919106,-80.82215139047304,-0.005063616356898632,0.01847
16.511119604110718,3.453169813129972,0.9235290850701117,-0.15662974679034017,0.1538343782492632,2.41743007344664,-81.28347556741831,-0.0050925189363032215,0.01847
16.537631273269653,3.4496125921229885,0.9246609060392986,-0.23875476446741217,0.20521491812190254,2.4960124796621037,-81.20489316120285,-0.005087595642990295,0.01847
16.565699100494385,3.452523045663512,0.9212654431475902,-0.22788784959295555,0.18932944318914038,2.52939368188945,-81.1715119589755,-0.0050855042658281766,0.01847
16.59179663658142,3.4486424409640963,0.9228823302329495,-0.3114202450122154,0.20290096914260522,2.67032432431122,-81.03058131655374,-0.005076674771761539,0.01847
16.622316598892212,3.452037970066772,0.9230440189420783,-0.2901460906719667,0.2148701731597181,2.5887644337548728,-81.11214120711008,-0.00508178460846822,0.01847
16.649961471557617,3.4500976677064243,0.9249842834600377,-0.32082380079937534,0.2528782462965094,2.533781553760832,-81.16712408710413,-0.0050852293597609954,0.018628
16.677473545074463,3.4565653424065537,0.9316135206805085,-0.19039946677983677,0.38071846956213823,1.9312067600311313,-81.76969888083383,-0.00512298148005588,0.018628
16.70225167274475,3.46157779062492,0.9220738866889228,0.018619091293941764,0.3245276083799287,1.1837704683019932,-82.51713517256297,-0.005169809367799851,0.018628
16.73076558113098,3.459960871813694,0.9251459721705692,0.12695739596980682,0.33210758682176367,0.8753949809252239,-82.82551065993974,-0.005189129506339638,0.018628
16.7578022480011,3.4560802667876223,0.9167381593658422,0.11165496573972969,0.20901850861552485,0.5743630278736943,-83.12654261299127,-0.005207989562589027,0.018628
16.786437511444092,3.465296704003251,0.9193251786593742,0.3173989744444164,0.16236232666408296,0.1900749019797358,-83.51083073888523,-0.005232065729909017,0.018628
16.812965869903564,3.4641648607845417,0.8995991572380776,0.43483749916031955,-0.1715315576822663,-0.46669646386403674,-84.167602104729,-0.005273213338251711,0.018628
16.841513872146606,3.4630330175803667,0.9136660739904674,0.4904621854254626,-0.19044247218380572,-0.45378597774072565,-84.15469161860568,-0.0052724044789528085,0.018628
16.876197576522827,3.454463348077091,0.9144745175065497,0.3281336347478324,-0.19133443353785679,-0.6014842184661646,-84.30238985933111,-0.005281657972144411,0.018628
16.90338921546936,3.454625039946813,0.9059050163721344,0.21830111760326523,-0.3228229996564992,-0.9483330728907127,-84.64923871375566,-0.005303388518812868,0.01878
16.92890453338623,3.4609310230968733,0.9167381593658422,0.2895196258882814,-0.24943290191925688,-0.7427396745052609,-84.44364531537022,-0.005290507816220513,0.01878
16.95693826675415,3.4510678188812767,0.9110790547569951,0.10772700975061456,-0.2844795850254647,-1.114254732566732,-84.8151603734317,-0.005313783733682122,0.01878
16.987693071365356,3.454301656207666,0.9160914045467556,0.05642154345256585,-0.2324690548101623,-1.1822233416829708,-84.88312898254793,-0.005318042058348757,0.01878
17.016316175460815,3.454948423687143,0.9157680271378563,0.03569759037705572,-0.20099995521591646,-1.2061832435881046,-84.90708888445306,-0.005319543178389603,0.01878
17.044820547103882,3.455271807428658,0.9180316690091695,0.028785759932495478,-0.14440368446690233,-1.1506630868658603,-84.85156872773082,-0.005316064765988056,0.01878
17.073853015899658,3.4478339816731447,0.9209420657318111,-0.15073605863938347,-0.06034185028455476,-2.0797799259606973,-85.78068556682565,-0.0053742751840847106,0.01878
17.103079080581665,3.450259359568161,0.9206186883164627,-0.2194393102342723,-0.006436838011872893,-2.6078176887680127,-86.30872332963297,-0.005407357459263127,0.01878
17.130090713500977,3.4507444351551433,0.9254693495919563,-0.25613918188218143,0.10537074609467577,3.007081946153928,-86.97700900189062,-0.0054492264543703735,0.01878
17.159486293792725,3.4463787549680416,0.9201336221942474,-0.3843607300035511,0.10215457198347169,3.0723727293153744,-86.91171821872918,-0.005445135899097058,0.018928
17.185544729232788,3.4497742839838383,0.9309667658217176,-0.3943689845952073,0.2653353538040613,2.619410609020791,-87.36468033902376,-0.0054735145844193285,0.018928
17.21432876586914,3.452199661932056,0.9172232254812843,-0.34441274015445306,0.16968535286981398,2.824578425761914,-87.15951252228264,-0.0054606605450886955,0.018982
17.24410605430603,3.453978272469703,0.919001801246178,-0.26767121810588507,0.12989084601999287,2.894353456445316,-87.08973749159924,-0.005456289045684223,0.018982
17.270307302474976,3.46157779062492,0.911887498264512,-0.035471134634295534,-0.006607282801754862,-1.148875582910161,-84.84978122377512,-0.005315952776463991,0.018982
17.298896074295044,3.45640365053328,0.9122108756682676,0.005549931122458023,-0.09721770149905244,-1.1472520458606879,-84.84815768672566,-0.0053158510596868665,0.018982
17.33363652229309,3.4507444351551433,0.8957186286204467,-0.09864671293248063,-0.4124968316584282,-1.6193886259000054,-85.32029426676498,-0.0053454310506701195,0.018982
17.362384557724,3.448965824682545,0.9193251786593742,-0.2133565131833241,-0.2726984115276814,-1.9456157814461683,-85.64652142231114,-0.005365869620201724,0.018982
17.39764404296875,3.4507444351551433,0.9185167351271901,-0.25188122394655243,-0.18718519647907933,-2.1573129996769507,-85.85821864054192,-0.005379132735306944,0.018982
17.42883062362671,3.458182261155569,0.9181933577150688,-0.10416497846816443,-0.1322642175507365,-1.7067248788243319,-85.4076305196893,-0.00535090278423882,0.018982
17.462695121765137,3.4585056449089255,0.9028329311327764,0.006831330353118262,-0.3283874260349339,-1.3711754004632393,-85.07208104132822,-0.005329880158659736,0.018982
17.49553084373474,3.458182261155569,0.904773195490005,0.07693380954163635,-0.43604404410357034,-1.2825930727599009,-84.98349871362488,-0.005324330356832218,0.018982
17.523727655410767,3.459960871813694,0.9059050163721344,0.16777769874318607,-0.494119727052506,-1.168459424361573,-84.86936506522656,-0.0053171797304388405,0.018982
17.554302215576172,3.4551101155577526,0.910270611252152,0.11744436743119299,-0.46810604124413446,-1.2312138863397786,-84.93211952720476,-0.005321111381782864,0.018982
17.584352731704712,3.4562419586603035,0.9055816389767076,0.10879331416207902,-0.521501396401638,-1.2728718379103225,-84.9737774787753,-0.005323721308409889,0.018982
17.60976791381836,3.4515528944726936,0.9215888205638001,-0.007389003885082877,-0.3144337053092173,-1.401210898628355,-85.10211653949334,-0.00533176192296791,0.018982
17.636723518371582,3.454625039946813,0.9162530932513663,-0.016564729439789375,-0.2509678032280806,-1.3961274637651475,-85.09703310463013,-0.005331443438944908,0.018982
17.66310405731201,3.4507444351551433,0.9013777328749043,-0.11412697532604338,-0.4337021567583318,-1.651161192195433,-85.35206683306042,-0.005347421644630147,0.018982
17.689223766326904,3.448965824682545,0.9227206415239286,-0.22419269685879717,-0.23569028666866942,-2.0282373018246056,-85.72914294268959,-0.005371045969442899,0.018982
17.715973138809204,3.451714586337091,0.9291881899689847,-0.23668174339495823,0.0016834576020273784,-2.7456521854738085,-86.44655782633879,-0.00541599297564146,0.018982
17.74189829826355,3.4580205692793347,0.9202953109015449,-0.0973228105648103,0.0320426058603525,0.0,-86.44655782633879,-0.00541599297564146,0.018982
17.776644945144653,3.4481573653886395,0.9278946802661371,-0.23141712189032468,0.1693433951194563,2.5759876171955067,-87.40810333084906,-0.005476235093189378,0.018982
17.802690267562866,3.452523045663512,0.9036413746130929,-0.2227514997889943,-0.10491641891494692,-2.274528278782707,-85.97543391964768,-0.005386476430003845,0.018982
17.830201148986816,3.455271807428658,0.9230440189420783,-0.15212860318372562,-0.0006019984805627335,-2.405815937903424,-86.1067215787684,-0.0053947017782127885,0.0
17.858558416366577,3.453978272469703,0.9181933577150688,-0.13307232222638282,-0.0016559789517760174,-2.2572366313428756,-85.95814227220785,-0.005385393085063037,0.0
17.885497093200684,3.4528464293961503,0.920780377024083,-0.14631520352439173,0.03711240774772812,-2.7193372378026797,-86.42024287866765,-0.0054143443088197265,0.0
17.914149045944214,3.452523045663512,0.9188401125397412,-0.1631801569328447,0.03462064862594264,-2.7684686277727977,-86.46937426863776,-0.005417422456401915,0.0
17.939859628677368,3.452037970066772,0.9230440189420783,-0.18637802901641767,0.09707394879805431,2.893661648091662,-87.09042929995289,-0.005456332388406919,0.018945
17.965551376342773,3.4488041328231733,0.9152829610253119,-0.27856590252880475,0.02227273998740694,-2.915107780869287,-86.61601342173425,-0.005426609596330841,0.018945
17.993090867996216,3.455595191171356,0.9164147819560842,-0.18360374836549723,-0.012804155738117147,-2.4917602707049284,-86.19266591156989,-0.00540008630611596,0.018945
18.02255344390869,3.4513912026085922,0.9214271318556412,-0.21586441585219537,0.03918522732035956,-2.932707708750396,-86.63361334961536,-0.005427712255455423,0.018945
18.049915313720703,3.4507444351551433,0.9222355753975127,-0.25363675581476236,0.0879234746521518,3.0335989129823484,-86.9504920350622,-0.0054475651307770556,0.018945
18.076443195343018,3.45478673181683,0.9238524624893398,-0.1851406874537405,0.14673160628956705,2.517426850463017,-87.46666409758153,-0.005479904003892663,0.018945
18.104332447052002,3.4567270342801226,0.9160914045467556,-0.0916238190177198,0.06937877911036727,0.0,-87.46666409758153,-0.005479904003892663,0.018945
18.131985902786255,3.4591524124191935,0.9228823302329495,0.030800016024749213,0.11893550428746347,0.43398524946929407,-89.55010569857525,-0.005610434418982287,0.018945
18.158504009246826,3.4567270342801226,0.9225589528150154,0.05953467341720214,0.14868694021698434,0.5284972629032199,-89.45559368514132,-0.005604513114378116,0.018945
18.184635639190674,3.457535493652409,0.92643948185871,0.09863627579713917,0.22877220613600158,0.7386164013106762,-89.24547454673387,-0.005591348868093739,0.018945
18.217219591140747,3.4572121099026063,0.9278946802661371,0.11841246056014332,0.3070541153124118,0.8842288840232576,-89.0998620640213,-0.00558222605044354,0.018794
18.246758937835693,3.457535493652409,0.9215888205638001,0.13985072679717364,0.2655551528906141,0.7364184164267427,-89.24767253161781,-0.005591486574799376,0.018794
18.272674798965454,3.4572121099026063,0.9170615367760295,0.1472625762601466,0.16737007643986865,0.41076885379187206,-89.57332209425267,-0.0056118889573591796,0.018794
18.29978036880493,3.457535493652409,0.9253076608812086,0.160045807787169,0.22456645033648426,0.5800087426281204,-89.40408220541643,-0.005601285850975502,0.018794
18.326656341552734,3.4612544068603035,0.9181933577150688,0.25633584623999395,0.15596193522015347,0.2517270662671311,-89.73236388177742,-0.005621853138996092,0.018794
18.353705167770386,3.460122563693483,0.9164147819560842,0.2971565929982923,0.08077828092480599,0.026255129326661453,-89.95783581871788,-0.005635979258732716,0.018794
18.384573936462402,3.4554334992998585,0.9083303468514276,0.21560453013194278,-0.09530706419453147,-0.5226911453414234,-90.50678209338597,-0.0056703714802666194,0.018794
18.410649299621582,3.460122563693483,0.9228823302329495,0.26864467172269124,0.0036554139740320826,-0.1940765796944734,-90.17816752773902,-0.005649783336285078,0.018645
18.436678171157837,3.4580205692793347,0.9244992173290909,0.2564056800175339,0.0976205072630727,0.08216111033150175,-89.90192983771304,-0.005632476673921567,0.018645
18.46575617790222,3.460122563693483,0.9301583222506682,0.29720547664257024,0.2498158288633531,0.45263889714528777,-89.53145205089926,-0.005609265742897045,0.018645
18.494307279586792,3.4612544068603035,0.9191634899527223,0.3523476144387957,0.18845131502569593,0.27093916118671985,-89.71315178685784,-0.005620649475440848,0.018645
18.5213623046875,3.4588290286634673,0.9256310383028118,0.333985082402249,0.24426158909703813,0.4049804850935904,-89.57911046295096,-0.005612251606433922,0.018645
18.54638934135437,3.4505827432925202,0.9232057076513148,0.12746042480024303,0.24629174297916395,0.7272759688716915,-89.25681497917286,-0.00559205936142019,0.018645
18.572041749954224,3.4602842555735687,0.9227206415239286,0.21074126656370704,0.24030544314757535,0.5426891436638603,-89.44140180438069,-0.005603623973983826,0.018645
18.598564386367798,3.4622245581577094,0.9274096141293547,0.31460747921965143,0.3077199735279483,0.5517905088255308,-89.43230043921902,-0.005603053761230145,0.018645
18.628106832504272,3.46109271497844,0.9259544157248469,0.3607315476277651,0.3326879218056881,0.5459649764445714,-89.43812597159997,-0.005603418738659531,0.018645
18.654629707336426,3.4565653424065537,0.9236907737796718,0.2866892771191581,0.3155975834391169,0.6016761335219493,-89.38241481452259,-0.005599928359829154,0.018645
18.68148708343506,3.4640031688973414,0.9222355753975127,0.40954324229231287,0.28141212393527804,0.41207785623795995,-89.57201309180658,-0.005611806946597486,0.018494
18.713529109954834,3.455271807428658,0.9206186883164627,0.29047771627319635,0.2327909439420044,0.42014220542734354,-89.5639487426172,-0.005611301704287543,0.018494
18.744046688079834,3.454139964338536,0.9222355753975127,0.18054956970247424,0.22344747628730263,0.5473161612190737,-89.43677478682547,-0.005603334085118296,0.018494
18.777491807937622,3.4585056449089255,0.9156063384335676,0.20613151407257924,0.11567248077651943,0.15058911461356594,-89.83350183343097,-0.005628189567530664,0.018494
18.808331966400146,3.4578588774033965,0.9220738866889228,0.2088490011866156,0.13899541623000347,0.23181056261858696,-89.75228038542595,-0.00562310093470447,0.018494
18.841827869415283,3.454948423687143,0.9206186883164627,0.14239681079089053,0.13309924854831107,0.27659789847858385,-89.70749304956595,-0.005620294947947858,0.018494
18.86675238609314,3.455595191171356,0.9165764706609095,0.11107015095824431,0.06724353603849188,-0.04537724191362794,-90.02946818995817,-0.005640467123018131,0.018494
18.892224073410034,3.461739482507672,0.9209420657318111,0.2334452923464629,0.08781120406922119,0.04311662046793718,-89.9409743275766,-0.005634922863661861,0.018494
18.920573234558105,3.4622245581577094,0.9238524624893398,0.33050029726758406,0.1466530168815145,0.18075697341443417,-89.8033339746301,-0.0056262995106508545,0.018494
18.948252201080322,3.461739482507672,0.9202953109015449,0.3870463947630181,0.13352129735599066,0.12955525390422526,-89.85453569414031,-0.005629507367159902,0.018342
18.97563409805298,3.4589907205411823,0.9209420657318111,0.3620716971467499,0.13420563699146298,0.13873392550909644,-89.84535702253544,-0.005628932311053706,0.018342
19.00671625137329,3.4585056449089255,0.9162530932513663,0.3331970032835514,0.06307973638239163,-0.03166494801303476,-90.01575589605757,-0.005639608029384875,0.018342
19.034122705459595,3.4633564013515055,0.9227206415239286,0.4269087757157697,0.11205703852983247,0.0753765434002856,-89.90871440464424,-0.005632901736153843,0.018342
19.059507369995117,3.459475796176105,0.9249842834600377,0.40136776940807267,0.18090905205558439,0.22610272108069163,-89.75798822696383,-0.005623458538644437,0.018342
19.090200901031494,3.4586673367860485,0.9261161044360265,0.36450172237011613,0.24638941265604367,0.38567571683268276,-89.59841523121185,-0.00561346107609849,0.018342
19.11632204055786,3.4631947094657876,0.9232057076513148,0.4450246103708782,0.24778121947046558,0.330786568249519,-89.653304379795,-0.00561689995499246,0.018342
19.14214777946472,3.462062866274067,0.9232057076513148,0.47480835122792286,0.24875548424056598,0.3150488855799919,-89.66904206246453,-0.005617885941952892,0.018342
19.168028354644775,3.4640031688973414,0.9235290850701117,0.541226594168483,0.2543757412872567,0.2904747575616172,-89.6936161904829,-0.005619425544084852,0.018342
19.194276332855225,3.4606076393346283,0.9186784238334118,0.5079725222887459,0.1842358462966744,0.18908397950302153,-89.7950069685415,-0.005625777812533335,0.018184
19.227690935134888,3.457050418028149,0.9262777931473142,0.40115036466323234,0.25118730450747057,0.36736154233998425,-89.61672940570453,-0.005614608483732768,0.018184
19.25795030593872,3.459960871813694,0.9188401125397412,0.3947292873282998,0.18447307635776233,0.23580436207606964,-89.74828658596844,-0.005622850717803394,0.018184
19.29080033302307,3.4651350121139743,0.92643948185871,0.5117535307673268,0.25382250143454277,0.30409574455315813,-89.67999520349136,-0.0056185721709521045,0.018184
19.31606936454773,3.4606076393346283,0.9249842834600377,0.4873413779079504,0.28014487608888217,0.3608278735234421,-89.62326307452108,-0.005615017826861117,0.018184
19.343034029006958,3.4619011743907215,0.9266011705702139,0.50063261985412,0.3232618971322898,0.42033419011797973,-89.56375675792654,-0.005611289676188771,0.018184
19.370231866836548,3.4641648607845417,0.928703123829605,0.563101050947112,0.3855425785304661,0.46638620967152966,-89.51770473837298,-0.005608404455299846,0.018184
19.400094270706177,3.4602842555735687,0.9303200109646612,0.5156897048664806,0.45383041467449936,0.588922941583226,-89.39516800646129,-0.00560072736443609,0.018184
19.425606727600098,3.461739482507672,0.9220738866889228,0.5166789800822422,0.37570596995858263,0.4852265182290113,-89.4988644298155,-0.005607224084659627,0.018184
19.45381498336792,3.46157779062492,0.9126959417747038,0.5135740040974145,0.1778089826623355,0.17232491499398328,-89.81176603305053,-0.005626827790438083,0.018025
19.48746395111084,3.457050418028149,0.9366258708950421,0.40507140192930385,0.404713199894539,0.6273929353250656,-89.35669801271945,-0.00559831716764957,0.018025
19.513078689575195,3.4602842555735687,0.9227206415239286,0.40506895055404957,0.3512004629883379,0.5440238562493698,-89.44006709179514,-0.005603540352447358,0.018025
19.542102575302124,3.4573738017773596,0.9311284545362527,0.33671280133795556,0.4421366134397229,0.7633529165015746,-89.22073803154294,-0.0055897990921872755,0.018025
19.56812024116516,3.4661051634540874,0.929673256109339,0.4939268034131698,0.4835696954250131,0.6448439585475073,-89.339246989497,-0.005597223837601884,0.018025
19.597461462020874,3.46109271497844,0.933392096551135,0.4862550745632349,0.5693629793708712,0.7475188441649436,-89.23657210387957,-0.005590791118089837,0.018025
19.622977018356323,3.462062866274067,0.9084920355509005,0.5036696761625586,0.24917136041995047,0.2952082173987759,-89.68888273064573,-0.005619128986467369,0.018025
19.651336669921875,3.4593141042975013,0.9309667658217176,0.4513029311823958,0.36824710570960095,0.5267610176331277,-89.45732993041138,-0.005604621892476667,0.018025
19.68635368347168,3.46044594745395,0.9267628592818257,0.44122848961139366,0.3874025937544018,0.565176323346035,-89.41891462469847,-0.005602215121968624,0.018025
19.7119882106781,3.462709633810414,0.9251459721705692,0.4873409413650451,0.3761200765838965,0.5077007143210504,-89.47639023372346,-0.005605816046083792,0.017876
19.748013257980347,3.4562419586603035,0.9317752093954774,0.3677209159157233,0.4694568867021811,0.7629524809492186,-89.2211384670953,-0.0055898241800125545,0.017876
19.773574352264404,3.465296704003251,0.9212654431475902,0.4966451395675876,0.37429882119533875,0.4970574175383261,-89.4870335305062,-0.005606482862924883,0.017876
19.80172371864319,3.4562419586603035,0.9293498786823278,0.3742338546575101,0.4311449690208796,0.7028043350016533,-89.28128661304287,-0.005593592542156069,0.017876
19.828234434127808,3.4589907205411823,0.92643948185871,0.3531029190728873,0.4264928262987277,0.7226183039940318,-89.26147264405049,-0.005592351170381638,0.017876
19.856759548187256,3.453331504997326,0.9240141511991157,0.2053998701869053,0.38619928830175215,0.9021343562352043,-89.08195659180932,-0.005581104248556177,0.017876
19.88178324699402,3.4597991799342016,0.9193251786593742,0.25390647263557165,0.2863888724444398,0.6070752003776884,-89.37701574766683,-0.005599590101037814,0.017876
19.90925359725952,3.46157779062492,0.9222355753975127,0.32963324888473805,0.26096602623900855,0.44449786948216974,-89.53959307856235,-0.005609775789216371,0.017876
19.945674419403076,3.4612544068603035,0.9267628592818257,0.3750470550083062,0.31230583812499046,0.5029734840848585,-89.48111746395966,-0.005606112213408405,0.017876
19.975693225860596,3.4586673367860485,0.9274096141293547,0.34607722229030047,0.35812025001214226,0.6213948796142211,-89.3626960684303,-0.005598692953897331,0.017725
20.009838819503784,3.46157779062492,0.9230440189420783,0.3941527736430587,0.3235236697683986,0.5040391275958932,-89.48005182044862,-0.005606045449410908,0.017725
20.03700065612793,3.4586673367860485,0.9219121979804409,0.3594512253346063,0.28202211268450034,0.4583103456168088,-89.5257806024277,-0.0056089104190315715,0.017725
20.06403350830078,3.460122563693483,0.9131810078821035,0.36933735836450005,0.11963768981434066,0.0679151086540685,-89.91617583939045,-0.005633369205063997,0.017725
20.0914204120636,3.46481162833631,0.9131810078821035,0.4863842429353666,0.005968593805227185,-0.16906896243312441,-90.15315991047764,-0.005648216575469717,0.017725
20.117563486099243,3.4565653424065537,0.910108922551504,0.37464616383447913,-0.12051335236390799,-0.49324251575124856,-90.47733346379576,-0.005668526484063031,0.017725
20.147435903549194,3.4534931968649767,0.9094621677499809,0.2242776098011837,-0.21892725754671163,-0.902788839178726,-90.88687978722324,-0.005694185111389049,0.017725
20.17652463912964,3.4534931968649767,0.9017011102647987,0.11901962197786992,-0.4063355035151188,-1.2970585149358864,-91.2811494629804,-0.005718886636216664,0.017725
20.202906608581543,3.454625039946813,0.8963653833858153,0.07192130866431234,-0.6190027507573752,-1.4412378250802016,-91.4253287731247,-0.005727919663680211,0.017725
20.23112678527832,3.450421051430193,0.9044498180960694,-0.05978168497249987,-0.6444130427372448,-1.6244698042907844,-91.6085607523353,-0.00573939939332209,0.017573
20.26474118232727,3.4565653424065537,0.9093004790498672,-0.007669985701044789,-0.5881261765200724,-1.5519046802700844,-91.5359956283146,-0.00573485309082197,0.017573
20.291077136993408,3.454948423687143,0.9055816389767076,-0.009166480030454343,-0.6055154910947917,-1.5545412157906087,-91.53863216383512,-0.005735018273314116,0.017573
20.31749963760376,3.4562419586603035,0.9114024321596809,0.02016572093892589,-0.5287991259867479,-1.5048239979049782,-91.48891494594949,-0.00573190342282605,0.017573
20.34261465072632,3.454301656207666,0.8960420060029194,-0.0048713587155988294,-0.7096655576468943,-1.551340322072555,-91.53543127011707,-0.005734817733022766,0.017573
20.369447946548462,3.46109271497844,0.9126959417747038,0.13709636107308992,-0.5819510866614983,-1.338155667063944,-91.32224661510847,-0.005721461428005271,0.017573
20.3961079120636,3.457535493652409,0.9160914045467556,0.1529294571562328,-0.44069910595537853,-1.2507532003911876,-91.23484414843571,-0.0057159855460562825,0.017573
20.42401695251465,3.462871325695242,0.9099472338509629,0.2893290873310458,-0.43564987791488213,-1.0309303302353285,-91.01502127827985,-0.005702213347942377,0.017573
20.45688009262085,3.4597991799342016,0.9217505092720666,0.31265692463649086,-0.25186850653196274,-0.784025714266385,-90.7681166623109,-0.0056867444420730705,0.017573
20.48244309425354,3.4580205692793347,0.9139894513965788,0.28721425705720055,-0.24174006486469188,-0.8084261867343737,-90.79251713477889,-0.005688273164451518,0.017422
20.509461641311646,3.4578588774033965,0.9154446497293861,0.26560692127584357,-0.21242793380401212,-0.7970369060802183,-90.78112785412473,-0.005687559610718767,0.017422
20.536561965942383,3.457535493652409,0.9126959417747038,0.2428868492981847,-0.23388474997148198,-0.8742054409606028,-90.85829638900512,-0.00569239432309323,0.017422
20.563159465789795,3.4559185749152377,0.8941017417144297,0.18900811467724835,-0.5328551212567999,-1.2452512396449316,-91.22934218768945,-0.0057156408408244805,0.017422
20.58925437927246,3.4651350121139743,0.9147978949137329,0.3677487099115804,-0.4260850163586816,-0.9171020853901117,-90.90119303343464,-0.005695081855491865,0.017422
20.618194341659546,3.4554334992998585,0.919001801246178,0.2650190119712479,-0.28714841243995626,-0.9106757822308902,-90.89476673027542,-0.005694679238966179,0.017422
20.646004676818848,3.462062866274067,0.912372564370306,0.3488044323481956,-0.29112735650437555,-0.7865747188891214,-90.77066566693365,-0.005686904140636885,0.017422
20.67260718345642,3.4593141042975013,0.910270611252152,0.3428972605123451,-0.326011381860442,-0.8404455931466153,-90.82453654119115,-0.005690279223276456,0.017422
20.70016860961914,3.4623862500416474,0.919001801246178,0.410914143647424,-0.21709686829118913,-0.5978714499078214,-90.58196239795235,-0.005675081627341025,0.01727
20.726882457733154,3.4602842555735687,0.9222355753975127,0.40915886975669197,-0.09147399227593002,-0.36838292986703713,-90.35247387791156,-0.005660703863277497,0.01727
20.75311517715454,3.4638414770104373,0.9065517711642666,0.4914744884052487,-0.24304414805215133,-0.5579175661282292,-90.54200851417275,-0.005672578462850258,0.01727
20.78258228302002,3.4593141042975013,0.9126959417747038,0.4427662997522614,-0.25531609994518056,-0.6227927258323143,-90.60688367387684,-0.005676642978755643,0.01727
20.812318801879883,3.4664285472364997,0.9170615367760295,0.5757591899719545,-0.19723980054518536,-0.42772764326728613,-90.41181859131181,-0.005664421889292632,0.01727
20.841398000717163,3.459475796176105,0.9156063384335676,0.5055630593873673,-0.17880861300621764,-0.44935556099881824,-90.43344650904335,-0.005665776907392336,0.01727
20.86793088912964,3.4640031688973414,0.9159297158422524,0.5627548898800733,-0.1609685101757437,-0.3827723499576511,-90.36686329800219,-0.005661605379776174,0.01727
20.900238752365112,3.46157779062492,0.9138277626934694,0.5458271409558683,-0.1805792031731166,-0.4232489968434479,-90.40733994488798,-0.005664141296077797,0.01727
20.925503969192505,3.4606076393346283,0.9167381593658422,0.5111929050399469,-0.14986224438089019,-0.3986616012745358,-90.38275254931906,-0.005662600862715973,0.01727
20.95223355293274,3.462062866274067,0.9146362062100877,0.521126157496257,-0.16045913831149922,-0.4089805735481992,-90.39307152159273,-0.00566324736019089,0.01712
20.98076319694519,3.4622245581577094,0.9181933577150688,0.5318769028724399,-0.1135559768334327,-0.32511615306177466,-90.30920710110631,-0.005657993141588304,0.01712
21.007795095443726,3.4597991799342016,0.9177082915976932,0.4824403955154737,-0.08813117119499363,-0.3087974167495482,-90.29288836479408,-0.0056569707508365985,0.01712
21.035048723220825,3.4572121099026063,0.9175466028921162,0.387075344362974,-0.07280294304353471,-0.343665573888756,-90.32775652193328,-0.005659155287721443,0.01712
21.06087875366211,3.462871325695242,0.9219121979804409,0.453231208375782,0.004593483716145915,-0.134301155337342,-90.11839210338186,-0.0056460383256498985,0.01712
21.087012767791748,3.4612544068603035,0.9178699803033775,0.4615656266520613,-0.002957413013194491,-0.1479569065753462,-90.13204785461987,-0.005646893876809386,0.01712
21.114376544952393,3.4565653424065537,0.9275713028415072,0.35727313243616887,0.13990511011127602,0.20568708323166604,-89.77840386481286,-0.0056247376057809865,0.01712
21.147399187088013,3.4580205692793347,0.9306433883929726,0.3184456025169578,0.28682245863398814,0.6097606635395187,-89.374330284505,-0.005599421853163214,0.01712
21.182536840438843,3.454301656207666,0.9240141511991157,0.2039245583889992,0.28843003093642994,0.8348101501392688,-89.14928079790526,-0.005585322200507934,0.01712
21.20774531364441,3.459960871813694,0.9249842834600377,0.25667122293632266,0.3043701467402054,0.7530309100065434,-89.23106003803798,-0.005590445779760238,0.01696
21.233867406845093,3.45640365053328,0.9267628592818257,0.21004958142188382,0.34268872247582605,0.9277134124566973,-89.05637753558783,-0.005579501686322323,0.01696
21.26163125038147,3.4580205692793347,0.9259544157248469,0.21538911680697218,0.357166046069202,0.9400130594351551,-89.04407788860937,-0.005578731096916415,0.01696
21.291248083114624,3.463518093237519,0.9282180576911995,0.34824072389461475,0.4018680750689582,0.7702808184171946,-89.21381012962732,-0.005589365049825678,0.01696
21.32055902481079,3.452361353797636,0.9319368981105548,0.1792115240209454,0.4899496215822543,1.1786498875387057,-88.80544106050581,-0.0055637801790633925,0.01696
21.348591804504395,3.458182261155569,0.9327453416875694,0.19759994510911535,0.563952383869089,1.1999436996155635,-88.78414724842895,-0.005562446093131774,0.01696
21.375563859939575,3.4585056449089255,0.9325836529719495,0.2180667768572037,0.6132851815210498,1.1978893315304286,-88.78620161651409,-0.00556257480205204,0.01696
21.40460991859436,3.458182261155569,0.9198102447799755,0.22479862209449614,0.4527564051434137,1.0498926284375374,-88.93419831960698,-0.005571846994311902,0.01696
21.439759969711304,3.462709633810414,0.9261161044360265,0.3358400341032481,0.43668255981753096,0.8357175599819108,-89.14837338806261,-0.0055852653500623245,0.01696
21.46493649482727,3.454625039946813,0.9338771626999494,0.22369559715204926,0.543949392321937,1.1398864545482577,-88.84420449349626,-0.005566208760213028,0.016812
21.49148416519165,3.4602842555735687,0.9269245479935458,0.27810588720997137,0.5128633302723061,1.01842594508025,-88.96566500296427,-0.005573818424294948,0.016812
21.520217657089233,3.4565653424065537,0.9309667658217176,0.228851314826699,0.5528314846062454,1.1382716907263088,-88.84581925731821,-0.005566309927335664,0.016812
21.548490285873413,3.459475796176105,0.9244992173290909,0.26272754678568844,0.4820437567056277,1.0117308175301367,-88.97236013051439,-0.005574237883029849,0.016812
21.57457971572876,3.462709633810414,0.9244992173290909,0.36239028138705837,0.4324923471751953,0.7888378740376022,-89.19525307400693,-0.005588202425362474,0.016812
21.604713678359985,3.4630330175803667,0.9259544157248469,0.43974913298420065,0.42002858335876325,0.6727000957262302,-89.3113908523183,-0.005595478613187149,0.016812
21.635011911392212,3.457697185527755,0.9215888205638001,0.3685838659559334,0.3446372805230635,0.6399043418306409,-89.34418660621388,-0.005597533311224821,0.016812
21.662797212600708,3.4651350121139743,0.9240141511991157,0.493451735806646,0.32890040625878836,0.4786160793081473,-89.50547486873637,-0.00560763823753814,0.016812
21.690184831619263,3.465943471563327,0.9257927270137754,0.5998465887172871,0.3450450888379206,0.42480714866279323,-89.55928379938173,-0.005611009439327198,0.016812
21.719183444976807,3.4557568830431484,0.9283797464038931,0.43508246388518224,0.39585254091119015,0.6433684023278683,-89.34072254571666,-0.005597316283181231,0.01665
21.74754524230957,3.4573738017773596,0.9261161044360265,0.3577222606697275,0.39684985485497226,0.7446838369554126,-89.23940711108912,-0.005590968735099917,0.01665
21.774767637252808,3.46157779062492,0.9228823302329495,0.4023043005086541,0.3481652573086847,0.603836245410208,-89.38025470263433,-0.005599793025917572,0.01665
21.801700830459595,3.46367978512383,0.9238524624893398,0.48287882120522013,0.3289008541491418,0.48695148308521574,-89.49713946495932,-0.005607116013294159,0.01665
21.82773756980896,3.4609310230968733,0.9194868673661337,0.4747240184096603,0.24874910435112277,0.3489398451921191,-89.63515110285242,-0.005615762627805837,0.01665
21.85824751853943,3.4607693312156025,0.9332304078350806,0.4652181878517082,0.40251942966369714,0.620905923434391,-89.36318502461015,-0.005598723587658837,0.01665
21.8844792842865,3.4585056449089255,0.9204569996089499,0.4053995467770291,0.3150969221268859,0.5403005407457815,-89.44379040729875,-0.005603773623165368,0.01665
21.91391158103943,3.4669136229123425,0.9097855451505288,0.5609948694447394,0.09093820602579057,0.013499032593714001,-89.97059191545081,-0.005636778445328912,0.01665
21.939403295516968,3.462062866274067,0.9345239175665562,0.5559875325796432,0.3118048885260246,0.40285295935272336,-89.5812379886918,-0.005612384898779592,0.01665
21.9651038646698,3.4622245581577094,0.92643948185871,0.5562798654308102,0.3429547699523275,0.45092269179918193,-89.53316825624533,-0.005609373265467437,0.01665
21.99339985847473,3.465943471563327,0.9259544157248469,0.6438262794542056,0.35735227930275354,0.4137731349839027,-89.57031781306061,-0.005611700735106702,0.016492
22.021065711975098,3.4630330175803667,0.9308050771072909,0.6367543316312384,0.44150461299696653,0.5267221719631255,-89.4573687760814,-0.005604624326210077,0.016492
22.053653240203857,3.4664285472364997,0.9175466028921162,0.7115508122872454,0.2979421058908323,0.2996747175658529,-89.68441623047866,-0.005618849154231837,0.016492
22.07965898513794,3.459637488055005,0.936140804740683,0.6044146635534637,0.4813989781935129,0.5997409631082756,-89.38434998493624,-0.0056000496008551766,0.016492
22.106689453125,3.46109271497844,0.9351706724349022,0.5635965766614267,0.5950039729282874,0.7586282388461634,-89.22546270919835,-0.005590095099589274,0.016492
22.132722854614258,3.4588290286634673,0.928541435116695,0.4818593559580942,0.5732928956802306,0.8196334364351279,-89.16445751160938,-0.005586273042009107,0.016492
22.164103746414185,3.4643265526720386,0.932421964256438,0.5537572349671835,0.6173544038416876,0.7894205496266706,-89.19467039841784,-0.0055881659199540825,0.016492
22.19042134284973,3.4589907205411823,0.9374343144878179,0.4787692852896344,0.7247406746882926,0.9560798269790938,-89.02801112106542,-0.005577724492346525,0.016492
22.21744966506958,3.4597991799342016,0.9350089837176525,0.4452650632075029,0.762874024500928,1.0187140396618668,-88.96537690838265,-0.005573800374782397,0.016492
22.244493007659912,3.4614160987424634,0.9117258095627946,0.4597867936561614,0.43401180639838327,0.6739186799630699,-89.31017226808144,-0.005595402267247727,0.016492
22.272568225860596,3.4631947094657876,0.9332304078350806,0.5117241602710855,0.53220332109678,0.742236988122882,-89.24185395992163,-0.005591122033466243,0.016333
22.298644065856934,3.4586673367860485,0.9350089837176525,0.4417511959742355,0.6280978769868653,0.9188224930445048,-89.06526845500001,-0.0055800587143670964,0.016333
22.32470464706421,3.457050418028149,0.9312901432508962,0.3547954362430925,0.6384339391725997,1.0387463499031313,-88.94534459814139,-0.005572545323635416,0.016333
22.3503839969635,3.468692233746627,0.9343622288497415,0.5673441499778591,0.6925827657617266,0.8425564088492722,-89.14153453919525,-0.005584836886993829,0.016333
22.375963926315308,3.46481162833631,0.9354940498697273,0.6249889970647075,0.7477708961784225,0.8353792246080846,-89.14871172343643,-0.005585286547227997,0.016333
22.40187406539917,3.46481162833631,0.932421964256438,0.6653403900254979,0.739489004190426,0.795797628828588,-89.18829331921593,-0.005587766387375445,0.016333
22.428650617599487,3.4638414770104373,0.9382427580833161,0.6708015525934268,0.8225805749422034,0.8523555882354048,-89.13173535980911,-0.005584222955241579,0.016333
22.460688829421997,3.46481162833631,0.9396979565620786,0.6974091788956187,0.9029668985909012,0.8840941528785103,-89.099996795166,-0.005582234491530748,0.016333
22.491167783737183,3.465458395892825,0.9442252407747657,0.7312243924495563,1.0283731343893492,0.9303571233353227,-89.0537338247092,-0.005579336054284354,0.016333
22.520946979522705,3.4591524124191935,0.9569986502666871,0.6067937640518251,1.3112192540336691,1.133656339891325,-88.8504346081532,-0.005566599085265499,0.016333
22.54962944984436,3.4534931968649767,0.9553817629512792,0.3867809299533189,1.484520175865245,1.3270410410256777,-88.65704990701884,-0.005554483273956455,0.016184
22.57518172264099,3.4274608099751367,1.0527183994184943,-0.37862035789444215,3.0922511153331023,1.7119167507774,-88.27217419726712,-0.005530370293718448,0.016184
22.60133385658264,3.4269757345154805,1.0544969762204066,-0.9257936608659612,4.244823282600992,1.8015495925899512,-88.18254135545457,-0.005524754675770782,0.016184
22.627336263656616,3.42972449548851,1.0612879059587335,-1.2442580304152298,5.155327565770854,1.8211516539488906,-88.16293929409564,-0.005523526580294252,0.016184
22.6595196723938,3.4203463701650993,1.0688872799605822,-1.6874361789429582,5.908730020283239,1.8614332085594862,-88.12265773948504,-0.005521002886785747,0.016184
22.689170360565186,3.426167275421931,1.0585391962776973,-1.8609520712587673,6.278086947875469,1.8708425398755781,-88.11324840816894,-0.005520413379538786,0.016184
22.721922397613525,3.4221249800643236,1.0572456858513561,-2.0773498715872236,6.5168836988887335,1.8911667534495307,-88.09292419459499,-0.005519140040255883,0.016184
22.748725414276123,3.4211548292058,1.0608028395419544,-2.251613133345704,6.7383624452039115,1.9049262234537239,-88.0791647245908,-0.005518277990976363,0.016184
22.776248455047607,3.4250354327033,1.0646833709059664,-2.2824582089732615,6.952656863826274,1.8991730083436613,-88.08491793970086,-0.005518638437631579,0.016184
22.802322387695312,3.4203463701650993,1.0580541298669355,-2.4141763039335284,7.001428326479118,1.914251926207675,-88.06983902183684,-0.005517693723171162,0.016184
22.828947067260742,3.418729452105699,1.0703424792673977,-2.544353638724269,7.223222789546611,1.9206676498229593,-88.06342329822155,-0.005517291769468114,0.016033
22.856979846954346,3.4129085473345757,1.0819840740690083,-2.77218657332413,7.556256813134937,1.9334058618112124,-88.0506850862333,-0.0055164937033751965,0.016033
22.88450837135315,3.412746855540797,1.0714743009571275,-2.935467094090254,7.628886692237604,1.9493651120270086,-88.0347258360175,-0.005515493834910348,0.016033
22.91359853744507,3.410806554038292,1.081013941145247,-3.0953330566449555,7.825406719704404,1.958648035474163,-88.02544291257034,-0.005514912247286186,0.016033
22.939642190933228,3.413878698103395,1.0929789141732758,-3.1350873664468,8.14568692241298,1.9486959190440563,-88.03539502900045,-0.005515535760749689,0.016033
22.966649770736694,3.4045005744460872,1.0868347387524722,-3.383168434021539,8.276055833699926,1.9697411118042394,-88.01434983624027,-0.005514217251152243,0.016033
22.993963479995728,3.409998095091354,1.078750297673206,-3.4277113268123833,8.243857193250388,1.9759381229031956,-88.00815282514131,-0.00551382900008215,0.016033
23.022696018218994,3.420669753780499,1.061934661182759,-3.2082585526745944,7.96452785254185,1.9648786136359768,-88.01921233440852,-0.005514521893194512,0.015881
23.049299001693726,3.427945885437438,1.0501313786410813,-2.883755594193692,7.58875029355357,1.9449487544230428,-88.03914219362146,-0.0055157705256469415,0.015881
23.076419353485107,3.453654888732923,0.9461655054635881,-2.052806152530384,5.7380511437972626,1.9280793368236617,-88.05601161122084,-0.005516827417321043,0.015881
23.10868525505066,3.449935975844984,0.9539265643768375,-1.5584833122355601,4.5610802731161915,1.9165542584214323,-88.06753668962307,-0.005517549478965136,0.015881
23.13364887237549,3.453654888732923,0.9354940498697273,-1.1251155551597127,3.4557191513265497,1.90643611134266,-88.07765483670184,-0.005518183394471815,0.015881
23.159945726394653,3.4588290286634673,0.9392128904015098,-0.7002391363167207,2.7387564940041385,1.8391344097958628,-88.14495653824864,-0.005522399936483336,0.015881
23.186530828475952,3.459637488055005,0.940668088886161,-0.38383830046929523,2.2591048580908373,1.745893427264976,-88.23819752077952,-0.005528241609293994,0.015881
23.214808702468872,3.459960871813694,0.9304816996787628,-0.15476277826445906,1.7677931462923935,1.645039672997409,-88.33905127504708,-0.005534560232480559,0.015881
23.24683904647827,3.4614160987424634,0.9393745791215903,0.03976730462580884,1.5596774264971622,1.493032117372098,-88.4910588306724,-0.00554408371003955,0.015881
23.271853923797607,3.458343953032099,0.9343622288497415,0.10378646002223131,1.3374532068889187,1.4087866142683625,-88.57530433377613,-0.005549361803980037,0.01572
23.29791569709778,3.46044594745395,0.9304816996787628,0.1979669597992646,1.1226369904510514,1.2435005456095476,-88.74059040243495,-0.005559717198218243,0.01572
23.32443380355835,3.462062866274067,0.9398596452824862,0.30186799582780727,1.1154755254690283,1.1183883232371565,-88.86570262480734,-0.005567555647019142,0.01572
23.352506399154663,3.46367978512383,0.9327453416875694,0.4125734079286343,1.0018205165898268,0.9223210739577414,-89.06176987408675,-0.005579839523573069,0.01572
23.378663301467896,3.46044594745395,0.933392096551135,0.4141178233337189,0.9321385541862419,0.8613855262510739,-89.12270542179341,-0.0055836572174945455,0.01572
23.409698724746704,3.4656200877826957,0.9327453416875694,0.536717912359291,0.8734846366918809,0.6870827054777456,-89.29700824256675,-0.005594577523365362,0.01572
23.442938566207886,3.466266855345145,0.9291881899689847,0.6377278499590063,0.7781059039544075,0.5106130638885708,-89.47347788415593,-0.005605633583471086,0.01572
23.47046732902527,3.465458395892825,0.9337154739835691,0.6894474621939624,0.7804765972573282,0.4826486701372711,-89.50144227790723,-0.005607385590305521,0.01572
23.49765634536743,3.460122563693483,0.9377576919256904,0.6003347241660771,0.8438644820781644,0.6071958373983377,-89.37689511064616,-0.005599582542966411,0.01572
23.52516531944275,3.459637488055005,0.9388895129616759,0.5265634018686459,0.9055199535013919,0.7289304108153161,-89.25516053722919,-0.005591955708409927,0.01572
23.556233406066895,3.4614160987424634,0.9416382212141727,0.5166956307189858,0.9906540959555017,0.8150763913098192,-89.16901455673468,-0.005586558547007905,0.015571
23.58614444732666,3.453169813129972,0.940668088886161,0.31611730006495986,1.0354331794567904,1.0596943951118232,-88.92439655293268,-0.005571232900462573,0.015571
23.611093997955322,3.4625479419258824,0.9311284545362527,0.395965640004916,0.9210995149676358,0.8737284764609039,-89.1103624715836,-0.005582883915083021,0.015571
23.637584686279297,3.457050418028149,0.9377576919256904,0.32274554706458275,0.9423005244753848,0.9811151264088686,-89.00297582163563,-0.005576155997206126,0.015571
23.66565465927124,3.4585056449089255,0.9388895129616759,0.3056686982260343,0.9744251831794473,1.0291632964553585,-88.95492765158914,-0.005573145714807295,0.015571
23.691705226898193,3.4557568830431484,0.9346856062834796,0.2291579405413296,0.9327149085023102,1.1035803396932076,-88.8805106083513,-0.005568483387080448,0.015571
23.71785831451416,3.4534931968649767,0.9432551084362638,0.12243585349599988,1.0343819249505575,1.3225007149697074,-88.6615902330748,-0.0055547677314831,0.015571
23.746875524520874,3.4554334992998585,0.943093419713563,0.09330001248031028,1.1030797004073771,1.3861753986504755,-88.59791554939403,-0.005550778427013233,0.015571
23.77255630493164,3.4554334992998585,0.9393745791215903,0.07290492376932756,1.0943780143776538,1.4127006099205308,-88.57139033812398,-0.005549116586894572,0.015571
23.79825258255005,3.465943471563327,0.9366258708950421,0.3054638202911851,1.0463115220952646,1.0786074414237854,-88.90548350662073,-0.005570047972704324,0.015571
23.826344966888428,3.4573738017773596,0.9481057701681856,0.2669892101539643,1.1879736369513774,1.1997152992718385,-88.78437564877267,-0.005562460402720129,0.01542
23.861373901367188,3.4588290286634673,0.9366258708950421,0.27423419940285315,1.111828457896865,1.1548119859987187,-88.82927896204579,-0.005565273655617472,0.01542
23.88789176940918,3.4593141042975013,0.9274096141293547,0.29069809745058106,0.9177860838524521,0.998519330336165,-88.98557161770835,-0.005575065600450177,0.01542
23.91511631011963,3.4580205692793347,0.9282180576911995,0.27184307802707414,0.7943021015172299,0.8937632611701087,-89.0903276868744,-0.0055816287089073,0.01542
23.94172239303589,3.4641648607845417,0.9327453416875694,0.40294837166818,0.7769991198235685,0.6930734912854118,-89.2910174567591,-0.005594202192586803,0.01542
23.96726369857788,3.4641648607845417,0.9353323611522604,0.49472207721695405,0.8043932080446847,0.635701089410116,-89.3483898586344,-0.005597796650635398,0.01542
23.99439835548401,3.4625479419258824,0.929834944823007,0.5209889840112911,0.7396184475674936,0.5296948748075898,-89.45439607323694,-0.0056044380823834965,0.01542
24.020159244537354,3.4665902391281502,0.9304816996787628,0.6343125377981704,0.7041526589260573,0.4080261270186173,-89.57606482102591,-0.00561206079287596,0.01542
24.046674013137817,3.465943471563327,0.9215888205638001,0.6984491501113821,0.5435241334201648,0.17161292389270788,-89.81247802415182,-0.005626872397637031,0.015269
24.0728440284729,3.4640031688973414,0.9186784238334118,0.6977751533869079,0.38663972078970954,-0.042829276827907777,-90.02692022487243,-0.005640307489582706,0.015269
24.104509353637695,3.46157779062492,0.9351706724349022,0.6403413254106526,0.5286724927456228,0.165097107886442,-89.81899384015807,-0.005627280622262832,0.015269
24.131545305252075,3.4716026879166035,0.9304816996787628,0.8355807144267781,0.5564904905507477,0.15976319445695217,-89.82432775358757,-0.005627614799104492,0.015269
24.159645080566406,3.4707942284152877,0.9316135206805085,0.9532609415025146,0.5932470405400966,0.17747753132534178,-89.80661341671917,-0.005626504972103166,0.015269
24.192667961120605,3.4680454661663673,0.9291881899689847,0.9710801279593801,0.5819395866481607,0.1632781859521454,-89.82081276209237,-0.005627394580165462,0.015269
24.219192504882812,3.4630330175803667,0.933068719119135,0.8658320255848085,0.6332836313178367,0.23778413873263363,-89.74630680931189,-0.005622726682136332,0.015269
24.2447030544281,3.4678837742720443,0.9209420657318111,0.9060824179093312,0.4840392707647609,0.07004496774845596,-89.91404598029607,-0.005633235766530591,0.015269
24.27027130126953,3.467722082378019,0.9278946802661371,0.9304602236358964,0.48574106055254557,0.07003597134224965,-89.91405497670227,-0.005633236330167526,0.015269
24.29680633544922,3.4675603904842895,0.934038851416438,0.9437272187508375,0.5807594787985417,0.16687901664161006,-89.81721193140291,-0.005627168983285597,0.015117
24.32840657234192,3.4643265526720386,0.9322602755410351,0.8770647389221073,0.6201118760790056,0.22166350348887573,-89.76242744455564,-0.005623736661589978,0.015117
24.355552911758423,3.471764379817758,0.934038851416438,1.0050845729528475,0.6748190496670603,0.24577268728618987,-89.73831826075833,-0.0056222261888380495,0.015117
24.383065223693848,3.4619011743907215,0.9314518319656481,0.8630528563855063,0.6736078959842972,0.28259562316897274,-89.70149532487555,-0.005619919182438972,0.015117
24.410127639770508,3.4644882445598326,0.9306433883929726,0.8243901540206425,0.6604144087450984,0.28040954335110185,-89.70368140469343,-0.0056200561432762286,0.015117
24.436681747436523,3.4656200877826957,0.9364641821768137,0.8239085438401237,0.7400678621638181,0.3669298291985289,-89.617161118846,-0.005614635531141022,0.015117
24.468701124191284,3.4619011743907215,0.9320985868257408,0.7362296360066413,0.7291586084908518,0.39352031653429065,-89.59057063151023,-0.005612969601389156,0.015117
24.493743658065796,3.465943471563327,0.9246609060392986,0.7697911188572908,0.6079418792910185,0.23543564029027547,-89.74865530775425,-0.005622873818718597,0.015117
24.520241737365723,3.465458395892825,0.9332304078350806,0.7818917504227406,0.6539543721216275,0.2869026566207437,-89.69718829142379,-0.005619649341007373,0.015117
24.548264980316162,3.4623862500416474,0.9316135206805085,0.7182102865846487,0.6614717576397164,0.3203400210208777,-89.66375092702366,-0.0056175544452096845,0.014968
24.575872898101807,3.4625479419258824,0.9259544157248469,0.6774307305686947,0.5803141706839292,0.22743933974233088,-89.7566516083022,-0.005623374797689742,0.014968
24.604565382003784,3.4682071580609866,0.9371109370503811,0.7817964492202273,0.6938742394855979,0.33354470572547606,-89.65054624231907,-0.005616727153974453,0.014968
24.630836963653564,3.4664285472364997,0.9359791160227809,0.8130802945995271,0.7560823357261779,0.38923039847932034,-89.59486054956523,-0.005613238370518155,0.014968
24.65940809249878,3.4633564013515055,0.936140804740683,0.7628270796369597,0.8020971390782456,0.4623700589336292,-89.52172088911092,-0.005608656072538667,0.014968
24.688109636306763,3.4640031688973414,0.9380810693639986,0.7428397040547671,0.8639371333583857,0.5376906402091053,-89.44640030783545,-0.0056039371369399965,0.014968
24.71392822265625,3.465296704003251,0.9327453416875694,0.7592282912649391,0.8257436421123787,0.48907801671235046,-89.4950129313322,-0.005606982783105745,0.014968
24.739782333374023,3.467398698590858,0.9392128904015098,0.8200673972045184,0.8977736375542159,0.526550515382461,-89.45754043266209,-0.005604635080725452,0.014968
24.766117572784424,3.46367978512383,0.9435784858819936,0.7753129888923286,1.0148613074057955,0.6557040187453904,-89.32838692929916,-0.005596543440241647,0.014968
24.794003009796143,3.459960871813694,0.9256310383028118,0.6566431242886567,0.82274858376311,0.5491927181919275,-89.43489822985262,-0.005603216516303078,0.014968
24.820059776306152,3.4633564013515055,0.9403447114443637,0.6533210604193573,0.9129610488632618,0.6479035701521209,-89.33618737789243,-0.005597032148824734,0.014968
24.848570346832275,3.4588290286634673,0.9356557385873031,0.5446664945886353,0.9045048303281897,0.7311558649862794,-89.25293508305828,-0.00559181628071656,0.01481
24.8860445022583,3.4651350121139743,0.9358174273049876,0.6167095758495581,0.9010546133339793,0.6643506898464441,-89.31974025819811,-0.005596001714681677,0.01481
24.91194725036621,3.4612544068603035,0.9384044468027426,0.576000483883649,0.9381456373496352,0.7367811975765705,-89.24730975046798,-0.005591463846072998,0.01481
24.93897008895874,3.4573738017773596,0.942770042268489,0.4563648746686543,1.0307760269778385,0.9401461736851642,-89.04394477435939,-0.005578722757129836,0.01481
24.96555185317993,3.4631947094657876,0.9419615986577169,0.5093288169798514,1.0832716194745478,0.9255507143907938,-89.05854023365376,-0.00557963718226141,0.01481
24.99113440513611,3.4630330175803667,0.9377576919256904,0.5426061078991836,1.0558209976302204,0.8721592557271851,-89.11193169231737,-0.005582982228870002,0.01481
25.02613353729248,3.4622245581577094,0.9382427580833161,0.546912868154492,1.0440129703500556,0.8585388171170196,-89.12555213092753,-0.005583835567645919,0.01481
25.052079677581787,3.4585056449089255,0.9369492483318259,0.46258582298897083,1.0159942632582464,0.9215112446187192,-89.06257970342583,-0.0055798902604690444,0.014658
25.08033275604248,3.462062866274067,0.942608353546116,0.4871012000605808,1.0828009290619212,0.9479226048558166,-89.03616834318873,-0.00557823555327054,0.014658
25.106913805007935,3.455271807428658,0.9422849761016979,0.34476828671098386,1.124627323025613,1.1350372814731575,-88.8490536665714,-0.005566512567420313,0.014658
25.13301920890808,3.46109271497844,0.9303200109646612,0.3818441128717048,0.9711897358211057,0.9795649145303531,-89.0045260335142,-0.005576253120062792,0.014658
25.16554284095764,3.4622245581577094,0.9453570618413294,0.4343794716352603,1.093413072966093,1.0115981274331318,-88.97249282061142,-0.005574246196242677,0.014658
25.192322731018066,3.467398698590858,0.9366258708950421,0.5926732234637397,1.0456360631071657,0.8164673354507861,-89.16762361259377,-0.0055864714024889545,0.014658
25.21896004676819,3.458343953032099,0.940668088886161,0.49082060320877946,1.0739205564629566,0.9371159806219197,-89.04697496742264,-0.005578912602795852,0.014658
25.248981952667236,3.4669136229123425,0.942770042268489,0.6207896089469717,1.1258184703571656,0.8546012634638588,-89.1294896845807,-0.0055840822606717955,0.014658
25.278654098510742,3.4644882445598326,0.9424466648238523,0.6548058808136752,1.1572087379808855,0.8492405745765683,-89.134850373468,-0.005584418115031855,0.014658
25.306177616119385,3.4589907205411823,0.943416797159074,0.5495033373821647,1.193996741644182,0.9637963086413244,-89.02029463940325,-0.005577241044404469,0.014658
25.337785243988037,3.46481162833631,0.9442252407747657,0.6125004282477319,1.2320940245266452,0.9328544419353443,-89.05123650610923,-0.0055791795939192975,0.0145
25.37039589881897,3.462709633810414,0.9411531550496756,0.6072312984104853,1.2118485375573815,0.924607974093857,-89.05948297395072,-0.005579696246207444,0.0145
25.397095680236816,3.4669136229123425,0.9343622288497415,0.7022770955881692,1.093972984631075,0.7646072913998503,-89.21948365664473,-0.005589720503914841,0.0145
25.424236297607422,3.4585056449089255,0.9193251786593742,0.5713407821925449,0.7818304598749665,0.5471941043711332,-89.43689684367344,-0.005603341732143786,0.0145
25.45127534866333,3.468368849955903,0.9392128904015098,0.7113309542784522,0.8670344099880358,0.5471015852526173,-89.43698936279195,-0.005603347528590845,0.0145
25.47885489463806,3.468692233746627,0.9422849761016979,0.81691901260259,0.9735907596738893,0.5858406919782961,-89.39825025606626,-0.005600920471514375,0.0145
25.513503313064575,3.459960871813694,0.9295115673957792,0.6857673408858328,0.8531184618715703,0.5488805057174228,-89.43521044232713,-0.005603236076834016,0.0145
25.541136980056763,3.4578588774033965,0.9542499418370533,0.5445940799559278,1.1465656681083338,0.9401516032198896,-89.04393934482466,-0.005578722416962192,0.0145
25.567649841308594,3.428430960902385,1.0352560097520622,-0.24536634974997934,2.589016149468468,1.7062869222175976,-88.27780402582695,-0.005530723010040541,0.0145
25.595850229263306,3.4150105406803437,1.0758398989578215,-1.1135284053152694,4.218484939199315,1.8700203839815392,-88.11407056406301,-0.005520464888709991,0.014348
25.6214542388916,3.4180826848901504,1.067755458284149,-1.64908997682605,5.235656219854294,1.9119696944272633,-88.07212125361728,-0.005517836708058038,0.014348
25.651527643203735,3.452199661932056,0.9576454051959397,-1.2227174347160465,4.266193958674087,1.8925535905064987,-88.09153735753804,-0.00551905315305126,0.014348
25.676587104797363,3.456888726153988,0.9358174273049876,-0.8141300736742082,3.2542370031761076,1.8691701309976634,-88.11492081704688,-0.005520518158201616,0.014348
25.704116821289062,3.456888726153988,0.9447103069454935,-0.5281189209449318,2.681669615809936,1.8225987744822885,-88.16149217356225,-0.005523435916248849,0.014348
25.73310899734497,3.453008121262913,0.9306433883929726,-0.41905035436707505,2.066057612623048,1.8519070112363396,-88.1321839368082,-0.005521599715845042,0.014348
25.765413761138916,3.4578588774033965,0.9421232873796527,-0.22877830672110763,1.8104378654714623,1.7678430912759924,-88.21624785676855,-0.005526866433357667,0.014348
25.790987968444824,3.4559185749152377,0.942608353546116,-0.14115749453625628,1.6389114506111728,1.7221404793669706,-88.26195046867757,-0.0055297297633882855,0.014348
25.81701922416687,3.462709633810414,0.9409914663283948,0.07967075246171793,1.4941515997812869,1.5216941172264236,-88.46239683081812,-0.005542287997245636,0.0142
25.850165605545044,3.457535493652409,0.9437401746050226,0.1127315311282724,1.434795017026713,1.482956381124971,-88.50113456691957,-0.005544714968450657,0.0142
25.875592708587646,3.4538165806011647,0.9437401746050226,0.048532303490012925,1.3932454090985142,1.551458471908238,-88.4326324761363,-0.00554042322044093,0.0142
25.90221905708313,3.45640365053328,0.9359791160227809,0.06435233780948436,1.2456421544552214,1.5259575466516724,-88.45813340139287,-0.005542020887664874,0.0142
25.929739236831665,3.4588290286634673,0.9413148437710653,0.1323883887617137,1.223801364544314,1.4294265925498764,-88.55466435549467,-0.005548068681614028,0.0142
25.959777116775513,3.4518762782017833,0.9332304078350806,0.016722484751139247,1.085056011798936,1.597327149237676,-88.38676379880687,-0.005537549486188639,0.0142
25.986375331878662,3.4578588774033965,0.933068719119135,0.07626268066163193,0.9854651289233783,1.475869513161737,-88.50822143488281,-0.005545158970248685,0.0142
26.01430082321167,3.4573738017773596,0.937272625769045,0.1065484124132771,0.9799490462485081,1.4101276810792382,-88.57396326696531,-0.00554927778434282,0.0142
26.041120290756226,3.4597991799342016,0.9354940498697273,0.1847104521940597,0.9489272925191712,1.2287773360828689,-88.75531361196168,-0.005560639627073489,0.0142
26.067278623580933,3.4670753148048843,0.9290265012557497,0.41030997210243647,0.8284466271211167,0.6830682677035287,-89.30102268034102,-0.005594829033284707,0.014048
26.094337940216064,3.4623862500416474,0.9109173660558126,0.45810304176047406,0.46756694957445616,-0.12613570331896473,-90.11022665136352,-0.005645526749111904,0.014048
26.12133550643921,3.4640031688973414,0.9293498786823278,0.5295328775412619,0.496432658886259,-0.05024841266182715,-90.03433936070638,-0.005640772308409185,0.014048
26.147059679031372,3.461739482507672,0.9217505092720666,0.5263692009545892,0.4005892692288394,-0.24086308878066234,-90.22495403682522,-0.005652714573929898,0.014048
26.17425036430359,3.46367978512383,0.9277329915537681,0.569724251517385,0.42485692357822225,-0.1783094824083106,-90.16240043045288,-0.0056487955064594,0.014048
26.19985008239746,3.4682071580609866,0.9278946802661371,0.7064019138843174,0.4443134175219657,-0.11386960898437662,-90.09796055702894,-0.005644758261824208,0.014048
26.226272583007812,3.466266855345145,0.9274096141293547,0.7565066510265144,0.45052555559002494,-0.09742696573897268,-90.08151791378354,-0.00564372810813669,0.014048
26.252737760543823,3.462062866274067,0.9211037544396468,0.6928457796868613,0.35857775358523253,-0.24313990654259413,-90.22723085458716,-0.005652857219621242,0.014048
26.280874729156494,3.471440996015746,0.92643948185871,0.8685363633590887,0.37569577549377303,-0.17295100926672607,-90.15704195731129,-0.005648459790918785,0.014048
26.31239342689514,3.4695006932286327,0.9232057076513148,0.9459501437411093,0.3382956734568773,-0.1984817086522236,-90.18257265669679,-0.005650059323531904,0.014048
26.342355489730835,3.465458395892825,0.9259544157248469,0.9052030678414066,0.3540909117559356,-0.18998095006647142,-90.17407189811104,-0.005649526739587029,0.013887
26.377689361572266,3.462709633810414,0.9230440189420783,0.8121231461260819,0.3207031329890539,-0.2536777807713027,-90.23776872881587,-0.005653517431597704,0.013887
26.404011964797974,3.4680454661663673,0.9270862367053739,0.8722836711958147,0.3590600846302018,-0.1914526109569884,-90.17554355900155,-0.005649618941118772,0.013887
26.43073010444641,3.4670753148048843,0.9278946802661371,0.8916112254036511,0.3982556302583542,-0.14187973039528418,-90.12597067843986,-0.005646513133557946,0.013887
26.456435441970825,3.4698240770235143,0.9211037544396468,0.9696974851339286,0.32198880585306244,-0.21055396617383312,-90.1946449142184,-0.005650815666682877,0.013887
26.482571840286255,3.467722082378019,0.9067134598625661,0.9749907706931181,0.04884894632246543,-0.4705999607508549,-90.45469090879543,-0.005667107897575427,0.013887
26.5157790184021,3.4701474608195837,0.9262777931473142,1.035658104826133,0.1564164745255265,-0.3522615154044175,-90.33635246344899,-0.005659693835004744,0.013887
26.545334339141846,3.465296704003251,0.9215888205638001,0.9642011718048744,0.16010880433979444,-0.37399825962314354,-90.35808920766772,-0.005661055671230062,0.013887
26.5857675075531,3.4701474608195837,0.9240141511991157,1.0281053856043765,0.19973047293049093,-0.31489788109643285,-90.29898882914101,-0.005657352953122981,0.013887
26.613299131393433,3.4669136229123425,0.9081686581520613,0.9968889566239035,-0.014509665491161873,-0.51457894432424,-90.49866989236881,-0.005669863239975385,0.013738
26.63899803161621,3.467398698590858,0.9269245479935458,0.9864298629558074,0.1219419898031387,-0.4011264118453786,-90.38521735988995,-0.0056627552864093374,0.013738
26.666061401367188,3.4643265526720386,0.9240141511991157,0.9069565898656001,0.17301370275483474,-0.3835337376701498,-90.36762468571472,-0.005661653081739174,0.013738
26.69375991821289,3.469015617538538,0.9188401125397412,0.961451895405496,0.12975155513091727,-0.4037911183039747,-90.38788206634854,-0.005662922233848596,0.013738
26.72018337249756,3.468853925642434,0.9274096141293547,0.995801140334004,0.23033225191628764,-0.2942851993989516,-90.27837614744351,-0.005656061540924626,0.013738
26.747373819351196,3.4667519310200983,0.9272479254173104,0.9704785160758482,0.2982696037718316,-0.23194614506541364,-90.21603709310997,-0.005652155915427577,0.013738
26.77426052093506,3.4614160987424634,0.9181933577150688,0.8274362106640135,0.20755414262489777,-0.38124852283114125,-90.3653394708757,-0.00566150990995967,0.013738
26.800390243530273,3.4641648607845417,0.9249842834600377,0.7918635645140549,0.24775702492213234,-0.3497801188493229,-90.33387106689388,-0.005659538372177187,0.013738
26.828911066055298,3.465781779672863,0.9201336221942474,0.804937399995544,0.20182496716269355,-0.39857723602186,-90.38266818406642,-0.0056625955771195625,0.013738
26.856712102890015,3.4703091527180643,0.9220738866889228,0.9204182143430707,0.1993021567003276,-0.35132404343761225,-90.33541499148217,-0.005659635101126672,0.013738
26.882673740386963,3.468368849955903,0.9139894513965788,0.9556851567838203,0.07407939939791253,-0.45915313879805825,-90.44324408684261,-0.0056663907388030165,0.01358
26.914546012878418,3.4665902391281502,0.9204569996089499,0.9385998587389444,0.0851889009408372,-0.4566603881124568,-90.440751336157,-0.005666234564623931,0.01358
26.945972204208374,3.4665902391281502,0.9217505092720666,0.9266401501074929,0.11271863866703907,-0.43582660678106133,-90.41991755482562,-0.005664929300236499,0.01358
26.97858953475952,3.4646499364479233,0.9249842834600377,0.8726987283872742,0.18137217215162843,-0.3896046135410849,-90.37369556158563,-0.005662033430267786,0.01358
27.004346132278442,3.472896223134161,0.9293498786823278,1.0286106492502496,0.296096314690279,-0.217822034255948,-90.2019129823005,-0.0056512710209117665,0.01358
27.031673669815063,3.4719260717192095,0.9228823302329495,1.1149641792575447,0.2776377791934045,-0.2172156221064413,-90.20130657015099,-0.005651233028375977,0.01358
27.05797243118286,3.4619011743907215,0.9215888205638001,0.9399685807988359,0.24496371760731014,-0.2954829120444751,-90.27957386008903,-0.005656136579230813,0.01358
27.084453582763672,3.4680454661663673,0.9304816996787628,0.9617754754667842,0.35789434795392716,-0.1657297407032216,-90.14982068874778,-0.005648007368742604,0.01358
27.116206884384155,3.473057915037693,0.9201336221942474,1.094761841329771,0.27892109328495107,-0.22018492383099827,-90.20427587187555,-0.005651419059117827,0.01358
27.14594602584839,3.4644882445598326,0.9241758399089995,0.9865864434816384,0.28536821105332594,-0.23904634451512485,-90.22313729255968,-0.005652600752461142,0.013428
27.171507120132446,3.4667519310200983,0.929673256109339,0.9640282282791888,0.3738318137545341,-0.14712422845626927,-90.13121517650083,-0.0056468417084066524,0.013428
27.198368072509766,3.4665902391281502,0.9295115673957792,0.9444400087857022,0.43328719972801816,-0.08127338408376772,-90.06536433212833,-0.005642716064546107,0.013428
27.233520030975342,3.469662385125925,0.9160914045467556,1.0028801645170646,0.2699676945172825,-0.25140234389601446,-90.23549329194057,-0.0056533748724207624,0.013428
27.26547861099243,3.469177309434939,0.9366258708950421,1.032395866617911,0.46922429819300415,-0.03484137956153476,-90.0189323276061,-0.005639807037088443,0.013428
27.299073696136475,3.468368849955903,0.9338771626999494,1.034069513376236,0.5667286091847772,0.06975811292157282,-89.91433283512299,-0.005633253738370844,0.013428
27.324671030044556,3.4680454661663673,0.9408297776072234,1.0276461282709435,0.7411544747492091,0.2536864853599894,-89.73040446268458,-0.005621730378757743,0.013428
27.354995250701904,3.471440996015746,0.9320985868257408,1.1028966073679045,0.729919237300622,0.22457229970567397,-89.7595186483389,-0.0056235544215994734,0.013428
27.381853818893433,3.4732196069415227,0.9288648125426233,1.1973441027914218,0.6726718525573878,0.15480763539899595,-89.82928331264557,-0.005627925271536517,0.01327
27.406798362731934,3.4680454661663673,0.934038851416438,1.1419383408616186,0.7116110332019284,0.19949585804386902,-89.78459509000069,-0.005625125494355975,0.01327
27.436660766601562,3.4682071580609866,0.9241758399089995,1.1069517764252983,0.5882511689952118,0.08505362868365263,-89.89903731936091,-0.005632295453761147,0.01327
27.465644359588623,3.4680454661663673,0.9244992173290909,1.0786637124052871,0.5068375357779019,0.0033285463142344435,-89.98076240173033,-0.005637415639956828,0.01327
27.493167400360107,3.4707942284152877,0.9249842834600377,1.1234190400874604,0.45725540012923693,-0.04602052099529207,-90.03011146903985,-0.0056405074253167466,0.01327
27.52254819869995,3.4707942284152877,0.9306433883929726,1.1547477694649542,0.5089676616465597,0.005235450642127031,-89.97885549740244,-0.005637296169839048,0.01327
27.548875093460083,3.4735429907500737,0.9316135206805085,1.2412348545420673,0.5599810603071683,0.050303924585999034,-89.93378702345856,-0.0056344725694038155,0.01327
27.57477307319641,3.4741897583707435,0.9241758399089995,1.3169656907451983,0.48211018796888144,-0.018046460206249844,-90.00213740825082,-0.005638754812829412,0.01327
27.605377674102783,3.4766151369906364,0.9312901432508962,1.4269393145171094,0.5362425568600071,0.025051065216486063,-89.95903988282808,-0.005636054694966697,0.01327
27.63224720954895,3.4716026879166035,0.92643948185871,1.3861993068012979,0.5000611377861147,-0.0028813794590252908,-89.9869723275036,-0.005637804700148615,0.013118
27.658872604370117,3.4698240770235143,0.929673256109339,1.3159091421122884,0.5241168624674885,0.01723379126860727,-89.96685715677596,-0.005636544457680852,0.013118
27.686821699142456,3.469177309434939,0.9214271318556412,1.25151615093455,0.4150299400642858,-0.07909638237858792,-90.06318733042315,-0.005642579672464806,0.013118
27.714853763580322,3.474674834089369,0.9230440189420783,1.3355550057801566,0.3633604528049047,-0.1162187349158859,-90.10030968296044,-0.00564490543771951,0.013118
27.740437030792236,3.4771002127226476,0.928541435116695,1.4513442429162173,0.41114243159386493,-0.06998453832238645,-90.05407548636694,-0.005642008803194307,0.013118
27.767539024353027,3.475644985534648,0.9248225947496141,1.498219485476342,0.3877996913309443,-0.08466119870545157,-90.06875214675,-0.005642928315683169,0.013118
27.800620317459106,3.4698240770235143,0.9253076608812086,1.394323267184826,0.3788671807602372,-0.09872145456575329,-90.0828124026103,-0.005643809209600635,0.013118
27.831782341003418,3.468692233746627,0.9227206415239286,1.2950136316370762,0.33310824959432717,-0.1463343242585504,-90.1304252723031,-0.0056467922198475485,0.013118
27.85866117477417,3.4725728393279884,0.9232057076513148,1.3166361432982379,0.3084844053272652,-0.16422848639163679,-90.14831943443619,-0.005647913313143275,0.013118
27.884878635406494,3.4665902391281502,0.9165764706609095,1.1912655492990263,0.190013145783762,-0.29091453652554794,-90.2750054845701,-0.005655850364367633,0.012966
27.91199541091919,3.4707942284152877,0.9240141511991157,1.202240325913057,0.22066351194126937,-0.2610101756965994,-90.24510112374115,-0.005653976815989732,0.012966
27.937699794769287,3.4670753148048843,0.9173849141866466,1.1225808837057276,0.1408841993580359,-0.3556312687441214,-90.33972221678867,-0.0056599049545782276,0.012966
27.96426796913147,3.467398698590858,0.9223972641062103,1.0744142119130635,0.16158189092163117,-0.35294290432789716,-90.33703385237244,-0.005659736524936141,0.012966
27.995869636535645,3.46481162833631,0.9204569996089499,0.9799380404193679,0.1464406450074425,-0.4053407261588704,-90.38943167420342,-0.005663019318862368,0.012966
28.02205729484558,3.470470844616842,0.9178699803033775,1.0467161316519784,0.09633559989071426,-0.42557335082000136,-90.40966429886456,-0.005664286919976846,0.012966
28.049631118774414,3.4703091527180643,0.9170615367760295,1.0896633265025852,0.048916389339940435,-0.45025976876102863,-90.43435071680558,-0.005665833557223305,0.012966
28.076112031936646,3.4672370066977227,0.9251459721705692,1.04757445299114,0.13917973349377183,-0.3842431615294283,-90.36833410957398,-0.005661697528096959,0.012966
28.10313057899475,3.4670753148048843,0.9183550464210757,1.0143147726603856,0.09866036923227578,-0.43760660585902633,-90.42169755390358,-0.005665040819569892,0.012966
28.132163047790527,3.4693390013316376,0.9202953109015449,1.0441975612816585,0.09992644400151904,-0.4232618990278204,-90.40735284707237,-0.005664142104416982,0.012966
28.15869426727295,3.4665902391281502,0.9246609060392986,1.0005585418874068,0.16747936414848333,-0.3744183663820069,-90.35850931442656,-0.005661081991482853,0.012815
28.186336994171143,3.4656200877826957,0.9272479254173104,0.9472264153468725,0.254272582334372,-0.2990266649575807,-90.28311761300213,-0.005656358600111312,0.012815
28.216808795928955,3.471440996015746,0.9280563689786142,1.0466028083210757,0.32737351455209734,-0.18751903147381976,-90.17160997951837,-0.005649372497079984,0.012815
28.244824409484863,3.4693390013316376,0.9243375286189913,1.0667991862441066,0.32175404180319994,-0.18944866486923406,-90.17353961291379,-0.005649493391204376,0.012815
28.270442247390747,3.4758066774432357,0.9337154739835691,1.232835415048441,0.4610302937514773,-0.029997217865745867,-90.0140881659103,-0.005639503543850805,0.012815
28.29798197746277,3.4724111474253476,0.933392096551135,1.2693139225832126,0.5535853981994046,0.05567216415190426,-89.92841878389264,-0.005634136241983596,0.012815
28.324198484420776,3.4699857689214006,0.9366258708950421,1.2378868421509515,0.6677566907704828,0.16374657800358677,-89.82034437004096,-0.005627365234774227,0.012815
28.350993871688843,3.476938520811679,0.9390512016815384,1.3791790590772377,0.7847136355996261,0.23873346531514167,-89.7453574827294,-0.005622667205550663,0.012815
28.379884719848633,3.4732196069415227,0.9398596452824862,1.3907418189879273,0.8789291770730301,0.3088852224946015,-89.67520572554994,-0.005618272103725138,0.012815
28.407029628753662,3.4685305418511163,0.9375960032066997,1.28870914896371,0.9103121519488625,0.36060262984268193,-89.62348831820186,-0.0056150319386803,0.012664
28.433791637420654,3.4727345312309263,0.9369492483318259,1.3160204745368154,0.9224036903774044,0.36199368133927434,-89.62209726670527,-0.0056149447874353706,0.012664
28.46331477165222,3.4711176122149228,0.9246609060392986,1.2971637116528452,0.7432134366116053,0.21960258406649166,-89.76448836397805,-0.005623865780960325,0.012664
28.496906518936157,3.4701474608195837,0.940668088886161,1.2611791634979004,0.8622247179160647,0.3296319984425443,-89.65445894960199,-0.005616972290341857,0.012664
28.529423713684082,3.4735429907500737,0.9421232873796527,1.3157368303651367,0.9677548391765732,0.3973017976077291,-89.5867891504368,-0.00561273268652006,0.012664
28.56093454360962,3.4767768289010093,0.9403447114443637,1.4298765815356471,1.0144654276526792,0.39648461084239894,-89.58760633720213,-0.005612783884368674,0.012664
28.589897394180298,3.472896223134161,0.9405064001652078,1.4186351464540827,1.0496319756145527,0.4239886171865025,-89.56010233085803,-0.005611060721423761,0.012664
28.62402606010437,3.466266855345145,0.936140804740683,1.255069913825392,1.0075818870001172,0.44877369838402986,-89.53531724966051,-0.005609507902791744,0.012664
28.656574487686157,3.4651350121139743,0.9390512016815384,1.11399196931526,1.022591272960369,0.5201120303254464,-89.46397891771909,-0.0056050384604634,0.012512
28.68580150604248,3.4719260717192095,0.9435784858819936,1.1747311033030658,1.1022336521901117,0.5542839725109635,-89.42980697553357,-0.005602897542380662,0.012512
28.711187839508057,3.469015617538538,0.940668088886161,1.1488940548117115,1.1135388688210197,0.5749868879238172,-89.40910406012071,-0.005601600476918824,0.012512
28.748987197875977,3.4758066774432357,0.9417999099358901,1.2903018230457923,1.1387364727211733,0.5304614773628432,-89.45362947068169,-0.005604390053703596,0.012512
28.778027534484863,3.4606076393346283,0.9417999099358901,1.0323251825028692,1.1563747954512824,0.6701444835479456,-89.31394646449658,-0.005595638725723194,0.012512
28.807124614715576,3.465458395892825,0.9472973265393515,0.9656655949746943,1.2526722477817402,0.7807680277321115,-89.20332292031242,-0.005588708012074126,0.012512
28.83343482017517,3.4724111474253476,0.9364641821768137,1.0822950485316456,1.1546483494894675,0.6399640107373333,-89.3441269373072,-0.005597529572887661,0.012512
28.85981249809265,3.474674834089369,0.9424466648238523,1.2171002340981165,1.1773896533734978,0.5881549734147508,-89.39593597462978,-0.005600775478673495,0.012512
28.886690139770508,3.462062866274067,0.9448719956692884,1.015261287837007,1.2303456070217629,0.7341377140324693,-89.24995323401205,-0.005591629463868153,0.012512
28.91648530960083,3.4656200877826957,0.9345239175665562,0.9575183375115962,1.1093900692232057,0.6801971205613477,-89.30389382748318,-0.005595008914510115,0.012363
28.942516803741455,3.4625479419258824,0.9356557385873031,0.8449463662175442,1.0420051445801477,0.7027516595263017,-89.28133928851823,-0.005593595842345362,0.012363
28.972466468811035,3.462709633810414,0.940668088886161,0.7699434549893504,1.0713789134940461,0.7937838635035954,-89.19030708454093,-0.005587892552478244,0.012363
28.999708890914917,3.462062866274067,0.943416797159074,0.7022515424608604,1.133915864503391,0.9120270269523687,-89.07206392109217,-0.005580484459446447,0.012363
29.0307400226593,3.468853925642434,0.9414765324925645,0.8143608932727556,1.1480620976166327,0.8191832638382516,-89.16490768420628,-0.005586301245927041,0.012363
29.062290906906128,3.4573738017773596,0.9392128904015098,0.6232171612410219,1.123396556407196,0.9898559142297035,-88.99423503381483,-0.005575608375107233,0.012363
29.090904474258423,3.4630330175803667,0.9419615986577169,0.6223279488819647,1.1481059900750947,1.0091374563628777,-88.97495349168166,-0.005574400360590766,0.012363
29.123042106628418,3.459960871813694,0.937272625769045,0.5495535962814055,1.093797649054714,1.0589215069171276,-88.92516944112741,-0.0055712813229462305,0.012363
29.1531925201416,3.4619011743907215,0.9359791160227809,0.5441811727155004,1.0360287224245592,1.0197317094731275,-88.9643592385714,-0.005573736616401638,0.012205
29.188305616378784,3.4597991799342016,0.9451953731172064,0.4910533844055673,1.1363312275098354,1.1670143642041626,-88.81707658384038,-0.005564509160230861,0.012205
29.21303653717041,3.465296704003251,0.9228823302329495,0.5829778675105062,0.8658022181670888,0.7677913855290993,-89.21629956251545,-0.005589521016140294,0.012205
29.23899221420288,3.467398698590858,0.9400213340030029,0.6966921005763806,0.9381603208938479,0.7245356189321084,-89.25955532911243,-0.005592231048025148,0.012205
29.265044927597046,3.454463348077091,0.9350089837176525,0.4724945753534541,0.912267776844819,1.0124476668177032,-88.97164328122683,-0.005574192971459006,0.012205
29.294336318969727,3.4580205692793347,0.9384044468027426,0.3991006125590679,0.9459948518072212,1.1910291386748766,-88.79306180936966,-0.005563004602350068,0.012205
29.322492122650146,3.456888726153988,0.9422849761016979,0.3211425594183441,1.0288630689473202,1.3951464446997137,-88.58894450334482,-0.005550216378927012,0.012205
29.349241733551025,3.46044594745395,0.9390512016815384,0.35011622937652964,1.0374881003234084,1.3433574742508259,-88.6407334737937,-0.005553461027496251,0.012205
29.37805676460266,3.4669136229123425,0.9421232873796527,0.5222965472644038,1.0904392068617133,1.093811485319356,-88.89027946272518,-0.005569095418929944,0.012205
29.403305053710938,3.46367978512383,0.9214271318556412,0.5668733939342692,0.8114555811402447,0.6988497840872302,-89.2852411639573,-0.005593840300083196,0.012046
29.428961038589478,3.458343953032099,0.9416382212141727,0.4727607225381675,0.9248090353026974,1.0248502509425026,-88.95924069710202,-0.005573415932902598,0.012046
29.45818042755127,3.455595191171356,0.9392128904015098,0.34232488918132775,0.967119412787438,1.327386478213074,-88.65670446983145,-0.005554461631852623,0.012046
29.486863613128662,3.4567270342801226,0.9351706724349022,0.2776020846268071,0.9350082771440372,1.4641390864678498,-88.51995186157667,-0.005545893897239101,0.012046
29.51275372505188,3.454625039946813,0.9350089837176525,0.18292903251857184,0.9100613462199435,1.7075912098778077,-88.27649973816672,-0.0055306412946665145,0.012046
29.542289972305298,3.462062866274067,0.9380810693639986,0.2913414467313015,0.9395120783575742,1.431425497879986,-88.55266545016454,-0.005547943447509869,0.012046
29.575111627578735,3.4573738017773596,0.9303200109646612,0.2571035486620319,0.8416090645534791,1.497666908633086,-88.48642403941145,-0.005543793334140913,0.012046
29.60487961769104,3.45640365053328,0.9384044468027426,0.21035220942988722,0.8965337532032776,1.638377003209328,-88.34571394483521,-0.00553497765769307,0.012046
29.63783073425293,3.453654888732923,0.9354940498697273,0.11306931000607971,0.8905365873875098,1.9021206457942552,-88.08197030225028,-0.005518453764185597,0.012046
29.663640022277832,3.4586673367860485,0.9232057076513148,0.1626928007887419,0.6986842417824964,1.990092103978279,-87.99399884406625,-0.005512942234154074,0.011895
29.68918013572693,3.449935975844984,0.9293498786823278,-0.007634044912210397,0.6582147634318894,2.680542862690288,-87.30354808535425,-0.005469684566605035,0.011895
29.715221405029297,3.454301656207666,0.9232057076513148,-0.024331194811422045,0.5360589650135577,-3.1330170142556395,-86.83392265512059,-0.005440261902530455,0.011895
29.74281120300293,3.447187214245701,0.9215888205638001,-0.20310779907124155,0.4258585476814168,-2.889492728057855,-86.5903983689228,-0.005425004778862271,0.011895
29.768420934677124,3.4494509002624345,0.9299966335367834,-0.2750868691785633,0.47711332123387606,-3.022108212650529,-86.72301385351548,-0.005433313317120765,0.011895
29.794490098953247,3.4512295107447866,0.9267628592818257,-0.28370006861224967,0.4636089446213938,-2.998315932533497,-86.69922157339845,-0.005431822698810118,0.011895
29.82872462272644,3.454301656207666,0.9282180576911995,-0.2175774114014565,0.47637810405548964,-3.005386400892007,-86.70629204175695,-0.005432265673150879,0.011895
29.858681440353394,3.453654888732923,0.9343622288497415,-0.18648142457581918,0.5791436811797496,3.0421698928622463,-86.94192105518229,-0.005447028147373769,0.011895
29.894203424453735,3.4614160987424634,0.9312901432508962,0.017564252207835907,0.6041660021076143,2.8366923752710247,-87.14739857277351,-0.005459901589878697,0.011895
29.92028832435608,3.46157779062492,0.9350089837176525,0.16419369458532654,0.678471753694448,1.998167608825227,-87.98592333921931,-0.005512436292927199,0.011746
29.947355031967163,3.453008121262913,0.9306433883929726,0.06556847650410239,0.6638191091422063,2.483409308974946,-87.5006816390696,-0.005482035248564291,0.011746
29.97637128829956,3.4602842555735687,0.9301583222506682,0.1674169027563738,0.6461548501787461,2.081412308108142,-87.9026786399364,-0.005507220900690514,0.011746
30.005126953125,3.46044594745395,0.9304816996787628,0.24250826971315045,0.638728140753934,1.4235335638306428,-88.5605573842139,-0.005548437887779676,0.011746
30.032827854156494,3.4656200877826957,0.9329070304032979,0.41659122482489314,0.6705664832397407,0.6090164047279323,-89.3750745433166,-0.005599468481977559,0.011746
30.06335759162903,3.4567270342801226,0.9317752093954774,0.3295885195773133,0.6755693713612675,0.9312704822717747,-89.05282046577275,-0.005579278831120026,0.011746
30.095099449157715,3.4573738017773596,0.9299966335367834,0.28387649965422973,0.6519108978097699,1.1119344994019102,-88.87215644864261,-0.005567959987752154,0.011746
30.1209819316864,3.4607693312156025,0.9388895129616759,0.33162492472288246,0.7711524445135168,1.1514093407126738,-88.83268160733185,-0.005565486835915581,0.011746
30.14823079109192,3.4661051634540874,0.9424466648238523,0.4903652897826047,0.9089425198903375,0.9536464891814105,-89.03044445886312,-0.005577876944228371,0.011746
30.177422285079956,3.4622245581577094,0.9422849761016979,0.5103442954728972,1.002926436605505,1.0241236845735193,-88.959967263471,-0.005573461453261646,0.011594
30.20418095588684,3.466266855345145,0.9395362678417799,0.6192663181385342,1.0267398657349487,0.8940930053271523,-89.08999794271736,-0.0055816080499929,0.011594
30.234253406524658,3.467722082378019,0.9413148437710653,0.7296889537963628,1.0705697624401258,0.8132943639091018,-89.17079658413542,-0.005586670193418444,0.011594
30.26108455657959,3.468368849955903,0.9461655054635881,0.8221746744011456,1.175324772017842,0.8188241794476312,-89.1652667685969,-0.005586323743046488,0.011594
30.288233280181885,3.4643265526720386,0.936302493458694,0.7919779578773369,1.0980359804677464,0.7797336575130193,-89.2043572905315,-0.005588772816757871,0.011594
30.320388555526733,3.4711176122149228,0.942770042268489,0.9303339499911617,1.142699267160514,0.7082377624727457,-89.27585318557178,-0.005593252130626021,0.011594
30.348450899124146,3.465781779672863,0.9498843461612759,0.901866669829491,1.2826055557859855,0.8342823469838768,-89.14980860106064,-0.005585355268084642,0.011594
30.374517679214478,3.4631947094657876,0.9345239175665562,0.8211800735924232,1.1459720333581571,0.7959806719227519,-89.18811027612176,-0.0055877549194797045,0.011594
30.400404691696167,3.4719260717192095,0.9401830227236289,0.969762776297094,1.1367483275528658,0.6756564760858279,-89.30843447195869,-0.005595293391986171,0.011443
30.42650818824768,3.4699857689214006,0.9439018633281608,1.02820103975063,1.1870818625304493,0.6783474851088337,-89.30574346293568,-0.005595124796655917,0.011443
30.45352554321289,3.4762917531707833,0.92643948185871,1.2172091202728041,0.9556486517554266,0.3916149679417485,-89.59247598010276,-0.005613088974038024,0.011443
30.479546546936035,3.4699857689214006,0.9396979565620786,1.201413480533634,0.9961145523601579,0.432749602474126,-89.55134134557038,-0.005610511833926436,0.011443
30.50902032852173,3.471440996015746,0.9405064001652078,1.2245337539518086,1.0367863629097918,0.4576757789163569,-89.52641516912814,-0.0056089501754877985,0.011443
30.535077333450317,3.475483293626358,0.943416797159074,1.3356546739655908,1.1097010790944113,0.4710207235675611,-89.51307022447693,-0.005608114096778493,0.011443
30.562588214874268,3.472249455523005,0.9320985868257408,1.337489934729277,0.9879018603422669,0.3775079549735355,-89.60658299307096,-0.005613972797351111,0.011443
30.58999729156494,3.4727345312309263,0.9369492483318259,1.3501670245727053,0.9767164862527893,0.3646998872037487,-89.61939106084074,-0.005614775240002582,0.011443
30.616300582885742,3.472896223134161,0.9371109370503811,1.3628384565799887,0.9713558603837998,0.3566548572313604,-89.62743609081313,-0.005615279271937629,0.011443
30.651124238967896,3.471279304115186,0.9329070304032979,1.3337337681301609,0.9034058869806451,0.3093729848575984,-89.6747179631869,-0.005618241544757859,0.011443
30.67765498161316,3.4758066774432357,0.9283797464038931,1.419689622368738,0.7867050996110972,0.19314842070068663,-89.7909425273438,-0.0056255231698323395,0.011292
30.70367693901062,3.477585288457336,0.9172232254812843,1.52163088246567,0.534644174934738,-0.019965445900300333,-90.0040563939448,-0.005638875039861004,0.011292
30.73280382156372,3.48017235908759,0.9256310383028118,1.6537492745961766,0.4865965910333687,-0.052554239637578055,-90.03664518768207,-0.00564091677156674,0.011292
30.761109828948975,3.4762917531707833,0.9308050771072909,1.6550928846646729,0.5319756312083881,-0.01990269611465354,-90.00399364415914,-0.0056388711085026385,0.011292
30.789193630218506,3.471764379817758,0.9291881899689847,1.5497042749726817,0.5390496001159671,-0.01602190821059309,-90.00011285625507,-0.0056386279719271995,0.011292
30.814841270446777,3.4766151369906364,0.929834944823007,1.5898563234763756,0.553877922017393,-0.004297229239518164,-89.988388177284,-0.005637893405039336,0.011292
30.841350078582764,3.4751599098106696,0.9332304078350806,1.583785534182463,0.616109602030088,0.04313499154865545,-89.94095595649583,-0.005634921712688972,0.011292
30.869357109069824,3.4766151369906364,0.9354940498697273,1.6137132049232086,0.69423968156628,0.10025110079529018,-89.88383984724919,-0.0056313433117178525,0.011292
30.89608359336853,3.4779086722819503,0.9227206415239286,1.6650423289137768,0.5538690001585578,-0.004362794102506559,-89.98845374214699,-0.005637897512766079,0.011292
30.925060272216797,3.4809808186751763,0.9293498786823278,1.7731246343715208,0.5568440942951295,-0.002052725064340194,-89.98614367310883,-0.005637752783837611,0.011292
30.951252937316895,3.4808191267570634,0.9304816996787628,1.8449847787256284,0.5762106116353984,0.010448937951284492,-89.9736420100932,-0.005636969537855596,0.01114
30.98830795288086,3.4779086722819503,0.9306433883929726,1.8269324305754706,0.5922363097008694,0.02097713074902885,-89.96311381729545,-0.00563630993243379,0.01114
31.019299745559692,3.481465894431303,0.929834944823007,1.8978401139756857,0.5911086187268257,0.01935084692988768,-89.96474010111459,-0.005636411821299724,0.01114
31.04967188835144,3.475644985534648,0.9308050771072909,1.8107665952179455,0.6051340505938109,0.029699295643464522,-89.95439165240101,-0.00563576347708625,0.01114
31.078847646713257,3.475644985534648,0.9266011705702139,1.7498151320875446,0.550754319285741,-0.006465362813699639,-89.99055631085818,-0.005638029241520317,0.01114
31.104215383529663,3.4762917531707833,0.9220738866889228,1.7223389849086617,0.4435527031864569,-0.08174985631964486,-90.06584080436413,-0.005642745916171748,0.01114
31.12999129295349,3.4779086722819503,0.9280563689786142,1.741080374903587,0.45986959914855335,-0.06941255581772537,-90.0535035038622,-0.005641972967722012,0.01114
31.156119108200073,3.471279304115186,0.9322602755410351,1.5985031109566763,0.5354889603240132,-0.0187167209604626,-90.00280766900494,-0.00563879680556605,0.01114
31.18598198890686,3.4737046826547955,0.9211037544396468,1.5556610627380927,0.4180521368990311,-0.11298766182267296,-90.09707860986715,-0.00564470300664976,0.01114
31.212727308273315,3.4777469803694943,0.9269245479935458,1.620608360050699,0.42473525147627206,-0.10238704768099346,-90.08647799572547,-0.005644038863933468,0.010981
31.23896598815918,3.4764534450805615,0.9254693495919563,1.63569171375344,0.4071912087363778,-0.11433679834626008,-90.09842774639074,-0.005644787531865323,0.010981
31.264219522476196,3.4764534450805615,0.9244992173290909,1.6462500613453621,0.38009556359671925,-0.13348978874607545,-90.11758073679056,-0.005645987492443005,0.010981
31.29298448562622,3.479687283338612,0.9280563689786142,1.7295902915388741,0.41544960143574267,-0.100965116981058,-90.08505606502554,-0.00564394977806497,0.010981
31.319477081298828,3.477585288457336,0.9309667658217176,1.7385613508848208,0.4846418744206487,-0.05181018281053714,-90.03590113085502,-0.005640870155406998,0.010981
31.345171213150024,3.4724111474253476,0.9236907737796718,1.6233220776687132,0.42196535026959275,-0.10430832542429466,-90.08839927346878,-0.005644159234565032,0.010981
31.373082876205444,3.4782320561077547,0.9290265012557497,1.6793634785235456,0.45957326754641287,-0.07242680619796922,-90.05651775424245,-0.005642161814557523,0.010981
31.405014514923096,3.474674834089369,0.9348472950005118,1.6350481350924464,0.5747877035295661,0.013211011040171992,-89.97087993700431,-0.005636796490266152,0.010981
31.431244611740112,3.479363899507448,0.9309667658217176,1.7141540043480228,0.5961785458863217,0.027922501639477543,-89.956168446405,-0.005635874795617452,0.010981
31.458327054977417,3.478070364194704,0.9392128904015098,1.7391483578516176,0.73707807019598,0.12705745504242497,-89.85703349300205,-0.005629663857614003,0.010823
31.489443063735962,3.477261904633913,0.9335537852672978,1.7376570586717501,0.7492879776676603,0.13576089396869034,-89.84833005407579,-0.0056291185754735245,0.010823
31.52035641670227,3.4790405156774757,0.9359791160227809,1.7783853120677708,0.7948719524536193,0.16296912416295048,-89.82112182388153,-0.005627413943301729,0.010823
31.55034875869751,3.4758066774432357,0.9350089837176525,1.7309457031250546,0.8119659189366577,0.18038172358443097,-89.80370922446005,-0.0056263230205567906,0.010823
31.57638168334961,3.478070364194704,0.9424466648238523,1.7509025469955328,0.9375119519865334,0.26289560772840426,-89.72119534031607,-0.005621153414870299,0.010823
31.604936599731445,3.4727345312309263,0.928703123829605,1.6395558531590915,0.815517616928441,0.19531439725873767,-89.78877655078574,-0.005625387468491317,0.010823
31.63349676132202,3.477585288457336,0.9266011705702139,1.6755372440189347,0.6980228157199821,0.10337179816813931,-89.88071914987634,-0.005631147795835261,0.010823
31.66300892829895,3.4759683693521204,0.9369492483318259,1.6627495247404338,0.7738011550171894,0.1612378747804883,-89.82285307326399,-0.005627522408401211,0.010823
31.691134929656982,3.478878823762936,0.937272625769045,1.722152568933416,0.8317842645141792,0.19550277343436598,-89.78858817461011,-0.005625375666470859,0.010823
31.71666145324707,3.4732196069415227,0.9385661355222781,1.6308232758872765,0.8921255291843838,0.2540938316426615,-89.72999711640182,-0.005621704857965921,0.010674
31.742836952209473,3.4790405156774757,0.9332304078350806,1.7036016641186253,0.852882927046981,0.21309152879287496,-89.77099941925161,-0.005624273707319827,0.010674
31.77103590965271,3.4766151369906364,0.9345239175665562,1.6975844958785085,0.8451661932408585,0.20849048538812118,-89.77560046265636,-0.005624561968869937,0.010674
31.798285722732544,3.4766151369906364,0.9282180576911995,1.6933724781104682,0.7434681780891182,0.1347362943719241,-89.84935465367255,-0.005629182768014656,0.010674
31.827261686325073,3.4725728393279884,0.9249842834600377,1.5954873358296366,0.6228968497470884,0.047980080360416726,-89.93611086768405,-0.005634618161366274,0.010674
31.854825735092163,3.474674834089369,0.910270611252152,1.5763348352067033,0.31380556251558167,-0.20498987129182952,-90.1890808193363,-0.005650467068663997,0.010674
31.890021800994873,3.477261904633913,0.9303200109646612,1.623687592820324,0.403614503464091,-0.12743410641224306,-90.1115250544567,-0.0056456080958099,0.010674
31.916592121124268,3.4724111474253476,0.9329070304032979,1.5429104470235726,0.5059869371368488,-0.04915415738769109,-90.03324510543216,-0.005640703751846289,0.010674
31.946698665618896,3.474998217903272,0.9135043852875723,1.547125951450855,0.2813513384350718,-0.23686082073879502,-90.22095176878327,-0.00565246382646063,0.010674
31.973074913024902,3.48324450556004,0.9274096141293547,1.7437477434108053,0.33645210022919697,-0.16458470157021823,-90.14867564961469,-0.00564793563050273,0.010522
32.00093388557434,3.4759683693521204,0.9293498786823278,1.7104968743147573,0.4046522643445815,-0.11826450891358008,-90.10235545695805,-0.005645033608208647,0.010522
32.02846693992615,3.4808191267570634,0.9266011705702139,1.8011453466858904,0.41041706891127705,-0.10671781769611907,-90.09080876574059,-0.005644310192492647,0.010522
32.054527759552,3.472249455523005,0.9270862367053739,1.6633334056335076,0.42185983977575914,-0.10929503339822137,-90.0933859814427,-0.005644471658518483,0.010522
32.08322072029114,3.478878823762936,0.9290265012557497,1.7225612855585817,0.45949941020072765,-0.07639728559124284,-90.06048823363571,-0.005642410570425247,0.010522
32.10961890220642,3.4808191267570634,0.9317752093954774,1.8095904345565466,0.5278224202339572,-0.02352702791719734,-90.00761797596167,-0.005639098177758806,0.010522
32.13532495498657,3.4748365259961718,0.9259544157248469,1.7300044735162516,0.486759634499891,-0.05570769996701273,-90.03979864801148,-0.005641114340092573,0.010522
32.16206955909729,3.481627586350607,0.9308050771072909,1.8337880135285427,0.5320897616349616,-0.02009375742852067,-90.004184705473,-0.005638883078750614,0.010522
32.19136381149292,3.474513142182863,0.9303200109646612,1.7393478404021863,0.5564134428476463,-0.0033082800956829544,-89.98739922814016,-0.005637831446046972,0.010522
32.21674180030823,3.4767768289010093,0.92643948185871,1.726404288561568,0.5141807579774627,-0.03531582902086826,-90.01940677706534,-0.005639836761984415,0.010522
32.24537706375122,3.480657434839248,0.9332304078350806,1.8084830671992804,0.5883215872021362,0.01971051923416904,-89.9643804288103,-0.005636389287346695,0.010364
32.275230884552,3.477261904633913,0.9097855451505288,1.786191355215114,0.2821954715784613,-0.19997010238208074,-90.18406105042655,-0.005650152573398504,0.010364
32.30062651634216,3.4783937480211033,0.9311284545362527,1.797169442160466,0.39383311945280813,-0.11975910931861787,-90.10385005736309,-0.005645127246931792,0.010364
32.32717180252075,3.472249455523005,0.9367875596133797,1.6605502724657384,0.5583992316381834,-0.001203601160166067,-89.98529454920464,-0.005637699585084345,0.010364
32.35577869415283,3.474674834089369,0.912372564370306,1.6218788908519814,0.3007559943503205,-0.21229936343491723,-90.19639031147939,-0.005650925018165954,0.010364
32.382516860961914,3.479202207592313,0.9288648125426233,1.7011380639833158,0.3722575824921818,-0.14525976338249325,-90.12935071142697,-0.005646724897165149,0.010364
32.40843319892883,3.4743514502766546,0.9269245479935458,1.6426954065338373,0.3926790633914742,-0.13570452526110183,-90.11979547330557,-0.005646126248660833,0.010364
32.43575191497803,3.4707942284152877,0.9248225947496141,1.5182412259774665,0.37487533358926683,-0.16686672119832618,-90.1509576692428,-0.005648078602097977,0.010364
32.466453552246094,3.4685305418511163,0.9303200109646612,1.3779587338563977,0.44636334321567006,-0.11744351333200091,-90.10153446137647,-0.0056449821717325785,0.010364
32.4921669960022,3.4661051634540874,0.9191634899527223,1.2227989561760653,0.3260345750723189,-0.2851189968858327,-90.26920994493031,-0.005655487266023773,0.010205
32.527400493621826,3.468853925642434,0.9240141511991157,1.178744082873385,0.31587851244326653,-0.3133514824435176,-90.29744243048799,-0.005657256069170018,0.010205
32.55333757400513,3.4698240770235143,0.9149595836174854,1.1706904853627598,0.17049766299896,-0.4834225017951583,-90.46751344983963,-0.005667911246996983,0.010205
32.57950234413147,3.4649733202249937,0.9204569996089499,1.0511289006092648,0.15268168546156988,-0.5805122835160804,-90.56460323156055,-0.005673994052247175,0.010205
32.606292724609375,3.4707942284152877,0.9212654431475902,1.1041446718302448,0.15255618032690751,-0.5433362107736566,-90.52742715881813,-0.005671664921349455,0.010205
32.63746213912964,3.469662385125925,0.9204569996089499,1.1146734286482305,0.14012264759113313,-0.5498899892668464,-90.53398093731131,-0.005672075524376059,0.010205
32.66416358947754,3.4724111474253476,0.9055816389767076,1.1866005321030861,-0.09574131421694952,-0.7158096082303426,-90.69990055627481,-0.005682470611391931,0.010205
32.69497990608215,3.4751599098106696,0.915121272321345,1.301506480221181,-0.11516707989396521,-0.6600062337440846,-90.64409718178855,-0.005678974455017008,0.010205
32.72926616668701,3.478070364194704,0.9309667658217176,1.4502950909628145,0.11321019748985717,-0.4101539874519392,-90.3942449354964,-0.0056633208761482584,0.010205
32.756810665130615,3.480010667170966,0.9248225947496141,1.6000167511128078,0.17924712745813545,-0.31087579598253184,-90.294966744027,-0.005657100964087528,0.010046
32.78448128700256,3.48017235908759,0.9283797464038931,1.7086193826491523,0.27979396794533945,-0.21075079592639676,-90.19484174397085,-0.005650827998331279,0.010046
32.8119170665741,3.4811425105935876,0.9325836529719495,1.807426041459623,0.4143742903744331,-0.09891674482962555,-90.08300769287408,-0.005643821444798003,0.010046
32.83807325363159,3.475483293626358,0.9329070304032979,1.7436792752210852,0.5135187879740883,-0.02735427705324486,-90.0114452250977,-0.005639337960058507,0.010046
32.865294456481934,3.4783937480211033,0.9309667658217176,1.7674109861646319,0.5532903049974947,0.0034368484505943662,-89.98065409959386,-0.005637408854682491,0.010046
32.89735960960388,3.482436045951599,0.9338771626999494,1.878959919958902,0.6255748139479104,0.053969987491874,-89.93012096055259,-0.005634242885637957,0.010046
32.92582392692566,3.482759429794082,0.915121272321345,1.9646391126945364,0.3897542098214367,-0.10543568785586603,-90.08952663590033,-0.005644229865335808,0.010046
32.954663038253784,3.485993268284482,0.934038851416438,2.100563939945556,0.5135686832867604,-0.0214092933028579,-90.00550024134732,-0.005638965498840362,0.010046
32.98534607887268,3.4759683693521204,0.9316135206805085,1.9602682118890824,0.5632017754553134,0.009807186710299795,-89.97428376133416,-0.005637009744432938,0.010046
33.010828733444214,3.4751599098106696,0.9424466648238523,1.843073856071396,0.7633770515495867,0.15514164476013942,-89.82894930328432,-0.005627904345401344,0.009897
33.04553198814392,3.4798489752546398,0.9403447114443637,1.8711644172644466,0.8714009763137909,0.22653181048863963,-89.75755913755582,-0.005623431655616608,0.009897
33.072739124298096,3.4840529651759327,0.9455187505655622,1.9895620174067605,1.0260300773913136,0.3047772276454785,-89.67931372039898,-0.005618529475120898,0.009897
33.10263109207153,3.4732196069415227,0.9419615986577169,1.8180098898186243,1.0799494547639805,0.37628022673084965,-89.60781072131361,-0.00561404971617478,0.009897
33.12894678115845,3.4762917531707833,0.945842128014356,1.7700753153203932,1.1769522844721476,0.45161169609200325,-89.53247925195245,-0.005609330098422915,0.009897
33.15523099899292,3.4771002127226476,0.9241758399089995,1.7555084595943553,0.9139900448843641,0.2765889195039597,-89.70750202854049,-0.005620295510492674,0.009897
33.18487477302551,3.4675603904842895,0.9369492483318259,1.521260983921752,0.9249782154322544,0.3444163586290221,-89.63967458941542,-0.005616046030315626,0.009897
33.21430802345276,3.4719260717192095,0.9442252407747657,1.4598194135275961,1.0437810561782959,0.4665726542096601,-89.51751829383478,-0.005608392774299069,0.009897
33.24221086502075,3.4741897583707435,0.9443869294982322,1.4699748820350687,1.1294121807691666,0.5299354383659773,-89.45415550967847,-0.005604423010753398,0.009897
33.271973609924316,3.4707942284152877,0.9350089837176525,1.3973368588283146,1.0461440787575431,0.49579604768758134,-89.48829490035686,-0.005606561889440486,0.009739
33.30004358291626,3.4664285472364997,0.9396979565620786,1.2439585813251917,1.0594613512616389,0.5897561493883555,-89.39433479865609,-0.005600675162847806,0.009739
33.328893184661865,3.4641648607845417,0.9400213340030029,1.0834292239768692,1.073721714060033,0.7194681087172575,-89.26462283932719,-0.005592548534347533,0.009739
33.354950189590454,3.467398698590858,0.9388895129616759,1.0470080501028556,1.0664200158887045,0.744205019350119,-89.23988592869432,-0.005590998733666101,0.009739
33.38495206832886,3.4619011743907215,0.933068719119135,0.8923992903905189,0.9724199317862207,0.8066120623344286,-89.17747888571002,-0.00558708884858875,0.009739
33.4159677028656,3.462709633810414,0.9312901432508962,0.8031605019104466,0.8794593775321486,0.8068431138695645,-89.17724783417488,-0.005587074372899691,0.009739
33.445332050323486,3.4682071580609866,0.9342005401330354,0.86980728915945,0.8588314366480034,0.6750901727618773,-89.30900077528257,-0.005595328871650154,0.009739
33.472662925720215,3.469177309434939,0.9345239175665562,0.9392448538675807,0.849330149961572,0.5781031196052396,-89.40598782843921,-0.005601405240817794,0.009739
33.49846315383911,3.461739482507672,0.929673256109339,0.8131675843829984,0.7686051709903069,0.581541604978626,-89.40254934306583,-0.005601189815090069,0.009739
33.52667737007141,3.4630330175803667,0.9319368981105548,0.7552932450813586,0.7466655887271995,0.6245349053902537,-89.3595560426542,-0.0055984962270643115,0.009739
33.55335021018982,3.4606076393346283,0.934038851416438,0.6578191779278075,0.7634066485207966,0.9069623211421659,-89.0771286269023,-0.005580801770069114,0.009739
33.58334922790527,3.4631947094657876,0.9392128904015098,0.6503468292612586,0.8541377420401067,1.0979394742902595,-88.8861514737542,-0.005568836794875585,0.00958
33.611127853393555,3.46109271497844,0.9382427580833161,0.5957490926568797,0.9028346914369715,1.3012497756647423,-88.68284117237971,-0.005556099131377962,0.00958
33.63779664039612,3.46109271497844,0.9306433883929726,0.5575306770338319,0.8208731655619704,1.358773544486147,-88.62531740355831,-0.0055524951899868545,0.00958
33.66404747962952,3.46157779062492,0.9215888205638001,0.5421701919635098,0.6252284880653052,0.9820223192647456,-89.00206862877971,-0.005576099160355026,0.00958
33.69524550437927,3.468853925642434,0.9353323611522604,0.7023039479246102,0.6981537658139032,0.5841932469681564,-89.3998977010763,-0.005601023686157346,0.00958
33.727649450302124,3.468368849955903,0.9419615986577169,0.8030051702909013,0.8504360366597897,0.7581851302364854,-89.22590581780797,-0.005590122860938916,0.00958
33.76337909698486,3.4675603904842895,0.9495609687069988,0.8545086814093271,1.073083022186039,0.9646970473310306,-89.01939390071342,-0.005577184611915546,0.00958
33.79009795188904,3.471279304115186,0.9443869294982322,0.9779029255106908,1.149923556974589,0.8877792443404814,-89.09631170370398,-0.005582003615600291,0.00958
33.82089805603027,3.465458395892825,0.9472973265393515,0.927570015080138,1.2481563808480554,1.0145022230798055,-88.96958872496465,-0.005574064250749196,0.009429
33.85397005081177,3.467722082378019,0.9359791160227809,0.9455015416554855,1.1440798346798997,0.9171901803293742,-89.06690076771508,-0.0055801609809514605,0.009429
33.8832631111145,3.4664285472364997,0.9432551084362638,0.9276738593042427,1.1823373732748703,0.9676779289324494,-89.01641301911201,-0.005576997855678855,0.009429
33.912641763687134,3.4649733202249937,0.9403447114443637,0.8810172623683618,1.1646732015214905,1.008298374647375,-88.97579257339709,-0.0055744529301874155,0.009429
33.94439911842346,3.462062866274067,0.9408297776072234,0.7800032076261475,1.1597156893849108,1.136964107522705,-88.84712684052175,-0.005566391849179906,0.009429
33.9758186340332,3.467722082378019,0.942770042268489,0.8422047764376712,1.1858750634025348,1.0715726238851195,-88.91251832415934,-0.005570488713473327,0.009429
34.004732608795166,3.4695006932286327,0.9359791160227809,0.9275180328960928,1.100482912468037,0.8978910318630169,-89.08619991618144,-0.005581370098528353,0.009429
34.03593182563782,3.4644882445598326,0.9390512016815384,0.8695157775780565,1.0876219907879097,0.9578125993617082,-89.02627834868275,-0.005577615931829034,0.009429
34.06375455856323,3.4685305418511163,0.9416382212141727,0.9238509199768629,1.1181255220560617,0.9181983008688457,-89.06589264717562,-0.005580097820845406,0.00927
34.094701290130615,3.4646499364479233,0.9398596452824862,0.8707462672958263,1.1123174975925345,0.9784600562386794,-89.00563089180578,-0.005576322340918969,0.00927
34.1278932094574,3.459637488055005,0.9453570618413294,0.7158514820594877,1.1922025062060828,1.2505123651475156,-88.73357858289694,-0.005559277898304872,0.00927
34.153602838516235,3.4638414770104373,0.940668088886161,0.7061593170172091,1.1765170666321996,1.2573298856299044,-88.72676106241455,-0.005558850771488347,0.00927
34.18345880508423,3.465781779672863,0.9419615986577169,0.7449444267477555,1.1852903472325977,1.2042947091981417,-88.77979623884632,-0.005562173496536501,0.00927
34.213459730148315,3.4667519310200983,0.9451953731172064,0.7948788165654673,1.2408143648754653,1.1668567275441306,-88.81723422050032,-0.005564519036379368,0.00927
34.24394416809082,3.465458395892825,0.9327453416875694,0.7994531388185129,1.0895577041743327,1.0566350772545188,-88.92745587078994,-0.005571424570836059,0.00927
34.27412724494934,3.46481162833631,0.942608353546116,0.7874652892531547,1.134295337703184,1.109712944563585,-88.87437800348087,-0.005568099171147093,0.00927
34.30205798149109,3.4678837742720443,0.9464888829132583,0.8512257024771944,1.2248709468810706,1.086370583259365,-88.89772036478509,-0.005569561601439719,0.009119
34.33334684371948,3.4685305418511163,0.9456804392899043,0.9110478674062004,1.2759281928704274,1.0495447375559932,-88.93454621048846,-0.0055718687901429665,0.009119
34.35962390899658,3.4672370066977227,0.9464888829132583,0.9225436316236567,1.3240139454981434,1.0662228912739216,-88.91786805677053,-0.005570823881407972,0.009119
34.38584518432617,3.4678837742720443,0.943416797159074,0.9457805421365388,1.310760386906257,1.0342372124361505,-88.9498537356083,-0.0055728278271550595,0.009119
34.41235160827637,3.4640031688973414,0.9450336843931926,0.8709071278045315,1.3261742565700283,1.1232082640679362,-88.86088268397651,-0.005567253671251232,0.009119
34.43812155723572,3.4609310230968733,0.9422849761016979,0.7463438330291539,1.2949886522812875,1.257861081332823,-88.72622986671162,-0.005558817491363978,0.009119
34.46718120574951,3.4656200877826957,0.9413148437710653,0.7692761191460991,1.2583439130225629,1.2110552494884883,-88.77303569855596,-0.005561749939605552,0.009119
34.494678258895874,3.4670753148048843,0.9243375286189913,0.8195059389688675,0.973433320732527,0.8992411630505909,-89.08484978499385,-0.005581285510995754,0.009119
34.52211856842041,3.4698240770235143,0.9456804392899043,0.9192237846295905,1.099921854566444,0.9002361642862293,-89.08385478375821,-0.005581223172831709,0.009119
34.55034852027893,3.4693390013316376,0.9463271941883684,0.9776338696601192,1.1983403725949788,0.920696792473059,-89.06339415557139,-0.0055799412869900564,0.00896
34.58086085319519,3.4667519310200983,0.9461655054635881,0.957761426604115,1.264764199126248,0.9913232143176934,-88.99276773372675,-0.00557551644678562,0.00896
34.61176156997681,3.4732196069415227,0.9445486182218081,1.0957494762567725,1.2865695169030462,0.8750232259458123,-89.10906772209863,-0.005582802797288488,0.00896
34.640910387039185,3.4669136229123425,0.9485908363468024,1.0442398200805598,1.3635616416482486,0.9717135449672055,-89.01237740307724,-0.00557674501891304,0.00896
34.67083930969238,3.4762917531707833,0.9497226574340825,1.2284362665037725,1.4347400818018445,0.8685408060860583,-89.11555014195838,-0.005583208929600849,0.00896
34.70245623588562,3.4667519310200983,0.9461655054635881,1.1333231043947,1.4302439955710495,0.9367536468270082,-89.04733730121742,-0.005578935303494835,0.00896
34.7278208732605,3.474674834089369,0.9482674588942815,1.2528198732022442,1.4591955044932283,0.8658949813619343,-89.11819596668249,-0.005583374694074078,0.00896
34.75374221801758,3.472249455523005,0.9443869294982322,1.2795055741949413,1.420202294589618,0.8245797259422927,-89.15951122210214,-0.00558596315032689,0.00896
34.78025555610657,3.4727345312309263,0.9476207039905562,1.3095779721986842,1.4422897693810963,0.8183539281141875,-89.16573701993025,-0.005586353204924234,0.00896
34.80693459510803,3.471279304115186,0.9515012334392531,1.2964514290632583,1.517010268688234,0.8696374973404074,-89.11445345070403,-0.005583140220420525,0.00896
34.83626747131348,3.470470844616842,0.9557051404134785,1.268275503702705,1.6335121584938543,0.9467331718890746,-89.03735777615536,-0.005578310072843721,0.00896
34.86360311508179,3.4737046826547955,0.945842128014356,1.3245017376603094,1.564446177083061,0.876918404379262,-89.10717254366517,-0.005582684061813748,0.008801
34.89209342002869,3.473057915037693,0.952471365811316,1.3486702248652387,1.617334570968901,0.8887685190671601,-89.09532242897727,-0.005581941636209722,0.008801
34.92042922973633,3.4724111474253476,0.9576454051959397,1.3503982894549955,1.7333688044543167,0.9409426610243906,-89.04314828702005,-0.005578672856128066,0.008801
34.948068141937256,3.471764379817758,0.9448719956692884,1.3364180583258831,1.6195310127783367,0.8972012638850295,-89.0868896841594,-0.0055814133134187704,0.008801
34.97500681877136,3.4735429907500737,0.9450336843931926,1.3684040567446758,1.5423136946804785,0.8378875480190617,-89.14620340002537,-0.005585129397396742,0.008801
35.002347230911255,3.475644985534648,0.9568369615346499,1.440161355156256,1.6685085100379349,0.8605217936241046,-89.12356915442032,-0.005583711331503915,0.008801
35.02999234199524,3.473866374559814,0.9537648756468946,1.448619302836561,1.7099312933171198,0.8751474959752195,-89.10894345206921,-0.005582795011604208,0.008801
35.06264543533325,3.4759683693521204,0.9581304713940381,1.5039069659127933,1.8055939187269845,0.887606074081912,-89.09648487396252,-0.005582014464949617,0.008801
35.0936119556427,3.4787171318486947,0.952471365811316,1.6071653083786814,1.7861379901196486,0.8285247640118477,-89.1555661840326,-0.005585715988392273,0.00865
35.12015700340271,3.471279304115186,0.9665382856526215,1.5047625643892528,1.9873336918060056,0.9567448600122059,-89.02734608803223,-0.005577682827133625,0.00865
35.149139404296875,3.4766151369906364,0.9557051404134785,1.5583971260679892,1.9627385546763003,0.9218409450314078,-89.06225000301303,-0.005579869604295281,0.00865
35.179949045181274,3.4743514502766546,0.9597473587282137,1.542776749993119,2.007250363884456,0.9451878338341622,-89.03890311421029,-0.005578406890348789,0.00865
35.21207666397095,3.475483293626358,0.9628194446936161,1.5584247711945427,2.0853222189869496,0.9640135675803838,-89.02007738046406,-0.005577227432840074,0.00865
35.239651679992676,3.469662385125925,0.966861663130092,1.432669498203246,2.2017009246167416,1.0593012579806704,-88.92478969006378,-0.005571257531031956,0.00865
35.267303466796875,3.4725728393279884,0.9633045109023335,1.4129952498945741,2.228845020290625,1.0762710612293191,-88.90781988681513,-0.005570194350062075,0.00865
35.29648303985596,3.478878823762936,0.9691253054848334,1.5473245765413386,2.3367347939447582,1.0418953594065146,-88.94219558863794,-0.0055723480339598085,0.00865
35.32466435432434,3.4706325365159163,0.9513395447109607,1.447684175956528,2.140652649740466,1.0344169054392822,-88.94967404260518,-0.005572816569147024,0.008499
35.35458946228027,3.48178927827021,0.9608791798687141,1.6399612747380587,2.149074184074052,0.9466293838107577,-89.03746156423371,-0.005578316575306254,0.008499
35.38081979751587,3.4732196069415227,0.966861663130092,1.5732893699505333,2.2463273001777124,1.0058129554960635,-88.9782779925484,-0.005574608645036029,0.008499
35.40669250488281,3.473057915037693,0.9673467293471311,1.522821567468378,2.3218118903684375,1.0492948704888447,-88.93479607755562,-0.0055718844446503825,0.008499
35.43322038650513,3.476130061261303,0.9681551730444189,1.5596460204116456,2.386996785066145,1.049569687067945,-88.93452126097651,-0.005571867227022527,0.008499
35.459495544433594,3.468692233746627,0.967185040608007,1.4107395588958254,2.417811393482589,1.1242885253956862,-88.85980242264877,-0.005567185991427882,0.008499
35.48990178108215,3.478878823762936,0.9631428221659837,1.5457455928422041,2.3776532122313347,1.0532014641836507,-88.93088948386081,-0.005571639691307487,0.008499
35.51812434196472,3.474513142182863,0.954896696758807,1.537718145921763,2.2236165380606114,1.0151091584833456,-88.96898178956111,-0.005574026225430838,0.008499
35.54333186149597,3.4804957429217307,0.9487525250732274,1.6726052978991108,2.021963692572368,0.8869213884458333,-89.09716955959863,-0.005582057361424489,0.008499
35.57154726982117,3.479363899507448,0.960394113664979,1.7404440183126983,2.058584505341391,0.8705299524781639,-89.1135609955663,-0.005583084306907269,0.008499
35.60243535041809,3.4762917531707833,0.9608791798687141,1.715779205266252,2.091626482994701,0.8928048558333307,-89.09128609221113,-0.005581688754289118,0.008499
35.629677057266235,3.4790405156774757,0.9472973265393515,1.7630708146839256,1.9073484290621296,0.8026118808098833,-89.18147906723458,-0.005587339465334901,0.00834
35.6616952419281,3.479202207592313,0.9503694123435154,1.7999724106656803,1.8252673775038446,0.7521713336608452,-89.23191961438361,-0.005590499633373002,0.00834
35.68949246406555,3.48017235908759,0.9511778559827785,1.8485883443361595,1.7801563220911651,0.7123127244048811,-89.27177822363957,-0.005592996828786876,0.00834
35.7204053401947,3.475483293626358,0.9537648756468946,1.772492887234657,1.7880847617543798,0.7470363004642281,-89.23705464758022,-0.005590821350100907,0.00834
35.75062036514282,3.4751599098106696,0.9534414981873396,1.7116311288133155,1.788696397188597,0.7738607218770149,-89.21023022616744,-0.005589140764064859,0.00834
35.78123068809509,3.4813042025122964,0.9529564319988326,1.813331733254865,1.7817171335100994,0.7270333478209907,-89.25705760022346,-0.005592074561954935,0.00834
35.80952072143555,3.476130061261303,0.9497226574340825,1.7630031364621863,1.7274489261051327,0.722450344955157,-89.26164060308929,-0.005592361693241047,0.00834
35.84077286720276,3.4751599098106696,0.952633054540378,1.7049883032725444,1.7339056314384462,0.7511341304602895,-89.23295681758415,-0.005590564615546841,0.00834
35.86804795265198,3.474513142182863,0.9594239812604946,1.6491880432229944,1.8421290451632473,0.8272534049443999,-89.15683754310004,-0.005585795640745727,0.00819
35.90186309814453,3.4790405156774757,0.9519862996247896,1.7164570012536557,1.8043051701728319,0.7790014630358028,-89.20508948500864,-0.005588818689725456,0.00819
35.93416380882263,3.475644985534648,0.9539265643768375,1.6837984163125348,1.80745809157909,0.7954282053842769,-89.18866274266017,-0.005587789532250491,0.00819
35.96205735206604,3.477423596545475,0.9544116305673265,1.7027095689068867,1.8170725450761829,0.7910581841472337,-89.19303276389721,-0.0055880633199514515,0.00819
35.98764252662659,3.4819509701901104,0.9629811334297445,1.8222765193116173,1.954666882083156,0.797834085225874,-89.18625686281857,-0.00558763880064648,0.00819
36.01577091217041,3.4732196069415227,0.947782392716323,1.7009100411519928,1.8188841167303451,0.792696753130516,-89.19139419491393,-0.005587960661403479,0.00819
36.042404651641846,3.477585288457336,0.9579687826612282,1.718485175613948,1.8793917589049176,0.8114590160305787,-89.17263193201386,-0.00558678518042854,0.00819
36.07749128341675,3.479687283338612,0.9607174911340249,1.780154871526874,1.963722424249152,0.8193126571488923,-89.16477829089554,-0.005586293139262303,0.00819
36.10626745223999,3.4767768289010093,0.9536031869170621,1.7549692103488423,1.9141118970991156,0.8098828033868386,-89.1742081446576,-0.005586883932268073,0.00803
36.13810181617737,3.4735429907500737,0.945842128014356,1.6613898631607542,1.7608659941067395,0.7839532817511892,-89.20013766629324,-0.00558850845163092,0.00803
36.16696763038635,3.475483293626358,0.9610408686035138,1.6414539504118804,1.8856926613721607,0.8506917812996861,-89.13339916674475,-0.005584327194981168,0.00803
36.19830298423767,3.4777469803694943,0.9527947432695504,1.6806633814223573,1.847145382281136,0.8148355376332062,-89.16925541041124,-0.0055865736368142915,0.00803
36.22548508644104,3.477585288457336,0.9527947432695504,1.7043125138032311,1.8201622869174219,0.7914161946526879,-89.19267475339176,-0.005588040890112352,0.00803
36.251108169555664,3.479202207592313,0.9605558023994467,1.758841600049208,1.9197926576195679,0.810559727821295,-89.17353122022315,-0.005586841522042909,0.00803
36.27989602088928,3.473057915037693,0.954896696758807,1.652708128537461,1.9031141498323751,0.8529254120330975,-89.13116553601135,-0.005584187255015177,0.00803
36.30861020088196,3.478070364194704,0.964112954585746,1.6961362447842137,2.0321799592938903,0.8842153352872512,-89.0998756127572,-0.005582226899290045,0.00803
36.33513903617859,3.482274354030805,0.9400213340030029,1.8252701314633244,1.7546247396826071,0.7060843264537036,-89.27800662159075,-0.005593387046285423,0.00803
36.361799240112305,3.4787171318486947,0.964436332059887,1.8321195242640602,1.9331756447418296,0.7844021378312643,-89.19968881021319,-0.005588480330194535,0.00788
36.389451026916504,3.4743514502766546,0.957483716463461,1.7343824287303617,1.9519884198890949,0.8351820756828165,-89.14890887236163,-0.005585298898873,0.00788
36.417075634002686,3.475483293626358,0.9707421928944262,1.6925487463106266,2.1676265370214303,0.9351942528081011,-89.04889669523635,-0.005579033001624931,0.00788
36.444215059280396,3.475644985534648,0.9536031869170621,1.6670626378524145,2.056844776039706,0.9078070627739853,-89.07628388527047,-0.005580748845871099,0.00788
36.4715473651886,3.4737046826547955,0.9633045109023335,1.603652731565106,2.1274457162866995,0.9638275337996648,-89.0202634142448,-0.0055772390881063455,0.00788
36.50296640396118,3.4706325365159163,0.9684785505241124,1.4871138844731686,2.2558787358465,1.062650511073209,-88.92144043697125,-0.005571047695826497,0.00788
36.53400468826294,3.478878823762936,0.9612025573384241,1.5992076207463548,2.234670716833388,1.0007058695297013,-88.98338507851476,-0.005574928610832415,0.00788
36.5640971660614,3.474998217903272,0.9518246108961674,1.5865339730567993,2.076615204194553,0.9542450268072082,-89.02984592123725,-0.005577839445042066,0.00788
36.5898003578186,3.4737046826547955,0.9542499418370533,1.5472826662081405,2.0030133877344185,0.9473193986273644,-89.0367715494171,-0.005578273344951062,0.00788
36.619794607162476,3.47338129884565,0.952471365811316,1.5122118131174205,1.924331618424849,0.9351365434579879,-89.04895440458647,-0.005579036617193239,0.007722
36.6480712890625,3.472087763620958,0.9451953731172064,1.4572824630465775,1.758143254710036,0.8920910716101071,-89.09199987643434,-0.005581733473829563,0.007722
36.674134969711304,3.480010667170966,0.9495609687069988,1.604907911571414,1.7084780748212136,0.7816349554399247,-89.20245599260453,-0.005588653697888642,0.007722
36.7031135559082,3.482112662110309,0.9516629221676552,1.7576128286920885,1.7058112186403358,0.705189788721198,-89.27890115932325,-0.005593443090276041,0.007722
36.732765436172485,3.4779086722819503,0.9534414981873396,1.7657720655519822,1.7311049170087616,0.7148051439892326,-89.26928580405522,-0.0055928406753517285,0.007722
36.76243042945862,3.481627586350607,0.9534414981873396,1.8588253279535332,1.7488105058666632,0.6837325702443084,-89.30035837780014,-0.005594787413838132,0.007722
36.789583921432495,3.477423596545475,0.9532798094577272,1.8252284070555196,1.7587352819046955,0.7028802574789155,-89.28121069056553,-0.005593587785510874,0.007722
36.82036638259888,3.4751599098106696,0.9508544785267434,1.7485459926878846,1.7286455828954808,0.7214961466351071,-89.26259480140934,-0.005592421475047619,0.007722
36.845921754837036,3.4741897583707435,0.9482674588942815,1.6720834874472565,1.6680766156203313,0.7252785158009969,-89.25881243224345,-0.005592184504538337,0.007722
36.87318992614746,3.4777469803694943,0.9503694123435154,1.7021040573471276,1.657777108094588,0.704703359192371,-89.27938758885207,-0.0055934735657394655,0.00757
36.90125060081482,3.482759429794082,0.9550583854895207,1.8408400088662837,1.722172401344203,0.6772655659202126,-89.30682538212423,-0.005595192580346475,0.00757
36.92939877510071,3.4838912732521576,0.9516629221676552,1.9645374619287705,1.7153972472064227,0.6248113018773117,-89.35927964616714,-0.0055984789104531,0.00757
36.95605993270874,3.479202207592313,0.9540882531068904,1.940999063737082,1.7476916816718309,0.650165275229029,-89.33392567281543,-0.005596890449963402,0.00757
36.98908090591431,3.4811425105935876,0.9569986502666871,1.940999063737082,1.7476916816718309,0.650165275229029,-89.33392567281543,-0.005596890449963402,0.00757
37.01475977897644,3.4808191267570634,0.9411531550496756,1.940999063737082,1.7476916816718309,0.650165275229029,-89.33392567281543,-0.005596890449963402,0.00757
37.04012751579285,3.4813042025122964,0.9516629221676552,1.940999063737082,1.7476916816718309,0.650165275229029,-89.33392567281543,-0.005596890449963402,0.00757
37.06979727745056,3.480010667170966,0.9510161672547061,1.940999063737082,1.7476916816718309,0.650165275229029,-89.33392567281543,-0.005596890449963402,0.00757
37.09774088859558,3.484538040949045,0.9466505716382577,1.940999063737082,1.7476916816718309,0.650165275229029,-89.33392567281543,-0.005596890449963402,0.00757
37.12491273880005,3.4838912732521576,0.9469739490885853,1.940999063737082,1.7476916816718309,0.650165275229029,-89.33392567281543,-0.005596890449963402,0.00757
37.153274059295654,3.4877718795050456,0.9503694123435154,1.940999063737082,1.7476916816718309,0.650165275229029,-89.33392567281543,-0.005596890449963402,0.00757
37.180933713912964,3.478878823762936,0.9555434516823238,1.940999063737082,1.7476916816718309,0.650165275229029,-89.33392567281543,-0.005596890449963402,0.007478
37.210339307785034,3.48017235908759,0.9516629221676552,1.940999063737082,1.7476916816718309,0.650165275229029,-89.33392567281543,-0.005596890449963402,0.007478
37.23709225654602,3.4811425105935876,0.9396979565620786,1.940999063737082,1.7476916816718309,0.650165275229029,-89.33392567281543,-0.005596890449963402,0.007478
37.263843297958374,3.482597737872691,0.9400213340030029,1.940999063737082,1.7476916816718309,0.650165275229029,-89.33392567281543,-0.005596890449963402,0.007478
37.29065799713135,3.478878823762936,0.9443869294982322,1.940999063737082,1.7476916816718309,0.650165275229029,-89.33392567281543,-0.005596890449963402,0.007478
37.31722950935364,3.485184808650702,0.949399279980025,1.940999063737082,1.7476916816718309,0.650165275229029,-89.33392567281543,-0.005596890449963402,0.007478
37.34385395050049,3.4877718795050456,0.9400213340030029,1.940999063737082,1.7476916816718309,0.650165275229029,-89.33392567281543,-0.005596890449963402,0.007478
37.37450885772705,3.482759429794082,0.9416382212141727,1.940999063737082,1.7476916816718309,0.650165275229029,-89.33392567281543,-0.005596890449963402,0.007478
37.40060114860535,3.48324450556004,0.9408297776072234,1.940999063737082,1.7476916816718309,0.650165275229029,-89.33392567281543,-0.005596890449963402,0.007478
37.42778539657593,3.475483293626358,0.9317752093954774,1.940999063737082,1.7476916816718309,0.650165275229029,-89.33392567281543,-0.005596890449963402,0.007478
37.454712867736816,3.4829211217157696,0.936302493458694,1.940999063737082,1.7476916816718309,0.650165275229029,-89.33392567281543,-0.005596890449963402,0.007478
37.482216596603394,3.481465894431303,0.942608353546116,1.940999063737082,1.7476916816718309,0.650165275229029,-89.33392567281543,-0.005596890449963402,0.007478
37.512418031692505,3.4882569552987372,0.9392128904015098,1.940999063737082,1.7476916816718309,0.650165275229029,-89.33392567281543,-0.005596890449963402,0.007478
37.5396523475647,3.477585288457336,0.9348472950005118,1.940999063737082,1.7476916816718309,0.650165275229029,-89.33392567281543,-0.005596890449963402,0.007478
37.56670355796814,3.4834061974826227,0.9354940498697273,1.940999063737082,1.7476916816718309,0.650165275229029,-89.33392567281543,-0.005596890449963402,0.007478
