Relative_Time_s,Raw_S1_V,Raw_S2_V,Norm_S1,Norm_S2,Phase_rad,Unwrapped_Phase_rad,Calculated_Distance_mm,Stage_Position_mm
0.022507667541503906,3.4340901748556636,0.8139041641936581,0.183945310745167,0.10968963720519138,0.5005875773768648,-1.9408502999095538,-0.00012159687852694406,0.010322
0.04814910888671875,3.43554540135906,0.8181080688448383,0.19909661878943152,0.1597614614084092,0.6423086895003284,-1.79912918778609,-0.00011271786047161886,0.010322
0.07406377792358398,3.43700062788631,0.814227541472122,0.23553985635523264,0.11821599301611015,0.43602326151202137,-2.005414615774397,-0.0001256419196482291,0.010322
0.10137343406677246,3.4357070931942433,0.8189165120547346,0.23808361424391683,0.1816873575637898,0.6235264611831488,-1.8179114161032692,-0.00011389459230676134,0.010322
0.1298811435699463,3.4339284830234256,0.8124489664455052,0.2082852962522079,0.0984577374257475,0.4082980844229672,-2.0331397928634507,-0.00012737893923742298,0.010322
0.15739083290100098,3.438779238118689,0.8093768823370032,0.27355088018597223,-0.020441293845529323,-0.0918055285639683,-2.5332434058503863,-0.0001587111024043051,0.010322
0.18490338325500488,3.4360304768654926,0.8121255891692339,0.2704329579958962,-0.049415297244139365,-0.19527481027522875,-2.636712687561647,-0.00016519359189878113,0.010322
0.2117464542388916,3.4344135585210243,0.8169762483551846,0.23954227731960917,0.0260475814539605,0.0847214077076878,-2.35671646957873,-0.00014765145270975708,0.010322
0.24225735664367676,3.4403961565427075,0.8160061165108082,0.3241389034888005,0.05972266018536162,0.16386051555274334,-2.2775773617336745,-0.00014269328129189223,0.010322
0.2709953784942627,3.44136630761127,0.8119639005312479,0.40058142399183466,0.003507981238755476,-0.004584628695258476,-2.4460225059816763,-0.00015324659585949817,0.010322
0.30083394050598145,3.4308563382668087,0.8129340323606592,0.267488308041298,-0.016693357961988557,-0.08111892450544833,-2.522556801791866,-0.0001580415723042093,0.010322
0.33634233474731445,3.4357070931942433,0.8059814209956616,0.26044753042414676,-0.16806833561769005,-0.5816237246976257,-3.0230616019840433,-0.0001893988703884339,0.010322
0.36539292335510254,3.429239420016508,0.8101853255199691,0.1406864490726461,-0.19105209841976323,-0.9391439517693718,-3.3805818290557896,-0.00021179799288860535,0.010322
0.3923757076263428,3.431664797402988,0.8116405232555741,0.09991589252935794,-0.17841732845639757,-1.0607877101729364,-3.502225587459354,-0.00021941913776250338,0.010322
0.4227871894836426,3.433605099359831,0.8153593619498886,0.10582626411744062,-0.09616873428397195,-0.7485400530465016,-3.1899779303329194,-0.00019985640258622764,0.010322
0.4509110450744629,3.431988181059519,0.8111554573428102,0.08125538986986769,-0.12157344155396514,-0.985237006812184,-3.4266748840986017,-0.00021468578470605658,0.010322
0.47944021224975586,3.4339284830234256,0.8190782006970141,0.09850553919034723,0.017026242788215126,0.13140758221360493,-2.3100302950728127,-0.00014472650116117636,0.010322
0.5111536979675293,3.4313414137476337,0.8139041641936581,0.06464762882348443,0.0119183612553275,0.1220148713193267,-2.319423005967091,-0.00014531496711638346,0.010322
0.5384275913238525,3.427784193616377,0.8151976733099081,-0.022210801725633302,0.03387475913613805,0.0,-2.319423005967091,-0.00014531496711638346,0.0
0.567732572555542,3.428916036369977,0.8187548234125551,-0.06291601006379456,0.11945700442630794,2.058724415057778,-0.38271346222863967,-2.397751252603602e-05,0.0
0.5936968326568604,3.4339284830234256,0.8124489664455052,-0.00241444076320846,0.05489649022950728,1.5850540692014663,-0.8563838080849515,-5.365359599810474e-05,0.0
0.6228070259094238,3.437970778917733,0.814227541472122,0.11170699619362658,0.044810513190878816,0.3439169994483795,-2.097520877838038,-0.00013141250069729064,0.0
0.6534876823425293,3.429886187313099,0.8163294937918674,0.04805132843715481,0.07923969117906601,0.9870389743977287,-1.454398902888689,-9.112004503001498e-05,0.010366
0.6870155334472656,3.427137426335072,0.8100236368831771,-0.045311465050528535,-0.02112796897719487,-2.6148621454655037,1.2268852844276652,7.686601120343917e-05,0.010366
0.7141046524047852,3.434736942187562,0.8160061165108082,0.024262808173911198,0.02669977488354848,0.0,1.2268852844276652,7.686601120343917e-05,0.010366
0.7457947731018066,3.4303712627886305,0.8121255891692339,-0.004547163127454242,-0.016416549133786366,0.0,1.2268852844276652,7.686601120343917e-05,0.010366
0.7740669250488281,3.432958332036175,0.8169762483551846,0.021218871351266686,0.0491467051312076,1.1028000208619817,-1.3386378564244352,-8.386745996164482e-05,0.010366
0.8023431301116943,3.425358816335726,0.8101853255199691,-0.09567313047997358,-0.039001569895534126,-2.709680939200937,1.1320664906922322,7.092548640126554e-05,0.010366
0.8288469314575195,3.418729452105699,0.8181080688448383,-0.29520086840861853,0.05567761643789695,2.9686555638444916,0.5272176865580751,3.30308962997539e-05,0.010366
0.8566765785217285,3.429239420016508,0.8151976733099081,-0.24826743011030275,0.0645062377639352,2.9023996508265433,0.4609617735401268,2.8879874344422946e-05,0.010366
0.8828113079071045,3.4248737408875276,0.8190782006970141,-0.29292598106699,0.14728201831074098,2.684775994472415,0.24333811718599874,1.5245459929506188e-05,0.010525
0.9087197780609131,3.4250354327033,0.8215035303432267,-0.3213161535539182,0.2530974062828975,2.4789988190016716,0.03756094171525515,2.353243455881346e-06,0.010525
0.9368038177490234,3.429401111840215,0.8116405232555741,-0.2636773163883909,0.13248732483546422,2.686646882729303,0.2452090054428866,1.536267359205444e-05,0.010525
0.9646162986755371,3.4331200238666475,0.8174613142787219,-0.15730142248762505,0.1629538851149438,2.3420799726219235,-0.09935790466449301,-6.224906199485383e-06,0.010525
0.992023229598999,3.4264906590584694,0.8163294937918674,-0.20054164366885535,0.16194005152590785,2.469065775219006,0.027627897932589462,1.7309249193616042e-06,0.010525
1.0189769268035889,3.425520508152379,0.8140658528328402,-0.24803467779567068,0.11654951673404712,2.7155064927974677,0.2740686155110512,1.7170766931328018e-05,0.010525
1.04841947555542,3.428430960902385,0.8208567757686985,-0.22960516322111746,0.21881869737852744,2.383052595924344,-0.05838528136207266,-3.6579163090920745e-06,0.010525
1.077230453491211,3.426814042696183,0.808568439156522,-0.2454126357072595,0.04785393161427929,2.972224883347099,0.5307870060606823,3.32545189614309e-05,0.010525
1.111867904663086,3.4269757345154805,0.8134190982767101,-0.2536070532021775,0.02392327535837853,3.073198537278145,0.6317606599917287,3.9580654022979604e-05,0.010525
1.1382102966308594,3.4222866718751046,0.8208567757686985,-0.34259672744643493,0.1539803284155609,2.728891704808582,0.28745382752216564,1.8009368444823787e-05,0.010525
1.1654422283172607,3.4285926527246215,0.8151976733099081,-0.2929277846790978,0.13331813614830654,2.7257042837016257,0.28426640641520917,1.7809672230656802e-05,0.010525
1.1941447257995605,3.429239420016508,0.8198866439099136,-0.2466762714996356,0.2114077943268307,2.434327999751685,-0.007109877534731357,-4.4544337859157196e-07,0.010676
1.223656415939331,3.432149872888226,0.820048332552794,-0.1626255716496846,0.2692620444871378,2.1032031424250643,-0.33823473486135214,-2.1190860506060462e-05,0.010676
1.2521965503692627,3.4331200238666475,0.8260308124098952,-0.0865652011705359,0.42784513009885944,1.7537005504062468,-0.6877373268801694,-4.30876673996909e-05,0.010676
1.2797071933746338,3.4310180300934556,0.8237671713667161,-0.070643516196514,0.49417243708650266,1.696949407452498,-0.744488469833918,-4.6643202742284706e-05,0.010676
1.3067429065704346,3.432796640205997,0.8139041641936581,-0.02791938923557732,0.3459206972641295,1.62628664133724,-0.8151512359491759,-5.107031996409995e-05,0.010676
1.3352839946746826,3.4250354327033,0.8198866439099136,-0.13581153927193454,0.36022958710790753,1.9182989370801857,-0.5231389402062305,-3.277535736163458e-05,0.010676
1.362811803817749,3.4318264892311063,0.8210184644121803,-0.09076188590990522,0.392586236087432,1.7808154860566758,-0.6606223912297402,-4.138888025639355e-05,0.010676
1.391329050064087,3.4303712627886305,0.8216652189871094,-0.08506444898612574,0.42800184818170034,1.7501341256431302,-0.6913037516432858,-4.331110870205016e-05,0.010676
1.4188365936279297,3.431988181059519,0.8226353508525123,-0.05236810930264716,0.4719417134199922,1.66316547614093,-0.778272401145486,-4.875981142253521e-05,0.010676
1.4468071460723877,3.425520508152379,0.8174613142787219,-0.14431320373931442,0.40057195712411925,1.9054291119433293,-0.5360087653430865,-3.358166919511406e-05,0.010825
1.4733216762542725,3.428107577258793,0.8223119735636433,-0.1627417579610526,0.4463578107476558,1.910607172304878,-0.530830704981538,-3.3257256757525374e-05,0.010825
1.499541997909546,3.428107577258793,0.8219885962751756,-0.17564174591628773,0.47202492936003687,1.9180425401805832,-0.5233953371058329,-3.279142097182496e-05,0.010825
1.5330312252044678,3.434251866688197,0.8195632666244533,-0.07558082890449884,0.44211957071030183,1.7217652438380682,-0.7196726334483481,-4.5088457256421474e-05,0.010825
1.5601098537445068,3.434575250354146,0.8194015779818734,0.00020343998011328968,0.4179943302260793,1.5428258731761908,-0.8986120041102255,-5.629924920625609e-05,0.010825
1.5870516300201416,3.428107577258793,0.8179463802031591,-0.06158010735745847,0.37238325711139947,1.712786061348606,-0.7286518159378104,-4.565101510155425e-05,0.010825
1.6150710582733154,3.4287543445471518,0.8171379369962637,-0.09334533731406096,0.32449805890261485,1.8339290028807456,-0.6075088744056707,-3.8061247077422385e-05,0.010825
1.6436352729797363,3.4248737408875276,0.8221502849193592,-0.18448051610963387,0.3899145925295617,2.008480364560672,-0.43295751272574456,-2.712536978493065e-05,0.010825
1.6700689792633057,3.432473256546523,0.8240905486573925,-0.11334691603618535,0.4740040397556891,1.7914997790943046,-0.6499380981921119,-4.0719494944861125e-05,0.010825
1.7048721313476562,3.425358816335726,0.820048332552794,-0.18986918165118213,0.4530794162873357,1.9620163945498839,-0.47942148273653284,-3.003639992339351e-05,0.010977
1.7348639965057373,3.431988181059519,0.8169762483551846,-0.12573142216815772,0.37779388092599236,1.8799891699448332,-0.5614487073415835,-3.517551573601827e-05,0.010977
1.7606432437896729,3.4224483636861796,0.813580786915593,-0.2502129726232913,0.25807272923300506,2.3618987964202476,-0.0795390808661689,-4.983230264940596e-06,0.010977
1.7869305610656738,3.424550357256864,0.8006456961189835,-0.30002948717599703,-0.08105121926826409,-2.7927404170270074,1.0490070128661624,6.57216985376685e-05,0.010977
1.8134710788726807,3.4290777281930955,0.8211801530557621,-0.25451827656585907,0.0868811610732908,2.883334345538761,0.44189646825234474,2.7685407356801292e-05,0.010977
1.8435325622558594,3.424550357256864,0.8205333984820361,-0.3030431999357603,0.19166786952752052,2.6143354755401824,0.17289759825376638,1.0832266792262826e-05,0.010977
1.870309829711914,3.4229334391211643,0.8185931347704759,-0.36571877773126354,0.22672069228075678,2.6174013310852073,0.1759634537987913,1.1024346760669935e-05,0.010977
1.8960497379302979,3.4285926527246215,0.8153593619498886,-0.30911321987847257,0.18742788023203608,2.6343083797960807,0.19287050250966464,1.2083596074458326e-05,0.010977
1.9248807430267334,3.426167275421931,0.8181080688448383,-0.3125515282966209,0.21417823152719756,2.5726369463958187,0.1311990691094027,8.219797925727518e-06,0.010977
1.9533426761627197,3.424226973627375,0.8227970394970973,-0.3494081024763246,0.32545667123082445,2.4072019971801395,-0.03423588010627654,-2.14492387936356e-06,0.011135
1.9800152778625488,3.4250354327033,0.8263541897033871,-0.3608536385404734,0.4735643478427099,2.2251655916737194,-0.21627228561269662,-1.3549749222604725e-05,0.011135
2.0076746940612793,3.421478212824134,0.8058197323614511,-0.43202340260185834,0.17192056918139415,2.803527964747233,0.36209008746081706,2.2685430392460116e-05,0.011135
2.0391829013824463,3.431503105575164,0.8153593619498886,-0.30385181703954506,0.14906779406248225,2.736001444794231,0.2945635675078151,1.8454803205780603e-05,0.011135
2.07060170173645,3.4285926527246215,0.8150359846700277,-0.2658063473942749,0.12668787272502768,2.75686780729679,0.315429930010374,1.9762108847354854e-05,0.011135
2.098947525024414,3.4232568227459557,0.8155210505899687,-0.33391135470662897,0.12059639592308749,2.852172259493743,0.41073438220732683,2.573306080455107e-05,0.011135
2.1265251636505127,3.426328967240053,0.8100236368831771,-0.3270394094518304,0.007821724343619434,-3.0785379628855902,0.76320946700758,4.781609836403107e-05,0.011135
2.153167486190796,3.425358816335726,0.8192398893393937,-0.3394539270421573,0.11079434834197756,2.884856376658401,0.44341849937198585,2.7780764651064456e-05,0.011135
2.1789679527282715,3.4287543445471518,0.8129340323606592,-0.2878570110933633,0.0584070990102669,3.0254109684987394,0.5839730912123242,3.658669864360901e-05,0.011294
2.204871892929077,3.4295628036642154,0.8163294937918674,-0.2373851033371402,0.08875730125264353,2.863963561667477,0.42252568438106186,2.6471801725559236e-05,0.011294
2.2299418449401855,3.427137426335072,0.8226353508525123,-0.24511696729253768,0.23447053056965025,2.3927059491947946,-0.048731928091620524,-3.053120758884236e-06,0.011294
2.261597156524658,3.426652350877179,0.8164911824325468,-0.259141711797389,0.21519319273610144,2.471297531842974,0.029859654556558812,1.8707474698793594e-06,0.011294
2.2882988452911377,3.4264906590584694,0.81778469156158,-0.27182984618568484,0.22723097145876253,2.4664239517099222,0.024986074423507088,1.5654111276289369e-06,0.011294
2.3156702518463135,3.4274608099751367,0.8095385709733975,-0.2634866607697208,0.07289145928488955,2.9591814551818176,0.5177435778954025,3.243733066501136e-05,0.011294
2.341600179672241,3.4258438917865672,0.8109937687054213,-0.28635456335383025,-0.006422795382698921,-3.0080298614564347,0.8337175684367364,5.223352563549354e-05,0.011294
2.371242046356201,3.425358816335726,0.8168145597142055,-0.31097453477353093,0.05295084335916171,3.057065426323341,0.6156275490369265,3.85698929492769e-05,0.011294
2.3977854251861572,3.4358687850297205,0.8056580437273396,-0.14160564601363745,-0.12570037321933375,-2.215590343700529,1.626157086192642,0.00010188092594504107,0.011294
2.4299185276031494,3.4340901748556636,0.8087301277924196,-0.05462637245298748,-0.19011792850671666,-1.7024603195236767,2.1392871103694944,0.00013402921127197653,0.011294
2.4591264724731445,3.432958332036175,0.8072749300729164,-0.013836575176590812,-0.2639336208148744,-1.5300484869176048,2.3116989429755663,0.0001448310441938589,0.011294
2.4867231845855713,3.435060325855278,0.807759995978524,0.052036858093390356,-0.30603013757922914,-1.3417198138078632,2.500027616085308,0.00015663008855515406,0.011445
2.5140886306762695,3.43635386053792,0.8106703914309421,0.12111476962245021,-0.27805089183557025,-1.1223041985406752,2.719443231352496,0.00017037677160319865,0.011445
2.544088840484619,3.437485703400696,0.8045262232913337,0.18956500267743076,-0.3797420126366384,-1.0839998760683425,2.7577475538248284,0.00017277658886213004,0.011445
2.570671558380127,3.434575250354146,0.8111554573428102,0.18580552208747717,-0.3200747364008251,-1.0231842035297485,2.8185632263634224,0.00017658677244329263,0.011445
2.5990312099456787,3.426167275421931,0.813580786915593,0.03389159107956494,-0.23043530289576497,-1.3460768166813661,2.4956706132118045,0.00015635711647215742,0.011445
2.6300547122955322,3.435060325855278,0.8088918164284165,0.08544657447274143,-0.26024088998075545,-1.2024935253695206,2.63925390452365,0.00016535280255518963,0.011445
2.65765118598938,3.432958332036175,0.808568439156522,0.08421448767142206,-0.28748777953721505,-1.2357729377824647,2.6059744921107058,0.00016326780266168243,0.011445
2.6887171268463135,3.4318264892311063,0.8066281755334956,0.06325633295044703,-0.3448584736439458,-1.3382208027653368,2.5035266271278336,0.0001568493062973582,0.011445
2.7162718772888184,3.4332817156974147,0.8066281755334956,0.07442294549854775,-0.3850179595186544,-1.3343776534326866,2.5073697764604836,0.00015709008476573618,0.011597
2.742959499359131,3.4287543445471518,0.8124489664455052,0.0018567996851276258,-0.2982359845319627,-1.4916545521152482,2.350092877777922,0.00014723647578564683,0.011597
2.7701542377471924,3.4251971245193658,0.8158444278704285,-0.11209739383949213,-0.1704673253907676,-2.0049151129730935,1.8368323169200766,0.00011508001216029094,0.011597
2.801229953765869,3.4303712627886305,0.8143892301115035,-0.09999930453681817,-0.10975266837703508,-2.1015693066943686,1.7401781231988016,0.00010902449708342319,0.011597
2.8274142742156982,3.427784193616377,0.8064664868988883,-0.13746365507783198,-0.2236353851038552,-2.0072244163850894,1.8345230135080808,0.000114935331199331,0.011597
2.8548433780670166,3.426167275421931,0.8164911824325468,-0.19239683293618826,-0.1054809482353531,-2.502623273256124,1.339124156637046,8.389792732323536e-05,0.011597
2.883605480194092,3.4230951309334134,0.8169762483551846,-0.28539550771137556,-0.013198374239892037,-3.0174468012735023,0.8243006286196679,5.164354170572576e-05,0.011597
2.9096286296844482,3.4218015964436423,0.8103470141568607,-0.37346108486964985,-0.07945163613817653,-2.865510835909869,0.9762365939833013,6.116253403865151e-05,0.011597
2.937096118927002,3.4285926527246215,0.7943398395851419,-0.31453283487533773,-0.441786352377134,-2.1308195729449295,1.7109278569482407,0.00010719192860953524,0.011748
2.963709592819214,3.4274608099751367,0.8168145597142055,-0.29337875285246207,-0.25180364653694576,-2.3510713318191674,1.4906760980740028,9.339286004127701e-05,0.011748
2.9907290935516357,3.421639904633741,0.8192398893393937,-0.38192016954694025,-0.07094341127441661,-2.8971851151462893,0.9445623147468809,5.917809789490617e-05,0.011748
3.019253969192505,3.4232568227459557,0.8119639005312479,-0.41519103021349996,-0.08795826878309586,-2.876137337884136,0.965610092009034,6.049676941487218e-05,0.011748
3.0464956760406494,3.4258438917865672,0.8150359846700277,-0.39254762196447035,-0.039230371266876264,-2.9877750499024653,0.8539723799907049,5.3502516788612775e-05,0.011748
3.07478928565979,3.424226973627375,0.8205333984820361,-0.4054053680438219,0.10338979688940211,2.916441236211654,0.4750033589252376,2.9759598531537528e-05,0.011748
3.1054060459136963,3.423903589999061,0.8171379369962637,-0.4201474166075412,0.13620263674721306,2.8460914401346784,0.4046535628482619,2.5352089303048375e-05,0.011748
3.133457899093628,3.4300478791379825,0.8224736622080275,-0.3213759471791623,0.26449077594884435,2.437872711099778,-0.003565166186638269,-2.2336245085219824e-07,0.011748
3.162339448928833,3.414687157085465,0.8223119735636433,-0.5249631630254372,0.35110098392496336,2.5483745940864,0.10693671679998351,6.699728960756931e-06,0.011748
3.1892552375793457,3.421639904633741,0.8284561421209024,-0.544029256668007,0.5330047305736746,2.3540129487607375,-0.08742492852567896,-5.477289214247565e-06,0.011897
3.2198128700256348,3.4218015964436423,0.8226353508525123,-0.554504709139292,0.5454437310943749,2.3521856319635397,-0.08925224532287679,-5.5917730663146015e-06,0.011897
3.246117115020752,3.4247120490720486,0.8181080688448383,-0.5101628895648419,0.4647893271308369,2.3910929386339084,-0.05034493865250811,-3.1541780373585546e-06,0.011897
3.2736282348632812,3.4258438917865672,0.8216652189871094,-0.4590279235104097,0.47854401191208235,2.3189408760311037,-0.12249700125531282,-7.674601684762253e-06,0.011897
3.304241418838501,3.4243886654419726,0.8258691237633001,-0.4490707659640606,0.5711510177876704,2.2164024629865056,-0.22503541429991092,-1.4098771006791189e-05,0.011897
3.3301870822906494,3.426167275421931,0.8232821054314547,-0.410521810556543,0.5849120900319847,2.1584302655797782,-0.28300761170663824,-1.773080705116532e-05,0.011897
3.3578431606292725,3.4334434075284754,0.8004840074880376,-0.2543509415021394,0.14454484409125104,2.637289033944802,0.1958511566583856,1.2270338060931856e-05,0.011897
3.384526252746582,3.4274608099751367,0.8198866439099136,-0.25125142749124685,0.21926648988689187,2.4032331077401894,-0.03820476954622709,-2.393580134376648e-06,0.011897
3.4135119915008545,3.4258438917865672,0.8176230029201009,-0.27778990005887744,0.22689079005664956,2.4423024168035465,0.0008645395171300585,5.4164562125737146e-08,0.011897
3.440716505050659,3.4272991181549575,0.8155210505899687,-0.27052951174197504,0.19073843805522428,2.5232334679192316,0.08179559063281516,5.124603633099147e-06,0.011897
3.4694764614105225,3.4295628036642154,0.8150359846700277,-0.22525585379116053,0.1558573235199449,2.532834569452248,0.09139669216583135,5.72612554176435e-06,0.012048
3.4965033531188965,3.4303712627886305,0.8129340323606592,-0.17921022650299395,0.08995118163484624,2.714672400379742,0.2732345230933255,1.7118509920881017e-05,0.012048
3.524036169052124,3.431988181059519,0.8184314461284966,-0.11827015356446804,0.15232752133833669,2.1281931874574376,-0.3132446898289789,-1.962520061445215e-05,0.012048
3.5503745079040527,3.4334434075284754,0.8106703914309421,-0.04977478160767635,0.04279946940672511,0.0,-0.3132446898289789,-1.962520061445215e-05,0.012048
3.5764613151550293,3.4353837095241717,0.8121255891692339,0.03262174062029509,-0.0051467629675590746,-0.4147603219214143,-2.8561981992078307,-0.000178944654048865,0.012048
3.603919506072998,3.434898634021273,0.8176230029201009,0.08168686564477606,0.06980151305853026,0.3399730463119418,-2.1014648309744746,-0.00013165959465939045,0.012048
3.6329658031463623,3.4300478791379825,0.8080833732494253,0.029908050397467693,-0.06603256529047445,-0.9280094131362802,-3.3694472904226966,-0.00021110039908568047,0.012048
3.6654772758483887,3.42972449548851,0.8119639005312479,-0.012078746959481763,-0.08452067659433561,-1.3287862870877296,-3.770224164374146,-0.00023620960862160082,0.012048
3.69376802444458,3.437809087078426,0.8163294937918674,0.10207116825561505,-0.011292141670589926,-0.2606988875338134,-2.7021367648202297,-0.00016929249822634284,0.0122
3.7267932891845703,3.438294162597231,0.8097002596098913,0.19058854972371309,-0.09088323059638533,-0.471917772687271,-2.9133556499736875,-0.0001825256451217002,0.0122
3.756352424621582,3.4318264892311063,0.812772343722175,0.13771817638705863,-0.08595869559514661,-0.5660416217590001,-3.0074794990454166,-0.00018842263070714018,0.0122
3.782872438430786,3.4339284830234256,0.8129340323606592,0.13802948975237037,-0.07932003174572148,-0.5379487404426386,-2.9793866177290553,-0.0001866625739541507,0.0122
3.8114051818847656,3.4353837095241717,0.8072749300729164,0.16408473057230152,-0.18637509308218073,-0.809502382180161,-3.250940259466578,-0.00020367577440008188,0.0122
3.8444597721099854,3.4339284830234256,0.8072749300729164,0.15648607768203512,-0.2613136360176949,-0.975500214789433,-3.41693809207585,-0.0002140757616059299,0.0122
3.8709867000579834,3.4308563382668087,0.8069515528030077,0.09662156562443827,-0.3201535946303336,-1.2005675546719479,-3.642005431958365,-0.00022817653279335836,0.0122
3.898972749710083,3.420669753780499,0.8082450618850249,-0.1261448249747806,-0.3358096513810489,-1.8137224145785682,-4.255160291864986,-0.00026659150844693933,0.0122
3.9265289306640625,3.4313414137476337,0.8029093369625987,-0.09260762609209454,-0.4520880366966228,-1.6869331959571694,-4.128371073243587,-0.0002586479935782496,0.0122
3.955713987350464,3.439426005484759,0.8075983073432221,0.07440908910440021,-0.44092971798219716,-1.3342819927517922,-3.7757198700382095,-0.00023655392196410025,0.0122
3.983325719833374,3.432473256546523,0.810832080068132,0.06787580761365428,-0.3692891087946351,-1.3084858948805642,-3.7499237721669814,-0.00023493776177932813,0.01235
4.016200065612793,3.4290777281930955,0.806789864168202,0.003015429786860036,-0.3989279148501395,-1.4761311885752082,-3.9175690658616253,-0.00024544096463528846,0.01235
4.043314695358276,3.4339284830234256,0.8134190982767101,0.04373756713226289,-0.28882401716671463,-1.3157165170513112,-3.757154394337728,-0.00023539076997156815,0.01235
4.071906805038452,3.437485703400696,0.8093768823370032,0.13540096093427598,-0.29153852206025643,-1.0652957104828154,-3.5067335877692325,-0.000219701570037731,0.01235
4.100977182388306,3.4331200238666475,0.814874296030247,0.1220533716382444,-0.1849280379350468,-0.909726972406107,-3.351164849692524,-0.00020995497961425272,0.01235
4.130468368530273,3.428107577258793,0.8109937687054213,0.023714844803228056,-0.1868964434366573,-1.2877864376925543,-3.729224314978971,-0.0002336409129799223,0.01235
4.1599860191345215,3.4339284830234256,0.8176230029201009,0.05822715764372051,-0.05742326326984141,-0.6744924684410887,-3.115930345727506,-0.00019521722193901455,0.01235
4.18751859664917,3.431503105575164,0.8033944028601802,0.03932357513236278,-0.24764309732584125,-1.2954563886439636,-3.7368942659303808,-0.0002341214457104423,0.01235
4.214911460876465,3.434575250354146,0.8087301277924196,0.0806365228059322,-0.27547783538127485,-1.1930096891697592,-3.6344475664561764,-0.0002277030223668018,0.01251
4.244980812072754,3.43554540135906,0.8119639005312479,0.1267804672319882,-0.2311323656578864,-0.9914328105941036,-3.432870687880521,-0.0002150739601361152,0.01251
4.273512125015259,3.4353837095241717,0.814227541472122,0.15621041480807077,-0.15540968593029894,-0.7310884302297559,-3.172526307516173,-0.00019876303497315368,0.01251
4.304356813430786,3.4260055836041023,0.8109937687054213,0.010304202764697583,-0.1662335970333411,-1.3291421494610054,-3.7705800267474223,-0.00023623190387733363,0.01251
4.329931259155273,3.4264906590584694,0.8074366187080197,-0.08321770599221637,-0.24402309950168494,-1.756733986449768,-4.198171863736185,-0.0002630211068693719,0.01251
4.358331918716431,3.4272991181549575,0.812772343722175,-0.13432897589529125,-0.1931566038288607,-2.0182629850449003,-4.459700862331317,-0.0002794062499558467,0.01251
4.384726524353027,3.432958332036175,0.807759995978524,-0.06962839758619557,-0.25648622568901736,-1.6989235655973627,-4.14036144288378,-0.0002593992063434483,0.01251
4.411339998245239,3.426814042696183,0.814874296030247,-0.1334288997628194,-0.16039143047517726,-2.0859350869328956,-4.527372964219313,-0.0002836459980463208,0.01251
4.438152313232422,3.4248737408875276,0.8101853255199691,-0.2125390098237648,-0.18567826482000133,-2.2988858677287722,-4.740323745015189,-0.00029698765053021446,0.01251
4.470073461532593,3.4264906590584694,0.8009690733811715,-0.23920795480415316,-0.3852939366999872,-2.0437751240099336,-4.4852130012963505,-0.00028100461973369005,0.01251
4.499328851699829,3.426652350877179,0.813580786915593,-0.25500540305551195,-0.27608874310517845,-2.2208525127487913,-4.662290390035208,-0.0002920987560147576,0.01266
4.529865741729736,3.4226100554975476,0.8012924506437545,-0.3378339461398635,-0.44219829308643127,-2.157323066354825,-4.598760943641242,-0.0002881185508560129,0.01266
4.554888010025024,3.4308563382668087,0.8100236368831771,-0.24940245105088552,-0.3861345579630401,-2.0625231076955317,-4.503960984981949,-0.0002821792060966615,0.01266
4.581856966018677,3.426167275421931,0.8185931347704759,-0.2707539901173257,-0.17774100696263345,-2.464454947878661,-4.905892825165077,-0.00030736077581851827,0.01266
4.6103835105896,3.425358816335726,0.808568439156522,-0.3000541335080198,-0.22973786142453992,-2.4019984190831636,-4.84343629636958,-0.00030344779038861955,0.01266
4.636124849319458,3.429886187313099,0.8119639005312479,-0.24018146235404497,-0.19911438388818217,-2.3408414002211706,-4.7822792775075875,-0.0002996162210017491,0.01266
4.6621692180633545,3.4287543445471518,0.8164911824325468,-0.2183662858116899,-0.08831624738438565,-2.6465319146796444,-5.087969791966062,-0.00031876814238135186,0.01266
4.6912243366241455,3.4251971245193658,0.8088918164284165,-0.26625355368723286,-0.16075755112279136,-2.501368300180621,-4.942806177467038,-0.00030967344692771874,0.01266
4.719250440597534,3.420993137397073,0.810832080068132,-0.37441578239322326,-0.1731685919930518,-2.6453605875694053,-5.086798464855823,-0.0003186947571643953,0.01266
4.746269702911377,3.4211548292058,0.8147126073905661,-0.44725852942975497,-0.10526057626018426,-2.8706576233782464,-5.312095500664665,-0.00033280991911016975,0.012813
4.771818161010742,3.421963288253836,0.8158444278704285,-0.4838943869888316,-0.03538453960051246,-3.0448478320284,-5.486285709314818,-0.00034372316968019203,0.012813
4.7995383739471436,3.42131652101482,0.8210184644121803,-0.5210227395837916,0.11565634739153582,2.9196525608630632,-5.804970623602942,-0.0003636892076651249,0.012813
4.8290581703186035,3.428430960902385,0.8168145597142055,-0.4206968064728021,0.13840624330112603,2.80870214281495,-5.915921041651055,-0.0003706404004008752,0.012813
4.858118295669556,3.4326349483761125,0.8187548234125551,-0.2758275058623272,0.19262904334180608,2.47003321839299,-6.254589966073015,-0.0003918584634661754,0.012813
4.888630151748657,3.426652350877179,0.8208567757686985,-0.2806390887962075,0.2720743660039507,2.30216656996118,-6.422456614504824,-0.0004023755344937757,0.012813
4.916928768157959,3.4300478791379825,0.8163294937918674,-0.22372011771121028,0.23832438814821633,2.23403616240536,-6.4905870220606445,-0.00040664399605000305,0.012813
4.946437835693359,3.4248737408875276,0.8226353508525123,-0.2757428623876384,0.3391674913965498,2.1816243903039942,-6.54299879416201,-0.0004099276639794093,0.012813
4.971969366073608,3.4282692690804413,0.8211801530557621,-0.2518717057278272,0.381034258538659,2.0788507191414136,-6.64577246532459,-0.0004163665725385634,0.01297
4.99803900718689,3.4256821999693265,0.8182697574866175,-0.28109490803332193,0.352894185755432,2.1734337900934126,-6.551189394372591,-0.00041044081608542963,0.01297
5.0246007442474365,3.4264906590584694,0.8203717098388552,-0.2871970835508379,0.37468549736375806,2.156631499486653,-6.567991684979351,-0.00041149350216326873,0.01297
5.053053617477417,3.431503105575164,0.8219885962751756,-0.20247339370383075,0.4218543099913055,1.9342452890746724,-6.790377895391331,-0.00042542629698767806,0.01297
5.079071998596191,3.4303712627886305,0.8232821054314547,-0.16326250444185259,0.48040439457453366,1.814659324201794,-6.9099638602642095,-0.0004329185183325455,0.01297
5.109567165374756,3.4308563382668087,0.8248989918858424,-0.1272024418622437,0.5533043486411351,1.7180553287299116,-7.006567855736092,-0.0004389708884216551,0.01297
5.140100955963135,3.428430960902385,0.8223119735636433,-0.14502259806770018,0.5532704848095662,1.7502917108067482,-6.974331473659255,-0.0004369512357798578,0.01297
5.171119451522827,3.4368389360487708,0.8205333984820361,-0.008214409013988006,0.5181403961429096,1.4926102598307212,-7.232012924635282,-0.0004530953248393998,0.01297
5.200357437133789,3.436515552374576,0.8203717098388552,0.08180969620083897,0.4903578446349909,1.3041433267632994,-7.420479857702704,-0.00046490303137277484,0.01297
5.22973108291626,3.4331200238666475,0.8084067505207239,0.08453948632484637,0.23473984539826104,1.0245538275540682,-7.700069356911935,-0.0004824196890842626,0.01297
5.256049394607544,3.4376473952394133,0.8111554573428102,0.1668331179592232,0.11006256422359795,0.4048282841987809,-8.319794900267222,-0.0005212463268826178,0.013123
5.288561820983887,3.438779238118689,0.7990288098139662,0.24453435538087245,-0.2165732266848535,-0.6796867382021978,-9.404309922668201,-0.0005891926499172606,0.013123
5.315092086791992,3.4332817156974147,0.8100236368831771,0.2013175611998587,-0.22819701148193927,-0.783597980267371,-9.508221164733374,-0.0005957028288216159,0.013123
5.34893536567688,3.4258438917865672,0.8058197323614511,0.03900839202488593,-0.31931238234586246,-1.325244975081766,-10.049868159547769,-0.0006296377406672123,0.013123
5.376027345657349,3.424226973627375,0.8092151937007083,-0.10331615825127247,-0.3160718669910092,-1.743320907364335,-10.467944091830338,-0.0006558307594462349,0.013123
5.407384395599365,3.4251971245193658,0.803879468758652,-0.18571846439495643,-0.4191226522201523,-1.8825386302196425,-10.607161814685647,-0.0006645529368009869,0.013123
5.434851169586182,3.4260055836041023,0.8163294937918674,-0.2290460126774162,-0.24551352460865433,-2.1832882689188247,-10.907911453384829,-0.0006833953056769537,0.013123
5.462812662124634,3.4208314455886395,0.8203717098388552,-0.3512413167387961,-0.04419989989110535,-2.950176267567139,-11.674799452033144,-0.0007314418689898254,0.013123
5.490274429321289,3.425358816335726,0.814874296030247,-0.35639526214300704,-0.011791002416634448,-3.0558693077218466,-11.78049249218785,-0.0007380636799380651,0.013271
5.520428657531738,3.4243886654419726,0.8132574096379267,-0.37722790300688663,-0.02101966781773374,-3.0335377265916783,-11.758160911057683,-0.0007366645763811724,0.013271
5.551188707351685,3.4235802063719207,0.8160061165108082,-0.4061648173689889,0.02677558569517054,3.107902176766523,-11.899906314879068,-0.0007455451163440047,0.013271
5.5793633460998535,3.4339284830234256,0.807921684613925,-0.24268860587682348,-0.09934220373448861,-2.61015573701653,-11.334778921482535,-0.0007101391259848877,0.013271
5.60533881187439,3.431503105575164,0.8106703914309421,-0.171317459332018,-0.13336933814425844,-2.2617773309998515,-10.986400515465856,-0.0006883127508544645,0.013271
5.633191108703613,3.4358687850297205,0.8101853255199691,-0.04384569320456528,-0.166762800188356,-1.5407878547560214,-10.265411039222027,-0.0006431417916279278,0.013271
5.659659385681152,3.4303712627886305,0.8093768823370032,-0.05222311409237464,-0.20609567017540248,-1.5842365839333312,-10.308859768399337,-0.0006458639128776551,0.013271
5.691215991973877,3.426814042696183,0.800160630226442,-0.12124520131714739,-0.4155435664476029,-1.7370374346955177,-10.461660619161524,-0.0006554370914426424,0.013271
5.717833042144775,3.427137426335072,0.8043645346580148,-0.16381903587856636,-0.4791783741116697,-1.7993866441123119,-10.524009828578318,-0.0006593433531692982,0.013271
5.745798826217651,3.4308563382668087,0.8090535050645127,-0.12759201386794072,-0.4311695505304599,-1.7450694766967263,-10.469692661162732,-0.0006559403096638467,0.013271
5.772436141967773,3.4193762193259394,0.8139041641936581,-0.30606083480993995,-0.30181869406774503,-2.2576440011836754,-10.98226718564968,-0.0006880537921889802,0.013271
5.798832893371582,3.4230951309334134,0.8111554573428102,-0.3649603090229965,-0.2655284134026063,-2.422292176633018,-11.146915361099023,-0.0006983692215606992,0.01343
5.82831072807312,3.42972449548851,0.7982203666651564,-0.2884865985538067,-0.49544435690518374,-2.0105150812169854,-10.73513826568299,-0.0006725708333728958,0.01343
5.855125427246094,3.4313414137476337,0.8198866439099136,-0.2062468675974233,-0.2287259508106103,-2.1490649986277264,-10.87368818309373,-0.0006812511718194504,0.01343
5.882234334945679,3.424550357256864,0.8109937687054213,-0.26925321365789207,-0.21755498244954663,-2.3380447079459534,-11.062667892411957,-0.0006930910044737755,0.01343
5.9097113609313965,3.426652350877179,0.8168145597142055,-0.27603708425314233,-0.0948416875876346,-2.71258827972143,-11.437211464187433,-0.0007165566623879138,0.01343
5.938862562179565,3.4326349483761125,0.8095385709733975,-0.17456570030856536,-0.15255940204759139,-2.2223225772857194,-10.946945761751723,-0.0006858408575328046,0.01343
5.965747594833374,3.438779238118689,0.8103470141568607,0.005555182593423086,-0.17700435560356534,-1.2634777941344262,-9.988100978600428,-0.0006257679438060348,0.01343
6.001389980316162,3.437485703400696,0.8045262232913337,0.10867329175709863,-0.3090094372742328,-1.098137791232307,-9.822760975698309,-0.0006154091705150341,0.01343
6.02848219871521,3.429401111840215,0.8132574096379267,0.03731529532933661,-0.22907257221804675,-1.2062064387062783,-9.93082962317228,-0.0006221798164530933,0.01359
6.061723470687866,3.425358816335726,0.8033944028601802,-0.0844056336953404,-0.36779761358958424,-1.6567462619555526,-10.381369446421553,-0.000650406741611487,0.01359
6.087737083435059,3.431179721920398,0.8042028460247949,-0.06626100558279426,-0.4489476963557147,-1.6015534277672692,-10.326176612233269,-0.0006469488364064007,0.01359
6.121135950088501,3.4260055836041023,0.8045262232913337,-0.14542579150890006,-0.49936977580074177,-1.7537098148607202,-10.478332999326721,-0.0006564816384568026,0.01359
6.147708177566528,3.426167275421931,0.7928846419447384,-0.197970328437907,-0.7644524521866052,-1.7581280201789888,-10.48275120464499,-0.0006567584449551799,0.01359
6.178631544113159,3.427784193616377,0.8071132414379124,-0.20604337180862833,-0.6691592766706624,-1.795470683823913,-10.520093868289914,-0.0006590980129967317,0.01359
6.208117723464966,3.420022986550873,0.8109937687054213,-0.34949353331483984,-0.5258583105515846,-2.084007702841659,-10.80863088730766,-0.0006771752448438568,0.01359
6.242266654968262,3.42762250179561,0.8232821054314547,-0.31498042849390334,-0.1829944398054894,-2.5332327673744484,-11.25785595184045,-0.0007053197986024841,0.01359
6.272679090499878,3.4248737408875276,0.824413925948471,-0.33962507993552354,0.0793506960967899,2.865909146303388,-12.1418993453422,-0.0007607063047834035,0.01374
6.305975437164307,3.419537911131733,0.8203717098388552,-0.4516131680516519,0.1832050546027056,2.706523507819858,-12.30128498382573,-0.0007706920291447951,0.01374
6.335531949996948,3.4258438917865672,0.8208567757686985,-0.4180431184511715,0.2654775738865884,2.5078866420570365,-12.499921849588551,-0.000783136895623297,0.01374
6.361933708190918,3.4323115647172275,0.8155210505899687,-0.27971155109813894,0.2177491867361829,2.3682549305024203,-12.639553561143167,-0.0007918850099261915,0.01374
6.390790939331055,3.42762250179561,0.8118022118933612,-0.266133040942239,0.11093506048756799,2.6547769791180706,-12.353031512527517,-0.0007739340186815644,0.01374
6.422011852264404,3.4282692690804413,0.8216652189871094,-0.2451448307160187,0.2308460252617999,2.254871194693432,-12.752937296952155,-0.0007989886532884535,0.01374
6.449732065200806,3.4287543445471518,0.8182697574866175,-0.22184064366505574,0.2477624224616343,2.157787686343579,-12.850020805302007,-0.0008050710655035207,0.01374
6.486007452011108,3.436515552374576,0.8113171459802987,-0.06772866805491108,0.1223698574968698,1.6519079686528366,-13.35590052299275,-0.0008367651093894157,0.01374
6.514154672622681,3.440072772855545,0.8111554573428102,0.10330761437361208,0.03140357269262481,0.18320685497011072,-14.824601636675476,-0.0009287812071385251,0.01374
6.547155141830444,3.4318264892311063,0.8046879119247516,0.07662152164198005,-0.1599323982183497,-0.877519500597039,-15.885327992242626,-0.0009952371382395675,0.01374
6.573481559753418,3.4313414137476337,0.8080833732494253,0.04932881653962216,-0.2268463031842897,-1.1334868350749696,-16.141295326720556,-0.0010112738355978488,0.013896
6.6035614013671875,3.431503105575164,0.8088918164284165,0.03309473635949919,-0.25772859018272126,-1.2351325716484256,-16.242941063294012,-0.0010176420775397852,0.013896
6.629133462905884,3.424226973627375,0.8021008938019409,-0.1074557172170537,-0.41338873997364606,-1.6923506544417886,-16.700159146087376,-0.0010462874046298436,0.013896
6.659235954284668,3.4295628036642154,0.8074366187080197,-0.11110419762371034,-0.41703169955988967,-1.6999218008938277,-16.707730292539416,-0.0010467617471257493,0.013896
6.686992883682251,3.432149872888226,0.8092151937007083,-0.06772511993653692,-0.384475389040826,-1.5984432250266538,-16.606251716672244,-0.0010404039780266164,0.013896
6.712545394897461,3.425358816335726,0.8109937687054213,-0.15793392438146764,-0.326579589210702,-1.8719721328356769,-16.879780624481267,-0.0010575409315453969,0.013896
6.739602327346802,3.426328967240053,0.8126106550837903,-0.20385520822424116,-0.25413763597176575,-2.0985024996401953,-17.106310991285785,-0.0010717333633348434,0.013896
6.766074180603027,3.425520508152379,0.8168145597142055,-0.25035417298442497,-0.12044954505318944,-2.595305685013419,-17.60311417665901,-0.0011028587502781033,0.014048
6.793088912963867,3.428916036369977,0.8156827392301486,-0.2226163699449461,-0.04920830713963629,-2.8707902490484503,-17.87859874069404,-0.0011201182282865707,0.014048
6.819911956787109,3.4190528357152328,0.8179463802031591,-0.37831951005938724,0.04534141095539855,2.989785003675763,-18.301208795149414,-0.0011465953159106237,0.014048
6.847667217254639,3.4222866718751046,0.813580786915593,-0.42989544724651063,0.025356000253583564,3.0639226605800802,-18.227071138245098,-0.001141950492112886,0.014048
6.87369179725647,3.4331200238666475,0.8185931347704759,-0.2736541140882983,0.11030238378900382,2.6528445406457584,-18.638149258179418,-0.0011677050885477926,0.014048
6.9086596965789795,3.426814042696183,0.8106703914309421,-0.27624690131428875,0.013381873122186983,3.064890610627013,-18.226103188198163,-0.0011418898487421515,0.014048
6.9357945919036865,3.4290777281930955,0.8147126073905661,-0.23787046646265803,0.025324749320482155,2.9820965580268775,-18.3088972407983,-0.0011470770073587853,0.014048
6.965319633483887,3.425358816335726,0.8163294937918674,-0.27703566694972087,0.06559965646978251,2.833618196091412,-18.457375602733762,-0.001156379376192171,0.014048
6.994383811950684,3.437162319724144,0.8139041641936581,-0.0948819300877101,0.045919750832424666,2.1711754460540758,-19.119818352771098,-0.0011978823043732362,0.014048
7.023409366607666,3.4334434075284754,0.8111554573428102,-0.033403025173961556,-0.02211150197247801,0.0,-19.119818352771098,-0.0011978823043732362,0.014048
7.057437419891357,3.4282692690804413,0.8092151937007083,-0.08223381967822713,-0.10803125072964224,-1.7664970379127611,-16.774305529558347,-0.001050932775158705,0.014048
7.087014198303223,3.434736942187562,0.8084067505207239,-0.0015828400654673085,-0.18413252135698727,-1.2513818939163857,-16.259190385561972,-0.0010186601194083695,0.014207
7.115746974945068,3.4391026218011342,0.8105087027938517,0.13238481203283273,-0.1959140498010531,-0.7820257517904818,-15.789834243436069,-0.0009892543265954885,0.014207
7.143985748291016,3.4303712627886305,0.8087301277924196,0.07113823957379872,-0.23926750211392311,-1.059455149792575,-16.06726364143816,-0.0010066356510645808,0.014207
7.174868822097778,3.432796640205997,0.8097002596098913,0.07132783980362581,-0.2504659829067215,-1.0784869101949288,-16.086295401840513,-0.0010078280164200679,0.014207
7.202938795089722,3.4306946464404553,0.8092151937007083,0.034139985738934515,-0.2678793873836112,-1.2257171092842007,-16.233525600929784,-0.0010170521861744227,0.014207
7.231635570526123,3.432149872888226,0.8080833732494253,0.03394580841730398,-0.30240919559997054,-1.2637987553904746,-16.27160724703606,-0.0010194380524598885,0.014207
7.260347127914429,3.4229334391211643,0.8158444278704285,-0.12982647188413954,-0.1733885731383636,-1.9658040058693944,-16.973612497514978,-0.0010634196244398296,0.014207
7.288862466812134,3.427945885437438,0.8151976733099081,-0.1554718589443021,-0.09584009493944645,-2.387428812218886,-17.39523730386447,-0.0010898349849465183,0.014207
7.317753076553345,3.425520508152379,0.7940164623310312,-0.2164858284884834,-0.45964125178397247,-1.9025949858618159,-16.9104034775074,-0.0010594594944246364,0.014365
7.351414442062378,3.428107577258793,0.8119639005312479,-0.21326259528547878,-0.3600467571397711,-1.979169806054858,-16.986978297700443,-0.0010642570097763716,0.014365
7.3783860206604,3.4269757345154805,0.7956333486055158,-0.2311020249069284,-0.6126710240168658,-1.8451022997235507,-16.852910791369133,-0.001055857500405382,0.014365
7.411444425582886,3.420184678357839,0.8205333984820361,-0.3641637774572539,-0.2980186600355869,-2.380092778317587,-17.38790126996317,-0.0010893753725677543,0.014365
7.442259788513184,3.424550357256864,0.8155210505899687,-0.3797950505597525,-0.17669817700933835,-2.658328000964272,-17.666136492609855,-0.0011068071830333337,0.014365
7.475270748138428,3.420669753780499,0.8151976733099081,-0.45963645630370364,-0.09815681764911854,-2.923656970179457,-17.93146546182504,-0.0011234303993838384,0.014365
7.503672122955322,3.4287543445471518,0.8158444278704285,-0.3719847815764483,-0.03041190857276865,-3.0768382079601038,-18.08464669960569,-0.0011330274097065243,0.014365
7.534186840057373,3.431179721920398,0.8143892301115035,-0.26756640909954615,-0.011713876604441656,-3.13532923723372,-18.143137728879303,-0.0011366919512643308,0.014365
7.562712669372559,3.4269757345154805,0.808568439156522,-0.26911469457677556,-0.11351887017379617,-2.6751790452531226,-17.682987536898708,-0.001107862923594849,0.014517
7.596223831176758,3.434251866688197,0.8097002596098913,-0.14101189296684558,-0.16244194054863262,-2.0361713321246433,-17.04397982377023,-0.0010678282319575368,0.014517
7.626269102096558,3.439911081012406,0.8095385709733975,0.04913854326658719,-0.19987957912028778,-1.027577928287837,-16.035386419933424,-0.0010046385003151036,0.014517
7.660292625427246,3.436192168701559,0.814227541472122,0.11621513569539614,-0.13353273535398066,-0.5940491655664574,-15.601857657212044,-0.0009774773409505588,0.014517
7.691336154937744,3.4326349483761125,0.8137424755545757,0.10001085365542735,-0.09666441280457345,-0.47771724400289806,-15.485525735648483,-0.0009701889897903329,0.014517
7.719415903091431,3.4308563382668087,0.8003223188571905,0.05708890880583386,-0.3357501970921504,-1.2130904625618268,-16.220898954207414,-0.0010162611097952838,0.014517
7.745147466659546,3.4282692690804413,0.8051729778255998,-0.018889465892351947,-0.4073655693102723,-1.4576324295028562,-16.465440921148442,-0.001031581992529132,0.014517
7.772168159484863,3.4318264892311063,0.8097002596098913,-0.008916434544179007,-0.3681346299441666,-1.4176966353156337,-16.42550512696122,-0.0010290799613756282,0.014517
7.800196170806885,3.424550357256864,0.8098619482464846,-0.13112191052061845,-0.3374814830766515,-1.7765723959959019,-16.78438088764149,-0.0010515640098773273,0.014517
7.826694965362549,3.4229334391211643,0.805334666459414,-0.24537387514068,-0.40538598024303946,-2.0058771574140124,-17.0136856490596,-0.001065930261216293,0.014675
7.854709625244141,3.4224483636861796,0.8137424755545757,-0.33396268970404897,-0.286961684226919,-2.352951812100543,-17.36076030374613,-0.0010876749545744907,0.014675
7.8803980350494385,3.427784193616377,0.813580786915593,-0.30123802469492245,-0.20725616637402994,-2.4614741113198284,-17.469282602965414,-0.001094474022403806,0.014675
7.909758567810059,3.4269757345154805,0.8064664868988883,-0.29268482549353636,-0.29188783370174864,-2.2610070737619905,-17.268815565407575,-0.0010819144932037886,0.014675
7.940486907958984,3.4248737408875276,0.8169762483551846,-0.32401815783527194,-0.14368319406636673,-2.6852471344568567,-17.693055626102442,-0.001108493702908412,0.014675
7.9662370681762695,3.426167275421931,0.8192398893393937,-0.3229849848663515,0.0047409054549901655,3.056975257194349,-18.234018541630824,-0.001142385756267783,0.014675
7.99490213394165,3.4264906590584694,0.8224736622080275,-0.3165201373339481,0.1724675640442861,2.4929462276700862,-18.798047571155088,-0.0011777229326548173,0.014675
8.023802757263184,3.420669753780499,0.8234437940764414,-0.41534401704564056,0.30902516188852985,2.3897378737834747,-18.9012559250417,-0.001184189074670562,0.014675
8.049418449401855,3.424550357256864,0.8169762483551846,-0.4156212182716363,0.27695590284682603,2.4416860964784024,-18.84930770234677,-0.0011809344487341772,0.014675
8.075944185256958,3.423741898185344,0.8192398893393937,-0.43016932491328413,0.29918827329422,2.4257590835742713,-18.865234715250903,-0.001181932297488144,0.014675
8.10355019569397,3.428107577258793,0.8218269076310923,-0.3628410427828419,0.36581476368355137,2.2279722145265963,-19.06302158429858,-0.0011943239105306003,0.014675
8.129160165786743,3.427137426335072,0.8208567757686985,-0.3329361249045315,0.39330437024317383,2.1444198289444114,-19.146573969880762,-0.0011995585797272648,0.014827
8.155763149261475,3.4272991181549575,0.8169762483551846,-0.3091318691339092,0.33595134869507753,2.1707347757236994,-19.120259023101475,-0.001197909912961408,0.014827
8.182351112365723,3.4285926527246215,0.8227970394970973,-0.2695023838603193,0.4106978532483302,2.0098125248142242,-19.28118127401095,-0.0012079919081554905,0.014827
8.20872688293457,3.4331200238666475,0.810832080068132,-0.16137896971796703,0.22685019106673404,1.9323726871085645,-19.35862111171661,-0.0012128436180164107,0.014827
8.238303661346436,3.432473256546523,0.8064664868988883,-0.09717583356200543,0.011986616506783928,0.0,-19.35862111171661,-0.0012128436180164107,0.014827
8.2668936252594,3.433766791191481,0.8126106550837903,-0.029267130681855262,-0.017141291969526313,0.0,-19.35862111171661,-0.0012128436180164107,0.014827
8.291970491409302,3.4308563382668087,0.8092151937007083,-0.033405680230269234,-0.10455210372757168,-1.1851893786316623,-22.476183177456836,-0.0014081630694061905,0.014827
8.319307804107666,3.437485703400696,0.8071132414379124,0.081400687780514,-0.20722903274934043,-0.9088716089247689,-22.199865407749943,-0.0013908513899430958,0.014827
8.346823453903198,3.436192168701559,0.8106703914309421,0.1387986368551344,-0.2088901184546496,-0.7545304553243766,-22.04552425414955,-0.001381181709336132,0.014827
8.373779535293579,3.437485703400696,0.8087301277924196,0.20194370974030706,-0.24835075017144434,-0.7143113624534217,-22.005305161278596,-0.0013786619291395236,0.014978
8.405812978744507,3.434898634021273,0.8105087027938517,0.20021224402876867,-0.2408668099711745,-0.7015322620214456,-21.992526060846618,-0.0013778613013306798,0.014978
8.433399438858032,3.433605099359831,0.8106703914309421,0.17603371016700448,-0.2324365625099371,-0.7293732614724983,-22.020367060297673,-0.0013796055773464427,0.014978
8.460926532745361,3.4282692690804413,0.8151976733099081,0.0643718950604412,-0.1371736874995501,-0.7479833686603808,-22.038977167485555,-0.0013807715255616162,0.014978
8.488200664520264,3.42972449548851,0.8101853255199691,0.012045944304615464,-0.1694258447370667,-1.0924761846839022,-22.383469983509077,-0.001402354463259268,0.014978
8.516690254211426,3.4305329546143954,0.812772343722175,-0.01022815447577027,-0.14093852549362795,-1.1401961553847082,-22.431189954209884,-0.001405344183528207,0.014978
8.54325246810913,3.428430960902385,0.8169762483551846,-0.06314059689717405,-0.038018678320685895,0.0,-22.431189954209884,-0.001405344183528207,0.014978
8.569873332977295,3.427784193616377,0.814874296030247,-0.11166255973013103,-0.007464147317346673,0.0,-22.431189954209884,-0.001405344183528207,0.014978
8.595561742782593,3.4340901748556636,0.8210184644121803,-0.03366621205453562,0.1352006219897475,1.3420173738458097,-19.948976424979367,-0.0012498301714450254,0.015137
8.62180471420288,3.4303712627886305,0.82748601023378,-0.04509747728734599,0.36272554001801127,1.5089887186899247,-19.782005080135253,-0.0012393691923898989,0.015137
8.650590658187866,3.4248737408875276,0.8224736622080275,-0.15070701409092288,0.42305680823840597,1.757318265863698,-19.533675532961478,-0.0012238110126664304,0.015137
8.67648434638977,3.436192168701559,0.8221502849193592,-0.0236767544548872,0.45890571706461986,1.4759107069083162,-19.81508309191686,-0.0012414415742633017,0.015137
8.702303647994995,3.420993137397073,0.8216652189871094,-0.20461202293059708,0.47442548486573327,1.8440447697451525,-19.446949029080024,-0.001218377480694371,0.015137
8.730270147323608,3.4256821999693265,0.8171379369962637,-0.24801313007526343,0.39592761833065,1.98629414975995,-19.304699649065228,-0.0012094653659460062,0.015137
8.75778841972351,3.4264906590584694,0.8184314461284966,-0.26403983898018646,0.3665110270254008,2.0489667125243725,-19.242027086300805,-0.0012055388456977455,0.015137
8.784883737564087,3.4264906590584694,0.8219885962751756,-0.2752585352136457,0.41613218075446057,2.021704083563976,-19.269289715261202,-0.0012072468860253155,0.015137
8.816570043563843,3.426167275421931,0.8192398893393937,-0.28885324903123943,0.39661166782956486,2.0667999606602954,-19.224193838164883,-0.0012044215687457695,0.015137
8.847105026245117,3.43554540135906,0.8164911824325468,-0.13186237305403198,0.32869198881804024,1.752002842940769,-19.538990955884408,-0.0012241440310530153,0.015293
8.8771653175354,3.4305329546143954,0.8129340323606592,-0.11096397662685502,0.2109354473435064,1.7550103414654998,-19.535983457359677,-0.0012239556072303236,0.015293
8.904247283935547,3.4332817156974147,0.8139041641936581,-0.04753127120555843,0.14765480444403722,1.422451710517047,-19.86854208830813,-0.0012447908522012572,0.015293
8.942436933517456,3.4331200238666475,0.8045262232913337,-0.0059991908596344345,-0.0817480252409154,-0.8666981522890843,-22.15769195111426,-0.0013882091662312363,0.015293
8.970456600189209,3.4274608099751367,0.8160061165108082,-0.0774052020414934,-0.01573426450105224,0.0,-22.15769195111426,-0.0013882091662312363,0.015293
8.999552249908447,3.432796640205997,0.8046879119247516,-0.032652569327068164,-0.19292888425392218,-1.371761413839974,-22.66275521266515,-0.0014198520580431847,0.015293
9.025435447692871,3.4360304768654926,0.808568439156522,0.056090543336759974,-0.24036937552843032,-1.0756024975365555,-22.36659629636173,-0.0014012973040922509,0.015293
9.053789615631104,3.4247120490720486,0.8160061165108082,-0.08274621283160558,-0.12676920970231562,-1.6764694485826352,-22.96746324740781,-0.0014389424257487795,0.015293
9.07981824874878,3.42762250179561,0.8189165120547346,-0.1282573041556341,0.010197715660891025,2.8528410546022354,-24.721338051402526,-0.001548825038283477,0.015293
9.10815954208374,3.4295628036642154,0.8103470141568607,-0.12566530848071136,-0.06307437320763132,-2.351530948752175,-23.64252474757735,-0.0014812359355770015,0.015447
9.138374090194702,3.4318264892311063,0.814227541472122,-0.08365952435603059,-0.03776909121511674,0.0,-23.64252474757735,-0.0014812359355770015,0.015447
9.164000034332275,3.4303712627886305,0.8202100211957745,-0.0800927958983951,0.09802971404508115,1.6635022432335305,-25.910676862771233,-0.0016233387125117887,0.015447
9.19267201423645,3.429239420016508,0.8113171459802987,-0.09769177935313059,0.017556961605288433,0.0,-25.910676862771233,-0.0016233387125117887,0.015447
9.221290826797485,3.429886187313099,0.8184314461284966,-0.09852781444560411,0.10165156731764916,1.824345985018085,-25.74983312098668,-0.0016132616360198474,0.015447
9.251439571380615,3.432796640205997,0.8161678051512878,-0.04743839800994566,0.11583693967788358,1.3853471093252039,-26.18883199667956,-0.0016407655053103226,0.015447
9.278131008148193,3.431664797402988,0.8187548234125551,-0.03177150042844578,0.17683053080553784,1.3631862740797631,-26.210992831925,-0.0016421539114081659,0.015447
9.303857803344727,3.4300478791379825,0.8266775669972817,-0.049512805853816504,0.3759090285762354,1.5164044114448734,-26.05777469455989,-0.0016325545892769441,0.015447
9.332032442092896,3.4306946464404553,0.830719783204972,-0.05044846622125934,0.5950512155772439,1.5377923520068675,-26.036386753997895,-0.0016312146060692854,0.015447
9.3595449924469,3.4300478791379825,0.8271626329388786,-0.06258668190874132,0.6782379764781624,1.559592636977843,-26.01458646902692,-0.0016298487889304819,0.015447
9.387314319610596,3.4357070931942433,0.8247373032399514,0.02939503745911403,0.68859636647892,1.4277093756409611,-26.1464697303638,-0.0016381114524183695,0.015447
9.413870811462402,3.4287543445471518,0.8234437940764414,-0.02966273594248386,0.6703153235927685,1.5107930796169446,-26.063386026387818,-0.0016329061467539362,0.015596
9.441720247268677,3.432796640205997,0.8158444278704285,0.0007671569422358905,0.5075185902965522,1.432396327930622,-26.14178277807414,-0.0016378178085612136,0.015596
9.466660261154175,3.437970778917733,0.8215035303432267,0.11393411458743763,0.505263006672964,1.2214371801567978,-26.352741925847965,-0.001651034682560819,0.015596
9.493688583374023,3.437809087078426,0.8184314461284966,0.19028017133842182,0.443045798865022,1.0386793237431982,-26.535499782261564,-0.0016624847077725549,0.015596
9.521317720413208,3.4353837095241717,0.8137424755545757,0.20066020768255857,0.3069405611487226,0.8455519074333232,-26.728627198571438,-0.001674584399841721,0.015596
9.548387050628662,3.4358687850297205,0.8147126073905661,0.2165386737056462,0.23081583093906,0.6735856619629413,-26.90059344404182,-0.001685358316130974,0.015596
9.57836627960205,3.4433066097802505,0.8190782006970141,0.3597110280784939,0.2636987335333313,0.5460913862632651,-27.028087719741496,-0.0016933460037727545,0.015596
9.605635643005371,3.438617546277908,0.8168145597142055,0.37667807883760906,0.242035913600377,0.49177060708577613,-27.082408498918983,-0.001696749273559941,0.015596
9.631806373596191,3.434575250354146,0.8211801530557621,0.316784675399602,0.31304215408133956,0.677744252580506,-26.896434853424253,-0.0016850977748423483,0.015596
9.659829139709473,3.4368389360487708,0.8097002596098913,0.3150506824131419,0.13615077642996679,0.33089305330542307,-27.243286052699336,-0.0017068284684188403,0.015747
9.689456701278687,3.439911081012406,0.8064664868988883,0.36838234603257053,-0.05150297373895096,-0.13149991457451782,-27.705679020579275,-0.0017357980090112446,0.015747
9.71948766708374,3.43635386053792,0.814227541472122,0.3425566111798711,-0.02966911158704269,-0.08670535424201163,-27.66088446024677,-0.0017329915696317245,0.015747
9.750126361846924,3.434736942187562,0.8139041641936581,0.2957704615352014,-0.02076838680735224,-0.07331257440370734,-27.647491680408464,-0.0017321524939836888,0.015747
9.776151180267334,3.432958332036175,0.8161678051512878,0.23144120861515458,0.030142971790381147,0.08368395765480927,-27.490495148349947,-0.0017223164503492262,0.015747
9.808698654174805,3.4332817156974147,0.7949865940945423,0.19215235846386405,-0.3523041703119805,-0.9541105006425457,-28.528289606647302,-0.0017873356672807946,0.015747
9.835968255996704,3.4310180300934556,0.8174613142787219,0.1244587755475686,-0.1764001614882646,-0.7738139251753148,-28.34799303118007,-0.0017760398446267061,0.015747
9.864509344100952,3.427137426335072,0.8190782006970141,0.008173747926779518,-0.0213524611657923,-0.35908492724161856,-27.933264033246374,-0.0017500565157807385,0.015747
9.893102407455444,3.4243886654419726,0.8137424755545757,-0.12202959595803077,-0.018138220872845254,-2.789768864343197,-30.36394797034795,-0.0019023421296948605,0.015906
9.926153182983398,3.429239420016508,0.8189165120547346,-0.12704753939488345,0.08623940784151955,2.2523085389644453,-31.605055874219893,-0.001980099207112413,0.015906
9.952258586883545,3.4185677603013715,0.810832080068132,-0.32003376762861874,-0.000270720718034891,-3.122977874352862,-30.69715698035761,-0.0019232181217876646,0.015906
9.985323429107666,3.428916036369977,0.8171379369962637,-0.2713920861958922,0.06364027442200935,2.8673905490141385,-30.989973864170196,-0.0019415634929135345,0.015906
10.011977910995483,3.421478212824134,0.8202100211957745,-0.3694003159606384,0.1690162699910665,2.6509783018182103,-31.206386111366125,-0.001955122010917346,0.015906
10.044767618179321,3.4310180300934556,0.8151976733099081,-0.26862809654957,0.14384329525115244,2.5491508294134975,-31.308213583770836,-0.001961501638853245,0.015906
10.072116374969482,3.4287543445471518,0.8087301277924196,-0.23827892974855214,-0.0014373605773821798,-3.1033946062057125,-30.67757371221046,-0.0019219912037310991,0.015906
10.104904174804688,3.4302095709631595,0.8111554573428102,-0.1911971930281157,-0.05526147995935303,-2.700214184864279,-30.27439329086903,-0.0018967314087223951,0.015906
10.133018016815186,3.434736942187562,0.8130957209992431,-0.0778572014103893,-0.05464049145012983,-1.808689439549955,-29.382868545554704,-0.0018408761858003581,0.016064
10.167045593261719,3.431664797402988,0.8056580437273396,-0.05306466280876159,-0.20101430758583635,-1.5207165731689891,-29.09489567917374,-0.0018228342988737807,0.016064
10.193883895874023,3.432473256546523,0.8075983073432221,-0.021355818725556357,-0.2651781076046415,-1.4163016063145066,-28.990480712319258,-0.0018162925609346977,0.016064
10.225723028182983,3.432796640205997,0.8054963550933273,0.006581998994053605,-0.3515821281542905,-1.3768118836651977,-28.950990989669947,-0.0018138184767622736,0.016064
10.25319218635559,3.429886187313099,0.8088918164284165,-0.02553616960257256,-0.3450436676617211,-1.4632593548851534,-29.037438460889902,-0.001819234526963252,0.016064
10.281283140182495,3.4256821999693265,0.8151976733099081,-0.12266003274564892,-0.21599866110579233,-1.8368571531359577,-29.411036259140708,-0.0018426409308955668,0.016064
10.308944702148438,3.424550357256864,0.807759995978524,-0.2107424292616211,-0.27247566578286875,-2.063717831403977,-29.637896937408726,-0.0018568540571419245,0.016064
10.33544921875,3.429401111840215,0.8163294937918674,-0.18627570938378296,-0.14286063410255656,-2.27504384130649,-29.84922294731124,-0.001870093915546716,0.016064
10.36207628250122,3.424550357256864,0.8195632666244533,-0.2552734029083123,0.011699676286477648,3.0877734914138406,-30.769590921770494,-0.001927756205521181,0.016064
10.388431310653687,3.429239420016508,0.8132574096379267,-0.22031820426008575,-0.00457619272555162,-3.103341297948987,-30.677520403953736,-0.0019219878638972038,0.016064
10.416337251663208,3.4272991181549575,0.8218269076310923,-0.23029932468282613,0.15317963746971486,2.400497079781377,-31.456867333402958,-0.0019708149959614335,0.016064
10.444876194000244,3.423903589999061,0.8242522373028814,-0.2975731862548363,0.3114810607006193,2.215275296998031,-31.642089116186305,-0.0019824193894701445,0.016216
10.472419500350952,3.4256821999693265,0.8210184644121803,-0.31308594440221776,0.3584622676023237,2.1787979598711953,-31.67856645331314,-0.0019847047436429032,0.016216
10.498445749282837,3.429401111840215,0.8176230029201009,-0.2579161699821717,0.32432783445744306,2.109874899773296,-31.74748951341104,-0.0019890228659457,0.016216
10.52449083328247,3.428916036369977,0.8224736622080275,-0.22790976784339248,0.3961784143460061,1.9618025773292511,-31.895561835855084,-0.001998299795859496,0.016216
10.550151348114014,3.4300478791379825,0.8203717098388552,-0.18680959304427394,0.40498445737715766,1.8627616080409497,-31.994602805143387,-0.002004504845631909,0.016216
10.582192659378052,3.4318264892311063,0.820048332552794,-0.12646052355052967,0.40476570862236155,1.7193555596013212,-32.13800885358302,-0.002013489427210898,0.016216
10.610669374465942,3.4285926527246215,0.8132574096379267,-0.14163244195196148,0.2705700299095671,1.8465346204060955,-32.01082979277824,-0.002005521488205726,0.016216
10.644099235534668,3.435222017689578,0.8139041641936581,-0.03454943513762562,0.18939901224027533,1.3954513021896957,-32.46191311099464,-0.0020337824640539125,0.016216
10.671995401382446,3.4358687850297205,0.8156827392301486,0.05189192373151202,0.16768568296579273,0.9344536683150209,-32.92291074486931,-0.002062664585096468,0.016367
10.702439785003662,3.433605099359831,0.8134190982767101,0.0722094859589327,0.10780550130443355,0.6267111408781975,-33.230653272306135,-0.002081945067845732,0.016367
10.728820085525513,3.436192168701559,0.7890041149425115,0.13236479558002223,-0.4160254962346336,-1.1320546009540848,-34.98941901413842,-0.0021921341042061854,0.016367
10.760713815689087,3.4230951309334134,0.8137424755545757,-0.058062367750012445,-0.29440934542102976,-1.5445649662311554,-35.40192937941549,-0.0022179784327358196,0.016367
10.788780689239502,3.426328967240053,0.8082450618850249,-0.13394511858221989,-0.31778867693454277,-1.7777890867735822,-35.635153499957916,-0.002232590237188987,0.016367
10.814734935760498,3.4274608099751367,0.810832080068132,-0.1669673514473032,-0.2830903800612822,-1.9072368044293322,-35.76460121761367,-0.002240700310593469,0.016367
10.839934587478638,3.4250354327033,0.8181080688448383,-0.23314511282015843,-0.11518455067812378,-2.518200896637565,-36.3755653098219,-0.0022789780317077823,0.016367
10.866490125656128,3.4258438917865672,0.8111554573428102,-0.2651154797891234,-0.13488451302986923,-2.5292060628445467,-36.386570476028886,-0.0022796675201544195,0.016367
10.892549276351929,3.4235802063719207,0.8215035303432267,-0.3276861211165704,0.055580834344461594,2.947265808349994,-37.19328391201393,-0.002330209200615864,0.016367
10.921504497528076,3.424550357256864,0.7978969894063226,-0.35426069112129244,-0.277050861821407,-2.3655134760688883,-36.222877889253226,-0.002269411959696795,0.016526
10.94980525970459,3.426814042696183,0.813580786915593,-0.33267150523736094,-0.20031859069017666,-2.48441269846454,-36.34177711164888,-0.00227686115570293,0.016526
10.977191925048828,3.4282692690804413,0.8176230029201009,-0.29172175572259357,-0.06681876634729912,-2.8366098931986503,-36.69397430638299,-0.0022989267830764632,0.016526
11.003979206085205,3.4190528357152328,0.8210184644121803,-0.42669328010373,0.09365238866878516,2.894033249753659,-37.24651647061027,-0.0023335442919217818,0.016526
11.030020952224731,3.4229334391211643,0.820048332552794,-0.45227383384885017,0.18683326052649202,2.6945068954103975,-37.44604282495353,-0.002346044886054741,0.016526
11.055569887161255,3.4224483636861796,0.8195632666244533,-0.47879266079977334,0.24248540252681897,2.612539949641603,-37.52800977072232,-0.0023511802253172987,0.016526
11.085103034973145,3.4243886654419726,0.814550918750985,-0.46290608206665196,0.1825057305335212,2.7144450294726967,-37.42610469089123,-0.0023447957351718832,0.016526
11.113388061523438,3.4269757345154805,0.8168145597142055,-0.4058524656537733,0.1852008115005158,2.6456278237951043,-37.49492189656882,-0.002349107225553048,0.016526
11.141410827636719,3.431664797402988,0.81778469156158,-0.2826613477791304,0.2062363045938504,2.3771268742564113,-37.76342284610751,-0.0023659291707318945,0.016526
11.168798685073853,3.437809087078426,0.8140658528328402,-0.08733665231814686,0.14755689388161275,1.6695742568994518,-38.47097546346447,-0.0024102582926987894,0.016526
11.196629047393799,3.4405578483867303,0.8126106550837903,0.09819446642668005,0.077757902192848,0.3978335042844136,-39.74271621607951,-0.002489934559240677,0.016677
11.225598335266113,3.437809087078426,0.8160061165108082,0.17926241762593884,0.09591988470258068,0.3430494525465191,-39.797500267817405,-0.002493366853676109,0.016677
11.254198789596558,3.4331200238666475,0.8147126073905661,0.15275639132240576,0.0831013574267614,0.3297890933468943,-39.81076062701703,-0.0024941976329932443,0.016677
11.281264305114746,3.43700062788631,0.8048496005582686,0.20310169712830672,-0.12055245965393911,-0.4317112879566493,-40.572261008320574,-0.0025419066548420205,0.016677
11.30841326713562,3.4344135585210243,0.8105087027938517,0.1924103947122887,-0.1514080066089296,-0.537701538570643,-40.678251258934566,-0.0025485470864247913,0.016677
11.343361854553223,3.4287543445471518,0.807921684613925,0.08444801413474892,-0.22407071834735798,-0.9760974221850884,-41.11664714254901,-0.0025760131774515247,0.016677
11.37027096748352,3.431503105575164,0.7978969894063226,0.05767817467608267,-0.47280694870567924,-1.3086018626213536,-41.44915158298528,-0.0025968450273140733,0.016677
11.39618182182312,3.432958332036175,0.8171379369962637,0.06477660781377144,-0.26713508516933876,-1.1087770983893561,-41.24932681875328,-0.002584325737400716,0.016677
11.423537015914917,3.4243886654419726,0.808568439156522,-0.08240759403716796,-0.2923137161692219,-1.612474097282091,-41.75302381764602,-0.002615883031021765,0.016829
11.457714080810547,3.4169508422742276,0.8198866439099136,-0.3174939353873956,-0.08653450229544214,-2.7941511651486177,-42.93470088551254,-0.0026899166867272754,0.016829
11.486752271652222,3.4258438917865672,0.81778469156158,-0.32415965558619997,0.01602158493668568,3.0898102932317575,-43.33392473431175,-0.0027149285971511546,0.016829
11.513651609420776,3.4180826848901504,0.8187548234125551,-0.4666246878699435,0.10695978248669857,2.8843474227104644,-43.539387604833045,-0.0027278011219974757,0.016829
11.543156862258911,3.417435917679293,0.805334666459414,-0.5778334622722571,-0.09427709434869952,-2.9514281404564984,-43.09197786082042,-0.002699770300508044,0.016829
11.569897174835205,3.4218015964436423,0.8022625824338748,-0.5781676530623038,-0.2957812036705647,-2.6076942129633514,-42.748243933327274,-0.0026782349081962715,0.016829
11.596957683563232,3.4172742258773114,0.8075983073432221,-0.6587843508447859,-0.33151493486395645,-2.6229367344965384,-42.76348645486046,-0.0026791898726463387,0.016829
11.623700857162476,3.4164657668718004,0.8043645346580148,-0.7295701039039979,-0.4203583320031172,-2.5688884404289207,-42.70943816079284,-0.0026758036744173276,0.016829
11.65307331085205,3.422771747309209,0.798867121184007,-0.6671584236240135,-0.5910593432238358,-2.355268769021117,-42.49581848938504,-0.0026624201150380437,0.016978
11.682140588760376,3.4290777281930955,0.8054963550933273,-0.5115085320795126,-0.5796989930877294,-2.2136885331101146,-42.35423825347404,-0.002653549923066675,0.016978
11.711758136749268,3.4193762193259394,0.7930463305710572,-0.5748023975580403,-0.8174914151790684,-2.117315276112046,-42.257864996475966,-0.002647512009052912,0.016978
11.748826265335083,3.4180826848901504,0.7928846419447384,-0.642074607250237,-0.9871375997514353,-2.0902319520579535,-42.23078167242188,-0.0026458152024185907,0.016978
11.775561332702637,3.425358816335726,0.7993521870741802,-0.5599785655010235,-0.9782303631009566,-2.0285716856382052,-42.16912140600213,-0.00264195210389619,0.016978
11.810395240783691,3.41921452752044,0.798867121184007,-0.611602233953448,-0.9815697649923241,-2.0689964769177354,-42.209546197281654,-0.00264448477137442,0.016978
11.838392496109009,3.428430960902385,0.8029093369625987,-0.4841024525315537,-0.9041201162245176,-1.9924791666263884,-42.1330288869903,-0.0026396908590952816,0.016978
11.865024089813232,3.421478212824134,0.810832080068132,-0.5182975723956198,-0.6935223875642631,-2.1380211334009647,-42.278570853764876,-0.002648809258827237,0.016978
11.891069412231445,3.416304075071577,0.8071132414379124,-0.6341001718962741,-0.6195082314350215,-2.3065729210091095,-42.44712264137302,-0.0026593692547446147,0.016978
11.919315099716187,3.4208314455886395,0.8093768823370032,-0.6347792281920045,-0.5230174720480713,-2.393772958307142,-42.53432267867105,-0.002664832454221343,0.016978
11.94495439529419,3.428430960902385,0.8166528710733262,-0.5003263484985591,-0.31185691970244256,-2.518456337894651,-42.65900605825856,-0.0026726440354456846,0.01713
11.9704430103302,3.4232568227459557,0.8118022118933612,-0.4980753554796226,-0.2597892140194705,-2.6042325452723736,-42.74478226563628,-0.002678018030065206,0.01713
11.997939109802246,3.43700062788631,0.8140658528328402,-0.2524805256331105,-0.17866096914771776,-2.3599485535032914,-42.5004982738672,-0.002662713309822431,0.01713
12.026923418045044,3.434251866688197,0.8190782006970141,-0.12936797470627215,-0.02293502652741463,0.0,-42.5004982738672,-0.002662713309822431,0.01713
12.054033756256104,3.427137426335072,0.8257074351168058,-0.16950497725091954,0.21692420137335336,1.9056882115777665,-44.51804681596573,-0.0027891154362549545,0.01713
12.080041885375977,3.422771747309209,0.814227541472122,-0.27511283496685335,0.15822991099156597,2.391845971102719,-44.03188905644078,-0.002758656999541602,0.01713
12.108002185821533,3.4243886654419726,0.8185931347704759,-0.3203302039835685,0.20331412130559443,2.3849862666583905,-44.03874876088511,-0.0027590867692400102,0.01713
12.136669874191284,3.4313414137476337,0.8253840578241186,-0.2285373913982671,0.3689156258490681,1.9185997686911724,-44.505135258852334,-0.002788306509857084,0.01713
12.165868520736694,3.4282692690804413,0.8229587281417827,-0.21882787603523313,0.4369643367270961,1.849614488833278,-44.57412053871023,-0.0027926285303114277,0.01713
12.193027019500732,3.4331200238666475,0.8203717098388552,-0.12590681424040934,0.43353460304391706,1.6509694105690593,-44.77276561697445,-0.0028050739113141742,0.01728
12.222308874130249,3.42972449548851,0.8305580945554539,-0.1211491522059773,0.6321976281382703,1.6189429935556412,-44.80479203398787,-0.002807080409362692,0.01728
12.24756145477295,3.437162319724144,0.8205333984820361,0.014238630232884122,0.5733893964730141,1.393923103774726,-45.02981192376879,-0.002821178207737514,0.01728
12.280954122543335,3.43635386053792,0.8215035303432267,0.09465601012009059,0.5513725709964932,1.252845697297203,-45.17088933024631,-0.0028300168967693995,0.01728
12.309094429016113,3.4410429239205693,0.8242522373028814,0.23420177121794314,0.5902161141693729,1.0750006973838406,-45.34873433015967,-0.002841159124921719,0.01728
12.337378025054932,3.4306946464404553,0.8229587281417827,0.14815173772899345,0.5918746785513087,1.193973286494355,-45.22976174104916,-0.002833705332392341,0.01728
12.36494255065918,3.434575250354146,0.8247373032399514,0.15681623662357103,0.6281420579301196,1.201751028480997,-45.221983999062516,-0.0028332180464086627,0.01728
12.391149520874023,3.438940929959764,0.8294262740116538,0.2403933520779358,0.746082419649929,1.1585349900771462,-45.265200037466364,-0.0028359255892688477,0.01728
12.417988061904907,3.4420130749962103,0.8215035303432267,0.3534427928987309,0.6722576872203212,0.9926941374353788,-45.43104089010813,-0.0028463157414688528,0.01728
12.449371337890625,3.4410429239205693,0.825060680531834,0.4153525191629835,0.6907931429899284,0.9438997632976442,-45.479835264245864,-0.0028493727745564127,0.017432
12.479080200195312,3.4416896913031505,0.803232714227554,0.47017258240055176,0.27291689782306144,0.45738235250075915,-45.96635267504275,-0.002879853743905089,0.017432
12.506218433380127,3.436677244211526,0.8231204167865686,0.41955140374976646,0.3729567165818333,0.6371865930000894,-45.78654843454342,-0.002868588766698117,0.017432
12.535489797592163,3.4405578483867303,0.8189165120547346,0.4530161056742194,0.36000586405979895,0.5902027390657179,-45.83353228847779,-0.002871532368262777,0.017432
12.563809871673584,3.439264313642799,0.8219885962751756,0.4534748876931147,0.41157856667853415,0.6533749891689796,-45.77036003837453,-0.002867574541931484,0.017432
12.59048318862915,3.44233645869045,0.8224736622080275,0.5083414953080236,0.45725392690077343,0.6572910651637283,-45.76644396237978,-0.00286732919450976,0.017432
12.61819863319397,3.4458936794049895,0.8105087027938517,0.6099060242868661,0.25305646397937503,0.34748000779045946,-46.07625501975305,-0.0028867392734382978,0.017432
12.646549940109253,3.4376473952394133,0.8161678051512878,0.5345896945326475,0.2218203673410961,0.34176157465567536,-46.08197345288783,-0.0028870975409560386,0.017432
12.674313068389893,3.438455854437423,0.813580786915593,0.4962223317339624,0.14889126972357256,0.24721089038354485,-46.17652413715996,-0.0028930212683401717,0.017432
12.70076322555542,3.439264313642799,0.8093768823370032,0.4837192459349322,0.014862178762945303,0.018651767606314058,-46.405083259937186,-0.002907340804416634,0.017432
12.728273630142212,3.431988181059519,0.8103470141568607,0.3457804771421302,-0.05980924903618748,-0.15147150602589632,-46.5752065335694,-0.0029179992560444726,0.01759
12.760902881622314,3.4269757345154805,0.8210184644121803,0.1602281257923637,0.09855905078656112,0.3821470761001906,-46.04158795144331,-0.0028845673350387517,0.01759
12.787989854812622,3.434251866688197,0.814227541472122,0.15952808129154666,0.07537430558081577,0.29489320137619796,-46.1288418261673,-0.002890033907502539,0.01759
12.82051682472229,3.4282692690804413,0.8208567757686985,0.0528179548476181,0.18999604957125601,0.9731773664992784,-45.45055766104422,-0.0028475384933858167,0.01759
12.846558809280396,3.433766791191481,0.8213418416994442,0.07572852120489172,0.27980573871210973,1.0744493502653096,-45.34928567727819,-0.002841193667559345,0.01759
12.877979516983032,3.4376473952394133,0.8258691237633001,0.16066544237529173,0.43203422654768886,1.0699373508176153,-45.35379767672588,-0.0028414763503859294,0.01759
12.90600848197937,3.4331200238666475,0.8289412080658243,0.13973850864695805,0.5992324690369487,1.2272566926851796,-45.19647833485832,-0.0028316200822832835,0.01759
12.93295407295227,3.441851383149533,0.8240905486573925,0.28011358876559483,0.6205265533108615,1.0494730967144374,-45.374261930829064,-0.002842758463396111,0.01759
12.959965467453003,3.4323115647172275,0.8248989918858424,0.20899814395359748,0.6513898597565667,1.1595946628698919,-45.26414036467361,-0.0028358591993448722,0.01775
12.98879861831665,3.440881232075662,0.8227970394970973,0.3113704512013197,0.6315048109913727,1.019594066423056,-45.40414096112045,-0.002844630424781805,0.01775
13.016519546508789,3.4462170631133953,0.8248989918858424,0.4777679211423429,0.6590746401329246,0.8689263944122391,-45.554808633131266,-0.002854069956832418,0.01775
13.042882680892944,3.4475105979588325,0.8187548234125551,0.6172126612315236,0.5570969211240571,0.6708673131084748,-45.75286771443503,-0.0028664786243383935,0.01775
13.06939697265625,3.4420130749962103,0.8166528710733262,0.6172163093062372,0.44422315551804364,0.5613221597920064,-45.862412867751495,-0.0028733417753509464,0.01775
13.098211288452148,3.4463787549680416,0.8155210505899687,0.6947308356887677,0.342871093878203,0.4073652541077346,-46.01636977343577,-0.002882987382309787,0.01775
13.129233598709106,3.443629993479211,0.8155210505899687,0.7001871690291454,0.2719246507303117,0.3238315237741243,-46.09990350376938,-0.0028882208827300682,0.01775
13.156267404556274,3.44233645869045,0.8161678051512878,0.6810400922432109,0.23502809806674885,0.2865822829275898,-46.13715274461592,-0.0028905545977078013,0.01775
13.187842845916748,3.4358687850297205,0.8139041641936581,0.5528045928980818,0.16451965995030401,0.23690044309833105,-46.18683458444518,-0.0028936672317131104,0.01775
13.215107440948486,3.4340901748556636,0.8150359846700277,0.4314607947852055,0.13750417884650584,0.24127906358456883,-46.182455963958944,-0.0028933929052576365,0.0179
13.249135971069336,3.43554540135906,0.8139041641936581,0.3723574576174637,0.09625291649613173,0.18215709103142655,-46.24157793651209,-0.0028970969762594817,0.0179
13.278886079788208,3.432473256546523,0.814550918750985,0.2764396655727777,0.08014299031202918,0.18665337205022225,-46.23708165549329,-0.0028968152782135837,0.0179
13.30757212638855,3.428430960902385,0.8182697574866175,0.13752687713682005,0.14227029799679186,0.570258485200764,-45.85347654234275,-0.002872781902559493,0.0179
13.335339546203613,3.4256821999693265,0.8218269076310923,-0.00851590002806358,0.25597218097534363,1.3689348153535872,-45.054800212189924,-0.002822743757575068,0.0179
13.364848852157593,3.4243886654419726,0.8151976733099081,-0.1337123495264551,0.20471243294015593,1.9589532624676682,-44.46478176507584,-0.0027857783092631967,0.0179
13.39167046546936,3.42762250179561,0.827324321586279,-0.16393359984202877,0.408192318156757,1.8373688995392223,-44.586366128004286,-0.002793395732930789,0.0179
13.418217182159424,3.4264906590584694,0.8221502849193592,-0.20518416781693793,0.44850057400746557,1.9016444495011797,-44.52209057804233,-0.0027893687833812335,0.0179
13.44524359703064,3.426328967240053,0.8213418416994442,-0.2369303786290625,0.460758905817463,1.9563905165369755,-44.46734451100654,-0.0027859388687384145,0.0179
13.472081422805786,3.424065281813071,0.8163294937918674,-0.2993441108657407,0.37040356601767127,2.1742579686547265,-44.249477058888786,-0.002772289180191404,0.01805
13.500166654586792,3.4308563382668087,0.8114788346178867,-0.22245956635897854,0.21141014731696608,2.2818006005171814,-44.14193442702633,-0.002765551489838028,0.01805
13.527700662612915,3.4308563382668087,0.8153593619498886,-0.168640385204245,0.17671049875738554,2.1861026482967367,-44.237632379246776,-0.002771547095100304,0.01805
13.560179471969604,3.432473256546523,0.8158444278704285,-0.10225882440241314,0.16199521291177252,1.8685289987555294,-44.555206028787985,-0.0027914435108560274,0.01805
13.586170196533203,3.4323115647172275,0.8150359846700277,-0.058662545263966054,0.13573706591953014,1.5642967117227762,-44.85943831582074,-0.0028105040723285014,0.01805
13.615829467773438,3.433605099359831,0.8119639005312479,-0.0051786423378888035,0.05671806525267782,0.5623251832654398,-45.86140984427808,-0.0028732789345829275,0.01805
13.642361879348755,3.433766791191481,0.8064664868988883,0.03513090317503163,-0.10710587156305178,-0.9416150851186961,-47.36535011266221,-0.0029675028127125326,0.01805
13.6688711643219,3.4323115647172275,0.807759995978524,0.03751026404021375,-0.1962507131029533,-1.1546682447841332,-47.57840327232765,-0.0029808508793701346,0.01805
13.698331356048584,3.4300478791379825,0.814874296030247,-0.00101557072571541,-0.11822657166493312,-1.1790649603407493,-47.60279998788427,-0.002982379366373039,0.0182
13.723387241363525,3.426652350877179,0.8092151937007083,-0.08827073420059765,-0.1753117995143579,-1.7193680926768538,-48.143103120220374,-0.0030162300834290956,0.0182
13.75234603881836,3.4310180300934556,0.8105087027938517,-0.07183738931754147,-0.18973954451121108,-1.6322701098149663,-48.05600513735849,-0.0030107732777998864,0.0182
13.781413555145264,3.4264906590584694,0.8100236368831771,-0.1407168204497942,-0.2094134339603903,-1.9123249930501973,-48.33606002059372,-0.0030283190924457757,0.0182
13.810971021652222,3.431664797402988,0.81778469156158,-0.09706639613636078,-0.06999366722877291,-1.9691344745840609,-48.39286950212758,-0.0030318782827787826,0.0182
13.839025497436523,3.4269757345154805,0.8182697574866175,-0.14976468550254057,0.037174637718228945,2.956302490733507,-49.7506178439896,-0.003116943040325127,0.0182
13.866544961929321,3.427784193616377,0.8227970394970973,-0.1722994217538403,0.20155415556453765,2.12807054715009,-50.57884978757302,-0.0031688328841944567,0.0182
13.894825458526611,3.426167275421931,0.8223119735636433,-0.21678186960935728,0.3070453496559465,2.072840869221952,-50.63407946550116,-0.003172293097709338,0.0182
13.922454357147217,3.4269757345154805,0.8226353508525123,-0.23356551693365651,0.3872721644519653,2.013844683476723,-50.69307565124639,-0.0031759892879986923,0.0182
13.947476148605347,3.434736942187562,0.8197249552671334,-0.10751502814427313,0.38598412470603344,1.7000613724953912,-51.00685896222772,-0.003195648233951895,0.018352
13.975800275802612,3.432958332036175,0.8215035303432267,-0.05085863416049865,0.42018888075960364,1.5471023558155155,-51.15981797890759,-0.0032052313218240975,0.018352
14.002815961837769,3.4340901748556636,0.81778469156158,0.008896535844212308,0.37072795307522505,1.3742470051245088,-51.3326733295986,-0.0032160609417498003,0.018352
14.029346227645874,3.43554540135906,0.8124489664455052,0.0765624763587974,0.23078615428374927,0.9864963791882183,-51.72042395553489,-0.0032403540393487855,0.018352
14.05736494064331,3.4376473952394133,0.8168145597142055,0.16124921098300468,0.21899710812567105,0.7214332477116234,-51.985487087011485,-0.0032569606006078544,0.018352
14.087877988815308,3.4373240115622727,0.8147126073905661,0.2147882980448814,0.1692554138229232,0.4845807166144709,-52.222339618108634,-0.0032717997298564944,0.018352
14.114505529403687,3.433605099359831,0.8069515528030077,0.1862369479782939,-0.018755259741903105,-0.1774300981065125,-52.88435043282962,-0.0033132755967097503,0.018352
14.1454439163208,3.438132470757335,0.8006456961189835,0.2466337819185129,-0.27483081155070416,-0.7770244618397072,-53.48394479656282,-0.003350840989061599,0.018352
14.172474384307861,3.4360304768654926,0.8119639005312479,0.25159098920866146,-0.23067944897648326,-0.6897464538031665,-53.396666788526275,-0.0033453729046133613,0.018352
14.198506355285645,3.4326349483761125,0.8098619482464846,0.19477395111469206,-0.2412628563992724,-0.8111954356498803,-53.51811577037299,-0.00335298184647432,0.018352
14.228818893432617,3.429401111840215,0.807759995978524,0.09758575687964675,-0.290160602488307,-1.1137789497235973,-53.820699284446704,-0.0033719391101060345,0.018352
14.25511360168457,3.427945885437438,0.8111554573428102,0.0037167011903535578,-0.25736774929699824,-1.3597004269006487,-54.06662076162375,-0.003387346421009332,0.01851
14.288134098052979,3.431664797402988,0.8143892301115035,0.004037069011747904,-0.1705829651114082,-1.2680241200856563,-53.974944454808764,-0.003381602777234178,0.01851
14.316820859909058,3.427945885437438,0.8147126073905661,-0.06176738031718877,-0.10345063744303448,-1.6160787890251442,-54.322999123748254,-0.003403408869801824,0.01851
14.350518226623535,3.4305329546143954,0.8143892301115035,-0.06189748171104901,-0.0628409868136292,-1.639323825136696,-54.34624415985981,-0.003404865202540388,0.01851
14.376698970794678,3.4326349483761125,0.8202100211957745,-0.024667978529100014,0.08047938712612243,1.0812033218013342,-51.625717012921776,-0.0032344205221696795,0.01851
14.405723333358765,3.428107577258793,0.8223119735636433,-0.0789901003139104,0.2222930117490617,1.684612737560973,-51.02230759716214,-0.003196616111683432,0.01851
14.436741828918457,3.4290777281930955,0.8205333984820361,-0.09979070576243525,0.2864561650005682,1.7345457099072545,-50.972374624815856,-0.003193487743888572,0.01851
14.464374780654907,3.423741898185344,0.8253840578241186,-0.2090879661568224,0.42711505643554754,1.9321305496630041,-50.77478978506011,-0.0031811087882526504,0.01851
14.489961862564087,3.431503105575164,0.8150359846700277,-0.14779701152802777,0.3213209563861734,1.8681321577664636,-50.83878817695665,-0.0031851183734770885,0.01867
14.51624321937561,3.438617546277908,0.8198866439099136,0.02142245111301762,0.343009768493339,1.3307761758951628,-51.37614415882795,-0.003218784447597476,0.01867
14.544267177581787,3.4248737408875276,0.8106703914309421,-0.10414306421067887,0.17627704241522157,1.8749992952846317,-50.83192103943848,-0.0031846881380866187,0.01867
14.570289373397827,3.440072772855545,0.8097002596098913,0.07781753706457463,0.04041519826368127,0.11514610968356757,-52.59177422503954,-0.003294945304260002,0.01867
14.597810745239258,3.4415279994570627,0.8163294937918674,0.23102728121065597,0.07616297073003504,0.17653538387230167,-52.53038495085081,-0.0032910991837649113,0.01867
14.623763084411621,3.4310180300934556,0.806789864168202,0.15167122147033607,-0.08711145918287332,-0.4954965258106834,-53.202416860533795,-0.003333202885679356,0.01867
14.649787425994873,3.4344135585210243,0.8022625824338748,0.1564090617517224,-0.2907652590544849,-0.9797338525553435,-53.68665418727846,-0.0033635410046992135,0.01867
14.67589807510376,3.44136630761127,0.814874296030247,0.2831705347758905,-0.18438675383100306,-0.5526693222569931,-53.259589656980104,-0.0033367848381796864,0.01867
14.71059513092041,3.433605099359831,0.8098619482464846,0.23410451368998977,-0.2088579697974355,-0.6787523368322627,-53.385672671555376,-0.0033446841084162084,0.01867
14.739152669906616,3.43554540135906,0.806789864168202,0.2342080608508495,-0.2866261175520983,-0.8221987388166533,-53.52911907353977,-0.0033536712181989857,0.01882
14.771169185638428,3.426652350877179,0.7991904984440238,0.07638580790300305,-0.49106381474560085,-1.32388257927916,-54.03080291400227,-0.0033851023847400073,0.01882
14.798189640045166,3.423741898185344,0.8103470141568607,-0.08576440659101034,-0.41395744449217636,-1.646243878669082,-54.3531642133922,-0.0034052987531902335,0.01882
14.83022141456604,3.429401111840215,0.8029093369625987,-0.09879109351434492,-0.5067914918744156,-1.6575601595879965,-54.36448049431111,-0.003406007733391508,0.01882
14.859746217727661,3.4264906590584694,0.8098619482464846,-0.159584413387554,-0.43454128642782286,-1.8012815993897218,-54.50820193411283,-0.003415012074663013,0.01882
14.894264936447144,3.424226973627375,0.8074366187080197,-0.24233112203998566,-0.43183848207781195,-1.968161741304066,-54.67508207602718,-0.0034254673397320725,0.01882
14.92124891281128,3.429239420016508,0.812772343722175,-0.21125860765225188,-0.3246273716321453,-2.0022167936113084,-54.709137128334426,-0.003427600934506912,0.01882
14.955859184265137,3.428916036369977,0.8153593619498886,-0.1952494742124486,-0.1985157645069968,-2.1508573759784553,-54.85777771070157,-0.003436913466668261,0.01882
14.983715772628784,3.4205080619726527,0.8221502849193592,-0.3333253659026302,0.023804916142840086,3.11637541269757,-55.87373022920513,-0.0035005642567304193,0.01897
15.020496368408203,3.426652350877179,0.7977353007770535,-0.32088759082445906,-0.30248549372920847,-2.26570113053167,-54.97262146525478,-0.003444108582166162,0.01897
15.047516822814941,3.4232568227459557,0.8192398893393937,-0.3724682251077421,-0.10642070430899976,-2.772871438990465,-55.47979177371358,-0.003475883483297388,0.01897
15.083279132843018,3.4274608099751367,0.8150359846700277,-0.33393352601518717,-0.052154076135010455,-2.901551812213978,-55.60847214693709,-0.003483945481542379,0.01897
15.111373662948608,3.4300478791379825,0.8092151937007083,-0.26102622376450657,-0.12906105264341278,-2.5255446130997092,-55.23246494782282,-0.0034603881254093045,0.01897
15.14138126373291,3.4313414137476337,0.8100236368831771,-0.1870246052449027,-0.16693848965292782,-2.1905281422633682,-54.897448476986476,-0.00343939889346766,0.01897
15.168229818344116,3.4323115647172275,0.8109937687054213,-0.11799859185374817,-0.17430375963917547,-1.8817040440697896,-54.5886243787929,-0.003420050648857559,0.01897
15.195310354232788,3.4269757345154805,0.8105087027938517,-0.16441722250473012,-0.1890339165985892,-2.0549566733374047,-54.761877008060516,-0.00343090515881977,0.01897
15.222437858581543,3.4282692690804413,0.8095385709733975,-0.17394375780977303,-0.21849396235526106,-2.0346687029842907,-54.7415890377074,-0.0034296340902233396,0.01897
15.249951601028442,3.432473256546523,0.8043645346580148,-0.10597118522628801,-0.34124365124702893,-1.7058917270013116,-54.41281206172442,-0.0034090357710160725,0.01912
15.276628255844116,3.4368389360487708,0.810832080068132,0.019121579974987375,-0.2995088620800196,-1.3295516032624368,-54.036471937985546,-0.0033854575567080322,0.01912
15.30464506149292,3.4353837095241717,0.8051729778255998,0.08084919372818072,-0.38199663480178286,-1.2331788610420458,-53.94009919576516,-0.0033794196749457827,0.01912
15.33173155784607,3.431179721920398,0.8090535050645127,0.04941737361368631,-0.3631423330135428,-1.2932793416111081,-54.00019967633422,-0.0033831850507893024,0.01912
15.357290267944336,3.4285926527246215,0.808568439156522,-0.01851791393701293,-0.3595187896601699,-1.466880717564987,-54.1738010522881,-0.003394061410199895,0.01912
15.387279510498047,3.4287543445471518,0.8092151937007083,-0.06320180191975171,-0.34421635211102364,-1.5880651177960472,-54.29498545251916,-0.0034016537756672077,0.01912
15.416526794433594,3.427945885437438,0.8143892301115035,-0.10883458996926479,-0.23137698708122528,-1.7823643701559233,-54.48928470487903,-0.0034138268848390905,0.01912
15.452152967453003,3.4224483636861796,0.8174613142787219,-0.23838519008405043,-0.09175113322673739,-2.6339178569100485,-55.34083819163316,-0.0034671778547170165,0.01912
15.481745719909668,3.4250354327033,0.8116405232555741,-0.28313759986586573,-0.10890665282127948,-2.660504092074151,-55.367424426797264,-0.0034688435180646165,0.01912
15.515767812728882,3.4258438917865672,0.8122872778073198,-0.30011022072112903,-0.10814955918646559,-2.6922267474472474,-55.39914708217036,-0.0034708309850383103,0.01912
15.547893047332764,3.4229334391211643,0.8185931347704759,-0.3636656922810427,0.016848492180967962,3.1138355852543382,-55.87627005664836,-0.00350072338033161,0.01928
15.580912590026855,3.4205080619726527,0.807921684613925,-0.4512167185506329,-0.10629116919443699,-2.857052360310201,-55.563972695033314,-0.0034811575311023525,0.01928
15.608264207839966,3.427945885437438,0.8158444278704285,-0.3804450316108527,-0.03610595465449156,-3.0043598248225263,-55.71128015954564,-0.003490386541639256,0.01928
15.636390686035156,3.424065281813071,0.8132574096379267,-0.3998043679530018,-0.038040134384234446,-3.006498908025486,-55.7134192427486,-0.0034905205580754548,0.01928
15.661412477493286,3.4243886654419726,0.8111554573428102,-0.40761427707391445,-0.08088342162414816,-2.8904715390935323,-55.59739187381665,-0.003483251287546719,0.01928
15.688337802886963,3.434251866688197,0.814874296030247,-0.23796160071484282,-0.037469467629770985,-2.8898953023301446,-55.59681563705326,-0.0034832151855394063,0.01928
15.714816093444824,3.425520508152379,0.813580786915593,-0.2742286477278514,-0.03261161475602781,-2.9536013368282883,-55.66052167155141,-0.0034872064541800977,0.01928
15.743769407272339,3.4282692690804413,0.8069515528030077,-0.2508117554659316,-0.16006217974716955,-2.413572425596012,-55.12049276031913,-0.00345337291744457,0.01928
15.769842863082886,3.4290777281930955,0.806789864168202,-0.22006586436880804,-0.2524690645169194,-2.1144716508127,-54.82139198553582,-0.0034346338521079305,0.01928
15.798156976699829,3.432796640205997,0.8111554573428102,-0.13251503295623046,-0.23098367271703205,-1.8538174101450864,-54.560737744868206,-0.0034183035137807195,0.01943
15.82628870010376,3.429401111840215,0.8100236368831771,-0.13151653197000426,-0.2382843237044635,-1.8420096169010978,-54.54892995162422,-0.0034175637396720066,0.01943
15.854307413101196,3.435222017689578,0.8118022118933612,-0.027468298150255574,-0.208288396820894,-1.4034244357050059,-54.11034477042813,-0.0033900857888974913,0.01943
15.886738538742065,3.4357070931942433,0.8080833732494253,0.053977906090040904,-0.260695502206067,-1.1548066126500511,-53.86172694737317,-0.003374509548302812,0.01943
15.919062852859497,3.4256821999693265,0.8061431096299714,-0.06700017976082474,-0.33567834732237894,-1.581562034119401,-54.28848236884252,-0.003401246348738962,0.01943
15.95078420639038,3.4250354327033,0.786417096972357,-0.16316809263961038,-0.7775280150027658,-1.6978134728648369,-54.40473380758796,-0.003408529657542515,0.01943
15.976844549179077,3.425358816335726,0.8119639005312479,-0.22474400527358226,-0.5825674913929301,-1.8396065302985563,-54.546526865021676,-0.0034174131830681754,0.019583
16.004365921020508,3.4226100554975476,0.8061431096299714,-0.3166509676925285,-0.5609887397531809,-1.9931995665549382,-54.70011990127806,-0.0034270359931185554,0.019583
16.03140878677368,3.427137426335072,0.8058197323614511,-0.3006030723413252,-0.5522665921357287,-1.974791761609936,-54.68171209633306,-0.0034258827194106607,0.019583
16.05692434310913,3.4303712627886305,0.8151976733099081,-0.23195327948810135,-0.3610547082375918,-2.005116476957099,-54.71203681168022,-0.00342778260356381,0.019583
16.08561682701111,3.421478212824134,0.8140658528328402,-0.3417931512652005,-0.24954681510039678,-2.410619688548249,-55.117540023271374,-0.0034531879245019745,0.019583
16.115684032440186,3.4243886654419726,0.8205333984820361,-0.3670064253924115,-0.04383171379405495,-3.0036527342143713,-55.7105730689375,-0.003490342241462787,0.019583
16.142703533172607,3.4203463701650993,0.820048332552794,-0.45642604476542914,0.09059438880250395,2.9083195002256583,-56.08178614167706,-0.0035135992391383056,0.019583
16.168729305267334,3.428430960902385,0.8182697574866175,-0.37547912009990897,0.14958627694012713,2.6849514331083824,-56.305154208794335,-0.003527593548604277,0.019583
16.19675326347351,3.4190528357152328,0.8205333984820361,-0.48532343516785076,0.2355614506343096,2.6250881336430214,-56.3650175082597,-0.003531344064733033,0.019583
16.226279735565186,3.4208314455886395,0.8210184644121803,-0.5306355124821318,0.3053185405559069,2.5559919751021654,-56.434113666800556,-0.003535673031885813,0.019583
16.257300853729248,3.422771747309209,0.8197249552671334,-0.527904209628723,0.3286165879787889,2.5189031483507067,-56.47120249355201,-0.003537996696704997,0.019583
16.282922983169556,3.4260055836041023,0.8124489664455052,-0.46857603434106326,0.2013081987162476,2.6737743844772974,-56.316331257425425,-0.003528293805715682,0.019734
16.30943512916565,3.424065281813071,0.8150359846700277,-0.4614960698641544,0.16325615598266124,2.7466082803227505,-56.24349736157997,-0.0035237306642996865,0.019734
16.340891122817993,3.4308563382668087,0.8134190982767101,-0.3359659376578839,0.10470483241624298,2.766843671176895,-56.22326197072582,-0.0035224628898795,0.019734
16.36920666694641,3.4282692690804413,0.8130957209992431,-0.2940278584169912,0.0573359272127903,2.892884530079075,-56.09722111182364,-0.0035145662607525274,0.019734
16.396742820739746,3.4357070931942433,0.8155210505899687,-0.13261378609666613,0.07205003406452279,2.2706059706589956,-56.719499671243724,-0.003553552848436931,0.019734
16.424278497695923,3.4313414137476337,0.8174613142787219,-0.09713589887742491,0.12064778157529064,1.769810835515042,-57.22029480638768,-0.0035849283363959053,0.019734
16.449886560440063,3.4340901748556636,0.8072749300729164,-0.023497549457636074,-0.04639762375746714,-0.7684499182921816,-59.7585555601949,-0.003743953782389751,0.019734
16.479530811309814,3.435222017689578,0.8082450618850249,0.0481449896083969,-0.14418047177004456,-0.8769242069222897,-59.867029848825005,-0.0037507498422911594,0.019734
16.509005784988403,3.4310180300934556,0.8100236368831771,0.02365361734876261,-0.17752208304157083,-1.0759619731489631,-60.06606761505168,-0.003763219825722271,0.019734
16.53928780555725,3.428430960902385,0.808568439156522,-0.039423356620022054,-0.2295846146797851,-1.4278517834165465,-60.417957425319265,-0.0037852661950460516,0.019885
16.565852880477905,3.4226100554975476,0.8016158279067327,-0.18692651363501528,-0.4032624247676842,-1.8469993947581764,-60.837105036660894,-0.003811526355957762,0.019885
16.593895196914673,3.427784193616377,0.7998372529652413,-0.19831270144658047,-0.5599432730480983,-1.7915612111328294,-60.781666853035546,-0.0038080530792808536,0.019885
16.622945547103882,3.4221249800643236,0.8019392051701061,-0.3067614943116691,-0.6281305071967229,-1.9278853331344405,-60.917990975037156,-0.0038165939686550087,0.019885
16.650514841079712,3.4196996029378197,0.8033944028601802,-0.4257378451041801,-0.6471381680746685,-2.0711255682167002,-61.061231210119416,-0.0038255681618044137,0.019885
16.680036544799805,3.4230951309334134,0.807759995978524,-0.4487342162289646,-0.574273320661085,-2.152029107100545,-61.14213474900326,-0.0038306368771971037,0.019885
16.707109689712524,3.41921452752044,0.8095385709733975,-0.5337311894630226,-0.48816154519900956,-2.3306010517264135,-61.32070669362913,-0.003841824649412201,0.019885
16.735860586166382,3.4196996029378197,0.8111554573428102,-0.5846166317101196,-0.395968409194482,-2.4878868555041525,-61.477992497406866,-0.0038516788163084656,0.019885
16.76091980934143,3.4159806914720106,0.8126106550837903,-0.6862651392141763,-0.30270980996041025,-2.689807712894997,-61.67991335479771,-0.0038643294292740075,0.020037
16.794909954071045,3.410968245828558,0.8090535050645127,-0.8464142916720169,-0.3076415556245762,-2.7692747684153223,-61.75938041031804,-0.0038693081470542756,0.020037
16.82594060897827,3.4101597868801568,0.8075983073432221,-0.9728727619899712,-0.33981718123175864,-2.7861003846400827,-61.776206026542795,-0.003870362294513417,0.020037
16.853358507156372,3.4182443766935977,0.8100236368831771,-0.9178530493886398,-0.31446777966476996,-2.7912823355933023,-61.78138797749602,-0.0038706869507018,0.020037
16.879822969436646,3.4226100554975476,0.8130957209992431,-0.8018272985730529,-0.2360849012439297,-2.836151182575976,-61.82625682447869,-0.0038734980442397464,0.020037
16.907097101211548,3.421478212824134,0.8160061165108082,-0.7407049646246509,-0.12377007770316517,-2.969785174101044,-61.95989081600376,-0.003881870393325764,0.020037
16.937296628952026,3.424226973627375,0.8156827392301486,-0.6491155079059482,-0.051532679994619295,-3.068233809106698,-62.05833945100941,-0.0038880383325596564,0.020037
16.964069604873657,3.4300478791379825,0.8087301277924196,-0.4816536110880629,-0.13820054324941655,-2.828042952643815,-61.81814859454653,-0.003872990052742321,0.020037
16.98961305618286,3.4282692690804413,0.8090535050645127,-0.39600922981812176,-0.19248506892688347,-2.60824680912227,-61.59835245102499,-0.0038592195290879593,0.020037
17.015319108963013,3.433605099359831,0.8054963550933273,-0.24132132152578728,-0.3006970010798606,-2.0563849377452157,-61.04649057964793,-0.0038246446415035763,0.020188
17.04515814781189,3.435060325855278,0.8087301277924196,-0.10720246435104717,-0.3126155680090935,-1.6322852562176096,-60.62239089812032,-0.00379807422674236,0.020188
17.07428789138794,3.429401111840215,0.8045262232913337,-0.11379773394633917,-0.4039372859581062,-1.6347579346809544,-60.624863576583664,-0.003798229143369757,0.020188
17.102269172668457,3.4313414137476337,0.8103470141568607,-0.08396466237220655,-0.3529688743409242,-1.5567410707038432,-60.54684671260655,-0.003793341282037783,0.020188
17.131672143936157,3.431503105575164,0.8042028460247949,-0.06021069887877565,-0.4385675788816527,-1.5037903032398119,-60.49389594514252,-0.0037900238453248466,0.020188
17.158953428268433,3.4340901748556636,0.807759995978524,0.0023500905414000077,-0.4282739082259703,-1.3543313378546074,-60.34443697975731,-0.0037806600403680426,0.020188
17.190025329589844,3.4282692690804413,0.8074366187080197,-0.05720663867746878,-0.4274513173365239,-1.4950462394068404,-60.48515188130955,-0.0037894760179793896,0.020188
17.220038414001465,3.423903589999061,0.806789864168202,-0.17640830605108615,-0.4396414608294646,-1.7755406014426585,-60.765646243345365,-0.003807049366562508,0.020322
17.24765658378601,3.4188911439103196,0.814550918750985,-0.34884467832362226,-0.29498307381588024,-2.322932130379329,-61.31303777228204,-0.0038413441811877744,0.020322
17.278334140777588,3.4145254652884653,0.820048332552794,-0.5470620876760113,-0.08521156321276643,-2.9945592392131353,-61.98466488111584,-0.0038834225217852293,0.020322
17.30651879310608,3.4230951309334134,0.8158444278704285,-0.5336611860292333,-0.021350230467326557,-3.132973658260963,-62.12307930016367,-0.003892094371077326,0.020322
17.33461332321167,3.4235802063719207,0.8100236368831771,-0.5156681154846315,-0.09154091412966821,-2.96908216056584,-61.95918780246854,-0.00388182634858339,0.020322
17.363667011260986,3.4287543445471518,0.808568439156522,-0.4112069430030821,-0.16939779644145841,-2.698171108376229,-61.68827675027893,-0.003864853407235857,0.020322
17.38990068435669,3.4290777281930955,0.8048496005582686,-0.3323424956448239,-0.29730186736168496,-2.2804660119716416,-61.27057165387434,-0.003838683621822752,0.020322
17.41629147529602,3.4274608099751367,0.8080833732494253,-0.3058455153911418,-0.3230049315846222,-2.181126787304572,-61.17123242920727,-0.0038324598859501994,0.020322
17.444308042526245,3.424550357256864,0.805334666459414,-0.33897226711345824,-0.3952523941986145,-2.149373008339904,-61.1394786502426,-0.003830470469041683,0.020322
17.469972133636475,3.4243886654419726,0.8087301277924196,-0.3650318064861972,-0.3788043431922176,-2.2179217677854375,-61.208027409688135,-0.003834765140905793,0.020322
17.496482849121094,3.425358816335726,0.8163294937918674,-0.3660486049662193,-0.21729070828910732,-2.515021403700545,-61.505127045603246,-0.0038533788322041135,0.020322
17.52385187149048,3.4188911439103196,0.824413925948471,-0.4815928875642155,0.05534330815825809,2.946629114324222,-62.32666183475806,-0.003904849090351881,0.020322
17.553491592407227,3.4182443766935977,0.814550918750985,-0.5739571372906159,0.051506264475519814,2.991417983390036,-62.28187296569225,-0.003902043007537865,0.020322
17.583620071411133,3.4137170063078597,0.8114788346178867,-0.7189948731221816,-0.011817963762542854,3.1272913161418088,-62.14599963294048,-0.0038935303607157794,0.020322
17.611408710479736,3.42762250179561,0.8129340323606592,-0.5736313663590189,-0.02742151946289885,-3.127468190484696,-62.1175738323874,-0.003891749446125383,0.020322
17.6394202709198,3.432473256546523,0.8171379369962637,-0.3857525112107549,0.044634715300602396,2.9176514659501596,-62.35563948313213,-0.003906664578949586,0.020322
17.667925596237183,3.429239420016508,0.8174613142787219,-0.31165358007179034,0.10145705844054052,2.6197638145598567,-62.653527134522434,-0.003925327640476007,0.020322
17.698030471801758,3.4274608099751367,0.8168145597142055,-0.2913632744899815,0.1284667410354264,2.481082006299373,-62.79220894278292,-0.003934016242061473,0.020322
17.72613000869751,3.4285926527246215,0.8179463802031591,-0.25706436760956985,0.169713944677949,2.261543819123031,-63.01174712995926,-0.0039477706044042825,0.020322
17.754339694976807,3.4310180300934556,0.814874296030247,-0.18999293270382728,0.13794868878169994,2.087079834641968,-63.186211114440326,-0.003958701007397888,0.020322
17.78084707260132,3.432149872888226,0.807921684613925,-0.12294723449263979,-0.021521031573919484,0.0,-63.186211114440326,-0.003958701007397888,0.0
17.808812141418457,3.4323115647172275,0.812772343722175,-0.07314443232711945,-0.03740515627941906,0.0,-63.186211114440326,-0.003958701007397888,0.0
17.838420629501343,3.426814042696183,0.8134190982767101,-0.13589012408145035,-0.03575808616720958,0.0,-63.186211114440326,-0.003958701007397888,0.0
17.86948800086975,3.4326349483761125,0.8103470141568607,-0.07646282818837045,-0.09524343448730174,-1.2606239042497498,-60.250729546152456,-0.0037747891437709927,0.0
17.89779782295227,3.4295628036642154,0.8171379369962637,-0.08940917530362681,-0.0028406252164803595,0.0,-60.250729546152456,-0.0037747891437709927,0.0
17.92478036880493,3.4357070931942433,0.8051729778255998,0.010619292082696812,-0.17432886899730687,-0.9473492190035716,-59.93745486090628,-0.003755162063903359,0.0
17.95218777656555,3.428430960902385,0.805334666459414,-0.0485473843062576,-0.29117915038749387,-1.3817140551116167,-60.371819697014324,-0.0037823756043887163,0.0
17.986698389053345,3.427784193616377,0.8116405232555741,-0.10144731091646325,-0.2485062648338112,-1.5755294334155536,-60.56563507531826,-0.003794518398200983,0.0
18.015167474746704,3.432149872888226,0.8187548234125551,-0.060965299241448175,-0.07820971235265946,-0.9688885185820163,-59.95899416048472,-0.0037565115299567258,0.0
18.0479576587677,3.4340901748556636,0.8172996256374427,0.0018218702875371269,0.012274469679532572,0.3146748923129104,-58.67543074958979,-0.0036760945579916585,0.0
18.07427191734314,3.428430960902385,0.8164911824325468,-0.05470557956286675,0.05965595011301832,1.0577391958016695,-57.932366446101035,-0.003629540581184049,0.020183
18.101916074752808,3.4274608099751367,0.8056580437273396,-0.111499674133735,-0.12100679849163556,-1.685021722753245,-60.67512736465595,-0.00380137823721425,0.020183
18.127115726470947,3.4331200238666475,0.8139041641936581,-0.050777072909371175,-0.0847047676405636,-0.9132473972447747,-59.90335303914748,-0.003753025538959552,0.020183
18.155911445617676,3.427137426335072,0.8166528710733262,-0.11449134599307306,-0.005038026617186439,0.0,-59.90335303914748,-0.003753025538959552,0.020183
18.186859846115112,3.432796640205997,0.8118022118933612,-0.058612870093173924,-0.04501598885979859,0.0,-59.90335303914748,-0.003753025538959552,0.020183
18.21332287788391,3.432473256546523,0.8095385709733975,-0.02523956382466339,-0.1176814129381047,-0.9130385954481297,-59.90314423735084,-0.003753012457246499,0.020183
18.242749452590942,3.426814042696183,0.8098619482464846,-0.10235671612974163,-0.1621642311724052,-1.5895247913848114,-60.57963043328752,-0.003795395226178395,0.020183
18.277456045150757,3.4300478791379825,0.8139041641936581,-0.09892245684467892,-0.11351497051710453,-1.5620914655416194,-60.55219710744433,-0.0037936764914618124,0.020183
18.30395770072937,3.42972449548851,0.8168145597142055,-0.10226010202898439,-0.022013679234925147,0.0,-60.55219710744433,-0.0037936764914618124,0.020024
18.336024045944214,3.436677244211526,0.8153593619498886,0.01884852464909377,0.01331382017105874,0.2874242794247021,-58.702681362478,-0.003677801845496164,0.020024
18.361666202545166,3.4274608099751367,0.806789864168202,-0.060011801185378404,-0.1311058645741567,-1.2245946852954366,-60.214700327198145,-0.0037725318648037217,0.020024
18.3903751373291,3.435222017689578,0.813580786915593,0.022585013398972013,-0.09815709261710732,-0.5587354608735142,-59.54884110277622,-0.0037308148899129483,0.020024
18.41693949699402,3.429239420016508,0.8130957209992431,-0.025817312844976233,-0.08466742031055637,-0.7067162964188476,-59.696821938321555,-0.0037400860880496415,0.020024
18.4440860748291,3.43554540135906,0.8114788346178867,0.05226278227634702,-0.10713954311279472,-0.5117790619820382,-59.50188470388475,-0.0037278730084436065,0.020024
18.471123456954956,3.431988181059519,0.8080833732494253,0.04376095258110742,-0.18989130461039974,-0.8661121235565511,-59.85621776545926,-0.003750072450743904,0.020024
18.497344970703125,3.4306946464404553,0.813580786915593,0.014843164683192668,-0.1393069006424694,-0.8000193883713801,-59.79012503027409,-0.0037459316520990008,0.020024
18.524422883987427,3.4229334391211643,0.8116405232555741,-0.14319832249799644,-0.142195690012297,-1.9314615538883062,-60.92156719579101,-0.0038168180236893474,0.020024
18.550713539123535,3.4357070931942433,0.8111554573428102,-0.027033110953382955,-0.15379231056378756,-1.0714587379477651,-60.06156437985047,-0.003762937691987502,0.019866
18.579143285751343,3.424065281813071,0.8109937687054213,-0.15241602349276243,-0.16510143427677143,-1.9365155821161508,-60.92662122401886,-0.003817134665347141,0.019866
18.610692977905273,3.4250354327033,0.8106703914309421,-0.2229591832519799,-0.17940079952385496,-2.2460304779073437,-61.236136119810055,-0.0038365261893547145,0.019866
18.638633489608765,3.425358816335726,0.8134190982767101,-0.2665977687022593,-0.13515503643832055,-2.557308389520831,-61.54741403142354,-0.003856028168671898,0.019866
18.66895079612732,3.4229334391211643,0.8114788346178867,-0.34020697586781284,-0.14248087440222967,-2.685995327401438,-61.67610096930415,-0.0038640905782014747,0.019866
18.694958925247192,3.42131652101482,0.8129340323606592,-0.420441551799068,-0.11888555691067523,-2.855585991751788,-61.8456916336545,-0.0038747156611423257,0.019866
18.722625732421875,3.4306946464404553,0.7935313964506023,-0.31009858838294324,-0.48534754251820517,-1.998711882322133,-60.98881752422485,-0.0038210313471063293,0.019866
18.74870753288269,3.4300478791379825,0.812772343722175,-0.24434176742193583,-0.3620837139404249,-1.9750047953493448,-60.965110437252065,-0.0038195460662606134,0.019866
18.777472972869873,3.4290777281930955,0.8064664868988883,-0.21553687273805303,-0.40026711699822587,-1.8687366304896407,-60.85884227239236,-0.003812888222977013,0.019866
18.8032009601593,3.42972449548851,0.8176230029201009,-0.18389019315432525,-0.20678273476293868,-2.0031949719711,-60.99330061387382,-0.003821312218695188,0.019866
18.829349994659424,3.4274608099751367,0.8106703914309421,-0.2019289036477507,-0.2085777098641735,-2.078609391272721,-61.068715033175444,-0.0038260370333722533,0.019707
18.8618323802948,3.4226100554975476,0.813580786915593,-0.3006803965544306,-0.15238738432011323,-2.582810575184508,-61.57291621708723,-0.0038576259148620415,0.019707
18.889015436172485,3.4310180300934556,0.8129340323606592,-0.22052415296522979,-0.1258201138531952,-2.4527374714797707,-61.442843113382494,-0.0038494766601814795,0.019707
18.919015407562256,3.426167275421931,0.8114788346178867,-0.25053918145734044,-0.1359464285926419,-2.514115922616533,-61.504221564519256,-0.003853322102597825,0.019707
18.948232173919678,3.4300478791379825,0.814874296030247,-0.20265018257401385,-0.07601357250771441,-2.698676435325654,-61.688782077228375,-0.0038648850666480696,0.019707
18.975385189056396,3.4302095709631595,0.8187548234125551,-0.16625707000596257,0.04253517227560829,2.3031742173326637,-62.97011673174964,-0.003945162404032332,0.019707
19.001457691192627,3.4302095709631595,0.8088918164284165,-0.140781891208303,-0.06916155736079269,-2.32338236931617,-61.31348801121889,-0.0038413723892619964,0.019707
19.035159826278687,3.4264906590584694,0.8122872778073198,-0.18897797177331152,-0.08032799236412629,-2.600275563888719,-61.59038120579144,-0.0038587201198659197,0.019707
19.063419342041016,3.432958332036175,0.807759995978524,-0.1078826947008334,-0.17750619766370035,-1.6049686011987767,-60.59507424310149,-0.003796362801609653,0.019707
19.092896699905396,3.4264906590584694,0.8090535050645127,-0.16594853421809594,-0.21999902701688434,-1.8898078354007875,-60.879913477303504,-0.00381420836227066,0.019707
19.120012044906616,3.42762250179561,0.8116405232555741,-0.18649892912620625,-0.19868017847438235,-2.028897271562258,-61.01900291346497,-0.003822922502291709,0.019556
19.148259162902832,3.4250354327033,0.8130957209992431,-0.2468172171953853,-0.15503358041065984,-2.4237648061134673,-61.41387044801618,-0.003847661483775905,0.019556
19.174911975860596,3.4256821999693265,0.8169762483551846,-0.2775567660606126,-0.047885216762604564,-3.0380159816905548,-62.02812162359327,-0.0038861451450789737,0.019556
19.203550577163696,3.4185677603013715,0.814550918750985,-0.42539022629462914,-0.02075370296908842,3.113426688464259,-62.15986426061804,-0.0038943989982648006,0.019556
19.22920060157776,3.4282692690804413,0.8105087027938517,-0.35662486046272335,-0.08154887692952974,-2.9392451693127852,-61.9293508112155,-0.0038799570209999213,0.019556
19.262086391448975,3.426814042696183,0.7920761988146173,-0.3343264237763468,-0.48793526848986946,-2.035200041849702,-61.025305683752414,-0.0038233173793170323,0.019556
19.289567947387695,3.4218015964436423,0.8061431096299714,-0.4077127261151455,-0.4947461837210414,-2.1484187355677014,-61.13852437747041,-0.0038304106825705845,0.019556
19.321969509124756,3.42131652101482,0.803879468758652,-0.46769557697220343,-0.5441946739311749,-2.1854938506260506,-61.17559949252876,-0.0038327334883337767,0.019556
19.354952812194824,3.419537911131733,0.8092151937007083,-0.5412625159773462,-0.4734894711007257,-2.3492024881737743,-61.33930813007648,-0.003842990054393833,0.019397
19.382254600524902,3.417597609481567,0.7940164623310312,-0.6272091290043006,-0.7239958150968672,-2.216073400896275,-61.20617904279898,-0.0038346493382371873,0.019397
19.41170382499695,3.4264906590584694,0.8090535050645127,-0.529477038230523,-0.6025417592201019,-2.2089451040791266,-61.19905074598183,-0.0038342027408658085,0.019397
19.440926790237427,3.425358816335726,0.8111554573428102,-0.4811602671872605,-0.4760345590092583,-2.2724580999688113,-61.26256374187152,-0.003838181915378361,0.019397
19.46901535987854,3.4247120490720486,0.8129340323606592,-0.45882178019843567,-0.3523731361356011,-2.406361372291161,-61.39646701419387,-0.0038465711352680663,0.019397
19.4948570728302,3.423741898185344,0.8134190982767101,-0.46040971826200167,-0.25623567206653775,-2.5828162702105977,-61.5729219121133,-0.003857626271663075,0.019397
19.52097511291504,3.423418514558791,0.810832080068132,-0.46726290118343183,-0.240003276653675,-2.625363024811876,-61.61546866671458,-0.0038602918829939484,0.019397
19.549412727355957,3.4264906590584694,0.8140658528328402,-0.4175146787559017,-0.16481081299166087,-2.74930261792243,-61.73940825982513,-0.0038680568649963444,0.019397
19.575626850128174,3.426328967240053,0.8051729778255998,-0.3855617362863424,-0.28770800043993033,-2.401692461413916,-61.39179810331662,-0.0038462786217296338,0.019397
19.607389211654663,3.4282692690804413,0.8166528710733262,-0.32874491745689893,-0.1471402895767446,-2.677167659874233,-61.66727330177693,-0.003863537512972264,0.019397
19.643144607543945,3.428107577258793,0.8092151937007083,-0.29184395756337755,-0.19555140205262886,-2.421734403376774,-61.41184004527947,-0.0038475342763169117,0.019238
19.6716890335083,3.425358816335726,0.8126106550837903,-0.3148171107202403,-0.16241790496111233,-2.5929476103600213,-61.583053252262715,-0.0038582610137333525,0.019238
19.697936296463013,3.4313414137476337,0.8156827392301486,-0.22467822611392685,-0.07858615907517355,-2.804758210316552,-61.794863852219244,-0.0038715312323560013,0.019238
19.724118947982788,3.4305329546143954,0.8124489664455052,-0.17593507376874726,-0.08373372422152538,-2.521697196381266,-61.511802838283955,-0.0038537970795834734,0.019238
19.751333951950073,3.4282692690804413,0.814550918750985,-0.1820062536945745,-0.04584765819032496,-3.0576632335238303,-62.04776887542652,-0.003887376071799426,0.019238
19.778136253356934,3.433605099359831,0.8194015779818734,-0.09151923823929894,0.07641726999564345,1.3714294278366603,-63.901861521245614,-0.004003537466751871,0.019238
19.805829524993896,3.429886187313099,0.8143892301115035,-0.09420703566589832,0.0630665483934461,1.371338720489075,-63.9019522285932,-0.004003543149689049,0.019238
19.831755876541138,3.4344135585210243,0.8137424755545757,-0.015705718243639057,0.040955085818619424,0.6826781297896078,-64.59061281929267,-0.0040466886608072836,0.019238
19.865726709365845,3.435060325855278,0.8151976733099081,0.05072845794649338,0.05420046633044021,0.5156361478234912,-64.7576548012588,-0.004057154065372995,0.019238
19.89179277420044,3.4306946464404553,0.7999989415957923,0.019720418438941813,-0.2365277600874325,-0.9730629294524916,-66.24635387853478,-0.004150423062405448,0.01909
19.921202182769775,3.432149872888226,0.8158444278704285,0.02385211130731434,-0.12727156827960012,-0.5646514613484486,-65.83794241043073,-0.00412483553528995,0.01909
19.94731855392456,3.4290777281930955,0.8169762483551846,-0.027801157627541127,-0.028451808270864215,0.13327895255895264,-65.14001199652333,-0.004081109257295139,0.01909
19.974966526031494,3.4323115647172275,0.8160061165108082,-0.00654217852159769,0.02157308737798359,0.5211592356456498,-64.75213171343663,-0.004056808036501506,0.01909
20.002310514450073,3.433766791191481,0.798867121184007,0.03417642784645118,-0.28170734965706523,-1.0225119154188589,-66.29580286450114,-0.0041535211078034436,0.01909
20.027851104736328,3.437485703400696,0.8166528710733262,0.1287081634342078,-0.14293983402873098,-0.40108519544447424,-65.67437614452676,-0.00411458788900463,0.01909
20.05474853515625,3.431179721920398,0.8074366187080197,0.08291865240789736,-0.22771746539844911,-0.7632027871257544,-66.03649373620804,-0.004137275042573449,0.01909
20.082310676574707,3.428916036369977,0.7974119235188106,0.010674607829655887,-0.48493413913561895,-1.300474042241587,-66.57376499132387,-0.004170935808448789,0.01909
20.108824253082275,3.428430960902385,0.8166528710733262,-0.04850866328338625,-0.2851985866637164,-1.315167247955437,-66.58845819703772,-0.004171856357524852,0.01909
20.135608911514282,3.4269757345154805,0.8139041641936581,-0.11577427250546628,-0.1996390193610231,-1.5948296370733543,-66.86812058615564,-0.004189377581887036,0.018938
20.162538051605225,3.429401111840215,0.8084067505207239,-0.1197979996544483,-0.24825795939894876,-1.6086988542108034,-66.8819898032931,-0.0041902465069718845,0.018938
20.197596788406372,3.428916036369977,0.8143892301115035,-0.1312270486139703,-0.16420611218277212,-1.728015843729229,-67.00130679281152,-0.004197721876649467,0.018938
20.224061250686646,3.4203463701650993,0.814550918750985,-0.29138048102053343,-0.10217832976319548,-2.824144516779047,-68.09743546586134,-0.004266395810498436,0.018938
20.25385594367981,3.4331200238666475,0.8156827392301486,-0.17669363773013533,-0.03641845643663028,3.033768157685634,-68.52270809857625,-0.004293039712227218,0.018938
20.282097101211548,3.4310180300934556,0.8126106550837903,-0.1337334217882336,-0.051024843029909686,0.0,-68.52270809857625,-0.004293039712227218,0.018938
20.30916476249695,3.426328967240053,0.8164911824325468,-0.1869148564089589,0.015346431216405089,2.4729597976178725,-69.08351645864401,-0.004328175109346323,0.018938
20.339565753936768,3.4272991181549575,0.8134190982767101,-0.20691698118702945,0.0011680250798658603,2.7008282177577754,-68.85564803850411,-0.004313898846717943,0.018938
20.366918325424194,3.4243886654419726,0.8172996256374427,-0.2725931063377233,0.06783888588229518,2.534070473015194,-69.0224057832467,-0.00432434644343977,0.018782
20.39746117591858,3.42762250179561,0.8181080688448383,-0.261150129609906,0.13046593548237964,2.276986547727611,-69.27948970853429,-0.004340453096712246,0.018782
20.426490306854248,3.427945885437438,0.8126106550837903,-0.24739841935237017,0.06579423131338777,2.4609284906793865,-69.09554776558251,-0.004328928886888253,0.018782
20.455233097076416,3.4230951309334134,0.8174613142787219,-0.3238966182027029,0.1162687196494932,2.494795874981333,-69.06168038128057,-0.00432680704976605,0.018782
20.485511302947998,3.4287543445471518,0.8093768823370032,-0.27696689490573206,-0.007973606288912442,2.9350776061277366,-68.62139865013417,-0.0042992228078580896,0.018782
20.515946626663208,3.424550357256864,0.8210184644121803,-0.3187572327736898,0.13484400070965144,2.4278829382952205,-69.12859331796669,-0.0043309992351368036,0.018782
20.544488191604614,3.426652350877179,0.8215035303432267,-0.3106898976341587,0.24439079396213775,2.170900845115638,-69.38557541114628,-0.004347099508490918,0.018782
20.577769994735718,3.4310180300934556,0.8160061165108082,-0.22753080372102893,0.21256290894108495,1.987222773111571,-69.56925348315035,-0.004358607186445566,0.018782
20.605491876602173,3.4211548292058,0.8198866439099136,-0.3444390443592242,0.2668791352817756,2.2107096851647587,-69.34576657109716,-0.004344605431184709,0.018782
20.631086826324463,3.424550357256864,0.810832080068132,-0.36598773739115004,0.12617708849014142,2.5549993575464662,-69.00147689871545,-0.00432303522070911,0.018782
20.657724618911743,3.4258438917865672,0.8151976733099081,-0.3581053169888307,0.1138558682005078,2.5756096982687557,-68.98086655799317,-0.004321743955175996,0.018782
20.68526005744934,3.4290777281930955,0.8116405232555741,-0.2951713574348847,0.035018248177791415,2.746326758076135,-68.8101494981858,-0.004311048302046622,0.018623
20.712814569473267,3.423903589999061,0.8105087027938517,-0.34298360918128257,-0.04250851112671166,-3.1267728030373307,-68.40006375211968,-0.004285355879167662,0.018623
20.7394061088562,3.428430960902385,0.8155210505899687,-0.2960694151910405,0.0021589272268684946,2.9137492971073673,-68.64272695915457,-0.0043005590550695616,0.018623
20.765982389450073,3.4250354327033,0.8109937687054213,-0.3235165574407693,-0.055935567823315845,-3.0597318989388307,-68.33302284802119,-0.004281155676466619,0.018623
20.796268701553345,3.4235802063719207,0.8208567757686985,-0.3685668754727068,0.09807913818836679,2.639629943930404,-68.91684631233154,-0.004317733000783818,0.018623
20.822718143463135,3.4318264892311063,0.7978969894063226,-0.2536906212504405,-0.24730204913067189,-2.1441543325728296,-67.41744528165519,-0.004223793511994383,0.018623
20.849222421646118,3.4357070931942433,0.8198866439099136,-0.10437772008009119,-0.05502633536845637,0.0,-67.41744528165519,-0.004223793511994383,0.018623
20.883410692214966,3.426167275421931,0.8155210505899687,-0.16923667843776444,-0.006603549742346957,2.561675263378023,-68.99480099288392,-0.004322616966240699,0.018623
20.911405086517334,3.42762250179561,0.8150359846700277,-0.18880063007995057,0.017717932061647235,2.4542319155900794,-69.10224434067187,-0.0043293484363134335,0.018472
20.9372718334198,3.4287543445471518,0.8151976733099081,-0.18239970321980806,0.03793445870056771,2.254900532603318,-69.30157572365863,-0.004341836815228994,0.018472
20.965697050094604,3.423741898185344,0.8169762483551846,-0.266914264376986,0.08719241061525326,2.4331038593915255,-69.12337239687042,-0.004330672137416607,0.018472
20.9962055683136,3.42762250179561,0.8151976733099081,-0.25717494023742143,0.08656659368809047,2.4015453738006767,-69.15493088246127,-0.004332649318932906,0.018472
21.022560834884644,3.428916036369977,0.7930463305710572,-0.22739090702204623,-0.3511055044359908,-1.9009147781504983,-67.17420572723286,-0.004208554227154424,0.018472
21.051233053207397,3.431664797402988,0.8113171459802987,-0.15773825673693456,-0.2968376913314605,-1.7143716700234661,-66.98766261910583,-0.004196867050837931,0.018472
21.078294038772583,3.4272991181549575,0.814874296030247,-0.18649336141660977,-0.18863745642488816,-1.9873688681769044,-67.26065981725927,-0.004213970692032518,0.018472
21.104697227478027,3.4310180300934556,0.8126106550837903,-0.14059322836876045,-0.15757814302169604,-1.738413131543902,-67.01170408062626,-0.004198373280698238,0.018472
21.130661487579346,3.431988181059519,0.8121255891692339,-0.09123825487046781,-0.14541109166745828,-1.2977390502410082,-66.57102999932337,-0.004170764457525912,0.018472
21.160658836364746,3.433766791191481,0.8122872778073198,-0.025110825597763165,-0.13370266637879147,-0.7737859081490226,-66.04707685723139,-0.0041379380893223775,0.018472
21.18875002861023,3.428430960902385,0.8111554573428102,-0.07355846668258484,-0.14784719402034172,-1.1586818030534074,-66.43197275213578,-0.004162052334187317,0.018323
21.216835975646973,3.429886187313099,0.8137424755545757,-0.0816344955762405,-0.10668453387102765,-1.0395719231835432,-66.31286287226591,-0.0041545899402074355,0.018323
21.244344234466553,3.423903589999061,0.8190782006970141,-0.1935078058802211,0.027448478166270638,2.3906689735869295,-69.16580728267502,-0.00433333074001709,0.018323
21.271002054214478,3.429401111840215,0.8114788346178867,-0.1742114730167977,-0.028658414179010706,2.920526648059391,-68.63594960820255,-0.004300134444928076,0.018323
21.29715132713318,3.4306946464404553,0.8066281755334956,-0.13773753323535143,-0.16367791789320202,-1.7096470457259907,-66.98293799480835,-0.004196571046778879,0.018323
21.333056449890137,3.4376473952394133,0.810832080068132,0.011239204267079472,-0.17521284873234363,-0.7945011777933118,-66.06779212687567,-0.004139235928793411,0.018323
21.364126920700073,3.4282692690804413,0.8071132414379124,-0.05098425906951681,-0.25669155425267787,-1.2594391115980772,-66.53273006068044,-0.0041683649149197805,0.018323
21.39356231689453,3.4260055836041023,0.8161678051512878,-0.13473206894961898,-0.13500324542134096,-1.7253933246245374,-66.9986842737069,-0.004197557572304607,0.018323
21.419820308685303,3.432473256546523,0.814227541472122,-0.07852300302416179,-0.08811930176471787,-0.8373962433081062,-66.11068719239047,-0.0041419233622709195,0.018164
21.447808504104614,3.4313414137476337,0.8139041641936581,-0.05927235072667187,-0.06168351993171903,-0.3136720575722149,-65.58696300665459,-0.004109111338490663,0.018164
21.475991010665894,3.428430960902385,0.8156827392301486,-0.09747153427281305,-0.00807208955459969,0.0,-65.58696300665459,-0.004109111338490663,0.018164
21.501522302627563,3.431179721920398,0.8103470141568607,-0.0754071359870146,-0.07586323685847554,-0.6510904957929067,-65.92438144487528,-0.004130251056915616,0.018164
21.52929997444153,3.4306946464404553,0.8169762483551846,-0.06857449731450325,0.007534023723922984,0.7676886472734213,-64.50560230180895,-0.004041362637688209,0.018164
21.555551052093506,3.4302095709631595,0.8109937687054213,-0.07240409032428936,-0.05217300027538209,0.0,-64.50560230180895,-0.004041362637688209,0.018164
21.58231544494629,3.4285926527246215,0.8071132414379124,-0.10379293869359064,-0.17056366033281065,-1.4479509179770407,-66.7212418670594,-0.004180175432826405,0.018164
21.608951807022095,3.4264906590584694,0.8143892301115035,-0.16308570501301023,-0.10982010283647689,-2.141544262092338,-67.4148352111747,-0.004223629987572546,0.018164
21.64132809638977,3.4318264892311063,0.814874296030247,-0.10985380192866084,-0.05772514447839818,0.0,-67.4148352111747,-0.004223629987572546,0.018164
21.66754388809204,3.4287543445471518,0.8118022118933612,-0.12713692351391312,-0.08189697136264827,0.0,-67.4148352111747,-0.004223629987572546,0.018003
21.6955988407135,3.4232568227459557,0.8150359846700277,-0.23684275799036258,-0.03498746307256295,3.0783352917489566,-68.47814096451299,-0.004290247521408979,0.018003
21.722116470336914,3.434736942187562,0.8088918164284165,-0.1098090968839595,-0.1234274021045162,-1.446149113827175,-66.71944006290954,-0.004180062547375966,0.018003
21.74946403503418,3.428107577258793,0.8126106550837903,-0.1385888831623173,-0.11193110499743568,-1.8333574116299407,-67.10664836071231,-0.00420432166738885,0.018003
21.77957057952881,3.4331200238666475,0.8140658528328402,-0.0697395192293709,-0.07516029283229335,-0.5737468831538106,-65.84703783223618,-0.004125405375684379,0.018003
21.81204390525818,3.43554540135906,0.8046879119247516,0.021517237807270752,-0.2345271040857895,-0.9354590770776738,-66.20875002616005,-0.0041480671305391065,0.018003
21.838754892349243,3.424550357256864,0.8156827392301486,-0.10981833987457469,-0.12906259846244755,-1.4574824676761031,-66.73077341675848,-0.004180772597219242,0.018003
21.873326778411865,3.4258438917865672,0.812772343722175,-0.1787867387272069,-0.11268425310139163,-2.277324342807961,-67.55061529189034,-0.004232136792029298,0.018003
21.898836374282837,3.4306946464404553,0.813580786915593,-0.14094021923263525,-0.08526196458616445,0.0,-67.55061529189034,-0.004232136792029298,0.018003
21.927413940429688,3.4260055836041023,0.8119639005312479,-0.1977012410638124,-0.09798125610131643,-2.531965524739182,-67.80525647382156,-0.004248090404149043,0.018003
21.954200506210327,3.4224483636861796,0.8160061165108082,-0.3005918458502338,-0.027097526103337342,3.0502815822903435,-68.50619467397162,-0.004292005123992461,0.017844
21.98652482032776,3.428430960902385,0.8174613142787219,-0.2663951808592827,0.05124448945778782,2.5658737264094,-68.99060252985257,-0.004322353926891787,0.017844
22.013660430908203,3.4260055836041023,0.8017775165383699,-0.28551971420246564,-0.2034905626579644,-2.371275202619333,-67.64456615170171,-0.0042380229396051915,0.017844
22.042784929275513,3.420993137397073,0.7912677556869487,-0.3879020947538862,-0.5892518939644548,-2.026004263177428,-67.2992952122598,-0.004216391251430087,0.017844
22.070821285247803,3.421639904633741,0.8090535050645127,-0.44808650887793977,-0.5082210144274131,-2.1848493899668227,-67.45814033904921,-0.004226343112007746,0.017844
22.101901292800903,3.4308563382668087,0.8098619482464846,-0.32657924496750734,-0.43554195221492475,-2.0539982534686954,-67.32728920255109,-0.00421814511252751,0.017844
22.12704086303711,3.4306946464404553,0.8182697574866175,-0.24439497360083243,-0.21870916177207075,-2.18696419538092,-67.4602551444633,-0.00422647560740786,0.017844
22.152931690216064,3.426328967240053,0.8169762483551846,-0.2643779426777755,-0.09245812371559659,-2.8303249368826338,-68.10361588596501,-0.004266783022120387,0.017844
22.17904543876648,3.423741898185344,0.8176230029201009,-0.32429903199755006,0.00868356053490838,2.8718411562097885,-68.68463510005218,-0.00430318465639402,0.017844
22.205093383789062,3.4260055836041023,0.8190782006970141,-0.32605240999923174,0.10820614425042806,2.488430023859877,-69.06804623240208,-0.0043272058788903665,0.017695
22.23277997970581,3.4295628036642154,0.8150359846700277,-0.2641218825712402,0.0980847178565861,2.3410221816654713,-69.2154540745965,-0.004336441178223895,0.017695
22.261406660079956,3.429886187313099,0.8161678051512878,-0.21502888669824932,0.11334014505513944,2.088703071632374,-69.46777318462959,-0.004352249309419872,0.017695
22.288753986358643,3.4272991181549575,0.8105087027938517,-0.22659680238950644,0.01231681668742903,2.6240048881297287,-68.93247136813224,-0.004318711931519621,0.017695
22.31623148918152,3.4248737408875276,0.8084067505207239,-0.2777565416624562,-0.09988887416503445,-2.802515739685177,-68.07580668876756,-0.004265040738558533,0.017695
22.345162630081177,3.4300478791379825,0.7945015282123444,-0.22170233471762646,-0.4529009298700627,-1.80459342900327,-67.07788437808566,-0.004202519565237248,0.017695
22.371923208236694,3.4331200238666475,0.814550918750985,-0.12791893531807944,-0.30426470214430695,-1.5822225668843353,-66.85551351596672,-0.004188587732004016,0.017695
22.403959274291992,3.4308563382668087,0.8063047982643804,-0.10246194347564191,-0.36298529801102175,-1.4995871809010104,-66.7728781299834,-0.00418341051406407,0.017695
22.430350303649902,3.4302095709631595,0.8166528710733262,-0.09612530263708643,-0.19983439787650348,-1.3833930925841753,-66.65668404166657,-0.004176130798341909,0.017544
22.46085286140442,3.4310180300934556,0.8182697574866175,-0.07733558722309675,-0.0537138737351766,0.0,-66.65668404166657,-0.004176130798341909,0.017544
22.489234447479248,3.428916036369977,0.8197249552671334,-0.10150335991202422,0.07729389797503558,1.3873804896805553,-63.885910459401835,-0.0040025381112995286,0.017544
22.524293899536133,3.4313414137476337,0.8236054827215286,-0.07535860054818345,0.24559508511894607,1.404144639897241,-63.86914630918515,-0.0040014878147683645,0.017544
22.553810596466064,3.4318264892311063,0.8119639005312479,-0.048444828803266324,0.13361867869225946,1.172332040136318,-64.10095890894607,-0.004016011185548406,0.017544
22.58722186088562,3.431503105575164,0.8198866439099136,-0.03534681538052538,0.2116181741075963,1.2388829532670682,-64.03440799581531,-0.00401184168143972,0.017544
22.61406636238098,3.431988181059519,0.8184314461284966,-0.017565765778734796,0.23749441606926394,1.211262026752859,-64.06202892232952,-0.004013572169590356,0.017544
22.64813256263733,3.440719540231049,0.8197249552671334,0.14990490069386533,0.2811397008381381,0.87345469234382,-64.39983625673855,-0.0040347362528839305,0.017544
22.676432132720947,3.437162319724144,0.8097002596098913,0.20397646726278973,0.11381905915971992,0.45217169673981333,-64.82111925234256,-0.004061130198488244,0.017544
22.70790719985962,3.438617546277908,0.8172996256374427,0.26766388626660303,0.14669460973819667,0.4561834060900437,-64.81710754299232,-0.004060878859508329,0.017544
22.73411798477173,3.427137426335072,0.8172996256374427,0.10841732543010624,0.1697074951431297,0.7488789210856734,-64.52441202799669,-0.004042541092301882,0.017393
22.763818502426147,3.437809087078426,0.8129340323606592,0.18641841892828986,0.09964630177107557,0.43668606298612017,-64.83660488609624,-0.0040621003942455085,0.017393
22.79231333732605,3.438455854437423,0.813580786915593,0.252502438810891,0.06336942382456114,0.2795323462218864,-64.99375860286047,-0.0040719462857129385,0.017393
22.819763660430908,3.434251866688197,0.8192398893393937,0.2241201004045368,0.1496777379786382,0.5114800830986277,-64.76181086598372,-0.004057414448411053,0.017393
22.84734010696411,3.436515552374576,0.8179463802031591,0.2444438527938037,0.1845616425381907,0.5591678752610829,-64.71412307382127,-0.004054426744170769,0.017393
22.875922679901123,3.4344135585210243,0.8239288600120042,0.2213499036781182,0.3270654852768984,0.8271192198485311,-64.44617172923382,-0.00403763923248043,0.017393
22.903011560440063,3.438617546277908,0.8139041641936581,0.2798252917573119,0.22894583099741164,0.5977826993298356,-64.67550824975253,-0.004052007473569711,0.017393
22.929108381271362,3.434575250354146,0.8172996256374427,0.24898772444339395,0.2272833500245787,0.6329599026759111,-64.64033104640644,-0.004049803574524849,0.017393
22.961797952651978,3.4428215342340227,0.8150359846700277,0.3738129222905178,0.18143876189849592,0.42573778075714014,-64.84755316832522,-0.004062786318834509,0.017393
22.989567518234253,3.4376473952394133,0.8208567757686985,0.36932452313521424,0.2642411689936365,0.5610363154805469,-64.71225463360182,-0.004054309683881054,0.01724
23.01668429374695,3.434251866688197,0.8130957209992431,0.3058955594315578,0.16901136281696283,0.46104188952994346,-64.81224905955241,-0.004060574468994185,0.01724
23.045490741729736,3.4420130749962103,0.8206950871253172,0.3992943380462689,0.25235050019134064,0.5171162463478576,-64.7561747027345,-0.00405706133521216,0.01724
23.07406210899353,3.4420130749962103,0.8231204167865686,0.4646734830765562,0.35856023823962513,0.6028042297468881,-64.67048671933547,-0.004051692867943419,0.01724
23.1008358001709,3.441851383149533,0.820048332552794,0.5075680708662793,0.37226875522609315,0.5852681266138617,-64.6880228224685,-0.0040527915283617945,0.01724
23.12724018096924,3.439426005484759,0.8189165120547346,0.49453207697527246,0.3595242911107793,0.5805385041922995,-64.69275244489006,-0.004053087845560035,0.01724
23.154131412506104,3.4397493891695623,0.8118022118933612,0.4911485085626871,0.2101776335497855,0.38985408674846056,-64.8834368623339,-0.004065034480468445,0.01724
23.183316230773926,3.435222017689578,0.8119639005312479,0.4083972302226126,0.10882646259384561,0.2734454972337274,-64.99984545184863,-0.004072327634978804,0.01724
23.21249032020569,3.4428215342340227,0.8163294937918674,0.485399576335963,0.1240508557611457,0.26344526722642286,-65.00984568185594,-0.004072954162822552,0.017092
23.240664958953857,3.437485703400696,0.8164911824325468,0.44456436737687655,0.13789942037014677,0.30505783939591263,-64.96823310968645,-0.004070347079275963,0.017092
23.268739223480225,3.439911081012406,0.8211801530557621,0.45904192550717954,0.24014660882017402,0.454136110421664,-64.8191548386607,-0.004061007125332183,0.017092
23.295640230178833,3.434898634021273,0.8190782006970141,0.38018099506558467,0.27023027805010963,0.5621361038077801,-64.71115484527458,-0.004054240780664954,0.017092
23.32278871536255,3.43700062788631,0.812772343722175,0.36229891974853984,0.16682076045739547,0.4075614297882562,-64.8657295192941,-0.004063925091639876,0.017092
23.353832006454468,3.432149872888226,0.8219885962751756,0.26365706222405927,0.27634899415685243,0.7033833817797142,-64.56990756730265,-0.004045391448955747,0.017092
23.381426334381104,3.4403961565427075,0.8160061165108082,0.34101925292190505,0.2349336490773816,0.5447760728733448,-64.72851487620902,-0.0040553284099235625,0.017092
23.412938594818115,3.4421747668431832,0.8009690733811715,0.42675173722621745,-0.09086559697182353,-0.11062480325078689,-65.38391575233315,-0.004096390155244277,0.017092
23.4394953250885,3.438294162597231,0.8192398893393937,0.417864948003119,0.04171322342117115,0.14253168157650484,-65.13075926750587,-0.004080529561392559,0.017092
23.470659255981445,3.440719540231049,0.8169762483551846,0.45470640034118137,0.08983754591967275,0.21751410911729224,-65.05577683996508,-0.004075831811579624,0.017092
23.49739408493042,3.434736942187562,0.8161678051512878,0.37427531394811864,0.10756712469930521,0.28812172039693146,-64.98516922868544,-0.0040714081498823525,0.016934
23.529312133789062,3.440719540231049,0.8215035303432267,0.4241936565026601,0.22529698075489613,0.4590522688800116,-64.81423868020235,-0.004060699121400656,0.016934
23.56106734275818,3.4376473952394133,0.8185931347704759,0.4045910370836928,0.25026107013992116,0.5132588992814451,-64.76003204980091,-0.00405730300318763,0.016934
23.595310926437378,3.436192168701559,0.8161678051512878,0.3650318813673701,0.21986359165347763,0.49976337332166,-64.7735275757607,-0.0040581485160182005,0.016934
23.621606826782227,3.434898634021273,0.8166528710733262,0.31437396416770225,0.20815982488864243,0.5294381413641243,-64.74385280771823,-0.004056289351936795,0.016934
23.65386390686035,3.432473256546523,0.8118022118933612,0.23585122015796045,0.10422250719428454,0.38770992687041933,-64.88558102221194,-0.004065168814965158,0.016934
23.683879137039185,3.4395876973270134,0.8182697574866175,0.30720109513238464,0.1591259598143706,0.4418164550488802,-64.83147449403347,-0.004061778968290874,0.016934
23.71540403366089,3.439264313642799,0.8224736622080275,0.35140438031382515,0.28053710209585825,0.6109407719359154,-64.66235017714644,-0.004051183102645067,0.016934
23.74293804168701,3.4339284830234256,0.803232714227554,0.28760983250109906,-0.014262330802789849,0.03762833413495086,-65.2356626149474,-0.004087101897031486,0.016775
23.770023584365845,3.4426598423858707,0.8206950871253172,0.39797758417324564,0.12405891465750937,0.30343964272434876,-64.96985130635801,-0.004070448461471237,0.016775
23.79780650138855,3.431988181059519,0.8194015779818734,0.2857613139089154,0.19535187098912968,0.53878505545096,-64.7345058936314,-0.004055703755213096,0.016775
23.826148748397827,3.4334434075284754,0.8206950871253172,0.23304724562368684,0.2707888559118567,0.7499858726099569,-64.5233050764724,-0.004042471740301864,0.016775
23.85485816001892,3.438455854437423,0.8194015779818734,0.2851426174976689,0.29806282986716914,0.7184942619578187,-64.55479668712454,-0.0040444447320134155,0.016775
23.88271713256836,3.434736942187562,0.8190782006970141,0.25558066595764417,0.31077163278301134,0.7790062356538003,-64.49428471342856,-0.004040653575572716,0.016775
23.911253690719604,3.440072772855545,0.8182697574866175,0.32962414818238495,0.3037103477264823,0.6711273041900092,-64.60216364489234,-0.004047412335547883,0.016775
23.937845945358276,3.436192168701559,0.8211801530557621,0.3125550591364651,0.35621425796961476,0.7652414312957924,-64.50804951778656,-0.004041515959056669,0.016775
23.966366291046143,3.437485703400696,0.8189165120547346,0.3235732053372175,0.3482861430312481,0.7410536631161094,-64.53223728596625,-0.004043031355225719,0.016775
23.99289560317993,3.44136630761127,0.814227541472122,0.40018543528572925,0.2501832701520981,0.5156502491725873,-64.75764069990977,-0.004057153181904535,0.016616
24.02132773399353,3.437485703400696,0.8203717098388552,0.3849144686417182,0.30278785644142503,0.6094056655704155,-64.66388528351195,-0.004051279279121048,0.016616
24.047531366348267,3.433605099359831,0.8266775669972817,0.305325267396077,0.4640791565213572,0.8997112363212174,-64.37357971276114,-0.0040330912451320665,0.016616
24.074535846710205,3.437485703400696,0.8281327648247918,0.3185123511189459,0.6057064723161895,1.0045153218937732,-64.26877562718859,-0.004026525128382574,0.016616
24.10163426399231,3.438779238118689,0.8206950871253172,0.3507098185926783,0.5580370768407934,0.9312556783783769,-64.34203527070399,-0.004031114943462019,0.016616
24.135990142822266,3.437485703400696,0.8286178307691089,0.35028153695657993,0.6810514851552127,1.021225604864218,-64.25206534421815,-0.00402547820670675,0.016616
24.164198398590088,3.4357070931942433,0.8265158783502841,0.31840279066485994,0.7256722071043977,1.0812106135881652,-64.19208033549421,-0.004021720065329445,0.016616
24.190511226654053,3.4368389360487708,0.8227970394970973,0.31618336309878303,0.6835024541348558,1.0589378941551724,-64.2143530549272,-0.004023115481121938,0.016616
24.21674108505249,3.437809087078426,0.8282944534727967,0.3318546452963689,0.7624942701821203,1.0874537421613952,-64.18583720692098,-0.004021328924937637,0.016616
24.249712705612183,3.4326349483761125,0.825060680531834,0.2509585103760925,0.7539587510631893,1.1687098386875219,-64.10458111039485,-0.004016238121335051,0.016616
24.278640270233154,3.434898634021273,0.8185931347704759,0.23452260447381323,0.6203243093557308,1.1158497157105478,-64.15744123337183,-0.004019549879049105,0.016458
24.30577301979065,3.43554540135906,0.8236054827215286,0.23450072439948913,0.6257163730854385,1.1192289859264564,-64.15406196315593,-0.004019338163230542,0.016458
24.332483530044556,3.4397493891695623,0.8203717098388552,0.30912656175960984,0.5656610284947574,0.9836017202723485,-64.28968922881003,-0.004027835393618406,0.016458
24.36380386352539,3.4360304768654926,0.8295879626604653,0.2953359350974346,0.7055371885975782,1.0946636795988895,-64.17862726948348,-0.004020877212671722,0.016458
24.392549514770508,3.4353837095241717,0.8189165120547346,0.2741992423138754,0.5928121944708225,1.0471356059329147,-64.22615534314946,-0.004023854910333645,0.016458
24.421578884124756,3.4373240115622727,0.8234437940764414,0.2938533199764804,0.6032664031871061,1.0305180561851128,-64.24277289289726,-0.004024896022148498,0.016458
24.447108268737793,3.428430960902385,0.825222369177926,0.1497164352194172,0.6456907336654061,1.2441041816406868,-64.02918676744169,-0.004011514564468186,0.016458
24.478538274765015,3.4305329546143954,0.825060680531834,0.08614118916459093,0.6721962755014907,1.343451350463156,-63.92983959861922,-0.004005290330883625,0.016458
24.508395671844482,3.434251866688197,0.8229587281417827,0.10766722565212673,0.6492607914837898,1.3046828380710314,-63.96860811101134,-0.0040077192302646,0.0163
24.540923833847046,3.4358687850297205,0.8229587281417827,0.15144358628432553,0.6332059526713999,1.2353655092542735,-64.0379254398281,-0.004012062054032274,0.0163
24.57046413421631,3.4360304768654926,0.8260308124098952,0.18495785226472766,0.6826058658278472,1.2142087180480163,-64.05908223103435,-0.004013387555422281,0.0163
24.60248637199402,3.438617546277908,0.807759995978524,0.2543508557679438,0.3565475030706811,0.8316529043673594,-64.441638044715,-0.004037355191055009,0.0163
24.628933429718018,3.435060325855278,0.8284561421209024,0.23976805975458035,0.5368172939756807,1.0480051879962025,-64.22528576108617,-0.0040238004298492275,0.0163
24.663268089294434,3.431179721920398,0.8143892301115035,0.16066057983215554,0.38534656517947585,1.0320396986544673,-64.24125125042791,-0.004024800689203698,0.0163
24.68933367729187,3.432958332036175,0.8291028967143332,0.13686429142301718,0.5697425956256327,1.224857484994802,-64.04843346408757,-0.004012720395868063,0.0163
24.720543146133423,3.435222017689578,0.8265158783502841,0.16039827822484368,0.6477559844336939,1.2311956321327158,-64.04209531694966,-0.004012323302435536,0.0163
24.74660611152649,3.432473256546523,0.8223119735636433,0.12806823999794367,0.6193866298643631,1.2639662608189914,-64.00932468826338,-0.004010270178525978,0.0163
24.778375387191772,3.439264313642799,0.8287795194174161,0.22601138171971122,0.7271876618141673,1.1854639153129936,-64.08782703376937,-0.004015188455927907,0.0163
24.806758880615234,3.4376473952394133,0.8323366697057077,0.2658634447356391,0.872861154616984,1.204755219081117,-64.06853573000124,-0.004013979829831897,0.016147
24.83924174308777,3.4368389360487708,0.8300730286075055,0.2794058209483337,0.93015174555231,1.2127717544898342,-64.06051919459253,-0.004013477583119543,0.016147
24.8679358959198,3.429401111840215,0.8279710761768878,0.15682806576319067,0.92876579510336,1.3345236006282437,-63.93876734845412,-0.004005849666403858,0.016147
24.898236513137817,3.4340901748556636,0.8297496513093778,0.15427722579077907,0.9629020147780016,1.3452955430234184,-63.92799540605895,-0.004005174789742332,0.016147
24.925922632217407,3.434251866688197,0.830719783204972,0.1553624512904453,1.005946305918489,1.3537579949640233,-63.919532954118345,-0.0040046446057602336,0.016147
24.957011461257935,3.4290777281930955,0.8336301789135747,0.06425608036061374,1.0935241222522165,1.453616674676292,-63.819674274406076,-0.003998388325331289,0.016147
24.983534574508667,3.436515552374576,0.813580786915593,0.1325390387630602,0.7590838981613613,1.3129935783131237,-63.96029737076925,-0.004007198551224216,0.016147
25.01167631149292,3.4282692690804413,0.8255457464704119,0.03392562507765918,0.7611459591508019,1.4421664176812512,-63.831124531401116,-0.00399910569931371,0.016147
25.037158966064453,3.423903589999061,0.8346003108237245,-0.11261572142250184,0.9413128171703737,1.6266378569025834,-63.64665309217978,-0.003987548315837132,0.015986
25.06894302368164,3.4318264892311063,0.8329834243088322,-0.07452481341530495,1.0355147217314682,1.5837354663225796,-63.689555482759786,-0.0039902362082398155,0.015986
25.09583854675293,3.4353837095241717,0.8260308124098952,0.01529671835496558,0.9642220041698958,1.4889348033036383,-63.78435614577873,-0.003996175597128245,0.015986
25.13137674331665,3.432796640205997,0.8305580945554539,0.03223877495045838,1.0036788089264546,1.474968180843293,-63.798322768239075,-0.003997050624787422,0.015986
25.160423278808594,3.4310180300934556,0.8313665378040539,0.012519267088181995,1.0472560201077425,1.4983523484365582,-63.77493860064581,-0.003995585575274626,0.015986
25.19103455543518,3.4357070931942433,0.831528226454077,0.0819692017569472,1.0809515575109645,1.435056823222012,-63.83823412586036,-0.003999551124957242,0.015986
25.221049308776855,3.433766791191481,0.8284561421209024,0.09613439404140632,1.0439001320838694,1.416376763654033,-63.85691418542834,-0.004000721455782999,0.015986
25.252240896224976,3.427945885437438,0.8281327648247918,0.002700747203585261,1.0115811552099394,1.5060533325550853,-63.76723761652728,-0.003995103098274498,0.015986
25.278491258621216,3.429239420016508,0.8323366697057077,-0.03973629918176273,1.0719365999940251,1.550889594970011,-63.72240135411236,-0.003992294046203494,0.015837
25.31008744239807,3.4256821999693265,0.8333068016110011,-0.1326001234510689,1.1333343489025651,1.63702267021775,-63.63626827886462,-0.003986897693332518,0.015837
25.3365421295166,3.4308563382668087,0.8362171973487432,-0.10573877516869512,1.2337595862491002,1.6089153508609033,-63.66437559822147,-0.003988658654648139,0.015837
25.366048097610474,3.4302095709631595,0.8336301789135747,-0.09841908482223419,1.252993418483645,1.602246773353657,-63.67104417572872,-0.003989076449987189,0.015837
25.392585039138794,3.4282692690804413,0.8281327648247918,-0.12774506143201797,1.157946455689788,1.6313306280485662,-63.64196032103381,-0.003987254307420811,0.015837
25.42160153388977,3.42762250179561,0.827324321586279,-0.15975649817591225,1.0754561340814965,1.66724789085903,-63.60604305822334,-0.003985004042656348,0.015837
25.447985649108887,3.426167275421931,0.82748601023378,-0.2080018231048129,1.020904398482237,1.7217183634159818,-63.55157258566639,-0.0039815913943778486,0.015837
25.476600885391235,3.4272991181549575,0.8357321313901737,-0.22167785787413777,1.1454841520581263,1.716989772105968,-63.556301176976405,-0.003981887646975564,0.015837
25.506032466888428,3.4208314455886395,0.8305580945554539,-0.3460836083765459,1.1305623124482151,1.830065645775146,-63.44322530330723,-0.003974803291589928,0.015837
25.540473222732544,3.42972449548851,0.8284561421209024,-0.275272908101265,1.0786276605399538,1.7770795810069535,-63.49621136807542,-0.003978122939726386,0.015837
25.56671404838562,3.428916036369977,0.8336301789135747,-0.24005948452673673,1.144401070487245,1.7333685030378643,-63.539922446044514,-0.003980861497480344,0.015686
25.59774374961853,3.4282692690804413,0.8312048491541318,-0.22689334122517238,1.1425701136259652,1.7217311560248445,-63.551559793057535,-0.0039815905929037184,0.015686
25.624284029006958,3.4300478791379825,0.8295879626604653,-0.18609809441151726,1.10937354818942,1.6880827956925875,-63.58520815338979,-0.003983698707879996,0.015686
25.65541672706604,3.426814042696183,0.825222369177926,-0.21495768754054984,0.9999657351670272,1.7320205828140016,-63.54127036626838,-0.003980945946493095,0.015686
25.684126138687134,3.4208314455886395,0.8242522373028814,-0.3413794891430396,0.9042313290887365,1.8921179102192927,-63.38117303886309,-0.003970915633864709,0.015686
25.71819257736206,3.417597609481567,0.8253840578241186,-0.4872910102203175,0.8595576712972639,2.0635581947519475,-63.20973275433043,-0.003960174669734753,0.015686
25.74722981452942,3.4264906590584694,0.8320132924047522,-0.4315343550817243,0.9591371820845561,1.963003701999344,-63.31028724708303,-0.003966474543785394,0.015686
25.777746438980103,3.421963288253836,0.8215035303432267,-0.4728874649452101,0.8213960209245659,2.0700931975649115,-63.203197751517465,-0.0039597652430297375,0.015686
25.8060040473938,3.423903589999061,0.8161678051512878,-0.46738488443851295,0.6196580572027297,2.2064784938706286,-63.066812455211746,-0.003951220521003253,0.015527
25.83562707901001,3.4221249800643236,0.8202100211957745,-0.4951120224060166,0.5582287179375743,2.2979859392824955,-62.97530500979988,-0.003945487456621844,0.015527
25.86251735687256,3.4282692690804413,0.8189165120547346,-0.4054301177406499,0.48969626500881547,2.2576490355110757,-63.0156419135713,-0.003948014617829627,0.015527
25.895156860351562,3.4264906590584694,0.8271626329388786,-0.37423173034597274,0.6044895110802617,2.0973845264913535,-63.17590642259103,-0.003958055404610741,0.015527
25.924246549606323,3.4224483636861796,0.8202100211957745,-0.424163188347746,0.547610735651849,2.220048543900702,-63.05324240518168,-0.003950370339139567,0.015527
25.952760457992554,3.4302095709631595,0.8219885962751756,-0.321316174047554,0.5429019767929693,2.0689454751584186,-63.20434547392396,-0.003959837149380295,0.015527
25.97777557373047,3.4222866718751046,0.8266775669972817,-0.38999311203820375,0.6321590407674316,2.0967650306845647,-63.176525918397815,-0.003958094216855235,0.015527
26.00330114364624,3.4287543445471518,0.8130957209992431,-0.323234440590601,0.4265538730586179,2.2038599485441615,-63.069431000538216,-0.0039513845763855734,0.015527
26.031342267990112,3.420669753780499,0.8263541897033871,-0.42004402932530027,0.5443323891221771,2.2183661998675483,-63.05492474921483,-0.003950475740253217,0.015527
26.05886936187744,3.420993137397073,0.8231204167865686,-0.4820691153398678,0.5629475604912172,2.279169663614218,-62.994121285468154,-0.00394666632156927,0.015376
26.086888313293457,3.428430960902385,0.8257074351168058,-0.3934292695020502,0.6270420122863825,2.1048495586179787,-63.168441390464395,-0.00395758771031987,0.015376
26.112966060638428,3.4230951309334134,0.8187548234125551,-0.4261182133074737,0.5346740816314776,2.2372233429461668,-63.03606760613621,-0.003949294314907635,0.015376
26.14021110534668,3.431179721920398,0.8294262740116538,-0.30545981131128225,0.6806548362408769,1.9419162051133754,-63.331374743969,-0.003967795703793148,0.015376
26.168741703033447,3.4256821999693265,0.8211801530557621,-0.31860658194172997,0.6200753999296851,2.0005482572225843,-63.27274269185979,-0.00396412232696525,0.015376
26.19625473022461,3.429239420016508,0.8334684902622373,-0.26465142958348337,0.8202229984577938,1.823988086265795,-63.44930286281658,-0.003975184058857467,0.015376
26.223233222961426,3.4235802063719207,0.825222369177926,-0.3273612859726066,0.797560350354891,1.9127121253025512,-63.360578823779825,-0.003969625378624543,0.015376
26.248966932296753,3.4250354327033,0.8261925010565908,-0.34542086698787083,0.8008454337169296,1.9337331172791699,-63.339557831803205,-0.003968308385238697,0.015376
26.27910566329956,3.4310180300934556,0.8312048491541318,-0.2518424822686248,0.9020811678867519,1.7837892503335075,-63.48950169874887,-0.003977702569929656,0.015376
26.30513834953308,3.427784193616377,0.8190782006970141,-0.24375387949012028,0.7335844693967142,1.8258689844671256,-63.44742196461525,-0.0039750662180584526,0.015376
26.332197904586792,3.4285926527246215,0.8242522373028814,-0.2237377911096828,0.7177644430495269,1.8017372070506186,-63.47155374203176,-0.003976578106330974,0.015225
26.359729528427124,3.4306946464404553,0.8270009442915789,-0.17240595590035787,0.7609457461861985,1.7121454644072727,-63.5611454846751,-0.00398219114936048,0.015225
26.386550188064575,3.424550357256864,0.8328217356578994,-0.24556457546992524,0.9060662824482628,1.7753336037566085,-63.497957345325766,-0.003978232327546576,0.015225
26.417850732803345,3.425520508152379,0.825060680531834,-0.2795507300564038,0.8544591596494919,1.831523300622401,-63.44176764845997,-0.003974711967555609,0.015225
26.448069095611572,3.425358816335726,0.8279710761768878,-0.306211851465335,0.8757809849713873,1.856686675649605,-63.41660427343277,-0.003973135448306982,0.015225
26.47728443145752,3.426814042696183,0.8192398893393937,-0.29903731747820655,0.7183658307814121,1.9142672038014608,-63.359023745280915,-0.003969527950867574,0.015225
26.50687336921692,3.426652350877179,0.8227970394970973,-0.296885956927352,0.6783879907087732,1.9329495462292994,-63.34034140285308,-0.00396835747701758,0.015225
26.539222240447998,3.426814042696183,0.8253840578241186,-0.2925091913015921,0.7014673344312911,1.9135082556226015,-63.35978269345978,-0.003969575499990512,0.015225
26.568287134170532,3.4251971245193658,0.825222369177926,-0.31815358753018014,0.7144313855363356,1.9439216725439328,-63.32936927653844,-0.003967670058564583,0.015076
26.60255742073059,3.428916036369977,0.8221502849193592,-0.27007596012698787,0.6628679211731676,1.8994895109925223,-63.373801438089856,-0.00397045379317364,0.015076
26.630889177322388,3.4260055836041023,0.8279710761768878,-0.28809625968985136,0.7416671180379603,1.8868673498763286,-63.38642359920605,-0.003971244588523526,0.015076
26.658401012420654,3.432149872888226,0.8266775669972817,-0.1916195633828251,0.7712946396389311,1.7353510630637088,-63.53793988601867,-0.003980737287431456,0.015076
26.68567419052124,3.429886187313099,0.8236054827215286,-0.16427726326636663,0.7313956042836781,1.7025776038473168,-63.57071334523506,-0.0039827905886775285,0.015076
26.71692681312561,3.4272991181549575,0.82748601023378,-0.1910706659872201,0.7800620276237598,1.7324796242137788,-63.5408113248686,-0.003980917186932747,0.015076
26.744950771331787,3.4282692690804413,0.8182697574866175,-0.1926011682474897,0.6322136241150033,1.7804269016086518,-63.492864047473724,-0.0039779132255940725,0.015076
26.77873706817627,3.4260055836041023,0.824575614594161,-0.23386390537419477,0.6531878303319301,1.8450587629614938,-63.42823218612088,-0.003973863952657227,0.015076
26.807506799697876,3.4290777281930955,0.8181080688448383,-0.20820236930461852,0.5402101965971233,1.8584433374881009,-63.414847611594276,-0.003973025391082992,0.014924
26.836912631988525,3.427945885437438,0.8224736622080275,-0.21033498713864265,0.5472960678437852,1.8585210901712654,-63.414769858911114,-0.003973020519772943,0.014924
26.868250131607056,3.437162319724144,0.8260308124098952,-0.04819145421994483,0.6224689464485148,1.500257797712343,-63.773033151370036,-0.003995466196317817,0.014924
26.896132946014404,3.4256821999693265,0.8184314461284966,-0.13851873197781475,0.5250899567079076,1.7055648011093576,-63.56772614797302,-0.003982603436756216,0.014924
26.92206835746765,3.4313414137476337,0.8203717098388552,-0.10126936099423159,0.4952225370304909,1.617564956134364,-63.655725992948014,-0.003988116745258325,0.014924
26.953110456466675,3.424226973627375,0.8113171459802987,-0.2015105853646626,0.2955919376950738,2.166778854039319,-63.10651209504306,-0.00395370775676912,0.014924
26.98012661933899,3.4285926527246215,0.825060680531834,-0.19416748522184665,0.4271271183222611,1.9175857176338653,-63.35570523144851,-0.003969320041518054,0.014924
27.013147354125977,3.43635386053792,0.8197249552671334,-0.05122827069821044,0.4138825924152405,1.4577237435902894,-63.81556720549209,-0.0039981310119466046,0.014924
27.041749000549316,3.4272991181549575,0.8234437940764414,-0.11193637118946609,0.478015681748198,1.6489121966417601,-63.62437875244062,-0.003986152798530282,0.014924
27.075133800506592,3.4306946464404553,0.8211801530557621,-0.09414496195620353,0.4782279917848113,1.5987494273733243,-63.67454152170906,-0.003989295563411011,0.014924
27.102447509765625,3.431503105575164,0.8216652189871094,-0.06733690858758931,0.4879510771698673,1.5241794353997415,-63.74911151368264,-0.003993967473581614,0.014766
27.134490251541138,3.4303712627886305,0.8281327648247918,-0.06866696486048883,0.6224168167701473,1.5394632579933898,-63.73382769108899,-0.003993009921564627,0.014766
27.16129446029663,3.433766791191481,0.8265158783502841,-0.009310922590809413,0.6846279392348577,1.4373548740981588,-63.83593607498422,-0.00399940714898277,0.014766
27.1918044090271,3.431988181059519,0.8255457464704119,0.0006593591740663795,0.7090267879022507,1.4260569229587698,-63.84723402612361,-0.004000114980798734,0.014766
27.219395399093628,3.428916036369977,0.8270009442915789,-0.04690689743401529,0.7548293875831045,1.5117791737575115,-63.76151177532487,-0.003994744366631368,0.014766
27.245420694351196,3.4332817156974147,0.8189165120547346,-0.0026913157705574773,0.627316733760688,1.4090258252506287,-63.86426512383175,-0.004001182001948842,0.014766
27.2739520072937,3.4373240115622727,0.8229587281417827,0.1000299293173984,0.6178451122652264,1.2098585698076536,-64.06343237927473,-0.004013660098053304,0.014766
27.299466371536255,3.433605099359831,0.8289412080658243,0.10590608986908735,0.7293000890392192,1.263950160487876,-64.0093407885945,-0.0040102711872333505,0.014766
27.32577681541443,3.437162319724144,0.8213418416994442,0.1731772996854714,0.6573185663396891,1.116156059022742,-64.15713489005964,-0.00401953068622907,0.014766
27.353312492370605,3.434575250354146,0.8208567757686985,0.1743341299930951,0.5973570321024732,1.0644236503973705,-64.208867298685,-0.004022771791124084,0.014607
27.37931990623474,3.4368389360487708,0.8257074351168058,0.21533530062858972,0.6511286424142748,1.0479991941717748,-64.2252917549106,-0.00402380080537038,0.014607
27.409817218780518,3.429401111840215,0.8203717098388552,0.11197870153941192,0.5834496170249436,1.1627401283921053,-64.11055082069026,-0.004016612131704457,0.014607
27.43683934211731,3.4247120490720486,0.8194015779818734,-0.043624502089743965,0.5169253626463285,1.472926981910308,-63.80036396717206,-0.003997178508642614,0.014607
27.465691328048706,3.4269757345154805,0.8189165120547346,-0.11235535966989828,0.46078391630494486,1.6682026108902175,-63.605088338192154,-0.003984944228163872,0.014607
27.493204355239868,3.4218015964436423,0.7980586780356901,-0.25233298124062625,0.009782784719550259,-2.4967913094402774,-61.48689695134306,-0.0038522366923093502,0.014607
27.519731044769287,3.42131652101482,0.8147126073905661,-0.358929755560061,0.022805387438636446,-2.7469695972667956,-61.737075239169585,-0.0038679106981182156,0.014607
27.555754899978638,3.417435917679293,0.8132574096379267,-0.5024470096553473,0.003197805080955887,-2.8309880159175598,-61.82109365782035,-0.003873174564912671,0.014607
27.581810235977173,3.415333924276394,0.8126106550837903,-0.6402296553089195,-0.02329345996760813,-2.8600857340830594,-61.85019137598585,-0.003874997576044105,0.014456
27.610981464385986,3.4256821999693265,0.8176230029201009,-0.552945472740076,0.05709882515849884,-2.9716034205226136,-61.961709062425406,-0.003881984308906618,0.014456
27.636802434921265,3.4250354327033,0.8129340323606592,-0.5033297977250836,0.020820232781825952,-2.869842097973816,-61.85994773987661,-0.0038756088253480542,0.014456
27.66590189933777,3.41921452752044,0.814874296030247,-0.5719480965102927,0.033723090454415273,-2.931909161549271,-61.922014803452065,-0.0038794974102587297,0.014456
27.690941333770752,3.428107577258793,0.8211801530557621,-0.46208618290074,0.1672231778791627,3.0613905096675342,-62.21190043941485,-0.0038976591347691233,0.014456
27.72498655319214,3.426328967240053,0.8190782006970141,-0.4167617891877318,0.2191838763914046,2.89744760924058,-62.3758433398418,-0.0039079303777132595,0.014456
27.754399061203003,3.427784193616377,0.8184314461284966,-0.3591973943334873,0.24279040766792537,2.7706182458234005,-62.50267270325898,-0.003915876407707334,0.014456
27.788479328155518,3.4264906590584694,0.8237671713667161,-0.3418688239609537,0.3646341313848452,2.410789831670539,-62.86250111741184,-0.003938420141228835,0.014456
27.81481909751892,3.424226973627375,0.8206950871253172,-0.36993020944136806,0.38928643818885245,2.411779213882987,-62.86151173519939,-0.003938358155104141,0.014456
27.848151206970215,3.4323115647172275,0.824413925948471,-0.2460325147912608,0.47994731069283136,2.000541487158803,-63.272749461923574,-0.00396412275111884,0.014456
27.875720262527466,3.428916036369977,0.8202100211957745,-0.21959120920974956,0.4604311953806448,1.9546256888715048,-63.31866526021087,-0.003966999437562441,0.014307
27.902211904525757,3.4318264892311063,0.8211801530557621,-0.1494076548663547,0.4659188513275285,1.7507169003613419,-63.52257404872103,-0.0039797745970830915,0.014307
27.929225206375122,3.42972449548851,0.8265158783502841,-0.1375997406441732,0.5750793634250275,1.6794119201993383,-63.59387902888304,-0.003984241949877652,0.014307
27.95573115348816,3.4274608099751367,0.8253840578241186,-0.16952558689065478,0.6291512953326661,1.7317884136968849,-63.54150253538549,-0.0039809604922001664,0.014307
27.981290817260742,3.432796640205997,0.8221502849193592,-0.09713683872151792,0.6031718580305983,1.5852940078611748,-63.6879969412212,-0.003990138563518759,0.014307
28.007468700408936,3.4339284830234256,0.8318516037544261,-0.02636902082363321,0.7764756232155946,1.4699270006301686,-63.80336394845221,-0.0039973664614998345,0.014307
28.034945726394653,3.4305329546143954,0.8318516037544261,-0.0371186300655496,0.8977882588450868,1.500268169614594,-63.77302277946778,-0.0039954655465042075,0.014307
28.063966035842896,3.439264313642799,0.824413925948471,0.11038057267526856,0.8358985851521941,1.2878344777287745,-63.9854564713536,-0.004008774802673256,0.014307
28.091986179351807,3.436515552374576,0.8248989918858424,0.16482618338330804,0.802150282045493,1.1999001687531263,-64.07339078032925,-0.004014284005256969,0.014307
28.118525505065918,3.434898634021273,0.8266775669972817,0.17422997557883782,0.8136328544442025,1.1934659433824062,-64.07982500569997,-0.004014687118119849,0.014148
28.148549795150757,3.4340901748556636,0.8271626329388786,0.16645856266173734,0.8312451236850363,1.212316878766313,-64.06097407031606,-0.004013506081694679,0.014148
28.174561738967896,3.435060325855278,0.8291028967143332,0.17824345458024896,0.8818715865795207,1.2209669364188145,-64.05232401266356,-0.004012964143962711,0.014148
28.204530000686646,3.437162319724144,0.8219885962751756,0.22381345498328456,0.7768845724423409,1.107767855396682,-64.16552309368569,-0.00402005621845452,0.014148
28.232075691223145,3.440072772855545,0.8216652189871094,0.3073871005003411,0.6970106836301357,0.9424512011352325,-64.33083974794714,-0.004030413528921818,0.014148
28.264390230178833,3.4376473952394133,0.8179463802031591,0.32282644788210635,0.567694704494239,0.7895429124364403,-64.48374803664593,-0.00403999343861786,0.014148
28.292256116867065,3.435060325855278,0.8221502849193592,0.2877009742344784,0.5601522444436986,0.8252292478438006,-64.44806170123857,-0.004037757641765417,0.014148
28.33050036430359,3.439911081012406,0.824413925948471,0.34923755030753234,0.5995533750712208,0.7954167796239323,-64.47787416945845,-0.004039625432947916,0.014148
28.363102674484253,3.438132470757335,0.8202100211957745,0.3607342035490061,0.5441554404455159,0.7155760328019217,-64.55771491628046,-0.004044627562990232,0.01399
28.39700698852539,3.436192168701559,0.8158444278704285,0.3343320978930736,0.4192066720934711,0.5585100351979302,-64.71478091388445,-0.0040544679587344356,0.01399
28.424362659454346,3.436515552374576,0.8189165120547346,0.3215922510357768,0.3923808329179454,0.5242015396874643,-64.74908940939491,-0.0040566174320664184,0.01399
28.454535484313965,3.4318264892311063,0.8129340323606592,0.22942076730550326,0.25551763821343854,0.2999226454340966,-64.97336830364829,-0.004070668806076025,0.01399
28.482540607452393,3.441851383149533,0.8187548234125551,0.3428911698265633,0.27460701978042706,0.26509116112801656,-65.00819978795437,-0.004072851045358611,0.01399
28.510562896728516,3.443468301629583,0.8240905486573925,0.4510285891417356,0.39328873883129195,0.4142727115362829,-64.8590182375461,-0.004063504620822776,0.01399
28.545711994171143,3.441851383149533,0.8231204167865686,0.49801664511192334,0.4572170052875954,0.4753574120413975,-64.79793353704098,-0.004059677582278112,0.01399
28.571825981140137,3.4429832260824704,0.8237671713667161,0.551003980521358,0.5147327497186127,0.5126376746893075,-64.76065327439306,-0.0040573419237428495,0.01399
28.597920894622803,3.4397493891695623,0.825222369177926,0.5306788410449208,0.5837171762374643,0.6075622750779276,-64.66572867400444,-0.004051394770011718,0.01399
28.62384557723999,3.4462170631133953,0.8153593619498886,0.6312837940328846,0.4373254190017292,0.37105825631411277,-64.90223269276825,-0.004066212064494501,0.01399
28.651147603988647,3.437162319724144,0.8237671713667161,0.5409416926001033,0.5008086393185072,0.5024798531727054,-64.77081109590966,-0.004057978324906356,0.01383
28.6796612739563,3.4340901748556636,0.8215035303432267,0.4231567645766231,0.5005660409883346,0.5969055335175363,-64.67638541556484,-0.004052062429186191,0.01383
28.70749282836914,3.439426005484759,0.8224736622080275,0.43544416257251045,0.5195451589176315,0.6111057281091606,-64.66218522097321,-0.004051172767919222,0.01383
28.733713150024414,3.4368389360487708,0.8174613142787219,0.39811232343418573,0.43389436897246675,0.5207967129749965,-64.75249423610738,-0.004056830749033823,0.01383
28.759740829467773,3.443629993479211,0.8231204167865686,0.4925542104509275,0.48564094638642147,0.5175421393716287,-64.75574880971075,-0.004057034652442099,0.01383
28.78577184677124,3.43700062788631,0.8234437940764414,0.44096017051829034,0.5282465295280253,0.6177937456467447,-64.65549720343563,-0.0040507537546361555,0.01383
28.81572127342224,3.4373240115622727,0.8291028967143332,0.4105859697195735,0.6697725706696196,0.8106209998272208,-64.46266994925516,-0.0040386728681276185,0.01383
28.843570232391357,3.444923528286857,0.8213418416994442,0.5242522733102303,0.6156493034809708,0.6484698345042443,-64.62482111457814,-0.0040488318564605675,0.01383
28.875524520874023,3.437162319724144,0.814227541472122,0.466019628094261,0.4373374824669025,0.46785474670756194,-64.80543620237482,-0.0040601476343399695,0.01383
28.903050899505615,3.443629993479211,0.8187548234125551,0.5400893237130064,0.4018809107578518,0.367230607466211,-64.90606034161617,-0.0040664518718366875,0.01368
28.93632984161377,3.440719540231049,0.8171379369962637,0.5402634633380895,0.3451464164551279,0.28275195872229414,-64.99053899036008,-0.0040717445726647285,0.01368
28.962855577468872,3.4428215342340227,0.8224736622080275,0.5777059395167705,0.4107514217443876,0.3597370190194888,-64.91355393006289,-0.004066921355219373,0.01368
28.995371103286743,3.4416896913031505,0.8221502849193592,0.5838199766482132,0.450291946518807,0.40937896421794107,-64.86391198486444,-0.0040638112206662766,0.01368
29.024375200271606,3.443791685329134,0.8185931347704759,0.6254203814898831,0.40775754617466314,0.33258275014775346,-64.94070819893463,-0.0040686226066418245,0.01368
29.053588151931763,3.447995673530744,0.7998372529652413,0.7291818252352597,0.007770706611546304,-0.2053504862760392,-65.47864143535843,-0.004102324846535379,0.01368
29.079833030700684,3.443144917931213,0.8219885962751756,0.7156904203758381,0.16501395646475803,-0.008257091173905674,-65.2815480402563,-0.004089976680567188,0.01368
29.113500833511353,3.443468301629583,0.81778469156158,0.7119880645262568,0.19210550606882143,0.02702662246672807,-65.24626432661566,-0.0040877661085092915,0.01368
29.140563011169434,3.44233645869045,0.8224736622080275,0.6893007190912257,0.3036227844739709,0.17618740907488,-65.09710354000751,-0.004078420984853428,0.013528
29.174275159835815,3.4433066097802505,0.8168145597142055,0.6906444598483891,0.2699827492588255,0.13163570519951207,-65.14165524388288,-0.004081212208949668,0.013528
29.205570220947266,3.44136630761127,0.8182697574866175,0.6571353134435834,0.27515812925955146,0.14496414660618312,-65.12832680247621,-0.004080377164190804,0.013528
29.23612093925476,3.4403961565427075,0.8189165120547346,0.616454028775572,0.2915468529342002,0.17765300581299412,-65.0956379432694,-0.004078329163248979,0.013528
29.26410698890686,3.4478339816731447,0.8224736622080275,0.7200345644098468,0.3732317272797331,0.2559909357697043,-65.01730001331268,-0.004073421186702079,0.013528
29.291431427001953,3.447995673530744,0.8268392556443799,0.7954117532792342,0.5165813556267677,0.38793940311495967,-64.88535154596742,-0.004065154437970173,0.013528
29.319692134857178,3.4507444351551433,0.82748601023378,0.8969796230221592,0.6296920535639239,0.45134598048432173,-64.82194496859806,-0.004061181930720875,0.013528
29.3515043258667,3.451714586337091,0.8253840578241186,0.9853020160399717,0.6673801784298988,0.4473016983615746,-64.82598925072081,-0.004061435310428744,0.013528
29.378580808639526,3.447672289815841,0.8258691237633001,0.9753573415747853,0.7033363343501361,0.4793823826735772,-64.7939085664088,-0.00405942541246107,0.01337
29.413649797439575,3.4439533771793513,0.8121255891692339,0.9023673507327976,0.457229042492825,0.29012601354301987,-64.98316493553936,-0.004071282578224289,0.01337
29.439106464385986,3.4475105979588325,0.8266775669972817,0.9144322619448629,0.5721879867573386,0.39392706755677426,-64.8793638815256,-0.004064779302749375,0.01337
29.469675540924072,3.4455702956977645,0.8281327648247918,0.888427933223447,0.681382653481375,0.49950803052519926,-64.77378291855717,-0.004058164513587414,0.01337
29.496936798095703,3.445246911991721,0.825222369177926,0.864483275430228,0.7003721088713987,0.5266236398561821,-64.7466673092262,-0.004056465684237126,0.01337
29.526045560836792,3.4462170631133953,0.8299113399583911,0.8649468981026049,0.8062179239720123,0.6102114897339725,-64.66307945934841,-0.0040512287931547,0.01337
29.552095890045166,3.4510678188812767,0.8237671713667161,0.9513958524434599,0.7590333927977068,0.5326390020431961,-64.74065194703918,-0.0040560888137153835,0.01337
29.583516359329224,3.447187214245701,0.8239288600120042,0.9430105853282215,0.7291957104585509,0.513382814468787,-64.7599081346136,-0.004057295239734683,0.01337
29.613236665725708,3.4467021386782193,0.8219885962751756,0.9285284566657942,0.670011459157659,0.4718675938483349,-64.80142335523405,-0.004059896224075949,0.01337
29.646524906158447,3.443144917931213,0.8184314461284966,0.8552330623772175,0.5583697156043093,0.4025658817545259,-64.87072506732785,-0.004064238069434951,0.01337
29.673274755477905,3.443791685329134,0.8211801530557621,0.8154095415001782,0.5344758154840878,0.3955300560901543,-64.87776089299223,-0.004064678873364386,0.01321
29.702218055725098,3.4467021386782193,0.825060680531834,0.8392077259861613,0.5943458327745651,0.44398254482149746,-64.82930840426089,-0.004061643259856808,0.01321
29.729632139205933,3.4450852201391413,0.827324321586279,0.827158316527854,0.6809356980408426,0.529215409079153,-64.74407554000322,-0.004056303306413658,0.01321
29.758554697036743,3.443468301629583,0.8282944534727967,0.7900155918326706,0.7606975409163141,0.6178663094103275,-64.65542463967205,-0.004050749208418888,0.01321
29.786684274673462,3.4496125921229885,0.8358938200429288,0.8731066120176459,0.9665308413922282,0.7193875630148381,-64.55390338606753,-0.00404438876550218,0.01321
29.818310022354126,3.4467021386782193,0.8363788860018024,0.8795956753483782,1.120188620628121,0.8058387095366547,-64.46745223954572,-0.004038972485038604,0.01321
29.844932317733765,3.447187214245701,0.824575614594161,0.892750461361659,0.9947703278911074,0.7260670792232755,-64.5472238698591,-0.004043970284838806,0.01321
29.873281955718994,3.4515528944726936,0.8299113399583911,0.9794707888315506,1.0122966772858084,0.6914218714995647,-64.58186907758281,-0.004046140853643272,0.01321
29.899054288864136,3.4462170631133953,0.8299113399583911,0.945438157483515,1.0245651218621021,0.7160834244420032,-64.55720752464038,-0.004044595774222377,0.01306
29.92571496963501,3.447187214245701,0.8303964059060367,0.9388401988562495,1.0427275017466373,0.7303071084037631,-64.54298384067862,-0.004043704641314814,0.01306
29.9567973613739,3.4475105979588325,0.8234437940764414,0.9399632556312794,0.918207118280175,0.6514275224512179,-64.62186342663117,-0.004048646553337486,0.01306
29.981887340545654,3.450906127018062,0.8310431605043109,1.001036488688429,0.9810428575086851,0.6616063391968704,-64.61168460988551,-0.004048008836794676,0.01306
30.008793354034424,3.445408603844595,0.8265158783502841,0.9461800780971775,0.9356661677518328,0.6598529304866217,-64.61343801859576,-0.004048118690205811,0.01306
30.036078929901123,3.4465404468229828,0.8308814718545908,0.9278762877206178,0.99007270256851,0.7044776578227583,-64.56881329125962,-0.0040453228910916576,0.01306
30.064955472946167,3.445246911991721,0.8363788860018024,0.8920971235782317,1.1366679234515185,0.8094285430376317,-64.46386240604474,-0.00403874757714737,0.01306
30.092135667800903,3.448965824682545,0.8334684902622373,0.933080428359616,1.181837764923075,0.8105398918440286,-64.46275105723834,-0.004038677949651721,0.01306
30.123299598693848,3.443629993479211,0.8347619994757705,0.8670318838987497,1.2389885708272192,0.875602973622432,-64.39768797545993,-0.004034601660175935,0.01306
30.150023698806763,3.4475105979588325,0.8342769335199364,0.889697435161019,1.2694196661173645,0.8771181927887355,-64.39617275629362,-0.004034506729659699,0.01306
30.180116176605225,3.454463348077091,0.8383191498464257,1.0290083241240238,1.3705086737268986,0.8495592525941941,-64.42373169648816,-0.004036233334284138,0.01306
30.206275463104248,3.444761836434868,0.8342769335199364,0.9542771075675688,1.361483738147135,0.8833828206108092,-64.38990812847155,-0.00403411424231107,0.0129
30.232675075531006,3.4439533771793513,0.8336301789135747,0.887611186927746,1.3424003248122731,0.9110684185277678,-64.36222253055459,-0.004032379702410177,0.0129
30.261314630508423,3.4465404468229828,0.839450970429207,0.8868780639019973,1.44393556249145,0.9528946859457297,-64.32039626313663,-0.004029759230569203,0.0129
30.2885160446167,3.4433066097802505,0.8426847435503196,0.8289486012159292,1.5788400227747792,1.0323016058398988,-64.24098934324246,-0.004024784280366697,0.0129
30.318535327911377,3.4395876973270134,0.8333068016110011,0.7223692618729786,1.488166744849096,1.063433253079735,-64.20985769600263,-0.004022833840846482,0.0129
30.347079753875732,3.449127516542213,0.8169762483551846,0.8171417391280611,1.1023550109192186,0.8328781066234773,-64.44041284245888,-0.0040372784304877896,0.0129
30.377606630325317,3.4460553712590447,0.8347619994757705,0.8289370088233698,1.1833506430245178,0.8695220494041443,-64.40376889967821,-0.0040349826382470085,0.0129
30.40491557121277,3.440719540231049,0.8344386221717799,0.7424568429153385,1.233664606267727,0.9495078478245156,-64.32378310125785,-0.0040299714205272,0.0129
30.43245577812195,3.4416896913031505,0.8367022633082251,0.6991456090271898,1.3135652353194682,1.0137450280264828,-64.25954592105587,-0.004025946874894651,0.01275
30.458447456359863,3.436192168701559,0.8370256406150535,0.5712200817278048,1.3758786549422053,1.1259678129134738,-64.14732313616888,-0.004018915966667214,0.01275
30.484959602355957,3.439264313642799,0.8367022633082251,0.5362176709306061,1.4131150693916095,1.1631581880365913,-64.11013276104576,-0.004016585939706129,0.01275
30.512193202972412,3.4433066097802505,0.8370256406150535,0.5834863261359685,1.4455635387927042,1.1401487234408394,-64.1331422256415,-0.004018027513572773,0.01275
30.540229320526123,3.444600144583175,0.838480838500804,0.6395408951553573,1.497000874261925,1.1190237065096278,-64.15426724257271,-0.004019351024261766,0.01275
30.56574821472168,3.434251866688197,0.8313665378040539,0.49504701984565797,1.3925814658425704,1.1872666791226594,-64.08602426995968,-0.00401507551035349,0.01275
30.593680381774902,3.4455702956977645,0.8357321313901737,0.5948582637539904,1.4056580992103618,1.119143526417192,-64.15414742266515,-0.004019343517383598,0.01275
30.620708465576172,3.438294162597231,0.837510706576057,0.5355395165725785,1.4499181286106275,1.1750319990584037,-64.09825895002393,-0.00401584202949495,0.01275
30.647250413894653,3.439426005484759,0.8402594137056706,0.514112088969674,1.5351554735519868,1.2134565906766848,-64.05983435840565,-0.004013434677212462,0.01275
30.674433708190918,3.4405578483867303,0.8281327648247918,0.5192085853281756,1.355459894237626,1.157194364553096,-64.11609658452925,-0.004016959581258861,0.012598
30.705941677093506,3.433605099359831,0.8297496513093778,0.3993311490766051,1.2615878841719914,1.224664651016704,-64.04862629806564,-0.004012732477175833,0.012598
30.732288122177124,3.4357070931942433,0.8312048491541318,0.3527375191488303,1.224600883205287,1.2554497781247218,-64.01784117095762,-0.004010803747607373,0.012598
30.76255750656128,3.436677244211526,0.8324983583563372,0.33734685947359033,1.2242418991790553,1.2698374751936923,-64.00345347388865,-0.004009902339058316,0.012598
30.78808045387268,3.4295628036642154,0.8270009442915789,0.20025760605972995,1.1154799654768641,1.3837313802927071,-63.88955956878964,-0.004002766732904699,0.012598
30.813596725463867,3.438294162597231,0.812772343722175,0.2593190561865935,0.7584955416561286,1.151816777102688,-64.12147417197966,-0.0040172964943366,0.012598
30.84032678604126,3.4295628036642154,0.8362171973487432,0.1456381437588506,0.9713724211765946,1.4216992017474606,-63.851591747334886,-0.0040003879978865575,0.012598
30.867350339889526,3.43700062788631,0.8312048491541318,0.19811892383382337,1.0214500591085152,1.3640394417570547,-63.909251507325294,-0.004004000459307086,0.012598
30.894395351409912,3.4313414137476337,0.8105087027938517,0.13437699807391773,0.6479937565247899,1.3275646642435823,-63.94572628483877,-0.004006285653116629,0.012598
30.921488046646118,3.4339284830234256,0.8333068016110011,0.1356906649331665,0.8365743584740969,1.4042921246953985,-63.868998824386956,-0.0040014785746476335,0.012598
30.95074200630188,3.43700062788631,0.8326600470070677,0.19115568865585764,0.9558148214575106,1.3545332573239428,-63.918757691758415,-0.004004596034531937,0.012598
30.977753162384033,3.4310180300934556,0.8344386221717799,0.12376110668197199,1.074389531170828,1.4678004688579835,-63.80549048022438,-0.003997499691572033,0.012446
31.007263660430908,3.438132470757335,0.8342769335199364,0.20290069301109545,1.1542003383578914,1.3890369053742426,-63.88425404370812,-0.004002434334631174,0.012446
31.03512215614319,3.431664797402988,0.8257074351168058,0.14346586328626723,1.040918956793061,1.43817737839138,-63.83511357069098,-0.003999355617983889,0.012446
31.064492225646973,3.432958332036175,0.8134190982767101,0.12482798984088748,0.7190687929835199,1.3847247859824716,-63.88856616309989,-0.004002704494703746,0.012446
31.090200424194336,3.4395876973270134,0.8347619994757705,0.22948483391044147,0.9150502904695322,1.2844437915519091,-63.98884715753045,-0.004008987233717108,0.012446
31.125712871551514,3.4376473952394133,0.8271626329388786,0.268294861269166,0.9022373289027664,1.2228656896424597,-64.0504252594399,-0.004012845184522562,0.012446
31.15330934524536,3.4300478791379825,0.830719783204972,0.16053364733451966,0.9634810258058222,1.3998147688189222,-63.873476180263445,-0.004001759087007944,0.012446
31.183072090148926,3.438294162597231,0.8284561421209024,0.2315122850789358,0.9616707598902758,1.3002188844960683,-63.9730720645863,-0.004007998902952715,0.012446
31.212475061416626,3.4397493891695623,0.8318516037544261,0.30703465423525145,1.0274248545173623,1.2303423719582995,-64.04294857712406,-0.004012376760331688,0.012297
31.242383003234863,3.440719540231049,0.8305580945554539,0.3771251947036925,1.0479208041696841,1.1592579329559058,-64.11403301612646,-0.004016830295926335,0.012297
31.271008014678955,3.4295628036642154,0.833145112959866,0.22810244072079622,1.1133318022272563,1.3523100226124536,-63.92098092646991,-0.00400473532317319,0.012297
31.301692247390747,3.438779238118689,0.8337918675650133,0.28742288131399724,1.1718854592726202,1.3030169623407115,-63.97027398674165,-0.004007823599616955,0.012297
31.327808380126953,3.4310180300934556,0.8266775669972817,0.19114814154266707,1.0724474785031974,1.3865632427420418,-63.886727706340324,-0.0040025893129180725,0.012297
31.359564304351807,3.433605099359831,0.8368639519615887,0.16968883842675964,1.203904735526563,1.4355774373077177,-63.837713511774645,-0.003999518507785406,0.012297
31.38925814628601,3.4323115647172275,0.8336301789135747,0.13170081871643913,1.2320950229778713,1.4794922482620325,-63.79379870082033,-0.00399676718588624,0.012297
31.417108058929443,3.4376473952394133,0.8373490179222877,0.19984605063338018,1.325232485597611,1.4225260295689066,-63.85076491951346,-0.004000336196012827,0.012297
31.44213032722473,3.443468301629583,0.8321749810551795,0.35089700570651267,1.2883010416790945,1.2727961799706553,-64.00049476911171,-0.0040097169722294705,0.012146
31.47240662574768,3.436677244211526,0.8341152448681941,0.3360585000639627,1.3007469061034187,1.2898890970181083,-63.98340185206426,-0.0040086460780147095,0.012146
31.499151706695557,3.433605099359831,0.8334684902622373,0.2711260893916666,1.2966930527794065,1.349896887751304,-63.92339406133107,-0.004004886509313922,0.012146
31.525380611419678,3.435222017689578,0.8379957725379737,0.25438153680290354,1.383217065071764,1.3819656600128398,-63.89132528906953,-0.004002877357652211,0.012146
31.553487062454224,3.4373240115622727,0.8279710761768878,0.27998092611883424,1.2459115187669776,1.3294427775928777,-63.94384817148949,-0.004006167986792338,0.012146
31.58104944229126,3.439426005484759,0.8354087540849674,0.3352210756520451,1.296606157002954,1.289166655698041,-63.984124293384326,-0.004008691339933901,0.012146
31.607669353485107,3.439911081012406,0.8362171973487432,0.38250162129984483,1.3480498519193722,1.2606681350925302,-64.01262281398984,-0.004010476810533271,0.012146
31.63388705253601,3.4339284830234256,0.8156827392301486,0.30937790119134173,0.9787412707411663,1.2005830751795912,-64.07270787390277,-0.004014241220251969,0.012146
31.665001392364502,3.434251866688197,0.8268392556443799,0.2639329240708418,0.9404380360497577,1.2435107663523401,-64.02978018273002,-0.004011551742733163,0.012146
31.691612243652344,3.443468301629583,0.8333068016110011,0.3957578171127568,1.0412853541415816,1.1286287428608965,-64.14466220622147,-0.0040187492558314535,0.011995
31.718823432922363,3.437485703400696,0.8291028967143332,0.381815135920627,1.0288997478991082,1.1379023547843614,-64.135388594298,-0.004018168251586759,0.011995
31.74472403526306,3.438779238118689,0.8279710761768878,0.39502176795387084,0.9978893967461195,1.1051616838375269,-64.16812926524484,-0.004020219498603698,0.011995
31.772270679473877,3.443468301629583,0.837510706576057,0.4875200078308614,1.1644800368856498,1.09691707490736,-64.17637387417501,-0.004020736034428552,0.011995
31.800301790237427,3.4368389360487708,0.8357321313901737,0.43456541511501035,1.2459870989405182,1.181118446980189,-64.09217250210219,-0.004015460705356434,0.011995
31.82783532142639,3.438455854437423,0.8286178307691089,0.4262053361416269,1.162616500625031,1.1551106904665571,-64.11818025861582,-0.004017090126239484,0.011995
31.85485529899597,3.440881232075662,0.831689915104201,0.4634154857329666,1.1648953834513793,1.1197323328853914,-64.15355861619699,-0.004019306627867395,0.011995
31.880961656570435,3.4368389360487708,0.8360555086957853,0.4176922496464787,1.2526608207990249,1.199485572582361,-64.07380537650002,-0.004014309980264015,0.011995
31.91103768348694,3.440881232075662,0.8355704427375198,0.4574563251863471,1.3045221580516297,1.1822419198923326,-64.09104902919005,-0.0040153903182692735,0.011995
31.937062740325928,3.438940929959764,0.8378340838839,0.4508414140718606,1.3855059491060433,1.2148571625483624,-64.05843378653401,-0.004013346929503248,0.011843
31.964205741882324,3.4433066097802505,0.8308814718545908,0.5237229463348493,1.3049605495164485,1.1255411351473634,-64.14774981393501,-0.004018942698602438,0.011843
31.9902400970459,3.4405578483867303,0.8365405746549631,0.5259361854837878,1.3602809059533205,1.1448686037445202,-64.12842234533785,-0.004017731806731308,0.011843
32.01928639411926,3.43635386053792,0.8362171973487432,0.45284429879573374,1.3926221761846318,1.2157012193485655,-64.0575897297338,-0.0040132940482108526,0.011843
32.04760813713074,3.4376473952394133,0.8346003108237245,0.4246464866888417,1.383346169094065,1.2366389670324924,-64.03665198204988,-0.004011982270191771,0.011843
32.08478331565857,3.438779238118689,0.8268392556443799,0.4250037134916159,1.2236614648967956,1.1815488164766899,-64.09174213260567,-0.004015433742129341,0.011843
32.11436414718628,3.4360304768654926,0.8229587281417827,0.37644994130983356,1.0352864240605002,1.146730235653289,-64.12656071342907,-0.004017615172991403,0.011843
32.143394231796265,3.438132470757335,0.8150359846700277,0.37978287725057225,0.7470409137236425,0.9081951131569537,-64.3650958359254,-0.004032559718851508,0.011843
32.170501708984375,3.44136630761127,0.8379957725379737,0.43953220562506967,0.9984605677327327,1.050868210062252,-64.2224227390201,-0.004023621057670753,0.011843
32.199530363082886,3.443791685329134,0.8354087540849674,0.5244189417736748,1.1233904912789787,1.0380566237326931,-64.23523432534967,-0.0040244237207647205,0.011843
32.23059964179993,3.440719540231049,0.8415529229533005,0.5292941959805415,1.332118044966901,1.1315265954380047,-64.14176435364435,-0.0040185677014746716,0.011685
32.262428283691406,3.437809087078426,0.8337918675650133,0.48103222831361553,1.3250358291903759,1.1698119082040488,-64.1034790408783,-0.004016169075199375,0.011685
32.29153251647949,3.4420130749962103,0.8344386221717799,0.5218900062637041,1.3328442365838287,1.1379181081954626,-64.13537284088689,-0.00401816726461439,0.011685
32.320051431655884,3.4420130749962103,0.8355704427375198,0.5504904508287581,1.360650549100985,1.125142789602133,-64.14814815948021,-0.004018967655485962,0.011685
32.346431732177734,3.441851383149533,0.830719783204972,0.5676399482928313,1.2843702799445702,1.0793645606475994,-64.19392638843475,-0.004021835723026061,0.011685
32.3745014667511,3.4391026218011342,0.8195632666244533,0.5308407638836575,1.0107613161194766,0.9585054080095093,-64.31478554107284,-0.004029407711294754,0.011685
32.40229940414429,3.432149872888226,0.8367022633082251,0.3816363531186206,1.1575329322156958,1.2010222156665173,-64.07226873341583,-0.004014213707510544,0.011685
32.43156886100769,3.4410429239205693,0.8370256406150535,0.4350880113169036,1.2666560427695646,1.1903988582118632,-64.08289209087047,-0.0040148792751259444,0.011685
32.45715379714966,3.438779238118689,0.8337918675650133,0.4323127807312645,1.2792124276522412,1.1977272183140653,-64.07556373076827,-0.004014420143521002,0.011533
32.484663009643555,3.4368389360487708,0.8291028967143332,0.3959203561452873,1.1954486993565656,1.2014824607802976,-64.07180848830204,-0.004014184872535896,0.011533
32.51258873939514,3.4331200238666475,0.8365405746549631,0.3044169482859444,1.2836226108414084,1.3252264189493217,-63.94806453013302,-0.004006432147325391,0.011533
32.537824630737305,3.43635386053792,0.8371873292686199,0.2977808327572328,1.3581103074538219,1.3493339884141895,-63.92395696066815,-0.00400492177571356,0.011533
32.56632995605469,3.429886187313099,0.8415529229533005,0.17830301403164237,1.4964219162892956,1.479221502179359,-63.79406944690298,-0.003996784148492024,0.011533
32.5941321849823,3.438779238118689,0.8354087540849674,0.25256328263156586,1.4719634352685727,1.4109779321218257,-63.86231301696051,-0.004001059699831,0.011533
32.62117052078247,3.438940929959764,0.8370256406150535,0.3074162842835295,1.4867573949065769,1.365505024671035,-63.90778592441131,-0.004003908638568737,0.011533
32.64678406715393,3.4332817156974147,0.8336301789135747,0.24533491143172917,1.4300918845438804,1.411516555362581,-63.86177439371976,-0.0040010259543614085,0.011533
32.67427587509155,3.438940929959764,0.8324983583563372,0.30235642444364913,1.3680856001160737,1.3465109146312368,-63.926780034451106,-0.004005098645078433,0.011533
32.70229935646057,3.4373240115622727,0.8373490179222877,0.3135633474673588,1.420425889594354,1.3471791885518063,-63.92611176053054,-0.004005056776819584,0.011533
32.72848153114319,3.436677244211526,0.8402594137056706,0.3099249392965708,1.5145109062405853,1.368250588044189,-63.905040361038154,-0.004003736625335162,0.011533
32.7564058303833,3.4357070931942433,0.8295879626604653,0.29015317230285353,1.3697321030196583,1.358595675980673,-63.91469527310167,-0.004004341518545849,0.011382
32.786043643951416,3.435222017689578,0.838480838500804,0.26770049484075015,1.4439188692207958,1.3934906851199236,-63.87980026396242,-0.00400215529934713,0.011382
32.812010526657104,3.438294162597231,0.8342769335199364,0.3065290783332971,1.412870874992869,1.3519434821236487,-63.9213474669587,-0.004004758287427204,0.011382
32.83803701400757,3.432958332036175,0.8405827910169678,0.23897224037381629,1.5156053753942793,1.4295043006468895,-63.84378664843546,-0.003999898997955544,0.011382
32.86506152153015,3.432796640205997,0.8284561421209024,0.18881164036361184,1.348157804602193,1.4565565506547133,-63.81673439842764,-0.003998204138151964,0.011382
32.89107966423035,3.432796640205997,0.8371873292686199,0.15369922035648448,1.4032849430863767,1.4971723087781368,-63.77611864030422,-0.0039956595063444286,0.011382
32.91949534416199,3.4428215342340227,0.8333068016110011,0.3071109694296418,1.3652781890672034,1.3403415728021582,-63.9329493762802,-0.0040054851626316,0.011382
32.94548153877258,3.44136630761127,0.8336301789135747,0.3886618701504656,1.3450564404563194,1.2560550989797379,-64.01723585010262,-0.00401076582344265,0.011382
32.97239875793457,3.435060325855278,0.8365405746549631,0.3337857698223404,1.388348029611242,1.3202548788229955,-63.953036070259365,-0.004006743620992817,0.011382
32.998974084854126,3.4397493891695623,0.8410678569846762,0.378626093555611,1.5080138527042664,1.3082511736243456,-63.96503977545802,-0.004007495669248668,0.01123
33.02700161933899,3.438779238118689,0.8368639519615887,0.3927894382983439,1.508801197467307,1.2965300013471686,-63.976760947735194,-0.0040082300164374475,0.01123
33.05333185195923,3.44136630761127,0.8360555086957853,0.44863679835855974,1.4933948906101757,1.2460884566323125,-64.02720249245004,-0.004011390246974387,0.01123
33.08135366439819,3.431988181059519,0.8396126590842965,0.32122276383863,1.5528232482263058,1.3657129024913477,-63.90757804659101,-0.004003895614744043,0.01123
33.10840559005737,3.440881232075662,0.8326600470070677,0.3899276851208688,1.457189044284057,1.2862114074372049,-63.98707954164516,-0.00400887649020737,0.01123
33.137704610824585,3.433766791191481,0.8396126590842965,0.311705332396183,1.5274791557980345,1.3695130450122248,-63.90377790407014,-0.004003657530710197,0.01123
33.164671659469604,3.4357070931942433,0.8349236881279177,0.291399447472561,1.4841290340579374,1.3798082993202276,-63.893482649762134,-0.004003012519197689,0.01123
33.19190812110901,3.439264313642799,0.8407444796727689,0.3403432269519355,1.568677576430193,1.3527122142803145,-63.92057873480205,-0.004004710125324915,0.01123
33.220454454422,3.432796640205997,0.8352470654325161,0.2597713309683189,1.5193509077429463,1.413706878638917,-63.85958407044345,-0.00400088872766578,0.011082
33.248448848724365,3.434575250354146,0.8323366697057077,0.23494995189110413,1.4273754267671273,1.4236499054520781,-63.849641043630285,-0.00400026578367899,0.011082
33.2770791053772,3.436677244211526,0.8329834243088322,0.2548955623931794,1.3757585484491932,1.395466345406759,-63.877824603675606,-0.004002031521576161,0.011082
33.305822134017944,3.439264313642799,0.8297496513093778,0.31479050739637887,1.2757969421200888,1.3087312117694403,-63.964559737312925,-0.004007465594214019,0.011082
33.33726143836975,3.438455854437423,0.8378340838839,0.34236290073859277,1.3653982979539754,1.3052226279370558,-63.96806832114531,-0.004007685411704367,0.011082
33.362826108932495,3.437485703400696,0.8371873292686199,0.34443869445872266,1.415353288432629,1.3161038523849213,-63.957187096697446,-0.004007003688375437,0.011082
33.39112448692322,3.438617546277908,0.838642527155284,0.3659874453037613,1.4790451886741633,1.311677592267494,-63.96161335681487,-0.004007280999517801,0.011082
33.4181649684906,3.438940929959764,0.8436548754945944,0.38681319815405585,1.6225656994317932,1.3252321690863955,-63.94805877999597,-0.004006431787071582,0.011082
33.44543743133545,3.435060325855278,0.8342769335199364,0.3324916994248614,1.5379236561405671,1.3536407576568579,-63.919650191425504,-0.004004651950835017,0.01093
33.47556662559509,3.4373240115622727,0.8425230548932973,0.33465803995417587,1.6414401986146854,1.3700530121392243,-63.903237936943135,-0.0040036237010443254,0.01093
33.503166913986206,3.4357070931942433,0.8373490179222877,0.3074663427631298,1.6117741085433772,1.3874260242293743,-63.88586492485298,-0.004002535258498875,0.01093
33.53874325752258,3.4308563382668087,0.8363788860018024,0.2023077511812413,1.5718589076339202,1.472094908595517,-63.801196040486836,-0.003997230639153549,0.01093
33.56845045089722,3.440881232075662,0.8344386221717799,0.30668717626068615,1.5056203914943111,1.3701028039429393,-63.90318814513942,-0.004003620581520935,0.01093
33.60097885131836,3.4460553712590447,0.8378340838839,0.4716188148162179,1.5262747125159304,1.2322438088405083,-64.04104714024184,-0.004012257632756725,0.01093
33.63201022148132,3.4405578483867303,0.8397743477394874,0.48946329342075645,1.5790306132386633,1.2328189046850178,-64.04047204439733,-0.004012221602229513,0.01093
33.659154653549194,3.4455702956977645,0.8376723952299278,0.5909496552565725,1.5744703780827045,1.1536862173501876,-64.11960473173217,-0.004017179371393787,0.01093
33.68669295310974,3.444923528286857,0.8400977250501745,0.6505068531861297,1.6191505584980874,1.1255770843619959,-64.14771386472036,-0.004018940446335848,0.01093
33.71820378303528,3.4391026218011342,0.831689915104201,0.5888475973089453,1.4844692239625188,1.1235180161198541,-64.1497729329625,-0.004019069449727264,0.01078
33.75035619735718,3.4403961565427075,0.8378340838839,0.5686526274812885,1.5114688952436657,1.149365636460267,-64.12392531262209,-0.004017450061590585,0.01078
33.78090715408325,3.4429832260824704,0.8376723952299278,0.6004491681799241,1.5271771754862025,1.1302475836713985,-64.14304336541096,-0.004018647833280008,0.01078
33.81344032287598,3.4421747668431832,0.8367022633082251,0.6083526779068256,1.5190240337724104,1.1212066050623302,-64.15208434402003,-0.004019214262735047,0.01078
33.84334588050842,3.4475105979588325,0.8308814718545908,0.7086219909666773,1.3984232087829056,0.9930942543647479,-64.2801966947176,-0.004027240673605737,0.01078
33.8750274181366,3.4455702956977645,0.8365405746549631,0.7443607435387171,1.4257047674398522,0.9800975292950811,-64.29319341978727,-0.004028054935890478,0.01078
33.903581857681274,3.44233645869045,0.8305580945554539,0.7119615943999373,1.3267167432154277,0.9533466642758788,-64.31994428480647,-0.0040297309135196545,0.01078
33.93479537963867,3.4424981505380132,0.8270009442915789,0.6921530037500048,1.1872123563023276,0.8838124748040944,-64.38947847427825,-0.004034087323898684,0.01078
33.96682047843933,3.443468301629583,0.8263541897033871,0.695511872888171,1.0767933273927672,0.7980674096821647,-64.47522353940018,-0.004039459367414046,0.01063
34.00184464454651,3.438779238118689,0.8318516037544261,0.6146094838311463,1.1080106517691077,0.8959049710489307,-64.37738597803342,-0.004033329712764514,0.01063
34.0329155921936,3.444923528286857,0.8291028967143332,0.6670687331883287,1.075607456238375,0.8215801356003837,-64.45171081348197,-0.004037986263549494,0.01063
34.0654239654541,3.4458936794049895,0.8286178307691089,0.7210150908030797,1.0433507507335251,0.7481584272540274,-64.52513252182833,-0.004042586232208307,0.01063
34.096208333969116,3.446863830533751,0.8346003108237245,0.7760024243868551,1.1388561712782836,0.7827600588801116,-64.49053089020224,-0.004040418393504897,0.01063
34.129228353500366,3.4481573653886395,0.8334684902622373,0.8374600691937863,1.1833695384018121,0.7711534155363958,-64.50213753354595,-0.004041145565302142,0.01063
34.1594877243042,3.447187214245701,0.8295879626604653,0.8632555370534553,1.1379331455325141,0.720639065060281,-64.55265188402207,-0.004044310357217829,0.01063
34.19304347038269,3.4488041328231733,0.8271626329388786,0.9100205038354042,1.0582553274468538,0.6285022837478919,-64.64478866533446,-0.004050082850338823,0.01063
34.222227811813354,3.445408603844595,0.8300730286075055,0.8824688887000758,1.0599276665332202,0.6467293146997896,-64.62656163438257,-0.004048940902364439,0.010479
34.25741362571716,3.444761836434868,0.8282944534727967,0.8516995027708052,1.0259919188609756,0.6374050597681922,-64.63588588931417,-0.004049525079461624,0.010479
34.28351187705994,3.450421051430193,0.8284561421209024,0.9306394196423383,1.0054283850288817,0.5717238839582124,-64.70156706512415,-0.004053640093358804,0.010479
34.311633348464966,3.449127516542213,0.8344386221717799,0.9629308495665945,1.1091190256707826,0.6381055916524873,-64.63518535742988,-0.004049481190198015,0.010479
34.34035396575928,3.455271807428658,0.8248989918858424,1.0946257849635965,0.9934045904085115,0.48156800370570035,-64.79172294537666,-0.004059288480367356,0.010479
34.36886668205261,3.447187214245701,0.824413925948471,1.043271538092333,0.9028300172465883,0.4256819777522649,-64.8476089713301,-0.004062789814967727,0.010479
34.3999125957489,3.452199661932056,0.8355704427375198,1.0963187987588556,1.059640595564927,0.5329993604527935,-64.74029158862957,-0.0040560662367769345,0.010479
34.428428649902344,3.448480749105315,0.8362171973487432,1.0674231591311962,1.1821739589127565,0.6359197134659788,-64.63737123561638,-0.004049618138402795,0.010479
34.4555230140686,3.4494509002624345,0.825060680531834,1.064421095148759,1.047734533174633,0.5382369833238447,-64.73505396575852,-0.0040557380926681125,0.010479
34.48382329940796,3.453169813129972,0.8329834243088322,1.1283483731796382,1.1100099229344453,0.5558465602411987,-64.71744438884117,-0.004054634829018448,0.010327
34.51935625076294,3.4526847375296827,0.8337918675650133,1.1644850255369927,1.1695601437676482,0.5813544238451938,-64.69193652523718,-0.004053036727097717,0.010327
34.54530596733093,3.4497742839838383,0.8326600470070677,1.1381060295937748,1.188904871162995,0.6064369376279501,-64.66685401145443,-0.004051465273914681,0.010327
34.572625398635864,3.458182261155569,0.8334684902622373,1.2689230667907505,1.2184036283211122,0.5690161928223889,-64.70427475625999,-0.004053809733845836,0.010327
34.60115575790405,3.450421051430193,0.8365405746549631,1.2226959144563132,1.2996910611165844,0.638225533172939,-64.63506541590944,-0.0040494736757006366,0.010327
34.627671241760254,3.4528464293961503,0.8378340838839,1.2333991185134843,1.3821241812515217,0.680770713314248,-64.59252023576813,-0.004046808163011796,0.010327
34.65395498275757,3.4560802667876223,0.8247373032399514,1.298307644113381,1.1813167098202715,0.5335688708108755,-64.73972207827151,-0.004056030556187951,0.010327
34.68105721473694,3.450421051430193,0.8370256406150535,1.243265118582136,1.2833046870927676,0.6195066259794286,-64.65378432310295,-0.004050646440382319,0.010327
34.713566064834595,3.452199661932056,0.8349236881279177,1.2363143051017231,1.3132069059642513,0.6403993581537049,-64.63289159092868,-0.004049337482645388,0.010327
34.743772745132446,3.448965824682545,0.8308814718545908,1.1740324554260626,1.2543512193172002,0.6325459886529924,-64.64074496042939,-0.004049829506794417,0.010176
34.77154207229614,3.4496125921229885,0.8339535562165532,1.141918416533031,1.2737905408418344,0.6601864554665783,-64.61310449361581,-0.004048097794417776,0.010176
34.80070114135742,3.45640365053328,0.8363788860018024,1.240012781118623,1.3352704102428454,0.651703385534211,-64.62158756354818,-0.004048629270144755,0.010176
34.82823872566223,3.4567270342801226,0.82748601023378,1.3144204647411597,1.2027743917951799,0.5401310306641367,-64.73315991841825,-0.004055619428057879,0.010176
34.85712718963623,3.4462170631133953,0.8376723952299278,1.1799029306202309,1.3110910230722617,0.6652011152603011,-64.60808983382209,-0.004047783619245266,0.010176
34.88463830947876,3.454625039946813,0.8313665378040539,1.2350229850861072,1.2624445700098097,0.6100686256338201,-64.66322232344858,-0.004051237743782492,0.010176
34.911781787872314,3.459637488055005,0.8336301789135747,1.3626022641782853,1.2730729071161417,0.5647602604778751,-64.70853068860453,-0.00405407637372442,0.010176
34.94066572189331,3.4538165806011647,0.8329834243088322,1.3485584479261814,1.267746784693502,0.5669095260991295,-64.70638142298327,-0.004053941719346036,0.010176
34.970675468444824,3.449935975844984,0.8368639519615887,1.269828239254567,1.3406142498597726,0.6422849107774704,-64.63100603830493,-0.004049219350240557,0.010176
34.997920513153076,3.4513912026085922,0.82748601023378,1.2405544193157192,1.2065150795270303,0.5717281684494292,-64.70156278063297,-0.004053639824929675,0.010027
35.0324285030365,3.4585056449089255,0.8347619994757705,1.3463785681243792,1.2562626910499868,0.5606142458420625,-64.71267670324033,-0.004054336127110894,0.010027
35.06148314476013,3.4475105979588325,0.8355704427375198,1.2252401141189595,1.3070434672273066,0.6424633853644895,-64.6308275637179,-0.0040492081685679256,0.010027
35.08963489532471,3.450421051430193,0.8289412080658243,1.192117847586049,1.2117389375126746,0.5965061409761557,-64.67678480810623,-0.004052087451665433,0.010027
35.11939573287964,3.450906127018062,0.8324983583563372,1.1775447030567678,1.215238537194229,0.6056165395597071,-64.66767440952269,-0.004051516672955737,0.010027
35.1485435962677,3.4512295107447866,0.837510706576057,1.1730851299417044,1.3166244351993222,0.6732512600517193,-64.60003968903068,-0.004047279266859938,0.010027
35.17696833610535,3.4462170631133953,0.8333068016110011,1.080968196260607,1.3046158335462739,0.7136450141893866,-64.55964593489301,-0.004044748543900339,0.010027
35.208575963974,3.4554334992998585,0.827324321586279,1.1801227418162625,1.178124698581038,0.5783900916033907,-64.69490085747901,-0.004053222446494798,0.010027
35.234697580337524,3.4494509002624345,0.8137424755545757,1.1433108030283237,0.8214957909499382,0.2966894819486231,-64.97660146713378,-0.004070871368111655,0.009875
35.26078820228577,3.453331504997326,0.8350853767801664,1.186441982793896,0.9931321682845179,0.43466480528229423,-64.8386261438001,-0.004062227028755908,0.009875
35.28730821609497,3.450421051430193,0.8329834243088322,1.1649591556584964,1.0717882675113661,0.5067567662102447,-64.76653418287215,-0.004057710370559172,0.009875
35.31539463996887,3.4492892084021762,0.8248989918858424,1.1298254787452813,0.96727305969692,0.4348834360670174,-64.83840751301538,-0.0040622133312435485,0.009875
35.340994119644165,3.452361353797636,0.8347619994757705,1.159777371282998,1.0887932771689108,0.5224720712239518,-64.75081887785845,-0.004056725785588938,0.009875
35.367985010147095,3.4538165806011647,0.8354087540849674,1.2065810228994855,1.186623387884299,0.5734954810198927,-64.6997954680625,-0.00405352910042302,0.009875
35.40289521217346,3.4507444351551433,0.8336301789135747,1.1847981117563613,1.2199980796282837,0.6066470616349966,-64.6666438874474,-0.0040514521093633704,0.009875
35.429102420806885,3.4481573653886395,0.8389659044645483,1.1236170503524354,1.348679521845718,0.7211001826394681,-64.55219076644293,-0.004044281467582055,0.009875
35.45953440666199,3.4455702956977645,0.8333068016110011,1.0348572851087505,1.3270543941987538,0.7579891887159307,-64.51530176036647,-0.004041970321796587,0.009875
35.48900079727173,3.444600144583175,0.8368639519615887,0.9555005664363231,1.3821295765134496,0.8417303861260707,-64.43156056295634,-0.004036723823285262,0.009727
35.52377009391785,3.4478339816731447,0.8339535562165532,0.9573671407723515,1.3632353908792194,0.8291973349042687,-64.44409361417814,-0.004037509035780559,0.009727
35.555667877197266,3.440072772855545,0.8337918675650133,0.8208746805526906,1.346817971328993,0.9177375542041679,-64.35555339487824,-0.004031961872101083,0.009727
35.587838649749756,3.440072772855545,0.8342769335199364,0.7253299583989307,1.3449002464686055,0.9961272882277445,-64.27716366085467,-0.004027050649959803,0.009727
35.6145977973938,3.4397493891695623,0.8292645853629431,0.6527070255592294,1.2446216620764448,1.0039120236057892,-64.26937892547663,-0.00402656292583076,0.009727
35.64091658592224,3.443629993479211,0.8342769335199364,0.6707705019385002,1.2733628299918218,1.0041399608820165,-64.26915098820041,-0.0040265486452542056,0.009727
35.66875433921814,3.439911081012406,0.8388042158098654,0.6173862197003424,1.3828433574319052,1.1161525302448512,-64.15713841883758,-0.0040195309073117495,0.009727
35.69433641433716,3.4457319875512296,0.8221502849193592,0.6833665175042787,1.1307563015000692,0.8871856187071683,-64.38610533037526,-0.004033875991901856,0.009727
35.72432017326355,3.4457319875512296,0.831689915104201,0.7295527259670289,1.1425932440639033,0.8511443440968044,-64.42214660498563,-0.004036134026172174,0.009727
35.75106954574585,3.4470255223895787,0.8360555086957853,0.7848495828955572,1.2370493232277842,0.8743116658965692,-64.39897928318587,-0.0040346825623396405,0.009575
35.77849888801575,3.4439533771793513,0.8279710761768878,0.7690119196573326,1.143594099476189,0.8152730489801865,-64.45801790010225,-0.0040383814109988675,0.009575
35.80488729476929,3.436515552374576,0.8299113399583911,0.6258681262707555,1.1164733173953663,0.938580642620857,-64.33471030646157,-0.004030656024612255,0.009575
35.83612775802612,3.444600144583175,0.8291028967143332,0.6692081552497188,1.0815313221767546,0.8583886517879845,-64.41490229729445,-0.004035680160563694,0.009575
35.86725187301636,3.4421747668431832,0.837510706576057,0.6564839688556765,1.2230293846870923,0.986685012865658,-64.28660593621677,-0.004027642221195503,0.009575
35.89903974533081,3.443791685329134,0.8289412080658243,0.6762851760351049,1.1529290797345275,0.9131530512349084,-64.36013789784752,-0.004032249097370691,0.009575
35.9276328086853,3.440072772855545,0.8265158783502841,0.6241173052366206,1.0559865233099217,0.8851243871631048,-64.38816656191932,-0.004034005130827043,0.009575
35.962735414505005,3.43635386053792,0.8357321313901737,0.5215710826227167,1.1700416394375084,1.1098227873482822,-64.16346816173414,-0.004019927474207268,0.009575
35.99021339416504,3.437970778917733,0.8358938200429288,0.4784968625637531,1.2530717103570612,1.2123130983265404,-64.06097785075589,-0.0040135063185443125,0.009421
36.01809358596802,3.4426598423858707,0.8342769335199364,0.5315985052171087,1.279277863788249,1.1603801018977633,-64.11291084718466,-0.004016759990534669,0.009421
36.043715715408325,3.446863830533751,0.8294262740116538,0.6434108144766912,1.2018774837506196,0.9850036195369735,-64.28828732954545,-0.00402774756274624,0.009421
36.07070541381836,3.443791685329134,0.8346003108237245,0.6671339679698045,1.2498248843902426,0.9932620716932508,-64.28002887738917,-0.004027230159624673,0.009421
36.09971380233765,3.4433066097802505,0.8362171973487432,0.675127734063389,1.3153029610904727,1.0264978074669946,-64.24679314161543,-0.004025147896131284,0.009421
36.1262845993042,3.444276760880673,0.8324983583563372,0.6979482530792044,1.2877333536986921,0.9872507039652445,-64.28604024511718,-0.004027606779888193,0.009421
36.153117418289185,3.453331504997326,0.8337918675650133,0.8746881978295518,1.2939665453026217,0.8386468173246369,-64.43464413175778,-0.004036917013012979,0.009421
36.179304122924805,3.4421747668431832,0.8376723952299278,0.8003199986615964,1.3749255305274761,0.9496758616024346,-64.32361508747998,-0.004029960894238316,0.009421
36.2074408531189,3.4497742839838383,0.8281327648247918,0.8831905107810027,1.2432989341204639,0.7955476926712285,-64.47774325641119,-0.004039617231069643,0.009421
36.23529386520386,3.4488041328231733,0.8344386221717799,0.8831905107810027,1.2432989341204639,0.7955476926712285,-64.47774325641119,-0.004039617231069643,0.009421
36.261040925979614,3.449127516542213,0.8329834243088322,0.8831905107810027,1.2432989341204639,0.7955476926712285,-64.47774325641119,-0.004039617231069643,0.009421
36.29167127609253,3.4421747668431832,0.825060680531834,0.8831905107810027,1.2432989341204639,0.7955476926712285,-64.47774325641119,-0.004039617231069643,0.009263
36.32123684883118,3.4402344646989786,0.8286178307691089,0.8831905107810027,1.2432989341204639,0.7955476926712285,-64.47774325641119,-0.004039617231069643,0.009263
36.34851431846619,3.4462170631133953,0.8299113399583911,0.8831905107810027,1.2432989341204639,0.7955476926712285,-64.47774325641119,-0.004039617231069643,0.009263
36.37710189819336,3.443144917931213,0.8336301789135747,0.8831905107810027,1.2432989341204639,0.7955476926712285,-64.47774325641119,-0.004039617231069643,0.009263
36.40360689163208,3.4488041328231733,0.8248989918858424,0.8831905107810027,1.2432989341204639,0.7955476926712285,-64.47774325641119,-0.004039617231069643,0.009263
36.433229207992554,3.4433066097802505,0.8253840578241186,0.8831905107810027,1.2432989341204639,0.7955476926712285,-64.47774325641119,-0.004039617231069643,0.009263
36.46155500411987,3.435222017689578,0.8279710761768878,0.8831905107810027,1.2432989341204639,0.7955476926712285,-64.47774325641119,-0.004039617231069643,0.009263
36.48932957649231,3.4492892084021762,0.8282944534727967,0.8831905107810027,1.2432989341204639,0.7955476926712285,-64.47774325641119,-0.004039617231069643,0.009263
36.51823687553406,3.438294162597231,0.8240905486573925,0.8831905107810027,1.2432989341204639,0.7955476926712285,-64.47774325641119,-0.004039617231069643,0.009263
36.54400038719177,3.4450852201391413,0.8195632666244533,0.8831905107810027,1.2432989341204639,0.7955476926712285,-64.47774325641119,-0.004039617231069643,0.009263
36.57195997238159,3.437809087078426,0.8284561421209024,0.8831905107810027,1.2432989341204639,0.7955476926712285,-64.47774325641119,-0.004039617231069643,0.00925
36.59865736961365,3.4429832260824704,0.8354087540849674,0.8831905107810027,1.2432989341204639,0.7955476926712285,-64.47774325641119,-0.004039617231069643,0.00925
36.629899978637695,3.439911081012406,0.8336301789135747,0.8831905107810027,1.2432989341204639,0.7955476926712285,-64.47774325641119,-0.004039617231069643,0.00925
36.65682244300842,3.4397493891695623,0.8232821054314547,0.8831905107810027,1.2432989341204639,0.7955476926712285,-64.47774325641119,-0.004039617231069643,0.00925
36.68492794036865,3.444600144583175,0.82748601023378,0.8831905107810027,1.2432989341204639,0.7955476926712285,-64.47774325641119,-0.004039617231069643,0.00925
36.71112632751465,3.4420130749962103,0.8342769335199364,0.8831905107810027,1.2432989341204639,0.7955476926712285,-64.47774325641119,-0.004039617231069643,0.00925
36.738271951675415,3.4455702956977645,0.8344386221717799,0.8831905107810027,1.2432989341204639,0.7955476926712285,-64.47774325641119,-0.004039617231069643,0.00925
36.764885663986206,3.4455702956977645,0.8268392556443799,0.8831905107810027,1.2432989341204639,0.7955476926712285,-64.47774325641119,-0.004039617231069643,0.00925
36.791658878326416,3.4439533771793513,0.8354087540849674,0.8831905107810027,1.2432989341204639,0.7955476926712285,-64.47774325641119,-0.004039617231069643,0.00925
36.818883180618286,3.443468301629583,0.8326600470070677,0.8831905107810027,1.2432989341204639,0.7955476926712285,-64.47774325641119,-0.004039617231069643,0.00925
36.844549894332886,3.4500976677064243,0.8247373032399514,0.8831905107810027,1.2432989341204639,0.7955476926712285,-64.47774325641119,-0.004039617231069643,0.00925
