Relative_Time_s,Raw_S1_V,Raw_S2_V,Norm_S1,Norm_S2,Phase_rad,Unwrapped_Phase_rad,Calculated_Distance_mm,Stage_Position_mm
0.03498125076293945,3.3171870562253356,1.4368913455210974,0.12090747240632985,-0.18509533479026322,-1.0294364256354867,-3.857749640621021,-0.00024169319728565186,0.186309
0.06262373924255371,3.3210676552521203,1.4457842469316653,0.15741627468627525,-0.13850984887329312,-0.7673305057257834,-3.595643720711318,-0.00022527190930381302,0.186309
0.09729933738708496,3.3220378050345496,1.4449758013305831,0.2042742123133937,-0.11403008996979924,-0.5523793786915591,-3.380692593677094,-0.00021180493244092553,0.186309
0.12557196617126465,3.3223611882976476,1.439154993110895,0.2441753607129742,-0.15543084256653694,-0.6016171559451384,-3.4299303709306734,-0.000214889745329338,0.186309
0.15767121315002441,3.3205825803647677,1.442550464549321,0.23305290857017805,-0.1502650290491191,-0.6089413695796067,-3.4372545845651414,-0.00021534861715250607,0.186309
0.18751168251037598,3.317833822718367,1.4399634386856215,0.16491216152957866,-0.17266521894873152,-0.8489144372144241,-3.6772276521999587,-0.00023038325220719775,0.186309
0.22281670570373535,3.313791532211896,1.4338192524092825,0.02845624404088924,-0.2501339663548146,-1.4832140631983517,-4.3115272781838865,-0.0002701229758603038,0.186309
0.25428223609924316,3.319612430597781,1.436406278184151,0.06074775120767099,-0.278345831070592,-1.3810221749996452,-4.2093353899851795,-0.00026372051678537345,0.186309
0.2831878662109375,3.3181572059665974,1.44352059925787,0.051399143110008,-0.2265494236441222,-1.3785425964366056,-4.20685581142214,-0.0002635651678574618,0.186309
0.3131372928619385,3.3202591971079616,1.436406278184151,0.09100896432560372,-0.26183665117310584,-1.2641253586184535,-4.092438573603988,-0.00025639677420597276,0.186309
0.34766507148742676,3.3181572059665974,1.444005666614122,0.0725819922925609,-0.2101149490170661,-1.2727650848497667,-4.101078299835301,-0.0002569380646605245,0.186309
0.3783149719238281,3.3141149154458462,1.4461076251731249,-0.029074283004426448,-0.15277154632638232,-1.790803744972483,-4.619116959958017,-0.00028939388262347527,0.186309
0.4095022678375244,3.3091024754478813,1.4441673557331658,-0.21029283991562236,-0.13214335938847818,-2.576259536507453,-5.404572751492987,-0.0003386037431037056,0.186309
0.434490442276001,3.315246756773664,1.4474011381448315,-0.20223459538056213,-0.08518330350465075,-2.732735711258984,-5.561048926244518,-0.0003484071856538649,0.186309
0.4631989002227783,3.3162169064943585,1.4482095837569187,-0.17529204953036986,-0.044181183036918495,-2.876976176557733,-5.705289391543267,-0.0003574440445699901,0.186309
0.49024534225463867,3.3162169064943585,1.4561323509498847,-0.15643226743524177,0.06419510046727808,2.788520577646784,-6.322977944518336,-0.00039614306218463744,0.186309
0.517991304397583,3.324624871171379,1.452251811872452,0.04138497001695585,0.10103410704277375,1.2068285321689969,-7.9046699899961235,-0.0004952381935968638,0.0
0.5489933490753174,3.326888554101216,1.4742415344368018,0.22956118259342734,0.34795964360367926,0.9906688485576179,-8.120829673607503,-0.0005087808881528222,0.0
0.5801870822906494,3.3244631795356807,1.4781220739976644,0.30803008891560113,0.5598319159353463,1.0707308568960048,-8.040767665269115,-0.0005037648957792736,0.0
0.6064474582672119,3.3288288538000423,1.4855597750627971,0.4588163208263116,0.7829392693990064,1.0425221804193237,-8.068976341745795,-0.0005055322072546102,0.0
0.6332087516784668,3.3270502457412094,1.4794155872036916,0.5253134243756652,0.877325786430231,1.03278114908558,-8.078717373079538,-0.0005061424959532653,0.0
0.6656734943389893,3.326565170822089,1.4810324787246512,0.5612105082319297,0.9596565140347858,1.0431201958838172,-8.068378326281302,-0.0005054947407824167,0.0
0.694155216217041,3.3280203955871843,1.4765051825035462,0.6182911329860256,0.9717595598243486,1.0050931124079723,-8.106405409757146,-0.0005078771886457896,0.0
0.7253561019897461,3.3220378050345496,1.4714928189663843,0.5268866131232092,0.9298251800488333,1.057118427739711,-8.054380094425408,-0.0005046177327521465,0.0
0.7513015270233154,3.319612430597781,1.4742415344368018,0.40964900956527867,0.9281133947079246,1.159007609395917,-7.952490912769202,-0.0004982342386487441,0.186409
0.7777688503265381,3.329313928731195,1.4786071414488062,0.5406004541735839,0.9708175913613744,1.0644545141061643,-8.047044008058954,-0.0005041581170863702,0.186409
0.8066647052764893,3.3276970123040464,1.477475317398229,0.5967635026445512,0.9893284131826429,1.028988681814606,-8.082509840350513,-0.0005063800991223958,0.186409
0.8353559970855713,3.328505470514039,1.486691599165652,0.6538291178729889,1.0949689338339939,1.033457639339921,-8.078040882825197,-0.0005061001129300689,0.186409
0.8619728088378906,3.334811444797949,1.4516050553677913,0.8322366080640708,0.8160717251694768,0.7703264716760021,-8.341172050489117,-0.0005225856340609742,0.186409
0.8889148235321045,3.328505470514039,1.4723012646885179,0.8186602916666462,0.8289737782461434,0.7868122620407165,-8.324686260124402,-0.0005215527771484692,0.186409
0.9183976650238037,3.3247865628073634,1.4734330887057476,0.7275000575159606,0.8493873309006019,0.8595962357477729,-8.251902286417344,-0.0005169927634215075,0.186409
0.9472262859344482,3.326080095905546,1.4726246429784113,0.6920902628584222,0.8555467352506786,0.8885445189317597,-8.222954003233358,-0.0005151791145924089,0.186409
0.9784679412841797,3.3310925368341615,1.4716545081105137,0.7773625912359458,0.8501022193354171,0.8260833346744207,-8.285415187490697,-0.0005190923916932458,0.186409
1.003406047821045,3.3288288538000423,1.4750499801715755,0.787349072450556,0.8804374047913637,0.8376550507124804,-8.273843471452638,-0.0005183674081386183,0.186567
1.029482126235962,3.32381641299575,1.4611447140506162,0.6842804273927762,0.7618346193863671,0.83482444545188,-8.276674076713238,-0.0005185447493606833,0.186567
1.0564720630645752,3.3200975054799873,1.470522684104727,0.5304755673717331,0.7731216228446748,0.9711923845940925,-8.140306137571026,-0.0005100011147838083,0.186567
1.0826735496520996,3.3233313380938077,1.4668038338512126,0.49381808558648094,0.7436241466560146,0.9872591291672377,-8.12423939299788,-0.0005089945116530695,0.186567
1.1108970642089844,3.3301223869555163,1.4571024857325057,0.6172702890017716,0.625414929355082,0.7838491336527305,-8.327649388512388,-0.0005217384211224895,0.186567
1.1359529495239258,3.324624871171379,1.4643784967716094,0.582976759522862,0.6158392147189985,0.8056416633624193,-8.305856858802699,-0.0005203730898612236,0.186567
1.1662580966949463,3.3297990036649283,1.4567791074710421,0.6725807680930305,0.532713444292323,0.6541284763771364,-8.457370045787982,-0.0005298655945608072,0.186567
1.1928539276123047,3.3252716377170346,1.4585576879163948,0.6358952794352642,0.49241158495473797,0.6413234817384682,-8.47017504042665,-0.0005306678446764852,0.186567
1.2195756435394287,3.328343778871468,1.4588810661811051,0.6776710653541754,0.46745231615792454,0.5830715873780873,-8.528426934787031,-0.0005343174041107362,0.186567
1.2474420070648193,3.326565170822089,1.4650252533229116,0.6678608569168577,0.5117694511800261,0.6368573553102824,-8.474641166854836,-0.0005309476534967737,0.186726
1.2802777290344238,3.317833822718367,1.456294040079953,0.4692777253722479,0.4549865607658962,0.7582872377756119,-8.353211284389506,-0.0005233399082377158,0.186726
1.3082430362701416,3.326241787544107,1.457264174863459,0.5148849265421173,0.4249946355876455,0.6712989135191839,-8.440199608645933,-0.0005287898436079833,0.186726
1.3401775360107422,3.32122934688181,1.4629232945398398,0.4367507885708224,0.46091086134603354,0.8047332213196036,-8.306765300845514,-0.0005204300049755599,0.186726
1.3664588928222656,3.326080095905546,1.4640551184968469,0.48856577459681566,0.49743433427207934,0.7858914826353963,-8.325607039529721,-0.0005216104652151398,0.186726
1.395132303237915,3.32381641299575,1.4724629538333902,0.47513211889514173,0.6075536211135917,0.9091323579824806,-8.202366164182637,-0.0005138892588192461,0.186726
1.421790599822998,3.3346497531441934,1.4637317402226764,0.703598412261671,0.5968322332747388,0.6904971153513969,-8.421001406813721,-0.0005275870504733267,0.186726
1.4476704597473145,3.3319009950742506,1.4713311298224034,0.8031697777778289,0.6657500349774371,0.6800031020628867,-8.43149542010223,-0.0005282445145029648,0.186726
1.4754118919372559,3.3331945282733075,1.4651869424611073,0.9012721051019847,0.652203870782174,0.6110832816942753,-8.500415240470842,-0.0005325624338323699,0.186726
1.5047738552093506,3.3286671621568975,1.4588810661811051,0.8705354358718399,0.579306916237129,0.5681647119782749,-8.543333810186843,-0.0005352513398796574,0.186885
1.532257080078125,3.3184805892159708,1.4575875531258076,0.6253511141341835,0.5152709171332553,0.6734851307381987,-8.438013391426919,-0.0005286528741623612,0.186885
1.5603294372558594,3.3259184042672705,1.4651869424611073,0.6170357063131573,0.546868488291246,0.7131379941304478,-8.39836052803467,-0.0005261685690032371,0.186885
1.5917363166809082,3.326726862461509,1.4700376166759035,0.6289664017913201,0.6177672816494725,0.7697980027330106,-8.341700519432107,-0.0005226187433501702,0.186885
1.6183300018310547,3.3301223869555163,1.469229170964167,0.711874110345198,0.6592663546490735,0.7386594738352652,-8.372839048329853,-0.0005245696140154984,0.186885
1.6456022262573242,3.330769153540133,1.4689057926805114,0.7841106917369046,0.6850636728187649,0.7080425420830838,-8.403455980082034,-0.0005264878059189705,0.186885
1.6730847358703613,3.3247865628073634,1.468582414397449,0.7033153375651447,0.6998697626134943,0.7778729812511874,-8.33362554091393,-0.0005221128350984993,0.186885
1.7069592475891113,3.3257567126292824,1.4710077515348874,0.6680603665431344,0.7346242725457313,0.8321128380403737,-8.279385684124744,-0.0005187146352076468,0.186885
1.7355024814605713,3.330607461893549,1.4611447140506162,0.7498907747150052,0.6597654268144147,0.7109670086939591,-8.400531513471158,-0.0005263045841572224,0.186885
1.76774001121521,3.326241787544107,1.4674505904114041,0.7113140610820506,0.6707788752232715,0.7484498317973199,-8.363048690367798,-0.0005239562349373167,0.186885
1.7964582443237305,3.328343778871468,1.4577492422572031,0.7304642125069356,0.5809273047836496,0.6554435843529035,-8.456054937812214,-0.0005297832012794774,0.187043
1.8265137672424316,3.3343263698375436,1.4640551184968469,0.8752302847730269,0.5814458446784061,0.5644593124295408,-8.547039209735576,-0.0005354834881390271,0.187043
1.8554086685180664,3.3270502457412094,1.4627616054037162,0.8168031991383822,0.5688006913019188,0.5870985837237478,-8.52439993844137,-0.0005340651073800224,0.187043
1.8859684467315674,3.3272119373814886,1.4592044444464056,0.7794545354161383,0.5241767233463847,0.5677595638364583,-8.54373895832866,-0.0005352767229549973,0.187043
1.9142446517944336,3.332386070021746,1.4613064031852607,0.8669199532372633,0.5140781587676477,0.5073181478136525,-8.604180374351467,-0.000539063458862689,0.187043
1.9472947120666504,3.3310925368341615,1.4671272121310117,0.8997433745011085,0.5655457546933338,0.5372009643051857,-8.574297557859934,-0.000537191260266469,0.187043
1.9740548133850098,3.3340029865320413,1.4629232945398398,0.9866251051772574,0.559296644720019,0.48938888329692193,-8.622109638868197,-0.000540186751369906,0.187043
2.004796266555786,3.329313928731195,1.4551622161725712,0.9444837211019691,0.4768734818477771,0.43456049430143096,-8.676938027863688,-0.000543621823594087,0.187043
2.035323143005371,3.3395005028817546,1.4693908601062173,1.13865343208597,0.5622667112551277,0.4309118621493,-8.68058666001582,-0.0005438504152998013,0.187202
2.06929612159729,3.3340029865320413,1.4642168076341542,1.1538621454866573,0.5700094456279943,0.4314847776156955,-8.680013744549424,-0.0005438145213762067,0.187202
2.0963990688323975,3.3343263698375436,1.4645401859092129,1.1716088378588514,0.5786813925325603,0.431861450162123,-8.679637072002997,-0.0005437909223351706,0.187202
2.125948190689087,3.3319009950742506,1.4614680923200534,1.1307770756958422,0.5538574435922239,0.42715284354212524,-8.684345678622995,-0.0005440859228652114,0.187202
2.152038335800171,3.333679603227687,1.4546771487859045,1.141248103047064,0.4681879920536456,0.3544452075719777,-8.757053314593142,-0.0005486411539304075,0.187202
2.177337884902954,3.335134828106321,1.4651869424611073,1.1805304907406342,0.5139104407355192,0.3791519288600029,-8.732346593305117,-0.0005470932446519851,0.187202
2.2071115970611572,3.3344880614907253,1.473756466997723,1.1938269760419538,0.6320950276568542,0.46368632199540893,-8.64781220016971,-0.0005417970513629333,0.187202
2.233088254928589,3.335458211415841,1.4729480212689,1.2244362949169838,0.706694155978788,0.504448634813246,-8.607049887351874,-0.0005392432377069195,0.187202
2.2595083713531494,3.3297990036649283,1.4769902499502172,1.1216024428689417,0.7995639587932469,0.6085705830866094,-8.50292793907851,-0.0005327198577755693,0.187202
2.287146806716919,3.333841294879721,1.4810324787246512,1.138376156548323,0.9052232346888948,0.6663847892743554,-8.445113732890764,-0.0005290977200933015,0.18736
2.3144569396972656,3.329313928731195,1.478283763147896,1.0507094570617022,0.9515424462445248,0.7364278823516152,-8.375070639813504,-0.0005247094262197534,0.18736
2.3415043354034424,3.3302840786012404,1.4635700510858132,1.0106445453759936,0.8359983944513119,0.6869242732157077,-8.424574248949412,-0.0005278108938326985,0.18736
2.3766531944274902,3.337075127980667,1.4640551184968469,1.1317115592286466,0.759995607445772,0.5770975842365095,-8.53440093792861,-0.0005346916834327219,0.18736
2.404654026031494,3.327858703945472,1.466480455572006,1.0140915724303088,0.7311839029915,0.6128253263762334,-8.498673195788886,-0.0005324532923928728,0.18736
2.437828540802002,3.3251099460801914,1.4525751901256652,0.8714025463248143,0.5711783014336032,0.5592071072939618,-8.552291414871156,-0.0005358125458463112,0.18736
2.4703266620635986,3.3343263698375436,1.459689511845464,0.9738871184455516,0.5307190995678513,0.4684686877611407,-8.643029834403977,-0.000541497429723328,0.18736
2.4975228309631348,3.3344880614907253,1.4604979575135153,1.0491766154353828,0.5105277401736681,0.41823988345972224,-8.693258638705396,-0.000544644331787582,0.18736
2.526416778564453,3.330930845187004,1.4551622161725712,1.0237727416667683,0.4427352486653314,0.3657687677917586,-8.745729754373361,-0.0005479317176711549,0.18736
2.5573370456695557,3.330930845187004,1.4393166822255479,1.0059900300287448,0.23593091066978103,0.15935223828143316,-8.952146283883685,-0.0005608639905342345,0.18736
2.585732936859131,3.3322243783722945,1.450958298865484,1.021944503042694,0.20824104374820157,0.12692312557005772,-8.98457539659506,-0.0005628957180091899,0.187512
2.614023447036743,3.3272119373814886,1.4470777599010245,0.923053448149176,0.14983374616174822,0.07117859634897312,-9.040319925816146,-0.0005663881876491997,0.187512
2.6442248821258545,3.330930845187004,1.4419037080798838,0.9354865245664301,0.05691611818490637,-0.04252272075736512,-9.154021242922484,-0.0005735117279063629,0.187512
2.6773574352264404,3.3310925368341615,1.4512816771163433,0.9477399744315318,0.0861827216089952,-0.006854868748475934,-9.118353390913594,-0.0005712770890636638,0.187512
2.70267391204834,3.329313928731195,1.4517667444937357,0.9172641295799416,0.11154739291725783,0.024490525947300446,-9.087007996217817,-0.0005693132579781962,0.187512
2.7396624088287354,3.326241787544107,1.439478371340347,0.8284754094874899,0.00572542783932164,-0.12048719982929308,-9.23198572199441,-0.0005783963072536558,0.187512
2.7672529220581055,3.326726862461509,1.4370530346337052,0.7769741940133562,-0.09274019045887597,-0.2729449298887204,-9.384443452053837,-0.0005879479888456847,0.187512
2.7976324558258057,3.3297990036649283,1.439154993110895,0.8083789722363862,-0.14052791290889807,-0.3246119274222449,-9.436110449587362,-0.0005911849956479243,0.187512
2.826868772506714,3.3231696464603986,1.4393166822255479,0.6848001729205747,-0.17235330243218555,-0.43659541486169795,-9.548093937026815,-0.0005982009115688137,0.18766
2.8582847118377686,3.32122934688181,1.4362445890721274,0.5556914610357393,-0.22552538249003232,-0.6292531689402445,-9.740751691105363,-0.0006102711786682675,0.18766
2.8883254528045654,3.327535320662908,1.4368913455210974,0.6037769112071975,-0.256241773860586,-0.6234033537863274,-9.734901875951445,-0.0006099046798905362,0.18766
2.916867971420288,3.3197741222248975,1.4386699257678133,0.4670225141570628,-0.2598570698564544,-0.793272224908024,-9.904770747073142,-0.00062054719285934,0.18766
2.946026086807251,3.3244631795356807,1.44352059925787,0.474253021010159,-0.2136072907942266,-0.7118526995335963,-9.823351221698715,-0.0006154461502198655,0.18766
2.973548173904419,3.3194507389709504,1.432525739535846,0.36925519915942756,-0.29180154574013323,-0.9988746967917301,-10.110373218956848,-0.0006334284639185493,0.18766
3.0025558471679688,3.3173487478481647,1.426543242617387,0.24960287738784478,-0.4067001200408961,-1.3243759070310215,-10.43587442919614,-0.0006538215520014812,0.18766
3.0280556678771973,3.3150850651545474,1.4271899990314076,0.11614211097453926,-0.48062505773294834,-1.587601942478457,-10.699100464643575,-0.000670313016726464,0.18766
3.057436466217041,3.317995514342339,1.4263815535142452,0.0866248990765611,-0.5405025945118387,-1.6331111516039245,-10.744609673769041,-0.0006731642298128853,0.18766
3.085125207901001,3.3228462631944398,1.4275133772392896,0.17247172958529045,-0.5710347576946024,-1.499275865110561,-10.610774387275677,-0.000664779269326695,0.187822
3.1118574142456055,3.331415920129337,1.4446524230911764,0.4207302107096952,-0.4200495586297402,-1.0397411229058167,-10.151239645070934,-0.0006359888004124336,0.187822
3.141921043395996,3.327858703945472,1.443197221021101,0.5164046284670331,-0.32899406539402265,-0.8105920494432749,-9.922090571608392,-0.0006216323031330273,0.187822
3.1687655448913574,3.328343778871468,1.4467543816578043,0.5940276096764168,-0.2294828627611913,-0.5860159125408543,-9.69751443470597,-0.0006075623064721583,0.187822
3.195869207382202,3.3322243783722945,1.444005666614122,0.7335708087960545,-0.18746729712873036,-0.415737641549812,-9.527236163714928,-0.0005968941440515733,0.187822
3.2249176502227783,3.319289047344406,1.426543242617387,0.5472273546891246,-0.3336661460129141,-0.7793468236677004,-9.890845345832815,-0.000619674747764972,0.187822
3.2522873878479004,3.317995514342339,1.4166802075910565,0.3883845696767741,-0.5351923181975937,-1.1723268465346997,-10.283825368699816,-0.0006442954741065662,0.187822
3.284416675567627,3.323007954827276,1.4260581753083967,0.38725379506397223,-0.5819517089846495,-1.1994480675478136,-10.31094658971293,-0.0006459946550362792,0.187822
3.312089443206787,3.3223611882976476,1.4467543816578043,0.37226106863839215,-0.4065532132746331,-1.1072332958253908,-10.218731817990507,-0.0006402172757113288,0.187822
3.344403028488159,3.3288288538000423,1.4467543816578043,0.503778006632249,-0.28377426627762237,-0.7669881531046908,-9.878486675269807,-0.0006189004604522024,0.187822
3.373122215270996,3.326241787544107,1.4462693142940748,0.5390351234240985,-0.20270705215371793,-0.5978604304368221,-9.709358952601939,-0.0006083043814296516,0.187979
3.405193567276001,3.3213910385117864,1.4441673557331658,0.45720622238401076,-0.16709821346761758,-0.639048371735273,-9.750546893900388,-0.0006108848612817431,0.187979
3.4335548877716064,3.321552730142048,1.449988164116435,0.4034762876579947,-0.08363544091310501,-0.52682548494595,-9.638324007111066,-0.0006038539466699875,0.187979
3.463840961456299,3.32381641299575,1.4501498532409087,0.41556947803797356,-0.02358548383445808,-0.33058531874724034,-9.442083840912357,-0.0005915592366387792,0.187979
3.4913017749786377,3.327373629022055,1.4393166822255479,0.5021412268741426,-0.0904936020800716,-0.4182314177167191,-9.529729939881836,-0.0005970503824784398,0.187979
3.522675037384033,3.3205825803647677,1.4415803298460435,0.4136290148830025,-0.11456505801341867,-0.592031240707649,-9.703529762872765,-0.0006079391748624877,0.187979
3.552013635635376,3.329313928731195,1.4420653971970234,0.5433864578959712,-0.12653702852097606,-0.4537041812555171,-9.565202703420633,-0.0005992727987664157,0.187979
3.5824193954467773,3.328343778871468,1.4362445890721274,0.6129148902766768,-0.19345399075218717,-0.508193918120772,-9.619692440285888,-0.0006026866539797098,0.187979
3.6122608184814453,3.325433329354164,1.4402868169165357,0.5976794611166508,-0.19964545974125192,-0.5322268284458773,-9.643725350610993,-0.0006041923480961427,0.188137
3.6390151977539062,3.324624871171379,1.4517667444937357,0.5692631800032969,-0.0885323340279174,-0.35407861228359777,-9.465577134448713,-0.0005930311230385037,0.188137
3.6683101654052734,3.3346497531441934,1.4758584259100702,0.7694901550373926,0.23152330005729566,0.25064935679742123,-8.860849165367695,-0.0005551441034153948,0.188137
3.695998430252075,3.327858703945472,1.4837811943445502,0.7605365894964148,0.5352370555789421,0.643441957779479,-8.468056564385638,-0.000530535119306665,0.188137
3.7278997898101807,3.315731831632726,1.459689511845464,0.4879968925174469,0.5055602274695916,0.8980346052595409,-8.213463916905575,-0.0005145845479354836,0.188137
3.756469249725342,3.3210676552521203,1.4585576879163948,0.4143788687640702,0.47340433317882524,0.9756264391765553,-8.13587208298856,-0.0005097233153077379,0.188137
3.784738302230835,3.309749241883829,1.447724516389226,0.11432554846197643,0.34195211382766116,1.6785808528714847,-7.43291766929363,-0.0004656822769772573,0.188137
3.8108787536621094,3.3128213825168964,1.4375381019724036,-0.028256159217875804,0.14749653825524128,2.735601475108111,-6.375897047057004,-0.0003994585150474621,0.188137
3.8446309566497803,3.3218761134034294,1.4474011381448315,0.07075321255960047,0.11056462484596478,2.671733066245291,-6.439765455919824,-0.00040345995666022505,0.188137
3.8829033374786377,3.311689541219048,1.426543242617387,-0.08360886386110124,-0.1250438006306305,-2.420685303811246,-5.248998518796775,-0.0003288568084349342,0.188137
3.9092369079589844,3.3171870562253356,1.4258964862056904,-0.07095226256534949,-0.29647376275935644,-2.0938395161454904,-4.922152731131019,-0.00030837948076999875,0.188286
3.935474395751953,3.3175104394712798,1.4441673557331658,-0.05499204997434666,-0.23273491089156007,-2.143407811988382,-4.971721026973912,-0.00031148500109203317,0.188286
3.9632694721221924,3.3231696464603986,1.4438439774952248,0.08044045737305525,-0.19136974705439688,-1.7987577230884055,-4.627070938073935,-0.0002898922100373991,0.188286
3.9898343086242676,3.330930845187004,1.4355978326254926,0.3456574310231293,-0.245340958372044,-0.998571050256691,-3.8268842652422204,-0.0002397594400552259,0.188286
4.018010377883911,3.3221994966659554,1.4533836357612737,0.33959331777636187,-0.1042590199352839,-0.7253601948622935,-3.5536734098478227,-0.00022264241294747664,0.188286
4.0511980056762695,3.3223611882976476,1.4486946511259329,0.3388987345371104,-0.052656135711208515,-0.5602456737926987,-3.388558888778228,-0.00021229776639618433,0.188286
4.0793540477752686,3.319612430597781,1.4486946511259329,0.27805749455500306,-0.016534116754357238,-0.5710014686749073,-3.3993146836604367,-0.00021297163139433157,0.188286
4.105561017990112,3.323654721361483,1.4491797184962691,0.3242260267758999,0.013629345355879542,-0.30280531772125013,-3.1311185327067794,-0.00019616878225628854,0.188438
4.134653091430664,3.3194507389709504,1.4517667444937357,0.26423630319543645,0.060760029540076865,-0.07752171380661024,-2.9058349287921397,-0.00018205446183672955,0.188438
4.160752296447754,3.3210676552521203,1.4470777599010245,0.25774645623865966,0.04659703621605868,-0.20325440453254373,-3.031567619518073,-0.00018993178381348355,0.188438
4.189798831939697,3.3244631795356807,1.4475628272669554,0.3277597804672865,0.04156098968538606,-0.1538211625117802,-2.9821343774973097,-0.00018683472479482977,0.188438
4.219423770904541,3.32381641299575,1.4406101951480346,0.3625679230044648,-0.03188294102944252,-0.4365459161562742,-3.2648591311418036,-0.0002045478104084249,0.188438
4.24739933013916,3.328343778871468,1.4493414076200084,0.48634191585263203,0.004511184646427237,-0.1888345401553145,-3.017147755140844,-0.0001890283599393524,0.188438
4.274282932281494,3.322684571561889,1.4461076251731249,0.44872334527620256,-0.0025332527619354867,-0.2336672971533764,-3.061980512138906,-0.000191837192391281,0.188438
4.302935838699341,3.323493029727502,1.446916070779341,0.44014182619701364,0.0006657223422162889,-0.2299449781793303,-3.05825819316486,-0.00019160398410718682,0.188438
4.329038619995117,3.3247865628073634,1.4530602575065885,0.4625371316872308,0.06469362392601745,-0.014935163815768917,-2.8432483788012988,-0.0001781333304042788,0.188438
4.355153799057007,3.3257567126292824,1.4511199879908403,0.49951562242861414,0.09000095932692903,0.05837180614257617,-2.7699414088429535,-0.00017354055025960784,0.188596
4.381704568862915,3.3231696464603986,1.4558089726901906,0.46859582805515054,0.1548705674329242,0.2602382011937707,-2.5680750137917587,-0.0001608933494328073,0.188596
4.410343885421753,3.3231696464603986,1.447724516389226,0.4469519719937098,0.11897847780553114,0.16386786302557144,-2.6644453519599582,-0.00016693108057795803,0.188596
4.436363220214844,3.321714421772596,1.4553239053017553,0.39984860839310904,0.1702767813454911,0.38130105445233414,-2.4470121605331956,-0.00015330859904660142,0.188596
4.468400239944458,3.3210676552521203,1.4551622161725712,0.3526750698770272,0.20455957748560827,0.5853061127738851,-2.2430071022116445,-0.00014052740809294376,0.188596
4.496450185775757,3.324139796265143,1.46082133578177,0.38710921779014296,0.2854681074912479,0.7370456719843962,-2.0912675430011336,-0.00013102072086935293,0.188596
4.522006988525391,3.3183188975911415,1.4588810661811051,0.28340246559423365,0.3225918819334845,1.0851484534959492,-1.7431647614895804,-0.00010921161398443542,0.188596
4.549139022827148,3.326241787544107,1.4575875531258076,0.38477224469748783,0.3355703931206989,0.8462010258693903,-1.9821121891161395,-0.00012418199131481814,0.188596
4.5843963623046875,3.329152237087191,1.4517667444937357,0.5196364224623221,0.28611876297544675,0.5270889286870774,-2.3012242862984524,-0.00014417479288192733,0.188596
4.615177869796753,3.3225228799296254,1.4577492422572031,0.46847920385699265,0.31166522621017445,0.64780487722638,-2.1805083377591497,-0.00013661177654239692,0.188755
4.64829421043396,3.3252716377170346,1.4530602575065885,0.4930241844700248,0.28239327663358743,0.5522707182193686,-2.276042496766161,-0.00014259711993981953,0.188755
4.674411058425903,3.3191273557181473,1.4546771487859045,0.3752944217467535,0.2781630751826008,0.7458290462092391,-2.0824841687762907,-0.00013047043067503726,0.188755
4.699819326400757,3.323493029727502,1.4422270863143096,0.38874157972639606,0.14999868093444424,0.31500739069930717,-2.5133058242862227,-0.00015746198613619746,0.188755
4.726882696151733,3.3204208887362214,1.4457842469316653,0.3306989659152024,0.09605596213400211,0.12681140353862075,-2.701501811446909,-0.00016925271754454087,0.188755
4.754087924957275,3.321552730142048,1.4461076251731249,0.3149212081298159,0.06154809147936543,-0.07488269818145654,-2.9031959131669867,-0.00018188912396269703,0.188755
4.78383994102478,3.3205825803647677,1.4349510761811926,0.282575001761951,-0.07480253602139735,-0.8597513261476747,-3.6880645411332047,-0.00023106219785658,0.188755
4.811749458312988,3.3181572059665974,1.439154993110895,0.206678218497991,-0.12797155480266006,-1.3195978273472257,-4.147911042332756,-0.00025987219889066687,0.188755
4.839254856109619,3.3213910385117864,1.4436822883764742,0.22455638893573548,-0.11966141402510375,-1.2247473117246563,-4.053060526710186,-0.0002539296866696506,0.188755
4.869480609893799,3.324139796265143,1.4427121536670464,0.2974261411312452,-0.1236004128474879,-0.9435208813828192,-3.771834096368349,-0.00023631047302373674,0.188906
4.896478176116943,3.313791532211896,1.4444907339716928,0.12121602976204608,-0.10847153347707023,-1.75877980647918,-4.58709302146471,-0.00028738753985757185,0.188906
4.9261181354522705,3.320744271993599,1.4470777599010245,0.15053167287515945,-0.07186505789593833,-1.6053463806979926,-4.4336595956835225,-0.00027777472961787567,0.188906
4.962174654006958,3.3158935232529845,1.4462693142940748,0.06454374666499924,-0.054370606286540606,-2.196696854417163,-5.025010069402693,-0.0003148236311859316,0.188906
4.990004301071167,3.3213910385117864,1.4456225578111557,0.12506225865262827,-0.04862855517130932,-1.818028125651731,-4.646341340637261,-0.00029109952664485057,0.188906
5.022414445877075,3.306677101353698,1.4723012646885179,-0.155651692887433,0.2236835820075916,2.6849421708510484,-6.426556351314068,-0.0004026323885122485,0.188906
5.049097299575806,3.316701981358561,1.4671272121310117,-0.13203313036273562,0.3622695509612967,2.3486401129582655,-6.762858409206851,-0.0004237021642099702,0.188906
5.08039116859436,3.319612430597781,1.4593661335792774,-0.05159481087489567,0.38123094148288855,2.1574044168426916,-6.954094105322425,-0.00043568333746772463,0.188906
5.107290744781494,3.3147616819171715,1.4716545081105137,-0.10179686230519143,0.5180811636979625,2.0912744268472214,-7.020224095317895,-0.0004398264701765388,0.188906
5.134941577911377,3.314599990298912,1.4697142383907635,-0.14048859404488523,0.5943641214892366,2.083972537483496,-7.0275259846816205,-0.00044028394335415567,0.188906
5.16241455078125,3.314923373535717,1.4663187664326252,-0.16047221477941775,0.6136158463815329,2.0967363653735482,-7.014762156791568,-0.0004394842723905796,0.189058
5.188291788101196,3.315570140012753,1.4564557292101685,-0.16025956625173857,0.5279050537551839,2.17476043126496,-6.936738090900157,-0.0004345959598490001,0.189058
5.218222379684448,3.3204208887362214,1.4606596466475688,-0.05360183626951131,0.5101839244916293,2.012036996434017,-7.0994615257311,-0.0004447908016353797,0.189058
5.2467145919799805,3.319612430597781,1.4647018750469645,0.003307094990367848,0.5384295441611235,1.8804776974853408,-7.231020824679776,-0.00045303316844445173,0.189058
5.2752766609191895,3.313144765747422,1.465348631599451,-0.09886848530259144,0.5647055436407203,2.0445503621007513,-7.066948160064365,-0.00044275379559958995,0.189058
5.301434755325317,3.3060303349394116,1.4569407966017003,-0.32660439532008295,0.4985458908902049,2.420022959531267,-6.691475562633849,-0.00041922993298015854,0.189058
5.331907033920288,3.3181572059665974,1.4606596466475688,-0.21974735945941978,0.4896325104861455,2.3038575369749172,-6.807640985190199,-0.0004265078527539164,0.189058
5.3575119972229,3.316701981358561,1.467612279551823,-0.17690009696311987,0.5533118502443227,2.173707492359412,-6.9377910298057035,-0.0004346619278858961,0.189058
5.384906053543091,3.3110427747694113,1.4611447140506162,-0.2711673629672234,0.5328467312034363,2.3191986912210254,-6.79229983094409,-0.0004255467088318869,0.189058
5.412377119064331,3.317995514342339,1.4588810661811051,-0.18449173268265323,0.49575691853201637,2.246865148917046,-6.86463337324807,-0.00043007850242635966,0.189216
5.441932678222656,3.321552730142048,1.465348631599451,-0.04571228088868309,0.5348347057003483,1.972894281226176,-7.13860424093894,-0.0004472431453254439,0.189216
5.4674670696258545,3.315246756773664,1.4614680923200534,-0.08702820406167538,0.5231647628096852,2.0587289785078084,-7.052769543657307,-0.00044186548623487,0.189216
5.494098901748657,3.315246756773664,1.465510320737943,-0.11594935028279925,0.5556462131261807,2.0779057317084715,-7.033592790456645,-0.00044066403688579304,0.189216
5.525626182556152,3.3181572059665974,1.4638934293596877,-0.07228882793332117,0.5621230641001227,1.9988550658485291,-7.112643456316587,-0.0004456166672944821,0.189216
5.556363105773926,3.3183188975911415,1.4622765379962335,-0.03817616641218795,0.550396695683121,1.9462813973348976,-7.165217124830218,-0.0004489104782516002,0.189216
5.590569734573364,3.315408448393066,1.4436822883764742,-0.07820262816451706,0.355196361314946,2.2647862158150196,-6.8467123063500965,-0.00042895572351096996,0.189216
5.621694803237915,3.3102343167137835,1.4546771487859045,-0.21983061271752935,0.32912523445955627,2.5569811667461977,-6.554517355418918,-0.0004106493173155923,0.189216
5.6557183265686035,3.313144765747422,1.454838837914646,-0.255064880698139,0.31250146199419165,2.630027345604014,-6.481471176561102,-0.0004060728760837027,0.189216
5.688016653060913,3.317672131094681,1.4658336990153713,-0.1803205868158997,0.411433935422731,2.3569929823488645,-6.754505539816251,-0.00042317884572183763,0.189368
5.7201080322265625,3.3168636729805336,1.4511199879908403,-0.1457510602926023,0.3327191773746248,2.440295827551017,-6.671202694614099,-0.00041795981056520195,0.189368
5.748664379119873,3.315246756773664,1.4661570772933923,-0.15705534964441883,0.4288383690623853,2.2930117071574063,-6.818486815007709,-0.0004271873585617086,0.189368
5.784995794296265,3.3158935232529845,1.4632466728125304,-0.15076716909869906,0.4668535075981059,2.23014667666006,-6.881351845505056,-0.0004311259371719881,0.189368
5.815024137496948,3.3181572059665974,1.4567791074710421,-0.09666130110445104,0.42842344930769893,2.183370039659805,-6.928128482505311,-0.00043405655631736174,0.189368
5.845614910125732,3.3188039724664873,1.456294040079953,-0.04458600996485748,0.3966443594552657,2.114799702566829,-6.996698819598287,-0.00043835258005007035,0.189368
5.870781660079956,3.3128213825168964,1.4659953881543075,-0.1394942501166433,0.47195998008141143,2.204781783408629,-6.9067167387564865,-0.00043271508180807206,0.189368
5.898406982421875,3.312659690902062,1.4511199879908403,-0.20948031388622299,0.3750874086356996,2.462071093528199,-6.649427428636917,-0.00041659556089996885,0.189368
5.926180124282837,3.325433329354164,1.4624382271319134,0.022002818202646993,0.4210977532612106,1.9111883139618355,-7.20031020820328,-0.0004511091070671503,0.189517
5.956838369369507,3.3186422808410865,1.4627616054037162,0.03492857765482573,0.45655702730988557,1.8471650425290866,-7.264333479636029,-0.00045512025102795357,0.189517
5.987601041793823,3.3272119373814886,1.468744103538906,0.23214230037766184,0.5415411272185651,1.3607649532728214,-7.7507335688922945,-0.0004855938700245063,0.189517
6.015851974487305,3.3204208887362214,1.4703609949616376,0.221079470371095,0.6172901618495183,1.4112816920772135,-7.700216830087903,-0.0004824289284768448,0.189517
6.0425379276275635,3.3200975054799873,1.4645401859092129,0.20623489745656917,0.6117778938876249,1.4378696150926698,-7.673628907072446,-0.00048076315938308994,0.189517
6.069394111633301,3.32381641299575,1.4598512009787785,0.27750050489694966,0.5607648306650563,1.276748613834962,-7.834749908330155,-0.0004908576065534803,0.189517
6.097787618637085,3.3202591971079616,1.4658336990153713,0.24927991757648565,0.585218293492337,1.3452851848028624,-7.766213337362254,-0.00048656369831386726,0.189517
6.126403331756592,3.3205825803647677,1.4706843732479653,0.23662609837462958,0.6511162111980462,1.3937319676735656,-7.717766554491551,-0.00048352844228612276,0.189517
6.154070138931274,3.3189656640921745,1.4719778863992186,0.19226546557211271,0.7102528854793667,1.4824187252235157,-7.629079796941601,-0.0004779720977884289,0.189517
6.180469751358032,3.321552730142048,1.4496647858679277,0.21801775788964334,0.527258295773229,1.385370835301898,-7.726127686863219,-0.00048405227846111924,0.189517
6.207257270812988,3.3204208887362214,1.4684207252561405,0.21119229062945927,0.5877799822218335,1.4219071559551917,-7.689591366209925,-0.00048176322889119253,0.189675
6.236830711364746,3.329152237087191,1.4680973469739684,0.39813045461472163,0.6268931298207621,1.1095690176830615,-8.001929504482055,-0.0005013316328327938,0.189675
6.263195753097534,3.3204208887362214,1.4714928189663843,0.3372711783370401,0.6884186790463205,1.2430926081190137,-7.868405914046103,-0.0004929662005233165,0.189675
6.290949583053589,3.313791532211896,1.4579109313887464,0.14910755580611224,0.5949011838213663,1.5515003491656503,-7.5599981729994665,-0.0004736440412477843,0.189675
6.317566394805908,3.3247865628073634,1.4635700510858132,0.25881314241360315,0.5863495107551009,1.3266705871418538,-7.784827935023263,-0.0004877299278632143,0.189675
6.3486950397491455,3.3259184042672705,1.4632466728125304,0.3604591261087738,0.577111306783006,1.1304226767331234,-7.981075845431993,-0.0005000251230795837,0.189675
6.3772289752960205,3.3173487478481647,1.4635700510858132,0.24344562625239363,0.573896596828245,1.352149852107746,-7.759348670057371,-0.0004861336176855783,0.189675
6.410223722457886,3.3184805892159708,1.4577492422572031,0.1863882474005906,0.5131097099071332,1.4574038611889042,-7.654094660976212,-0.000479539312623868,0.189675
6.435850381851196,3.3231696464603986,1.450634920615213,0.24940666553551133,0.39901417062005884,1.2088917668961219,-7.9026067552689945,-0.0004951089291695667,0.189827
6.465137720108032,3.3247865628073634,1.4600128901122413,0.32902251922418574,0.41345624075865245,1.0122740404543682,-8.099224481710749,-0.0005074272938571967,0.189827
6.491893529891968,3.3247865628073634,1.4613064031852607,0.3847536168062448,0.43657382095623376,0.9257008161649389,-8.185797706000178,-0.0005128512226569078,0.189827
6.518376111984253,3.3276970123040464,1.4593661335792774,0.4876707164873943,0.43324393047934223,0.7458567068491382,-8.365641815315978,-0.0005241186976987898,0.189827
6.547607898712158,3.326726862461509,1.4635700510858132,0.5384109089132763,0.4731894334156811,0.7363276080380102,-8.375170914127107,-0.000524715708540204,0.189827
6.575650215148926,3.3194507389709504,1.4622765379962335,0.4141657206916422,0.4881431542040148,0.942781759696293,-8.168716762468824,-0.0005117810785990151,0.189827
6.603233575820923,3.3247865628073634,1.4556472835605647,0.44435385783348386,0.43194408750458063,0.8107073706485549,-8.300791151516563,-0.0005200557164947388,0.189827
6.628436803817749,3.330607461893549,1.4595278227122968,0.5932962186182629,0.43162913343961823,0.612208364723626,-8.499290157441493,-0.0005324919458692029,0.189827
6.654595613479614,3.3257567126292824,1.466480455572006,0.5910469832803398,0.5013273711871946,0.7114862635114821,-8.400012258653637,-0.0005262720521453647,0.189827
6.6820642948150635,3.3297990036649283,1.453545324888837,0.6782299247232747,0.420034827077738,0.5165968255447667,-8.594901696620353,-0.0005384821372383404,0.189827
6.708504915237427,3.3270502457412094,1.4593661335792774,0.6789029471035589,0.42166663476440114,0.518371892852408,-8.59312662931271,-0.0005383709268869832,0.189976
6.738537073135376,3.3272119373814886,1.4567791074710421,0.6829243589917621,0.3967926383241078,0.47919162383647207,-8.632306898328647,-0.0005408256233735726,0.189976
6.766557455062866,3.3231696464603986,1.454838837914646,0.5969819436493313,0.3598686446993711,0.4926946923577543,-8.618803829807366,-0.0005399796379913925,0.189976
6.794127941131592,3.326888554101216,1.456294040079953,0.6184790641360512,0.34865599622943544,0.4542087844530484,-8.657289737712071,-0.0005423908318215946,0.189976
6.823660612106323,3.3297990036649283,1.4532219466338574,0.6974323813222792,0.309912831965664,0.3337772206405392,-8.777721301524581,-0.0005499360310759636,0.189976
6.850174903869629,3.329152237087191,1.4511199879908403,0.7384985180996924,0.26165440495468084,0.23567073540155248,-8.875827786763567,-0.0005560825341673492,0.189976
6.8780295848846436,3.326888554101216,1.4556472835605647,0.7175406662513266,0.2734019630300513,0.2636019263843813,-8.847896595780739,-0.0005543326075309619,0.189976
6.906054973602295,3.333032836622422,1.4558089726901906,0.8377814305785338,0.2832512700251083,0.23251598117775502,-8.878982540987366,-0.0005562801837574032,0.189976
6.934566259384155,3.324301487900269,1.4530602575065885,0.7302339663900322,0.2625035073040389,0.2402833366679386,-8.871215185497181,-0.0005557935485016808,0.189976
6.965013265609741,3.321714421772596,1.4462693142940748,0.598146004470525,0.17968738935344494,0.1298828429874861,-8.981615679177633,-0.0005627102877370573,0.19013
6.99052882194519,3.32381641299575,1.4417420189628902,0.551838279806761,0.07618765220383794,-0.11629840741771282,-9.227796929582832,-0.0005781338737820639,0.19013
7.0204997062683105,3.330445770247251,1.4491797184962691,0.6649850176453882,0.07853458362661692,-0.08586392795752722,-9.197362450122647,-0.0005762271127597825,0.19013
7.051013708114624,3.336590053008204,1.4317172939946832,0.8790990000177005,-0.09543231428134562,-0.2935762501678704,-9.40507477233299,-0.0005892405687762189,0.19013
7.077538728713989,3.3270502457412094,1.452251811872452,0.8195112998096635,-0.010705083281271762,-0.1983230905608113,-9.30982161272593,-0.0005832728303686833,0.19013
7.105170249938965,3.327373629022055,1.4470777599010245,0.7849005021143288,-0.0034285427588794043,-0.19782728580245723,-9.309325807967575,-0.000583241767534534,0.19013
7.131198167800903,3.3213910385117864,1.4420653971970234,0.629311987467159,-0.04874146784279411,-0.349787468853724,-9.461285991018842,-0.0005927622771381228,0.19013
7.156875133514404,3.326080095905546,1.4446524230911764,0.6233586138242545,-0.05444425573347516,-0.36485651489058496,-9.476355037055704,-0.0005937063731153069,0.19013
7.1859002113342285,3.3228462631944398,1.4457842469316653,0.5481853299086336,-0.04705409353353998,-0.41257764148937054,-9.52407616365449,-0.0005966961658028068,0.19013
7.212161540985107,3.32381641299575,1.452251811872452,0.5168658076134468,0.023159671242189206,-0.2697240162539604,-9.38122253841908,-0.0005877461942796588,0.190288
7.237421274185181,3.3252716377170346,1.442550464549321,0.5268948070995622,-0.02525166938300781,-0.38336080249498744,-9.494859324660107,-0.0005948656915914228,0.190288
7.266809701919556,3.3189656640921745,1.4419037080798838,0.39545356167955575,-0.06564367269641912,-0.6830263148692001,-9.79452483703432,-0.0006136401384967714,0.190288
7.300846338272095,3.3186422808410865,1.4317172939946832,0.2963440980886164,-0.19635709370747234,-1.1853015904425197,-10.29680011260764,-0.0006451083592419893,0.190288
7.331371784210205,3.315570140012753,1.4360828999602497,0.15951185275586904,-0.2439540525465511,-1.5957281358476738,-10.707226658012793,-0.0006708221336573522,0.190288
7.358237981796265,3.3264034791829546,1.4368913455210974,0.3015991119011867,-0.2691418429001432,-1.239602032505081,-10.3511005546702,-0.0006485103548816057,0.190288
7.383516788482666,3.3188039724664873,1.4428738427849181,0.2341962791390987,-0.22661069683591978,-1.3827563516613064,-10.494254873826426,-0.0006574791652828294,0.190288
7.411907911300659,3.315246756773664,1.4354361435141987,0.10890778795779137,-0.27163563937705754,-1.7242746879271131,-10.835773210092233,-0.0006788757478278988,0.190288
7.438469886779785,3.3162169064943585,1.438346547539823,0.042507618806484085,-0.27388480808820487,-1.8843815701266198,-10.99588009229174,-0.0006889066590769779,0.19044
7.464994430541992,3.314438298680938,1.4398017495703836,-0.04302575299899427,-0.26082508047369973,-2.0837615873757263,-11.195260109540847,-0.0007013980849944066,0.19044
7.49214506149292,3.3112044663813927,1.4360828999602497,-0.1739050265916947,-0.2890816432829073,-2.274374103861301,-11.385872626026421,-0.0007133402152111945,0.19044
7.520757436752319,3.30780894258967,1.4407718842640038,-0.3400767244055334,-0.2617067679022813,-2.5052913246452713,-11.616789846810391,-0.0007278074892955256,0.19044
7.546279430389404,3.309587550274414,1.4378614801989331,-0.4173436623010523,-0.2718126466001858,-2.559380056612977,-11.670878578778098,-0.0007311962210132991,0.19044
7.575401782989502,3.312983074132016,1.430423781136395,-0.39687431108243215,-0.3536835043812503,-2.4500409257887754,-11.561539447953896,-0.0007243459775866466,0.19044
7.602490663528442,3.314923373535717,1.4365679672963205,-0.33994221670569086,-0.3492044915223411,-2.40187482166685,-11.51337334383197,-0.0007213283064595623,0.19044
7.633136034011841,3.3120129244455785,1.4475628272669554,-0.36399507308911117,-0.23550007973149306,-2.5615513994572887,-11.67304992162241,-0.0007313322585593645,0.19044
7.666030406951904,3.3115278496062106,1.4512816771163433,-0.39148295943463024,-0.11850861693249035,-2.7513409060120924,-11.862839428177214,-0.0007432228260984007,0.19044
7.694626569747925,3.3110427747694113,1.4326874286445155,-0.4213753666972936,-0.22360645790536335,-2.622991081415485,-11.734489603580606,-0.0007351815371689271,0.190598
7.7287657260894775,3.3181572059665974,1.4528985683794668,-0.28608703942348995,-0.09392291856440989,-2.7162257191755272,-11.827724241340649,-0.0007410228124711696,0.190598
7.754655838012695,3.3147616819171715,1.4490180293726769,-0.26594142228922046,-0.042168832192779025,-2.8025217860271145,-11.914020308192235,-0.000746429376985081,0.190598
7.7806925773620605,3.315570140012753,1.4436822883764742,-0.23408801150858746,-0.05959950819818851,-2.7390547468204454,-11.850553268985566,-0.0007424530817204551,0.190598
7.808233261108398,3.3191273557181473,1.450473231490298,-0.13368411543826533,-0.0035082983485936726,-2.7784984846773946,-11.889997006842515,-0.0007449242848838642,0.190598
7.8397932052612305,3.3168636729805336,1.443197221021101,-0.11310553032824848,-0.03741518319721931,-2.6506584314206005,-11.762156953585722,-0.0007369149338136302,0.190598
7.867779493331909,3.314276607063249,1.4474011381448315,-0.1555052531192736,-0.018873580170759855,-2.7590440993514713,-11.870542621516591,-0.000743705441509183,0.190598
7.893856763839722,3.313468148979088,1.4579109313887464,-0.2029365376088734,0.09979660236940927,-3.1235043410702756,-12.235002863235396,-0.0007665393652498484,0.190598
7.9226179122924805,3.3205825803647677,1.4478862055116435,-0.07992542025512174,0.0820527185308822,-3.0387992347679194,-12.150297756933039,-0.0007612324765515601,0.190598
7.95212197303772,3.324301487900269,1.444005666614122,0.08783917080649278,0.03060760977571811,-2.29225938699862,-11.40375790916374,-0.000714460752225909,0.190747
7.978315591812134,3.3184805892159708,1.443197221021101,0.07746372858845674,-0.013534047510205528,-2.14135303660781,-11.252851558772932,-0.0007050062666541621,0.190747
8.00971269607544,3.3183188975911415,1.4461076251731249,0.06665062315305334,-0.015164915271579166,-2.1964459247206216,-11.307944446885744,-0.0007084579101033577,0.190747
8.042970418930054,3.317672131094681,1.4465926925364143,0.04488026587990566,-0.011428473934958897,-2.3207915882341945,-11.432290110399316,-0.0007162483329619969,0.190747
8.072513341903687,3.3202591971079616,1.4517667444937357,0.08644575026452234,0.04321955603648475,-2.3955460224709877,-11.50704454463611,-0.0007209317986881609,0.190747
8.10612154006958,3.3112044663813927,1.4537070140165478,-0.08327497430723309,0.10098537279527926,-3.123673174434379,-12.235171696599501,-0.0007665499428869115,0.190747
8.131725072860718,3.3147616819171715,1.4530602575065885,-0.12397297670781138,0.1349173792431608,3.0348076427772988,-12.359876186567408,-0.0007743628467049437,0.190747
8.160444974899292,3.317995514342339,1.4532219466338574,-0.08145566230108435,0.16029580007527472,2.910645623388588,-12.48403820595612,-0.0007821417640124623,0.190747
8.188089847564697,3.3183188975911415,1.4457842469316653,-0.04459295046962218,0.10326394553258046,-3.1307792144456372,-12.24227773661076,-0.0007669951458395024,0.190747
8.215108633041382,3.3108810831577156,1.4402868169165357,-0.1821026560161686,0.008057095658083172,-2.8578412002215607,-11.969339722386684,-0.0007498952125975945,0.190898
8.243763208389282,3.317672131094681,1.4516050553677913,-0.1292470295384977,0.05523343844634153,-2.9651706506850823,-12.076669172850206,-0.0007566195468499502,0.190898
8.270805358886719,3.317995514342339,1.4461076251731249,-0.08514749928255827,0.03297232489800228,-2.844504551604929,-11.956003073770052,-0.0007490596536460007,0.190898
8.302153825759888,3.308294017409361,1.46082133578177,-0.26729556884400646,0.16535703067991853,2.9978096982248275,-12.396874131119882,-0.0007766808176322755,0.190898
8.330756664276123,3.3213910385117864,1.454838837914646,-0.10722526220364972,0.1978637193484363,2.794267493140493,-12.600416336204216,-0.0007894330102088485,0.190898
8.365217208862305,3.315246756773664,1.4577492422572031,-0.13008729098215202,0.2498866956712709,2.6628819568119018,-12.731801872532806,-0.0007976644905563485,0.190898
8.393808841705322,3.315408448393066,1.452251811872452,-0.14254041536351467,0.23101822368555608,2.733976357681489,-12.660707471663219,-0.0007932103308373389,0.190898
8.426332473754883,3.3150850651545474,1.4588810661811051,-0.15835819395138961,0.28447696326950317,2.6128200699378574,-12.78186375940685,-0.0008008009350195493,0.190898
8.452874898910522,3.314923373535717,1.4621148488607016,-0.1729809347139773,0.3544184086999939,2.4815101618236173,-12.91317366752109,-0.0008090276771578252,0.19105
8.479735612869263,3.317833822718367,1.4465926925364143,-0.11931152876931708,0.24727985284514226,2.654517095673793,-12.740166733670915,-0.0007981885603435717,0.19105
8.510613679885864,3.3175104394712798,1.466480455572006,-0.08884353631714348,0.3722828747710615,2.2946021439741764,-13.100081685370531,-0.000820737715558628,0.19105
8.542640209197998,3.3223611882976476,1.4645401859092129,0.03899293667163715,0.4402727929327104,1.8797368797581018,-13.514946949586605,-0.0008467295816702397,0.19105
8.570595026016235,3.3189656640921745,1.467612279551823,0.053922252379998516,0.5187600479569167,1.7890628755297635,-13.605620953814944,-0.0008524104298418985,0.19105
8.60092282295227,3.319289047344406,1.4614680923200534,0.07147336519787562,0.5119125023892733,1.7508395351614117,-13.643844294183296,-0.0008548051734632284,0.19105
8.62843918800354,3.316701981358561,1.4674505904114041,0.026954410296986912,0.5672818281256695,1.8226244336323256,-13.572059395712383,-0.000850307753141917,0.19105
8.65598464012146,3.3194507389709504,1.4735947778516607,0.056146171660203865,0.6678289823223582,1.727954527607629,-13.66672930173708,-0.000856238949929005,0.19105
8.682506799697876,3.3209059636227165,1.4647018750469645,0.10853306818082605,0.6487810846426405,1.6372294104381406,-13.757454418906569,-0.0008619230003950895,0.19105
8.709062099456787,3.311366157993659,1.4488563402492314,-0.06426355615888714,0.47609795377200903,2.091778024242894,-13.302905805101815,-0.0008334449191231938,0.19105
8.737992525100708,3.3123363076732497,1.4598512009787785,-0.16391941942359134,0.4657888725841311,2.2888387987195165,-13.105845030625193,-0.0008210987968810115,0.1912
8.774523258209229,3.312659690902062,1.4516050553677913,-0.22657793240107688,0.3756456822945706,2.5262623530879615,-12.86842147625675,-0.000806223892257342,0.1912
8.805576801300049,3.315570140012753,1.4593661335792774,-0.20653356858690972,0.39059423341617877,2.4727784252992153,-12.921905404045496,-0.0008095747321808412,0.1912
8.841621160507202,3.309587550274414,1.4590427553136813,-0.3238634532280417,0.3978061864529085,2.5962987240614597,-12.798385105283252,-0.000801836019532625,0.1912
8.873652219772339,3.317672131094681,1.4629232945398398,-0.22847958758683162,0.44187894695171986,2.418417427220271,-12.976266402124441,-0.0008129805217362318,0.1912
8.899200201034546,3.314438298680938,1.4436822883764742,-0.23271679747431853,0.2792339372029659,2.7301490489652718,-12.66453478037944,-0.0007934501168698182,0.1912
8.926487922668457,3.3171870562253356,1.4680973469739684,-0.1753278160946211,0.4109108983075511,2.3900669467073254,-13.004616882637388,-0.0008147567174249328,0.191353
8.955525636672974,3.316378598115474,1.4679356578331049,-0.1529070082290062,0.5014587546254565,2.2202808170404773,-13.174403012304236,-0.0008253940465304397,0.191353
8.984278440475464,3.3239781046303034,1.4604979575135153,0.029651467013351543,0.49004549871399244,1.854596008916092,-13.54008782042862,-0.0008483046910014335,0.191353
9.013428449630737,3.3194507389709504,1.4606596466475688,0.05803411136165586,0.48368223596279974,1.7863287255911335,-13.60835510375358,-0.0008525817280084693,0.191353
9.039952039718628,3.3171870562253356,1.459689511845464,0.02819782009057398,0.4694718537382875,1.8742628703059672,-13.520420959038745,-0.0008470725357159164,0.191353
9.067833423614502,3.3228462631944398,1.466480455572006,0.13157277429506373,0.5278172753962624,1.5853343778112932,-13.809349451533418,-0.0008651742939022563,0.191353
9.099381685256958,3.3223611882976476,1.4517667444937357,0.1932843541001822,0.42069158056834266,1.3865634031050817,-14.008120426239628,-0.0008776275624862165,0.191353
9.126899480819702,3.3239781046303034,1.4593661335792774,0.2719854206437802,0.4221263622078251,1.1499842176511081,-14.244699611693601,-0.000892449566263113,0.191353
9.155077457427979,3.324624871171379,1.4650252533229116,0.34127735167229073,0.4800412834149558,1.0536070494220833,-14.341076779922627,-0.0008984877253207496,0.191353
9.184056282043457,3.319612430597781,1.469229170964167,0.27972252654963903,0.562858155884903,1.2595503618745827,-14.135133467470128,-0.0008855851001420381,0.191501
9.223610401153564,3.3310925368341615,1.466480455572006,0.48870517581976497,0.5931876868988902,0.9296310963800637,-14.465052732964647,-0.0009062549853216963,0.191501
9.250112295150757,3.337721894614637,1.4372147237464585,0.7805551870269611,0.32010940705544844,0.29537255586653766,-15.099311273478174,-0.0009459921349148896,0.191501
9.275622844696045,3.326241787544107,1.4537070140165478,0.7327791497004198,0.2948082685085583,0.27865432070079743,-15.116029508643914,-0.000947039554806433,0.191501
9.303361177444458,3.3184805892159708,1.4457842469316653,0.5289217138142024,0.1974226734358775,0.18313839164693316,-15.211545437697778,-0.0009530237560728017,0.191501
9.330878734588623,3.324301487900269,1.430100402923278,0.5140321646550164,-0.028470812576656367,-0.3936790407555502,-15.788362870100261,-0.0009891621430794335,0.191501
9.367448091506958,3.3181572059665974,1.440448506032212,0.36869823252312384,-0.08253121881636206,-0.7453178821151115,-16.140001711459824,-0.0010111927888639882,0.191501
9.400498390197754,3.3171870562253356,1.434466008849499,0.2456627049036048,-0.18053610168023945,-1.2487945215358347,-16.643478350880546,-0.0010427362766680956,0.191501
9.43494963645935,3.316701981358561,1.4419037080798838,0.1488869480909876,-0.17434277530448128,-1.5540903660872991,-16.94877419543201,-0.001061863471447845,0.191501
9.461979150772095,3.3102343167137835,1.443197221021101,-0.0608679093387216,-0.15699931706633988,-2.2006826669509745,-17.595366496295682,-0.001102373347695509,0.191653
9.48866057395935,3.315570140012753,1.4422270863143096,-0.09053655244327402,-0.1546149936398098,-2.270584444234459,-17.665268273579166,-0.0011067527879447406,0.191653
9.519239902496338,3.3147616819171715,1.444329044852356,-0.12905608140305627,-0.13180775627052224,-2.3893608425777977,-17.784044671922505,-0.001114194288859003,0.191653
9.545764684677124,3.3191273557181473,1.4554855944310863,-0.060161764364409745,-0.003647566168403592,-2.5855321143144963,-17.980215943659204,-0.001126484682559617,0.191653
9.577067136764526,3.3068387929579823,1.4541920814005633,-0.28175821356772895,0.07305643622987279,-3.026534108107184,-18.421217937451893,-0.0011541140498899302,0.191653
9.609864950180054,3.3120129244455785,1.4406101951480346,-0.3232662708925476,-0.009836128448302554,-2.8651573395853625,-18.25984116893007,-0.0011440035785568587,0.191653
9.647273063659668,3.32122934688181,1.4642168076341542,-0.14995504963343978,0.16953745783558713,2.978172425406696,-18.699696711117596,-0.001171561119154025,0.191653
9.673345565795898,3.3188039724664873,1.4619531597253177,-0.08189163393512686,0.2723347384960442,2.5448285468865226,-19.13304058963777,-0.0011987106952750003,0.191653
9.699382305145264,3.322684571561889,1.4427121536670464,0.050959860424761555,0.15079689391732015,2.8271547679665554,-18.850714368557735,-0.0011810225782619365,0.191653
9.72843337059021,3.3239781046303034,1.4551622161725712,0.17235827507097598,0.19092365628588265,1.1204647249962707,-20.55740441152802,-0.0012879490021328933,0.191804
9.754466772079468,3.3220378050345496,1.4385082366537452,0.2147336125826712,0.05153271506022955,-0.7523886376857429,-22.430257774210034,-0.001405285781198974,0.191804
9.779993057250977,3.320744271993599,1.4381848584260468,0.21599398084959703,-0.049292976165013165,-1.1501886474709162,-22.828057783995206,-0.0014302084861959122,0.191804
9.808398485183716,3.321714421772596,1.4381848584260468,0.23817801459224633,-0.11987096002268903,-1.1830157728183817,-22.860884909342673,-0.001432265149697188,0.191804
9.838874816894531,3.323007954827276,1.4396400604552921,0.282109206504819,-0.15464140302398274,-1.0942743988986672,-22.77214353542296,-0.0014267053834105597,0.191804
9.865561962127686,3.324139796265143,1.4368913455210974,0.3377131134295907,-0.2066229882343409,-1.0273800122322128,-22.705249148756504,-0.0014225143602234576,0.191804
9.897444009780884,3.3160552148735283,1.4360828999602497,0.19912105084178583,-0.2511401787153531,-1.41378312337195,-23.091652259896243,-0.0014467230342102568,0.191804
9.923789262771606,3.314438298680938,1.4346276979599175,0.0666036494257137,-0.29693635746038805,-1.746399531891955,-23.424268668416246,-0.0014675618990236637,0.191804
9.952938795089722,3.3136298405953495,1.4372147237464585,-0.04391001013272282,-0.3029774239960486,-1.9828549557926036,-23.660724092316894,-0.0014823761489729894,0.191804
9.9794921875,3.319612430597781,1.4441673557331658,0.010091373286136044,-0.23728747375724535,-1.9215082766806468,-23.599377413204937,-0.0014785326971166791,0.191956
10.006937503814697,3.3171870562253356,1.4587193770486762,-0.005362096562293136,-0.04496304131094982,-2.3012708761173104,-23.9791400126416,-0.0015023253341247618,0.191956
10.034063816070557,3.3165402897368743,1.466480455572006,-0.030380708748872613,0.16771284886179405,2.8494025095077453,-25.111651934196132,-0.0015732787273679192,0.191956
10.060394048690796,3.3200975054799873,1.4561323509498847,0.030212772072585343,0.2125209227963843,2.419989996171005,-25.54106444753287,-0.0016001819981789605,0.191956
10.090912580490112,3.3199358138523,1.4575875531258076,0.06907791270208033,0.2585207217247355,2.0286230550591977,-25.93243138864468,-0.0016247016627816617,0.191956
10.122933864593506,3.3247865628073634,1.4556472835605647,0.20279239224078402,0.2712083847690896,1.1764080971261368,-26.78464634657774,-0.0016780940747175334,0.191956
10.149109363555908,3.3221994966659554,1.4550005270435349,0.23958779062871693,0.27358568354575513,0.9974963537165992,-26.96355808998728,-0.0016893031357828958,0.191956
10.178004264831543,3.3319009950742506,1.4603362683796097,0.4783623426347545,0.3289083325728639,0.5564510357977929,-27.404603407906087,-0.0017169352174279098,0.191956
10.205197095870972,3.331577611777355,1.4558089726901906,0.6384039362362379,0.3221057287050786,0.3880322647455547,-27.573022178958325,-0.0017274868796793726,0.191956
10.233516216278076,3.324139796265143,1.444005666614122,0.5871194242416002,0.19864471689766006,0.17727086090998814,-27.78378358279389,-0.0017406913647556074,0.192104
10.26663851737976,3.3297990036649283,1.452090122746066,0.6754806333961441,0.19352282223431516,0.13900441713592823,-27.82205002656795,-0.0017430888088632078,0.192104
10.295490980148315,3.326080095905546,1.452251811872452,0.6556766659745505,0.19156351227968857,0.14055536415373315,-27.820499079550146,-0.0017429916399490806,0.192104
10.325972318649292,3.319289047344406,1.455970661819964,0.49270145471406857,0.22759037084364442,0.30132277977390687,-27.65973166392997,-0.0017329193453938703,0.192104
10.3520348072052,3.3136298405953495,1.4428738427849181,0.25435845356912556,0.1211018527847338,0.016010636185945108,-27.945043807517933,-0.0017507945344631892,0.192104
10.379393577575684,3.3121746160592713,1.4449758013305831,0.055565691741491,0.06769810119082333,-2.6160191760571614,-30.57707361976104,-0.0019156947379325323,0.192104
10.405532836914062,3.3136298405953495,1.4553239053017553,-0.051636580511665704,0.13438051771519935,3.0645331280396775,-31.17970662284379,-0.0019534505051215807,0.192104
10.431499719619751,3.3123363076732497,1.4671272121310117,-0.15508053647052336,0.2997574059566162,2.5986904058589717,-31.645549345024495,-0.001982636177455149,0.192104
10.459389209747314,3.3110427747694113,1.4603362683796097,-0.2558936706224253,0.3472285382604652,2.6235753445784593,-31.620664406305007,-0.0019810771026152374,0.192104
10.488404273986816,3.312497999287513,1.4718161972547918,-0.2945102038972814,0.4959054979319143,2.431501708378654,-31.81273804250481,-0.0019931107739449144,0.192258
10.516209602355957,3.314276607063249,1.4703609949616376,-0.2824885246176129,0.585345221348868,2.3109432562916163,-31.93329649459185,-0.0020006639229201376,0.192258
10.545746803283691,3.3108810831577156,1.4634083619490978,-0.3486295579197556,0.5780343206107442,2.3913739931689233,-31.852865757714543,-0.001995624829208295,0.192258
10.57262372970581,3.315246756773664,1.4525751901256652,-0.2990702979834359,0.46397359376707037,2.4807812092521337,-31.763458541631334,-0.001990023347015666,0.192258
10.605471849441528,3.3175104394712798,1.4600128901122413,-0.2146746747670169,0.458927836961562,2.3825580535391984,-31.86168169734427,-0.001996177159668973,0.192258
10.63373851776123,3.319289047344406,1.449988164116435,-0.11654448380501567,0.35458279438732293,2.406322773199062,-31.837916977684408,-0.0019946882680579913,0.192258
10.661332607269287,3.3223611882976476,1.4524135009989847,0.019602273430149364,0.30593150909800043,2.1483856063371762,-32.095854144546294,-0.002010848378061298,0.192258
10.689313173294067,3.324948254443634,1.4296153356046946,0.17170974088441796,0.04260732406683851,-1.1778116011827986,-29.138866044886683,-0.001825589101353205,0.192258
10.7168288230896,3.323493029727502,1.4409335733801192,0.24623230312274166,-0.027898474551027057,-0.9524727602050054,-28.91352720390889,-0.0018114713202574372,0.192417
10.750163316726685,3.3252716377170346,1.4359212108485182,0.3374513539560621,-0.12765903529939185,-0.9011196509072296,-28.862174094611117,-0.0018082539789748282,0.192417
10.777381658554077,3.328990545443473,1.441418640729343,0.48296150264584425,-0.14220687747925592,-0.6574525867601717,-28.61850703046406,-0.0017929879100763216,0.192417
10.811333656311035,3.3197741222248975,1.4278367554477527,0.38245172816410256,-0.28897572359795176,-1.037417519721765,-28.99847196342565,-0.0018167932235515453,0.192417
10.83929991722107,3.3197741222248975,1.4359212108485182,0.3120948860268899,-0.3104131096322347,-1.191395210426455,-29.15244965413034,-0.0018264401327198361,0.192417
10.866875171661377,3.3200975054799873,1.4422270863143096,0.2699456884155996,-0.2620046484359347,-1.2438045357040686,-29.204858979407952,-0.0018297236473524476,0.192417
10.892664194107056,3.314923373535717,1.4355978326254926,0.12683178294294115,-0.29478538933911674,-1.6026537614730298,-29.563708205176912,-0.0018522060334063074,0.192417
10.920761346817017,3.319612430597781,1.4401251278010052,0.1296106284390813,-0.27220345495265685,-1.5974087728255564,-29.55846321652944,-0.0018518774278216974,0.192417
10.946542024612427,3.312983074132016,1.452251811872452,-0.01400630756433213,-0.13444488175118516,-2.1164258144621955,-30.077480258166077,-0.001884394542700802,0.192417
10.974550485610962,3.3074855593779677,1.4512816771163433,-0.23524821201847615,-0.047769978346280766,-2.7236190857412006,-30.68467352944508,-0.0019224360168183742,0.192417
11.003533124923706,3.309749241883829,1.4483712728797766,-0.34041340808578324,-0.016365839151812566,-2.8674703043786307,-30.82852474808251,-0.001931448488908274,0.192417
11.030662775039673,3.3136298405953495,1.4577492422572031,-0.32882195039077067,0.09992600472109146,-3.10253514756722,-31.0635895912711,-0.0019461756171079553,0.192576
11.057360649108887,3.317995514342339,1.4604979575135153,-0.22484994387914936,0.2089725737809369,2.8956843228573015,-31.348555428026167,-0.001964029109588983,0.192576
11.085371017456055,3.316701981358561,1.4629232945398398,-0.18047190605694682,0.3096954180813405,2.59819838201992,-31.64604136886355,-0.0019826670034096255,0.192576
11.110933303833008,3.317672131094681,1.4650252533229116,-0.12810550456705871,0.4013396225264195,2.321779958683963,-31.922459792199508,-0.001999984988957794,0.192576
11.139389753341675,3.3213910385117864,1.4406101951480346,-0.009792217209789547,0.21996210195928537,2.534539768772191,-31.70969998211128,-0.0019866553010452746,0.192576
11.167426586151123,3.319612430597781,1.4616297814549934,0.033973828332192584,0.3043799565866783,2.0704279456728565,-32.17381180521062,-0.002015732530226195,0.192576
11.192803621292114,3.326565170822089,1.465510320737943,0.21727279100146646,0.40249684877007585,1.2865936496284158,-32.95764610125506,-0.0020648408018357108,0.192576
11.220680952072144,3.3221994966659554,1.450958298865484,0.2497240697612109,0.32483720041840275,1.0589335950265089,-33.18530615585696,-0.0020791040100832277,0.192576
11.253173351287842,3.324301487900269,1.4422270863143096,0.3185938138179191,0.1826705685995078,0.32517072439264366,-33.91906902649083,-0.0021250752396274153,0.192576
11.278841018676758,3.326241787544107,1.4307471593500936,0.4094061884540839,-0.03229322151496099,-0.5099816747734454,-34.75422142565692,-0.00217739865933558,0.192727
11.306432962417603,3.3220378050345496,1.443197221021101,0.38066715195087275,-0.05756462941367866,-0.6294896977565679,-34.87372944864005,-0.0021848859975163518,0.192727
11.334308385848999,3.324948254443634,1.4423887754317422,0.42445515584893734,-0.08338469606326726,-0.6155724538280325,-34.85981220471152,-0.002184014063488526,0.192727
11.361252307891846,3.3210676552521203,1.4317172939946832,0.36989965309612327,-0.20877581006426454,-0.9544256647727174,-35.1986654156562,-0.0022052436723520356,0.192727
11.392205238342285,3.3220378050345496,1.4349510761811926,0.3530125772003068,-0.2640292671019376,-1.0586060565853184,-35.3028458074688,-0.0022117707138496288,0.192727
11.419090747833252,3.321552730142048,1.436406278184151,0.33054073602938894,-0.28807254159357437,-1.1284059681686494,-35.37264571905213,-0.002216143772075905,0.192727
11.447145223617554,3.3188039724664873,1.438023169312417,0.25445541602883376,-0.2886426720041181,-1.2924543419434547,-35.536694092826934,-0.0022264216230669714,0.192727
11.475693702697754,3.317833822718367,1.4318789831026246,0.17989391675063765,-0.35083037709862686,-1.482706964958651,-35.72694671584213,-0.002238341205474378,0.192878
11.512239694595337,3.3200975054799873,1.450473231490298,0.17740500992221653,-0.2073699065789087,-1.4515500598051503,-35.69578981068863,-0.002236389183511941,0.192878
11.538892030715942,3.3205825803647677,1.4444907339716928,0.1863136630166412,-0.1671101790890588,-1.4039107177656711,-35.64815046864915,-0.0022334045147369467,0.192878
11.572877883911133,3.313306457363112,1.4496647858679277,0.03278640799790013,-0.08689584942466214,-2.05518376557074,-36.29942351645422,-0.002274207646068362,0.192878
11.60093379020691,3.314276607063249,1.443197221021101,-0.05338089629097933,-0.09578646895047095,-2.311376262808044,-36.55561601369152,-0.0022902584501759892,0.192878
11.629943609237671,3.313791532211896,1.4428738427849181,-0.1243488964335241,-0.10526193507114845,-2.4462476467105323,-36.690487397594005,-0.0022987083235567005,0.192878
11.655250787734985,3.3092641670564404,1.4554855944310863,-0.2734347737904649,0.014934508671157328,-2.906529233396879,-37.150768984280354,-0.0023275455832810067,0.192878
11.681439876556396,3.3128213825168964,1.4533836357612737,-0.2996883847945945,0.07793380699495554,-3.0609759524610975,-37.30521570334457,-0.0023372218777060905,0.192878
11.70821213722229,3.314599990298912,1.4556472835605647,-0.2790126597875161,0.14479754445824508,3.06545614764428,-37.46196891041878,-0.002347042676703416,0.192878
11.73605751991272,3.3150850651545474,1.4577492422572031,-0.25388876504820684,0.21274037324813183,2.8911348420445595,-37.6362902160185,-0.002357964140673438,0.192878
11.764240503311157,3.3191273557181473,1.4493414076200084,-0.14754464291600214,0.17574750464072555,2.9239739759035643,-37.603451082159495,-0.002355906724822782,0.192878
11.79102873802185,3.3239781046303034,1.4517667444937357,0.03340512273243814,0.1742427410394661,2.597907391652166,-37.929517666410895,-0.0023763352343470667,0.193027
11.821831703186035,3.32381641299575,1.443197221021101,0.15651966259009698,0.08701054437442328,0.0,-37.929517666410895,-0.0023763352343470667,0.193027
11.849742889404297,3.324301487900269,1.4299387138169382,0.25335072879811665,-0.10738531902779816,-1.0745443004380426,-35.318784051321515,-0.0022127692662376117,0.193027
11.885696411132812,3.3210676552521203,1.4428738427849181,0.2501265541605455,-0.11338113012528046,-1.096896256846343,-35.341136007729816,-0.0022141696463330502,0.193027
11.913613080978394,3.32122934688181,1.4454608686907926,0.25141992790372863,-0.09156193810758145,-1.0497132190031024,-35.293952969886575,-0.0022112135656289257,0.193027
11.946331024169922,3.3252716377170346,1.4402868169165357,0.34108269130273344,-0.12832102289002645,-0.8611252442201108,-35.105364995103585,-0.0021993982756694694,0.193027
11.97270917892456,3.3272119373814886,1.438346547539823,0.446450179931168,-0.17356457654728016,-0.74144722287314,-34.985686973756614,-0.0021919002868628357,0.193027
11.998702764511108,3.326241787544107,1.4352744544030507,0.49890564473334187,-0.2361293713314873,-0.7627611314297599,-35.007000882313235,-0.0021932356318659072,0.193027
12.025567293167114,3.3184805892159708,1.4352744544030507,0.36521026033724785,-0.2799247276804338,-1.0403080731723948,-35.28454782405587,-0.0022106243206082474,0.193179
12.055932998657227,3.3252716377170346,1.4360828999602497,0.4207359240061969,-0.3024513963276256,-0.9673422184406767,-35.21158196932415,-0.002206052911790761,0.193179
12.082857608795166,3.3175104394712798,1.4339809415191178,0.2891896806257391,-0.3393582743767554,-1.2439178947628307,-35.488157645646304,-0.0022233807494497597,0.193179
12.109089612960815,3.3218761134034294,1.4372147237464585,0.2929653004501049,-0.33267276583750277,-1.231672795702849,-35.47591254658632,-0.002222613577544221,0.193179
12.14194917678833,3.317995514342339,1.4349510761811926,0.21040113170946026,-0.3507571361432036,-1.413588942943235,-35.65782869382671,-0.0022340108685455465,0.193179
12.1701180934906,3.3199358138523,1.429453646498791,0.19520976444788954,-0.41870074370574034,-1.462166055874556,-35.70640580675803,-0.0022370542899266673,0.193179
12.206337213516235,3.315246756773664,1.4593661335792774,0.0816172276739027,-0.16544826478403893,-1.7764520320456465,-36.02069178292912,-0.0022567447285292627,0.193179
12.234850645065308,3.313468148979088,1.4516050553677913,-0.03695080105365648,-0.06622031386314542,-2.367879672787304,-36.61211942367078,-0.00229379846471494,0.19333
12.266138792037964,3.315246756773664,1.4638934293596877,-0.0808951681771405,0.12681649520759,3.038950018142953,-37.488475039920104,-0.0023487033213236337,0.19333
12.292275190353394,3.3188039724664873,1.4689057926805114,-0.03354971691572712,0.312348771209728,2.2580987929663405,-38.269326265096716,-0.002397624699535977,0.19333
12.318102359771729,3.319289047344406,1.4671272121310117,0.010242986690870922,0.4243351834027885,1.9479641512458417,-38.57946090681722,-0.0024170550514585557,0.19333
12.344718933105469,3.317995514342339,1.4682590361149803,0.012495512077996505,0.5141077871042391,1.865560402993814,-38.661864655069245,-0.002422217756983466,0.19333
12.373264789581299,3.324948254443634,1.4671272121310117,0.1667350079379337,0.5655664945289499,1.5047034593894775,-39.022721598673584,-0.0024448259292567764,0.19333
12.402588367462158,3.324624871171379,1.465510320737943,0.26760206277817866,0.5853274253296697,1.3029948446152035,-39.22443021344786,-0.0024574632449372745,0.19333
12.428448677062988,3.324948254443634,1.465510320737943,0.34530959342804496,0.5991600768901728,1.1690033318834103,-39.35842172617966,-0.0024658579932071685,0.19333
12.459821939468384,3.334164678184649,1.457264174863459,0.6020717549188102,0.5259160968746384,0.7308303274838094,-39.79659473057926,-0.0024933101205516874,0.19333
12.487111568450928,3.328505470514039,1.4519284336198273,0.6575448944649995,0.42098677190997014,0.5394898426266848,-39.98793521543638,-0.0025052978589648676,0.193481
12.520927667617798,3.3272119373814886,1.45451545965731,0.66797372214479,0.37355250554414177,0.461446781250952,-40.06597827681211,-0.002510187361599057,0.193481
12.547041893005371,3.3340029865320413,1.4483712728797766,0.8243863485278149,0.2785598995714787,0.24005180065645182,-40.287373257406614,-0.0025240580545438348,0.193481
12.573259115219116,3.3218761134034294,1.450473231490298,0.6676029679815677,0.23320328709016297,0.2274964669826327,-40.29992859108043,-0.0025248446630646835,0.193481
12.60158371925354,3.3194507389709504,1.4454608686907926,0.5046001620394039,0.15104715394323043,0.1083966957103585,-40.419028362352705,-0.0025323064237273455,0.193481
12.629721403121948,3.3213910385117864,1.4385082366537452,0.4331017494147148,0.023619163420375226,-0.295082487937531,-40.822507546000594,-0.0025575849365958906,0.193481
12.655604839324951,3.3189656640921745,1.438023169312417,0.32979842130015935,-0.07045847849435262,-0.7746124582686371,-41.3020375163317,-0.002587628133412821,0.193481
12.680747509002686,3.3228462631944398,1.4323640504273223,0.3426931951417572,-0.1932233932603118,-0.9929601175093217,-41.520385175572386,-0.0026013079075811684,0.193481
12.711745738983154,3.3092641670564404,1.4286452009714543,0.053494690312232085,-0.3165572041844767,-1.780926839092354,-42.30835189715542,-0.002650675081201963,0.193481
12.74176549911499,3.3068387929579823,1.4310705375643744,-0.2021986952940504,-0.3785006302313885,-2.188165047964962,-42.715590106028024,-0.002676189102050516,0.193481
12.767516851425171,3.3228462631944398,1.4355978326254926,-0.029704786474192866,-0.3763325765959374,-1.9141506455099764,-42.44157570357304,-0.0026590217316399775,0.193481
12.793537855148315,3.3094258586652847,1.4444907339716928,-0.20363360128716002,-0.2853840481009789,-2.2939194909929195,-42.82134454905598,-0.00268281475997125,0.19364
12.820166110992432,3.3189656640921745,1.422015947784267,-0.1159163241911335,-0.44773632126894003,-2.0070118274125304,-42.53443688547559,-0.002664839609431067,0.19364
12.847426652908325,3.313791532211896,1.4480478946342077,-0.16812369596362553,-0.2995943117446756,-2.223979497454591,-42.75140455551765,-0.002678432925422315,0.19364
12.876574039459229,3.3115278496062106,1.4470777599010245,-0.25437299544684555,-0.20565100268326728,-2.4761794850930055,-43.003604543156065,-0.0026942335934402417,0.19364
12.903603792190552,3.3053835685296824,1.4501498532409087,-0.449658733985087,-0.1089963770735739,-2.7946949604047773,-43.322120018467835,-0.0027141890158456903,0.19364
12.929496765136719,3.316378598115474,1.4412569516127884,-0.3449386507523323,-0.13076903293203757,-2.6903469301017027,-43.21777198816476,-0.002707651471571472,0.19364
12.962050199508667,3.311366157993659,1.4503115423655297,-0.38169375941210126,-0.0549529819557393,-2.845883913850205,-43.37330897191327,-0.0027173960725436317,0.19364
12.989614009857178,3.3158935232529845,1.4577492422572031,-0.3080140559360865,0.07291500475834796,-3.073657137246861,-43.60108219530992,-0.0027316663709681644,0.19364
13.024161577224731,3.3136298405953495,1.4582343096522756,-0.3061424038859732,0.1673006445474021,2.997767836199749,-43.812842529042896,-0.0027449334403443822,0.19364
13.051954507827759,3.3221994966659554,1.4672889012711339,-0.11666656665999688,0.32442751118701535,2.422229862347515,-44.38838050289513,-0.0027809916675540828,0.1938
13.085309982299805,3.3233313380938077,1.454353770528863,0.04081859176429276,0.30433500670762537,2.0108813951017246,-44.79972897014092,-0.0028067632016112233,0.1938
13.111848592758179,3.317995514342339,1.4491797184962691,0.03389843562939505,0.23823773177926513,2.2172326490778613,-44.59337771616478,-0.002793835018348048,0.1938
13.137796640396118,3.3186422808410865,1.4485329620027811,0.04325550985353312,0.18546557421177987,2.4173490504777844,-44.39326131476486,-0.0027812974569743506,0.1938
13.164825677871704,3.314599990298912,1.4393166822255479,-0.03895193353381055,0.055842138552291976,-2.868005643094909,-43.39543070115796,-0.002718782028597995,0.1938
13.190882205963135,3.3183188975911415,1.4412569516127884,-0.01484034033254677,-0.015382071993932938,-2.4647993621509743,-42.99222442021403,-0.0026935206134504563,0.1938
13.219945669174194,3.327535320662908,1.4428738427849181,0.20440465024939064,-0.04897885720157035,-1.140351723261242,-41.6677767813243,-0.0026105421896797628,0.1938
13.247561931610107,3.3197741222248975,1.4461076251731249,0.18746193148658832,-0.039976282055534544,-1.2162854425972904,-41.74371050066035,-0.002615299539201586,0.1938
13.275097131729126,3.3239781046303034,1.447724516389226,0.2679097248142775,-0.017414316836393696,-0.7361501790053949,-41.26357523706845,-0.0025852184199487475,0.1938
13.30093789100647,3.3210676552521203,1.444005666614122,0.2603178513718386,-0.03901931498136311,-0.847481436902957,-41.37490649496601,-0.002592193472812666,0.193958
13.339005947113037,3.3173487478481647,1.4215308804874611,0.1733467339365195,-0.280159056186192,-1.470614299656655,-41.99803935771971,-0.002631233583748548,0.193958
13.36819338798523,3.3204208887362214,1.4228243932818418,0.1799225738622466,-0.4359487467311272,-1.4873473188080877,-42.01477237687114,-0.002632281929876655,0.193958
13.402756690979004,3.3225228799296254,1.434304319739226,0.23067950983691704,-0.42955438736825535,-1.392442248636284,-41.91986730669934,-0.0026263359997398435,0.193958
13.430587530136108,3.313144765747422,1.4281601336567973,0.06029220509002549,-0.48686694834055455,-1.697670078232763,-42.22509513629582,-0.0026454589332912956,0.193958
13.467102766036987,3.3170253646027916,1.430100402923278,0.026228189867823222,-0.5074735478201559,-1.7482974326120542,-42.275722490675115,-0.00264863080505332,0.193958
13.492161750793457,3.314438298680938,1.4279984445522025,-0.05442135325603737,-0.5430363767474597,-1.8579175146495515,-42.38534257271261,-0.0026554986504509007,0.193958
13.518216848373413,3.314923373535717,1.4376997910855955,-0.10022514622720799,-0.47036938897030534,-1.963249085184282,-42.49067414324734,-0.0026620978148418693,0.193958
13.545882940292358,3.3110427747694113,1.4485329620027811,-0.21749489745208506,-0.3105594103129165,-2.284353773214819,-42.81177883127788,-0.0026822154549023627,0.193958
13.573274374008179,3.3087790922316183,1.4501498532409087,-0.3492878610612515,-0.1824322624143269,-2.6204408753654804,-43.14786593342854,-0.0027032717633340806,0.19411
13.60085415840149,3.306353718145985,1.4486946511259329,-0.4947973675316785,-0.10737740544653637,-2.8308069403365748,-43.35823199839964,-0.0027164514798993784,0.19411
13.625867128372192,3.3150850651545474,1.4564557292101685,-0.4049380604691173,0.02320977747553764,-3.010939560552273,-43.53836461861534,-0.00272773703053671,0.19411
13.65304708480835,3.3147616819171715,1.4486946511259329,-0.34913713702115956,0.03657202247635837,-3.0233311857881353,-43.550756243851204,-0.002728513382504003,0.19411
13.68057131767273,3.313306457363112,1.4420653971970234,-0.3420291520285214,-0.02074107217813362,-2.90389092928421,-43.431315987347276,-0.0027210302899841874,0.19411
13.706835508346558,3.313953223828728,1.4517667444937357,-0.32285237974262715,0.0367007372662684,-3.017042302593263,-43.54446736065633,-0.0027281193755236844,0.19411
13.733928918838501,3.316701981358561,1.4519284336198273,-0.24907361116135526,0.07853602018410072,-3.103055338291115,-43.63048039635418,-0.002733508207755605,0.19411
13.763168096542358,3.313953223828728,1.4567791074710421,-0.25778350113560433,0.15660120811789455,2.977572198937946,-43.8330381663047,-0.002746198724148606,0.19411
13.795337438583374,3.3158935232529845,1.4516050553677913,-0.2212768751425484,0.15921431716820875,2.9533908076644315,-43.85721955757822,-0.0027477137207959183,0.19411
13.82516360282898,3.3223611882976476,1.4501498532409087,-0.05371040050616254,0.1464093468224638,2.8525124056795907,-43.95809795956306,-0.002754033888195081,0.19426
13.856184005737305,3.3218761134034294,1.4528985683794668,0.052935243657777006,0.1650881447450669,2.355854885607482,-44.45475547963517,-0.0027851501490115467,0.19426
13.88120722770691,3.3191273557181473,1.450958298865484,0.06723216317817031,0.1586511076008957,2.291645472624351,-44.5189648926183,-0.002789172954990534,0.19426
13.908831119537354,3.319289047344406,1.446431003415171,0.08079030275660562,0.10861672581777147,0.0,-44.5189648926183,-0.002789172954990534,0.19426
13.93686056137085,3.326080095905546,1.4448141122108062,0.23939343452688666,0.05733249607069648,-0.3057948879008145,-47.11640525314346,-0.0029519060828440725,0.19426
13.962982177734375,3.327535320662908,1.4422270863143096,0.3823682926509843,-0.0045827244438880615,-0.36380952464414945,-47.1744198898868,-0.0029555407777698962,0.19426
13.993666410446167,3.3202591971079616,1.4354361435141987,0.3226873690043066,-0.11621605870263758,-0.8147011319820121,-47.625311497224665,-0.0029837897426740084,0.19426
14.020198583602905,3.326565170822089,1.4147399384689285,0.4193722694719983,-0.4024894488297379,-1.035303610147973,-47.84591397539062,-0.0029976107842770313,0.19426
14.048399448394775,3.3239781046303034,1.4326874286445155,0.43024696140406443,-0.4223930402334411,-1.0366483500810622,-47.84725871532371,-0.002997695034040293,0.19426
14.073967933654785,3.317833822718367,1.4307471593500936,0.30294799851331866,-0.4558377476980245,-1.258806798210681,-48.06941716345333,-0.0030116135592517484,0.194417
14.102091550827026,3.3204208887362214,1.4360828999602497,0.270643459066032,-0.4255905103399428,-1.2989212117055224,-48.10953157694817,-0.0030141267811448222,0.194417
14.12810492515564,3.32122934688181,1.4410952624963806,0.2657817613375724,-0.354010942427871,-1.2675845798380057,-48.078194945080654,-0.0030121634990623166,0.194417
14.156673669815063,3.324948254443634,1.4482095837569187,0.34403538241961085,-0.2323605302831727,-0.976381653856416,-47.78699201909907,-0.002993919244562666,0.194417
14.186927318572998,3.3239781046303034,1.4546771487859045,0.3775111404673867,-0.08216458965913348,-0.5965713615182922,-47.407181726760946,-0.0029701236195302386,0.194417
14.213596820831299,3.315731831632726,1.4567791074710421,0.21987907819715002,0.04411078122763062,-0.4384347621522641,-47.249045127394915,-0.0029602161491474525,0.194417
14.24763035774231,3.3165402897368743,1.4643784967716094,0.12728811358271158,0.20892631102977952,1.5817185770831383,-45.228891788159515,-0.002833650828675155,0.194417
14.276012420654297,3.3168636729805336,1.4661570772933923,0.06957502998642562,0.3421833626209951,1.7982942448720054,-45.01231612037065,-0.0028200820721516655,0.194417
14.311482906341553,3.3158935232529845,1.4619531597253177,0.00787409664287906,0.3931868718458328,1.9468158608197275,-44.86379450442293,-0.0028107769933963063,0.194417
14.34303331375122,3.3213910385117864,1.4658336990153713,0.08539350363714739,0.46791372231887157,1.6832281660071715,-45.127382199235484,-0.0028272911165663486,0.194575
14.375548362731934,3.321714421772596,1.4677739686923896,0.14675768054351535,0.5397347149795549,1.52958609824273,-45.28102426699993,-0.002836916998506575,0.194575
14.40159273147583,3.316701981358561,1.4538687031444055,0.07965343103893797,0.4501720003799538,1.7047768222818922,-45.10583354296077,-0.0028259410643033905,0.194575
14.43010950088501,3.3239781046303034,1.4449758013305831,0.19244377450090272,0.29804720450747507,1.2700327249882946,-45.54057764025436,-0.0028531783660115024,0.194575
14.460347652435303,3.3199358138523,1.4593661335792774,0.18263961440189924,0.33627529896521113,1.3524950288511997,-45.45811533639146,-0.00284801199189891,0.194575
14.4948570728302,3.3213910385117864,1.4475628272669554,0.20772936606847126,0.2443357736097883,1.0916360970639987,-45.718974268178656,-0.0028643551543997346,0.194575
14.522613525390625,3.320744271993599,1.4553239053017553,0.21109100828966357,0.2580268884084756,1.1095774247389951,-45.70103294050366,-0.0028632311061194474,0.194575
14.553272724151611,3.324139796265143,1.4412569516127884,0.28800037467899486,0.12614725290539708,0.20999803776612322,-46.60061232747653,-0.00291959096316158,0.194727
14.5883948802948,3.332386070021746,1.4474011381448315,0.5229020407212792,0.09562012510107384,0.00853907237794042,-46.80207129286472,-0.0029322126379726734,0.194727
14.61344575881958,3.32122934688181,1.4427121536670464,0.44236276849624223,0.027096664540840875,-0.2055343389086174,-47.01614470415127,-0.0029456246247648917,0.194727
14.639284610748291,3.3251099460801914,1.4457842469316653,0.47119238357097737,0.010024550658481242,-0.2364315851288257,-47.04704195037148,-0.002947560378746345,0.194727
14.665503740310669,3.323007954827276,1.445137490450506,0.445219264789934,-0.008429994052825747,-0.30934644011180307,-47.119956805354455,-0.0029521285923610626,0.194727
14.696167945861816,3.3252716377170346,1.446431003415171,0.47674222712308045,-0.008340045339833532,-0.28239186634265123,-47.0930022315853,-0.002950439852105049,0.194727
14.721692562103271,3.320744271993599,1.4474011381448315,0.39940001102788025,0.0014790163294005117,-0.32542243212881905,-47.13603279737147,-0.002953135774856582,0.194727
14.74771785736084,3.3200975054799873,1.444005666614122,0.33105927591631884,-0.025793981765316838,-0.5341234501384278,-47.344733815381076,-0.002966211173993005,0.194727
14.779286623001099,3.3186422808410865,1.4409335733801192,0.25126809805439926,-0.07577938863354101,-0.9557456023937244,-47.76635596763637,-0.002992626368217127,0.194727
14.808831453323364,3.317833822718367,1.446431003415171,0.17766279416853353,-0.05548462154633347,-1.2780898259885498,-48.0887001912312,-0.003012821666845851,0.194878
14.841557502746582,3.3120129244455785,1.4538687031444055,-0.001671565477160601,0.03351846481183191,-2.7429057225128988,-49.55351608775555,-0.003104594350520789,0.194878
14.867515325546265,3.3099109334935286,1.454838837914646,-0.1733594599562993,0.10557672324078388,3.092197835723452,-50.00159783669878,-0.0031326672740218595,0.194878
14.895718336105347,3.3037666525252956,1.4503115423655297,-0.42845221261381544,0.1104890473652372,3.1058894855272787,-49.98790618689495,-0.0031318094737689977,0.194878
14.9232656955719,3.3115278496062106,1.453545324888837,-0.4366029571019297,0.1464480004023722,3.0434237998220794,-50.05037187260015,-0.0031357230328915905,0.194878
14.952296733856201,3.3197741222248975,1.446431003415171,-0.2612433936593067,0.10007455077880503,3.1173998609561893,-49.97639581146604,-0.003131088333285935,0.194878
14.977888107299805,3.316701981358561,1.4538687031444055,-0.20594732090304393,0.14240988543942215,2.9884988031036737,-50.10529686931856,-0.0031391641577193895,0.194878
15.008754014968872,3.309587550274414,1.4606596466475688,-0.3234530798493227,0.2403373066706013,2.8222678436630937,-50.27152782875914,-0.00314957875063439,0.194878
15.037273406982422,3.317995514342339,1.4601745792458516,-0.22109173450012926,0.3040084523763976,2.5939574794627713,-50.499838192959466,-0.00316388270165184,0.194878
15.064630270004272,3.314599990298912,1.4669655229910379,-0.2239950045813937,0.4168709437730909,2.3946248945786017,-50.699170777843634,-0.0031763711558678866,0.195027
15.092612743377686,3.3189656640921745,1.4603362683796097,-0.1301693064970971,0.4292080147319997,2.2220160458663907,-50.87177962655584,-0.00318718533211348,0.195027
15.118880271911621,3.324624871171379,1.4577492422572031,0.059769042673647375,0.41182770243976524,1.7761986235868743,-51.31759704883536,-0.0032151163925072898,0.195027
15.144397497177124,3.320744271993599,1.4511199879908403,0.10751878191328033,0.33299481428655103,1.6482342047588756,-51.44556146766336,-0.0032231335352476257,0.195027
15.172131061553955,3.3264034791829546,1.4427121536670464,0.2652039623113746,0.19325894697067267,0.6202205723046749,-52.47357510011756,-0.0032875399703010664,0.195027
15.204675197601318,3.3239781046303034,1.445137490450506,0.32232914639161164,0.1198340833657075,0.13064467817730074,-52.963150994244934,-0.0033182125577390065,0.195027
15.23123025894165,3.324301487900269,1.430423781136395,0.3694173674591769,-0.07953079340512571,-0.6211404825649179,-53.71493615498715,-0.0033653129079686916,0.195027
15.25781798362732,3.324624871171379,1.4454608686907926,0.40947971444305215,-0.06786670240347238,-0.5201278169952802,-53.613923489417516,-0.0033589843287755794,0.195027
15.288320064544678,3.313953223828728,1.4407718842640038,0.20320382678746138,-0.10685630928667461,-1.2107511771572697,-54.30454684957951,-0.003402252810037324,0.195027
15.317160606384277,3.317672131094681,1.450473231490298,0.14046750842403355,-0.03658805911053766,-1.4744937326443432,-54.56828940506658,-0.0034187766354366565,0.195027
15.348717212677002,3.3073238677725443,1.4339809415191178,-0.13066683628333028,-0.1532539383247924,-2.381107719338338,-55.47490339176058,-0.0034755772196012344,0.195027
15.374296426773071,3.306353718145985,1.429453646498791,-0.34176265018712715,-0.2804485052328592,-2.470252132267453,-55.56404780468969,-0.003481162236823223,0.195186
15.401350021362305,3.310072625103513,1.4284835118664234,-0.4078729236964885,-0.3792407986602233,-2.4193592105148896,-55.51315488293713,-0.003477973726908514,0.195186
15.427751779556274,3.3112044663813927,1.4430355319029362,-0.42929804607992766,-0.30205394964240634,-2.5256108979565437,-55.619406570378786,-0.003484630537859739,0.195186
15.453292608261108,3.308940783839607,1.4538687031444055,-0.4939997695877162,-0.13908006485541982,-2.787018323772329,-55.88081399619457,-0.003501008064248273,0.195186
15.48316502571106,3.3171870562253356,1.4592044444464056,-0.35822589657399295,0.028660194036250596,-3.016099059203597,-56.109894731625836,-0.003515360280058218,0.195186
15.51070499420166,3.314438298680938,1.4537070140165478,-0.3235392137653022,0.09079381939511462,3.138152966747646,-56.23882801285418,-0.0035234381233294554,0.195186
15.539743423461914,3.315246756773664,1.4550005270435349,-0.281507057075312,0.1472954877839749,2.9984893638478,-56.37849161575402,-0.00353218823566797,0.195186
15.56691575050354,3.321552730142048,1.4470777599010245,-0.11362300796353123,0.10717185698679176,3.065724597916003,-56.31125638168582,-0.0035279758579332713,0.195186
15.597084045410156,3.316701981358561,1.4192672331196001,-0.10261305091598813,-0.20058946010646928,-2.2254122648171877,-55.319207937239426,-0.0034658226902222872,0.195186
15.627190351486206,3.3173487478481647,1.4129613584585734,-0.0807048976649592,-0.47943700539898704,-1.909561036635478,-55.00335670905772,-0.003446034186478548,0.195344
15.661958932876587,3.320744271993599,1.4352744544030507,0.009187023676252489,-0.4502400715276836,-1.772387567152218,-54.86618323957446,-0.003437440084343699,0.195344
15.690569877624512,3.319289047344406,1.4225010150823771,0.040158705105266396,-0.5582574895535197,-1.6923035145745793,-54.78609918699682,-0.003432422710868948,0.195344
15.72278642654419,3.3194507389709504,1.4207224349956815,0.06538917802601901,-0.6517558585258918,-1.6430598578643452,-54.73685553028659,-0.0034293375296246785,0.195344
15.750826358795166,3.315731831632726,1.4368913455210974,0.0013937044881828587,-0.5546031070856773,-1.7524114530071226,-54.846207125429366,-0.0034361885539576334,0.195344
15.784371614456177,3.3171870562253356,1.430100402923278,-0.011450464720857116,-0.554888858941741,-1.7717517782251369,-54.865547450647384,-0.0034374002513133314,0.195344
15.810953378677368,3.314923373535717,1.4333341850806507,-0.07014552425260132,-0.5225685627709725,-1.8730476704765655,-54.96684334289881,-0.0034437465750385304,0.195344
15.844303607940674,3.3168636729805336,1.4498264749921077,-0.06862851649830642,-0.3340907017144671,-1.9936746581198377,-55.08747033054208,-0.003451304017858419,0.195344
15.875024318695068,3.317833822718367,1.4475628272669554,-0.04626483601834096,-0.22492042686598124,-2.064395669240416,-55.15819134166266,-0.0034557347842080607,0.195503
15.909496545791626,3.315731831632726,1.4482095837569187,-0.07676410534286586,-0.14199716938984835,-2.2915628990937575,-55.385358571516,-0.003469967116323045,0.195503
15.937583684921265,3.319289047344406,1.4567791074710421,-0.02000708520810345,0.0022279754161294717,-2.6341844319692895,-55.727980104391534,-0.0034914328156176906,0.195503
15.968163013458252,3.3160552148735283,1.4530602575065885,-0.05128308820460985,0.06578720107775371,-3.0684797353576205,-56.162275407779866,-0.003518641999784751,0.195503
15.998014211654663,3.321714421772596,1.4546771487859045,0.05108406625428203,0.12653882229351796,2.500534164306462,-56.87644681529537,-0.0035633857978464183,0.195503
16.032291173934937,3.3108810831577156,1.4550005270435349,-0.1151287443094194,0.17231698981285498,2.7545875955905097,-56.62239338401132,-0.003547469009094272,0.195503
16.06265091896057,3.3173487478481647,1.4553239053017553,-0.08946588304036109,0.20761373975062225,2.578822092385195,-56.79815888721663,-0.0035584809539843435,0.195503
16.094574213027954,3.3183188975911415,1.4575875531258076,-0.0502001049871159,0.2550856935927006,2.3233592303788773,-57.05362174922295,-0.003574486045464596,0.195503
16.120964527130127,3.313306457363112,1.4490180293726769,-0.1327732296047006,0.20213719631719385,2.679760946925649,-56.69722003267618,-0.0035521569991513635,0.195503
16.147294282913208,3.3194507389709504,1.4642168076341542,-0.05566317627095138,0.31791878517143907,2.1893419978222495,-57.18763898177958,-0.003582882405116067,0.195503
16.173012495040894,3.3136298405953495,1.4627616054037162,-0.12949678812038187,0.38433174964705297,2.2448749347741224,-57.13210604482771,-0.0035794031920159653,0.195503
16.20333743095398,3.329637312020064,1.450796609740275,0.17029898842009647,0.31049561473440296,1.3285777240331038,-58.04840325556873,-0.00363681044317503,0.195662
16.23089575767517,3.337721894614637,1.425573108000713,0.5576708558472094,0.005151795857369369,-0.16856541201363898,-59.545546391615474,-0.0037306084718327828,0.195662
16.258332014083862,3.3257567126292824,1.396630760995401,0.5661092293405796,-0.4996457302450779,-0.9093251837327262,-60.28630616333456,-0.003777018066629234,0.195662
16.287598371505737,3.3259184042672705,1.4208841240937478,0.5755663869576443,-0.609101610985052,-0.9815624926862772,-60.35854347228811,-0.0037815438310750274,0.195662
16.316431283950806,3.3220378050345496,1.436729656408636,0.4969792909033748,-0.5263711499767779,-1.008666916379229,-60.385647895981066,-0.0037832419596300674,0.195662
16.35050344467163,3.313791532211896,1.4022898787623705,0.26090323460254655,-0.8148012381476814,-1.4107907438584226,-60.78777172346026,-0.003808435557613929,0.195662
16.37926459312439,3.3220378050345496,1.4312322266717332,0.27671508425478686,-0.7256454378872615,-1.3742638711659134,-60.75124485076775,-0.003806147099971437,0.19581
16.41223120689392,3.3221994966659554,1.450958298865484,0.29133367503851565,-0.4648624002417364,-1.2586348349931773,-60.63561581459501,-0.0037989027855251664,0.19581
16.438952922821045,3.3247865628073634,1.4478862055116435,0.35837142587627574,-0.31320858329692125,-1.0132780853236656,-60.3902590649255,-0.003783530855558842,0.19581
16.4724543094635,3.3247865628073634,1.4514433662419939,0.4052978514627046,-0.17127855312596868,-0.70257943152491,-60.07956041112675,-0.0037640651675218957,0.19581
16.50109338760376,3.316378598115474,1.4330108068622918,0.253530959061112,-0.25729338097329024,-1.1820455630264155,-60.55902654262825,-0.003794104364750394,0.19581
16.535881280899048,3.315408448393066,1.434466008849499,0.12599235966678965,-0.3028696151900855,-1.552828136003407,-60.929809115605245,-0.0038173343910374766,0.19581
16.561647415161133,3.3136298405953495,1.4368913455210974,-0.0023379129639728917,-0.3103827367506202,-1.8805069132802983,-61.25748789288214,-0.003837863906620545,0.19581
16.589189529418945,3.317833822718367,1.4334958741900488,0.000138586455695762,-0.3497882610983012,-1.8474920695182206,-61.224473049120064,-0.0038357954823084223,0.19581
16.61951494216919,3.313144765747422,1.434142630629099,-0.10108644127685866,-0.37086806357148666,-2.035189016975195,-61.412169996577035,-0.003847554948208944,0.19581
16.64644694328308,3.324301487900269,1.4399634386856215,0.0730264560912542,-0.3270873431143903,-1.6852980590088702,-61.06227903861071,-0.0038256338096669916,0.19581
16.673551321029663,3.313791532211896,1.4452991795705759,-0.03586374976596064,-0.2427823034476306,-2.033232476521786,-61.41021345612363,-0.003847432368321223,0.19597
16.703325033187866,3.3150850651545474,1.436406278184151,-0.08368452803311154,-0.273199667035561,-2.1073937634711695,-61.48437474307301,-0.0038520786725730278,0.19597
16.73050808906555,3.3200975054799873,1.446916070779341,-0.007099901426404656,-0.18880076764932233,-2.027158311907484,-61.404139291509324,-0.0038470518137484187,0.19597
16.758814811706543,3.3184805892159708,1.4501498532409087,0.011006378025444784,-0.09720121254980647,-2.1520052521089768,-61.52898623171082,-0.0038548736422649456,0.19597
16.78678607940674,3.3120129244455785,1.4611447140506162,-0.11833105677730647,0.07748758724753617,3.0857397501394495,-62.57442653664198,-0.003920371881759156,0.19597
16.813493967056274,3.315246756773664,1.4629232945398398,-0.13786134718373774,0.21765592750796223,2.5994283566818193,-63.06073793009961,-0.003950839943844775,0.19597
16.843440771102905,3.312497999287513,1.4571024857325057,-0.21188757749023263,0.2572371759514431,2.610711770559715,-63.049454516221715,-0.003950133022807772,0.19597
16.87015962600708,3.3210676552521203,1.4613064031852607,-0.07554026024129572,0.3272204755911857,2.2004420104262032,-63.459724276355225,-0.003975836974415249,0.19597
16.902403354644775,3.3136298405953495,1.4706843732479653,-0.1434107468996424,0.4705177386672448,2.138944592665305,-63.52122169411612,-0.00397968987025041,0.19597
16.929510831832886,3.317833822718367,1.4668038338512126,-0.09861239729928915,0.5318014277318167,2.000326371609607,-63.65983991517182,-0.003988374488012077,0.196128
16.962963104248047,3.32122934688181,1.4695525492484163,0.00730266188184437,0.6023422898426939,1.7679055099074685,-63.89226077687396,-0.004002935967219845,0.196128
16.99031710624695,3.3257567126292824,1.4574258639945594,0.18085149356482735,0.5297696622985293,1.4267725954958441,-64.23339369128558,-0.004024308402567994,0.196128
17.02008557319641,3.319289047344406,1.4399634386856215,0.16032383402728181,0.3033590649946268,1.375696365203415,-64.28446992157801,-0.0040275083970089725,0.196128
17.047678232192993,3.3231696464603986,1.4541920814005633,0.23116157617418867,0.2879610780439933,1.0785978153324853,-64.58156847144893,-0.0040461220202651655,0.196128
17.075700044631958,3.3259184042672705,1.450473231490298,0.34110302974119017,0.23978411202092467,0.6422303948817099,-65.01793589189971,-0.004073461025349763,0.196128
17.101539134979248,3.3244631795356807,1.4368913455210974,0.3861093819190481,0.06947487229709132,-0.003939359258370147,-65.66410564603979,-0.004113944428477566,0.196128
17.138521432876587,3.330769153540133,1.4351127652920488,0.5560753818386192,-0.06762777329543619,-0.30382696390223685,-65.96399325068366,-0.0041327327897619556,0.196128
17.16794514656067,3.3252716377170346,1.4351127652920488,0.5543415090571795,-0.1635996252102047,-0.490363835043129,-66.15053012182454,-0.004144419575322888,0.19628
17.201123476028442,3.329152237087191,1.4402868169165357,0.638334907514103,-0.17874740386186197,-0.4449846040127641,-66.10515089079418,-0.004141576505538731,0.196309
17.230188608169556,3.3191273557181473,1.4516050553677913,0.4770119278776246,-0.0755297112176238,-0.38363111150418516,-66.0437973982856,-0.0041377326268139695,0.196309
17.26374626159668,3.3223611882976476,1.470522684104727,0.43509176160796503,0.1869665914218848,0.3570728898516861,-65.30309339692974,-0.004091326526105694,0.196309
17.293573141098022,3.3252716377170346,1.4412569516127884,0.4696529748956989,0.07640504501478056,0.020443923096100505,-65.63972236368532,-0.004112416783082822,0.196309
17.319612741470337,3.323007954827276,1.4355978326254926,0.44414167871723587,-0.0578986039236183,-0.3741021158091836,-66.03426840259061,-0.00413713562243292,0.196309
17.34644389152527,3.307970634195949,1.4490180293726769,0.09610626478616945,-0.0169518119442279,-1.8515152095720524,-67.51168149635348,-0.004229697537437272,0.196309
17.37380576133728,3.3118512328321703,1.4553239053017553,-0.06231143167680552,0.07512557852066348,3.1072573634301235,-68.83609423053089,-0.00431267377438085,0.196309
17.402751684188843,3.3173487478481647,1.454353770528863,-0.05249376419751512,0.12982365384117833,2.802666235095754,-69.14068535886526,-0.0043317568177429185,0.196309
17.428950548171997,3.315408448393066,1.4651869424611073,-0.08822494661425258,0.27705540398679585,2.3568371141308084,-69.5865144798302,-0.004359688611075086,0.196309
17.455491065979004,3.3170253646027916,1.4695525492484163,-0.07773381632517143,0.42402007322118307,2.078813952982647,-69.86453764097836,-0.00437710713560291,0.196309
17.48297095298767,3.3218761134034294,1.4640551184968469,0.036118852584467544,0.4716107825846788,1.7751157921979983,-70.168235801763,-0.0043961342333484225,0.196309
17.50971221923828,3.3221994966659554,1.4595278227122968,0.12291631286931815,0.45939581999568324,1.5611047516468861,-70.38224684231412,-0.004409542312530281,0.196309
17.537562131881714,3.3191273557181473,1.4558089726901906,0.11621891162625235,0.4134469699010514,1.5793973150739207,-70.36395427888708,-0.004408396258858296,0.196309
17.566473245620728,3.3184805892159708,1.4553239053017553,0.09732954716224944,0.376404725812353,1.6424490711505946,-70.3009025228104,-0.004404445981639633,0.196309
17.594542503356934,3.3197741222248975,1.4569407966017003,0.11250935932558623,0.36673531841034773,1.5932580786465287,-70.35009351531447,-0.004407527863400641,0.196309
17.627390146255493,3.3209059636227165,1.4461076251731249,0.14798729954654818,0.2510236408728118,1.4094157156866587,-70.53393587827433,-0.00441904583440437,0.196309
17.65615487098694,3.3223611882976476,1.4407718842640038,0.20477452177622782,0.11636693100671765,0.46035191242582274,-71.48299968153518,-0.004478505956601742,0.196309
17.68811321258545,3.322684571561889,1.4533836357612737,0.25162616942272936,0.14893650262984479,0.5153900461772754,-71.42796154778372,-0.00447505774358684,0.196309
17.716755151748657,3.3259184042672705,1.4558089726901906,0.35542824501513937,0.1961254477449682,0.4773334812452288,-71.46601811271577,-0.004477442038503048,0.196309
17.752968311309814,3.323654721361483,1.4465926925364143,0.3783855520979791,0.13647478017662426,0.2358726503855541,-71.70747894357545,-0.004492569883922361,0.0
17.780231952667236,3.334811444797949,1.4457842469316653,0.639426112021551,0.08658923160352738,0.02327362519843507,-71.92007796876257,-0.004505889498444836,0.0
17.81277084350586,3.3244631795356807,1.4430355319029362,0.5949355395153071,0.024027071542219166,-0.10630911002206113,-72.04966070398306,-0.004514008030881124,0.0
17.838313817977905,3.3233313380938077,1.4381848584260468,0.5389400660869795,-0.06854692662762416,-0.33077755411569715,-72.2741291480767,-0.004528071280442854,0.0
17.865728855133057,3.3220378050345496,1.4357595217369323,0.47134086629387695,-0.157738967913887,-0.5878508251424581,-72.53120241910345,-0.004544177266211576,0.0
17.89078640937805,3.3223611882976476,1.4322023613189439,0.43112201849935794,-0.25594575198261216,-0.8208800946142071,-72.7642316885752,-0.004558776862983413,0.0
17.91904044151306,3.3257567126292824,1.4441673557331658,0.4775250431970771,-0.20436530334784134,-0.6662760814740781,-72.60962767543506,-0.004549090713873173,0.0
17.944571495056152,3.324624871171379,1.44352059925787,0.4851550874595823,-0.174763054238193,-0.6021166192012779,-72.54546821316227,-0.004545071037373288,0.0
17.974104166030884,3.323654721361483,1.4376997910855955,0.4691943418090761,-0.21257806321382233,-0.69244170797746,-72.63579330193845,-0.004550730025523155,0.196194
18.01005482673645,3.3272119373814886,1.4457842469316653,0.5361283352856371,-0.15774775876978672,-0.5103771971361147,-72.4537287910971,-0.004539323439342925,0.196194
18.039403676986694,3.324948254443634,1.4436822883764742,0.5332779841832659,-0.14050475680209093,-0.4805264683503401,-72.42387806231133,-0.004537453251084576,0.196194
18.076289415359497,3.3209059636227165,1.4478862055116435,0.4425253369469597,-0.0861582328891724,-0.46274220556415874,-72.40609379952515,-0.004536339043130566,0.196194
18.10709500312805,3.32122934688181,1.4538687031444055,0.3860990758542218,0.012046936871843167,-0.22255548493774735,-72.16590707889874,-0.004521291022428941,0.196194
18.136581897735596,3.326888554101216,1.4496647858679277,0.47086105667946476,0.038514131747964045,-0.09227983297573765,-72.03563142693673,-0.004513129077827967,0.196194
18.163058757781982,3.323007954827276,1.4530602575065885,0.444987335965872,0.09118751051004237,0.06711585553047174,-71.87623573843052,-0.004503142723819155,0.196194
18.189486980438232,3.3251099460801914,1.4461076251731249,0.4730295807996922,0.05814017534259734,-0.034871487463956304,-71.97822308142496,-0.004509532367862262,0.196194
18.21646285057068,3.315731831632726,1.4525751901256652,0.28674198642974436,0.10004769207936824,0.19097011885169718,-71.7523814751093,-0.004495383087842688,0.196194
18.247055768966675,3.3189656640921745,1.4519284336198273,0.22734658721068654,0.12287888855327432,0.5050018509287204,-71.43834974303228,-0.0044757085779741235,0.196045
18.273134469985962,3.3181572059665974,1.4459459360523217,0.16801832831211563,0.07869812371928642,0.0,-71.43834974303228,-0.0044757085779741235,0.196045
18.298892498016357,3.3191273557181473,1.4459459360523217,0.1477903224362106,0.047771588335494136,0.0,-71.43834974303228,-0.0044757085779741235,0.196045
18.32648539543152,3.3150850651545474,1.4449758013305831,0.04487332250839208,0.016366916076355556,-2.589192508482396,-74.5325441024434,-0.004669564011171421,0.196045
18.351916074752808,3.316701981358561,1.4574258639945594,0.00833438041435494,0.11958690066209467,2.7608537641206863,-75.4656831370199,-0.00472802642521821,0.196045
18.376895666122437,3.3181572059665974,1.4689057926805114,0.014709783554680264,0.3072880550278849,2.029381401841332,-76.19715549929924,-0.004773854151337038,0.196045
18.40325665473938,3.324301487900269,1.4756967367620735,0.15408381347335096,0.5069715558693039,1.5191570857050627,-76.70737981543552,-0.004805820390151853,0.196045
18.42929720878601,3.3191273557181473,1.4666421447115352,0.1380361620490883,0.5556930833298734,1.5574579656976892,-76.66907893544288,-0.0048034207885688995,0.196045
18.45648169517517,3.317672131094681,1.473756466997723,0.09485014310713989,0.6613428774728978,1.633109638504758,-76.59342726263581,-0.004798681109641004,0.196045
18.48324465751648,3.3223611882976476,1.465672009876583,0.1675785122685965,0.6539969098233868,1.5087361635575447,-76.71780073758303,-0.004806473274923321,0.195894
18.51662015914917,3.314599990298912,1.4588810661811051,0.04807416815670782,0.5805620435659786,1.7344578643167008,-76.49207903682388,-0.004792331507147937,0.195894
18.544832468032837,3.3123363076732497,1.4625999162677408,-0.08528301240267488,0.5665560141170728,1.986655901561128,-76.23988099957946,-0.004776530961324813,0.195894
18.575366497039795,3.3128213825168964,1.449988164116435,-0.16798215182312196,0.4299225183961768,2.2733798965240815,-75.9531570046165,-0.004758567317870244,0.195894
18.606477975845337,3.3150850651545474,1.4583959987842614,-0.17616740947313098,0.41883192045992096,2.30262237947325,-75.92391452166733,-0.004756735237030643,0.195894
18.64283013343811,3.317833822718367,1.4459459360523217,-0.12154206110073439,0.2858652460539361,2.4510579430597486,-75.77547895808083,-0.0047474355495713124,0.195894
18.669763803482056,3.3233313380938077,1.4533836357612737,0.037405745655757,0.2675853231629022,2.02334285878895,-76.20319404235163,-0.004774232474171134,0.195894
18.695021390914917,3.325433329354164,1.4567791074710421,0.19482305988201024,0.2889357202030563,1.2673496236185213,-76.95918727752206,-0.004821596465916658,0.195742
18.722633838653564,3.3150850651545474,1.4501498532409087,0.07779623872045183,0.23721432894685782,1.885867402644663,-76.34066949849593,-0.004782845496175972,0.195742
18.750709533691406,3.3202591971079616,1.4554855944310863,0.10948693125294691,0.25466789348376395,1.682567141359466,-76.54396975978112,-0.0047955825306485135,0.195742
18.776705026626587,3.315570140012753,1.4569407966017003,0.028711835970880926,0.28151953578033834,2.0330782114987405,-76.19345868964184,-0.0047736225412459,0.195742
18.803846836090088,3.3200975054799873,1.4554855944310863,0.07157755337644532,0.2856815382671929,1.8431310909250698,-76.38340581021552,-0.004785522983514948,0.195742
18.84046983718872,3.319289047344406,1.4495030967438947,0.08383207589538513,0.22843233643864871,1.8664514847556408,-76.36008541638495,-0.004784061929514055,0.195742
18.878002166748047,3.3168636729805336,1.4511199879908403,0.03915580360529384,0.2046180580857657,2.198335937395344,-76.02820096374525,-0.004763268922719822,0.195742
18.904964685440063,3.3210676552521203,1.4537070140165478,0.10019010652555982,0.21396432422977668,1.7812432062711427,-76.44529369486945,-0.0047894003426254906,0.195742
18.93341326713562,3.321552730142048,1.4310705375643744,0.15356500655707905,-0.007135560341415643,-1.295211139220869,-79.52174804036146,-0.0049821443401197405,0.195742
18.961639642715454,3.323654721361483,1.434304319739226,0.2370812851773726,-0.1293851568954543,-1.095347137167059,-79.32188403830764,-0.004969622591904137,0.195593
18.99166178703308,3.32122934688181,1.453545324888837,0.24228823961551735,-0.021463942580115553,-0.73454439661929,-78.96108129775988,-0.004947017815525134,0.195593
19.01863121986389,3.32122934688181,1.454838837914646,0.2459331077222154,0.06708903806642585,-0.11758209495292139,-78.34411899609351,-0.004908364298530586,0.195593
19.05034899711609,3.3228462631944398,1.4541920814005633,0.2839874756372225,0.12257205919425042,0.26304266536858184,-77.963494235772,-0.004884517645984885,0.195593
19.076631546020508,3.3175104394712798,1.457264174863459,0.19346576676745045,0.19230448448748974,1.0491805225485398,-77.17735637859205,-0.004835265053175745,0.195593
19.104105234146118,3.323007954827276,1.4588810661811051,0.25081063302744894,0.25737734583085226,0.9682223447606907,-77.2583145563799,-0.00484033719176917,0.195593
19.131847858428955,3.3205825803647677,1.459689511845464,0.23769759919029737,0.31105843064592725,1.1315225028362599,-77.09501439830433,-0.004830106217496775,0.195593
19.157835006713867,3.324139796265143,1.4645401859092129,0.3066249883094386,0.3974156820451127,1.0604825622901994,-77.16605433885039,-0.004834556965203355,0.195593
19.191494703292847,3.3221994966659554,1.4449758013305831,0.31227060787679783,0.2611177816730863,0.7760577793287214,-77.45047912181187,-0.004852376559937391,0.195593
19.217589139938354,3.3197741222248975,1.465348631599451,0.26296810182575064,0.370587309899101,1.1399703724294634,-77.08656652871113,-0.00482957694711833,0.195435
19.24375295639038,3.32122934688181,1.4680973469739684,0.26040901126935595,0.47485825919485014,1.2515050740350577,-76.97503182710554,-0.004822589148232808,0.195435
19.274603605270386,3.324139796265143,1.4622765379962335,0.32252297676477304,0.4893113322494309,1.1296476495142755,-77.09688925162632,-0.004830223679575978,0.195435
19.304484128952026,3.3251099460801914,1.4541920814005633,0.3873045293589392,0.4181276651223517,0.9160728742982887,-77.31046402684231,-0.004843604426148533,0.195435
19.33030366897583,3.324624871171379,1.4632466728125304,0.42200072777287606,0.45935601484008387,0.9109625642419602,-77.31557433689864,-0.004843924593938487,0.195435
19.35795831680298,3.324301487900269,1.4684207252561405,0.4391874744260685,0.5402483855686377,0.9767805013497552,-77.24975639979084,-0.004839801011762282,0.195435
19.384499073028564,3.328505470514039,1.4634083619490978,0.543525898120051,0.5464665355645913,0.8415512186314499,-77.38498568250914,-0.004848273307984586,0.195435
19.41174340248108,3.3223611882976476,1.4574258639945594,0.4816515407776603,0.4906566343038567,0.8583933824581842,-77.3681435186824,-0.004847218123795952,0.195435
19.43721079826355,3.3272119373814886,1.4642168076341542,0.5448483745636461,0.5198823917621024,0.8100669961102402,-77.41646990503034,-0.004850245836819811,0.195435
19.465157985687256,3.3233313380938077,1.4635700510858132,0.5038790506207875,0.5338363563136109,0.8782703232116845,-77.3482665779289,-0.004845972806756094,0.195435
19.49086093902588,3.319612430597781,1.450796609740275,0.39354371581359654,0.41514883940099057,0.9003573578401782,-77.3261795433004,-0.004844589024366042,0.195276
19.51800274848938,3.316378598115474,1.4467543816578043,0.24530306410673963,0.2914171705953194,1.0740238518609266,-77.15251304927965,-0.0048337085852210825,0.195276
19.545772552490234,3.3183188975911415,1.4354361435141987,0.18413815801586111,0.09098386782481287,0.0,-77.15251304927965,-0.0048337085852210825,0.195276
19.57651424407959,3.3231696464603986,1.439154993110895,0.24783160296621043,-0.01192107211031962,-0.7544872015885319,-78.98102410272911,-0.004948267259046586,0.195276
19.603666067123413,3.317672131094681,1.4338192524092825,0.17170695174916112,-0.13761306356793002,-1.4228027358222852,-79.64933963696286,-0.004990138125046751,0.195276
19.63944721221924,3.326241787544107,1.4436822883764742,0.30658538500594357,-0.126410470160789,-0.9107305096581156,-79.1372674107987,-0.004958056112186301,0.195276
19.67035984992981,3.323007954827276,1.444005666614122,0.3299943657944136,-0.11531662230845321,-0.8208524756232439,-79.04738937676383,-0.004952425132616528,0.195276
19.7056245803833,3.3247865628073634,1.4517667444937357,0.38543390940541084,-0.02950214782496053,-0.45196764102718195,-78.67850454216777,-0.004929314002188334,0.195276
19.73429584503174,3.3231696464603986,1.4407718842640038,0.3887386289388952,-0.08000112108172153,-0.597931526217099,-78.82446842735769,-0.004938458835675794,0.195117
19.762565851211548,3.3191273557181473,1.4417420189628902,0.30229453287496605,-0.10559430510077858,-0.8757800346210606,-79.10231693576165,-0.004955866417974575,0.195117
19.79309844970703,3.317672131094681,1.4423887754317422,0.20983100268524132,-0.11700546904423498,-1.2430640183248816,-79.46960091946548,-0.00497887725294387,0.195117
19.826539278030396,3.3221994966659554,1.452251811872452,0.2445148179398533,-0.02580629161529655,-0.8315468247175405,-79.05808372585814,-0.00495309514795352,0.195117
19.858952522277832,3.329637312020064,1.4516050553677913,0.43210711266224155,0.03152906735497275,-0.19379647927591473,-78.42033338041651,-0.004913139232090871,0.195117
19.887874126434326,3.3209059636227165,1.45451545965731,0.3717057268822362,0.10093211235564209,0.05265494889817398,-78.17388195224243,-0.004897698719045701,0.195117
19.915922164916992,3.3270502457412094,1.450796609740275,0.46433600861481245,0.11211586863041534,0.07206946131448672,-78.1544674398261,-0.00489648237376237,0.195117
19.94407820701599,3.329152237087191,1.4475628272669554,0.5753310572044591,0.08742417237543273,-0.0032198641698204865,-78.22975676531041,-0.004901199351143736,0.195117
19.971898078918457,3.3302840786012404,1.4452991795705759,0.6778796654759203,0.0473757573952403,-0.07725679827987324,-78.30379369942047,-0.004905837864523107,0.195117
19.9982807636261,3.3281820872291825,1.4496647858679277,0.7035098393165983,0.06324430611434502,-0.04549471015500533,-78.2720316112956,-0.004903847927034543,0.195117
20.025457859039307,3.326565170822089,1.445137490450506,0.68594799869057,0.028823834766281874,-0.11015256998466906,-78.33668947112527,-0.004907898828810887,0.194968
20.059961080551147,3.333032836622422,1.4441673557331658,0.8156665632859976,-0.00502659262361103,-0.13881725498544922,-78.36535415612605,-0.004909694709832836,0.194968
20.08909845352173,3.3333562199244806,1.4417420189628902,0.9135701514188915,-0.05311213518010719,-0.18255300695134996,-78.40908990809194,-0.00491243481344584,0.194968
20.120446920394897,3.333679603227687,1.4346276979599175,0.9892032560531888,-0.15831672698571592,-0.2851711777335002,-78.5117080788741,-0.0049188639796972685,0.194968
20.1492760181427,3.3317393034256595,1.4415803298460435,0.9995428720273459,-0.16204124544737492,-0.2859228705015538,-78.51245977164214,-0.004918911074258972,0.194968
20.17687439918518,3.3251099460801914,1.4438439774952248,0.8612184560427435,-0.1418841812434628,-0.31232722953911995,-78.53886413067971,-0.004920565342822922,0.194968
20.203580617904663,3.328505470514039,1.4512816771163433,0.8389475852517658,-0.05297748799087066,-0.20093675148966797,-78.42747365263025,-0.004913586579736934,0.194968
20.234118700027466,3.327858703945472,1.4472394490228546,0.8091567906464695,-0.03139320979169633,-0.17806540402470877,-78.4046023051653,-0.0049121536590940726,0.194968
20.26335883140564,3.329152237087191,1.4459459360523217,0.8167056046266092,-0.02929234512219081,-0.17298794637507314,-78.39952484751566,-0.00491183554955153,0.194968
20.290384769439697,3.3288288538000423,1.4528985683794668,0.8148891818240043,0.04209696038380791,-0.06652817282415202,-78.29306507396474,-0.0049051657017260275,0.194807
20.31806993484497,3.3317393034256595,1.4611447140506162,0.8775230200669167,0.17499630830107965,0.12345575617958963,-78.103081144961,-0.004893262953359388,0.194807
20.3432195186615,3.329152237087191,1.4524135009989847,0.8645619652209257,0.18022096883762118,0.13299830370659504,-78.09353859743399,-0.004892665099937858,0.194807
20.371893167495728,3.3344880614907253,1.4558089726901906,0.9726490081781088,0.21802457409040946,0.16116042195909863,-78.06537647918148,-0.00489090070539781,0.194807
20.401070594787598,3.3288288538000423,1.4551622161725712,0.9240495643100637,0.23798303240705113,0.19661566287033727,-78.02992123827025,-0.0048886793869259895,0.194807
20.42792844772339,3.3288288538000423,1.4582343096522756,0.8900299536024127,0.2828482639014973,0.26407899494921694,-77.96245790619137,-0.004884452718544507,0.194807
20.456125497817993,3.336266669694665,1.4511199879908403,1.0295298620194122,0.24270920730976195,0.17829298756043638,-78.04824391358015,-0.004889827327147886,0.194807
20.484116315841675,3.328990545443473,1.457264174863459,0.9674164582901861,0.2764004881683523,0.23209087143591978,-77.99444602970466,-0.0048864568174538,0.194807
20.51184105873108,3.3335179115759406,1.457264174863459,1.023345374389321,0.2999843847693625,0.24355700288850854,-77.98297989825207,-0.004885738448915289,0.194807
20.542800664901733,3.337075127980667,1.4711694406785711,1.1406021395379857,0.4563305245385065,0.36290446161981904,-77.86363243952076,-0.004878261170300588,0.194648
20.576306343078613,3.333032836622422,1.4777986956976485,1.1339244618792048,0.6324394994951792,0.5147944356570504,-77.71174246548352,-0.004868745059386044,0.194648
20.60792374610901,3.3372368196387283,1.470846062391352,1.2215577973933889,0.6857970718807215,0.5175311276920854,-77.7090057734485,-0.004868573601953719,0.194648
20.638050317764282,3.3388537362351447,1.466480455572006,1.3184040987247545,0.6792449280959647,0.475760774441148,-77.75077612669944,-0.004871190570697016,0.194648
20.66468048095703,3.3301223869555163,1.4713311298224034,1.1944804981985762,0.7234389213522945,0.5562105932198461,-77.67032630792073,-0.004866150281478417,0.194648
20.70209503173828,3.3322243783722945,1.468744103538906,1.1538878307615694,0.7283584530482499,0.578267841941284,-77.6482690591993,-0.004864768365215455,0.194648
20.728944301605225,3.335943286382274,1.4669655229910379,1.2071297828879006,0.7139159442433867,0.5438237196045633,-77.68271318153602,-0.004866926335750298,0.194648
20.764357089996338,3.33270945332151,1.477960384847582,1.1733932193332148,0.8143753098351152,0.6286050933517107,-77.59793180778887,-0.00486161466879414,0.194648
20.791576623916626,3.3333562199244806,1.4569407966017003,1.1639788106519728,0.6733147272262827,0.5326867466205357,-77.69385015452005,-0.0048676240820685794,0.1945
20.82564687728882,3.3343263698375436,1.4742415344368018,1.1786905034745692,0.7485560777321401,0.5811574503025924,-77.64537945083799,-0.00486458732736987,0.1945
20.8552348613739,3.335296519760937,1.4659953881543075,1.2102904675766888,0.7182981828752235,0.5453716311120701,-77.68116527002852,-0.004866829357014969,0.1945
20.89020037651062,3.3372368196387283,1.4765051825035462,1.275014001381605,0.8028087280126571,0.5753785316030489,-77.65115836953754,-0.004864949384389496,0.1945
20.91799521446228,3.336104978038326,1.4680973469739684,1.2954683988902154,0.7774132518743335,0.5502367031835598,-77.67630019795703,-0.004866524553714205,0.1945
20.951537370681763,3.3281820872291825,1.4546771487859045,1.1358219527065918,0.6246770578511208,0.5066770203313518,-77.71985988080924,-0.004869253626360714,0.1945
20.97838521003723,3.333032836622422,1.449988164116435,1.1305783310972195,0.47060724901000817,0.3741281102271437,-77.85240879091344,-0.004877557993638072,0.1945
21.007187366485596,3.3340029865320413,1.4556472835605647,1.1482095747945384,0.41966895386878195,0.3200979914063278,-77.90643890973426,-0.004880943053163455,0.1945
21.03648090362549,3.3331945282733075,1.4558089726901906,1.1427999630136847,0.38563816361222497,0.2888666630679221,-77.93767023807267,-0.004882899737838403,0.194348
21.07278347015381,3.3270502457412094,1.453545324888837,1.0041019739068457,0.3390523817752599,0.2826807659713628,-77.94385613516923,-0.004883287292601316,0.194348
21.099843978881836,3.336104978038326,1.4495030967438947,1.1058299796579036,0.26579192689429787,0.17430054226573444,-78.05223635887485,-0.004890077459208843,0.194348
21.133021354675293,3.326726862461509,1.4422270863143096,0.9711223931326588,0.14133887713263513,0.043931745646812355,-78.18260515549377,-0.004898245239447697,0.194348
21.157764434814453,3.326241787544107,1.4483712728797766,0.8661761939744049,0.11601035968342335,0.01237769690484087,-78.21415920423574,-0.004900222142989454,0.194348
21.183305501937866,3.3272119373814886,1.4498264749921077,0.814015631801338,0.11291454400360482,0.008311138657048137,-78.21822576248354,-0.004900476918326482,0.194348
21.212138652801514,3.3302840786012404,1.441418640729343,0.844958867693742,0.026194628032836533,-0.12855717808703143,-78.35509407922763,-0.004909051902232295,0.194348
21.240839958190918,3.334811444797949,1.4496647858679277,0.966027432938585,0.04841751556066312,-0.07874271082427546,-78.30527961196486,-0.004905930958940112,0.194348
21.266693115234375,3.323654721361483,1.4530602575065885,0.8058049836443715,0.09811987917892726,-0.016119215861362748,-78.24265611700196,-0.004902007512855531,0.194348
21.293938398361206,3.3233313380938077,1.4550005270435349,0.6865486769772888,0.15242372963263778,0.09508252068026304,-78.13145438046033,-0.0048950405746785546,0.19419
21.32245969772339,3.327373629022055,1.4567791074710421,0.6918266661316633,0.208322604731869,0.20909591937869945,-78.0174409817619,-0.004887897482090411,0.19419
21.352225065231323,3.330607461893549,1.4474011381448315,0.766527184426982,0.15314287137959454,0.08237258824914781,-78.14416431289145,-0.004895836869019228,0.19419
21.385117530822754,3.3390154278963657,1.4632466728125304,1.0034329663301127,0.2738666592201486,0.20856357112530688,-78.0179733300153,-0.0048879308344236165,0.19419
21.414077281951904,3.329637312020064,1.4638934293596877,0.9633498165354493,0.364877376365901,0.3328534274501399,-77.89368347369046,-0.00488014390796032,0.19419
21.440758228302002,3.3322243783722945,1.453545324888837,0.9920963535973805,0.3245198307028309,0.2733249166503245,-77.95321198449028,-0.004883873449129442,0.19419
21.46686887741089,3.329313928731195,1.4603362683796097,0.948313594996065,0.3645622355828155,0.3389888511205042,-77.8875480500201,-0.004879759515425362,0.19419
21.492737531661987,3.333032836622422,1.4634083619490978,0.9993224806998376,0.42348623057452095,0.38525613072724363,-77.84128077041336,-0.004876860808204936,0.19419
21.520427703857422,3.329475620375486,1.4541920814005633,0.9569221802778469,0.37205009394991695,0.3443065744218854,-77.88223032671873,-0.004879426352916977,0.19419
21.547611236572266,3.3322243783722945,1.4490180293726769,0.9875970082170654,0.28401227656724454,0.2242433800151166,-78.0022935211255,-0.004886948473333228,0.194038
21.57707691192627,3.3281820872291825,1.4470777599010245,0.9203119792353837,0.202873609135082,0.131962753773152,-78.09457414736745,-0.0048927299785322936,0.194038
21.604326248168945,3.3264034791829546,1.4465926925364143,0.8341592004368632,0.14119849314969798,0.0493103045826285,-78.17722659655797,-0.004897908265505092,0.194038
21.629759311676025,3.324624871171379,1.4441673557331658,0.7347989975274358,0.07363566824477652,-0.07533967600416443,-78.30187657714477,-0.004905717754237172,0.194038
21.657138347625732,3.325433329354164,1.4474011381448315,0.6829983361921952,0.05886201583862606,-0.11655060172019988,-78.3430875028608,-0.004908299674093901,0.194038
21.689363718032837,3.331577611777355,1.4503115423655297,0.7816491317264269,0.07778875218372822,-0.061277186201564575,-78.28781408734216,-0.0049048367203602195,0.194038
21.71644139289856,3.3310925368341615,1.454838837914646,0.8400537994435198,0.13656592440110832,0.04183247250648502,-78.1847044286341,-0.004898376761729994,0.194038
21.749402046203613,3.336590053008204,1.4567791074710421,1.0016471472763406,0.19722214106979988,0.11187321697678472,-78.1146636841638,-0.004893988614999826,0.194038
21.776291131973267,3.335943286382274,1.4546771487859045,1.1005613044482243,0.21854328028795922,0.12355333787497914,-78.10298356326561,-0.0048932568397350865,0.194038
21.807748317718506,3.3322243783722945,1.4634083619490978,1.0881443951363294,0.3212729618681208,0.24231512284435117,-77.98422177829625,-0.004885816254368335,0.194038
21.835394382476807,3.328505470514039,1.4624382271319134,0.9977957426172337,0.3834276405239054,0.34463225399575476,-77.88190464714484,-0.004879405948654172,0.19388
21.866068363189697,3.328505470514039,1.4627616054037162,0.9345516858538765,0.4301879483937786,0.43070667084487324,-77.79583023029572,-0.004874013270810668,0.19388
21.8945951461792,3.3276970123040464,1.468744103538906,0.8725293648207527,0.5230827719772917,0.5784048926458261,-77.64813200849477,-0.00486475977880471,0.19388
21.92830801010132,3.3340029865320413,1.4637317402226764,0.9675752984010019,0.5377026388793258,0.5309092890239905,-77.69562761211661,-0.004867735442174748,0.19388
21.958502292633057,3.331577611777355,1.4601745792458516,0.9808530052726175,0.5121641849225063,0.49643181293051564,-77.73010508821008,-0.004869895502367257,0.19388
21.989579677581787,3.338045277933346,1.4616297814549934,1.1321592609256288,0.50892141466093,0.418852696059656,-77.80768420508095,-0.004874755938254978,0.19388
22.0158851146698,3.324301487900269,1.460983024916119,0.936298447633015,0.5001474099037677,0.5101872923898405,-77.71634960875076,-0.004869033703100733,0.19388
22.046138763427734,3.327373629022055,1.4689057926805114,0.8666515055906944,0.5736804114970538,0.638817739541146,-77.58771916159945,-0.004860974832791234,0.19388
22.073464393615723,3.3335179115759406,1.4721395755437938,0.9528099074996671,0.6576738421813124,0.6569998047100885,-77.56953709643051,-0.004859835701983556,0.19373
22.104995489120483,3.330445770247251,1.4642168076341542,0.9456651570304224,0.6367944372763243,0.6429007519942599,-77.58363614914634,-0.004860719026576139,0.19373
22.133241176605225,3.3346497531441934,1.4642168076341542,1.0329715389563676,0.6221788538428275,0.5735956369236667,-77.65294126421693,-0.004865061085136208,0.19373
22.159918785095215,3.3335179115759406,1.4617914705900819,1.0692339308556416,0.5875576993023912,0.5214719931116766,-77.70506490802893,-0.004868326701441228,0.19373
22.190359592437744,3.3317393034256595,1.4629232945398398,1.0555643443890694,0.5747050059463578,0.516738319702249,-77.70979858143836,-0.004868623272439301,0.19373
22.22154974937439,3.3312542284816056,1.4495030967438947,1.0353447446866924,0.43074876381406857,0.3780678595674475,-77.84846904157317,-0.0048773111630494494,0.19373
22.248406887054443,3.3297990036649283,1.4724629538333902,0.9892383577077378,0.5608737217929812,0.5414727135589799,-77.68506418758163,-0.004867073629437275,0.19373
22.278669357299805,3.3317393034256595,1.4719778863992186,0.9995674431855303,0.6470831428958183,0.6175297366814299,-77.60900716445919,-0.004862308554767595,0.19373
22.307694673538208,3.3244631795356807,1.4719778863992186,0.8470344713300895,0.7074297376678019,0.7855039893243042,-77.44103291181631,-0.004851784742191621,0.19357
22.335872888565063,3.3301223869555163,1.4690674818222649,0.8645217590223527,0.7204040573961452,0.7817134143883708,-77.44482348675224,-0.004852022226803419,0.19357
22.364712238311768,3.3286671621568975,1.460983024916119,0.844810193616078,0.6481852598184206,0.7335913668209267,-77.49294553431969,-0.004855037137728182,0.19357
22.40513014793396,3.336104978038326,1.4666421447115352,0.99432573345434,0.6545426760942484,0.6268933459888567,-77.59964355515176,-0.004861721912065897,0.19357
22.43193006515503,3.3356199030710316,1.4493414076200084,1.08833572165506,0.48500911663300944,0.4093307274883645,-77.81720617365225,-0.0048753525023772885,0.19357
22.45926308631897,3.338206969593131,1.4724629538333902,1.210947459043621,0.5988559687662428,0.46239616435356573,-77.76414073678706,-0.004872027881472328,0.19357
22.487330675125122,3.337721894614637,1.4769902499502172,1.2861247852836668,0.7240772277444683,0.5294136283683128,-77.6971232727723,-0.00486782914732402,0.19357
22.52153468132019,3.3356199030710316,1.4735947778516607,1.2925950579356082,0.7775857620555202,0.5650724054499195,-77.6614644956907,-0.004865595077037706,0.19357
22.549920558929443,3.3340029865320413,1.4769902499502172,1.2616212835813845,0.849188083046961,0.6284853030352823,-77.59805159810533,-0.004861622173818385,0.19357
22.585937976837158,3.3414408028491747,1.477960384847582,1.4032532867229444,0.9090658069976186,0.602941502580339,-77.62359539856027,-0.004863222527231105,0.19357
22.615101099014282,3.331577611777355,1.482325991952167,1.2858275970979578,0.9948826610862047,0.7071133903861756,-77.51942351075444,-0.004856696018520959,0.19341
22.647608280181885,3.3317393034256595,1.478768830599485,1.2071799107586907,1.019182094380194,0.7616852903176758,-77.46485161082293,-0.00485327701568119,0.19341
22.67776846885681,3.3276970123040464,1.4756967367620735,1.0633691222541064,1.0052973834159238,0.8384857795563831,-77.38805112158423,-0.004848465361860592,0.19341
22.707049131393433,3.332386070021746,1.4761818042065102,1.065660164023841,1.0004561353265722,0.8342202244632141,-77.3923166766774,-0.004848732604617305,0.19341
22.732959270477295,3.3247865628073634,1.468744103538906,0.9003999681660133,0.922270502830248,0.9049224788080386,-77.32161442233257,-0.004844303013404861,0.19341
22.76093554496765,3.336913436322892,1.4773136282487427,1.0509900585755303,0.9537194346688288,0.8155934402228345,-77.41094346091778,-0.00484989959767222,0.19341
22.78698754310608,3.333841294879721,1.4781220739976644,1.0889474875429546,0.9838637696809518,0.8095558084830426,-77.41698109265757,-0.00485027786341136,0.19341
22.81370520591736,3.3325477616714845,1.4716545081105137,1.0871153161557214,0.9399241434366016,0.7836840190233921,-77.44285288211722,-0.004851898765775827,0.19341
22.84136152267456,3.3322243783722945,1.4701993058186964,1.078732203331571,0.8945322567259419,0.759402212173464,-77.46713468896715,-0.004853420053593895,0.193252
22.86826181411743,3.330769153540133,1.4758584259100702,1.0409113568273591,0.9196685135849958,0.8008201135403525,-77.42571678760027,-0.004850825166434599,0.193252
22.899068355560303,3.3367517446654045,1.477475317398229,1.1457977340385894,0.9535240587391756,0.7564174369550747,-77.47011946418554,-0.0048536070537709185,0.193252
22.925890922546387,3.3319009950742506,1.482325991952167,1.112709303021649,1.0260034373052969,0.8197762005219051,-77.40676070061872,-0.0048496375421205815,0.193252
22.957854986190796,3.329475620375486,1.4800623438102847,1.0362929559031246,1.0539747702196984,0.8844553496154367,-77.34208155152518,-0.004845585306543257,0.193252
22.984883785247803,3.329313928731195,1.482002613644392,0.9792512166100761,1.0930669021690935,0.9442267843355746,-77.28231011680505,-0.004841840545864197,0.193252
23.011255979537964,3.3346497531441934,1.4735947778516607,1.056481780662138,1.03587853415276,0.860864101401203,-77.36567279973943,-0.0048470633299351395,0.193252
23.039218187332153,3.336428361351291,1.478768830599485,1.1495964375421504,1.0478792055267871,0.8095012500826627,-77.41703565105797,-0.004850281281568437,0.193252
23.06762146949768,3.332386070021746,1.4813558570306342,1.1260192847254977,1.0822959405569317,0.8426863271731407,-77.38385057396749,-0.0048482021919096065,0.193252
23.09695601463318,3.3297990036649283,1.4858831533771502,1.0527105357348723,1.151916119872839,0.9246062734900725,-77.30193062765056,-0.0048430697972258446,0.193093
23.124991416931152,3.334811444797949,1.4875000449578966,1.1114536005674023,1.216910411677926,0.9187236980151753,-77.30781320312546,-0.004843438348481693,0.193093
23.153189659118652,3.3398238862067835,1.4582343096522756,1.2626329411322263,0.9680974293911068,0.698459751945072,-77.52807714919557,-0.0048572381805941445,0.193093
23.190104007720947,3.3416024945149947,1.479577276355116,1.4075117437913804,1.0085625149862119,0.6532909039716213,-77.57324599716902,-0.004860068069597169,0.193093
23.21585202217102,3.3344880614907253,1.4794155872036916,1.352713853177476,1.0352620583412748,0.693738447846388,-77.53279845329426,-0.004857533976638283,0.193093
23.244490146636963,3.336913436322892,1.4794155872036916,1.3676097780835446,1.0539517386898165,0.697278343203245,-77.52925855793741,-0.004857312197438865,0.193093
23.273351430892944,3.3328711449718225,1.4784454522982766,1.2892795124124958,1.0572784155961819,0.7376587562560172,-77.48887814488464,-0.004854782310316156,0.193093
23.30604863166809,3.336913436322892,1.4845896401233283,1.323205739548039,1.121395719481524,0.7555747119680444,-77.47096218917261,-0.004853659851623432,0.193093
23.332340240478516,3.337560202955714,1.467612279551823,1.3611552850053905,0.9955460965410856,0.6662642131135329,-77.56027268802713,-0.004859255274351758,0.193093
23.36761975288391,3.331577611777355,1.4755350476142257,1.2563589958956636,0.9871261684029966,0.7135609419654032,-77.51297595917525,-0.0048562920707532166,0.193093
23.394534826278687,3.3344880614907253,1.4786071414488062,1.2469069296504776,1.0121265329479232,0.7338442969983388,-77.49269260414232,-0.004855021291312797,0.192944
23.427024126052856,3.3372368196387283,1.4794155872036916,1.30064552483327,1.0377568709144729,0.7207158046392816,-77.50582109650138,-0.004855843808995227,0.192944
23.454867839813232,3.328343778871468,1.4747266018772194,1.1429962371328022,1.0085436278590825,0.7918918531680937,-77.43464504797257,-0.004851384533940685,0.192944
23.48805260658264,3.3255950209915803,1.477475317398229,0.9722867000750947,1.01573663873104,0.9133017784757924,-77.31323512266486,-0.004843778039024363,0.192944
23.51414704322815,3.332062686723129,1.478768830599485,0.9948018756580309,1.0337798787315844,0.9069566653437476,-77.3195802357969,-0.0048441755688857805,0.192944
23.546129941940308,3.333841294879721,1.4826493702605394,1.0496157595006985,1.0854345444785687,0.8970313966559689,-77.32950550448469,-0.004844797400302161,0.192944
23.575074672698975,3.33270945332151,1.4897636931961051,1.0631334029621797,1.193137541952517,0.942913194475146,-77.28362370666551,-0.004841922844033563,0.192944
23.60777974128723,3.3272119373814886,1.4813558570306342,0.9518856780927609,1.183976776054942,1.0157830561206969,-77.21075384501995,-0.004837357449311876,0.192944
23.63528871536255,3.330445770247251,1.4858831533771502,0.9450181964455816,1.2230927047214497,1.0380060135774372,-77.18853088756322,-0.004835965151174044,0.192793
23.666735887527466,3.3255950209915803,1.4752116693189765,0.8337020715940175,1.1431567610826459,1.0899923339510889,-77.13654456718956,-0.004832708138366909,0.192793
23.696286916732788,3.327858703945472,1.4800623438102847,0.8054849310860651,1.1359820968638457,1.1108068195116245,-77.11573008162902,-0.004831404082885441,0.192793
23.724794387817383,3.334164678184649,1.4857214642198988,0.9241944912794113,1.1878704126675668,1.0378173343008346,-77.18871956683981,-0.004835976972184184,0.192793
23.754838228225708,3.3333562199244806,1.482325991952167,0.9895397010142779,1.1900458850551698,0.9909151333178622,-77.23562176782278,-0.004838915458081751,0.192793
23.785547733306885,3.3396621945441254,1.4883084907538853,1.1737429147316714,1.2517313305039997,0.9005139096922778,-77.32602299144837,-0.004844579216182208,0.192793
23.813252210617065,3.3312542284816056,1.482002613644392,1.1180697439265235,1.2314964943681,0.9247854748156233,-77.30175142632503,-0.004843058570022069,0.192793
23.843071699142456,3.336266669694665,1.482002613644392,1.189157715246319,1.2173321090729767,0.8749358380301132,-77.35160106311054,-0.004846181716732098,0.192793
23.87289834022522,3.330769153540133,1.4831344377242188,1.1182092151676828,1.2187991554966862,0.9187557671604984,-77.30778113398016,-0.0048434363393066605,0.192634
23.908588409423828,3.336266669694665,1.4918656523007547,1.1892553451150947,1.3076309863339193,0.9168899655308123,-77.30964693560985,-0.004843553234285181,0.192634
23.938223123550415,3.338206969593131,1.4929974764445322,1.2815911954656778,1.3811953846934009,0.8977062837748204,-77.32883061736584,-0.004844755117717557,0.192634
23.968716621398926,3.336913436322892,1.4931591656085297,1.3178239176852924,1.434316480232988,0.9007958857730445,-77.32574101536761,-0.004844561550001957,0.192634
23.996294260025024,3.3388537362351447,1.4850747075923896,1.3857903829290805,1.3902004145605542,0.8489144720600681,-77.37762242908059,-0.004847811990265875,0.192634
24.02745819091797,3.3322243783722945,1.486206531692102,1.2878047500729322,1.3707012849201212,0.8900699803740085,-77.33646692076665,-0.004845233542383832,0.192634
24.05657124519348,3.3239781046303034,1.4860448425345514,1.0381496978247085,1.355425877548702,1.0307195938067149,-77.19581730733395,-0.004836421655160879,0.192634
24.085359811782837,3.3257567126292824,1.4684207252561405,0.9024444187248452,1.1674972894646654,1.0489809891195563,-77.1775559120211,-0.004835277554213118,0.192634
24.112462997436523,3.3281820872291825,1.460983024916119,0.8607051665908295,0.9611505222663809,0.973373112136812,-77.25316378900385,-0.0048400144892737865,0.192634
24.1416072845459,3.330769153540133,1.477475317398229,0.8882924311088564,0.9825614648161511,0.9615969869104459,-77.26493991423021,-0.004840752279338654,0.192634
24.17176842689514,3.329960695310079,1.479577276355116,0.889852034532228,1.0186873397837444,0.9821623888422182,-77.24437451229844,-0.004839463829281134,0.192476
24.20180916786194,3.329637312020064,1.469229170964167,0.8838431642769103,0.9399103953430615,0.937778471599117,-77.28875842954153,-0.004842244541319466,0.192476
24.233060121536255,3.329637312020064,1.4839428835000068,0.8796369550981913,1.0327340388810426,0.9994783386877141,-77.22705856245294,-0.004838378961761964,0.192476
24.26172637939453,3.323007954827276,1.4747266018772194,0.7311304648589902,1.0050276454356837,1.129610601135878,-77.09692630000478,-0.004830226000706657,0.192476
24.28902006149292,3.323654721361483,1.4750499801715755,0.6413771059886877,0.9888852030615539,1.2230365419575566,-77.0035003591831,-0.004824372740010617,0.192476
24.318519353866577,3.3220378050345496,1.4794155872036916,0.5430467942251117,1.0214879399940127,1.3531108858325436,-76.87342601530813,-0.004816223407631723,0.192476
24.344126224517822,3.3221994966659554,1.478283763147896,0.4777658720177495,1.0329277399581067,1.4363237210165904,-76.79021318012408,-0.004811010011723637,0.192476
24.36983299255371,3.3257567126292824,1.4677739686923896,0.510175740659974,0.9352445273270232,1.3720562922764998,-76.85448060886418,-0.004815036452467734,0.192476
24.39574146270752,3.324301487900269,1.468582414397449,0.5009099834470467,0.8749963607692848,1.3676747368706332,-76.85886216427005,-0.004815310962799866,0.192476
24.423595428466797,3.3221994966659554,1.4716545081105137,0.4482701044731009,0.8637169571984369,1.4471536752597418,-76.77938322588093,-0.004810331500541905,0.192324
24.454392433166504,3.3197741222248975,1.4647018750469645,0.358167749443166,0.7859026670558896,1.5963120148889378,-76.63022488625174,-0.00480098653019256,0.192324
24.481956243515015,3.3252716377170346,1.4706843732479653,0.41580616638033957,0.791595272692533,1.4897955496075321,-76.73674135153314,-0.004807659929831134,0.192324
24.510605096817017,3.329313928731195,1.4776370065478643,0.5449104639441104,0.8654988066579771,1.2963485275523094,-76.93018837358836,-0.004819779645629588,0.192324
24.537221431732178,3.324624871171379,1.4719778863992186,0.5323248819825186,0.8603207023013146,1.313386938604684,-76.913149962536,-0.004818712166288639,0.192324
24.5630362033844,3.316378598115474,1.4700376166759035,0.3424498804249916,0.837183831456519,1.6224072415636939,-76.60412965957698,-0.004799351629186413,0.192324
24.59041714668274,3.329960695310079,1.4742415344368018,0.5077622490535032,0.8632644506933032,1.3521331971366932,-76.87440370400398,-0.004816284661141895,0.192324
24.62344193458557,3.3205825803647677,1.4647018750469645,0.4175637304085484,0.7855859125022967,1.4864929066358528,-76.74004399450482,-0.004807866844849909,0.192324
24.65157413482666,3.3223611882976476,1.4713311298224034,0.3934780233796052,0.7978776104367277,1.532763156098642,-76.69377374504202,-0.004804967951564012,0.192173
24.683316469192505,3.319289047344406,1.4642168076341542,0.30916240489761654,0.7349370750551135,1.7037534834635268,-76.52278341767713,-0.004794255177855066,0.192173
24.71065592765808,3.3257567126292824,1.4739181561439338,0.39215331367587114,0.7884396881896565,1.5342755073736913,-76.69226139376697,-0.004804873200725015,0.192173
24.74225664138794,3.330930845187004,1.452251811872452,0.5638564304351101,0.608005318448429,1.0686988055779494,-77.15783809556271,-0.004834042206524108,0.192173
24.768078327178955,3.330445770247251,1.4766668716522875,0.673397723085239,0.7272297394484267,0.9989741501739442,-77.22756275096671,-0.004838410549849653,0.192173
24.797646284103394,3.3233313380938077,1.4755350476142257,0.5938635945859286,0.7993047184381399,1.1822917223593603,-77.0442451787813,-0.00482692545769292,0.192173
24.82404112815857,3.323493029727502,1.4756967367620735,0.5417400007138284,0.8513832202564853,1.2935899742653056,-76.93294692687535,-0.004819952472698714,0.192173
24.85143256187439,3.3288288538000423,1.465672009876583,0.6224132590850739,0.7870251497718913,1.1283418323284964,-77.09819506881216,-0.004830305490776838,0.192173
24.880027055740356,3.3223611882976476,1.4684207252561405,0.5368726934531893,0.7696167800209,1.2605480946851177,-76.96598880645554,-0.00482202259084116,0.192024
24.906450510025024,3.326241787544107,1.4550005270435349,0.5622014041987697,0.6224715602220217,1.0881196077663071,-77.13841729337435,-0.0048328254671781085,0.192024
24.934751510620117,3.3221994966659554,1.4603362683796097,0.49117409899931025,0.5731284462462497,1.2106400512286775,-77.01589684991197,-0.004825149396807582,0.192024
24.961662769317627,3.334811444797949,1.4595278227122968,0.7183780948524893,0.5304581845587859,0.6552293448419915,-77.57130755629865,-0.004859946623672639,0.192024
24.98921251296997,3.3302840786012404,1.4554855944310863,0.7780125918295446,0.4599385924121128,0.4463483536012208,-77.78018854753942,-0.004873033298373761,0.192024
25.014362335205078,3.329475620375486,1.4582343096522756,0.802005258068632,0.43821715590504345,0.38079894445183043,-77.84573795668881,-0.004877140056912646,0.192024
25.052798986434937,3.3328711449718225,1.4310705375643744,0.8933563484020312,0.1498414218312696,-0.22667477230870914,-78.45321167344935,-0.004915199101316372,0.192024
25.079309940338135,3.3335179115759406,1.455970661819964,0.9715032974676061,0.1983849075297467,-0.11766815157912064,-78.34420505271976,-0.004908369690093824,0.192024
25.10854148864746,3.335296519760937,1.4553239053017553,1.0652594233718113,0.22586128215244272,-0.06181744944393369,-78.28835435058457,-0.004904870568578118,0.192024
25.13611149787903,3.3331945282733075,1.4621148488607016,1.0847348570177822,0.3133874319180449,0.06427221076034796,-78.16226469038028,-0.0048969708819840115,0.192024
25.164531707763672,3.3343263698375436,1.4546771487859045,1.123219735930629,0.29985898388172777,0.042702032937168864,-78.18383486820346,-0.0048983222826008916,0.191865
25.194878816604614,3.336266669694665,1.4622765379962335,1.1927627096491766,0.36681183953024527,0.1213213044171009,-78.10521559672353,-0.004893396679629623,0.191865
25.22061276435852,3.3445129445489328,1.4693908601062173,1.4225079249235546,0.48522356163285685,0.2062020200866303,-78.020334881054,-0.004888078788768576,0.191865
25.2496440410614,3.341117419518397,1.47909220890129,1.5087733421158005,0.6656727578753854,0.34036436633287687,-77.88617253480776,-0.004879673337549513,0.191865
25.278675079345703,3.344351252877936,1.4786071414488062,1.6401650707536937,0.7871091455786006,0.39260141652633007,-77.8339354846143,-0.004876400616182349,0.191865
25.30919909477234,3.3385303529135633,1.4723012646885179,1.604328596732218,0.8086999725325322,0.41800402364291145,-77.80853287749773,-0.0048748091087219515,0.191865
25.33471703529358,3.3367517446654045,1.4651869424611073,1.5401898019719842,0.7522688270707428,0.39742962017333927,-77.82910728096729,-0.0048760981227379055,0.191865
25.363242387771606,3.337560202955714,1.4640551184968469,1.513044128702149,0.7013849102793773,0.36694496451388203,-77.85959193662676,-0.004878008027366477,0.191865
25.392752408981323,3.3328711449718225,1.4541920814005633,1.3910835578455059,0.5665791697433209,0.28742761414615925,-77.93910928699448,-0.004882989896186497,0.191865
25.417834758758545,3.337560202955714,1.4710077515348874,1.4086697578135785,0.641320857536607,0.34971754018913664,-77.8768193609515,-0.00487908734864285,0.191716
25.443522691726685,3.339338811219671,1.47909220890129,1.4600333610833236,0.7749408650080118,0.4422402879934862,-77.78429661314715,-0.0048732906742026474,0.191716
25.47035574913025,3.337560202955714,1.4758584259100702,1.456934620080067,0.8359545393824439,0.48969044303199344,-77.73684645810864,-0.004870317858247409,0.191716
25.498870372772217,3.336104978038326,1.4845896401233283,1.4228128319791389,0.9664690061319053,0.5968897969947219,-77.62964710414592,-0.004863601674715592,0.191716
25.52690625190735,3.3438661778666705,1.4802240329623062,1.5693418230065117,1.0139266849658468,0.5654775179275728,-77.66105938321307,-0.004865569696196777,0.191716
25.554972171783447,3.3383686612532038,1.482325991952167,1.551202026646297,1.0682852756639705,0.6056518957241029,-77.62088500541654,-0.004863052717459648,0.191716
25.582037925720215,3.3396621945441254,1.484104572655613,1.566906542674078,1.1242224717092466,0.6316124760007331,-77.59492442513991,-0.00486142625223122,0.191716
25.607957363128662,3.337075127980667,1.4876617341167948,1.5210949573373058,1.1991508746000832,0.692671260294295,-77.53386564084634,-0.004857600837372025,0.191716
25.64385223388672,3.3385303529135633,1.47909220890129,1.5209795173407499,1.1654218769524438,0.6743146095951842,-77.55222229154545,-0.004858750906197697,0.191716
25.670706033706665,3.3372368196387283,1.473109710414367,1.492496336216451,1.0816489669873006,0.6385713882269449,-77.58796551291368,-0.004860990267032006,0.191565
25.707134008407593,3.3395005028817546,1.4784454522982766,1.5222622626660847,1.0766664754044228,0.6224883690226012,-77.60404853211803,-0.004861997889790252,0.191565
25.73597550392151,3.334164678184649,1.4887935582332763,1.4259386233854476,1.177243793685623,0.7258120732034363,-77.50072482793719,-0.0048555245209236176,0.191565
25.763253211975098,3.336428361351291,1.4908955173262277,1.4082162274484606,1.268786133033537,0.7838195380093792,-77.44271736313125,-0.004851890275329307,0.191565
25.791095495224,3.3367517446654045,1.4839428835000068,1.4029111434733768,1.262947055264374,0.7835355249212912,-77.44300137621934,-0.004851908069130804,0.191565
25.819672107696533,3.3417641861811025,1.4853980859058449,1.5092567822192926,1.273493850312217,0.737064377880758,-77.48947252325988,-0.004854819548919822,0.191565
25.84468960762024,3.3383686612532038,1.47909220890129,1.5091424980952077,1.2174619599509375,0.7077906363041704,-77.51874626483647,-0.004856653588154421,0.191565
25.878382921218872,3.3357815947265093,1.482325991952167,1.4522577534594177,1.2107599681535302,0.7311601008740879,-77.49537680026654,-0.004855189459805789,0.191565
25.904398918151855,3.330930845187004,1.4794155872036916,1.3059295382835765,1.176800275558393,0.7899548160739036,-77.43658208506673,-0.00485150589191675,0.191565
25.929930448532104,3.3346497531441934,1.4756967367620735,1.285156605833582,1.115630110240661,0.7658133446042115,-77.46072355653642,-0.004853018387534726,0.191406
25.957080602645874,3.333679603227687,1.478768830599485,1.249313774143498,1.1037053087883184,0.780115605197316,-77.44642129594332,-0.004852122331695655,0.191406
25.984162092208862,3.334811444797949,1.4802240329623062,1.2490758674534337,1.109992096825333,0.7841893605351946,-77.44234754060544,-0.004851867105451264,0.191406
26.01131010055542,3.3349731364519917,1.477960384847582,1.2524596292945718,1.0916286166424858,0.7705124622846679,-77.45602443885596,-0.004852723981499495,0.191406
26.037478923797607,3.3335179115759406,1.4865299100076523,1.2228755940923974,1.1649530596282447,0.8339356667191764,-77.39260123442145,-0.00484875043254223,0.191406
26.068411350250244,3.340955727853439,1.4834578160340857,1.3654804137701095,1.1853858540789763,0.761366396932452,-77.46517050420817,-0.004853296994780161,0.191406
26.094980001449585,3.338206969593131,1.4829727485695097,1.404948743524162,1.1948107604063303,0.745667046990419,-77.48086985415021,-0.004854280580143722,0.191406
26.129801511764526,3.3383686612532038,1.482325991952167,1.43612687100861,1.1949041284723059,0.7296986816519286,-77.49683821948871,-0.004855281019683253,0.191406
26.156622171401978,3.336104978038326,1.4844279509672735,1.408247407629119,1.2161077018867228,0.7559214637989946,-77.47061543734165,-0.004853638127155414,0.191406
26.18773365020752,3.3385303529135633,1.4821643027982048,1.4419862325449995,1.2081859709215441,0.7341589127215761,-77.49237798841907,-0.004855001580215097,0.191406
26.215291500091553,3.3398238862067835,1.4761818042065102,1.494005783516512,1.142478146580502,0.6709031387626491,-77.555633762378,-0.004858964639428148,0.191255
26.24649691581726,3.3398238862067835,1.4904104498409896,1.530419469196564,1.23957213006401,0.7087858414522964,-77.51775105968835,-0.004856591237214984,0.191255
26.2751624584198,3.331577611777355,1.4855597750627971,1.374843924829511,1.2587574192890716,0.7975278719992063,-77.42900902914144,-0.004851031429789781,0.191255
26.310226440429688,3.336590053008204,1.4860448425345514,1.376000235046567,1.2770651716069672,0.8066002330526998,-77.41993666808794,-0.004850463034182439,0.191255
26.335569620132446,3.3349731364519917,1.4863682208498024,1.3413066866097685,1.2931326314772458,0.8343421999553186,-77.39219470118532,-0.004848724962688871,0.191255
26.363166332244873,3.332062686723129,1.496554638087187,1.2531158662323156,1.4068189037778425,0.9407852569895581,-77.28575164415108,-0.004842056162175595,0.191255
26.389629364013672,3.3385303529135633,1.4905721390025857,1.3333941535672533,1.4262366767659573,0.9024786264123779,-77.32405827472826,-0.004844456124040396,0.191255
26.417455673217773,3.333679603227687,1.4963929489200332,1.2830800575570485,1.4983657187602415,0.9617912752258905,-77.26474562591474,-0.004840740106914693,0.191255
26.443859100341797,3.3383686612532038,1.4905721390025857,1.350818790831637,1.4903194472536345,0.920308729284167,-77.30622817185646,-0.004843339044143442,0.191104
26.473507404327393,3.3469383196484253,1.4981715297670017,1.5864016359568098,1.5611098421015273,0.8327257220462086,-77.39381117909441,-0.0048488262372013684,0.191104
26.5013427734375,3.3401472695329626,1.4962312597530296,1.6021971593504871,1.5911509177769583,0.8377939317139511,-77.38874296942667,-0.004848508707057314,0.191104
26.528046131134033,3.3456447862539704,1.5012436240001394,1.7339641181667778,1.662586189717513,0.8102679067517872,-77.41626899438884,-0.004850233249498228,0.191104
26.558587074279785,3.336590053008204,1.4929974764445322,1.6273843703826472,1.6296640270619143,0.8419486389932815,-77.38458826214735,-0.004848248409065046,0.191104
26.58531880378723,3.3399855778697294,1.4986565972738817,1.6273347767225583,1.6635290981809163,0.8549090772630273,-77.3716278238776,-0.0048474364201970665,0.191104
26.621222019195557,3.3333562199244806,1.4842662618113684,1.4817379008244613,1.542519164076175,0.8745078578204613,-77.35202904332017,-0.004846208530267159,0.191104
26.649773597717285,3.335943286382274,1.4886318690733293,1.436624831931915,1.5017146591086201,0.8801738033883022,-77.34636309775233,-0.0048458535511659954,0.191104
26.67881989479065,3.336913436322892,1.4884701799135327,1.4263474632116455,1.4715254889856224,0.8724122873538348,-77.3541246137868,-0.004846339820571973,0.191104
26.704342126846313,3.3395005028817546,1.4942909897607175,1.4759580515627337,1.5089296700955346,0.8632054654632978,-77.36333143567734,-0.004846916640331382,0.190955
26.73096776008606,3.3412791111836415,1.4845896401233283,1.5497387275333998,1.4375515976310727,0.7952467395482056,-77.43129016159243,-0.00485117434580219,0.190955
26.757030248641968,3.338206969593131,1.4865299100076523,1.5339295631584848,1.4070991463202576,0.7884367939066272,-77.438100107234,-0.004851600998044762,0.190955
26.786190032958984,3.3357815947265093,1.4784454522982766,1.4696086990036985,1.3044816009374907,0.7686758230871505,-77.45786107805348,-0.004852839049412466,0.190955
26.812239170074463,3.331577611777355,1.46082133578177,1.3322763856945021,1.0554135239075633,0.6912908958742029,-77.53524600526643,-0.004857687319057253,0.190955
26.842849731445312,3.330445770247251,1.4698759275332594,1.21129169176682,0.9721227901076827,0.7051909169084265,-77.52134598423221,-0.0048568164640668925,0.190955
26.869420051574707,3.3328711449718225,1.4776370065478643,1.1798568519907822,0.9918680688485825,0.7436799960887966,-77.48285690505185,-0.004854405071552011,0.190955
26.896625995635986,3.3322243783722945,1.4807091004192654,1.1436512784161201,1.0365840785790894,0.8058757900234019,-77.42066111111724,-0.004850508421511404,0.190955
26.93049645423889,3.3280203955871843,1.4810324787246512,1.0259996721149685,1.0711373185389867,0.9309425027199096,-77.29559439842073,-0.004842672823952834,0.190955
26.958935976028442,3.330930845187004,1.4907338281643316,1.0075488813424653,1.1928855837640717,1.022099645528575,-77.20443725561206,-0.0048369617065000935,0.190803
26.98707866668701,3.336104978038326,1.4913805848128159,1.1082428148628372,1.2846134360979815,0.9871878683839845,-77.23934903275665,-0.004839148976236872,0.190803
27.012683153152466,3.3335179115759406,1.492027341463701,1.1219238239901768,1.3553269994322177,1.0110348407556826,-77.21550206038495,-0.004837654931383,0.190803
27.03927969932556,3.337883586273848,1.4907338281643316,1.2273585373839142,1.3918183603893342,0.9546677956333945,-77.27186910550724,-0.004841186402480475,0.190803
27.066800832748413,3.336590053008204,1.4863682208498024,1.2727604638346688,1.3734598636249002,0.9165777099007995,-77.30995919123983,-0.004843572797519868,0.190803
27.092978715896606,3.332062686723129,1.4957461922529218,1.2051335102896938,1.4549178826978313,0.997521347150011,-77.22901555399062,-0.004838501569910722,0.190803
27.118643760681152,3.334811444797949,1.4892786257140163,1.2181496827557643,1.4468978287417167,0.985529208461802,-77.24100769267883,-0.004839252893509155,0.190803
27.145804405212402,3.335134828106321,1.4954228139202683,1.2343615965367472,1.5030724248568401,0.9987213401551095,-77.22781556098553,-0.004838426388736944,0.190803
27.17411184310913,3.331577611777355,1.4887935582332763,1.1676034139676328,1.4757279583023097,1.0313471035789836,-77.19518979756165,-0.00483638234083068,0.190803
27.199787855148315,3.3344880614907253,1.4875000449578966,1.1847780223008493,1.4435786985785541,1.0062638517132108,-77.22027304942742,-0.00483795384025561,0.190654
27.224548816680908,3.336913436322892,1.4900870715182475,1.2500546964698604,1.447090483139558,0.9647153721109321,-77.2618215290297,-0.004840556908316765,0.190654
27.251327753067017,3.3372368196387283,1.4883084907538853,1.3028489616068382,1.4316625491630706,0.9245154791919593,-77.30202142194868,-0.00484307548561059,0.190654
27.278157711029053,3.3385303529135633,1.493644233101423,1.3682073203293996,1.4745215454346916,0.9052625283302812,-77.32127437281036,-0.00484428170884549,0.190654
27.30517816543579,3.332386070021746,1.4878234232758427,1.2790469026765592,1.4459862428460746,0.9459681419967686,-77.28056875914388,-0.004841731447467475,0.190654
27.332923650741577,3.330769153540133,1.4868532883238015,1.1811316463688801,1.4162554312275444,0.9973338271372447,-77.2292030740034,-0.004838513318291426,0.190654
27.360493421554565,3.335943286382274,1.4929974764445322,1.226200453813015,1.457232496118937,0.9849759913583727,-77.24156090978227,-0.004839287553303848,0.190654
27.389071702957153,3.3331945282733075,1.4960695705861766,1.1973935783266116,1.5168107588724709,1.0288931171988578,-77.19764378394179,-0.004836536086373954,0.190654
27.424172401428223,3.329637312020064,1.4894403148745627,1.0991222449329854,1.4918488587172152,1.0871708992574134,-77.13936600188323,-0.004832884905040636,0.190654
27.451297760009766,3.336266669694665,1.4908955173262277,1.1758944659508164,1.489009678555654,1.032025263762477,-77.19451163737817,-0.00483633985318418,0.190503
27.484391927719116,3.3325477616714845,1.4931591656085297,1.1479782010412376,1.5097864859365613,1.0595378141982663,-77.16699908694238,-0.004834616154940445,0.190503
27.515002250671387,3.3335179115759406,1.4988182864431427,1.1497385943150702,1.5812408361340615,1.0848697143281671,-77.14166718681248,-0.004833029077367747,0.190503
27.548670053482056,3.3335179115759406,1.494937746422416,1.150970869606743,1.592234479908676,1.0879170188907419,-77.13861988224991,-0.00483283815964331,0.190503
27.57479500770569,3.3297990036649283,1.4917039631379585,1.0701766451517474,1.5674096967464346,1.1353298244375882,-77.09120707670307,-0.004829867683683897,0.190503
27.601989269256592,3.330607461893549,1.4844279509672735,1.0313721697410472,1.4768615996786225,1.132744646397359,-77.0937922547433,-0.004830029648560912,0.190503
27.629164218902588,3.333841294879721,1.4939676114307696,1.0752149653588359,1.5094129141850796,1.111369914351791,-77.11516698678888,-0.004831368804237274,0.190503
27.654335260391235,3.336590053008204,1.4910572064882737,1.166259963417114,1.5029305340514936,1.043550884581968,-77.1829860165587,-0.0048356177575569195,0.190503
27.682928323745728,3.3395005028817546,1.4900870715182475,1.2938968017065617,1.4886367679706194,0.9531367863253403,-77.27340011481533,-0.004841282322270306,0.190503
27.70899748802185,3.3310925368341615,1.4957461922529218,1.198627168429601,1.5355417157398332,1.0347422018558035,-77.19179469928487,-0.004836169633362841,0.190352
27.739104986190796,3.337883586273848,1.4918656523007547,1.28105087849156,1.529350778504123,0.9787321596093254,-77.24780474153135,-0.004839678737750568,0.190352
27.768914937973022,3.3328711449718225,1.4902487606795434,1.2286882826980936,1.5087569557482536,1.003823563210878,-77.2227133379298,-0.004838106727608441,0.190352
27.79866123199463,3.332386070021746,1.4973630839252132,1.1813835763346452,1.5658860143887412,1.0583183065672246,-77.16821859457346,-0.004834692558731755,0.190352
27.82802414894104,3.3373985112970774,1.486206531692102,1.2583294741309385,1.493681204799858,0.9776928574765873,-77.24884404366409,-0.004839743851425329,0.190352
27.85459303855896,3.3319009950742506,1.4918656523007547,1.1914815210863063,1.500048420846138,1.0253202453168175,-77.20121665582386,-0.004836759931596976,0.190352
27.88265299797058,3.330607461893549,1.479577276355116,1.116285582895232,1.3809282090047366,1.0275844936833785,-77.1989524074573,-0.004836618073395138,0.190352
27.908775568008423,3.335134828106321,1.4899253823571015,1.163056726634391,1.4016091237786057,1.0017414333630128,-77.22479546777767,-0.004838237175840435,0.190352
27.935221910476685,3.3349731364519917,1.4883084907538853,1.1922462307212516,1.3998255976104033,0.9794834270515017,-77.24705347408918,-0.004839631669836103,0.190193
27.961783409118652,3.336104978038326,1.4889552473933731,1.237530959427981,1.4050811958785376,0.949997306477174,-77.27653959466352,-0.00484147901490021,0.190193
27.989641427993774,3.3395005028817546,1.4944526789259167,1.3437864989141783,1.4640446816206139,0.9093953880610877,-77.3171415130796,-0.004844022779631489,0.190193
28.014740228652954,3.3343263698375436,1.4832961268790776,1.304555885258113,1.3931239728760796,0.8989080586779798,-77.32762884246272,-0.004844679824905475,0.190193
28.043863773345947,3.330769153540133,1.4853980859058449,1.1989879341759548,1.3646176926404154,0.9572209205308951,-77.2693159806098,-0.004841026445775915,0.190193
28.07089400291443,3.328343778871468,1.4855597750627971,1.0718359236726556,1.3462893130925546,1.0482918575910611,-77.17824504354964,-0.004835320729229125,0.190193
28.097304344177246,3.330769153540133,1.4950994355882166,1.0360839610661476,1.4293944304857165,1.1153310096131834,-77.11120589152752,-0.004831120636298019,0.190193
28.128604888916016,3.337560202955714,1.4954228139202683,1.1601700400680373,1.4908200460776444,1.0444631985872292,-77.18207370255347,-0.004835560599858936,0.190193
28.156792879104614,3.334811444797949,1.5012436240001394,1.1866752536005982,1.5923545795279963,1.0662194718202094,-77.16031742932049,-0.004834197540114641,0.190193
28.18635368347168,3.326080095905546,1.4988182864431427,1.0135129001176588,1.6390385016480675,1.2051126908677539,-77.02142421027294,-0.004825495693359366,0.190193
28.22103214263916,3.3346497531441934,1.4941293005956686,1.0804649591174427,1.624562762260716,1.1516783976728688,-77.07485850346782,-0.004828843423608883,0.190193
28.252620458602905,3.329475620375486,1.4871766666405495,1.01372191517019,1.5445110280806098,1.1760461364527766,-77.05049076468792,-0.004827316752039967,0.190042
28.28681707382202,3.331577611777355,1.4994650431216936,1.0131556370110362,1.6120520826136,1.1976745677533143,-77.02886233338738,-0.004825961701764475,0.190042
28.316706895828247,3.3281820872291825,1.4929974764445322,0.9382030193911697,1.5942901520891744,1.2513344284251853,-76.97520247271551,-0.004822599839409509,0.190042
28.349255084991455,3.325433329354164,1.4876617341167948,0.8253811514967927,1.5281982508660341,1.3311201402097936,-76.8954167609309,-0.004817601157386217,0.190042
28.377829551696777,3.328343778871468,1.4889552473933731,0.8103111757972713,1.4949420531574844,1.3375713388883905,-76.88896556225231,-0.004817196981122798,0.190042
28.40973973274231,3.327535320662908,1.4923507197900445,0.7820107115402405,1.5058090647331732,1.3662488895892309,-76.86028801155148,-0.004815400294047457,0.190042
28.435336112976074,3.329313928731195,1.493482543936975,0.8012536455560411,1.5247980896412716,1.3522226732221707,-76.87431422791853,-0.0048162790553449445,0.190042
28.471633195877075,3.3349731364519917,1.4857214642198988,0.9389840739664392,1.460041607611762,1.2094329337054601,-77.01710396743525,-0.004825225024341995,0.190042
28.498196601867676,3.3301223869555163,1.4933208547726773,0.9288864808677684,1.491134852965309,1.2285869705459898,-76.99794993059471,-0.004824024998203396,0.189883
28.534056901931763,3.326080095905546,1.4988182864431427,0.833060759204681,1.568184693054185,1.3332540389551575,-76.89328286218554,-0.0048174674657632515,0.189883
28.56193208694458,3.3276970123040464,1.4892786257140163,0.8014857161662997,1.526184595991167,1.3528600949994607,-76.87367680614125,-0.004816239120014318,0.189883
28.58852505683899,3.337883586273848,1.4999501106321882,1.0030518619072164,1.604101630400928,1.2013682136869714,-77.02516868745374,-0.00482573028988488,0.189883
28.61863899230957,3.336913436322892,1.499141664782117,1.12284638419435,1.6505134707454387,1.1271227597921865,-77.09941414134853,-0.00483038186730888,0.189883
28.65216302871704,3.334811444797949,1.4918656523007547,1.1605486944890235,1.6098310070080422,1.0861621008504891,-77.14037480029023,-0.004832948107616002,0.189883
28.684774160385132,3.322684571561889,1.4810324787246512,0.9206680903216831,1.4724101684392543,1.2301791175950803,-76.99635778354565,-0.004823925248051964,0.189883
28.71323823928833,3.3259184042672705,1.4860448425345514,0.8237575896444232,1.426622096012096,1.3096200184813078,-76.91691688265942,-0.004818948168894658,0.189883
28.739588737487793,3.333679603227687,1.493482543936975,0.926334462811074,1.46936721153652,1.223846425301668,-77.00269047583906,-0.004824321999731157,0.189731
28.776076078414917,3.326888554101216,1.4879851124350405,0.849025827549271,1.4440042257570458,1.2894241199431196,-76.93711278119761,-0.004820213469068197,0.189731
28.805659532546997,3.326241787544107,1.4810324787246512,0.7807085980660075,1.3563314215635547,1.336698538600563,-76.88983836254017,-0.004817251663233307,0.189731
28.840033531188965,3.332386070021746,1.4921890306267978,0.8677977970921881,1.4071556059370065,1.259401394563108,-76.96713550657763,-0.004822094433144227,0.189731
28.871424436569214,3.332386070021746,1.4853980859058449,0.9287602364105274,1.3744398357830592,1.1863561617485852,-77.04018073939216,-0.004826670815105233,0.189731
28.903154850006104,3.3281820872291825,1.5017286915156085,0.8791262389708169,1.515766482621746,1.2810017574941193,-76.94553514364662,-0.004820741141389792,0.189731
28.929969310760498,3.323493029727502,1.4939676114307696,0.7414238517832143,1.5366463322452653,1.4145955654174096,-76.81194133572333,-0.004812371309860407,0.189731
28.961562395095825,3.3340029865320413,1.4950994355882166,0.8758014392747185,1.5626443438926094,1.295993922318768,-76.93054297882198,-0.004819801862123832,0.189731
28.98761773109436,3.327858703945472,1.4994650431216936,0.8349544884624973,1.6247454036820033,1.3454745775895647,-76.88106232355118,-0.004816701832601371,0.189573
29.019088983535767,3.334811444797949,1.497686462261477,0.9590243674767203,1.6503299614014306,1.2486269760077489,-76.97790992513299,-0.004822769464940515,0.189573
29.051361083984375,3.329152237087191,1.498009840598343,0.9216129084078075,1.6714911852701608,1.2838448889369214,-76.94269201220382,-0.004820563015385586,0.189573
29.077889680862427,3.3281820872291825,1.4952611247541674,0.8741231093689129,1.6586617577176417,1.3196564078074846,-76.90688049333326,-0.004818319375621008,0.189573
29.104823350906372,3.332062686723129,1.5057709208640053,0.926087362163694,1.755372247673504,1.299031041855096,-76.92750585928565,-0.004819611582504972,0.189573
29.131887674331665,3.3340029865320413,1.494937746422416,1.0050658965410608,1.7141264679862949,1.229653334436715,-76.99688356670403,-0.0048239581890731475,0.189573
29.16196918487549,3.3280203955871843,1.4892786257140163,0.9289899048024335,1.6283438384436417,1.2670726468944191,-76.95946425424633,-0.004821613818880508,0.189573
29.191534519195557,3.327535320662908,1.474888291024323,0.8650858218438541,1.4235805216475665,1.2667932191675337,-76.95974368197321,-0.0048216313254029666,0.189573
29.22190260887146,3.3288288538000423,1.470846062391352,0.8487553338760854,1.2395957873873955,1.2141914330717607,-77.01234546806899,-0.0048249268979643775,0.189424
29.255396127700806,3.3288288538000423,1.4850747075923896,0.8373239922986537,1.2538959295686343,1.2348781149860932,-76.99165878615466,-0.004823630849553029,0.189424
29.282012462615967,3.3255950209915803,1.4771519390994055,0.7583161286911583,1.184231216845169,1.3122579095086493,-76.9142789916321,-0.00481878290147819,0.189424
29.31619119644165,3.3221994966659554,1.4805474112667962,0.6284544061439756,1.1696122656046772,1.5064968914689965,-76.72004000967175,-0.004806613568327802,0.189424
29.34503746032715,3.3239781046303034,1.4805474112667962,0.5766044570744259,1.1593789997363309,1.5892035132355748,-76.63733338790517,-0.00480143188737034,0.189424
29.37265706062317,3.3252716377170346,1.48281105941495,0.5687118617222507,1.1749799457734353,1.6012180186593772,-76.62531888248137,-0.004800679162465875,0.189424
29.40269112586975,3.3281820872291825,1.4698759275332594,0.6270923766890069,1.0558192854137907,1.4944770630315927,-76.73205983810915,-0.004807366626726219,0.189424
29.433777809143066,3.3276970123040464,1.4807091004192654,0.6573078484053277,1.081349930174733,1.442379335063251,-76.7841575660775,-0.004810630619368821,0.189424
29.459909200668335,3.333032836622422,1.4794155872036916,0.7956184580863184,1.0862132489732343,1.204282306723592,-77.02225459441715,-0.004825547718041496,0.189424
29.487418174743652,3.328505470514039,1.4766668716522875,0.7930275866822162,1.0619752908157936,1.192975079850806,-77.03356182128994,-0.004826256130994618,0.189424
29.5139741897583,3.324301487900269,1.4740798452902932,0.6989062756626196,1.0189924557327124,1.3415633117303565,-76.88497358941038,-0.004816946878661642,0.189272
29.539533138275146,3.326888554101216,1.478768830599485,0.6898260965453985,1.0360589506327478,1.3671312493237155,-76.85940565181701,-0.004815345013024776,0.189272
29.567758798599243,3.3286671621568975,1.4758584259100702,0.7225232298822035,1.0187371993197627,1.294199534249308,-76.93233736689142,-0.004819914282946871,0.189272
29.5955331325531,3.3228462631944398,1.4807091004192654,0.6176005611491914,1.0553924699089148,1.5154806010011717,-76.71105630013955,-0.004806050726857359,0.189272
29.62465476989746,3.3223611882976476,1.476828560801178,0.533503804898052,1.0420267620068058,1.6849234600075684,-76.54161344113315,-0.004795434904119863,0.189272
29.65463948249817,3.3286671621568975,1.4682590361149803,0.6130976257291065,0.9464918921270468,1.5111937869492373,-76.71534311419148,-0.004806319301516397,0.189272
29.684088706970215,3.3302840786012404,1.4834578160340857,0.7043162634431734,1.0324630368281391,1.3358231296749885,-76.89071377146573,-0.004817306508778472,0.189272
29.71073269844055,3.329152237087191,1.4718161972547918,0.7433172355843184,0.9755696469292817,1.221404742696581,-77.00513215844413,-0.004824474974426394,0.189272
29.740745544433594,3.3346497531441934,1.4713311298224034,0.8913279939441044,0.9308662245356186,0.8949869178892592,-77.33154998325145,-0.004844925489643346,0.189272
29.76768183708191,3.327373629022055,1.4799006546584126,0.8351721880084343,0.9857527047149099,1.0537221055252117,-77.1728147956155,-0.004834980516901337,0.18912
29.79583501815796,3.333841294879721,1.4718161972547918,0.9378749781459775,0.9428724144500235,0.8391309140767585,-77.38740598706394,-0.004848424943316256,0.18912
29.823329210281372,3.329475620375486,1.4875000449578966,0.9139089284901221,1.0705798178819559,1.0102988087881903,-77.21623809235251,-0.0048377010447745155,0.18912
29.854483127593994,3.3340029865320413,1.4839428835000068,0.9965409929695669,1.1242026346582625,0.9505747896997309,-77.27596211144098,-0.004841442834800556,0.18912
29.882651329040527,3.3317393034256595,1.4808707895718836,1.0046792878688235,1.1308442912193857,0.9466495480534182,-77.27988735308729,-0.0048416887564626645,0.18912
29.91161847114563,3.32381641299575,1.4844279509672735,0.8364115781855602,1.171265815809686,1.193059680063018,-77.03347722107769,-0.004826250830677674,0.18912
29.938578128814697,3.331415920129337,1.4852363967490423,0.8854881047298906,1.207690966078343,1.1475882692190538,-77.07894863192165,-0.004829099675650982,0.18912
29.969303131103516,3.3317393034256595,1.4824876811062786,0.9269422661010339,1.2055462890312576,1.0940432280466428,-77.13249367309406,-0.004832454344410064,0.18912
29.99599575996399,3.3281820872291825,1.477960384847582,0.8778536597541714,1.15851655118663,1.1275700090360825,-77.09896689210463,-0.004830353846542938,0.18897
30.025582551956177,3.3325477616714845,1.4771519390994055,0.9393496367036024,1.1174656519777675,1.0146753450810067,-77.2118615560597,-0.004837426848896559,0.18897
30.05472707748413,3.3252716377170346,1.4669655229910379,0.8226334874626515,0.9862909834940483,1.0774899691819069,-77.14904693195881,-0.0048334914283147306,0.18897
30.08332633972168,3.329475620375486,1.4711694406785711,0.8332398850118069,0.9367451436457858,1.0024714316358423,-77.22406546950486,-0.004838191440468002,0.18897
30.11159324645996,3.331415920129337,1.4771519390994055,0.8832679195082632,0.9622256666991743,0.9439050182455322,-77.28263188289517,-0.004841860704941987,0.18897
30.139483213424683,3.333679603227687,1.4855597750627971,0.9679916937157587,1.0646148949336838,0.9300651197815518,-77.29647178135916,-0.004842727793172557,0.18897
30.16713047027588,3.335943286382274,1.4758584259100702,1.077002486955781,1.0387263603304187,0.7756667597743068,-77.45087014136641,-0.004852401057837759,0.18897
30.194166898727417,3.3280203955871843,1.4836195051892431,0.9793455180927214,1.0986531811695628,0.9477004574805644,-77.27883644366015,-0.004841622915575316,0.18897
30.222736835479736,3.3346497531441934,1.4740798452902932,1.0565477917000061,1.0446669789803518,0.8036261066380528,-77.42291079450267,-0.004850649367197609,0.18897
30.24903178215027,3.339338811219671,1.4769902499502172,1.2135479848038229,1.0361449348943408,0.647908204831138,-77.57862869630958,-0.0048604053029291635,0.18897
30.277230978012085,3.3335179115759406,1.4773136282487427,1.1956374429488603,1.0334315371136893,0.6594441733113419,-77.56709272782938,-0.004859682559007057,0.18882
30.310709714889526,3.328990545443473,1.477960384847582,1.0836917649407576,1.0380362248443373,0.7680626312679658,-77.45847426987275,-0.0048528774667036725,0.18882
30.33906388282776,3.3430577195203153,1.4837811943445502,1.3142055917867261,1.0997961029298713,0.6363634622645092,-77.5901734388762,-0.004861128596559571,0.18882
30.367340564727783,3.332062686723129,1.486691599165652,1.2341450998561665,1.1722963166570524,0.7591261538357534,-77.46741074730497,-0.004853437349019602,0.18882
30.393917560577393,3.3297990036649283,1.4753733584665267,1.1283986063263405,1.1092253059601278,0.7954967894939398,-77.43104011164678,-0.00485115867983719,0.18882
30.41915512084961,3.327858703945472,1.4799006546584126,1.0117725053986653,1.1106040617120625,0.9222474118383686,-77.30428948930235,-0.004843217583077102,0.18882
30.449804306030273,3.335134828106321,1.4844279509672735,1.0898975723867745,1.1570976551545622,0.876674603638663,-77.34986229750206,-0.00484607278073096,0.18882
30.478052139282227,3.3297990036649283,1.4868532883238015,1.027425337097779,1.214033419843488,0.9884125119303975,-77.23812438921033,-0.004839072250673573,0.18882
30.510874271392822,3.3328711449718225,1.4794155872036916,1.0511504037224535,1.1790916917413687,0.9356876191955007,-77.29084928194523,-0.0048423755360313,0.18882
30.541933059692383,3.329960695310079,1.478768830599485,1.0038526153617462,1.148128415838805,0.9643974804424219,-77.2621394206983,-0.004840576824656842,0.188662
30.570236921310425,3.3356199030710316,1.4797389655066897,1.095004538990267,1.1362102220626205,0.852535608362389,-77.37400129277833,-0.004847585121212091,0.188662
30.59825086593628,3.333679603227687,1.4829727485695097,1.1162073273531712,1.1603878179948819,0.8524648258806229,-77.3740720752601,-0.00484758955582966,0.188662
30.624348163604736,3.327535320662908,1.4763434933549537,0.9961380176293704,1.1106454560633758,0.9416953443427034,-77.28484155679803,-0.004841999143980362,0.188662
30.652367115020752,3.3328711449718225,1.4771519390994055,1.029249280094574,1.0839558853914837,0.8758023354956458,-77.35073456564508,-0.00484612742950188,0.188662
30.67951798439026,3.331577611777355,1.4815175461838497,1.024024792458105,1.109175633041741,0.9063503265627492,-77.32018657457797,-0.0048442135568249394,0.188662
30.707268476486206,3.3406323445243857,1.4815175461838497,1.2191842591173017,1.126829456396922,0.7282524798103318,-77.4982844213304,-0.004855371626171386,0.188662
30.740284204483032,3.336104978038326,1.4873383557991482,1.2563875793052162,1.1977237306096122,0.7602610343872916,-77.46627586675343,-0.004853366247228508,0.188662
30.767208099365234,3.3406323445243857,1.4850747075923896,1.381838209910276,1.2245854898241866,0.6925165227264691,-77.53402037841425,-0.004857610531888521,0.188662
30.79580330848694,3.33869204457421,1.4849130184358863,1.4270500908110022,1.2417627046617996,0.6773757045500836,-77.54916119659065,-0.004858559124486662,0.18851
30.829155921936035,3.338206969593131,1.4792538980524161,1.4480475174528196,1.1968761745541696,0.630199147944094,-77.59633775319664,-0.0048615147991325665,0.18851
30.856205463409424,3.329475620375486,1.4716545081105137,1.271029706004918,1.0890328268478577,0.6513626233481489,-77.57517427779258,-0.004860188878968587,0.18851
30.884024143218994,3.3335179115759406,1.4832961268790776,1.2358746477896334,1.1306156745351539,0.7185721691658417,-77.5079647319749,-0.004855978110637291,0.18851
30.91109538078308,3.3395005028817546,1.4567791074710421,1.3426270807673253,0.8930569661636348,0.3906128273305178,-77.83592407381022,-0.004876525203966841,0.18851
30.945636510849,3.338045277933346,1.4803857221144767,1.3854011137719437,0.9641642735570775,0.449543055105871,-77.77699384603487,-0.004872833146032905,0.18851
30.97396993637085,3.336266669694665,1.470846062391352,1.3762896741380741,0.9180044137240562,0.4031344388918674,-77.82340246224888,-0.00487574070818164,0.18851
31.001848936080933,3.337560202955714,1.477475317398229,1.3983140392184086,0.9523591888365238,0.43036736990989405,-77.79616953123084,-0.0048740345284700535,0.18851
31.03156065940857,3.3437044861968244,1.4776370065478643,1.5486423712027875,0.9780335479587684,0.39056043863448814,-77.83597646250625,-0.004876528486189024,0.188352
31.0616455078125,3.336590053008204,1.4732713995599829,1.4976591475078833,0.9521031531948385,0.38565202546862265,-77.84088487567212,-0.004876836004867573,0.188352
31.088346481323242,3.344998019563651,1.48281105941495,1.646586322152014,1.0298868531943892,0.4002942572866475,-77.82624264385409,-0.004875918649374559,0.188352
31.121944427490234,3.333032836622422,1.473756466997723,1.488113389709015,0.9932785163780573,0.43031510936347944,-77.79622179177726,-0.00487403780266349,0.188352
31.150054216384888,3.340470652860291,1.4858831533771502,1.5404959804480034,1.0896039229476269,0.4946233936808347,-77.73191350745991,-0.004870008802262595,0.188352
31.18378782272339,3.344351252877936,1.477960384847582,1.6623709175862424,1.07735689492809,0.4335090764540001,-77.79302782468675,-0.00487383769633466,0.188352
31.21163034439087,3.340955727853439,1.4777986956976485,1.6731271402157748,1.0671579587678914,0.4212876475599865,-77.80524925358075,-0.004874603385272503,0.188352
31.243079900741577,3.3399855778697294,1.4852363967490423,1.6593547156057866,1.1348154661490868,0.48032452412639637,-77.74621237701434,-0.0048709046456485395,0.188352
31.2722327709198,3.3425726445159536,1.488146801594388,1.7065187667522739,1.2114440206270376,0.5182448513381598,-77.70829204980258,-0.004868528886208523,0.188193
31.303526878356934,3.3479084697063577,1.479577276355116,1.8566934011816916,1.1789051288513663,0.44118978919992363,-77.78534711194082,-0.004873356489363257,0.188193
31.330847024917603,3.340308961196483,1.4845896401233283,1.794951691740238,1.206534418760151,0.4810704960124695,-77.74546640512828,-0.004870857909507778,0.188193
31.36007571220398,3.3441895612072265,1.4865299100076523,1.8369396186006601,1.2453871211106118,0.49227015026743504,-77.73426675087332,-0.004870156236123671,0.188193
31.38872456550598,3.3445129445489328,1.4821643027982048,1.873431761189593,1.2286815643782671,0.4688053337894519,-77.7577315673513,-0.004871626338397434,0.188193
31.417803049087524,3.3425726445159536,1.4853980859058449,1.8563726986609577,1.2495080066919453,0.4882169838426065,-77.73831991729814,-0.004870410172444999,0.188193
31.44564652442932,3.3395005028817546,1.4852363967490423,1.7769757163772555,1.2624604996959221,0.5260084792952011,-77.70052842184555,-0.004868042484487759,0.188193
31.475672245025635,3.345483094580959,1.4849130184358863,1.8527588111448203,1.2682752115720175,0.5016314526307571,-77.72490544850999,-0.0048695697379551196,0.188193
31.506083488464355,3.3424109528484083,1.4873383557991482,1.8383513368089364,1.296735759232176,0.5251899021267821,-77.70134699901396,-0.004868093769446995,0.188193
31.53579330444336,3.3401472695329626,1.488146801594388,1.7785619499469854,1.3247882257852002,0.5664808832173721,-77.66005601792338,-0.004865506834013508,0.188193
31.566585779190063,3.3414408028491747,1.4802240329623062,1.7651117531788847,1.2647501387231608,0.5322341991416679,-77.69430270199908,-0.004867652434776069,0.188042
31.599286556243896,3.3522741450953877,1.481194167877568,1.9935665138600474,1.2324795772163601,0.4332016948380027,-77.79333520630274,-0.004873856954205823,0.188042
31.626803874969482,3.3485552364174054,1.4845896401233283,2.0718280123372357,1.244036532615652,0.41855546525337795,-77.80798143588737,-0.004874774560164285,0.188042
31.658141374588013,3.348878619774658,1.484104572655613,2.1337116553992335,1.247248351575423,0.4045101043444619,-77.82202679679628,-0.004875654520893037,0.188042
31.683871269226074,3.3453214029082354,1.4892786257140163,2.0989236715257893,1.3015291569560286,0.4450409047466015,-77.78149599639414,-0.004873115211800868,0.188042
31.70941185951233,3.3438661778666705,1.4889552473933731,2.0426194106891704,1.336273687420476,0.48135464085967605,-77.74518226028107,-0.0048708401074513945,0.188042
31.738205432891846,3.352920911837557,1.4910572064882737,2.2020230629806807,1.381733075316277,0.46153860207315817,-77.76499829906759,-0.004872081608901208,0.188042
31.766781091690063,3.34208756951418,1.4908955173262277,2.0757357194715653,1.4119286301750091,0.5139307955271134,-77.71260610561363,-0.004868799167600364,0.188042
31.796356439590454,3.344836327891791,1.4884701799135327,2.0476896256111576,1.408675268732096,0.5209483637913452,-77.7055885373494,-0.0048683595075215726,0.188042
31.82538080215454,3.350495536578203,1.4963929489200332,2.152317755710425,1.4860727331365393,0.5298724097499549,-77.69666449139079,-0.004867800404054165,0.187893
31.85176706314087,3.3466149362980837,1.482002613644392,2.14035031739572,1.395535476210874,0.4856240872368211,-77.74091281390392,-0.004870572620900514,0.187893
31.878440141677856,3.3467766279731106,1.4950994355882166,2.1355234075604206,1.4638667446685363,0.5235104386498622,-77.70302646249088,-0.004868198990089928,0.187893
31.91041398048401,3.3456447862539704,1.4839428835000068,2.1072924919137277,1.3995034834088749,0.49741601245373873,-77.729120888687,-0.004869833840945014,0.187893
31.938697576522827,3.34580647792727,1.4831344377242188,2.091081147908112,1.346319117531814,0.47230141398356246,-77.75423548715719,-0.004871407304276819,0.187893
31.96872329711914,3.3396621945441254,1.486691599165652,1.9448219275573162,1.3448624268784124,0.5182400126804447,-77.70829688846031,-0.004868529189356929,0.187893
31.995742082595825,3.3480701613836876,1.4939676114307696,2.0270559107807737,1.4170134932249325,0.5326271949473494,-77.69390970619341,-0.004867627813060914,0.187893
32.024598598480225,3.3437044861968244,1.4962312597530296,1.9887616812964497,1.4902834735633324,0.5866683946611752,-77.63986850647959,-0.0048642420593026986,0.187893
32.051424503326416,3.3414408028491747,1.4863682208498024,1.9122515651235064,1.4423854428466982,0.5883866654420108,-77.63815023569875,-0.004864134407330043,0.187742
32.07793045043945,3.3398238862067835,1.4905721390025857,1.8231915163214634,1.4511332541141526,0.6299612338212365,-77.59657566731951,-0.0048615297047719655,0.187742
32.10395073890686,3.335943286382274,1.4929974764445322,1.675642362779784,1.4816469721395606,0.7182588973996277,-77.50827800374113,-0.004855997737534279,0.187742
32.13019824028015,3.3441895612072265,1.4902487606795434,1.753423088328349,1.4753642912930518,0.6758343423817604,-77.550702558759,-0.0048586556928970955,0.187742
32.155611753463745,3.3414408028491747,1.4908955173262277,1.747514550045839,1.47747048135875,0.6799024204562453,-77.54663448068452,-0.0048584008223408835,0.187742
32.18314003944397,3.3437044861968244,1.4946143680912662,1.793082728781992,1.5163431981583246,0.6810553787634527,-77.54548152237732,-0.004858328587954113,0.187742
32.21269226074219,3.339338811219671,1.4942909897607175,1.729122440761226,1.540302066516427,0.7252208198384045,-77.50131608130236,-0.004855561563741205,0.187742
32.2397243976593,3.3422492611811503,1.4925124089534412,1.7482555807260391,1.5391870907663456,0.7151621439109074,-77.51137475722986,-0.004856191753300366,0.187742
32.270533323287964,3.346129861274732,1.4967163272544912,1.8468559039897396,1.5806830420014242,0.6920806371040258,-77.53445626403673,-0.004857637840708315,0.187742
32.2961528301239,3.3372368196387283,1.493644233101423,1.720609806870734,1.578835890421542,0.7509514290076679,-77.47558547213309,-0.004853949506511585,0.187742
32.322232723236084,3.3432194111890112,1.4891169365536199,1.7635985179836842,1.5320144174965757,0.7036194657085366,-77.52291743543222,-0.004856914917595579,0.187742
32.350658655166626,3.3437044861968244,1.4952611247541674,1.8043415063384705,1.5610280202761297,0.7005724800650183,-77.52596442107574,-0.004857105815339309,0.187583
32.37674927711487,3.3372368196387283,1.4996267322917078,1.6908497285148651,1.6252399938989304,0.7913919733699403,-77.43514492777082,-0.004851415852081559,0.187583
32.405463218688965,3.337883586273848,1.4952611247541674,1.6256066705512382,1.6262859237577802,0.8276373939671938,-77.39889950717357,-0.004849145027790923,0.187583
32.43476724624634,3.337721894614637,1.4954228139202683,1.5763862333389924,1.6286440913680855,0.8574972007202701,-77.36903970042049,-0.0048472742707857275,0.187583
32.4612078666687,3.3373985112970774,1.481194167877568,1.5348313340339654,1.487205344067806,0.8034915970126069,-77.42304530412815,-0.004850657794406339,0.187583
32.49313974380493,3.334164678184649,1.4849130184358863,1.4347369733429545,1.4255966026323383,0.8322928897730544,-77.3942440113677,-0.004848853354724734,0.187583
32.51993370056152,3.339338811219671,1.4899253823571015,1.4782804119539,1.4328769993179329,0.8062841109972879,-77.42025279014346,-0.00485048283965388,0.187583
32.54939842224121,3.340955727853439,1.49752477309327,1.5442637862731643,1.5143960616162935,0.8139262631320843,-77.41261063800867,-0.004850004048556564,0.187583
32.57600259780884,3.3417641861811025,1.4967163272544912,1.6082036321791375,1.5633293215963837,0.8034463720658914,-77.42309052907487,-0.004850660627810003,0.187432
32.608641624450684,3.3401472695329626,1.5018903806877335,1.617458556706162,1.6496151394607717,0.844521601399048,-77.38201529974171,-0.004848087209513949,0.187432
32.63694477081299,3.3435427945272655,1.5054475425126603,1.69849323657933,1.7457875812829644,0.846832838039554,-77.3797040631012,-0.004847942407433625,0.187432
32.67042350769043,3.3414408028491747,1.4988182864431427,1.7090636538215322,1.7464416028765444,0.8415770606915209,-77.38495984044923,-0.004848271688944818,0.187432
32.698060750961304,3.338206969593131,1.5052858533372142,1.6454570115601614,1.8119400888709096,0.9052684916731842,-77.32126840946756,-0.004844281335234052,0.187432
32.73124837875366,3.3357815947265093,1.4910572064882737,1.5476779128848592,1.714699556331583,0.9183327038556758,-77.30820419728508,-0.0048434628447910355,0.187432
32.758540868759155,3.3388537362351447,1.5041540291133229,1.5466881795688032,1.7783385387103665,0.9477756658005018,-77.27876123534026,-0.0048416182036730435,0.187432
32.79146432876587,3.3385303529135633,1.4826493702605394,1.5388947729027849,1.6066256064637117,0.8692279304514431,-77.35730897068932,-0.004846539324809615,0.187432
32.81737184524536,3.3322243783722945,1.4984949081047712,1.3949778230545382,1.6457761870227978,0.988216771198057,-77.23832012994271,-0.004839084514093405,0.18728
32.855193853378296,3.3281820872291825,1.4873383557991482,1.2054785496216178,1.5609864420477253,1.1037522065872438,-77.12278469455352,-0.004831846063861962,0.18728
32.88409447669983,3.3288288538000423,1.4892786257140163,1.0870302433205266,1.5211458202866452,1.203542265908671,-77.0229946352321,-0.004825594082592685,0.18728
32.91523241996765,3.3322243783722945,1.4918656523007547,1.0786726523469379,1.5192736516868854,1.2116880297526218,-77.01484887138814,-0.004825083739545264,0.18728
32.94256281852722,3.326565170822089,1.4970397055895512,0.9485619678118434,1.5699956680927676,1.3699233917428202,-76.85661350939795,-0.0048151700815514025,0.18728
32.975017070770264,3.322684571561889,1.4831344377242188,0.7722773816476538,1.4656636468105362,1.5705709588649122,-76.65596594227586,-0.004802599241931671,0.18728
33.0033802986145,3.3257567126292824,1.4929974764445322,0.7163337974009102,1.4918182470270296,1.6415538758795265,-76.58498302526124,-0.004798152066825936,0.18728
33.03658986091614,3.3257567126292824,1.4960695705861766,0.6771732884281799,1.5410207845081327,1.6839336197749162,-76.54260328136584,-0.00479549691894014,0.18728
33.06545972824097,3.3344880614907253,1.5017286915156085,0.8414769344231804,1.6323731467292961,1.495553048144963,-76.73098385299579,-0.004807299214813444,0.187122
33.10203170776367,3.330445770247251,1.4931591656085297,0.8677320758769143,1.6101409136581242,1.46477961229411,-76.76175728884664,-0.004809227211908937,0.187122
33.13161039352417,3.334164678184649,1.49752477309327,0.9677674926330252,1.638480801654426,1.3627386057304551,-76.86379829541029,-0.004815620218046744,0.187122
33.159841537475586,3.3349731364519917,1.4962312597530296,1.0555437669203314,1.645310589463977,1.2758739454924808,-76.95066295564827,-0.004821062405700132,0.187122
33.18921947479248,3.3349731364519917,1.49930335395183,1.11698715892141,1.6809857588350154,1.2286106645885828,-76.99792623655216,-0.004824023513739801,0.187122
33.21797251701355,3.335134828106321,1.5035072724172787,1.1635478298526634,1.7482348133081362,1.2092846736030034,-77.01725222753774,-0.004825234313036581,0.187122
33.24366211891174,3.337721894614637,1.502052069860009,1.2529450448499835,1.7806750004301952,1.147264686776548,-77.0792722143642,-0.004829119948525692,0.187122
33.270020484924316,3.3340029865320413,1.493482543936975,1.233866274421444,1.7172042446291893,1.1393336689807234,-77.08720323216002,-0.004829616837444718,0.187122
33.29680681228638,3.3328711449718225,1.5004351781440395,1.1956590598490158,1.7426934347111254,1.1805145336435865,-77.04602236749716,-0.004827036800953352,0.187122
33.32285761833191,3.3319009950742506,1.4999501106321882,1.1476122310889605,1.7556578175049025,1.2256318663389867,-77.00090503480176,-0.004824210139451702,0.18697
33.34981346130371,3.337560202955714,1.4904104498409896,1.238239829084016,1.6687978997110902,1.1159483294636854,-77.11058857167706,-0.004831081960380112,0.18697
33.37490677833557,3.328505470514039,1.4900870715182475,1.102862546380598,1.6047439239323391,1.2162847012761793,-77.01025219986457,-0.004824795751899383,0.18697
33.40510869026184,3.329152237087191,1.4939676114307696,1.0222996336405188,1.598930541162681,1.2980016106499956,-76.92853529049076,-0.004819676077752857,0.18697
33.43155574798584,3.3272119373814886,1.4849130184358863,0.9233020395676308,1.5038042405987457,1.3870429853342254,-76.83949391580653,-0.004814097516015326,0.18697
33.46066951751709,3.328990545443473,1.4910572064882737,0.8930569825739195,1.4990044625410646,1.4244032188285163,-76.80213368231223,-0.004811756847199109,0.18697
33.487534046173096,3.329637312020064,1.4925124089534412,0.8860866279061009,1.510278767983594,1.4353349027674505,-76.7912019983733,-0.004811071962515278,0.18697
33.5167760848999,3.3302840786012404,1.4818409244907285,0.8954085649670923,1.4108536840197852,1.4021377905714074,-76.82439911056935,-0.004813151806189638,0.18697
33.54579973220825,3.327858703945472,1.4842662618113684,0.848679476447159,1.3656463741633846,1.463229426346599,-76.76330747479415,-0.004809324333140988,0.186821
33.5768141746521,3.3349731364519917,1.4849130184358863,0.9721821555902153,1.3405053236992375,1.2626542265996092,-76.96388267454114,-0.0048218906388474555,0.186821
33.60805535316467,3.3255950209915803,1.4908955173262277,0.8527168429952545,1.3830692040430748,1.4602974603629668,-76.76623944077778,-0.004809508024748514,0.186821
33.64167022705078,3.3333562199244806,1.4684207252561405,0.9395053472153616,1.1868476180107255,1.2292940093267688,-76.99724289181398,-0.004823980701273984,0.186821
33.66705632209778,3.329637312020064,1.492674098116988,0.9186004831551104,1.2933949934957738,1.3272226197396673,-76.89931428140109,-0.004817845342279401,0.186821
33.700496435165405,3.3340029865320413,1.4842662618113684,0.9998250812350328,1.2834252907965782,1.186929088427068,-77.03960781271368,-0.0048266349204791874,0.186821
33.733022928237915,3.3331945282733075,1.496878016421946,1.038930817522037,1.4032757987453146,1.1991538964782074,-77.02738300466254,-0.00482586901983261,0.186821
33.76454305648804,3.337560202955714,1.4853980859058449,1.1621628395871892,1.3717239707488762,1.0254215106680473,-77.2011153904727,-0.004836753587186692,0.186821
33.79251408576965,3.331415920129337,1.4896020040352589,1.1135139877110374,1.3919141236854609,1.0975002813926489,-77.12903661974809,-0.004832237755373913,0.186821
33.82699131965637,3.338206969593131,1.49121889565047,1.2285722452828247,1.4223073973716063,0.987392189760815,-77.23914471137992,-0.004839136175228145,0.186821
33.85779595375061,3.3367517446654045,1.492027341463701,1.2771603559574087,1.4517127723237504,0.9589366510040189,-77.26760025013672,-0.004840918952956954,0.18667
33.89375400543213,3.3396621945441254,1.4808707895718836,1.375077373191824,1.3601013875852235,0.8013342118124465,-77.4252026893283,-0.004850792957487248,0.18667
33.92287540435791,3.329313928731195,1.4875000449578966,1.216400308712159,1.3626400990765921,0.957379142925494,-77.26915775821526,-0.00484101653293035,0.18667
33.95658302307129,3.342896027851907,1.4894403148745627,1.403551275587074,1.3839293968601105,0.7966673688724902,-77.42986953226826,-0.004851085341466631,0.18667
33.98492193222046,3.3333562199244806,1.4849130184358863,1.3250894500296744,1.3533034395869463,0.8399395220714079,-77.38659737906934,-0.004848374282939153,0.18667
34.01916241645813,3.34208756951418,1.4857214642198988,1.4618821904058772,1.3399953525737356,0.7150055544259223,-77.51153134671483,-0.004856201563841953,0.18667
34.04780673980713,3.3419258778474976,1.4897636931961051,1.5540868118674847,1.3713301076191322,0.6773696463987626,-77.54916725474199,-0.004858559504037982,0.18667
34.08201742172241,3.3328711449718225,1.4900870715182475,1.419813436061215,1.396516469467967,0.7938454402117552,-77.432691460929,-0.004851262139088058,0.18667
34.10921573638916,3.3440278695368044,1.4847513292795322,1.57079254274151,1.3604883738013522,0.6578612048109133,-77.56867569632983,-0.004859781734110088,0.186519
34.14231491088867,3.3356199030710316,1.4816792353372144,1.4918624881560887,1.304374391509684,0.6622352956763288,-77.56430160546442,-0.004859507691441444,0.186519
34.16912031173706,3.3422492611811503,1.4853980859058449,1.58217361390242,1.3024929856839385,0.6022944262572656,-77.62424247488349,-0.004863263067432002,0.186519
34.20153474807739,3.339338811219671,1.4807091004192654,1.5814860603455063,1.2540215203638356,0.5594132086831552,-77.6671236924576,-0.004865949633317423,0.186519
34.23207116127014,3.335134828106321,1.4860448425345514,1.4886970608495504,1.2737500423592991,0.6366228005833391,-77.58991410055741,-0.0048611123486655165,0.186519
34.263619899749756,3.340470652860291,1.4876617341167948,1.5409045502463425,1.303820174055123,0.6291154802880048,-77.59742142085274,-0.004861582692366964,0.186519
34.29018998146057,3.3357815947265093,1.4829727485695097,1.474491189965199,1.2777147843896353,0.6504447537654228,-77.57609214737532,-0.0048602463847309645,0.186519
34.31529784202576,3.3399855778697294,1.49121889565047,1.5203095504303736,1.3423678598645297,0.6763031653422303,-77.55023373579851,-0.004858626320508828,0.186367
34.34409713745117,3.335296519760937,1.484104572655613,1.4494238004457423,1.316080280649636,0.7045963818220264,-77.52194051931872,-0.00485685371248873,0.186367
34.37164855003357,3.3441895612072265,1.4818409244907285,1.5950700946945262,1.2749147428860153,0.5697144762229039,-77.65682242491783,-0.00486530424506787,0.186367
34.40020704269409,3.3396621945441254,1.4829727485695097,1.5976141903078191,1.2574809825712552,0.5523742337125019,-77.67416266742823,-0.004866390634555129,0.186367
34.42712116241455,3.337721894614637,1.4860448425345514,1.5567914971686054,1.2761716659044922,0.5938762496816117,-77.63266065145912,-0.004863790477503007,0.186367
34.454301595687866,3.337075127980667,1.4813558570306342,1.5140144254834718,1.2421006628213245,0.588777902910115,-77.63775899823061,-0.004864109895777097,0.186367
34.481847286224365,3.3372368196387283,1.4860448425345514,1.4876207719163466,1.2654054420795413,0.6296293399107183,-77.59690756123001,-0.004861550498371308,0.186367
34.50937294960022,3.3462915529488946,1.4876617341167948,1.667961834788918,1.2979789538592896,0.5496723697252968,-77.67686453141543,-0.00486655990996347,0.186367
34.541008710861206,3.3391771195578746,1.4721395755437938,1.6379875182716168,1.1646828218348744,0.4415336023449421,-77.78500329879579,-0.004873334949007859,0.186367
34.56927704811096,3.344836327891791,1.486691599165652,1.7412658847711937,1.217717019890556,0.4452650467393419,-77.78127185440138,-0.0048731011690039214,0.186367
34.59478425979614,3.341117419518397,1.4839428835000068,1.731903914009148,1.2271986760642835,0.45765732045486335,-77.76887958068586,-0.004872324776408506,0.186208
34.6209557056427,3.3395005028817546,1.4784454522982766,1.6898475671209856,1.1785512717583086,0.431414986521456,-77.79512191461927,-0.004873968893882024,0.186208
34.6497962474823,3.3367517446654045,1.4799006546584126,1.600053081244141,1.1591322377707922,0.4544689073161501,-77.77206799382458,-0.004872524534774795,0.186208
34.67547655105591,3.3373985112970774,1.4810324787246512,1.5513981275675823,1.1569210299731802,0.4781692822064292,-77.7483676189343,-0.004871039674450065,0.186208
34.70139980316162,3.3373985112970774,1.468582414397449,1.5173396599939881,1.0301699126215924,0.3457588115309046,-77.88077808960982,-0.004879335368311245,0.186208
34.72986125946045,3.3419258778474976,1.4747266018772194,1.5929070405791559,1.0032327570540656,0.28168725628493524,-77.9448496448558,-0.004883349537317809,0.186208
34.75849938392639,3.3445129445489328,1.4758584259100702,1.7026089565745561,0.9957588638146881,0.2397360219745572,-77.98680087916617,-0.004885977838502465,0.186208
34.78972101211548,3.341117419518397,1.4771519390994055,1.704844064271505,1.0035352708174052,0.2475349667139532,-77.97900193442678,-0.004885489224137844,0.186208
34.82245969772339,3.3373985112970774,1.4849130184358863,1.6247518156867273,1.0870275513570542,0.3664768840724113,-77.86006001706832,-0.004878037353234936,0.186208
34.85045766830444,3.3453214029082354,1.4803857221144767,1.7426517837270576,1.0999436831924718,0.33505888907258335,-77.89147801206815,-0.004880005732826979,0.18606
34.886849880218506,3.3509806116248857,1.4821643027982048,1.9494421578207741,1.1268711578355655,0.298481321893861,-77.92805557924687,-0.004882297366547133,0.18606
34.916208267211914,3.34208756951418,1.4808707895718836,1.898929085859634,1.132712257443494,0.3168063298413071,-77.90973057129943,-0.004881149280182361,0.18606
34.949702739715576,3.3441895612072265,1.4734330887057476,1.9097237944842504,1.0620042663387466,0.25283243498250646,-77.97370446615824,-0.004885157330634477,0.18606
34.97705578804016,3.3419258778474976,1.478768830599485,1.8675759347223426,1.0661672180569723,0.26655962199400834,-77.95997727914674,-0.004884297303927815,0.18606
35.01385474205017,3.3477467780293155,1.488146801594388,1.965883121731532,1.1633902469625605,0.32403210339273136,-77.90250479774802,-0.004880696575762636,0.18606
35.04305958747864,3.3432194111890112,1.476828560801178,1.9352898383862167,1.1176252059443534,0.2944267677994935,-77.93211013334125,-0.004882551389807823,0.18606
35.07594347000122,3.3522741450953877,1.4797389655066897,2.112691173505186,1.1148579751365,0.25291660118273773,-77.97362029995801,-0.004885152057508968,0.18606
35.106199502944946,3.3430577195203153,1.476828560801178,2.034505177781852,1.0836526156661161,0.24417616216330498,-77.98236073897745,-0.004885699657754988,0.185908
35.13825488090515,3.3543761370243095,1.4852363967490423,2.2282957752587245,1.146361725977839,0.2540406805909456,-77.9724962205498,-0.004885081632424014,0.185908
35.16621732711792,3.3471000113240272,1.4900870715182475,2.204185822053347,1.239038602319064,0.3215548002584815,-77.90498210088226,-0.004880851782131876,0.185908
35.2003960609436,3.3406323445243857,1.4837811943445502,2.0452969798339677,1.2404977671621753,0.3622792612851963,-77.86425763985555,-0.004878300339941424,0.185908
35.22851324081421,3.3487169280958877,1.4875000449578966,2.1115896355797874,1.2789175647804607,0.37155295534899024,-77.85498394579176,-0.004877719330550528,0.185908
35.260860204696655,3.3424109528484083,1.484104572655613,2.0195329139133937,1.2716650740907878,0.39289109078909457,-77.83364581035165,-0.0048763824677006615,0.185908
35.28877282142639,3.344351252877936,1.4789305197503129,1.997696771012035,1.2145558000389192,0.35606892080679164,-77.87046798033396,-0.0048786894261150454,0.185908
35.322590827941895,3.3385303529135633,1.4663187664326252,1.8546007869130634,1.0477500213663062,0.25118681608050497,-77.97535008506024,-0.004885260430869326,0.185908
35.35181021690369,3.3438661778666705,1.4739181561439338,1.8715933914602623,1.0074087506074891,0.20881686500462265,-78.01772003613613,-0.0048879149652218245,0.185757
35.386009216308594,3.3401472695329626,1.4863682208498024,1.8018313882029364,1.1043731367776126,0.3208106876342574,-77.9057262135065,-0.004880898401787386,0.185757
35.41562509536743,3.3401472695329626,1.4810324787246512,1.7529979859228308,1.1185896592779498,0.3517207905852188,-77.87481611055554,-0.0048789618423144806,0.185757
35.450788259506226,3.3469383196484253,1.4742415344368018,1.8679270725206587,1.060248530168304,0.2595344352763781,-77.96700246586438,-0.004884737441312946,0.185757
35.478036403656006,3.3435427945272655,1.4810324787246512,1.873821197649458,1.0877024346514332,0.2836875135342788,-77.94284938760649,-0.004883224218514098,0.185757
35.50993466377258,3.3412791111836415,1.4813558570306342,1.8282429297940777,1.1101722009441817,0.31812230694308113,-77.90841459419768,-0.004881066832449121,0.185757
35.535494565963745,3.3425726445159536,1.4845896401233283,1.8247405166840904,1.1584213692251242,0.3646911454516375,-77.86184575568912,-0.004878149232158397,0.185757
35.56251764297485,3.3441895612072265,1.4800623438102847,1.8577917960613668,1.146667322563582,0.3426455992863054,-77.88389130185445,-0.004879530415240498,0.185757
35.58781170845032,3.3438661778666705,1.4894403148745627,1.8738270978640712,1.2327484533009907,0.412947370186363,-77.81358953095439,-0.004875125914853857,0.185757
35.61670184135437,3.350657228260143,1.493644233101423,2.034164283424206,1.3352816783312371,0.43634816887366884,-77.79018873226708,-0.0048736598233806785,0.185598
35.643531799316406,3.3422492611811503,1.4883084907538853,1.9617848705900793,1.3533963857972497,0.47539507038761625,-77.75114183075314,-0.004871213482547248,0.185598
35.671732902526855,3.353891061959463,1.4941293005956686,2.1667406683964043,1.4246132811651464,0.4538774142151982,-77.77265948692556,-0.004872561592612153,0.185598
35.70219445228577,3.3464532446233455,1.4884701799135327,2.1468960592972923,1.4175545244251937,0.455569156458941,-77.77096774468183,-0.004872455602687984,0.185598
35.73043465614319,3.3398238862067835,1.4891169365536199,1.987442662243107,1.419117461299131,0.5128514119176989,-77.71368548922307,-0.004868866792433483,0.185598
35.7562997341156,3.344836327891791,1.4894403148745627,1.985884485551237,1.423463550415884,0.5164978769903169,-77.71003902415045,-0.004868638336498211,0.185598
35.78542232513428,3.3485552364174054,1.497201394757307,2.066450592521049,1.5045546139288164,0.5391569022449698,-77.68737999889579,-0.004867218718127048,0.185598
35.81515145301819,3.341117419518397,1.4962312597530296,1.9595332094340498,1.5515622580560533,0.6130849062596916,-77.61345199488107,-0.004862587029364481,0.185598
35.84197926521301,3.344836327891791,1.4865299100076523,1.9663478685849034,1.4869066086177434,0.5678606154418705,-77.6586762856989,-0.004865420391936184,0.185598
35.86762189865112,3.338206969593131,1.4947760572567659,1.8255559618945634,1.5245745039426781,0.6606102196394738,-77.5659266815013,-0.004859609504638197,0.185447
35.894952058792114,3.3388537362351447,1.493482543936975,1.7412028138755766,1.5379338970879266,0.7172070096216152,-77.50932989151916,-0.004856063639716624,0.185447
35.92479634284973,3.347423394676096,1.493482543936975,1.8703213430993388,1.547285472289599,0.6525956079172146,-77.57394129322356,-0.00486011163082901,0.185447
35.950377225875854,3.345968169600857,1.4887935582332763,1.9287516406913787,1.5066770915052419,0.5973320757101598,-77.6292048254306,-0.004863573965359944,0.185447
35.98556041717529,3.342896027851907,1.5164424067980935,1.9021972079725344,1.7563000938951983,0.7607314572495242,-77.46580544389124,-0.00485333677460425,0.185447
36.015751123428345,3.3425726445159536,1.5167657851700458,1.8765085114090168,1.9342882293861376,0.8606946682387574,-77.36584223290201,-0.004847073945150383,0.185447
36.05131125450134,3.346129861274732,1.496878016421946,1.9366329554677848,1.8588798557580046,0.7953694578645799,-77.4311674432762,-0.004851166657334824,0.185447
36.07847285270691,3.344836327891791,1.5222632175862962,1.950317690808505,2.061378638531429,0.8775291251192999,-77.34900777602148,-0.004846019243812281,0.185447
36.11101841926575,3.338206969593131,1.5148255149474468,1.8143348374510748,2.1283310078153463,0.9711515257340135,-77.25538537540676,-0.0048401536746462935,0.185447
36.13768649101257,3.3471000113240272,1.5170891635426054,1.9144131655880379,2.197961902954317,0.9454816958380705,-77.2810552053027,-0.0048417619239727915,0.185288
36.17038178443909,3.3343263698375436,1.5124001771999347,1.7039945519298212,2.1995490397002784,1.0548177697898737,-77.1717191313509,-0.004834911872063302,0.185288
36.20166516304016,3.3395005028817546,1.5174125419157731,1.670311013665463,2.2510665591039576,1.0890656998647776,-77.137471201276,-0.004832766193237216,0.185288
36.229862451553345,3.341117419518397,1.50900470441072,1.6822355042351367,2.202575945085772,1.067856977726482,-77.1586799234143,-0.004834094948169877,0.185288
36.255072355270386,3.3333562199244806,1.5115917312916802,1.5201684100832757,2.1946487848648677,1.161611790110276,-77.0649251110305,-0.0048282210832286815,0.185288
36.281450271606445,3.3425726445159536,1.5128852447467067,1.6090883528865292,2.202107907652431,1.1097779177236864,-77.1167589834171,-0.004831468544964637,0.185288
36.3084511756897,3.346129861274732,1.520484636491201,1.7494388445020468,2.283752088362339,1.0556562199706112,-77.17088068117017,-0.004834859342033148,0.185288
36.33477735519409,3.3445129445489328,1.5185443662266482,1.812181219320583,2.321390811621224,1.0346052462047,-77.19193165493608,-0.004836178213818368,0.185288
36.365065574645996,3.337721894614637,1.515957339241305,1.7069884174775403,2.321721647260896,1.0892575936976399,-77.13727930744315,-0.004832754170830808,0.185288
36.39110517501831,3.3357815947265093,1.5033455832436449,1.5907498970270244,2.1951239184213893,1.1190547957251142,-77.10748210541567,-0.004830887336095771,0.18513
36.41757607460022,3.3464532446233455,1.5075495018072116,1.7437025193387135,2.148781945133849,1.0150379243334693,-77.21149897680732,-0.004837404132819327,0.18513
36.447176456451416,3.338206969593131,1.5102982178463533,1.669704217422172,2.1439848500538625,1.055944329488033,-77.17059257165276,-0.004834841291584851,0.18513
36.47638010978699,3.3390154278963657,1.5132086231119797,1.6356568894267425,2.1698951870355208,1.08461665363515,-77.14192024750564,-0.004833044931960121,0.18513
36.50534248352051,3.334811444797949,1.5128852447467067,1.5195160481516918,2.184780389171887,1.160890492208178,-77.06564640893261,-0.004828266273511203,0.18513
36.540833711624146,3.3373985112970774,1.5070644342754318,1.4950222044028647,2.1366634241952043,1.1632702954601069,-77.06326660568068,-0.004828117175640565,0.18513
36.56928277015686,3.3396621945441254,1.5056092316882574,1.5275806671036691,2.08834739740167,1.126900928679994,-77.09963597246079,-0.00483039576532606,0.18513
36.60074543952942,3.3346497531441934,1.496878016421946,1.4403123960076596,1.966721273368875,1.1490686310369957,-77.0774682701038,-0.004829006928994452,0.18513
36.62842535972595,3.338206969593131,1.5049624749867758,1.4573311310904864,1.9628838246139304,1.134821814855671,-77.09171508628512,-0.004829899511166647,0.184978
36.656296491622925,3.337560202955714,1.5052858533372142,1.4550430590850776,1.9634496440870857,1.1367535760769045,-77.08978332506389,-0.004829778483731108,0.184978
36.68280363082886,3.344998019563651,1.4994650431216936,1.6167550602560632,1.9053091138181353,0.9962492120215339,-77.23028768911927,-0.004838581270885452,0.184978
36.70991492271423,3.3427343361837862,1.4952611247541674,1.6802493048344698,1.8223343077012237,0.9133840896452731,-77.31315281149553,-0.004843772882119031,0.184978
36.73640465736389,3.336266669694665,1.49752477309327,1.5826834078818488,1.7870161774845985,0.9639866356358344,-77.26255026550497,-0.004840602564635888,0.184978
36.76167321205139,3.3383686612532038,1.4905721390025857,1.5605411360589971,1.692374768360682,0.9284922882419095,-77.29804461289889,-0.0048428263331813815,0.184978
36.790024518966675,3.335943286382274,1.4988182864431427,1.4917870965960707,1.709052633830943,0.9948731862692946,-77.2316637148715,-0.0048386674807473105,0.184978
36.82048511505127,3.3441895612072265,1.5070644342754318,1.624724401999743,1.803653995456556,0.9418663441353055,-77.28467055700548,-0.004841988430613647,0.184978
36.851659536361694,3.337883586273848,1.5080345693403527,1.5793189419906302,1.879631049536141,1.011671169783464,-77.21486573135732,-0.004837615064514608,0.184978
36.880845069885254,3.344998019563651,1.49930335395183,1.7037481782899433,1.8450100808855274,0.9089636207299379,-77.31757328041084,-0.004844049830434804,0.184978
36.91094136238098,3.3464532446233455,1.4970397055895512,1.822801316222773,1.798011168531814,0.8103792209396472,-77.41615768020114,-0.004850226275514835,0.184978
36.93708276748657,3.340955727853439,1.497686462261477,1.7854284192613723,1.7716159967962974,0.8177825813607528,-77.40875431978003,-0.004849762445039162,0.18482
36.96403622627258,3.3383686612532038,1.4876617341167948,1.702462644024696,1.6523263421610217,0.7978252372047623,-77.42871166393601,-0.004851012799460195,0.18482
36.99097990989685,3.3430577195203153,1.4896020040352589,1.7473452071454505,1.588335783673968,0.7239450271090392,-77.50259187403174,-0.004855641493869535,0.18482
37.021207332611084,3.3472617029999174,1.4887935582332763,1.8710707213779953,1.5354123094743,0.6134664395571303,-77.61307046158365,-0.004862563125790865,0.18482
37.048118352890015,3.3456447862539704,1.4970397055895512,1.9221756115860333,1.5812927285439586,0.6203900509831743,-77.6061468501576,-0.0048621293522342025,0.18482
37.082969427108765,3.3430577195203153,1.4873383557991482,1.901144284438432,1.5158480211125362,0.5834969506083358,-77.64303995053244,-0.004864440754532963,0.18482
37.110833406448364,3.3482318530613053,1.4777986956976485,2.0000318576393874,1.3741017470970045,0.429681845613836,-77.79685505552695,-0.004874077477488102,0.18482
37.138214349746704,3.352920911837557,1.4986565972738817,2.172211775845836,1.4846355022054833,0.45133400151157366,-77.7752028996292,-0.004872720940834726,0.18482
37.165374517440796,3.3508189199423697,1.4933208547726773,2.246583855154488,1.5083505791809184,0.4434235285512715,-77.78311337258951,-0.004873216542592208,0.184668
37.19123935699463,3.3419258778474976,1.478768830599485,2.1033779771914896,1.3786096370464955,0.3975745130710036,-77.82896238806978,-0.004876089045003236,0.184668
37.21809673309326,3.344998019563651,1.497686462261477,2.0705895029305514,1.4780349247565767,0.48275416872117166,-77.74378273241962,-0.004870752425150822,0.184668
37.24407386779785,3.3419258778474976,1.497201394757307,1.980181930634747,1.5427545759673058,0.5671125835860416,-77.65942431755475,-0.00486546725713682,0.184668
37.273961782455444,3.3437044861968244,1.4952611247541674,1.9559498951942242,1.5685461312056423,0.596836021241857,-77.62970087989893,-0.004863605043838759,0.184668
37.30109691619873,3.3479084697063577,1.4973630839252132,2.031295191091057,1.6077384372089125,0.5889053295680838,-77.63763157157271,-0.004864101912325801,0.184668
37.326884508132935,3.352435836780497,1.5002734889732716,2.1834452176049215,1.6644413527608892,0.5623687815491129,-77.66416811959168,-0.004865764462707011,0.184668
37.35504078865051,3.3487169280958877,1.5051241641619197,2.2082934020194225,1.7529138969883857,0.6041504096148644,-77.62238649152593,-0.00486314678758142,0.184668
37.38519334793091,3.344836327891791,1.497686462261477,2.140480003394658,1.740047906715903,0.6239778934749897,-77.6025590076658,-0.004861904569082369,0.184668
37.412813901901245,3.351789070041787,1.5054475425126603,2.2456733974299983,1.8090905183615584,0.6204338561315437,-77.60610304500925,-0.004862126607782812,0.18451
37.445268392562866,3.349687078172829,1.5062559883921567,2.2731549103948345,1.8655504305517507,0.6393461633498823,-77.5871907377909,-0.004860941726329771,0.18451
37.47351002693176,3.3471000113240272,1.5009202456572472,2.235587216648637,1.8514138151341382,0.646523474616674,-77.58001342652412,-0.004860492058137279,0.18451
37.50370192527771,3.3511423033076895,1.5091663935896442,2.2980472580215996,1.9244450411449645,0.6591753988268032,-77.56736150231399,-0.004859699398089576,0.18451
37.53304386138916,3.3490403114537157,1.5051241641619197,2.2956154244517855,1.9349164788572406,0.6651503506622171,-77.56138655047857,-0.004859325059330647,0.18451
37.56371712684631,3.3472617029999174,1.5009202456572472,2.2548598734924363,1.8999700489479854,0.6636651670108773,-77.56287173412991,-0.004859418108081522,0.18451
37.590163707733154,3.3467766279731106,1.5030222048968305,2.2156800968280925,1.8966457660371803,0.6776204737957758,-77.54891642734502,-0.004858543789364613,0.18451
37.615965843200684,3.351465686674162,1.5094897719479468,2.2912128684776603,1.9593594404577892,0.6785389866199582,-77.54799791452083,-0.004858486243302295,0.18451
37.641528367996216,3.3471000113240272,1.5023754482050127,2.2482277873066314,1.9317142729819161,0.6819874121325477,-77.54454948900825,-0.0048582701948114955,0.18451
37.667757511138916,3.3532442952103723,1.5117534204730279,2.353049521082602,2.0066716312546,0.6773735303777525,-77.54916337076304,-0.004858559260701483,0.184358
37.69467806816101,3.357286587467918,1.5117534204730279,2.5151821677347765,2.059141782045479,0.6448067349036425,-77.58173016623715,-0.00486059961418648,0.184358
37.72212076187134,3.358418429332355,1.5017286915156085,2.653527102343561,1.995057845005443,0.5754216070663559,-77.65111529407444,-0.004864946685653868,0.184358
37.75259828567505,3.3466149362980837,1.5099748394865364,2.491196860038935,2.0331259462680524,0.6414561010672604,-77.58508080007354,-0.004860809535897397,0.184358
37.77996277809143,3.358418429332355,1.5127235555642977,2.6367373869564723,2.0874159037615505,0.6193136765519929,-77.60722322458881,-0.004862196788538263,0.184358
37.80712699890137,3.350172153215189,1.514178758211439,2.55755059439765,2.1400530259199106,0.6652865365535242,-77.56125036458728,-0.004859316527101612,0.184358
37.83250546455383,3.3487169280958877,1.5001117998026547,2.470167165774385,2.035435548104066,0.6494906667878758,-77.57704623435293,-0.004860306159561782,0.184358
37.86137318611145,3.3508189199423697,1.5017286915156085,2.4551526281045017,1.9784634812464486,0.6287066111071444,-77.59783029003367,-0.004861608308570403,0.184358
37.8866126537323,3.3477467780293155,1.5048007858117831,2.3771868070990303,1.9694773533297019,0.6517456309327377,-77.57479127020808,-0.004860164883028905,0.184358
37.921276569366455,3.346129861274732,1.5023754482050127,2.2871077624507943,1.9387968119922512,0.670871948280062,-77.55566495286075,-0.004858966593553793,0.184358
37.94870972633362,3.356963204080677,1.5111066637485462,2.4619223419060825,2.0051253411212264,0.6385913424071932,-77.58794555873362,-0.00486098901687582,0.1842
37.97909951210022,3.3483935447392117,1.515633960870872,2.3961267949149256,2.097083784108206,0.7028862886005566,-77.52365061254027,-0.004856960852126311,0.1842
38.008036613464355,3.3534059868972124,1.5148255149474468,2.460129123652774,2.153324609719085,0.7037216133343603,-77.52281528780647,-0.004856908517909606,0.1842
38.03743124008179,3.3513039949907815,1.5193528121675492,2.4587768900865115,2.238221661226689,0.7383914863897358,-77.48814541475109,-0.004854736403788977,0.1842
38.06632351875305,3.3479084697063577,1.521454771631696,2.383274087515645,2.3187878175659966,0.7968253796295496,-77.42971152151128,-0.004851075441880443,0.1842
38.098511934280396,3.342896027851907,1.514987204131828,2.220362920749521,2.31014345003249,0.8592714936050398,-77.36726540753578,-0.004847163108953008,0.1842
38.12540054321289,3.3437044861968244,1.5224249067776734,2.124076588274553,2.3788891714868585,0.9262741272913827,-77.30026277384944,-0.004842965303944696,0.1842
38.15768551826477,3.3430577195203153,1.5166040959839937,2.0424749681203926,2.3684745667905402,0.9609753327096671,-77.26556156843115,-0.004840791226809441,0.1842
38.183929204940796,3.344998019563651,1.5225865959692029,2.0279573965807836,2.421346970182329,0.9853327148100143,-77.2412041863308,-0.004839265204100411,0.1842
38.215649366378784,3.3414408028491747,1.5178976094766645,1.9396885658225305,2.4112031611981455,1.0259757595618249,-77.20056114157899,-0.0048367188627489515,0.1842
38.24239253997803,3.3417641861811025,1.5190294337907324,1.885000977863684,2.4154846133951375,1.055754237881668,-77.17078266325915,-0.00483485320107935,0.18404
38.27412962913513,3.3441895612072265,1.518220987851352,1.8999741188870594,2.410351545292581,1.0462959243436087,-77.18024097679721,-0.004835445777128317,0.18404
38.304898262023926,3.3464532446233455,1.5248502446666194,1.9601594746407671,2.4734250928023345,1.0344175241182698,-77.19211937702255,-0.004836189974859262,0.18404
38.33604454994202,3.3464532446233455,1.525820379831806,2.002289223668359,2.527332678009149,1.0295795254658069,-77.19695737567501,-0.004836493081973955,0.18404
38.36771845817566,3.3440278695368044,1.5175742311025848,1.978525594066485,2.482141122837548,1.0279012172553244,-77.1986356838855,-0.004836598230237894,0.18404
38.39845538139343,3.3424109528484083,1.5175742311025848,1.9263880848540755,2.450507034217429,1.0447539217284034,-77.18178297941242,-0.004835542385663607,0.18404
38.42592096328735,3.3472617029999174,1.5175742311025848,1.9964007357740459,2.4283631721833463,1.0024205632973882,-77.22411633784343,-0.004838194627437747,0.18404
38.45826959609985,3.3391771195578746,1.5188677446025522,1.8678947489611704,2.4258706041536318,1.0684008513782581,-77.15813604976256,-0.004834060873754984,0.18404
38.485434770584106,3.337075127980667,1.514178758211439,1.731786701738277,2.376971316194364,1.1316958445581138,-77.09484105658271,-0.0048300953574050565,0.183882
38.520673751831055,3.3391771195578746,1.5138553798443457,1.6826649251361714,2.3394897808537785,1.1512887499514959,-77.07524815118933,-0.004828867835562069,0.183882
38.54950714111328,3.3416024945149947,1.5072261234525406,1.7015341325941356,2.246586015192342,1.1112863849823487,-77.11525051615847,-0.0048313740374644875,0.183882
38.5798716545105,3.3395005028817546,1.5132086231119797,1.6685887201304703,2.2417160026324625,1.1314755464192212,-77.0950613547216,-0.004830109159379395,0.183882
38.61095452308655,3.344836327891791,1.5064176775685094,1.762686726072401,2.1700142863535814,1.0446081613797782,-77.18192873976103,-0.004835551517745254,0.183882
38.64126420021057,3.3414408028491747,1.519514501356186,1.7539990964666625,2.251530451806574,1.0792884256775943,-77.14724847546321,-0.0048333787525993285,0.183882
38.6705048084259,3.339338811219671,1.5067410559216683,1.7017638981404823,2.1801364344044383,1.088742318433695,-77.13779458270712,-0.004832786453518289,0.183882
38.69937515258789,3.340794036188769,1.5081962585183688,1.6971519298462487,2.144794773628606,1.0790669491556506,-77.14746995198516,-0.004833392628400948,0.183882
38.726977825164795,3.34208756951418,1.5157956500560124,1.7223259262774662,2.196478403763951,1.0807345073170023,-77.1458023938238,-0.004833288153642028,0.183723
38.75874590873718,3.347585086352562,1.514178758211439,1.8606578187972258,2.216396775921592,1.0007673941305881,-77.22576950701021,-0.0048382982007068275,0.183723
38.78999352455139,3.3511423033076895,1.4944526789259167,2.0355966795255793,2.0319655876507525,0.8195289260225614,-77.40700797511823,-0.004849653034200152,0.183723
38.82105755805969,3.3482318530613053,1.5285690961630118,2.0941485342003774,2.2459533135614564,0.8855092782703056,-77.34102762287048,-0.004845519276497248,0.183723
38.85145545005798,3.351465686674162,1.5233950419291358,2.20614077463824,2.3437121777691114,0.8709831542281921,-77.35555374691259,-0.004846429357682127,0.183723
38.882145166397095,3.3508189199423697,1.5153105825010464,2.270334154309207,2.3308425359651483,0.8379716045930148,-77.38856529654777,-0.004848497575612774,0.183723
38.91006422042847,3.359711962909037,1.5130469339292674,2.5105358727000784,2.299069550297263,0.7316762662087514,-77.49486063493202,-0.004855157121354191,0.183723
38.940831899642944,3.3509806116248857,1.5081962585183688,2.4869610201018917,2.228047954753571,0.7112353163609761,-77.5153015847798,-0.004856437774321467,0.183723
38.96742916107178,3.3490403114537157,1.5140170690278165,2.4278550579079505,2.236869444729006,0.7367726546585602,-77.48976424648222,-0.004854837825771587,0.183572
38.9990918636322,3.3480701613836876,1.5018903806877335,2.3651791020261985,2.121093225653603,0.7102513540353722,-77.51628554710541,-0.004856499420882969,0.183572
39.03247618675232,3.3511423033076895,1.5059326100399046,2.388761577785919,2.080700292036325,0.6821019673083293,-77.54443493383245,-0.004858263017775845,0.183572
39.05835509300232,3.3419258778474976,1.5078728801624877,2.202902383033485,2.071937440314574,0.7564689935785571,-77.47006790756222,-0.00485360382367921,0.183572
39.09105825424194,3.3388537362351447,1.5002734889732716,2.005345308672815,1.9893806549348494,0.8153281881431224,-77.41120871299766,-0.004849916216071351,0.183572
39.12014150619507,3.3414408028491747,1.4855597750627971,1.9238601042869523,1.7836233866986586,0.7395041520335706,-77.48703274910721,-0.004854666693791691,0.183572
39.14961552619934,3.3482318530613053,1.497201394757307,2.015932931533351,1.7566664993267542,0.6669007051117697,-77.55963619602902,-0.004859215397273047,0.183572
39.178022623062134,3.349525386492618,1.5036689615910632,2.1087862871683485,1.8028373484387394,0.649690908132347,-77.57684599300845,-0.0048602936141725565,0.183572
39.20381832122803,3.349363694812696,1.4957461922529218,2.1702333390204265,1.7554821220675203,0.5897251716617535,-77.63681172947904,-0.004864050548117299,0.183572
39.229357957839966,3.3498487698533275,1.4913805848128159,2.2238971666132175,1.678431012910394,0.5146835471706935,-77.7118533539701,-0.004868752006698689,0.183572
39.2558753490448,3.356963204080677,1.5146638257632172,2.4176749248197367,1.8586416529892076,0.555451172010631,-77.67108572913016,-0.0048661978602373545,0.183572
39.28246283531189,3.347423394676096,1.5069027450984744,2.343851820760267,1.9067402920490464,0.6097557346801394,-77.61678116646064,-0.004862795606436177,0.183423
39.30922341346741,3.3566398206945913,1.4983332189358114,2.4945425879616243,1.8542304501946751,0.5270684512806364,-77.69946844986015,-0.004867976075818963,0.183423
39.33754587173462,3.357286587467918,1.4983332189358114,2.6142273145500856,1.8174735608966144,0.47131389205789287,-77.7552230090829,-0.004871469173852051,0.183423
39.366554260253906,3.355346287161791,1.5039923399390853,2.6554030548235605,1.848654325114947,0.47666444096752303,-77.74987246017326,-0.004871133954775213,0.183423
39.39460253715515,3.352112453410566,1.4931591656085297,2.6132201278113083,1.7615377385280695,0.4407819832931482,-77.78575491784764,-0.004873382038951144,0.183423
39.42236399650574,3.3511423033076895,1.4871766666405495,2.5623902958354567,1.6403935114677455,0.3829279036486539,-77.84360899749214,-0.004877006674759041,0.183423
39.448429107666016,3.350657228260143,1.500596867314958,2.5161585220041593,1.6905519382556695,0.4256448060474859,-77.8008920950933,-0.004874330403440084,0.183423
39.478352785110474,3.3525975284658958,1.4960695705861766,2.5263998464567883,1.6801343683681822,0.4164763334888987,-77.81006056765189,-0.004874904820562329,0.183423
39.50537633895874,3.3566398206945913,1.4929974764445322,2.6223262059491987,1.6419477521173813,0.3694118780550533,-77.85712502308573,-0.004877853471919207,0.183271
39.53549838066101,3.345483094580959,1.4860448425345514,2.4445041538451737,1.5452984045867788,0.3503982865254901,-77.87613861461529,-0.004879044698970407,0.183271
39.5608332157135,3.352112453410566,1.4765051825035462,2.465590897126444,1.3817088832107414,0.22951403678171556,-77.99702286435905,-0.004886618259606484,0.183271
39.59197282791138,3.351465686674162,1.4844279509672735,2.466150428686513,1.3468710302036395,0.20380332519038666,-78.02273357595038,-0.0048882290702261175,0.183271
39.62200093269348,3.356478129001981,1.4878234232758427,2.5766013161389067,1.3566308821843396,0.1948674994945423,-78.03166940164623,-0.004888788911709886,0.183271
39.65437364578247,3.356154745617627,1.4891169365536199,2.6468163426325346,1.3764709117305294,0.19877456534770002,-78.02776233579307,-0.0048885441287856365,0.183271
39.68505835533142,3.3645627139862935,1.4913805848128159,2.880582332221929,1.4131231656745005,0.1928792079333736,-78.0336576932074,-0.0048889134808471615,0.183271
39.71289348602295,3.3566398206945913,1.5078728801624877,2.870253945984781,1.6046334518613006,0.30047322905494617,-77.92606367208583,-0.004882172570887669,0.183271
39.742706537246704,3.361813955010577,1.478768830599485,2.9766335948397735,1.4460076479227557,0.2002509776509028,-78.02628592348988,-0.004888451629571505,0.183123
39.771852254867554,3.3559930539258827,1.4839428835000068,2.923288640371125,1.387002115686827,0.1734514056998448,-78.05308549544094,-0.004890130658755394,0.183123
39.80076742172241,3.360035346306096,1.4897636931961051,2.9747046079454758,1.404234841798297,0.17792167980452422,-78.04861522133626,-0.0048898505900776025,0.183123
39.83287000656128,3.3626224135241736,1.49121889565047,3.06750054617734,1.4309319000505916,0.18309460570678424,-78.043442295434,-0.004889526499320786,0.183123
39.86053514480591,3.369090081893238,1.5022137590324354,3.2744696123754387,1.5601889779226374,0.22509107981725043,-78.00144582132354,-0.004886895363801881,0.183123
39.89285159111023,3.352112453410566,1.5140170690278165,3.046566718097649,1.769368160947351,0.35500871002445933,-77.87152819111634,-0.004878755849744794,0.183123
39.92182207107544,3.3498487698533275,1.5065793667450131,2.8373305319672832,1.8409968139877335,0.43294555467055784,-77.79359134647024,-0.004873873001731401,0.183123
39.956127405166626,3.360035346306096,1.5148255149474468,2.9145339320627897,1.974063730634756,0.47897626374422164,-77.74756063739657,-0.00487098911597267,0.183123
39.98744773864746,3.353082603523821,1.5248502446666194,2.8159135251739107,2.168023622541852,0.5918702422000127,-77.63466665894079,-0.0048639161565665005,0.18297
40.01680850982666,3.3640776388668594,1.5054475425126603,2.988299466974245,2.1086735194397224,0.5206145844682118,-77.70592231667258,-0.0048683804192445525,0.18297
40.04394841194153,3.3571248957741537,1.5238801095069248,2.9563068324625563,2.252494372810574,0.5880686956950822,-77.63846820544572,-0.004864154328561836,0.18297
40.070756673812866,3.36504778910833,1.4858831533771502,3.1078765681866867,1.9710550224503878,0.43427450757499597,-77.7922623935658,-0.004873789741046693,0.18297
40.10092806816101,3.3571248957741537,1.5078728801624877,3.0400108033112523,1.995185751604418,0.45921879976646174,-77.76731810137434,-0.004872226947632029,0.18297
40.127296686172485,3.3635925637500286,1.5172508527291133,3.1345166687008974,2.1063862405209908,0.4860604882536979,-77.7404764128871,-0.004870545279790572,0.18297
40.15432119369507,3.361652263308725,1.5280840285719446,3.1580672031670542,2.2931697195104115,0.554251361903339,-77.67228553923746,-0.00486627302995234,0.18297
40.18239235877991,3.3674731647575684,1.5166040959839937,3.3023632939562604,2.308470950407036,0.5279091741269674,-77.69862772701384,-0.004867923403403258,0.18297
40.20877480506897,3.3608438048037987,1.5225865959692029,3.2578083530711512,2.3793444387138734,0.5630232301201606,-77.66351367102065,-0.004865723460624884,0.18297
40.23444056510925,3.3614905716071615,1.5230716635447052,3.2408210846586347,2.433833931432351,0.5860617455981795,-77.64047515554263,-0.0048642800666814385,0.182822
40.26191759109497,3.359065196118385,1.5230716635447052,3.1756755340167455,2.4719765763352815,0.6148365628016582,-77.61170033833915,-0.004862477285729044,0.182822
40.289531230926514,3.365209480816254,1.509813150306855,3.2649849569818987,2.36534304135326,0.5562547987366877,-77.67028210240412,-0.004866147511943418,0.182822
40.31709957122803,3.3674731647575684,1.5067410559216683,3.377205721626661,2.25980524708712,0.49436462294123656,-77.73217227819957,-0.004870025014597054,0.182822
40.34355878829956,3.3653711725244673,1.5070644342754318,3.4096063860224897,2.18918082473588,0.46203030909006426,-77.76450659205074,-0.004872050802796069,0.182822
40.36956191062927,3.359550271210941,1.502052069860009,3.3044761374079012,2.089337208429609,0.44318159870543633,-77.78335530243537,-0.004873231699822046,0.182822
40.39621591567993,3.3635925637500286,1.5127235555642977,3.319642402568555,2.1267637872746357,0.4551538633499911,-77.77138303779081,-0.004872481621359146,0.182822
40.42324161529541,3.3640776388668594,1.5136936906610265,3.340909681150483,2.1627184937277013,0.4650809973575149,-77.76145590378329,-0.004871859673077977,0.182822
40.45117688179016,3.370060232188537,1.4808707895718836,3.4871577941489544,1.8578053925679927,0.31916456801537396,-77.90737233312542,-0.004881001533392824,0.182822
40.47769355773926,3.371192074212898,1.5070644342754318,3.6143835587116553,1.9077809265724908,0.32222957332888985,-77.9043073278119,-0.004880809506692564,0.182822
40.50700879096985,3.372808991415182,1.5036689615910632,3.738944573680161,1.9086174475107536,0.30719534414680505,-77.919341556994,-0.004881751421347024,0.182822
40.53582739830017,3.3734557583042104,1.5023754482050127,3.8403384762461674,1.8961948779189888,0.29121180193841756,-77.93532509920239,-0.004882752811737842,0.182664
40.56585454940796,3.3661796310698726,1.5044774074622511,3.75155080291964,1.9086372974079742,0.30575401500178057,-77.92078288613902,-0.004881841722554167,0.182664
40.59338736534119,3.3656945559417615,1.5062559883921567,3.678748538373936,1.9352331758842396,0.3246165818645348,-77.90192031927627,-0.004880659957401222,0.182664
40.6299684047699,3.3687666984637876,1.4908955173262277,3.6952426111997823,1.7993787005725739,0.27049413696252356,-77.95604276417828,-0.004884050801279617,0.182664
40.65574073791504,3.3703836156226203,1.5175742311025848,3.742291440998414,1.972573338631947,0.33060838083001853,-77.89592852031079,-0.004880284563146963,0.182664
40.682034969329834,3.368605006749497,1.5178976094766645,3.7361723451898308,2.0970616191128775,0.3766582715359554,-77.84987862960486,-0.004877399475633201,0.182664
40.71056389808655,3.3677965481823864,1.510136528666369,3.714137488983726,2.106154604990458,0.3830802866483371,-77.84345661449248,-0.00487699712775941,0.182664
40.73947501182556,3.3760428259067123,1.5209697040607633,3.879778286329326,2.2214628273429042,0.3993362127557985,-77.82720068838502,-0.00487597867215141,0.182664
40.766011238098145,3.3666647062005883,1.514987204131828,3.7898095632521924,2.242015956876326,0.4193753369151749,-77.80716156422564,-0.004874723194103304,0.182664
40.792033672332764,3.3605204214038507,1.5093280827687199,3.5919201465128157,2.1994925572040867,0.4361550476138977,-77.79038185352691,-0.004873671922687036,0.182502
40.831040382385254,3.3631074886358,1.5049624749867758,3.5102023160296643,2.125823723298575,0.422591205595103,-77.8039456955457,-0.004874521715610476,0.182502
40.860111474990845,3.36375425545535,1.499141664782117,3.467201025253925,2.015718935773791,0.3864347340331146,-77.8401021671077,-0.004876786967124563,0.182502
40.89077091217041,3.372000532810418,1.4952611247541674,3.6181653102928952,1.8996211830701832,0.3175000210169124,-77.9090368801239,-0.004881105819498345,0.182502
40.91600322723389,3.3656945559417615,1.524365177086086,3.585378693535195,2.111035788292373,0.4046005122126012,-77.82193638892822,-0.004875648856718654,0.182502
40.943387031555176,3.362460721820876,1.5190294337907324,3.491422108484433,2.2053674523610955,0.45669466531644654,-77.76984223582437,-0.004872385088046115,0.182502
40.96995782852173,3.368443315035496,1.4857214642198988,3.557013514589313,1.9364401615156415,0.34027386517357233,-77.88626303596725,-0.00487967900756873,0.182502
40.9964017868042,3.372162224530791,1.5093280827687199,3.6845843508083282,1.9855895004516135,0.34180099670880887,-77.884735904432,-0.004879583330726578,0.182502
41.02408289909363,3.359388579513133,1.5081962585183688,3.493410415272832,2.008611919861628,0.37937467235233174,-77.84716222878848,-0.004877229289472984,0.182502
41.050424337387085,3.362460721820876,1.4883084907538853,3.4270443137007596,1.8247275548685198,0.3114304684583055,-77.9151064326825,-0.004881486085119664,0.18235
41.08200025558472,3.3509806116248857,1.5081962585183688,3.1285169288023753,1.8960085579534631,0.3956534690730416,-77.83088343206776,-0.00487620940099034,0.18235
41.107200145721436,3.3601970380050585,1.5025371373777408,3.121914707357886,1.8889946720046458,0.3935659355649137,-77.8329709655759,-0.004876340187768909,0.18235
41.134767055511475,3.359226887815615,1.5078728801624877,3.0959913673787107,1.9377435062923964,0.42291218678810955,-77.8036247143527,-0.004874501605707543,0.18235
41.16734480857849,3.358418429332355,1.5046390966369414,3.0600935420943185,1.9393473540648496,0.4317265843935878,-77.79481031674722,-0.004873949371856755,0.18235
41.19575381278992,3.366017939360213,1.5041540291133229,3.201829051267947,1.9355919971236502,0.3997531954430518,-77.82678370569775,-0.004875952547625899,0.18235
41.225764989852905,3.362460721820876,1.5138553798443457,3.222937358897369,2.030524257504277,0.439066174208044,-77.78747072693275,-0.004873489536695256,0.18235
41.2527961730957,3.359226887815615,1.5039923399390853,3.1667072234563265,1.9977898127403166,0.4361251762261058,-77.79041172491469,-0.004873673794169608,0.18235
41.28027105331421,3.3656945559417615,1.496878016421946,3.2693580327496163,1.9033309641059262,0.3716071385063501,-77.85492976263444,-0.004877715935902935,0.18235
41.306440591812134,3.3614905716071615,1.5099748394865364,3.2489058604335606,1.968917129638393,0.4058399506916412,-77.82069695044915,-0.004875571204232943,0.18235
41.33223056793213,3.363269180340254,1.5154722716858833,3.2736426134052783,2.0701120191711717,0.4461888347072109,-77.78034806643358,-0.00487304329244677,0.182202
41.361228227615356,3.363430872044997,1.5143404473952131,3.294508638122966,2.1295663235934854,0.4674058245393707,-77.75913107660142,-0.004871714019531981,0.182202
41.38782072067261,3.3673114730455938,1.5133703122948434,3.3943220006291672,2.1614282353909378,0.45990276157889504,-77.7666341395619,-0.004872184096505681,0.182202
41.416287899017334,3.3627841052277603,1.49930335395183,3.364783018667973,2.0422681109838803,0.41573154559158626,-77.8108053555492,-0.004874951482524606,0.182202
41.44313836097717,3.3545378287131684,1.497686462261477,3.16304056116768,1.9425958565127424,0.4106017149765628,-77.81593518616423,-0.004875272873303785,0.182202
41.46882438659668,3.3653711725244673,1.49930335395183,3.2596907737012226,1.8890854457691446,0.3658180467339793,-77.86071885440681,-0.0048780786302792395,0.182202
41.50021529197693,3.3666647062005883,1.5007585564860273,3.355748304412556,1.866262309025728,0.3384703505590166,-77.88806655058177,-0.004879792000182077,0.182202
41.526291847229004,3.3631074886358,1.5010819348286177,3.344882026559476,1.8535381468280292,0.334309687768181,-77.8922272133726,-0.004880052671295142,0.182043
41.55620861053467,3.36472440569335,1.5125618663820404,3.3727786086590146,1.9600784272819494,0.3783765986713709,-77.84816030246941,-0.004877291820129854,0.182043
41.5859534740448,3.366988089622512,1.5007585564860273,3.442010384430979,1.9159573960846936,0.34699359937098145,-77.8795433017698,-0.004879258007194317,0.182043
41.61325740814209,3.3576099708563136,1.5059326100399046,3.284555366890461,1.9371052113380907,0.3841278294559882,-77.8424090716848,-0.004876931497795293,0.182043
41.63960528373718,3.3682816233217845,1.4805474112667962,3.4086564976391975,1.6966240617497164,0.2501331462119928,-77.9764037549288,-0.004885326444702036,0.182043
41.667959213256836,3.3566398206945913,1.4929974764445322,3.23990586177683,1.6534905374844537,0.2501223560622032,-77.97641454507858,-0.0048853271207194154,0.182043
41.69721460342407,3.359065196118385,1.4928357872806852,3.1750348779994657,1.6216710538123205,0.24175019485837088,-77.98478670628242,-0.004885851647865563,0.182043
41.72507333755493,3.3608438048037987,1.4873383557991482,3.168678461901405,1.544112848800391,0.1992801859022497,-78.02725671523854,-0.0048885124509786704,0.182043
41.75179958343506,3.362460721820876,1.4900870715182475,3.1997319463407736,1.5174643882948498,0.1809422431563078,-78.04559465798448,-0.004889661347725945,0.182043
41.77873253822327,3.367634856469833,1.4994650431216936,3.3350789119804527,1.5931194347635715,0.20724391346488336,-78.01929298767591,-0.004888013512748813,0.182043
41.80779266357422,3.3739408334740255,1.4947760572567659,3.5682834071892158,1.598923482244758,0.18737796659867076,-78.03915893454213,-0.004889258141006865,0.182043
41.83587145805359,3.367634856469833,1.4863682208498024,3.5930649345743686,1.5184334489237015,0.14819113335079326,-78.07834576779001,-0.004891713248751404,0.181885
41.86171269416809,3.3677965481823864,1.4873383557991482,3.613962301552896,1.4718465253783564,0.12528573345084673,-78.10125116768995,-0.004893148302825061,0.181885
41.88877749443054,3.368443315035496,1.4938059222660212,3.6427916497372403,1.5042763454793855,0.13842298594988325,-78.08811391519092,-0.004892325236308093,0.181885
41.9184033870697,3.3655328642329696,1.4959078814194742,3.599066833419913,1.5481154367096233,0.1615988877865721,-78.06493801335422,-0.004890873234924719,0.181885
41.9509973526001,3.3679582398952292,1.492027341463701,3.6217139285601103,1.5397783998603607,0.1560788748776487,-78.07045802626314,-0.004891219071148762,0.181885
41.98283505439758,3.3666647062005883,1.493644233101423,3.6091645128137415,1.5502026409227947,0.16181383697297988,-78.06472306416781,-0.004890859768069439,0.181885
42.01634883880615,3.3736174500271923,1.497686462261477,3.7530427316775854,1.5981500274699847,0.17239610339616854,-78.05414079774462,-0.004890196774862359,0.181885
42.042996883392334,3.371353765931822,1.4876617341167948,3.804053312930462,1.5309001636326036,0.14001505701787564,-78.08652184412291,-0.004892225490916976,0.181733
42.06951546669006,3.3736174500271923,1.486206531692102,3.8894648917592964,1.4691911092705618,0.10944476064866093,-78.11709214049213,-0.004894140761051058,0.181733
42.09577679634094,3.3703836156226203,1.5044774074622511,3.8782470373901097,1.6097346593540818,0.16837785471491742,-78.05815904642587,-0.004890448523540146,0.181733
42.12287712097168,3.376204517634334,1.5117534204730279,3.9982052683535585,1.7812859017151208,0.22709772049370097,-77.99943918064709,-0.004886769645067883,0.181733
42.15476703643799,3.372162224530791,1.5128852447467067,3.9934185784432867,1.9127538894476088,0.27752845970450707,-77.94900844143628,-0.004883610091510287,0.181733
42.18481802940369,3.379438352247696,1.5086813260533256,4.149831311224627,1.9625050426547623,0.27936341209812765,-77.94717348904265,-0.004883495129277847,0.181733
42.21931982040405,3.372808991415182,1.5017286915156085,4.113758000439258,1.9274121274319382,0.27046047976062393,-77.95607642138016,-0.004884052909948529,0.181733
42.24446392059326,3.3726472996936496,1.5085196368748555,4.084956384883418,1.97113979241029,0.2892613951597903,-77.93727550598099,-0.004882875007342597,0.181733
42.27143216133118,3.3770129762767924,1.5052858533372142,4.1606533023934285,1.9692288215445308,0.2806418170218463,-77.94589508411893,-0.004883415035492033,0.181733
42.300352334976196,3.368605006749497,1.5033455832436449,4.029025648166348,1.9483789404199343,0.28700763223017567,-77.9395292689106,-0.004883016208617725,0.181582
42.32754969596863,3.3742642169220183,1.5125618663820404,4.061146718639738,2.0264669827962734,0.3120441358591609,-77.91449276528162,-0.004881447638032629,0.181582
42.35521745681763,3.36989854047193,1.5227482851608847,3.98777342249347,2.183567678352699,0.3780760561729008,-77.84846084496789,-0.004877310649521118,0.181582
42.38335609436035,3.3666647062005883,1.5178976094766645,3.8654061585671355,2.244757656917401,0.41869109557607664,-77.80784580556471,-0.004874766062742371,0.181582
42.419283866882324,3.3757194424523393,1.5161190284267494,3.978565758777238,2.2697044558718575,0.40983586322175863,-77.81670103791903,-0.0048753208549450295,0.181582
42.45157289505005,3.3687666984637876,1.5212930824412327,3.9051146654821163,2.3391997568635023,0.44591568631670025,-77.7806212148241,-0.004873060405560369,0.181582
42.48471975326538,3.3797617357154177,1.5051241641619197,4.095119168705416,2.2252447798602133,0.3774796880347731,-77.84905721310602,-0.004877348012786101,0.181582
42.51681637763977,3.377336359735807,1.5117534204730279,4.174867847431206,2.2121429860694115,0.3624493203119705,-77.86408758082882,-0.004878289685514951,0.181582
42.55180096626282,3.378953277048291,1.5067410559216683,4.266194904733594,2.152565208388425,0.33127520799007826,-77.89526169315072,-0.004880242785529603,0.181582
42.57800531387329,3.3674731647575684,1.5099748394865364,4.0780526850528345,2.1433811006361405,0.35116512646482817,-77.87537177467597,-0.004878996655418076,0.181423
42.604151487350464,3.378306510119814,1.5146638257632172,4.184223098114527,2.1841067143972244,0.35179035032053046,-77.87474655082026,-0.004878957484303622,0.181423
42.6304190158844,3.3732940665815185,1.497848151429835,4.148483145318637,2.043508895633896,0.3068488681707456,-77.91968803297004,-0.004881773128532362,0.181423
42.658920764923096,3.3716771493705404,1.5201612581122539,4.087962198395984,2.1694807460610526,0.35923768873534523,-77.86729921240544,-0.004878490898547566,0.181423
42.68498921394348,3.379438352247696,1.5072261234525406,4.216011845191496,2.127579690837442,0.3285267763550996,-77.89801012478569,-0.004880414978463634,0.181423
42.71311640739441,3.3797617357154177,1.493644233101423,4.312747194501972,1.961663544606753,0.2608176179119443,-77.96571928322884,-0.0048846570481970684,0.181423
42.741453647613525,3.368443315035496,1.5102982178463533,4.131941074801619,2.0130019696848946,0.297592743355114,-77.92894415778566,-0.004882353037186258,0.181423
42.771315813064575,3.379600043981412,1.4925124089534412,4.250347356949027,1.8700770229842745,0.23381641907382641,-77.99272048206696,-0.004886348709576287,0.181423
42.80848574638367,3.3750726755470746,1.5088430152319472,4.233823405200009,1.9342572529654516,0.25851623790841793,-77.96802066323237,-0.0048848012327458445,0.181423
42.83931541442871,3.3679582398952292,1.4984949081047712,4.066043528806167,1.8751183395740172,0.25280438449428305,-77.9737325166465,-0.004885159088035248,0.181272
42.869160413742065,3.368928390178368,1.4950994355882166,3.9698994023558134,1.7995747490227387,0.23220816232008196,-77.99432873882071,-0.0048864494690223585,0.181272
42.89605474472046,3.381216961334539,1.5072261234525406,4.172421169323748,1.8686454929106178,0.2401596531230273,-77.98637724801776,-0.004885951297441933,0.181272
42.932910442352295,3.3731323748591167,1.5001117998026547,4.136671497139927,1.8454502749975585,0.23465216267964775,-77.99188473846114,-0.004886296349116688,0.181272
42.9592068195343,3.366988089622512,1.5023754482050127,3.976735406367634,1.8519778571597507,0.2528835302427387,-77.97365337089805,-0.004885154129447787,0.181272
42.99606943130493,3.3758811341793806,1.5128852447467067,4.060046530364622,1.962238258258846,0.28735087706829743,-77.93918602407248,-0.004882994703867519,0.181272
43.02384424209595,3.3682816233217845,1.519191122979065,3.9515003120710688,2.1028351982703177,0.3555670484014783,-77.87096985273931,-0.00487872086909543,0.181272
43.050578594207764,3.3605204214038507,1.5170891635426054,3.9515003120710688,2.1028351982703177,0.3555670484014783,-77.87096985273931,-0.00487872086909543,0.181272
43.07639741897583,3.368605006749497,1.5225865959692029,3.9515003120710688,2.1028351982703177,0.3555670484014783,-77.87096985273931,-0.00487872086909543,0.181272
43.10196304321289,3.3674731647575684,1.5282457177688142,3.9515003120710688,2.1028351982703177,0.3555670484014783,-77.87096985273931,-0.00487872086909543,0.18112
43.129873514175415,3.372808991415182,1.5127235555642977,3.9515003120710688,2.1028351982703177,0.3555670484014783,-77.87096985273931,-0.00487872086909543,0.18112
43.15850019454956,3.376204517634334,1.5117534204730279,3.9515003120710688,2.1028351982703177,0.3555670484014783,-77.87096985273931,-0.00487872086909543,0.18112
43.189127683639526,3.3741025251978773,1.5070644342754318,3.9515003120710688,2.1028351982703177,0.3555670484014783,-77.87096985273931,-0.00487872086909543,0.18112
43.217642307281494,3.38089357786159,1.50900470441072,3.9515003120710688,2.1028351982703177,0.3555670484014783,-77.87096985273931,-0.00487872086909543,0.18112
43.250301361083984,3.371192074212898,1.4997884214618729,3.9515003120710688,2.1028351982703177,0.3555670484014783,-77.87096985273931,-0.00487872086909543,0.18112
43.278815269470215,3.372000532810418,1.5117534204730279,3.9515003120710688,2.1028351982703177,0.3555670484014783,-77.87096985273931,-0.00487872086909543,0.18112
43.30576705932617,3.36504778910833,1.5102982178463533,3.9515003120710688,2.1028351982703177,0.3555670484014783,-77.87096985273931,-0.00487872086909543,0.18112
43.33220410346985,3.361167188204902,1.510136528666369,3.9515003120710688,2.1028351982703177,0.3555670484014783,-77.87096985273931,-0.00487872086909543,0.18112
43.36271286010742,3.358256737636569,1.5007585564860273,3.9515003120710688,2.1028351982703177,0.3555670484014783,-77.87096985273931,-0.00487872086909543,0.18112
43.38821887969971,3.359226887815615,1.5174125419157731,3.9515003120710688,2.1028351982703177,0.3555670484014783,-77.87096985273931,-0.00487872086909543,0.18112
43.42424511909485,3.3532442952103723,1.5164424067980935,3.9515003120710688,2.1028351982703177,0.3555670484014783,-77.87096985273931,-0.00487872086909543,0.18112
43.45076060295105,3.3556696705432594,1.5251736230544046,3.9515003120710688,2.1028351982703177,0.3555670484014783,-77.87096985273931,-0.00487872086909543,0.18112
43.47944784164429,3.352112453410566,1.4988182864431427,3.9515003120710688,2.1028351982703177,0.3555670484014783,-77.87096985273931,-0.00487872086909543,0.18112
43.50495648384094,3.352112453410566,1.512076798836178,3.9515003120710688,2.1028351982703177,0.3555670484014783,-77.87096985273931,-0.00487872086909543,0.18112
43.54055428504944,3.365856247650843,1.4721395755437938,3.9515003120710688,2.1028351982703177,0.3555670484014783,-77.87096985273931,-0.00487872086909543,0.18112
43.56597542762756,3.371515457651036,1.5057709208640053,3.9515003120710688,2.1028351982703177,0.3555670484014783,-77.87096985273931,-0.00487872086909543,0.18112
43.60020685195923,3.367149781333908,1.4997884214618729,3.9515003120710688,2.1028351982703177,0.3555670484014783,-77.87096985273931,-0.00487872086909543,0.18112
