Relative_Time_s,Raw_S1_V,Raw_S2_V,Norm_S1,Norm_S2,Phase_rad,Unwrapped_Phase_rad,Calculated_Distance_mm,Stage_Position_mm
0.0009996891021728516,3.350172153215189,1.2823166189096287,-0.08520934813265332,0.19646307275238584,2.000959039740441,2.5953291861687546,0.00016260085994406745,0.01473
0.03520846366882324,3.372162224530791,1.2813464850414065,-0.031053590809732294,0.20630462663551924,1.7430003357020434,2.337370482130357,0.00014643940060772052,0.01473
0.06702113151550293,3.377821434926505,1.2794062173194798,0.03862548744839245,0.17807176262833846,1.3816996448863956,1.9760697913147092,0.00012380342697551478,0.01473
0.10004401206970215,3.361813955010577,1.2805380401549187,-0.002463003050028561,0.17879656295387195,1.6114370197123753,2.205807166140689,0.00013819678212563402,0.01473
0.12951397895812988,3.386876172299297,1.2771425716683413,0.10947098004381764,0.11784050814735578,0.8379670698207017,1.432337216249015,8.973785072551404e-05,0.01473
0.1660158634185791,3.349363694812696,1.280699729131947,-0.0227652491196927,0.13956151413128107,1.7692574988788123,2.3636276453071257,0.000148084447153256,0.01473
0.19593048095703125,3.33869204457421,1.2813464850414065,-0.17523982266080887,0.16647353560074724,2.4016034494544742,2.9959735958827873,0.000187701770417568,0.01473
0.22485733032226562,3.330769153540133,1.2802146622012642,-0.3264500717641385,0.16482414541366733,2.6852041944467158,3.279574340875029,0.00020546973806586085,0.01473
0.2516796588897705,3.392858767135212,1.288460800187606,-0.08373448304993186,0.3129378701594445,1.845990235080286,2.440360381508599,0.00015289185615505557,0.01473
0.2795841693878174,3.372162224530791,1.276334126799308,-0.030021185251824775,0.19710527691239788,1.7430559897704587,2.337426136198772,0.0001464428874098695,0.01473
0.308408260345459,3.3747492920961824,1.27875946141647,0.02210157353406934,0.15992490065817072,1.453178329823783,2.0475484762520963,0.00012828166260759943,0.01473
0.3359639644622803,3.3703836156226203,1.281023107086408,0.03407918249860542,0.1748742475243406,1.394728415111826,1.989098561540139,0.000124619696932312,0.01473
0.3630979061126709,3.369736848755612,1.275687370906495,0.03883264632861412,0.08875342408842223,1.176877829715781,1.7712479761440942,0.00011097106510807445,0.01473
0.39000630378723145,3.345483094580959,1.2863588434127124,-0.09399725194412568,0.22163958281768642,1.993950938868615,2.5883210852969283,0.00016216179301012837,0.01473
0.41803741455078125,3.3587418127247926,1.2760107488526335,-0.11254551537269274,0.1273428172786157,2.3298925021038936,2.924262648532207,0.0001832089832332875,0.01473
0.4456448554992676,3.36375425545535,1.2813464850414065,-0.09739011856646741,0.15792044780389086,2.1539066609144157,2.7482768073427293,0.00017218323387251702,0.01473
0.47151708602905273,3.3513039949907815,1.2739087922123145,-0.15667543318572547,0.04469064279088349,2.9009426248578487,3.4953127712861622,0.00021898604054293425,0.01473
0.5006186962127686,3.317995514342339,1.2719685245644128,-0.3851644963510392,-0.06969217110363674,-2.95007880619929,3.92747664740861,0.00024606168792853814,0.01473
0.5332317352294922,3.3490403114537157,1.2752023039882927,-0.37082551340031666,-0.09122355666023069,-2.8880815457156537,3.989473907892246,0.00024994589958174157,0.01473
0.5645298957824707,3.3781448183884213,1.2784360834657704,-0.19739942698292587,-0.04775894141007305,-2.8811740549416545,3.9963813986662453,0.00025037866315789735,0.01473
0.590242862701416,3.399164745907519,1.2881374222207533,0.042001887348774025,0.15827605052301918,1.308871780760259,1.9032419271885725,0.00011924066345483762,0.0
0.6173207759857178,3.3587418127247926,1.276819193720326,-0.017346117867659612,0.09762249092693173,1.767346433141937,2.361716579570251,0.00014796471631761421,0.0
0.6428289413452148,3.3223611882976476,1.270675012809847,-0.26312566757994543,-0.0560545108049589,-2.9123183612039165,3.9652370924039833,0.00024842743053292123,0.0
0.6713435649871826,3.3416024945149947,1.2753639929608929,-0.32715323997327955,-0.07875036521721603,-2.8899951165269004,3.9875603370809993,0.00024982601179982514,0.0
0.7015690803527832,3.371353765931822,1.2828016858455558,-0.20495289324000732,0.03999668408081113,2.9736838154065044,3.5680539618348184,0.00022354337384754947,0.0
0.7270922660827637,3.356154745617627,1.2802146622012642,-0.20473791203460778,0.0762903493497174,2.8071613515760205,3.4015314980043345,0.00021311051779093017,0.0
0.7537341117858887,3.354699520402316,1.2826399968667788,-0.21275686437062682,0.14559835493191642,2.5570679066004596,3.1514380530287736,0.000197441827500651,0.014797
0.781757116317749,3.379600043981412,1.279567906295568,-0.07858193136211208,0.1385042017328901,2.0972783731522116,2.6916485195805255,0.0001686353955727108,0.014797
0.8125016689300537,3.3668263979114053,1.2792445283435259,-0.056369014055288075,0.12768463590185747,1.993885130195935,2.588255276624249,0.00016215767000838104,0.014797
0.8470711708068848,3.3821871117603566,1.2873289773059842,0.04541301538471638,0.2664524075346263,1.3916188839337515,1.9859890303620658,0.00012442488062682283,0.014797
0.8736071586608887,3.3677965481823864,1.2905627569853109,0.03587374216945918,0.42212643647111814,1.4807788829213921,2.0751490293497064,0.00013001087433631595,0.014797
0.9056415557861328,3.3770129762767924,1.2876523552714871,0.0809360421071173,0.47841532676847404,1.3973674974355186,1.991737643863833,0.00012478503898509773,0.014797
0.9321935176849365,3.3962542941113494,1.288460800187606,0.22049782968620696,0.5324516971078025,1.1701761777390236,1.764546324167338,0.00011055119760907906,0.014797
0.9674386978149414,3.392858767135212,1.2805380401549187,0.2991290479653116,0.42686251708949813,0.9473230680139997,1.541693214442314,9.658915091549931e-05,0.014797
0.9952666759490967,3.3771746680061545,1.2842568866606046,0.2661224718463122,0.4202671659168227,0.9942826351643225,1.588652781592637,9.953123088051351e-05,0.014949
1.0284409523010254,3.3656945559417615,1.2750406150158267,0.1785700591789042,0.24882115002259186,0.9267176773692613,1.521087823797576,9.529819551139358e-05,0.014949
1.0575153827667236,3.3750726755470746,1.2771425716683413,0.16993087595577608,0.166857719095449,0.7414376431203364,1.3358077895486513,8.369015247011191e-05,0.014949
1.084376573562622,3.362460721820876,1.281023107086408,0.09308163103194644,0.1797272204304488,1.068084382199561,1.662454528627876,0.00010415500947370971,0.014949
1.1106140613555908,3.381863728283922,1.2813464850414065,0.1482130354821876,0.1945895300101727,0.8914452367034403,1.4858153831317553,9.30883297205129e-05,0.014949
1.136070966720581,3.378306510119814,1.2805380401549187,0.1668352729283078,0.19035900012115325,0.820747069800392,1.415117216228707,8.8658994591787e-05,0.014949
1.16568922996521,3.39205030835031,1.2852270205433631,0.2570266790491307,0.2722756802961983,0.7928472484653254,1.3872173948936402,8.691103330597241e-05,0.014949
1.1957712173461914,3.410321478669252,1.287005599341021,0.42273256292272854,0.3618124797850612,0.6915598278995024,1.285929974327817,8.056524034325711e-05,0.014949
1.224287509918213,3.3753960589991268,1.2852270205433631,0.34266005990316306,0.39229311606092854,0.8387976962582033,1.433167842686518,8.978989058764405e-05,0.014949
1.2515482902526855,3.3854209465886336,1.2897543120604154,0.34288768215041304,0.49558078514947973,0.9561578996844421,1.5505280461127566,9.714266498790709e-05,0.015098
1.28071928024292,3.3708686907759176,1.2824783078881365,0.26135260538099797,0.43617483064845103,1.0219072414450785,1.6162773878733931,0.00010126194957346592,0.015098
1.3087408542633057,3.409674711514627,1.285873776467897,0.4221298472952231,0.45605407921889846,0.811034815485185,1.4054049619134998,8.805050881200066e-05,0.015098
1.3353962898254395,3.378306510119814,1.2910478239418695,0.35857704119744266,0.5636280950534874,0.9969924798609969,1.5913626262893117,9.970100629102497e-05,0.015098
1.3630883693695068,3.3805701943898034,1.2907244459706955,0.32679809680891564,0.6330762471996733,1.0900760829491523,1.6844462293774671,0.00010553281906818156,0.015098
1.3963649272918701,3.4082194854338366,1.2900776900299682,0.45977224725628485,0.6699826358552808,0.962409215428664,1.5567793618569787,9.753431831697589e-05,0.015098
1.4233503341674805,3.4203463701650993,1.292826402792996,0.6209328569583628,0.7455732090331612,0.8684193257903995,1.4627894722187142,9.164572546999664e-05,0.015098
1.4506657123565674,3.3757194424523393,1.2908861349562148,0.4832156970613305,0.7633646564532423,1.001446003444934,1.5958161498732486,9.998002552619116e-05,0.015098
1.4774694442749023,3.394152301206205,1.2920179578586375,0.4902932819099655,0.7963064759903736,1.014423373721778,1.6087935201500927,0.00010079307520716148,0.015098
1.5059576034545898,3.368443315035496,1.292664713805854,0.3509207911042791,0.8310730676305511,1.1714979780578596,1.765868124486174,0.00011063401017469213,0.01525
1.5343451499938965,3.3804085026543453,1.2941199146950066,0.3205310060273907,0.8817511473413785,1.224037169397859,1.8184073158261733,0.00011392566109056725,0.01525
1.562891960144043,3.4132319309230104,1.3001024073546235,0.4835244804019474,1.0255184969842668,1.1291357498355772,1.7235058962638914,0.00010797995966934629,0.01525
1.5905954837799072,3.3726472996936496,1.2939582257067817,0.3697832360691107,1.0149361183722085,1.2232260492910778,1.8175961957193922,0.00011387484332626074,0.01525
1.617161750793457,3.4043388826675187,1.2895926230758417,0.46807666128583897,0.9285040573167063,1.1015399401127168,1.6959100865410313,0.00010625104511942986,0.01525
1.643448829650879,3.4111299376191164,1.2968686275155596,0.5750061306001403,0.9997089422819316,1.0448807764871342,1.6392509229154486,0.0001027012724053059,0.01525
1.668501615524292,3.405632416904251,1.2829633748244673,0.6189944151700751,0.797845028678393,0.9008159197569002,1.4951860661852145,9.367541560190163e-05,0.01525
1.6954138278961182,3.4098364033028448,1.2891075561229304,0.6733868301600711,0.7677598061936798,0.8382715969195521,1.4326417433478666,8.9756929757343e-05,0.01525
1.7218022346496582,3.398032903531112,1.2931497807676868,0.6451982560536548,0.8198708872717256,0.8940798191738971,1.4884499656022117,9.325338985144842e-05,0.015398
1.7471568584442139,3.384127412643371,1.2829633748244673,0.5474026933795209,0.6719583901712395,0.874149632806142,1.4685197792344566,9.200473690233007e-05,0.015398
1.7764647006988525,3.432149872888226,1.286682221376597,0.7485374504127762,0.6357367178817374,0.6838942462290492,1.278264392657364,8.008498135405848e-05,0.015398
1.8046514987945557,3.410968245828558,1.2852270205433631,0.7704209669633706,0.5840400827286019,0.6254462741722974,1.2198164206006124,7.642313738872934e-05,0.015398
1.8317155838012695,3.405309033343314,1.2792445283435259,0.7539693686863562,0.4395597525988543,0.495547484778015,1.0899176312063301,6.828480373388244e-05,0.015398
1.8594346046447754,3.400296588298224,1.287005599341021,0.7143140556927534,0.47891133039692046,0.5613032874078123,1.1556734338361276,7.24044931015734e-05,0.015398
1.892451524734497,3.3805701943898034,1.2860354654493673,0.5758140069556216,0.48889645843732465,0.6781195719512135,1.272489718379529,7.972319025315425e-05,0.015398
1.9187233448028564,3.409513019726703,1.2632373203869083,0.641345112386622,0.08320312742365506,0.058168543868366986,0.6525386902966823,4.088242553371299e-05,0.015398
1.9516873359680176,3.4230951309334134,1.2753639929608929,0.7634650368312657,0.018729981542811063,-0.039220234549761,0.5551499118785546,3.4780887738784436e-05,0.015398
1.9781525135040283,3.4274608099751367,1.2797295952717906,0.8734573205454096,0.052623169660016365,0.006089447339404209,0.6004595937677197,3.761960017581683e-05,0.015557
2.0058701038360596,3.42972449548851,1.2868439103587415,0.9631599460054244,0.20512889293057626,0.1677320180247153,0.7621021644530308,4.774672437149575e-05,0.015557
2.032802104949951,3.3967393694041492,1.2850653315625666,0.8407777100491205,0.2796877758804889,0.2798911622637672,0.8742613086920827,5.477364542684843e-05,0.015557
2.061572551727295,3.369736848755612,1.2790828393677063,0.603521615613973,0.22358630851296504,0.2994525638281593,0.8938227102564746,5.5999193512629684e-05,0.015557
2.0891387462615967,3.3967393694041492,1.2802146622012642,0.5890308787751029,0.20480308645221845,0.2756243611875163,0.8699945076158317,5.4506324607622076e-05,0.015557
2.114431142807007,3.382510495237953,1.2842568866606046,0.49900837183609814,0.2648255644707269,0.4379061828264908,1.032276329254806,6.467349873428457e-05,0.015557
2.145128011703491,3.380085119184301,1.283448441762009,0.42237688111194455,0.2922071522696996,0.5644599649187774,1.1588301113470925,7.260226318815215e-05,0.015557
2.1764657497406006,3.376366209362245,1.287814044254441,0.347857376654822,0.3903986572488307,0.8351624531934088,1.4295325996217239,8.956213772623776e-05,0.015557
2.2032644748687744,3.3839657209015215,1.2861971544309725,0.3383563620481449,0.42986441663060193,0.9047139501582631,1.4990840965865782,9.391963244295889e-05,0.015557
2.2301063537597656,3.4048239580041013,1.2821549299312553,0.4488009973510536,0.38431971400592974,0.6846074927608135,1.2789776391891285,8.012966720741191e-05,0.015557
2.2596628665924072,3.3802468109191777,1.2837718197210433,0.38813943468545625,0.38170671566261344,0.760649276705541,1.3550194231338564,8.489378712213696e-05,0.015557
2.2878966331481934,3.387846322786162,1.2894309340914027,0.3883389811725585,0.4823166459717504,0.8928938283507374,1.4872639747790526,9.317908593317895e-05,0.015715
2.3176143169403076,3.4410429239205693,1.288299111204112,0.6871172476020826,0.5322557911189766,0.6392310576616029,1.233601204089918,7.728677259209739e-05,0.015715
2.3467676639556885,3.407411026510301,1.2895926230758417,0.7074570728475976,0.5906278282394384,0.6799474695474331,1.274317615975748,7.983771049306018e-05,0.015715
2.3807942867279053,3.4078961018635447,1.2957368045847069,0.7244180984928766,0.7427077750701251,0.7915723853376447,1.3859425317659597,8.683116141843824e-05,0.015715
2.413013458251953,3.414687157085465,1.3002640963480023,0.7744148896247132,0.9311149660044521,0.876816616115323,1.471186762543638,9.217182698933732e-05,0.015715
2.4445760250091553,3.409513019726703,1.292664713805854,0.7803657302549877,0.9254390106404128,0.8695842578569435,1.4639544042852584,9.171871002887493e-05,0.015715
2.4708197116851807,3.3804085026543453,1.3004257853415169,0.6211424634328859,1.0619536605161668,1.0524975198361208,1.6468676662644355,0.00010317847160805782,0.015715
2.498237133026123,3.390595082555834,1.2905627569853109,0.5668722699711961,0.9789773135581937,1.0582362770321272,1.6526064234604418,0.00010353801245553633,0.015715
2.5250351428985596,3.3838040291599625,1.2934731587429187,0.4907590716190617,0.9735768014383712,1.1213538761487438,1.7157240225770587,0.00010749241482910079,0.015874
2.5573384761810303,3.369736848755612,1.2845802646209854,0.35850856871294345,0.8088208237036778,1.1805739132814144,1.7749440597097292,0.00011120262970858842,0.015874
2.5867226123809814,3.3986796706015943,1.2857120874865613,0.4284143366281059,0.7139794449654953,1.0453676927049689,1.639737839133284,0.00010273177836045128,0.015874
2.614034414291382,3.3677965481823864,1.2900776900299682,0.3039746670398385,0.7266148742913482,1.208100923047155,1.8024710694754704,0.00011292723384876906,0.015874
2.6416282653808594,3.4198612947441993,1.2777893275659824,0.5091514024536045,0.5130206431503811,0.7726871827164519,1.3670573291447674,8.564797810481901e-05,0.015874
2.6668689250946045,3.408542869005298,1.2860354654493673,0.5892349932046327,0.5127729773647485,0.6916327488309203,1.286002895259236,8.056980893756871e-05,0.015874
2.6952550411224365,3.3432194111890112,1.285873776467897,0.2785763759183718,0.5096727819203026,1.1019301513278008,1.6963002977561166,0.00010627549237624444,0.015874
2.724466562271118,3.38331895393703,1.291532890899645,0.28622879854020555,0.6099416753698766,1.1678795611233972,1.762249707551713,0.00011040731149295453,0.015874
2.7500054836273193,3.3909184660636797,1.288460800187606,0.33424813618624005,0.6245201411287924,1.1054289091351222,1.699799055563438,0.00010649469425292286,0.015874
2.776562213897705,3.3771746680061545,1.28118479606384,0.29070583360096214,0.5030177451751786,1.0733720236041564,1.6677421700324722,0.00010448628731085081,0.015874
2.803328275680542,3.3563164373096597,1.289269245107099,0.14313091222658686,0.5643075371847627,1.3997348520224193,1.994104998450735,0.00012493335693014847,0.016025
2.8320930004119873,3.412423471954119,1.2874906662886683,0.3548058345228554,0.5750152678491247,1.0348879912082714,1.6292581376365871,0.00010207521098379586,0.016025
2.863591194152832,3.3839657209015215,1.2857120874865613,0.34322028255576664,0.5503155558673134,1.0300784322845868,1.6244485787129026,0.00010177388565631507,0.016025
2.8941190242767334,3.3791149687811357,1.2829633748244673,0.3078789243716917,0.4832696581881643,1.021199158943601,1.615569305371917,0.00010121758725354712,0.016025
2.9225451946258545,3.341117419518397,1.2902393790149473,0.06982682842161135,0.5680448530052375,1.5518385030330546,2.1462086494613706,0.0001344628549941191,0.016025
2.9490935802459717,3.370545307340096,1.273262036327539,0.06839457653523723,0.32007040959792415,1.538200897278039,2.132571043706355,0.0001336084406735153,0.016025
2.9751951694488525,3.402883656673546,1.285873776467897,0.2489351560610255,0.37478098448352026,1.000748397356865,1.5951185437851811,9.99363195676459e-05,0.016025
3.0066208839416504,3.3886547815332166,1.2797295952717906,0.29543456510862853,0.3018588717185088,0.7542508934856962,1.3486210399140126,8.449291981815765e-05,0.016025
3.0346052646636963,3.367634856469833,1.2844185756407276,0.20998111138847747,0.33569144352723695,1.0410897067734683,1.6354598532017848,0.00010246375679501847,0.016177
3.0597238540649414,3.354699520402316,1.278921150392021,0.07754645202553619,0.25986204657591827,1.4819103186810059,2.0762804651093223,0.000130081760306568,0.016177
3.087756395339966,3.377336359735807,1.2832867527826939,0.1119223703721748,0.28580586038784517,1.3285289403060885,1.9228990867344047,0.00012047221090679242,0.016177
3.1128225326538086,3.384612487870664,1.287005599341021,0.17683272066883002,0.37128360584920195,1.1910179171249209,1.785388063553237,0.00011185696057931716,0.016177
3.1433844566345215,3.377336359735807,1.2829633748244673,0.18142275842248212,0.3579472931754782,1.160214358408269,1.754584504836585,0.00010992707624581606,0.016177
3.1732585430145264,3.3487169280958877,1.2863588434127124,0.02397013414340606,0.41007529117862423,1.6880776122212993,2.282447758649615,0.00014299841820131445,0.016177
3.2077066898345947,3.3742642169220183,1.285873776467897,0.057172350142640195,0.4377844015900103,1.5852329877622662,2.179603134190582,0.00013655506432282266,0.016177
3.236201763153076,3.4014284307032305,1.288299111204112,0.23291015416792812,0.5010832200517504,1.1809325997807598,1.7753027462090754,0.00011122510189961329,0.016177
3.2644851207733154,3.3673114730455938,1.289916001045124,0.16439859255941078,0.5746606873961738,1.3651637546108133,1.9595339010391286,0.00012276743123629244,0.016177
3.2903246879577637,3.3537293702717577,1.2861971544309725,0.04019239613154182,0.5588478377337354,1.61872928028414,2.2130994267124553,0.00013865365204649975,0.016328
3.31656813621521,3.366341322779822,1.2845802646209854,0.024049868461224057,0.5185105491104368,1.6605644806776072,2.2549346271059223,0.00014127468355038845,0.016328
3.3440940380096436,3.3390154278963657,1.2853887095242944,-0.1406538097566914,0.50490859397343,2.0258600010807433,2.6202301475090586,0.0001641609386226972,0.016328
3.372586727142334,3.3914035413276307,1.2918562688721713,0.0381534578505534,0.6124604027695825,1.6169414405219609,2.211311586950276,0.00013854164148370806,0.016328
3.40055251121521,3.379600043981412,1.2826399968667788,0.09705529419271075,0.5209173923258287,1.4899046398964615,2.0842747863247766,0.0001305826152698726,0.016328
3.4281821250915527,3.404662266224948,1.2790828393677063,0.27898253389064737,0.3924470400247042,0.9458038637635194,1.5401740101918344,9.649397072838658e-05,0.016328
3.4559595584869385,3.3943139929663904,1.2808614181091105,0.3482377835456087,0.33471291576196976,0.7031186167558732,1.2974887631841883,8.128941399258612e-05,0.016328
3.4839425086975098,3.345483094580959,1.2784360834657704,0.1225863441077672,0.25039658928546454,1.2101506504996664,1.8045207969279815,0.0001130556520271664,0.016328
3.513610601425171,3.3781448183884213,1.278921150392021,0.147988873272732,0.2001556486066682,0.9003545951936787,1.4947247416219938,9.364651299829637e-05,0.016328
3.5391998291015625,3.3753960589991268,1.26582434380636,0.15033947714816134,-0.07208617428804757,-1.088721195014592,-0.494351048586277,-3.097175727948426e-05,0.016477
3.567056179046631,3.335943286382274,1.2863588434127124,-0.06949767409154368,0.10905186395416291,3.024545047856533,-2.664270112894738,-0.00016692010161511493,0.016477
3.59344220161438,3.38089357786159,1.2955751155951272,0.02896122754411251,0.40267777052915144,1.681987441643559,-4.006827719107712,-0.00025103313916660023,0.016477
3.6202175617218018,3.3757194424523393,1.2894309340914027,0.06883555647135285,0.4969963843783283,1.557362598242754,-4.1314525625085174,-0.00025884105302021034,0.016477
3.64809513092041,3.3909184660636797,1.2821549299312553,0.18207286673805065,0.4313120914293342,1.2318080791194932,-4.457007081631778,-0.0002792374809763353,0.016477
3.676360607147217,3.418729452105699,1.2844185756407276,0.41746612947578743,0.4263086973248134,0.7518153906319925,-4.936999770119279,-0.00030930966770735513,0.016477
3.7071218490600586,3.4344135585210243,1.284095197680616,0.6702898832107123,0.4169526627138576,0.4869020812729551,-5.201913079478317,-0.00032590684240949616,0.016477
3.735943555831909,3.423741898185344,1.2819932409530166,0.7873572410142018,0.3723546569282169,0.36468119416760797,-5.324133966583664,-0.00033356414517184563,0.016477
3.7707314491271973,3.394637376487635,1.273262036327539,0.7059155102472392,0.1830872723440084,0.13337716936703092,-5.55543799138424,-0.00034805565304742966,0.016477
3.801642417907715,3.397547828231313,1.2760107488526335,0.66524518444128,0.10035619994703172,0.004721996327404313,-5.684093164423867,-0.0003561160724670478,0.016628
3.8292789459228516,3.3959309105842745,1.2703516348725423,0.6276987975722488,-0.05999457281582597,-0.27507293450166426,-5.963888095252936,-0.00037364560074548453,0.016628
3.8550734519958496,3.372485607972407,1.2842568866606046,0.46979754245182065,0.07946720298309182,-0.04446431141856874,-5.733279472169841,-0.0003591976607216673,0.016628
3.8821096420288086,3.3736174500271923,1.2784360834657704,0.36562067335719706,0.07172459034024466,-0.08635099251078399,-5.775166153262056,-0.0003618219175604891,0.016628
3.909395933151245,3.382025420021994,1.2839335087007624,0.3398980808408343,0.16581695845943084,0.2509521533276834,-5.437863007423589,-0.0003406894223581607,0.016628
3.9356136322021484,3.379276660514271,1.2855503985053607,0.3064610988745058,0.26094990990492034,0.6105213985467826,-5.07829376220449,-0.0003181619261185129,0.016628
3.9626283645629883,3.366017939360213,1.2808614181091105,0.20862252923672414,0.24266492467811165,0.8190460910602609,-4.869769069691012,-0.0003050975740112889,0.016628
3.9921674728393555,3.374587600371171,1.2925030248188467,0.18824445801839065,0.4405971522172554,1.2471344387214909,-4.441680722029782,-0.0002782772639586339,0.016628
4.023290395736694,3.378791585315736,1.296706938525031,0.1975804157938847,0.6552472791538472,1.3515035891578007,-4.337311571593472,-0.0002717383964796965,0.016628
4.052167177200317,3.361652263308725,1.2829633748244673,0.10789773126417017,0.5567218644887325,1.4962409694158898,-4.192574191335383,-0.00026267040517383893,0.01678
4.080386161804199,3.3577716625509444,1.2844185756407276,0.023334679916446797,0.5140955384663842,1.6923129665797048,-3.9965021941715677,-0.00025038623115857623,0.01678
4.107715606689453,3.3807318861255515,1.2895926230758417,0.09303615963014614,0.5779156513826225,1.5302958415973713,-4.158519319153902,-0.00026053682168412044,0.01678
4.134399652481079,3.392858767135212,1.2921796468452384,0.20990587892606985,0.6694190019283061,1.3351644133318041,-4.353650747419469,-0.0002727620677943964,0.01678
4.16219425201416,3.355346287161791,1.2929880917802739,0.08112465114334269,0.7481054947838949,1.5598039050058,-4.129011255745473,-0.00025868810187198077,0.01678
4.19104790687561,3.375557750725588,1.2819932409530166,0.10444223732339074,0.604161639377239,1.5100136530946406,-4.178801507656632,-0.00026180752803985644,0.01678
4.216372966766357,3.3802468109191777,1.2900776900299682,0.14708830266609887,0.6497424103795849,1.4374314427115056,-4.251383718039767,-0.00026635490102353595,0.01678
4.246953248977661,3.359065196118385,1.2849036425819047,0.058029803852985874,0.5879904087149331,1.604519196458753,-4.08429596429252,-0.0002558866287942503,0.01678
4.271812200546265,3.3716771493705404,1.28118479606384,0.06649066869023607,0.47744693248547576,1.591726470522063,-4.09708869022921,-0.0002566881102592684,0.016938
4.304016590118408,3.359711962909037,1.2797295952717906,0.005242322086401332,0.37372503531988166,1.8252952399504696,-3.8635199208008038,-0.0002420547130904103,0.016938
4.335444688796997,3.3749109838214832,1.2802146622012642,0.04769374433010936,0.30990019521705875,1.701442855828464,-3.9873723049228094,-0.00024981423133252194,0.016938
4.365708589553833,3.3750726755470746,1.2816698629969425,0.07831745556161801,0.29156427101576254,1.5471986040507153,-4.1416165567005585,-0.00025947784091012423,0.016938
4.394831418991089,3.36068211310368,1.28118479606384,0.018967365969772013,0.26994863609606046,1.9021397678934855,-3.7866753928577883,-0.0002372403001858279,0.016938
4.422888517379761,3.3631074886358,1.2816698629969425,-0.00896196380548558,0.2635981796310571,2.0662085286762384,-3.6226066320750356,-0.00022696117192132632,0.016938
4.4498748779296875,3.377821434926505,1.2824783078881365,0.05408962635136681,0.2737870067855552,1.6906630134351985,-3.9981521473160755,-0.00025048960293954113,0.016938
4.476396083831787,3.370221923905434,1.2853887095242944,0.055563103856986706,0.33360211434600623,1.6521034143216036,-4.0367117464296705,-0.000252905413622973,0.016938
4.501603603363037,3.3749109838214832,1.2821549299312553,0.08291829156951912,0.3169361024067181,1.5258933643842676,-4.162921796367007,-0.000260812642795581,0.016938
4.527543067932129,3.361813955010577,1.2857120874865613,0.028541959834755954,0.3696601400576248,1.744090057215217,-3.9447251035360575,-0.0002471423268756039,0.01709
4.556407451629639,3.3610054965042058,1.2876523552714871,-0.014060050001575102,0.44168891927903275,1.83085629232751,-3.8579588684237645,-0.00024170630568855951,0.01709
4.583951473236084,3.3419258778474976,1.2805380401549187,-0.15099187701284883,0.36332857260935525,2.3014457477964436,-3.387369412954831,-0.0002122232441379684,0.01709
4.615064382553101,3.350172153215189,1.2818315519749122,-0.2005506720205051,0.33189096452149314,2.467559477055503,-3.2212556836957713,-0.00020181599585132162,0.01709
4.641231298446655,3.3666647062005883,1.2968686275155596,-0.1426548480941289,0.5820797773252905,2.0013885474998405,-3.687426613251434,-0.00023102223081782785,0.01709
4.66882586479187,3.361328879905887,1.2659860327712082,-0.13208238450786786,0.19818754490859883,2.753518521649191,-2.9352966391020834,-0.00018390027756498082,0.01709
4.695463180541992,3.373779141750464,1.2824783078881365,-0.054787559866693904,0.2279995624798371,2.4117085974397505,-3.277106563311524,-0.0002053151284864229,0.01709
4.725543975830078,3.395607527058366,1.280699729131947,0.12186044481533338,0.21667285216402604,1.1090865896031061,-4.579728571148168,-0.00028692614715222,0.01709
4.752122163772583,3.3462915529488946,1.2729386583859548,-0.03133921615857364,0.06825635060666718,-2.7119444041247203,-2.1175742576964085,-0.00013266887188408778,0.01709
4.7831711769104,3.3559930539258827,1.2729386583859548,-0.08411605354851137,-0.035635200483478645,-2.3707662352808567,-1.776396088852545,-0.00011129360128496644,0.01709
4.8111252784729,3.3574482791619715,1.28118479606384,-0.11289040042502889,0.040909006046582215,-2.758654789386798,-2.1642846429584863,-0.00013559534026906538,0.01724
4.84382963180542,3.3472617029999174,1.2745555480992319,-0.19021851555968444,-0.02551004956655042,-2.6479551582542498,-2.053585011825938,-0.00012865985967046935,0.01724
4.875543117523193,3.3357815947265093,1.2818315519749122,-0.30879598425595456,0.059703928998360495,-2.997875906308567,-2.403505759880255,-0.00015058286460145298,0.01724
4.909345388412476,3.3550229037814763,1.2761724378259038,-0.28378208400805505,0.01691468885113942,-2.8721471896708044,-2.2777770432424926,-0.00014270579160666148,0.01724
4.937676191329956,3.3739408334740255,1.2790828393677063,-0.16006963386730685,0.0396451475924191,-2.826303507431705,-2.231933361003393,-0.00013983362333035732,0.01724
4.9689576625823975,3.369575157039584,1.2798912842481476,-0.09797924073474204,0.0701906151966737,-2.88329753100957,-2.288927384581258,-0.00014340437547032524,0.01724
4.9978930950164795,3.4208314455886395,1.2871672883234353,0.23322996373268684,0.2232797636269793,0.5838005809215004,-5.105014579829774,-0.0003198360212380972,0.01724
5.0284743309021,3.4119383965762977,1.2861971544309725,0.4151520224657253,0.31288119109530055,0.5199529982971908,-5.168862162454084,-0.0003238361580590406,0.01724
5.054674863815308,3.3555079788523807,1.2891075561229304,0.22570466708551426,0.42828511988550705,1.1070173058736896,-4.5817978548775855,-0.0002870557905576364,0.017393
5.080881118774414,3.365856247650843,1.2821549299312553,0.15118531141457264,0.38321420628436736,1.2736505312681048,-4.41516462948317,-0.00027661599514024546,0.017393
5.107619285583496,3.3839657209015215,1.2900776900299682,0.20068591637997701,0.49507920721457743,1.2373270042426803,-4.451488156508595,-0.0002788917129035302,0.017393
5.134384632110596,3.3786298935834718,1.288460800187606,0.20538172094861643,0.5441164134200789,1.2632162770963125,-4.4255988836549625,-0.000277269715180944,0.017393
5.163859844207764,3.358256737636569,1.2850653315625666,0.09429661916660574,0.5169790402231447,1.5096289699731738,-4.179186190778101,-0.0002618316289541798,0.017393
5.190824747085571,3.3957692188211746,1.29751538347903,0.22712708600849432,0.723348748574851,1.3165674612681433,-4.372247699483132,-0.0002739271918233656,0.017393
5.221384763717651,3.3886547815332166,1.2904010680000615,0.2801689160718567,0.7390270457363736,1.2440641385548277,-4.4447510221964475,-0.00027846962238855746,0.017393
5.248902320861816,3.3661796310698726,1.2891075561229304,0.19112571684634022,0.7265872181342662,1.3744693438432767,-4.3143458169079985,-0.0002702995610976481,0.017393
5.275643587112427,3.3834806456777162,1.2913712019135846,0.22592105293544382,0.7588549512420774,1.3320043609151506,-4.356810799836125,-0.0002729600493233504,0.017393
5.301106929779053,3.3807318861255515,1.292341335831975,0.23484662074344573,0.799003341319756,1.3331891849203696,-4.355625975830906,-0.00027288581850779236,0.017551
5.333975791931152,3.404177190889242,1.2829633748244673,0.3727133146011941,0.6573511080048755,1.0563005631616027,-4.632514597589672,-0.0002902332626187898,0.017551
5.361388206481934,3.376689592818938,1.278921150392021,0.314908311450055,0.4850238117102585,0.9767362084861625,-4.712078952265113,-0.00029521807632183284,0.017551
5.393441200256348,3.386876172299297,1.286682221376597,0.3316309001938811,0.5048825129590481,0.9707592047921183,-4.718055955959157,-0.0002955925436324614,0.017551
5.420358657836914,3.372485607972407,1.2721302135343355,0.26255001428695496,0.25536896719954777,0.5954795980025408,-5.0933355627487344,-0.0003191043151289844,0.017551
5.44685697555542,3.370706999057862,1.2769808826942666,0.20420852225796396,0.1685143618587001,0.3056353706682008,-5.383179790083075,-0.00033726344533318003,0.017551
5.473478317260742,3.390271699049154,1.2727769694153632,0.27320307951536726,0.031618578195374114,-0.44744506969394804,-6.136260230445224,-0.0003844449465710659,0.017551
5.502217531204224,3.3844507961279424,1.2850653315625666,0.28882150131198286,0.15823055556585539,0.14374854478572124,-5.545066615965554,-0.0003474058724450813,0.017551
5.534423828125,3.3485552364174054,1.283448441762009,0.09824153876960788,0.21759064603627343,1.314523268057477,-4.374291892693798,-0.000274055263274077,0.017551
5.5638768672943115,3.3498487698533275,1.287814044254441,-0.027902711793180376,0.33816710288543245,2.0234753507622134,-3.665339809989062,-0.0002296384629231745,0.01771
5.59808087348938,3.3786298935834718,1.2776276385913707,0.045369681227413736,0.23818037389589514,1.828041505073042,-3.8607736556782335,-0.0002418826558912912,0.01771
5.626069784164429,3.370706999057862,1.2816698629969425,0.05218228911628095,0.24136039609094,1.7639319477775937,-3.9248832129736817,-0.0002458992057773046,0.01771
5.659528017044067,3.3317393034256595,1.2760107488526335,-0.16180830218210218,0.14114738656989323,3.0870921350744207,-2.601723025676855,-0.00016300144257840225,0.01771
5.686814785003662,3.3973861364652973,1.2849036425819047,0.05693079985289162,0.23197389204815697,1.7323501691338505,-3.956464991617425,-0.0002478778466346582,0.01771
5.716588020324707,3.3863910970597915,1.2871672883234353,0.14832349474095421,0.3365280574230162,1.226778395742882,-4.462036765008394,-0.00027955259739649606,0.01771
5.742231845855713,3.363269180340254,1.2808614181091105,0.08249504187659794,0.2955696279407788,1.5195279653570568,-4.169287195394219,-0.00026121144359558265,0.01771
5.774842739105225,3.3645627139862935,1.2904010680000615,0.043676849267993714,0.4395816612925177,1.668073085575743,-4.020742075175533,-0.0002519048922660733,0.01771
5.8007917404174805,3.381216961334539,1.285873776467897,0.10999882533980947,0.45843886066974643,1.4613684880900746,-4.227446672661201,-0.00026485521297478384,0.01771
5.831645727157593,3.345968169600857,1.287814044254441,-0.041457780534223984,0.5067608531288635,1.8684833365911524,-3.820331824160123,-0.00023934892081922308,0.01771
5.863343000411987,3.3577716625509444,1.287005599341021,-0.08121417834243493,0.5259521007679148,1.9449225381181379,-3.7438926226331377,-0.0002345599021590994,0.017869
5.896953344345093,3.3909184660636797,1.286682221376597,0.07703805236839671,0.5335323152994155,1.561812908924935,-4.12700225182634,-0.0002585622350776554,0.017869
5.923926591873169,3.385906021822904,1.2855503985053607,0.15967542418159517,0.5183506596929002,1.3507069652247214,-4.338108195526554,-0.0002717883060392474,0.017869
5.953946828842163,3.3587418127247926,1.2800529732246386,0.06502535791531684,0.4082113029713779,1.602056157126515,-4.086759003624761,-0.00025604094151713446,0.017869
5.982666015625,3.384127412643371,1.273585414269659,0.14128166468268014,0.21404058298633546,0.8676403521519004,-4.821174808599375,-0.00030205307827488835,0.017869
6.01964259147644,3.357286587467918,1.2784360834657704,0.043980286852943244,0.16592595634252325,0.0,-4.821174808599375,-0.00030205307827488835,0.017869
6.047919034957886,3.368443315035496,1.2790828393677063,0.038501694564351846,0.1439530348363851,0.0,-4.821174808599375,-0.00030205307827488835,0.017869
6.07499623298645,3.3842891043855117,1.2816698629969425,0.12362281609082562,0.17540125874929102,0.6862017618287153,-5.00261339892256,-0.0003134204496938259,0.017869
6.103837251663208,3.3726472996936496,1.275687370906495,0.11785207105132545,0.08912233194589018,-0.7992528725567141,-6.488068033307989,-0.00040648617802077034,0.018027
6.12989616394043,3.3665030144900605,1.2739087922123145,0.07931935647980064,-0.0034680383097223377,-1.5307032719787945,-7.219518432730069,-0.000452312528137086,0.018027
6.15661883354187,3.397224444699573,1.2832867527826939,0.22481244503000133,0.10147480096789137,-0.21308145677265763,-5.901896617523932,-0.0003697617513896271,0.018027
6.1853554248809814,3.4007816636129036,1.2876523552714871,0.34662735689023316,0.25395918191621397,0.41439591468860737,-5.274419246062667,-0.00033044945114702866,0.018027
6.211256980895996,3.378953277048291,1.2941199146950066,0.30935616070418775,0.47777142734135714,0.9713027864685175,-4.717512374282757,-0.0002955584875102155,0.018027
6.246342420578003,3.387846322786162,1.2889458671388967,0.3331906893856722,0.5407814558168536,1.004317515862882,-4.684497644888392,-0.0002934900703633837,0.018027
6.276968717575073,3.3815403448086494,1.2905627569853109,0.314473944872732,0.6141567702686785,1.1076925554828747,-4.5811226052683995,-0.00028701348526252555,0.018027
6.3051347732543945,3.384774179613676,1.2929880917802739,0.31952653857793406,0.7094219326221556,1.168860840719521,-4.519954320031753,-0.0002831812100221484,0.018027
6.331688404083252,3.427137426335072,1.289269245107099,0.5608849393859019,0.7087904683976479,0.8672669457353013,-4.821548215015973,-0.000302076472688503,0.018027
6.3622236251831055,3.423903589999061,1.2996173403753022,0.7116814964924681,0.8956655329082288,0.8732434679478873,-4.8155716928033865,-0.0003017020355433346,0.018027
6.390967845916748,3.4072493347264707,1.3025277422695756,0.7237443310830091,1.079161011290258,0.9687722882328491,-4.720042872518425,-0.0002957170266240202,0.018186
6.420334815979004,3.4140403898992226,1.2894309340914027,0.770312388200511,0.9705346529111097,0.8759696547576424,-4.812845505993632,-0.00030153123627748554,0.018186
6.450293779373169,3.3993264376767445,1.2863588434127124,0.7203078738830432,0.8388864429935771,0.8273430183077068,-4.861472142443567,-0.0003045777603735748,0.018186
6.483139991760254,3.426652350877179,1.2908861349562148,0.8387087255385632,0.8286839202255254,0.7348920738051753,-4.953923086946099,-0.00031036993624046136,0.018186
6.511707067489624,3.4004582800694925,1.2970303165062238,0.7745393214066323,0.932761675879023,0.8501030016586637,-4.83871215909261,-0.00030315181684205644,0.018186
6.5405073165893555,3.379276660514271,1.288460800187606,0.6107099672705527,0.8504941414851908,0.9286675793185191,-4.760147581432755,-0.00029822964051208847,0.018186
6.567680835723877,3.3723239162514544,1.2868439103587415,0.45699764560575706,0.7636385732082077,1.0279871329590469,-4.660828027792228,-0.0002920071370557733,0.018186
6.602304458618164,3.3907567743096108,1.2886224891712346,0.45287861331134494,0.7350347990491873,1.0116580258370467,-4.677157134914228,-0.00029303017755264203,0.018186
6.629926443099976,3.3839657209015215,1.2849036425819047,0.41187122770771095,0.6476950807836521,0.9921110954150073,-4.696704065336267,-0.0002942548190019151,0.018337
6.66120982170105,3.406764259376735,1.2821549299312553,0.5111539949799498,0.5368011789130689,0.7373621075873616,-4.951453053163912,-0.00031021518530589213,0.018337
6.690001487731934,3.3742642169220183,1.2769808826942666,0.39820105272822,0.36551691005816356,0.6010001867338176,-5.087814974017457,-0.00031875844282889734,0.018337
6.723055124282837,3.38493587135698,1.2853887095242944,0.37904322983712513,0.39781304663684414,0.7003857633194809,-4.988429397431793,-0.0003125318029463776,0.018337
6.749539375305176,3.373779141750464,1.2798912842481476,0.30300037017480197,0.3209081445277766,0.6640298513424111,-5.024785309408863,-0.00031480954967038716,0.018337
6.782919883728027,3.4066025675940743,1.288460800187606,0.434036678725621,0.42219666953932233,0.661749082199417,-5.027066078551856,-0.00031495244292106264,0.018337
6.8142006397247314,3.380085119184301,1.275525681933627,0.37689669593461306,0.25895229026013666,0.34745887862616026,-5.341356282125113,-0.0003346431463760828,0.018337
6.841155767440796,3.3576099708563136,1.286682221376597,0.21072623969864146,0.34663244794397347,1.0159486632243853,-4.672866497526888,-0.0002927613633565055,0.018337
6.866390943527222,3.3896249320392857,1.2847419536013778,0.2741346184766751,0.3728866056325857,0.8736109959388275,-4.815204164812446,-0.00030167900942098413,0.018486
6.893876791000366,3.4140403898992226,1.283610130741459,0.45558558937607213,0.3707767104409195,0.5333440069521692,-5.1554711537991045,-0.00032299719337801976,0.018486
6.919453144073486,3.380085119184301,1.2813464850414065,0.39198093338993634,0.32832417301749817,0.5210695368699508,-5.167745623881323,-0.0003237662054175571,0.018486
6.9456868171691895,3.3723239162514544,1.2879757332375297,0.30388732188933054,0.4186074011960912,0.8947205057944594,-4.7940946549568135,-0.00030035647027110824,0.018486
6.970282793045044,3.3682816233217845,1.286682221376597,0.21952890349561,0.45839102559914163,1.1774176284457478,-4.511397532305525,-0.0002826451157763555,0.018486
6.99646782875061,3.3750726755470746,1.2865205323945874,0.19860206697747013,0.4833127332770109,1.2622866744901065,-4.426528486261166,-0.00027732795603300256,0.018486
7.021914958953857,3.362299030117868,1.2813464850414065,0.11224374921299286,0.40709938900275944,1.5027389390746135,-4.186076221676659,-0.0002622632986456845,0.018486
7.049663782119751,3.3555079788523807,1.2818315519749122,0.013668875808601553,0.36253053599688007,1.954025178422353,-3.7347899823289197,-0.00023398960951602536,0.018486
7.0790486335754395,3.3736174500271923,1.2687347451940352,0.046330606706948704,0.09425917093947354,-2.2085687420888607,-1.6141985956605467,-0.00010113171044878946,0.018486
7.106285095214844,3.36035872970431,1.2904010680000615,-0.00523885925944927,0.298664341391608,2.1976852672224334,-3.4911298935288393,-0.00021872397763237698,0.018486
7.135312557220459,3.3729706831370043,1.2904010680000615,0.02946432958401896,0.4417479607081049,1.7993910713997472,-3.8894240893515253,-0.00024367764404842928,0.018486
7.162683963775635,3.358256737636569,1.278112705515608,-0.0288455547886266,0.31946746219007555,2.233200346833365,-3.455614813917907,-0.00021649891018563652,0.018638
7.189458847045898,3.3427343361837862,1.2794062173194798,-0.15680315369659656,0.25728574751652383,2.7766738155566664,-2.912141345194606,-0.0001824495672960567,0.018638
7.217828035354614,3.3587418127247926,1.2844185756407276,-0.15650964659941902,0.3044902565858475,2.6228635381173993,-3.065951622633873,-0.00019208598779837452,0.018638
7.250013113021851,3.360035346306096,1.2790828393677063,-0.14904246759837583,0.24094804500671207,2.82599295454693,-2.8628222062043425,-0.00017935965698554382,0.018638
7.278052806854248,3.372000532810418,1.2824783078881365,-0.07664449006736265,0.25793191254851905,2.626634637786071,-3.062180522965201,-0.00019184972333823256,0.018638
7.308264493942261,3.367634856469833,1.2824783078881365,-0.05047422723471633,0.2698206198277772,2.496600771701391,-3.192214389049881,-0.00019999651972918794,0.018638
7.335479497909546,3.369575157039584,1.2829633748244673,-0.021262456091941967,0.28692320296048224,2.31040268764836,-3.3784124731029124,-0.00021166207982395733,0.018638
7.367761850357056,3.3749109838214832,1.279567906295568,0.029140399605267386,0.2374315953528835,2.2707885948409334,-3.418026565910339,-0.00021414395595385988,0.018638
7.396589279174805,3.372000532810418,1.278274394490622,0.048083516975187604,0.17937283571904586,0.0,-3.418026565910339,-0.00021414395595385988,0.018796
7.424787759780884,3.4022368895727073,1.2818315519749122,0.23108655061114147,0.20312194869827654,0.2825658427757929,-5.40624931797548,-0.00033870878224604627,0.018796
7.454665184020996,3.3933438424096494,1.2847419536013778,0.3092643001437664,0.2724292561605939,0.46774469757870524,-5.221070463172567,-0.00032710707823297645,0.018796
7.489335298538208,3.3957692188211746,1.2777893275659824,0.37760446269250675,0.19509071045884632,0.11203338460011054,-5.5767817761511616,-0.0003493928698352106,0.018796
7.516709804534912,3.4072493347264707,1.2824783078881365,0.4898904074230444,0.22583177836501034,0.1568624082480042,-5.531952752503267,-0.00034658427128268516,0.018796
7.545363664627075,3.378468201851498,1.2844185756407276,0.4069171489820187,0.2824724781797894,0.36415773708723737,-5.324657423664034,-0.00033359694046111596,0.018796
7.570188760757446,3.388978165034076,1.2798912842481476,0.40783739175403316,0.24016974660783424,0.24021681405200876,-5.448598346699262,-0.0003413620057850795,0.018796
7.596870422363281,3.3962542941113494,1.2891075561229304,0.4493287744390514,0.37738710874427933,0.543243949762443,-5.145571210988828,-0.00032237694866188633,0.018796
7.624711036682129,3.38493587135698,1.289916001045124,0.4148326350347046,0.48807340948093864,0.7935207573418438,-4.895294403409427,-0.00030669677045815677,0.018796
7.650574207305908,3.3947990682486955,1.2921796468452384,0.44605600192162637,0.6065294325971328,0.9017071901809274,-4.787107970570343,-0.0002999187451087465,0.018948
7.680307388305664,3.3399855778697294,1.2918562688721713,0.16019677549678038,0.683594989806173,1.4500917457793498,-4.23872341497192,-0.000265561716029141,0.018948
7.710380792617798,3.3834806456777162,1.2876523552714871,0.20427079399075526,0.6614433141030178,1.3582619068666104,-4.330553253884659,-0.00027131497879646595,0.018948
7.737163543701172,3.3935055341683777,1.288460800187606,0.2914009863564468,0.6605712882419791,1.1964067039997386,-4.492408456751531,-0.00028145542468395874,0.018948
7.765165328979492,3.359873654607422,1.2929880917802739,0.16358725996092557,0.7419120952034687,1.4570495033799584,-4.231765657371311,-0.0002651258031687723,0.018948
7.790841817855835,3.370221923905434,1.2824783078881365,0.13221144738367369,0.6086067476862433,1.4935029749832556,-4.195312185768014,-0.0002628419442031229,0.018948
7.8173065185546875,3.4080577936485446,1.2849036425819047,0.3226538766625583,0.5591954448295926,1.047165094865102,-4.641650065886168,-0.0002908056119796795,0.018948
7.851005554199219,3.3414408028491747,1.2902393790149473,0.08198472567110976,0.6211929036542361,1.608026756027722,-4.080788404723548,-0.00025566687547538066,0.018948
7.876819610595703,3.356154745617627,1.2853887095242944,-0.0038815787968308176,0.5767862421540989,1.819176616338572,-3.869638544412698,-0.00024243805307913705,0.0191
7.909126281738281,3.391888616594203,1.2753639929608929,0.136617167009321,0.36423816185411906,1.3739561268443916,-4.314859033906878,-0.00027033171483205706,0.0191
7.936943531036377,3.378953277048291,1.2815081740191072,0.16234902778754176,0.3266740183329974,1.1763215281088586,-4.512493632642411,-0.00028271378793490577,0.0191
7.968269109725952,3.359873654607422,1.2758490598794971,0.07325088896269535,0.19794009289569722,0.0,-4.512493632642411,-0.00028271378793490577,0.0191
7.994626760482788,3.361652263308725,1.2776276385913707,0.020867062482339306,0.14002146690307246,-2.73150571927069,-2.137135572842374,-0.00013389441455563853,0.0191
8.028619050979614,3.358256737636569,1.2724535914745818,-0.03486364175979239,0.005819893338555806,-2.241899368616136,-1.6475292221878202,-0.00010321991897535778,0.0191
8.054957389831543,3.3744259086464496,1.2802146622012642,0.016896422664805774,0.05236659583014136,-2.1623502898534626,-1.5679801434251468,-9.823606232877053e-05,0.0191
8.08675241470337,3.398032903531112,1.2850653315625666,0.185654970806969,0.1727541679101804,-0.004998860754580297,0.5893712856737361,3.692490277827087e-05,0.0191
8.116310834884644,3.3947990682486955,1.2865205323945874,0.2856316369622131,0.28336693289474074,0.5315150188861307,1.1258851653144473,7.053821806267547e-05,0.019248
8.141959428787231,3.4004582800694925,1.288460800187606,0.3873853594031972,0.39591782139619586,0.6565165022585399,1.2508866486868562,7.836972891646515e-05,0.019248
8.168757438659668,3.3909184660636797,1.2844185756407276,0.4050577287903392,0.4015327083016193,0.6398913486008538,1.2342614950291702,7.732814070644212e-05,0.019248
8.195406913757324,3.400619971841052,1.2887841781549982,0.4718913396018507,0.484487523050585,0.6949056586131065,1.2892758050414228,8.077486113207993e-05,0.019248
8.225755214691162,3.398517978833536,1.2886224891712346,0.5068745603510185,0.539629063938854,0.7314618629136157,1.3258320093419318,8.306515643921532e-05,0.019248
8.252052307128906,3.3519507617260325,1.2832867527826939,0.2699407037620227,0.4816427725419029,1.0672331317174328,1.661603278145749,0.0001041016774874787,0.019248
8.27930760383606,3.3834806456777162,1.2832867527826939,0.2810915437764249,0.44105236856403707,0.9753240671833002,1.5696942136116165,9.834345112854583e-05,0.019248
8.306274175643921,3.3758811341793806,1.289916001045124,0.2462344935030277,0.5326390913547651,1.185839812923177,1.7802099593514935,0.00011153254539508137,0.019248
8.333482503890991,3.407411026510301,1.2937965367186919,0.39883914497825246,0.6669937049172453,1.0261760379391813,1.6205461843674978,0.00010152939540830134,0.019248
8.362722873687744,3.359388579513133,1.297353694487959,0.2360708244765134,0.8254321842924345,1.3678454934164739,1.9622156398447905,0.00012293544577497597,0.019248
8.392006874084473,3.3723239162514544,1.2839335087007624,0.19475024564993115,0.6934122742259597,1.3944194984116518,1.9887896448399682,0.00012460034288606364,0.019248
8.417855739593506,3.372000532810418,1.286682221376597,0.1640104092064589,0.6507544367200389,1.4425098588533434,2.03688000528166,0.00012761326856983114,0.0194
8.444069147109985,3.355346287161791,1.286682221376597,0.048997822339609205,0.6208939504658983,1.694302858453109,2.2886730048814257,0.00014338843824041026,0.0194
8.471382856369019,3.394637376487635,1.278597772441053,0.18906391717503354,0.4536501428607006,1.264659980404247,1.8590301268325637,0.00011647073477069458,0.0194
8.497653007507324,3.395607527058366,1.2818315519749122,0.2925564787445426,0.3951160636974362,0.8426001707089779,1.4369703171372947,9.002812072003214e-05,0.0194
8.526490449905396,3.379276660514271,1.2818315519749122,0.2733219774070916,0.3541422082831511,0.7888501924092579,1.3832203388375746,8.666061237462213e-05,0.0194
8.5546395778656,3.394960760010046,1.2823166189096287,0.34790625744396125,0.3342409975011444,0.5527968525337362,1.147166998962053,7.187155352960928e-05,0.0194
8.585300922393799,3.3973861364652973,1.2824783078881365,0.41373099159113436,0.3232369792946203,0.4227665418488217,1.0171366882771382,6.372497988922537e-05,0.0194
8.617570161819458,3.3655328642329696,1.275687370906495,0.28098830743367986,0.19260733632762203,0.04603275445213097,0.6404029008804475,4.012210202419592e-05,0.0194
8.644026517868042,3.38331895393703,1.2816698629969425,0.28791715060091955,0.20945926979315152,0.13597556538084754,0.7303457118091639,4.575713995338638e-05,0.0194
8.671802997589111,3.401751814250145,1.281023107086408,0.396246946347969,0.2095483059188312,0.08583000087574016,0.6802001473040566,4.2615452974191384e-05,0.019558
8.705534219741821,3.370545307340096,1.2876523552714871,0.2968886590836934,0.3296106353818732,0.651290084900374,1.2456602313286904,7.80422868480781e-05,0.019558
8.73534607887268,3.3791149687811357,1.2857120874865613,0.2754467879412387,0.3785323131402374,0.854993853992191,1.4493640004205073,9.080460162675661e-05,0.019558
8.77145004272461,3.372000532810418,1.292664713805854,0.22049798881037336,0.5386311536354531,1.261024431680701,1.8553945781090175,0.00011624296275935685,0.019558
8.799842357635498,3.3718388410903346,1.2802146622012642,0.1811261137887743,0.4253344780379614,1.2728498618850548,1.8672200083133714,0.0001169838418473291,0.019558
8.82738971710205,3.3831572621966335,1.2902393790149473,0.2171058993054674,0.5274902269000928,1.2605455017367446,1.8549156481650613,0.00011621295715499834,0.019558
8.85501742362976,3.389139856784942,1.2921796468452384,0.2758772327832493,0.6341212047905354,1.2114899043634477,1.8058600507917646,0.00011313955808081659,0.019558
8.889256954193115,3.381378653071449,1.2719685245644128,0.27344680952494366,0.34290922229612625,0.7532976162588726,1.3476677626871894,8.443319571931402e-05,0.019558
8.918502807617188,3.3608438048037987,1.2737471032409198,0.15646562926201454,0.1712559557233413,-0.3440544169132193,0.25031572951509773,1.5682616715286674e-05,0.019714
8.951770067214966,3.36375425545535,1.2832867527826939,0.0909176826778227,0.22378159679104395,0.0,0.25031572951509773,1.5682616715286674e-05,0.019714
8.979066848754883,3.382995570456527,1.2842568866606046,0.15305228178540184,0.2781105217078941,1.1117976291985134,1.706167775626831,0.00010689370312030259,0.019714
9.007169485092163,3.38736124754142,1.2871672883234353,0.22105482677821223,0.3688236981848255,1.0137992075501232,1.6081693539784405,0.00010075397035803502,0.019714
9.032833576202393,3.3750726755470746,1.2886224891712346,0.19967021327529166,0.45866438653281166,1.2466161667535254,1.8409863131818427,0.00011534026560635367,0.019714
9.059112787246704,3.3839657209015215,1.268896434161285,0.234625347682472,0.16447969545170857,-0.19691899693240553,0.39745114949591187,2.4900848431175178e-05,0.019714
9.085721969604492,3.3923736918633973,1.2844185756407276,0.3062951630464122,0.2395260201404768,0.24914311514316997,0.8435132615714873,5.2847238969411686e-05,0.019714
9.11183500289917,3.3753960589991268,1.2876523552714871,0.2611538799897425,0.3505950353370332,0.8166303605586301,1.4110005069869476,8.840107722761713e-05,0.019714
9.141476154327393,3.377821434926505,1.2760107488526335,0.24317071700803058,0.21761163404215442,0.20562679054409572,0.7999969369724131,5.012088277570665e-05,0.019714
9.168988227844238,3.378953277048291,1.275687370906495,0.2369365127866393,0.11866959465089724,-0.512982999180867,0.08138714724745055,5.099014106324399e-06,0.019866
9.196012258529663,3.372485607972407,1.2837718197210433,0.19626394310189899,0.19575163211409474,0.06962613296350205,0.6639962793918195,4.1600258882054155e-05,0.019866
9.223384380340576,3.4023985813474793,1.2908861349562148,0.33572056483684193,0.37848955260988504,0.6981632560304287,1.292533402458746,8.097895398636263e-05,0.019866
9.250945091247559,3.35680151238749,1.2874906662886683,0.17736437051898868,0.44494267864670906,1.3171037385219382,1.9114738849502553,0.00011975640666699207,0.019866
9.277735471725464,3.38493587135698,1.2849036425819047,0.2244575522906632,0.4446305965019267,1.1520733513564874,1.7464434977848047,0.00010941703121781548,0.019866
9.308320999145508,3.388493089783224,1.2845802646209854,0.27739252667147335,0.43855848024816935,0.9805180059140477,1.574888152342365,9.866885836729507e-05,0.019866
9.337428331375122,3.3674731647575684,1.2850653315625666,0.19644396889637747,0.44308848700281206,1.2467373963272066,1.8411075427555241,0.00011534786080199833,0.019866
9.36332392692566,3.3585801210284294,1.283448441762009,0.08985562371883614,0.4169911980421418,1.6697182379590867,2.2640883843874042,0.00014184817874075598,0.019866
9.389659404754639,3.401105047157483,1.2829633748244673,0.2539730138185568,0.3899426077105428,0.9474694289672179,1.5418395753955356,9.659832062583235e-05,0.019866
9.416176795959473,3.399811512986171,1.289916001045124,0.36159345954311717,0.4968622587573217,0.8838857064818657,1.4782558529101837,9.261471499705069e-05,0.019866
9.445208549499512,3.3907567743096108,1.2916945798858406,0.38609568306749703,0.6039011386358211,0.983326761197531,1.5776969076258491,9.884483065894151e-05,0.019866
9.475676536560059,3.359873654607422,1.295898493574422,0.22987354765866405,0.7549259218913469,1.3659830647203164,1.9603532111486346,0.0001228187621152717,0.020024
9.502398014068604,3.376527901090447,1.2925030248188467,0.21401275891309787,0.7991798502665107,1.4060830947496439,2.000453241177962,0.0001253310828649092,0.020024
9.530386209487915,3.3826721869771874,1.2853887095242944,0.23740340367019444,0.7013771047826791,1.3307245964155934,1.9250947428439114,0.00012060977171158352,0.020024
9.556818962097168,3.370706999057862,1.2879757332375297,0.18660589482623657,0.6797444534317179,1.4215349146780727,2.0159050611063907,0.00012629916014059858,0.020024
9.586491823196411,3.382510495237953,1.2876523552714871,0.2173108830718843,0.6587479386408912,1.3504376964560263,1.944807842884344,0.0001218448239106726,0.020024
9.621720314025879,3.377821434926505,1.279567906295568,0.21248061916552988,0.4977089103291684,1.2531089781264,1.847479124554718,0.00011574704896097029,0.020024
9.6497642993927,3.3543761370243095,1.279567906295568,0.07748067655843781,0.3849815905109585,1.7695259504964724,2.3638960969247904,0.00014810126600772668,0.020024
9.681615591049194,3.371192074212898,1.2753639929608929,0.0773831327087059,0.22997490570391677,0.0,2.3638960969247904,0.00014810126600772668,0.020024
9.706820011138916,3.392858767135212,1.276819193720326,0.1989487600810592,0.14781168955355067,-0.5597190309913194,0.034651115436998836,2.1709389306389146e-06,0.020183
9.73409914970398,3.389139856784942,1.2794062173194798,0.26316723532615943,0.13712670667096447,-0.40400006472582745,0.1903700817024907,1.1926941351953279e-05,0.020183
9.762133121490479,3.3839657209015215,1.2743938591273016,0.2790732631180878,0.03891551164870475,-0.7776560702609571,-0.18328592383263898,-1.1483109344916878e-05,0.020183
9.787487268447876,3.3770129762767924,1.2790828393677063,0.25117570677117057,0.05504572355071885,-0.8183138711759104,-0.2239437247475924,-1.403037518981932e-05,0.020183
9.817732810974121,3.398032903531112,1.2828016858455558,0.34965046968142105,0.13365394621836824,-0.27566099043636383,0.31870915599195415,1.9967556760242924e-05,0.020183
9.84683609008789,3.415818999672667,1.2845802646209854,0.5184315619352943,0.22087482504968514,0.05250968973075498,0.6468798361590729,4.052789072018066e-05,0.020183
9.872498989105225,3.3865527888060027,1.2798912842481476,0.4722817439753067,0.19705138941676528,-0.007647345785880175,0.5867228006424376,3.675897163322262e-05,0.020183
9.901998519897461,3.4087045607914677,1.283610130741459,0.5643339482708203,0.24769205908984654,0.1068715481554892,0.7012416945838069,4.393373417739081e-05,0.020183
9.93109130859375,3.3867144805525045,1.2912095129276595,0.505321130188476,0.4207015104358375,0.5187268941349045,1.1130970405632223,6.973702486810782e-05,0.020183
9.95862078666687,3.3852592548444576,1.2839335087007624,0.4558427155848813,0.4101008025263458,0.5573721558510254,1.1517423022793434,7.215820242866265e-05,0.020342
9.995234727859497,3.375557750725588,1.286682221376597,0.36674488243246445,0.4524364065303185,0.7952046829718719,1.38957482940019,8.705872974466296e-05,0.020342
10.021173238754272,3.3718388410903346,1.2907244459706955,0.2834989393242439,0.555242065233451,1.1391016417122282,1.7334717881405464,0.00010860433618308086,0.020342
10.051247119903564,3.3466149362980837,1.2868439103587415,0.08362316074691264,0.5569621198319858,1.674959613535566,2.269329759963884,0.0001421765579616145,0.020342
10.076345682144165,3.3962542941113494,1.2849036425819047,0.22237881273406704,0.5230442053316111,1.2633996263833478,1.857769772811666,0.00011639177189819111,0.020342
10.102998971939087,3.3605204214038507,1.2818315519749122,0.1189026004741997,0.4436919074270669,1.5789702860099404,2.1733404324382586,0.00013616269764505092,0.020342
10.128622770309448,3.369575157039584,1.2790828393677063,0.09730132330431422,0.338389200595571,1.7440644502218465,2.3384345966501647,0.00014650606881186275,0.020342
10.155748128890991,3.378306510119814,1.2873289773059842,0.1311970744037931,0.4139456028202177,1.521385416402376,2.115755562830694,0.00013255492820761042,0.020342
10.184291124343872,3.3559930539258827,1.2904010680000615,0.02965934984515365,0.5224448437081263,1.8500359082645572,2.4444060546928754,0.000153145323014798,0.020342
10.211583614349365,3.381055269597919,1.2829633748244673,0.09927886002099913,0.4637601596767225,1.6532476794318793,2.2476178258601975,0.00014081627612333257,0.020493
10.241101741790771,3.3964159858753242,1.2891075561229304,0.23424551810232386,0.5339003978924984,1.237570932832488,1.831941079260806,0.00011477356955030269,0.020493
10.269676446914673,3.387684631037624,1.284095197680616,0.2797055237746365,0.49226685311124513,1.0637645208575799,1.6581346672858976,0.00010388436435755713,0.020493
10.303771734237671,3.3909184660636797,1.288460800187606,0.3296818438503492,0.5421477655477422,1.014442950434013,1.6088130968623306,0.00010079430171448152,0.020493
10.331989765167236,3.3445129445489328,1.2889458671388967,0.10415089416058412,0.5858448925613244,1.6168163802030744,2.211186526631392,0.0001385338062867304,0.020493
10.3670175075531,3.360035346306096,1.2887841781549982,0.03341991093362886,0.6135060520323706,1.784911695739575,2.3792818421678925,0.00014906520361561903,0.020493
10.396549224853516,3.3335179115759406,1.2889458671388967,-0.16495709930628522,0.6357956931005563,2.1617759595388355,2.756146105967153,0.00017267625600254474,0.020493
10.426578998565674,3.3513039949907815,1.2894309340914027,-0.2039723197035946,0.6601789301783171,2.195669008672547,2.7900391551008648,0.00017479970106093576,0.020493
10.45170259475708,3.3687666984637876,1.2905627569853109,-0.13324969883190071,0.6977350023216963,2.0506367284304057,2.645006874858723,0.0001657132338749239,0.020493
10.47892713546753,3.3674731647575684,1.288460800187606,-0.09100558895599435,0.6859754699950634,1.988836857584793,2.5832070040131105,0.0001618413889477057,0.020652
10.507959365844727,3.365209480816254,1.2865205323945874,-0.07414273007764596,0.6426218443541521,1.993482104144609,2.5878522505729267,0.0001621324198848614,0.020652
10.535468101501465,3.389463240287547,1.2918562688721713,0.07381862382557712,0.7088596780360825,1.6614260350468675,2.2557961814751852,0.00014132866108899022,0.020652
10.561744213104248,3.359550271210941,1.2949283596381636,0.009464175174574705,0.8108359222458756,1.7520546567106123,2.3464248031389303,0.0001470066659820128,0.020652
10.588032484054565,3.3479084697063577,1.2847419536013778,-0.1009394510961968,0.6978290376439226,1.9980244578590818,2.5923946042873998,0.0001624170044470355,0.020652
10.616978406906128,3.3731323748591167,1.288299111204112,-0.03661836906032355,0.6831144652894944,1.8910880017536025,2.4854581481819205,0.00015571729181913945,0.020652
10.644216775894165,3.377336359735807,1.2931497807676868,0.0320069956120763,0.7606191486387932,1.7274640161736403,2.3218341626019585,0.00014546602931858065,0.020652
10.675082445144653,3.3395005028817546,1.2910478239418695,-0.13236067484275285,0.7768236436474099,1.9919151121646816,2.5862852585929996,0.00016203424573230324,0.020652
10.701156854629517,3.357286587467918,1.288460800187606,-0.14756935081485653,0.7413375189230655,2.04047638936681,2.634846535795128,0.00016507667498371722,0.020652
10.731672286987305,3.352920911837557,1.2805380401549187,-0.18272374144729375,0.5730825923601943,2.2752339112596123,2.8696040576879303,0.00017978454909137808,0.020652
10.762042045593262,3.372162224530791,1.2816698629969425,-0.0993136661299756,0.4757919490159521,2.273581081028755,2.867951227457073,0.00017968099705708846,0.02081
10.791964292526245,3.387199555793755,1.266471099666553,0.04349094745262921,0.1325665523873695,-2.248152017157281,4.629403436450623,0.0002900383441940559,0.02081
10.821227312088013,3.3333562199244806,1.283448441762009,-0.1588150889877303,0.199625843811336,-3.0602978465759247,3.8172576070319795,0.00023915631698640105,0.02081
10.84725046157837,3.393020458893066,1.2802146622012642,0.03451772073558584,0.18803076116108347,-2.742344382471626,4.135211071136278,0.0002590765286347251,0.02081
10.877504825592041,3.3388537362351447,1.2779510165407282,-0.13423402846417837,0.13893859323195895,-2.8200501978874404,4.057505255720464,0.00025420815491296295,0.02081
10.905562162399292,3.3401472695329626,1.2805380401549187,-0.24509853046244498,0.151403344376413,-2.9484078742930997,3.929147579314805,0.0002461663740571045,0.02081
10.941350936889648,3.3655328642329696,1.2863588434127124,-0.18019235800382483,0.26549452701928933,2.9930455095482302,3.587415655976548,0.00022475640999502434,0.02081
10.967881202697754,3.378791585315736,1.2776276385913707,-0.06032535542165619,0.18730957078958826,-2.9459473182336087,3.931608135374296,0.00024632053119961496,0.02081
10.999569654464722,3.362945796931635,1.2719685245644128,-0.06537458432011166,0.030141078495456608,-2.319616965720755,4.557938487887149,0.0002855609691642497,0.02081
11.02568507194519,3.3807318861255515,1.2821549299312553,0.030939674664553548,0.1045133773113347,-2.179049904691747,4.698505548916158,0.00029436768436821484,0.02097
11.056198120117188,3.382510495237953,1.2797295952717906,0.10834452895871448,0.11267154669798157,-1.6047083484717708,5.272847105136134,0.0003303509544060488,0.02097
11.086580276489258,3.361813955010577,1.279567906295568,0.04634032600719187,0.11545543596912367,-2.1285124692862993,4.749042984321606,0.00029753392258573524,0.02097
11.117204189300537,3.389463240287547,1.2773042606425504,0.15815676308496276,0.07642854852108172,-1.260042579783439,5.617512873824466,0.00035194472782048674,0.02097
11.144654989242554,3.3424109528484083,1.2816698629969425,-0.02771696185680052,0.1281341183285706,-2.558682781647428,4.318872671960477,0.0002705831746478282,0.02097
11.175678968429565,3.370221923905434,1.28118479606384,-0.0017015078887312564,0.1555475292150167,-2.624392661653178,4.253162791954727,0.0002664663623942239,0.02097
11.204818964004517,3.372485607972407,1.2808614181091105,0.029217328629132955,0.16888325819517375,-2.5861980110332037,4.291357442574702,0.00026885930856427757,0.02097
11.235427856445312,3.360035346306096,1.2808614181091105,-0.019033584938394438,0.17821826848128636,-2.8326194226548016,4.044936030953104,0.0002534206760964433,0.02097
11.261905670166016,3.3608438048037987,1.2729386583859548,-0.048270646862315456,0.04133814202875209,-2.299732435797217,4.5778230178106885,0.00028680676167580535,0.021128
11.290422916412354,3.3635925637500286,1.2792445283435259,-0.0533054261563249,0.059668394108955504,-2.3695226353782495,4.5080328182296565,0.00028243431191951997,0.021128
11.318609476089478,3.341117419518397,1.263399009349625,-0.1830022169479986,-0.2143296885511744,-2.165903530301408,4.711651923306498,0.00029519132238392705,0.021128
11.351145505905151,3.386229405313872,1.2798912842481476,-0.020537332794702483,-0.10759177010384041,-1.9513817468136647,4.926173706794241,0.00030863140029686973,0.021128
11.383134841918945,3.361652263308725,1.278112705515608,-0.044784692747847486,-0.06507034937828349,-2.0706293641339735,4.806926089473933,0.0003011603768806893,0.021128
11.409462928771973,3.365209480816254,1.278921150392021,-0.041788102731946476,-0.02067120845795275,-2.1369104595814057,4.740644994026501,0.0002970077772123224,0.021128
11.435651540756226,3.392858767135212,1.2798912842481476,0.11552889527260086,0.027969165961414747,-1.5358389283966005,5.3417165252113055,0.0003346657160893646,0.021128
11.462169885635376,3.3742642169220183,1.278921150392021,0.12126348293308072,0.04445645227984137,-1.4991836670100918,5.378371786597814,0.000336962217456006,0.021128
11.489708662033081,3.384127412643371,1.27310034735668,0.18064835219512235,-0.049368300112274804,-1.3067877859226245,5.570767667685281,0.00034901607786078185,0.021128
11.517879247665405,3.3438661778666705,1.276819193720326,-0.003803411406097008,-0.04772855451777673,-1.9763766850215263,4.901178768586379,0.0003070654338412438,0.021128
11.544524908065796,3.3601970380050585,1.280699729131947,-0.041240387451623596,0.023663170265690987,-2.2368006033545305,4.640754850253375,0.0002907495255176988,0.021128
11.572007894515991,3.347423394676096,1.2857120874865613,-0.13915579109478105,0.1643690875589085,-2.942547826183562,3.9350076274243433,0.0002465335139432517,0.021287
11.601056575775146,3.3385303529135633,1.2740704811838428,-0.2576209173396957,0.05213151983392786,-2.724347122455488,4.153208331152417,0.00026020408115132166,0.021287
11.631025791168213,3.3817020365461405,1.2774659496168936,-0.09818646410731353,0.035028636491934134,-2.42542991162896,4.452125541978944,0.0002789316459594782,0.021287
11.659590482711792,3.3511423033076895,1.2784360834657704,-0.15814059048663523,0.0406175937964316,-2.5635397835906772,4.314015670017227,0.0002702788769514391,0.021287
11.687378168106079,3.3747492920961824,1.2803763511780242,-0.06758201013030879,0.0796518154598786,-2.4869296361574844,4.39062581745042,0.0002750786056022265,0.021287
11.713123798370361,3.3791149687811357,1.2879757332375297,0.020317319491435528,0.24453675090575616,2.7886686218349035,3.383038768263223,0.00021195192343047574,0.021287
11.739915370941162,3.3729706831370043,1.27875946141647,0.04735365470963998,0.19312693245352017,-2.8141911982412178,4.063364255366688,0.000254575229111475,0.021287
11.770469188690186,3.381378653071449,1.2865205323945874,0.11348030487342042,0.2976278680750746,1.48015407556489,2.07452422199321,0.00012997172931609766,0.021287
11.795915603637695,3.3821871117603566,1.285873776467897,0.16430753863481315,0.35907120541753224,1.189496609349973,1.783866755778293,0.00011176164860357097,0.021438
11.828809261322021,3.3805701943898034,1.285873776467897,0.19080944501507333,0.40208154155725123,1.1479449662791448,1.7423151127074648,0.0001091583823468618,0.021438
11.858893632888794,3.3931821506512123,1.2861971544309725,0.2801626103812274,0.4380424356464842,0.9106655209879726,1.5050356674162928,9.429250635047202e-05,0.021438
11.888808250427246,3.369736848755612,1.280699729131947,0.2110910458464479,0.36370286338066826,0.9598724456006006,1.554242592028921,9.737538627948307e-05,0.021438
11.91792631149292,3.361813955010577,1.2839335087007624,0.11826288782860858,0.3702017495877368,1.4962934441775773,2.0906635906058977,0.0001309828824404731,0.021438
11.952764987945557,3.3716771493705404,1.2816698629969425,0.10865382747316862,0.33377535907522643,1.5541029193016453,2.1484730657299655,0.00013460472371524596,0.021438
11.982011079788208,3.3559930539258827,1.2823166189096287,0.01387907699370738,0.3199842030556078,2.295139591163316,2.889509737591636,0.00018103166667760302,0.021438
12.009541273117065,3.369090081893238,1.284095197680616,0.021061710056036485,0.34252551672541903,2.162162323708447,2.7565324701367673,0.00017270046223679265,0.021438
12.041453123092651,3.3732940665815185,1.2861971544309725,0.04969015938925346,0.3963532182642151,1.8743443325964166,2.468714479024737,0.00015466827845386536,0.02159
12.06978464126587,3.3446746362202178,1.2894309340914027,-0.0909355696061342,0.4925691977928662,2.189946135598465,2.784316282026785,0.00017444115537503384,0.02159
12.10074520111084,3.3640776388668594,1.2889458671388967,-0.08044772543076681,0.5511398951329018,2.0786651373608906,2.673035283789211,0.00016746925134632952,0.02159
12.128290176391602,3.3534059868972124,1.2886224891712346,-0.13301545735318748,0.5862857243964691,2.1443416095043286,2.738711755932649,0.00017158397055248162,0.02159
12.155248880386353,3.358418429332355,1.2925030248188467,-0.14167369015107215,0.6811317120200949,2.0600349529577953,2.6544050993861155,0.0001663020452666523,0.02159
12.181376218795776,3.3682816233217845,1.2920179578586375,-0.09236380493268267,0.7387434148871704,1.9326971552721097,2.52706730170043,0.00015832416118265243,0.02159
12.212996006011963,3.3977095199976213,1.2684113672599364,0.10735737970482614,0.3517545278957726,1.545895055447098,2.1402652018754185,0.00013409049001874006,0.02159
12.24089241027832,3.3734557583042104,1.2946049816604945,0.11100484378804126,0.555008658092051,1.5501177919104756,2.1444879383387963,0.00013435505013077576,0.02159
12.270484209060669,3.3682816233217845,1.284095197680616,0.08451116882470834,0.5070426352509266,1.6390974289944238,2.2334675754227447,0.00013992974392471375,0.02159
12.296282529830933,3.3959309105842745,1.2876523552714871,0.22118498664064776,0.5378566659143359,1.2163337344201508,1.8107038808484717,0.0001134430305408193,0.02159
12.326634168624878,3.384774179613676,1.2873289773059842,0.2542242678154726,0.5535728285433559,1.1461178873302866,1.7404880337586075,0.0001090439133963128,0.021748
12.358299016952515,3.3771746680061545,1.283610130741459,0.2346891257414274,0.4972570664784599,1.1283329074390052,1.7227030538673258,0.00010792966051470462,0.021748
12.384868860244751,3.3986796706015943,1.287814044254441,0.34174072654804466,0.5339335971949616,0.9194105167997997,1.51378066322812,9.484039208565673e-05,0.021748
12.416414976119995,3.3703836156226203,1.281023107086408,0.2578265896083931,0.43668033510010096,0.9490839783422871,1.5434541247706077,9.66994743130825e-05,0.021748
12.443675518035889,3.313791532211896,1.2797295952717906,-0.11861367222537868,0.3451884171501153,2.6470107766709017,3.2413809230992223,0.00020307686913515047,0.021748
12.475042819976807,3.3472617029999174,1.2802146622012642,-0.19422480581992763,0.28992456249822496,2.926457963414287,3.5208281098426077,0.00022058461077947776,0.021748
12.502398014068604,3.3558313622344267,1.2761724378259038,-0.1990436817807392,0.17806913230105392,-2.9894241478914956,3.8881313057164117,0.00024359664941703092,0.021748
12.532220363616943,3.349202003133062,1.275687370906495,-0.23963322779979984,0.09098984343212153,-2.7708943997769047,4.106661053831003,0.0002572878316979374,0.021748
12.559311628341675,3.3732940665815185,1.2750406150158267,-0.13279629710984442,0.018327024283294333,-2.424269871268919,4.453285582338989,0.000279004324046373,0.0219
12.58859896659851,3.3661796310698726,1.280699729131947,-0.09794993238084888,0.06990207542642868,-2.4873887075908807,4.390166746017027,0.0002750498441602317,0.0219
12.61666989326477,3.3776597431959816,1.284095197680616,-0.009109667339984275,0.16746802738499098,-2.67563487454102,4.201920579066887,0.0002632559689206701,0.0219
12.6466965675354,3.355346287161791,1.2855503985053607,-0.07218623124289686,0.26210565815280035,2.923377319377975,3.5177474658062957,0.00022039160429222543,0.0219
12.673718452453613,3.364886097400695,1.2879757332375297,-0.06278461080032569,0.372254440790792,2.406845744988814,3.0012158914171345,0.00018803020727502275,0.0219
12.700179100036621,3.36375425545535,1.2955751155951272,-0.06255748536581213,0.5869195743147825,1.9951837903180958,2.5895539367464164,0.00016223903280958746,0.0219
12.732699155807495,3.3626224135241736,1.289269245107099,-0.06875250635740209,0.6230388175824759,1.9738833115914434,2.5682534580197642,0.00016090452920340456,0.0219
12.759303331375122,3.3786298935834718,1.2857120874865613,0.016774825032456045,0.5839320406806633,1.8010732241856253,2.3954433706139464,0.00015007774508332323,0.0219
12.786454677581787,3.3781448183884213,1.2879757332375297,0.07392080992001752,0.5975329085602988,1.6426906152032736,2.2370607616315947,0.00014015486186759818,0.0219
12.81307077407837,3.3791149687811357,1.2790828393677063,0.11936929352666395,0.44607790138882664,1.4855031077892458,2.079873254217567,0.00013030685337056606,0.02205
12.839128494262695,3.416627458672316,1.2743938591273016,0.36177331901816684,0.25518134795121494,0.10661914572954713,0.7009892921578684,4.391792082634144e-05,0.02205
12.866101026535034,3.370706999057862,1.2800529732246386,0.2736648355698189,0.22399278475219556,-0.019121724267016183,0.5752484221613052,3.604008640729486e-05,0.02205
12.893702983856201,3.365856247650843,1.2813464850414065,0.18475742935359504,0.22557542503539543,-0.020534443512991437,0.5738357029153298,3.5951577648760756e-05,0.02205
12.92002248764038,3.3614905716071615,1.2868439103587415,0.0980139252299421,0.32619547169335633,1.6079615936386802,2.202331740067002,0.00013797904201341043,0.02205
12.950657844543457,3.3880080145349907,1.2937965367186919,0.1861588403450658,0.5224831711542566,1.2919089643088595,1.8862791107371812,0.0001181779202171903,0.02205
12.97868013381958,3.389139856784942,1.2701899459040904,0.25421429151096736,0.23256747787038903,0.029515207429964448,0.6238853538582863,3.9087255514441704e-05,0.02205
13.012207746505737,3.361813955010577,1.2912095129276595,0.1484491597937747,0.41011430358222795,1.3217784471543237,1.9161485935826459,0.00012004928344257241,0.02205
13.038281202316284,3.3805701943898034,1.2784360834657704,0.17970857982633895,0.30317756075965335,0.7675108938669698,1.361881040295292,8.532367665484145e-05,0.022202
13.068794965744019,3.3839657209015215,1.2844185756407276,0.22065220426821175,0.3366145258560395,0.740244569981897,1.3346147164102193,8.36154048352766e-05,0.022202
13.096516847610474,3.410968245828558,1.2850653315625666,0.4009012946621755,0.37172771892831713,0.44685353688330537,1.0412236833116277,6.523406248535574e-05,0.022202
13.129086256027222,3.3781448183884213,1.278921150392021,0.3428093386608178,0.28508743935665964,0.2296038943780211,0.8239740408063434,5.162308054049986e-05,0.022202
13.156606197357178,3.4248737408875276,1.2798912842481476,0.5644748729533549,0.24200021943164207,0.027761507664665827,0.6221316540929882,3.897738386831649e-05,0.022202
13.187119007110596,3.3768512845477203,1.2777893275659824,0.45004911797539976,0.17379038474858813,-0.1591499224550137,0.4352202239733085,2.7267131684199442e-05,0.022202
13.216056823730469,3.356154745617627,1.2790828393677063,0.25376349581617885,0.14945813472063185,-0.4925642166555021,0.10180592977282021,6.37827826107202e-06,0.022202
13.247889280319214,3.3742642169220183,1.2823166189096287,0.21802770331358115,0.19096214600738756,-0.3260037745794496,0.2683663718488729,1.6813513705794218e-05,0.022202
13.278495788574219,3.3959309105842745,1.274717237071296,0.3146465607828554,0.08245397763024272,-0.6116082880414246,-0.017238141613101998,-1.0799927288860476e-06,0.022202
13.30849003791809,3.3770129762767924,1.2897543120604154,0.2760770151364963,0.27869338824799694,0.28690659330470974,0.8812767397330323,5.521317160573005e-05,0.022202
13.335629940032959,3.357286587467918,1.2889458671388967,0.1383370321706187,0.4014268284515014,1.3891400499482414,1.9835101963765642,0.00012426957834769418,0.022354
13.365710020065308,3.363430872044997,1.2886224891712346,0.07641223362123954,0.48148657771948616,1.6900937772284623,2.284463923656785,0.00014312473364742515,0.022354
13.391518592834473,3.3422492611811503,1.288460800187606,-0.08584584781484843,0.534601572773515,2.1336179702391886,2.7279881166675115,0.00017091212014694006,0.022354
13.421615362167358,3.368928390178368,1.2968686275155596,-0.04965345291067324,0.7239772031017031,1.8765571521432916,2.4709272985716146,0.0001548069145710642,0.022354
13.449970722198486,3.347585086352562,1.2929880917802739,-0.14413722153098393,0.7862962356052634,1.9939982510500185,2.5883683974783414,0.00016216475718185063,0.022354
13.479770421981812,3.3485552364174054,1.2863588434127124,-0.20482956722046222,0.7099195508794819,2.1468182395957935,2.7411883860241164,0.00017173913475468844,0.022354
13.509697914123535,3.4075727182944227,1.267602922427025,0.0840020184613075,0.31694367746539653,1.814180806650164,2.4085509530784868,0.00015089895273277302,0.022354
13.53825330734253,3.3579333542458643,1.2674412334608431,0.007515396443165488,0.03893373695778702,-2.0345168039885704,4.84303864961934,0.00030342287728553894,0.022354
13.56608772277832,3.379600043981412,1.2874906662886683,0.07560865120754752,0.20725360769023102,0.0,4.84303864961934,0.00030342287728553894,0.022505
13.596416234970093,3.4088662525779294,1.285873776467897,0.28757049933601686,0.2958092231481471,0.330830822062768,7.208386275670678,0.00045161508354295277,0.022505
13.623380661010742,3.386229405313872,1.2874906662886683,0.30886356860410336,0.3870664480234911,0.646661834300812,7.524217287908723,0.00047140232073066425,0.022505
13.651545286178589,3.3854209465886336,1.2891075561229304,0.31923013824106794,0.4802147997352485,0.8566579646209924,7.734213418228903,0.00048455886039313137,0.022505
13.68201994895935,3.368119931608362,1.2871672883234353,0.2293611593492229,0.5102966928039816,1.1501639439671838,8.027719397575094,0.0005029474042798773,0.022505
13.712613582611084,3.3805701943898034,1.2805380401549187,0.2363469795151585,0.41135401407682753,0.9356970607965854,7.813252514404496,0.000489510765945554,0.022505
13.743218898773193,3.4211548292058,1.2797295952717906,0.4690737501612301,0.3274599924338172,0.2500993415940696,7.12765479520198,0.000446557147841106,0.022505
13.769856691360474,3.3931821506512123,1.287814044254441,0.474947623983528,0.41507564536371305,0.45517152276238293,7.332726976370294,0.00045940519547463086,0.022505
13.796180009841919,3.3931821506512123,1.280699729131947,0.4790593356591457,0.3476261101827285,0.2936710985053688,7.17122655211328,0.00044928697694363685,0.022654
13.825222969055176,3.394152301206205,1.2808614181091105,0.487383828928432,0.30333826487258003,0.177035104868204,7.054590558476115,0.0004419795752595252,0.022654
13.85150408744812,3.3893015485360984,1.287814044254441,0.4659794993237521,0.39819043607085775,0.42739943126859636,7.304954884876508,0.0004576652366349581,0.022654
13.884786367416382,3.350495536578203,1.2871672883234353,0.23314472224197086,0.4528796382388974,1.053997196763807,7.931552650371718,0.0004969224283821662,0.022654
13.91552996635437,3.359550271210941,1.2784360834657704,0.120992444066047,0.33311329501930725,1.458947071525695,8.336502525133607,0.0005222930820246533,0.022654
13.941146612167358,3.3694134653238454,1.2842568866606046,0.09785649821299695,0.3546427104676757,1.6746319754683405,8.552187429076252,0.0005358060309965713,0.022654
13.970201015472412,3.370545307340096,1.284095197680616,0.08801534538921713,0.3667864719138692,1.7393954965560132,8.616950950163925,0.0005398635525926686,0.022654
13.99645709991455,3.3626224135241736,1.2876523552714871,0.03664847517111674,0.4396773515783985,1.9186125406687178,8.79616799427663,0.0005510917411572096,0.022654
14.027612209320068,3.380085119184301,1.2895926230758417,0.09872495344646422,0.5258229205610311,1.60967581271538,8.487231266323292,0.0005317364401413589,0.022654
14.054704189300537,3.36472440569335,1.2920179578586375,0.055945502923753755,0.6300272608658365,1.7076446131953857,8.585200066803298,0.0005378743170976356,0.022654
14.082807064056396,3.371515457651036,1.2939582257067817,0.06412394241303204,0.7380922530893115,1.6620577837989332,8.539613237406845,0.0005350182409969662,0.022805
14.109287977218628,3.389463240287547,1.2895926230758417,0.17060529456904508,0.7347133516186701,1.4483637252497525,8.325919178857664,0.0005216300211633471,0.022805
14.13568663597107,3.4030453484494854,1.2918562688721713,0.3213903746282602,0.7733237331212478,1.1926050421863408,8.070160495794251,0.0005056063960964771,0.022805
14.163127183914185,3.3472617029999174,1.2895926230758417,0.11377802697762374,0.759375387641023,1.564002405068631,8.441557858676543,0.0005288749397970036,0.022805
14.195144414901733,3.359711962909037,1.292664713805854,0.038343472887565226,0.805221305786011,1.698031547486966,8.575587001094878,0.0005372720456173094,0.022805
14.223109245300293,3.3635925637500286,1.2860354654493673,0.007324457668588252,0.7173134412096894,1.7847129907208155,8.662268444328728,0.0005427027544792643,0.022805
14.250327348709106,3.35680151238749,1.2863588434127124,-0.05251290449879224,0.661631594802572,1.9425785015341124,8.820133955142024,0.0005525932408000552,0.022805
14.280860185623169,3.372000532810418,1.2918562688721713,-0.009073795897645821,0.7221665033499792,1.814978775830172,8.692534229438085,0.0005445989465738512,0.022805
14.308341264724731,3.3770129762767924,1.2637223872754584,0.04947276546014379,0.2552726460348309,3.0015585756885947,9.879114029296508,0.0006189397650247302,0.022957
14.344293117523193,3.382510495237953,1.2886224891712346,0.12131769251561601,0.37917865002781953,1.479765424996257,8.35732087860417,0.0005235973798358802,0.022957
14.371596097946167,3.3477467780293155,1.2887841781549982,-0.02354970434584156,0.46883968225892514,2.110472658574709,8.988028112182622,0.0005631120352789496,0.022957
14.398541450500488,3.384127412643371,1.27310034735668,0.07927912109987424,0.24769996087309457,0.0,8.988028112182622,0.0005631120352789496,0.022957
14.425039052963257,3.3687666984637876,1.2821549299312553,0.06502630973052415,0.25680459497568126,0.0,8.988028112182622,0.0005631120352789496,0.022957
14.455963611602783,3.3687666984637876,1.2818315519749122,0.05504934177199238,0.257324180177916,2.9623306060737464,9.83988605968166,0.0006164820800315407,0.022957
14.484530210494995,3.3739408334740255,1.2842568866606046,0.07711236417872969,0.3015903300786991,2.1006931975533667,8.97824865116128,0.0005624993389087419,0.022957
14.516459226608276,3.365856247650843,1.2813464850414065,0.047170699379825105,0.27989370676394254,2.6594290842355157,9.536984537843429,0.0005975048927861841,0.022957
14.545586824417114,3.3839657209015215,1.2819932409530166,0.12787568795564874,0.27641338776327234,0.0,9.536984537843429,0.0005975048927861841,0.022957
14.577142000198364,3.3978712117642207,1.2792445283435259,0.26243274061779004,0.22422106612312104,-0.15224190752609165,6.725313546081821,0.00042134992809936565,0.022957
14.603496074676514,3.382025420021994,1.285873776467897,0.26766652792324774,0.30768644405115936,0.36082622529845165,7.238381678906364,0.00045349433584993725,0.023105
14.638521194458008,3.386876172299297,1.2847419536013778,0.2985616517251152,0.34562440290761187,0.47647736516478617,7.3540328187726995,0.00046074003512230503,0.023105
14.664932489395142,3.3668263979114053,1.2889458671388967,0.20763149410577267,0.44827853871322915,1.115413468129494,7.992968921737408,0.0005007702402866596,0.023105
14.699429512023926,3.361328879905887,1.292826402792996,0.11311805503207072,0.5903803410337196,1.5610744423338478,8.438629895941762,0.0005286914989983963,0.023105
14.726187467575073,3.396092602347666,1.2904010680000615,0.24211752285892182,0.6459491604575736,1.248911511554307,8.126466965162221,0.0005091340720415705,0.023105
14.760115385055542,3.36472440569335,1.292341335831975,0.15632030151247742,0.7199692877706074,1.4726974485694826,8.350252902177397,0.00052315456161799,0.023105
14.791267156600952,3.3534059868972124,1.2949283596381636,0.03272216150708763,0.818612649060043,1.7063617563688889,8.583917209976804,0.0005377939443941325,0.023105
14.823099851608276,3.3074855593779677,1.2844185756407276,-0.31158765761088647,0.6974190876663096,2.3287690827984755,9.20632453640639,0.0005767885995046608,0.023105
14.851170539855957,3.327535320662908,1.2865205323945874,-0.44004786027104237,0.6506323767240325,2.514857013770132,9.392412467378046,0.0005884472583609082,0.023257
14.885234594345093,3.3003711290087394,1.2771425716683413,-0.6824661307407155,0.44812557778646145,2.9004727528121195,9.778028206420034,0.0006126066024280685,0.023257
14.9119234085083,3.307970634195949,1.2692198120961848,-0.8094963172158178,0.16295618761067882,-3.0423924893075354,10.118348271479965,0.0006339281116723944,0.023257
14.940462827682495,3.3162169064943585,1.2739087922123145,-0.8521239810787026,0.048215660655635054,-2.9298001101292157,10.230940650658285,0.0006409821754786775,0.023257
14.965547323226929,3.3395005028817546,1.280699729131947,-0.751252358526303,0.09082412088707656,-2.9533278396059592,10.207412921181541,0.0006395081316210282,0.023257
14.994341135025024,3.352112453410566,1.2802146622012642,-0.6098404240216808,0.11186955511409516,-2.945335916362601,10.2154048444249,0.0006400088363481597,0.023257
15.038896083831787,3.3601970380050585,1.2803763511780242,-0.46546629628253305,0.1295281883822404,-2.926604775410636,10.234135985376865,0.0006411823674912434,0.023257
15.066072702407837,3.3446746362202178,1.2764958157728465,-0.45154508857638476,0.07164532891926625,-2.8236325180229396,10.337108242764561,0.0006476337177441715,0.023257
15.099435091018677,3.286142269921338,1.2752023039882927,-0.7703930970559166,0.0077126933557960554,-2.8668514972017114,10.29388926358579,0.0006449259906404868,0.023257
15.127407789230347,3.288729335046483,1.2616204307670575,-0.9790632663635848,-0.28289379855123703,-2.679909922745996,10.480830838041506,0.0006566381314077509,0.023416
15.162467241287231,3.3006945121953866,1.2819932409530166,-1.0579614851687376,-0.11753786595736405,-2.8320279513730426,10.328712809414458,0.0006471077325667979,0.023416
15.188613176345825,3.2942268486785236,1.2894309340914027,-1.1494988338545113,0.13284543883776345,-3.0474329165024634,10.113307844285037,0.0006336123221375837,0.023416
15.220341920852661,3.3621373384151485,1.2805380401549187,-0.8323345969019056,0.14713813630047615,-3.0306090956748473,10.130131665112653,0.0006346663571126821,0.023416
15.24774169921875,3.369575157039584,1.287814044254441,-0.5685647148589695,0.288850346070377,3.081741010047018,9.959296463654933,0.0006239633022502083,0.023416
15.283499240875244,3.3758811341793806,1.2904010680000615,-0.34852488754174504,0.43487816398323376,2.7382758347720917,9.615831288380008,0.0006024447476259352,0.023416
15.31104302406311,3.3543761370243095,1.2988088954124828,-0.3152231781366513,0.6892927718416099,2.3093246540326224,9.186880107640539,0.0005755703799218433,0.023416
15.33739948272705,3.3732940665815185,1.2895926230758417,-0.18570926234562882,0.700553714745283,2.1108943486974288,8.988449802305345,0.0005631384547316148,0.023416
15.362588882446289,3.4129085473345757,1.2931497807676868,0.12734086044848844,0.7728266232578479,1.4865565349699648,8.364111988577882,0.0005240228519985581,0.023574
15.38937258720398,3.326888554101216,1.2821549299312553,-0.1364287583606422,0.6243932586450059,2.105123800609595,8.982679254217512,0.0005627769221420571,0.023574
15.41658091545105,3.352112453410566,1.2824783078881365,-0.17946390390572983,0.5263435620953247,2.336954642312748,9.214510095920666,0.0005773014358042862,0.023574
15.442112445831299,3.3422492611811503,1.2879757332375297,-0.26495914408372034,0.5572209735505631,2.424249981374286,9.301805434982203,0.0005827706060645215,0.023574
15.469867706298828,3.3210676552521203,1.2831250638035132,-0.4437165069564388,0.49103027991703857,2.7190223364266566,9.596577790034573,0.0006012384900904429,0.023574
15.497498035430908,3.336428361351291,1.2773042606425504,-0.4826137171483525,0.33933093928461944,2.9933639248058923,9.87091937841381,0.0006184263591386603,0.023574
15.522945165634155,3.2977840635565183,1.278921150392021,-0.726785669019,0.26240969360608335,3.1328746452610936,10.01043009886901,0.0006271668931866433,0.023574
15.55010175704956,3.3188039724664873,1.2701899459040904,-0.7797030859580765,0.05051604358667044,-2.9071143956246397,10.253626365162862,0.0006424034659672013,0.023574
15.584461688995361,3.340470652860291,1.278597772441053,-0.6951114400816372,0.054385608045239744,-2.887176749857404,10.273564010930098,0.0006436525862577177,0.023574
15.610737562179565,3.3513039949907815,1.2794062173194798,-0.5750803582463476,0.07172844961514281,-2.8672880368009213,10.293452723986581,0.0006448986408481717,0.023733
15.642607688903809,3.319612430597781,1.280699729131947,-0.668970792900845,0.1072830731587293,-2.9461996887828237,10.214541072004678,0.0006399547198456859,0.023733
15.671843767166138,3.3272119373814886,1.2803763511780242,-0.6920314853428093,0.12631765101349235,-2.976091777333077,10.184648983454425,0.0006380819403425314,0.023733
15.703922748565674,3.3532442952103723,1.2863588434127124,-0.5620318047349853,0.24793454166524218,-3.1325276892465,10.028213071541002,0.0006282810203132665,0.023733
15.731481313705444,3.370221923905434,1.289269245107099,-0.3757218979034589,0.38574929472781516,2.852959649605989,9.730515103213904,0.0006096298426855664,0.023733
15.76051950454712,3.3732940665815185,1.2876523552714871,-0.22805836618239747,0.45295132754816736,2.5501259481968663,9.427681401804781,0.0005906569044812,0.023733
15.787488460540771,3.388978165034076,1.2863588434127124,-0.03664546886105981,0.4765781152395133,2.0096025531722583,8.887158006780172,0.0005567923876718192,0.023733
15.813762664794922,3.3836423374186944,1.2921796468452384,0.06738893868755629,0.598482726628127,1.570995567453681,8.448551021061595,0.0005293130708146787,0.023733
15.84082293510437,3.3880080145349907,1.2942816036833673,0.16472134976540073,0.7218647381589041,1.3652068901731165,8.242762343781031,0.0005164201337372177,0.023733
15.866785764694214,3.389139856784942,1.2913712019135846,0.2392080481052035,0.7555492152593252,1.2397576333143534,8.117313086922268,0.0005085605692729923,0.023733
15.894323587417603,3.3626224135241736,1.287005599341021,0.14248336707231052,0.7001039542592393,1.4041065807995416,8.281662034407457,0.0005188572516107897,0.023733
15.922380447387695,3.372485607972407,1.2889458671388967,0.13014674110185553,0.6964142246593643,1.43021827873053,8.307773732338445,0.0005204931845632665,0.023894
15.951945066452026,3.3440278695368044,1.2950900486272012,-0.03824682382180455,0.805050934413641,1.763490369390917,8.641045822998832,0.0005413731287435777,0.023894
15.979496479034424,3.3385303529135633,1.2845802646209854,-0.1869846402486122,0.6908527167863667,2.1055086755350576,8.983064129142972,0.0005628010350731583,0.023894
16.010329246520996,3.3498487698533275,1.2842568866606046,-0.22756103710594106,0.6050603057046187,2.2798911766324963,9.157446630240411,0.0005737263330233187,0.023894
16.036545276641846,3.3639159471609603,1.2881374222207533,-0.17699326823099001,0.6152495235033048,2.1748884017525834,9.052443855360497,0.0005671477681218113,0.023894
16.065547943115234,3.3821871117603566,1.2918562688721713,-0.03902396253828246,0.6896990534404907,1.812884055933844,8.690439509541758,0.0005444677095584082,0.023894
16.090612173080444,3.360035346306096,1.2824783078881365,-0.06680248875558523,0.5720576184521546,1.9777472795363196,8.855302733144233,0.0005547966119858055,0.023894
16.118056058883667,3.36035872970431,1.278597772441053,-0.08443202608321804,0.4194647104510814,2.339590820719096,9.21714627432701,0.000577466595922749,0.023894
16.146565198898315,3.3621373384151485,1.283610130741459,-0.08678783146199946,0.40338138381385713,2.402013296489559,9.279568750097473,0.0005813774478848842,0.023894
16.175220727920532,3.3556696705432594,1.2845802646209854,-0.12474551519785484,0.4096840313665233,2.489614025801708,9.367169479409622,0.0005868657512545658,0.024043
16.202961444854736,3.3687666984637876,1.2816698629969425,-0.07779093567787956,0.3614129563203838,2.546958146481418,9.424513600089332,0.0005904584374482666,0.024043
16.230782508850098,3.394475684726867,1.2865205323945874,0.09940407070439417,0.4154280847818871,1.3441224303241266,8.22167788393204,0.0005150991640039087,0.024043
16.26164484024048,3.410968245828558,1.2879757332375297,0.31602760116750156,0.47958013943115946,0.7060847506239604,7.583640204231874,0.00047512524626397293,0.024043
16.292386770248413,3.3870378640463805,1.284095197680616,0.3333221187776599,0.45424267218830383,0.6128635937815314,7.4904190473894445,0.0004692848155593285,0.024043
16.31961989402771,3.4087045607914677,1.2871672883234353,0.4670622106324575,0.49211620352110297,0.5129170227676068,7.390472476375519,0.00046302302862226733,0.024043
16.34619164466858,3.395122451771689,1.27875946141647,0.4844321365650251,0.36643254928426294,0.23456180051757544,7.112117254125488,0.0004455837000203371,0.024043
16.37124752998352,3.3753960589991268,1.27875946141647,0.3858497614527665,0.2784539913184749,0.036606945613407306,6.91416239922132,0.00043318156243830793,0.024043
16.3988356590271,3.379600043981412,1.2776276385913707,0.34044270671426907,0.19638119579902222,-0.2530842648605629,6.62447118874735,0.0004150320189459693,0.024204
16.424550533294678,3.4182443766935977,1.2876523552714871,0.5256018691553044,0.3203936582980136,0.1170180315808619,6.994573485188775,0.0004382194249942505,0.024204
16.455134391784668,3.3797617357154177,1.289269245107099,0.4391768978142054,0.43647067637074577,0.4303860822586316,7.307941535866545,0.00045785235433159593,0.024204
16.485514640808105,3.3836423374186944,1.2908861349562148,0.4004645953602419,0.5469928835895488,0.7031365177629261,7.58069197137084,0.00047494053551472607,0.024204
16.511812686920166,3.3967393694041492,1.2852270205433631,0.4468909645974927,0.5219193987240726,0.5946310520395482,7.472186505647462,0.00046814252232654254,0.024204
16.53838586807251,3.399164745907519,1.292826402792996,0.4930051614550712,0.641928943041306,0.7256521664850012,7.603207620092915,0.00047635117115351857,0.024204
16.56770634651184,3.3838040291599625,1.2698665679675876,0.43905209565776593,0.3103258598809045,0.11244968098251065,6.990005134590424,0.00043793321169237863,0.024204
16.594447135925293,3.3781448183884213,1.2939582257067817,0.3695148993577353,0.5143012723998551,0.6915877717139155,7.569143225321829,0.00047421699106076916,0.024204
16.627057313919067,3.354699520402316,1.2891075561229304,0.1892201036040208,0.5692791767986939,1.2034881884515174,8.08104364205943,0.0005062882398298447,0.024204
16.652894496917725,3.3558313622344267,1.2910478239418695,0.06936775481602303,0.6428856633593457,1.5835157250315552,8.461071178639468,0.0005300974755058626,0.024363
16.678937673568726,3.342896027851907,1.2845802646209854,-0.08714612163505699,0.577337027048368,2.0551230922417867,8.9326785458497,0.000559644310594456,0.024363
16.707474946975708,3.374587600371171,1.2855503985053607,-0.018793597591857794,0.5490139579171589,1.8927298732806939,8.770285326888608,0.0005494701572759174,0.024363
16.733481645584106,3.3627841052277603,1.2844185756407276,-0.037210069378258645,0.5087000038662827,2.0086514365984,8.886206890206314,0.0005567327989407862,0.024363
16.76179838180542,3.356963204080677,1.276334126799308,-0.0827793579525738,0.3341387705071806,2.7656197503431565,9.64317520395107,0.00060415788066886,0.024363
16.789695501327515,3.375234367272956,1.2771425716683413,-0.012106000373711723,0.22658005343466647,-2.6459791772928387,10.51476158349466,0.0006587639381911943,0.024363
16.818734645843506,3.361813955010577,1.2764958157728465,-0.03797504452550647,0.13958163445597255,-2.265859395731886,10.894881365055614,0.0006825789531391837,0.024363
16.848906755447388,3.367634856469833,1.2640457652018242,-0.023405615355413682,-0.14668310406403717,-1.7962168034536845,11.364523957333816,0.0007120026924389086,0.024363
16.876087188720703,3.3668263979114053,1.280699729131947,-0.017745592850593378,-0.04560501441669803,-1.848044686290452,11.312696074497048,0.0007087556059562958,0.024363
16.906098127365112,3.353567678584341,1.2794062173194798,-0.08821624910207757,0.001735013891779664,-2.1086868779352335,11.052053882852267,0.0006924260225165511,0.024363
16.938626289367676,3.3357815947265093,1.2816698629969425,-0.2373943977356331,0.07584864408806587,-2.5805552362375046,10.580185524549997,0.0006628628359854397,0.024363
16.967171907424927,3.3472617029999174,1.278274394490622,-0.27737131367710405,0.06626476983367352,-2.6131397336486395,10.547601027138862,0.0006608213734503086,0.024521
17.002992153167725,3.3070004845625514,1.280699729131947,-0.5313762351939492,0.10345849731170483,-2.8725469332329174,10.288193827554585,0.0006445691639221785,0.024521
17.028529167175293,3.292286549712106,1.2701899459040904,-0.7917817370311915,-0.06074979381940122,-2.775803809412644,10.384936951374858,0.0006506302505892126,0.024521
17.05804133415222,3.337721894614637,1.2784360834657704,-0.7189976559526238,-0.02642730742149243,-2.78296653107756,10.377774229709942,0.0006501814964548769,0.024521
17.08357286453247,3.359550271210941,1.2886224891712346,-0.5455072206701668,0.18198868260839585,-3.002088687707907,10.158652073079596,0.0006364531989846475,0.024521
17.110267162322998,3.353567678584341,1.2894309340914027,-0.4576493885757673,0.3425140228337954,2.9994048840417906,9.876960337649708,0.0006188048333499005,0.024521
17.137844800949097,3.330930845187004,1.2716451466249692,-0.5232290526856206,0.1329305365627527,-2.915707947352739,10.245032813434765,0.0006418650684073045,0.024521
17.166396379470825,3.370545307340096,1.2918562688721713,-0.34674454023982265,0.35207576258210027,2.938099039353452,9.81565449296137,0.0006149639398250847,0.024521
17.193437337875366,3.3440278695368044,1.2936348477307376,-0.3720707207609793,0.5376725452645196,2.585165509192126,9.462720962800045,0.0005928521800478818,0.024521
17.22280788421631,3.3587418127247926,1.2916945798858406,-0.3071969435444878,0.632468339190861,2.361722245285637,9.239277698893556,0.0005788531594020507,0.02467
17.25149965286255,3.3708686907759176,1.2850653315625666,-0.19370663260543344,0.5788253882626948,2.2575326183465294,9.13508807195445,0.0005723255393113758,0.02473
17.282062530517578,3.3731323748591167,1.2832867527826939,-0.10155539611678671,0.5090801995685821,2.1637320068591595,9.041287460467078,0.0005664488049948165,0.02473
17.309391021728516,3.4077344100788376,1.2832867527826939,0.15720165422502794,0.46025856748271515,1.0959683553377544,7.973523808945673,0.0004995519778487016,0.02473
17.3379008769989,3.3834806456777162,1.2871672883234353,0.2021742091005219,0.4963273302272016,1.0078250597488658,7.885380513356784,0.0004940296819729269,0.02473
17.367413759231567,3.386229405313872,1.2857120874865613,0.24908616543926435,0.49523399953195524,0.8701828250078135,7.747738278615731,0.000485406211064962,0.02473
17.39292025566101,3.3661796310698726,1.2865205323945874,0.16936779140352393,0.5091028150299871,1.1406793215571975,8.018234775165116,0.0005023531799447424,0.02473
17.425940990447998,3.4040154991112574,1.2868439103587415,0.32597041810819827,0.5246646446895625,0.7610030646494345,7.638558518257353,0.0004785659524120833,0.02473
17.45844864845276,3.3854209465886336,1.2847419536013778,0.3312049328939394,0.49750914335449536,0.6947678688681043,7.572323322476024,0.000474416228419457,0.02473
17.485957860946655,3.389948315543638,1.2865205323945874,0.3602851353337001,0.5106954157057639,0.6725367015015565,7.550092155109476,0.00047302341591974573,0.02473
17.512714385986328,3.36035872970431,1.283610130741459,0.21452931077927007,0.4672428774921402,0.9049993833222172,7.782554836930137,0.0004875875152141179,0.02473
17.543715715408325,3.3770129762767924,1.2921796468452384,0.20599494013399156,0.5919480602049685,1.147234166772926,8.024789620380846,0.0005027638498029469,0.02473
17.572327852249146,3.377821434926505,1.2970303165062238,0.20455945910899997,0.7670465738646413,1.29064601364245,8.16820146725037,0.0005117487946613581,0.02473
17.603839874267578,3.4182443766935977,1.2921796468452384,0.4304835958316152,0.8018106476657259,0.9615281201577166,7.839083573765636,0.0004911291165146345,0.02473
17.629953861236572,3.3880080145349907,1.283610130741459,0.418887609766232,0.6710235398641137,0.8381434175363482,7.715698871144268,0.00048339889914679696,0.02473
17.65745782852173,3.390433390802348,1.2873289773059842,0.42438615658702805,0.6467896403082042,0.7987896924194685,7.676345146027388,0.0004809333354024716,0.02473
17.682965755462646,3.3774980514657496,1.2907244459706955,0.35561787925056576,0.691289328877979,0.9584499800361707,7.83600543364409,0.0004909362669010058,0.02473
17.71058940887451,3.3635925637500286,1.2897543120604154,0.22941654212268864,0.7048781341214124,1.2042650556540602,8.081820509261979,0.0005063369116036875,0.02473
17.742027044296265,3.400619971841052,1.2860354654493673,0.3489425089344953,0.647073221044461,0.9149288243953432,7.792484278003261,0.00048820960803604515,0.02473
17.769066095352173,3.3464532446233455,1.289916001045124,0.12852594409865975,0.6768536880910644,1.4161743818651382,8.293729835473057,0.0005196133155588074,0.02473
17.795085191726685,3.3540527536474567,1.2849036425819047,0.016896973107084764,0.6069683031129781,1.7228837863759903,8.60043923998391,0.0005388290717689157,0.02473
17.82318687438965,3.379600043981412,1.2913712019135846,0.08217575487229767,0.675121710727165,1.5315821154964562,8.409137569104375,0.0005268437651035721,0.0
17.858574390411377,3.359873654607422,1.2897543120604154,0.01712959792201369,0.6935608014158412,1.690996646265887,8.568552099873806,0.0005368312996054879,0.0
17.8871111869812,3.3865527888060027,1.2849036425819047,0.12137036916600535,0.6186632824403205,1.4090924144125085,8.286647868020427,0.0005191696207843525,0.0
17.923078060150146,3.398032903531112,1.288460800187606,0.25878673335780455,0.6306252660780938,1.0649018801474834,7.942457333755402,0.00049760562144494,0.0
17.94855785369873,3.382025420021994,1.2910478239418695,0.265114322841267,0.6858279258549188,1.1123519140429778,7.989907367650897,0.0005005784298104068,0.024688
17.981063842773438,3.3498487698533275,1.2970303165062238,0.08890823705697437,0.8327624798195998,1.5318105926532504,8.40936604626117,0.0005268580795043696,0.024688
18.011009693145752,3.325433329354164,1.2808614181091105,-0.1715010312857439,0.6429337236183819,2.161841172913104,9.039396626521023,0.0005663303417080478,0.024688
18.046021461486816,3.351465686674162,1.284095197680616,-0.2076453566652636,0.5685901811193662,2.344544748440876,9.222100202048795,0.0005777769661493683,0.024688
18.07429838180542,3.372808991415182,1.2850653315625666,-0.11312793423981549,0.5341106776126419,2.2013041621191825,9.0788596157271,0.0005688027509943411,0.024688
18.105977296829224,3.3815403448086494,1.2839335087007624,0.0020509083348922864,0.4894872195501129,1.879678467962733,8.757233921570652,0.0005486524692001665,0.024688
18.13708782196045,3.3750726755470746,1.2844185756407276,0.04636747036496938,0.4670312870093558,1.6810050569412005,8.55856051054912,0.0005362053131121135,0.024688
18.166675090789795,3.382833878716712,1.2802146622012642,0.12095941742563801,0.3752145713997014,1.0028945642360338,7.880450017843953,0.0004937207798056761,0.024688
18.196937322616577,3.3863910970597915,1.2798912842481476,0.19314352704187754,0.3050892118617753,0.1235128312715388,7.001068284879458,0.00043862633291964873,0.024531
18.230426788330078,3.3168636729805336,1.2773042606425504,-0.14664522979109373,0.2091721916459392,-2.7816423259198806,4.095913127688038,0.0002566144596868742,0.024531
18.25988221168518,3.3723239162514544,1.289916001045124,-0.07315099233739134,0.37032296751209787,2.6137217416934218,3.2080918881217544,0.00020099126637504935,0.024531
18.288989305496216,3.36472440569335,1.2821549299312553,-0.06436765912494845,0.34264069962297955,2.7528223976104402,3.347192544038773,0.00020970610932885585,0.024531
18.31539750099182,3.4072493347264707,1.2865205323945874,0.1805099221508133,0.40228750509370015,0.7755813247214773,1.36995147114981,8.582929998927516e-05,0.024531
18.345632076263428,3.3965776776395913,1.2850653315625666,0.2920149774712222,0.4176988043946769,0.5147189221524227,1.109089068580755,6.948592003930459e-05,0.024531
18.373509883880615,3.388493089783224,1.2900776900299682,0.32468272429787043,0.5192184258917834,0.7254524072702686,1.3198225536986008,8.268865597036966e-05,0.024531
18.402634859085083,3.368605006749497,1.2934731587429187,0.2359011163716576,0.6517455800718799,1.1327486569536829,1.7271188033820148,0.00010820631315368872,0.024531
18.430766820907593,3.3487169280958877,1.2931497807676868,0.062104984707829713,0.7386609289864631,1.5817081954500853,2.1760783418784175,0.00013633423134944242,0.02438
18.465714693069458,3.3744259086464496,1.2881374222207533,0.08477446119214457,0.7087699598005944,1.5281209849488717,2.122491131377204,0.00013297692062526264,0.02438
18.491987466812134,3.3742642169220183,1.2850653315625666,0.09973537907675549,0.6322365226894976,1.4746795364206553,2.0690496828489873,0.00012962874208450023,0.02438
18.525428771972656,3.394152301206205,1.2925030248188467,0.2218570593207647,0.7132972708252161,1.217537490813409,1.8119076372417409,0.0001135184474959215,0.02438
18.557360887527466,3.378306510119814,1.296221871554259,0.21838608961531175,0.8373568735187574,1.2995617796536887,1.8939319260820207,0.00011865737937893961,0.02438
18.583860635757446,3.3855826383330996,1.292664713805854,0.25680361871578844,0.8598083459004225,1.247457748147186,1.841827894575518,0.00011539299181120422,0.02438
18.609594345092773,3.3422492611811503,1.2978387614615792,0.04042812175134243,0.9691829216928879,1.6118701221819312,2.206240268610263,0.00013822391657716026,0.02438
18.63906478881836,3.3621373384151485,1.2865205323945874,0.0006142720221961921,0.8408670605426414,1.6943052592186716,2.2886754056470036,0.00014338858865159875,0.02438
18.666982412338257,3.3857443300778565,1.286682221376597,0.10527106216912341,0.753972787141724,1.4887929009860517,2.0831630474143834,0.0001305129633336841,0.02438
18.700606107711792,3.386229405313872,1.2847419536013778,0.18125396258728624,0.6580248430710125,1.2643661730308915,1.858736319459223,0.0001164523273440692,0.02438
18.727405071258545,3.389463240287547,1.287005599341021,0.2525963086910355,0.6318368937274258,1.062727671772261,1.6570978182005924,0.00010381940436951348,0.02422
18.75713062286377,3.364401022279526,1.2852270205433631,0.16184002048285517,0.5813102058205865,1.2491856898102782,1.8435558362386097,0.0001155012496776241,0.02422
18.78434181213379,3.3826721869771874,1.2936348477307376,0.20088248676902037,0.6981366555314572,1.248916603042732,1.8432867494710634,0.00011548439103016012,0.02422
18.81727385520935,3.3682816233217845,1.2881374222207533,0.14742551891138542,0.680402968382089,1.3660893298223182,1.9604594762506493,0.00012282541976666396,0.02422
18.84489393234253,3.3485552364174054,1.292664713805854,-0.000735648910812825,0.7499406123047573,1.7260637206297478,2.3204338670580786,0.0001453782989216722,0.02422
18.875554084777832,3.373779141750464,1.2907244459706955,0.037155155051249604,0.7634950092755662,1.6400746218598614,2.2344447682881925,0.00013999096637044427,0.02422
18.901623249053955,3.3498487698533275,1.2879757332375297,-0.07066318039603532,0.7232269865767335,1.8931588154291445,2.4875289618574756,0.00015584703107773666,0.02422
18.933295011520386,3.392858767135212,1.2963835605443808,0.095316340907742,0.8472345040959209,1.5216064341036275,2.1159765805319584,0.00013256877526349835,0.02422
18.967032432556152,3.4064408758117066,1.2925030248188467,0.2877501422590353,0.8637958578097071,1.1959360314555325,1.7903061778838634,0.00011216508704887056,0.02407
18.994050979614258,3.4243886654419726,1.2981621394446707,0.5232102869804691,0.9778278391831396,0.9749095925155441,1.5692797389438748,9.831748373382805e-05,0.02407
19.022667407989502,3.4062791840296307,1.2861971544309725,0.586368188531931,0.8410648439846047,0.7998773210047577,1.3942474674330887,8.735147679440361e-05,0.02407
19.049590349197388,3.3508189199423697,1.2921796468452384,0.3192322355210267,0.8536234367496977,1.1421484846586283,1.7365186310869594,0.0001087952249866444,0.02407
19.075738430023193,3.416789150473125,1.2918562688721713,0.5025850944973921,0.8565607927129644,0.9015276800669421,1.495897826495273,9.372000834146866e-05,0.02407
19.10725212097168,3.395445835295849,1.2874906662886683,0.5111135870019877,0.7795925467188619,0.8164311119180147,1.4108012583463454,8.838859403262313e-05,0.02407
19.13331365585327,3.3807318861255515,1.2950900486272012,0.43448139459002316,0.8632757598552973,0.9893703269621401,1.583740473390471,9.922346817270779e-05,0.02407
19.1601779460907,3.387199555793755,1.2955751155951272,0.4171474899566184,0.9306344976599361,1.0624681024240807,1.6568382488524116,0.00010380314200115795,0.02407
19.1864755153656,3.370221923905434,1.2920179578586375,0.30970360838066197,0.9133953648350607,1.1960250887890322,1.790395235217363,0.00011217066661044933,0.02407
19.220595359802246,3.3645627139862935,1.2879757332375297,0.20272284582082523,0.8281572354683876,1.326210168180555,1.9205803146088858,0.00012032693671821048,0.02407
19.246323108673096,3.3983562870657695,1.292664713805854,0.317548898806622,0.8533685992651636,1.1459229814704108,1.7402931278987417,0.0001090317022823658,0.02391
19.271846294403076,3.3525975284658958,1.2941199146950066,0.1410436024123353,0.8973580194856126,1.4586610683182524,2.053031214746583,0.0001286251635395055,0.02391
19.298558950424194,3.356478129001981,1.292826402792996,0.03927506586868707,0.9047359775743813,1.6337315340652152,2.2281016804935456,0.00013959356339913453,0.02391
19.326964139938354,3.3959309105842745,1.2910478239418695,0.18951971457142955,0.8777054239023214,1.3694180301943286,1.9637881766226588,0.00012303396731657375,0.02391
19.357008695602417,3.395445835295849,1.293311469755235,0.2919678210538107,0.8997596491722851,1.2129776203064677,1.807347766734798,0.00011323276548316804,0.02391
19.38352108001709,3.409513019726703,1.2947666706492613,0.4426527822553593,0.9415390725121849,1.0358220477039906,1.6301921941323205,0.0001021337308780166,0.02391
19.408809661865234,3.38493587135698,1.2916945798858406,0.41015944050612596,0.915174908264224,1.0572496240535518,1.6516197704818816,0.0001034761973210111,0.02391
19.435729026794434,3.394475684726867,1.2921796468452384,0.4409693340332014,0.9055004817454299,1.01101191452164,1.6053820609499696,0.00010057934270549644,0.02391
19.462077856063843,3.3893015485360984,1.2955751155951272,0.43348935289709145,0.960191802983045,1.059811477966341,1.6541816243946705,0.00010363670091010899,0.02391
19.487784385681152,3.3914035413276307,1.288299111204112,0.44005367170819976,0.8667684010268734,0.9803373547520835,1.5747075011804128,9.865754032932137e-05,0.023752
19.52065086364746,3.374587600371171,1.2999407183613805,0.35024625774842355,1.0121037449565062,1.1939176298217637,1.788287776250093,0.00011203863147509879,0.023752
19.54742407798767,3.3508189199423697,1.291532890899645,0.1539468839725632,0.9616433494952232,1.455228643065591,2.0495987894939205,0.00012841011748648416,0.023752
19.584527015686035,3.3744259086464496,1.295413426605683,0.1490637906774447,0.99656498086905,1.4685277473042302,2.0628978937325595,0.00012924332423236163,0.023752
19.61042022705078,3.391241849572689,1.2850653315625666,0.2400480623287728,0.8336930374374258,1.2628259836195534,1.8571961300478828,0.00011635583240843816,0.023752
19.639761209487915,3.3923736918633973,1.2952517376163744,0.3100910632988219,0.9040729328922134,1.1887295706230134,1.7830997170513427,0.0001117135925969275,0.023752
19.666998147964478,3.3935055341683777,1.292341335831975,0.36547517487208764,0.9006559284748472,1.1052907694894005,1.6996609159177298,0.00010648603961854963,0.023752
19.696708917617798,3.3883313980335217,1.2873289773059842,0.37519714668220605,0.8075323123357017,1.0140466162174484,1.6084167626457777,0.00010076947084339965,0.023752
19.723185539245605,3.368119931608362,1.292664713805854,0.26853806525802293,0.8389311530722835,1.2160053764531402,1.8103755228814693,0.00011342245847308754,0.023604
19.753085374832153,3.390595082555834,1.2921796468452384,0.32004919124879116,0.8521298531110781,1.1385568812092763,1.7329270276376052,0.0001085702062057686,0.023604
19.780134677886963,3.3734557583042104,1.287814044254441,0.2598891118688126,0.7823445478377957,1.191928127628276,1.786298274056605,0.00011191398649008272,0.023604
19.810951471328735,3.370545307340096,1.2886224891712346,0.20143817494829058,0.7481289812898921,1.2903863921777494,1.8847565386060783,0.00011808252902783228,0.023604
19.837473392486572,3.371515457651036,1.2895926230758417,0.1659688128302045,0.7417390613590806,1.3696375619020336,1.9640077083303624,0.00012304772127296888,0.023604
19.869351148605347,3.364401022279526,1.2852270205433631,0.10120077338027848,0.6582417231627435,1.5181714254839662,2.112541571912295,0.00013235356735906407,0.023604
19.897661447525024,3.3758811341793806,1.2868439103587415,0.12031095422572854,0.6290618803824947,1.4465353934870502,2.040905539915379,0.00012786547372232803,0.023604
19.927711963653564,3.382025420021994,1.2821549299312553,0.16818127744881464,0.52375793863226,1.136384590662735,1.7307547370910639,0.00010843410928488537,0.023604
19.954168796539307,3.4057941086851566,1.2904010680000615,0.33512473393558384,0.5993134787765653,0.7950730632885296,1.3894432097168585,8.70504835946912e-05,0.023604
19.986968755722046,3.395607527058366,1.283610130741459,0.394799050476927,0.5292755216416971,0.5379195962981576,1.1322897427264866,7.093947344111679e-05,0.023604
20.01637363433838,3.392858767135212,1.289916001045124,0.4211399025188123,0.5943952985091364,0.6396531960792015,1.2340233425075304,7.731322013103965e-05,0.023445
20.04904055595398,3.3666647062005883,1.2855503985053607,0.29252855408338496,0.5609547479396996,0.8080353442247652,1.402405490653094,8.786258790820215e-05,0.023445
20.075029373168945,3.362460721820876,1.2921796468452384,0.17890000572127102,0.6575463695182586,1.284131048305459,1.8785011947337882,0.00011769062333112883,0.023445
20.107124090194702,3.392858767135212,1.270675012809847,0.27001057118985144,0.335892204208974,-0.058386790202330466,0.5359833562259986,3.3580077279795214e-05,0.023445
20.13620352745056,3.4190528357152328,1.2849036425819047,0.4808379548028351,0.36829526439550947,0.055228769433354245,0.6495989158616833,4.0698244716219825e-05,0.023445
20.16674256324768,3.3797617357154177,1.286682221376597,0.4078421577674669,0.4231725298387277,0.23526053358539534,0.8296306800137245,5.197747658567795e-05,0.023445
20.1921329498291,3.3855826383330996,1.2920179578586375,0.38942286642229706,0.5581719873602133,0.6132676090558573,1.2076377554841866,7.566012765899831e-05,0.023445
20.22172999382019,3.349202003133062,1.292664713805854,0.17229335594232387,0.6643789255894377,1.3158447671482494,1.910214913576579,0.0001196775304191944,0.023445
20.249460458755493,3.3821871117603566,1.284095197680616,0.20547667438303727,0.5836018224990973,1.1146671270994093,1.7090372735277388,0.00010707348101852911,0.023293
20.27509069442749,3.394475684726867,1.2900776900299682,0.29769139774703596,0.635350538564883,0.9445249290985513,1.538895075526881,9.641384375357276e-05,0.023293
20.302138328552246,3.394637376487635,1.2947666706492613,0.3631494199602331,0.7564526950870022,0.9811264726661478,1.5754966190944775,9.870697962669759e-05,0.023293
20.328616619110107,3.389948315543638,1.2921796468452384,0.3826462762801024,0.7943949325213745,0.9903303028604943,1.584700449288824,9.928361195232142e-05,0.023293
20.354202032089233,3.378953277048291,1.2955751155951272,0.33456940427709453,0.8824179185262035,1.1422195547035021,1.7365897011318319,0.00010879967762042749,0.023293
20.38328242301941,3.3718388410903346,1.29751538347903,0.26097610461547827,0.9791559633869895,1.30783798481055,1.9022081312388799,0.00011917589474984152,0.023293
20.41180992126465,3.3907567743096108,1.2916945798858406,0.31566353461814817,0.9415067318765925,1.2082471701679443,1.802617316596274,0.00011293639642734817,0.023293
20.44085955619812,3.389463240287547,1.2936348477307376,0.34668300911262967,0.9502742237706548,1.1682778525361197,1.7626479989644495,0.0001104322649850065,0.023293
20.473175764083862,3.3710303824942627,1.293311469755235,0.26491704987478176,0.9505578090801292,1.290188939220719,1.8845590856490488,0.00011807015833482632,0.023293
20.504209280014038,3.3673114730455938,1.295413426605683,0.18680341955420912,0.9888051025784935,1.4245926623964384,2.018962808824768,0.0001264907321427746,0.023142
20.534752368927002,3.401105047157483,1.2916945798858406,0.32183647090332124,0.9482611293106413,1.202401898739886,1.7967720451682156,0.00011257018232014592,0.023142
20.561794757843018,3.382995570456527,1.2845802646209854,0.3146954335432533,0.7910998532142723,1.099293502704169,1.6936636491324988,0.00010611030279803781,0.023142
20.59230613708496,3.3655328642329696,1.2873289773059842,0.2116634168001673,0.7308430596533046,1.2656328012873719,1.8600029477157016,0.00011653168330586028,0.023142
20.6224148273468,3.389139856784942,1.2907244459706955,0.2720674950295409,0.7501267224195413,1.144256275129276,1.7386264215576057,0.00010892728089112679,0.023142
20.649964094161987,3.3805701943898034,1.287005599341021,0.2662414144913728,0.6963082092713893,1.099141765759605,1.693511912187935,0.00010610079627462534,0.023142
20.67751717567444,3.365209480816254,1.2708367017787,0.17593017233551103,0.3659523212022627,0.04996583764186552,0.6443359840701954,4.036851496953356e-05,0.023142
20.70412039756775,3.3744259086464496,1.2937965367186919,0.16445209253151485,0.5503129658104937,1.221565542204778,1.815935688633108,0.00011377081032666593,0.023142
20.73121738433838,3.367634856469833,1.296706938525031,0.1182933805844946,0.732048348669114,1.510558039806873,2.104928186235203,0.00013187657851896687,0.023142
20.7580783367157,3.3888164732835007,1.2743938591273016,0.2048930380745972,0.45536066104741474,0.7032707518553908,1.2976408982837206,8.129894546094221e-05,0.023142
20.787593126296997,3.3978712117642207,1.271483457655448,0.3163448857010573,0.20899635413408796,-0.6113085713291232,-0.016938424900793336,-1.0612150742360265e-06,0.023142
20.815136671066284,3.424226973627375,1.286682221376597,0.5423188912292963,0.31166329265573933,-0.11456479223584302,0.4798053541924867,3.006044998578202e-05,0.022983
20.84416937828064,3.411776704784276,1.289269245107099,0.6306065556795091,0.4303594204211565,0.12600676802156216,0.7203769144498917,4.513258140726275e-05,0.022983
20.871079921722412,3.382995570456527,1.2815081740191072,0.530834492886584,0.372958899329929,0.023102115859864124,0.6174722622881936,3.868546671256087e-05,0.022983
20.898597955703735,3.3815403448086494,1.2907244459706955,0.4528246073233586,0.4996078101931783,0.36896813060455635,0.9633382770328858,6.035443715477811e-05,0.022983
20.92665410041809,3.3734557583042104,1.289916001045124,0.35283190312101814,0.5736279004951692,0.6944031788339323,1.2887733252622615,8.074338009891021e-05,0.022983
20.954168558120728,3.347585086352562,1.2891075561229304,0.1376025276912017,0.6108078164654072,1.4226839755273926,2.017054121955722,0.00012637115034639792,0.022983
20.982820510864258,3.322684571561889,1.2873289773059842,-0.1528461854163764,0.6046386339290977,2.3828890710901063,2.9772592175184354,0.0001865292894731163,0.022983
21.012848615646362,3.3469383196484253,1.2918562688721713,-0.22000299581580313,0.682271430738543,2.3604125809244807,2.95478272735281,0.0001851211071704889,0.022983
21.039127588272095,3.331577611777355,1.295898493574422,-0.353245716861604,0.8097851263632536,2.365570760391319,2.9599409068196483,0.00018544427404331706,0.022825
21.069645881652832,3.3525975284658958,1.292826402792996,-0.32851262855542873,0.8434349523887394,2.3009884631007824,2.8953586095291115,0.000181398106361557,0.022825
21.0967435836792,3.387846322786162,1.2813464850414065,-0.11331746309605767,0.6591849423809695,2.196940209728389,2.791310356156718,0.00017487934351475052,0.022825
21.128777503967285,3.3482318530613053,1.2907244459706955,-0.18507116710406887,0.6999660403289093,2.275534900771463,2.8699050471997922,0.00017980340648862992,0.022825
21.156843423843384,3.359388579513133,1.2697048789995364,-0.1726663939811124,0.34802499883063936,-3.0661940409830155,3.8113614126249,0.00023878691248615578,0.022825
21.192065000534058,3.3559930539258827,1.29751538347903,-0.18304507802429265,0.6050809196000945,2.4387008200913036,3.033070966519633,0.00019002597052264966,0.022825
21.22482705116272,3.404662266224948,1.2939582257067817,0.08291227333873834,0.7206298142032922,1.6074435930345454,2.201813739462875,0.00013794658857970674,0.022825
21.253875732421875,3.384127412643371,1.295413426605683,0.15380250547907687,0.8278555061647023,1.4448815371074772,2.0392516835358068,0.00012776185739844296,0.022825
21.28298830986023,3.361652263308725,1.292341335831975,0.07725319404379805,0.8473037297655975,1.6098818710131646,2.204252017441494,0.00013809934997052335,0.022673
21.31409239768982,3.3433811028579945,1.2950900486272012,-0.07890316815108692,0.9106735879880056,1.8841922909737172,2.4785624374020463,0.0001552852662754402,0.022673
21.344154357910156,3.388978165034076,1.2952517376163744,0.06776316976086422,0.9579593182776178,1.6181593465643178,2.2125294929926467,0.00013861794493333436,0.022673
21.378437995910645,3.382833878716712,1.275687370906495,0.13593640700276524,0.636912973615719,1.418239906715475,2.0126100531438036,0.00012609272346539974,0.022673
21.41015601158142,3.387846322786162,1.3025277422695756,0.21179686179467144,0.8980342197855026,1.3524123961991577,1.9467825426274863,0.00012196854150228967,0.022673
21.440146446228027,3.3509806116248857,1.2861971544309725,0.057940022224029,0.7852093104062695,1.6628117487237861,2.2571818951521148,0.00014141547791234573,0.022673
21.466188430786133,3.381378653071449,1.289916001045124,0.12089076213349358,0.7735489506443358,1.5075008149841502,2.101870961412479,0.00013168503927690598,0.022673
21.492215633392334,3.397224444699573,1.2887841781549982,0.25391242898759886,0.7448988926904879,1.1649324270550439,1.7593025734833723,0.00011022266958454597,0.022673
21.521249055862427,3.38331895393703,1.2999407183613805,0.26896403568866284,0.9267950891210471,1.2658092283736415,1.86017937480197,0.00011654273669981798,0.022673
21.549201726913452,3.381863728283922,1.2965452495346381,0.27133071874188824,0.992659005430495,1.293255726102769,1.8876258725310975,0.00011826229665274908,0.022517
21.575740098953247,3.3430577195203153,1.2891075561229304,0.055135668452939025,0.9041295899201338,1.6500285949152491,2.2443987413435775,0.00014061459615401518,0.022517
21.60611319541931,3.3115278496062106,1.2815081740191072,-0.27320532757093335,0.7045980179792064,2.422752850143949,3.0171229965722772,0.0001890268087817723,0.022517
21.637614488601685,3.3959309105842745,1.2842568866606046,-0.029216560836304764,0.6146820165396024,2.0635496782139744,2.6579198246423026,0.00016652224752545204,0.022517
21.66676640510559,3.3749109838214832,1.2941199146950066,0.023572526284218413,0.7302774115777183,1.7750013920883263,2.3693715385166545,0.00014844430977888117,0.022517
21.700809001922607,3.4078961018635447,1.3025277422695756,0.24569891589851867,0.9633893263589048,1.3177309168717761,1.9121010633001045,0.00011979570023312897,0.022517
21.730335235595703,3.359226887815615,1.300910852322876,0.12796494861737698,1.0972993703714233,1.5257972275645224,2.120167373992851,0.0001328313341035178,0.022517
21.7583646774292,3.3682816233217845,1.2968686275155596,0.09638324220524334,1.117865661420235,1.5701447426407162,2.1645148890690447,0.00013560976549719254,0.022517
21.784681797027588,3.3999732047565634,1.2981621394446707,0.25218833532621787,1.155676701710505,1.3702664580733013,1.9646366045016297,0.0001230871224629253,0.022366
21.8168306350708,3.3739408334740255,1.2823166189096287,0.21510965966668255,0.8953151429002948,1.3404469476541938,1.934817094082522,0.00012121889007718478,0.022366
21.84368348121643,3.3836423374186944,1.2971920054970236,0.24361752865698094,0.9823303613147382,1.3275360945548573,1.9219062409831853,0.00012041000778674104,0.022366
21.87322688102722,3.369251773608397,1.2934731587429187,0.18278634182267992,0.9759239348679362,1.424867941860316,2.019238088288644,0.00012650797877098257,0.022366
21.898300647735596,3.3741025251978773,1.287005599341021,0.16743597986536451,0.8543662579852723,1.4195502660310804,2.013920412459408,0.0001261748192367911,0.022366
21.92498540878296,3.3674731647575684,1.2937965367186919,0.11947438613209296,0.8922027215586098,1.5259674716664875,2.120337618094815,0.00013284200012520295,0.022366
21.951085567474365,3.3726472996936496,1.2895926230758417,0.11494817008020844,0.842590679547179,1.5310828848134048,2.1254530312417326,0.00013316248763063797,0.022366
21.97899842262268,3.370706999057862,1.2871672883234353,0.10088723131325136,0.7639598086723223,1.5606670771704545,2.1550372235987822,0.00013501597702367647,0.022366
22.00945258140564,3.372485607972407,1.288460800187606,0.10102944607052328,0.7323328344404949,1.5592948096308306,2.153664956059158,0.000134930002618886,0.022366
22.035890579223633,3.3804085026543453,1.2921796468452384,0.14560706450376498,0.7775110300688248,1.4445016699306699,2.0388718163589976,0.00012773805820952202,0.022366
22.064879894256592,3.388493089783224,1.2937965367186919,0.22219718522065207,0.8384040620170938,1.295129404308612,1.8894995507369394,0.00011837968510934717,0.022366
22.09153985977173,3.36989854047193,1.2976770724702367,0.17142296384290562,0.9512730934013527,1.4380805257062053,2.032450672134533,0.00012733576489802725,0.022214
22.11866807937622,3.379276660514271,1.2976770724702367,0.18852851697595568,1.0302814153703432,1.4278931654910767,2.0222633119194042,0.0001266975130953782,0.022214
22.145923614501953,3.387199555793755,1.2946049816604945,0.2449804756267703,1.029977479324249,1.341350888574544,1.9357210350028713,0.000121275523190152,0.022214
22.181474685668945,3.3677965481823864,1.2912095129276595,0.1755709643388936,0.9683013045999259,1.435074812118684,2.0294449585470113,0.00012714745290404931,0.022214
22.20785665512085,3.380085119184301,1.2913712019135846,0.19597069586390803,0.9280548117680312,1.3870702835259519,1.9814404299542794,0.0001241399047009212,0.022214
22.23797631263733,3.395445835295849,1.2978387614615792,0.29648350795854567,1.0169554478002154,1.2586273614407577,1.8529975078690852,0.00011609278308872528,0.022214
22.27010202407837,3.416627458672316,1.289916001045124,0.48575326912047906,0.9357712468200912,0.9412613754827768,1.5356315219111045,9.620937773545575e-05,0.022214
22.30174493789673,3.3805701943898034,1.3025277422695756,0.415821456355032,1.1072350110285658,1.1473716818796706,1.7417418283079984,0.00010912246530911469,0.022214
22.332873582839966,3.39011000729625,1.2988088954124828,0.4204244175690722,1.1599425647733357,1.168716366559052,1.76308651298738,0.00011045973847762009,0.022063
22.366393089294434,3.384127412643371,1.2934731587429187,0.3900610064403122,1.1002524772889732,1.1748302195299178,1.7692003659582456,0.00011084277957927774,0.022063
22.395862340927124,3.4070876429429333,1.2929880917802739,0.4977022720602803,1.0496889275363699,1.016262702253174,1.6106328486815018,0.00010090831161051277,0.022063
22.42189121246338,3.3844507961279424,1.2944432926718632,0.44597093609342864,1.0406359083163497,1.0709731420992028,1.6653432885275308,0.00010433599416203325,0.022063
22.448739290237427,3.3729706831370043,1.2887841781549982,0.3453111863310343,0.9318597630608922,1.1342045139493764,1.7285746603777046,0.00010829752455019145,0.022063
22.47537350654602,3.411776704784276,1.2944432926718632,0.492701162250719,0.9581554931835193,0.9502461737673826,1.5446163201957108,9.677228741769824e-05,0.022063
22.501851081848145,3.376204517634334,1.2881374222207533,0.3961766577780241,0.8624161547385365,0.9930222926327831,1.5873924390611114,9.945226872783466e-05,0.022063
22.526207208633423,3.395284143533623,1.2925030248188467,0.43571996543185654,0.8744230132595421,0.9460441880146717,1.5404143344430001,9.650902736556124e-05,0.022063
22.555248260498047,3.39011000729625,1.297353694487959,0.4343533739228444,0.970632700132041,1.035209228344988,1.6295793747733165,0.00010209533692194526,0.022063
22.584408283233643,3.407411026510301,1.2978387614615792,0.5305223612721375,1.0467599696550234,0.9773959139574263,1.5717660603857548,9.847325511215707e-05,0.021904
22.61058497428894,3.374587600371171,1.3013959193054585,0.413574340443185,1.1644393095531587,1.1806861861782738,1.7750563326066024,0.00011120966375639911,0.021904
22.637067556381226,3.371515457651036,1.2904010680000615,0.31446412867663553,1.0477904384211862,1.2523460481245468,1.8467161945528754,0.00011569925037147428,0.021904
22.670230388641357,3.3986796706015943,1.2997790293682734,0.3975832286026912,1.1358923415273956,1.1856668752149733,1.780037021643302,0.0001115217106153476,0.021904
22.69953751564026,3.4043388826675187,1.2949283596381636,0.48753665605934865,1.1097587866897827,1.0665839172705882,1.660954063698917,0.00010406100333026368,0.021904
22.72657036781311,3.394152301206205,1.2916945798858406,0.4933179532085766,1.0329287081885437,1.0079299731040585,1.6023001195323876,0.00010038625493556471,0.021904
22.753718376159668,3.4051473415632842,1.296706938525031,0.5590895430914767,1.0698793683337544,0.9621876950420624,1.5565578414703913,9.752043976717718e-05,0.021904
22.788836002349854,3.378791585315736,1.2976770724702367,0.45717197534504245,1.1133058078230136,1.1037275990733866,1.6980977455017157,0.00010638810489210429,0.021904
22.815568685531616,3.395445835295849,1.2939582257067817,0.47932440359534306,1.076387235959337,1.0548522645917988,1.6492224110201277,0.0001033259995302439,0.021753
22.843153476715088,3.38493587135698,1.2894309340914027,0.43582957544411294,0.9685930101794488,1.0304332695334817,1.6248034159618103,0.0001017961166866291,0.021753
22.869697093963623,3.3870378640463805,1.3017192972945262,0.417183500771287,1.1155760971821886,1.1529769258531164,1.7473470722814448,0.00010947364137384511,0.021753
22.895253658294678,3.3815403448086494,1.2960601825642726,0.37326891284265906,1.1160252224200005,1.2081154465558777,1.802485592984206,0.00011292814376610145,0.021753
22.921944618225098,3.359388579513133,1.288460800187606,0.21817166198159302,0.9787786240638724,1.3824718048968623,1.976841951325191,0.00012385180383745116,0.021753
22.947249174118042,3.381216961334539,1.278597772441053,0.23214519423932398,0.7041694143792838,1.1592688337028652,1.753638980131194,0.0001098678378528545,0.021753
22.9728364944458,3.403853807333565,1.2944432926718632,0.3690068841398648,0.7987722491063894,0.9606192476869381,1.554989394115267,9.742217443340784e-05,0.021753
22.99922490119934,3.356478129001981,1.2902393790149473,0.1988493630779594,0.7888966666479911,1.3381682436939248,1.9325383901222537,0.00012107612621298129,0.021753
23.029366731643677,3.3983562870657695,1.2891075561229304,0.3148374608866159,0.7614959527723838,1.0203503398153622,1.6147204862436908,0.00010116440759490418,0.021753
23.056487798690796,3.3815403448086494,1.2947666706492613,0.30162668492338346,0.84475448503225,1.1429893484315572,1.737359494859886,0.00010884790623159104,0.021753
23.091077089309692,3.3574482791619715,1.2900776900299682,0.15712951650529916,0.8181574023380926,1.4633572751773747,2.0577274216057035,0.0001289193872078701,0.021753
23.119251251220703,3.3466149362980837,1.3002640963480023,-0.004835435226345339,0.98392970509202,1.7892328840280218,2.3836030304563507,0.00014933593186675114,0.021594
23.149582862854004,3.353567678584341,1.2994556513824667,-0.07917913876508982,1.08533616899407,1.864333548320368,2.458703694748697,0.00015404108937100316,0.021594
23.174779176712036,3.3749109838214832,1.2936348477307376,-0.011401278265929462,1.0509548297528983,1.7760442937933474,2.3704144402216767,0.00014850964897168085,0.021594
23.20297384262085,3.401590122476542,1.2913712019135846,0.18581633021073055,0.9859122793751213,1.4418303203723766,2.036200466800706,0.00012757069457114263,0.021594
23.23111319541931,3.3854209465886336,1.2904010680000615,0.23309707136570948,0.9228215172965601,1.3301868312252316,1.9245569776535612,0.00012057608000000223,0.021594
23.255819082260132,3.417759301284135,1.2936348477307376,0.4477367761222855,0.9371945735646349,0.9779459455984574,1.572316092026787,9.850771533335171e-05,0.021594
23.283633947372437,3.3981945952982953,1.2976770724702367,0.4881509341216159,1.0204264514846326,0.9969098808502496,1.5912800272785792,9.969583135204336e-05,0.021594
23.309566020965576,3.415818999672667,1.3010725413169342,0.6153818870434249,1.1401521875817868,0.9478928923774478,1.5422630388057774,9.662485117734278e-05,0.021594
23.336992025375366,3.394152301206205,1.295413426605683,0.5828096148974407,1.1215211675296513,0.9669376129897809,1.5613077594181104,9.781802850739515e-05,0.021594
23.362711191177368,3.3970627529341395,1.296706938525031,0.5763479100377725,1.131894089872535,0.9805787893298862,1.5749489357582158,9.867266652995141e-05,0.021436
23.39217710494995,3.388493089783224,1.3013959193054585,0.5237157770944557,1.2240331937054085,1.0896822491797122,1.6840523956080418,0.00010550814485347118,0.021436
23.418953895568848,3.370221923905434,1.3012342303111284,0.3843014093771448,1.285603736761145,1.2645421046732908,1.8589122511016205,0.00011646334969780285,0.021436
23.45194149017334,3.389463240287547,1.2939582257067817,0.3947295214439348,1.1969957862160303,1.2182375166401351,1.8126076630684649,0.00011356230505434415,0.021436
23.48042631149292,3.362460721820876,1.2904010680000615,0.2504406828736609,1.0705799720851965,1.3647346277697257,1.9591047741980554,0.0001227405458632325,0.021436
23.50977921485901,3.352920911837557,1.2897543120604154,0.09588328213466428,0.9703815843664659,1.6217238850412936,2.2160940314696234,0.000138841268057333,0.021436
23.535300493240356,3.393667225927398,1.2936348477307376,0.2164374439057594,0.9704866205135729,1.3887837575080557,1.9831539039363855,0.00012424725614769221,0.021436
23.560758352279663,3.381216961334539,1.2941199146950066,0.23093124158625042,0.9793406343594924,1.3650013148721953,1.9593714613005253,0.00012275725416845584,0.021436
23.588743448257446,3.3432194111890112,1.292341335831975,0.027763749785506716,0.9533433195019425,1.760224499773106,2.354594646201436,0.00014751851762482215,0.021284
23.6139395236969,3.384612487870664,1.2931497807676868,0.1179216862581715,0.9497793465875095,1.5796271421331336,2.1739972885614636,0.0001362038505635562,0.021284
23.642894983291626,3.350657228260143,1.2988088954124828,-0.0095880314880751,1.0497235996645935,1.7912717013257822,2.385641847754112,0.00014946366650929726,0.021284
23.67232847213745,3.3744259086464496,1.2941199146950066,0.03458934985500455,1.0348065197652054,1.7223654418564023,2.316735588284732,0.00014514659678844618,0.021284
23.702736616134644,3.3732940665815185,1.2957368045847069,0.05915950724852695,1.0536328591381647,1.6766036105917195,2.2709737570200494,0.0001422795565856436,0.021284
23.731685876846313,3.36375425545535,1.2905627569853109,0.022803397268384713,0.9731527525935924,1.7629730930408507,2.3573432394691807,0.00014769072068536394,0.021284
23.75830602645874,3.4070876429429333,1.284095197680616,0.2406219456399352,0.7997435014020122,1.2278293605284463,1.8221995069567765,0.00011416324695913235,0.021284
23.783390998840332,3.3983562870657695,1.2957368045847069,0.3440782686799973,0.8890887462839334,1.0861805418424793,1.6805506882708094,0.0001052887581847816,0.021284
23.81299662590027,3.3964159858753242,1.2980004504530571,0.4056051041636201,0.9926060315369905,1.0757609351879809,1.670131081616311,0.00010463595583071822,0.021284
23.842392206192017,3.3823488034990095,1.296706938525031,0.3697026138721843,1.041653494677667,1.1638462269483616,1.7582163733766918,0.00011015461768871755,0.021125
23.873658180236816,3.4087045607914677,1.29832382843642,0.49252855719862454,1.1052550145712696,1.0443506415394188,1.638720787967749,0.00010266805873867672,0.021125
23.90396785736084,3.401266738930211,1.29751538347903,0.5367517831799464,1.1351419306185384,1.0146531336387,1.60902328006703,0.00010080746997460514,0.021125
23.935452461242676,3.4036921155561646,1.292826402792996,0.5813237804465433,1.07118471536744,0.9193979456420662,1.5137680920703964,9.48396044857379e-05,0.021125
23.96187424659729,3.3842891043855117,1.2949283596381636,0.5035982762083613,1.064463448377819,1.001804614422992,1.596174760851322,0.00010000249298570686,0.021125
23.99574065208435,3.406764259376735,1.2907244459706955,0.5753629289304083,0.9836609945267122,0.8479551055765634,1.4423252520048933,9.03636145830289e-05,0.021125
24.023531675338745,3.3965776776395913,1.2965452495346381,0.5684120822169428,1.0324651392144673,0.900774645796159,1.495144792224489,9.367282973281687e-05,0.021125
24.058075428009033,3.3896249320392857,1.2895926230758417,0.5245147082394861,0.9407743719062751,0.8638336172693359,1.4582037636976657,9.135842467095e-05,0.021125
24.08590316772461,3.371353765931822,1.292341335831975,0.3912146705089236,0.9263469357846932,1.0418138559109835,1.6361840023393133,0.00010250912571126902,0.021125
24.119588136672974,3.3483935447392117,1.2931497807676868,0.1690090418126332,0.9308818779854257,1.4837428060763134,2.078112952504643,0.00013019656810355336,0.021125
24.145358324050903,3.3970627529341395,1.2902393790149473,0.2866875088784065,0.8813734068633191,1.1981298349690002,1.79249998139733,0.00011230253178603107,0.020967
24.17658758163452,3.3665030144900605,1.291532890899645,0.19750416295875736,0.8701321128299896,1.3991329775456796,1.9935031239740093,0.00012489564868565465,0.020967
24.202667951583862,3.371353765931822,1.2934731587429187,0.1623072888124127,0.8973851609286149,1.4935024360820601,2.08787258251039,0.00013080802203399407,0.020967
24.228826761245728,3.3870378640463805,1.2916945798858406,0.22571790012909107,0.8842671701557371,1.3375056312938798,1.93187577772221,0.00012103461265599943,0.020967
24.256844997406006,3.378953277048291,1.2970303165062238,0.22471954097138577,0.9716699508301833,1.3800539825718536,1.9744241290001838,0.00012370032402081238,0.020967
24.282527923583984,3.358256737636569,1.2984855174283054,0.10783309318253101,1.059193363461054,1.6102022071315754,2.2045723535599056,0.0001381194194586648,0.020967
24.31034207344055,3.351789070041787,1.2913712019135846,-0.010296038684729602,0.9916792529708235,1.841767701164681,2.4361378475930113,0.000152627308732911,0.020967
24.339428663253784,3.395284143533623,1.2837718197210433,0.15118907790793232,0.8068583929380364,1.5054532448559041,2.0998233912842346,0.00013155675625777197,0.020967
24.365045070648193,3.4287543445471518,1.29832382843642,0.45212587889382344,0.9408984433535388,0.9543417203782043,1.5487118668065345,9.702887891461121e-05,0.020967
24.39352321624756,3.4140403898992226,1.3034978762441238,0.5801794716680809,1.1283850265207391,0.9593392583484118,1.553709404776742,9.734198138187797e-05,0.020818
24.42182207107544,3.405309033343314,1.2921796468452384,0.6208003219796617,1.054747564524997,0.8581804463679359,1.4525505927962659,9.100424591980077e-05,0.020818
24.44856023788452,3.4129085473345757,1.2934731587429187,0.6918975694761952,1.0266159771151322,0.764901521748788,1.3592716681771178,8.516019598634269e-05,0.020818
24.47986125946045,3.4247120490720486,1.3017192972945262,0.8079289183585945,1.1561921740371643,0.7787720583058251,1.3731422047341546,8.602920373460032e-05,0.020818
24.50692391395569,3.4125851637473117,1.2894309340914027,0.8210721548556729,1.0244564668339413,0.6598394552315057,1.2542096016598352,7.857791638410493e-05,0.020818
24.53878355026245,3.3978712117642207,1.2907244459706955,0.7476702674478086,0.9556561074459923,0.6476182566740797,1.2419884031024093,7.781224187715803e-05,0.020818
24.565768718719482,3.431664797402988,1.2944432926718632,0.8860016035461568,0.9748129342530893,0.5708707814950326,1.165240927923362,7.300390945861385e-05,0.020818
24.595244884490967,3.4051473415632842,1.293311469755235,0.8339680983277887,0.967734906417832,0.597253603880193,1.1916237503085223,7.465682872235913e-05,0.020818
24.62596845626831,3.4256821999693265,1.2946049816604945,0.9128245855726136,0.9861949230575006,0.5654452962914928,1.1598154427198222,7.266399552229672e-05,0.020667
24.653915405273438,3.3977095199976213,1.292826402792996,0.810989253058536,0.966921810074707,0.6123156723957223,1.206685818824052,7.560048754845855e-05,0.020667
24.682373762130737,3.405309033343314,1.2873289773059842,0.7823671689529811,0.8539184294556088,0.5081550505129716,1.102525196941301,6.907468466352815e-05,0.020667
24.718713521957397,3.429239420016508,1.293311469755235,0.8966736912506159,0.8831087530595889,0.47247862770799215,1.0668487741363215,6.683950884894051e-05,0.020667
24.74643635749817,3.4193762193259394,1.2949283596381636,0.9213175710627515,0.9328102747623234,0.5097038361266001,1.1040739825549295,6.917171816278023e-05,0.020667
24.775091648101807,3.4455702956977645,1.2946049816604945,1.0856183184583634,0.9617476808986325,0.4571381312289806,1.0515082776573101,6.587840613690326e-05,0.020667
24.802828311920166,3.414848848882758,1.2937965367186919,1.028162759664002,0.9673697175979525,0.48772155580487075,1.0820917022332002,6.779449877076884e-05,0.020667
24.834550380706787,3.4232568227459557,1.2920179578586375,1.0351451060744778,0.9391100187916694,0.4590697943989799,1.0534399408273094,6.599942742939983e-05,0.020667
24.862087726593018,3.384127412643371,1.2895926230758417,0.8203654883941003,0.8754257876103181,0.5089437800833908,1.1033139265117202,6.912409963065331e-05,0.020667
24.888592004776,3.3823488034990095,1.2828016858455558,0.6600348828335179,0.7079199910600876,0.38355937080945396,0.9779295172377833,6.126859795473009e-05,0.020667
24.91427254676819,3.3986796706015943,1.2897543120604154,0.639482756512508,0.7165195976488817,0.41321757075251,1.0075877171808392,6.312672402244981e-05,0.020518
24.94124484062195,3.3401472695329626,1.292664713805854,0.29650321902124627,0.7752222527915068,1.0934292551615676,1.687799401589897,0.00010574289981176788,0.020518
24.967434883117676,3.3804085026543453,1.2745555480992319,0.28243870556926776,0.4885092231548968,-0.13332143111486425,0.46104871531346503,2.888532136331565e-05,0.020518
24.99347424507141,3.3867144805525045,1.2907244459706955,0.3079944602973918,0.5804930368706624,0.4623829141104831,1.0567530605388125,6.620699882999863e-05,0.020518
25.020817041397095,3.3753960589991268,1.281023107086408,0.2623433880654282,0.4692719428730862,-0.33225186686427,0.2621182795640593,1.6422062330787592e-05,0.020518
25.046905755996704,3.357286587467918,1.2819932409530166,0.1287234932208735,0.40897815303966356,-1.8624425402847655,-1.2680723938564362,-7.944643893777787e-05,0.020518
25.07817006111145,3.373779141750464,1.2777893275659824,0.12777655454342673,0.2906749382741938,-1.7089748901239186,-1.1146047436955893,-6.983148449472078e-05,0.020518
25.10576558113098,3.392697075377649,1.2855503985053607,0.23331643952496722,0.3483504957752423,-1.1197143166165218,-0.5253441701881927,-3.2913517982396065e-05,0.020518
25.136655569076538,3.3817020365461405,1.2839335087007624,0.24546968569795222,0.3594550922639399,-1.0264874240158226,-0.4321172775874935,-2.7072727924790927e-05,0.020518
25.164762496948242,3.3870378640463805,1.2857120874865613,0.28393157794896956,0.39942343295767474,-0.6933120050548878,-0.09894185862655847,-6.198840356314118e-06,0.020366
25.20030689239502,3.384127412643371,1.2937965367186919,0.2945160187062395,0.5737427440392822,0.47294998264226934,1.067320129070599,6.686903986876676e-05,0.020366
25.228134870529175,3.394152301206205,1.2701899459040904,0.35820350706140847,0.2684491788899176,-0.8675277862815979,-0.27315763985326824,-1.7113693082610476e-05,0.020366
25.260070085525513,3.394637376487635,1.2925030248188467,0.40550789648028057,0.4586461301655102,-0.18033202946530213,0.4140381169630276,2.5940044225061617e-05,0.020366
25.286553859710693,3.4258438917865672,1.287005599341021,0.6138101604547772,0.4922717946935755,-0.024773309658528073,0.5695968367698019,3.568600699047054e-05,0.020366
25.3148033618927,3.4062791840296307,1.289916001045124,0.6497880999639442,0.5684926896454392,0.13195602231519657,0.7263261687435263,4.550531018067855e-05,0.020366
25.33939242362976,3.4004582800694925,1.2853887095242944,0.6422948835043981,0.5398960923479371,0.07521382839960951,0.6695839748279393,4.195033550734724e-05,0.020366
25.368446588516235,3.386876172299297,1.2879757332375297,0.5608015006319138,0.5667077447274012,0.1567194338390259,0.7510895802673556,4.705677117852889e-05,0.020366
25.39508605003357,3.4023985813474793,1.2907244459706955,0.5908968551078498,0.6352320019714168,0.29788769901788736,0.8922578454462171,5.590115263010884e-05,0.020208
25.42079448699951,3.4072493347264707,1.2844185756407276,0.6391950821137704,0.5690526347042699,0.13578187077855128,0.7301520172068809,4.5745004726354084e-05,0.020208
25.44699716567993,3.381863728283922,1.2863588434127124,0.5304924512394585,0.5578490302487772,0.14555890546542208,0.7399290518937518,4.6357549083447747e-05,0.020208
25.475531578063965,3.3770129762767924,1.2907244459706955,0.42716913845612936,0.6290309018363773,0.44466007956283304,1.0390302259911628,6.509663943765184e-05,0.020208
25.50291919708252,3.405632416904251,1.2905627569853109,0.5155085206692691,0.6759313824823506,0.455811269586726,1.0501814160150558,6.579527647257894e-05,0.020208
25.52867293357849,3.3758811341793806,1.2934731587429187,0.41032637732802285,0.7614446496852809,0.8111634949544952,1.405533641382825,8.80585707536152e-05,0.020208
25.561716556549072,3.381055269597919,1.283610130741459,0.3657457792590076,0.6427673412777981,0.6050701360928209,1.1994402825211508,7.51465449658042e-05,0.020208
25.588742971420288,3.405632416904251,1.287005599341021,0.4725121692312814,0.6211566424721771,0.36190136325584255,0.9562715096841725,5.9911694687252556e-05,0.020208
25.61657977104187,3.3732940665815185,1.2895926230758417,0.3657054808119208,0.6528584241866721,0.6395248127660966,1.2338949591944266,7.730517674401021e-05,0.020208
25.642897129058838,3.3446746362202178,1.2891075561229304,0.13027515538972625,0.6662691830494685,1.8058137544407973,2.400183900869127,0.00015037474567199273,0.020208
25.66902446746826,3.3815403448086494,1.2942816036833673,0.17243307107557151,0.769315257653843,1.5558865989095183,2.150256745337848,0.00013471647363878244,0.02005
25.694726705551147,3.399811512986171,1.2874906662886683,0.30451549962302166,0.7185206721774716,0.9992159971640251,1.593586143592355,9.984031263701843e-05,0.02005
25.72214436531067,3.370706999057862,1.2844185756407276,0.23358436199321397,0.6273547038485096,1.07518124675691,1.6695513931852402,0.00010459963757178826,0.02005
25.748758792877197,3.390595082555834,1.2831250638035132,0.29558159896342073,0.5401238911256011,0.25022769387700994,0.8445978403053402,5.2915189284054384e-05,0.02005
25.77551770210266,3.408381177219421,1.2902393790149473,0.43882841476215023,0.6078428160614473,0.35521166426516537,0.9495818106934957,5.9492576058892054e-05,0.02005
25.80461597442627,3.4211548292058,1.2879757332375297,0.610810754834121,0.6142704513268556,0.2363827062350394,0.8307528526633696,5.204778220964674e-05,0.02005
25.831042051315308,3.3682816233217845,1.2821549299312553,0.43437530655695666,0.5134039382933019,0.019613758280416282,0.6139839047087463,3.846691642412988e-05,0.02005
25.86393666267395,3.427137426335072,1.2910478239418695,0.6412790769712102,0.6037729964055712,0.20046670959376384,0.7948368560220938,4.979759677238408e-05,0.02005
25.892472743988037,3.377983126657318,1.2863588434127124,0.5101660705852877,0.5821532834396934,0.2146889802175971,0.809059126645927,5.068864113242781e-05,0.019897
25.92350125312805,3.3852592548444576,1.289916001045124,0.4592341738626553,0.6314097317677244,0.4050377832982408,0.9994079297265706,6.261424935013775e-05,0.019897
25.952454328536987,3.4030453484494854,1.292826402792996,0.5234305901337866,0.718572176171861,0.539746222417658,1.1341163688459877,7.10539140212983e-05,0.019897
25.984487056732178,3.3703836156226203,1.287005599341021,0.38500949411841745,0.6742200268980144,0.6636097527814653,1.2579798992097948,7.881413059043204e-05,0.019897
26.01453924179077,3.4222866718751046,1.2886224891712346,0.5794915233230195,0.6724418166320439,0.3823078897673617,0.976678036195691,6.11901909862683e-05,0.019897
26.0485782623291,3.392858767135212,1.2947666706492613,0.5504246335110737,0.7824165897340107,0.6282069394618737,1.2225770858902032,7.659609677765674e-05,0.019897
26.075132369995117,3.3844507961279424,1.287814044254441,0.4828765891089832,0.7335452634738512,0.628619973850449,1.2229901202787787,7.662197393694997e-05,0.019897
26.104384660720825,3.4226100554975476,1.2913712019135846,0.6498139220996675,0.7637255829797842,0.4907156917633333,1.085085838191663,6.798208541073346e-05,0.019897
26.138437747955322,3.3973861364652973,1.2942816036833673,0.6250663568501303,0.8375347376050667,0.6297876824783959,1.2241578289067254,7.669513245113002e-05,0.019897
26.168250799179077,3.39205030835031,1.2900776900299682,0.5777884377944124,0.813103579139063,0.645987736377669,1.2403578828059985,7.771008759023151e-05,0.019897
26.19893455505371,3.4132319309230104,1.2905627569853109,0.6636046826388575,0.8047822565942292,0.5427247215420525,1.137094867970382,7.124052099260282e-05,0.019749
26.22503685951233,3.3836423374186944,1.2913712019135846,0.5575640447375042,0.8135914781640529,0.6722842703338539,1.2666544167621834,7.935760076798606e-05,0.019749
26.250887155532837,3.402883656673546,1.2844185756407276,0.5913537838026233,0.6939042680391111,0.4134909406280106,1.00786108705634,6.314385101238086e-05,0.019749
26.281586170196533,3.398032903531112,1.292826402792996,0.5877751236034412,0.7623183515618424,0.5485941169035534,1.1429642633318826,7.160824649664208e-05,0.019749
26.306745052337646,3.369736848755612,1.2818315519749122,0.42641980510201083,0.6111838097882367,0.3768504078176285,0.9712205542459578,6.084827241081937e-05,0.019749
26.33579182624817,3.392858767135212,1.2863588434127124,0.44327443075637263,0.5873408528075647,0.27160427962401595,0.8659744260523454,5.4254461097300627e-05,0.019749
26.361865997314453,3.4072493347264707,1.2955751155951272,0.535859385067738,0.7374800627265353,0.5632783738566006,1.1576485202849303,7.252823492081955e-05,0.019749
26.389907598495483,3.3758811341793806,1.273585414269659,0.4245719824069436,0.4445287148149443,-0.287139782309118,0.30723036411921134,1.924839502940205e-05,0.019749
26.41748070716858,3.391241849572689,1.2876523552714871,0.4329037965394187,0.494096921609155,-0.0853857160358355,0.508984430392494,3.188855830736977e-05,0.019597
26.444591283798218,3.393828917686709,1.2908861349562148,0.4532595198392942,0.5873312552564259,0.2626377065880336,0.8570078530163632,5.369269325136727e-05,0.019597
26.471473455429077,3.396901061168999,1.2925030248188467,0.48475512761413525,0.6818635836220768,0.5080231099259761,1.1023932563543055,6.906641840851074e-05,0.019597
26.502002477645874,3.426328967240053,1.269543190031619,0.6720063707846469,0.33242644998668747,-0.3610266157243115,0.2333435307040177,1.4619285660201067e-05,0.019597
26.528530836105347,3.4135553145126165,1.286682221376597,0.7313726678309521,0.39806435975255633,-0.21244883255331312,0.38192131387501593,2.3927883367550488e-05,0.019597
26.554229736328125,3.394637376487635,1.2941199146950066,0.6667263090189611,0.5786450518267928,0.13196460434060395,0.7263347507689328,4.550584785609892e-05,0.019597
26.58666229248047,3.4310180300934556,1.2887841781549982,0.8257099677165244,0.6084661635182051,0.14540482631087034,0.7397749727391991,4.634789581743308e-05,0.019597
26.6121244430542,3.395445835295849,1.287814044254441,0.737300998255378,0.6117799651227845,0.1743975107342754,0.7687676571626043,4.816432644382766e-05,0.019597
26.645166397094727,3.415818999672667,1.2902393790149473,0.7897869319370616,0.6580020678594704,0.23367269529528079,0.8280428417236099,5.187799638378268e-05,0.019597
26.67418336868286,3.3757194424523393,1.2886224891712346,0.6014135495464147,0.6610892453050631,0.34144642918157037,0.9358165756098993,5.863016558940201e-05,0.019448
26.70470404624939,3.3642393305730485,1.2891075561229304,0.40510437352800793,0.6720307578323341,0.6353491210841634,1.2297192675124924,7.704356405072945e-05,0.019448
26.730732202529907,3.356478129001981,1.2952517376163744,0.2241176056496621,0.7909093371686479,1.4623517987908012,2.05672194521913,0.00012885639276154643,0.019448
26.756814002990723,3.372485607972407,1.2819932409530166,0.18729070810600248,0.6341243290465687,1.6306952386598668,2.225065385088196,0.00013940333541318764,0.019448
26.78454899787903,3.4025602731225426,1.2881374222207533,0.330347016278364,0.6355943398426617,0.715519442128027,1.3098895885563562,8.206634236077793e-05,0.019448
26.815343618392944,3.3464532446233455,1.2868439103587415,0.115509099239362,0.6132087120584321,2.261601365751321,2.8559715121796505,0.0001789304518020299,0.019448
26.845054149627686,3.4009433553850474,1.2912095129276595,0.2710227307590359,0.676563167513854,1.121265665403446,1.7156358118317754,0.00010748688830741105,0.019448
26.873282194137573,3.3758811341793806,1.2886224891712346,0.23918632439085208,0.6740820150631344,1.2921725826880328,1.886542729116362,0.00011819443626277722,0.019448
26.903587341308594,3.388493089783224,1.2907244459706955,0.28770266714160725,0.7103939912064301,1.11949842736696,1.7138685737952888,0.00010737616847040925,0.019448
26.931830167770386,3.3626224135241736,1.291532890899645,0.1764296003977923,0.7504465218701672,1.6500863793478493,2.244456525776178,0.0001406182164263422,0.01929
26.962806701660156,3.377336359735807,1.2900776900299682,0.18114057423275076,0.752141828124632,1.6293796662701434,2.2237498126984723,0.00013932091303569977,0.01929
26.989336013793945,3.3893015485360984,1.298970584404775,0.2516092210367777,0.9143041663309793,1.4277417601312077,2.0221119065595365,0.00012668802734619236,0.01929
27.021360397338867,3.423418514558791,1.2999407183613805,0.4924653451861099,1.0453787806693857,1.0550337643322567,1.6494039107605856,0.00010333737073280092,0.01929
27.048892736434937,3.4032070402257175,1.2873289773059842,0.5476001260054153,0.9088383088718908,0.8329264134487463,1.427296559877075,8.942204683245572e-05,0.01929
27.07939910888672,3.369736848755612,1.2947666706492613,0.39829730678339265,0.9478941343019048,1.1274127022159317,1.7217828486442603,0.0001078720084213236,0.01929
27.10500741004944,3.4098364033028448,1.2905627569853109,0.5188988542893975,0.8991356452082159,0.8620811999316472,1.4564513463599758,9.124863337063719e-05,0.01929
27.13860511779785,3.3802468109191777,1.2908861349562148,0.4372079345423086,0.8708583617757698,0.9656592478008281,1.5600293942291565,9.773793721101773e-05,0.01929
27.167699575424194,3.400134896527248,1.2857120874865613,0.49167333587622664,0.757405721615965,0.6697776193516943,1.2641477657800229,7.920055571664882e-05,0.01929
27.199039220809937,3.389463240287547,1.2850653315625666,0.4698898699932796,0.666281555960261,0.4794280053987399,1.0737981518270683,6.727489669669928e-05,0.01929
27.22448754310608,3.393020458893066,1.2920179578586375,0.47461119202229446,0.7283483056452961,0.6345157231277538,1.2288858695560823,7.699135054921677e-05,0.01914
27.25140619277954,3.419537911131733,1.2934731587429187,0.6267815377140873,0.7981364958993454,0.567376263878561,1.1617464103068893,7.278497323558816e-05,0.01914
27.27699851989746,3.3821871117603566,1.2850653315625666,0.5236184016232683,0.6947930979586353,0.4803024887671231,1.0746726351954514,6.732968425446409e-05,0.01914
27.302857398986816,3.3708686907759176,1.2941199146950066,0.3878641090119958,0.78635516857104,0.9468159238504962,1.5411860702788243,9.655737765238551e-05,0.01914
27.327987670898438,3.3750726755470746,1.289269245107099,0.31643671083894104,0.7626437335618603,1.1159158765134922,1.7102860229418204,0.0001071517168468265,0.01914
27.353975534439087,3.368443315035496,1.2910478239418695,0.22922119135455113,0.7782408530935662,1.4606335046032672,2.0550036510315954,0.0001287487393224301,0.01914
27.381067276000977,3.350495536578203,1.286682221376597,0.06741390666352685,0.7101344419273674,2.2060012631955614,2.8003714096238896,0.000175447030686618,0.01914
27.408018350601196,3.390433390802348,1.2748789260434943,0.1783545644151353,0.4488014140008803,-1.8509596079782489,5.026595845629665,0.0003149229821968009,0.01914
27.434523344039917,3.388978165034076,1.2916945798858406,0.24784358255721894,0.5702585473063175,0.7324052693675414,7.609960722975456,0.00047677426212087775,0.01914
27.46056079864502,3.378953277048291,1.2949283596381636,0.24020751867107695,0.713815130735036,1.364110071593896,8.24166552520181,0.0005163514165798203,0.01898
27.490153074264526,3.3888164732835007,1.288460800187606,0.29023293473520234,0.6972315598843919,1.0855101064697712,7.963065560077686,0.0004988967545080532,0.01898
27.520416021347046,3.393020458893066,1.2980004504530571,0.3488513373416337,0.8583060010573168,1.1501270537218373,8.027682507329752,0.0005029450930564501,0.01898
27.551565170288086,3.4022368895727073,1.3012342303111284,0.44162402486765456,1.0295947019074783,1.1235416317317242,8.001097085339639,0.0005012794806552927,0.01898
27.579583644866943,3.395607527058366,1.2976770724702367,0.46934855412937565,1.0851065413246204,1.1219340493996823,7.999489503007597,0.0005011787634626476,0.01898
27.610633373260498,3.3854209465886336,1.2925030248188467,0.4315696281087577,1.0303062838698074,1.140639522759327,8.01819497636724,0.0005023506864965918,0.01898
27.638169288635254,3.4130702391286465,1.2887841781549982,0.5603437998119106,0.9246290259483181,0.8317581781053296,7.709313631713243,0.0004829988553188438,0.01898
27.670185327529907,3.4051473415632842,1.3001024073546235,0.6060076357138098,1.055533012009131,0.9144758300823931,7.7920312836903065,0.0004881812273338095,0.01898
27.69827175140381,3.444115069029865,1.2944432926718632,0.8567319163796691,1.0447267674472798,0.6638968647360071,7.541452318343921,0.00047248211854007525,0.01883
27.72829294204712,3.4300478791379825,1.2913712019135846,0.9532675955244121,0.9815526357611802,0.5379991273472515,7.415554580955165,0.00046459445616818035,0.01883
27.757075786590576,3.4045005744460872,1.2936348477307376,0.8774234288628797,0.978306356489873,0.5829823908471352,7.4605378444550485,0.0004674127180546306,0.01883
27.787202835083008,3.404662266224948,1.2957368045847069,0.8252402281597541,1.0140827448454346,0.658271547195265,7.535827000803178,0.00047212968483938795,0.01883
27.812257528305054,3.411615012992547,1.2991322733972033,0.8277437754986338,1.1005896376283877,0.7384746083384855,7.6160300619463985,0.0004771545143606425,0.01883
27.842278003692627,3.4193762193259394,1.3057615222037942,0.873066630036359,1.2811444780018795,0.8423173023849254,7.719872755992839,0.0004836603986395403,0.01883
27.868308305740356,3.370060232188537,1.292341335831975,0.6279392908243748,1.1646060100516162,0.9833951612873443,7.860950614895257,0.0004924991160164539,0.01883
27.900325298309326,3.3797617357154177,1.2941199146950066,0.5108130929825447,1.11522420703612,1.092269634086543,7.969825087694456,0.0004993202479936426,0.01883
27.928343296051025,3.404662266224948,1.2942816036833673,0.5686129930435262,1.0835837744445072,0.9901128572500607,7.867668310857974,0.0004929199886927225,0.018672
27.96299719810486,3.444276760880673,1.3081868571902227,0.8314633828743334,1.3131428194761923,0.894737560445486,7.7722930140534,0.00048694459822568975,0.018672
27.99756145477295,3.431988181059519,1.305276455210189,0.9464722168193541,1.4211512162213613,0.8753211576570974,7.752876611265011,0.00048572813450800895,0.018672
28.02509593963623,3.395607527058366,1.297353694487959,0.822742288495567,1.3533424422053117,0.9265068921100666,7.8040623457179805,0.0004889349895317479,0.018672
28.058483123779297,3.36989854047193,1.2976770724702367,0.5918045361353427,1.3117299595331091,1.1157605136240196,7.993315967231934,0.0005007919831530946,0.018672
28.084432125091553,3.3870378640463805,1.2970303165062238,0.5263659732551453,1.2708939033943385,1.1679633992109784,8.045518852818892,0.000504062564061766,0.018672
28.110963106155396,3.4137170063078597,1.295898493574422,0.6303321056122185,1.2218208572223064,1.0210980387951092,7.898653492403023,0.0004948612519404053,0.018672
28.139517068862915,3.417112534075623,1.2904010680000615,0.7221704357325176,1.0879575217895923,0.8173022683144554,7.694857721922369,0.00048209317315112626,0.018672
28.17064666748047,3.418406068497338,1.295413426605683,0.793718995567708,1.0849849014751125,0.7477116893580315,7.625267142965945,0.00047773322989513254,0.018672
28.20015788078308,3.3852592548444576,1.2894309340914027,0.6577212213503478,0.9746113760405036,0.766839903495058,7.6443953571029715,0.0004789316382066678,0.018672
28.22787570953369,3.382995570456527,1.2839335087007624,0.5498147588561695,0.7978377084496068,0.6371297187220266,7.514685172329941,0.00047080512088470397,0.01851
28.26020359992981,3.3957692188211746,1.2910478239418695,0.5459897837911856,0.8028766355149887,0.6527704903759141,7.5303259439838275,0.00047178503623982127,0.01851
28.288354873657227,3.3839657209015215,1.2900776900299682,0.4770490470436019,0.7888429076760124,0.7428004555205492,7.620355909128463,0.0004774255344977176,0.01851
28.319356203079224,3.3883313980335217,1.291532890899645,0.4532988572022693,0.8053607633988856,0.8269370266706694,7.704492480278583,0.0004826968037049776,0.01851
28.3454167842865,3.426814042696183,1.29832382843642,0.65271013004734,0.9398501026761185,0.7294478806443206,7.6070033342522345,0.00047658897774456544,0.01851
28.37138557434082,3.370221923905434,1.2889458671388967,0.47459745644416546,0.8642365285511757,0.8888829480270719,7.766438401634986,0.0004865777988928935,0.01851
28.397402048110962,3.3838040291599625,1.2742321701555053,0.4261667021501436,0.5449655577454786,-0.07575215592255657,6.801803297685357,0.00042614211378969144,0.01851
28.422836780548096,3.3967393694041492,1.2965452495346381,0.46488243935042556,0.7253783334676024,0.6095360677252164,7.48709152133313,0.00046907634158187446,0.01851
28.452752590179443,3.4054707251236365,1.3004257853415169,0.541000115325462,0.9219111864951968,0.8580868362392773,7.735642289847191,0.00048464838111948917,0.01851
28.480270862579346,3.378953277048291,1.2981621394446707,0.44541709160884213,1.018508569262977,1.1291403745428423,8.006695828150756,0.0005016302494134699,0.01836
28.50915217399597,3.4185677603013715,1.2978387614615792,0.6008993707824085,1.0802730780466734,0.949117335727729,7.8266727893356425,0.0004903515641980914,0.01836
28.537237882614136,3.4135553145126165,1.2936348477307376,0.6815977678293802,1.0474106660897182,0.8207701887127036,7.698325642320617,0.0004823104430227008,0.01836
28.563259840011597,3.379438352247696,1.2952517376163744,0.5465585954713735,1.0536752729488232,0.9986741822530819,7.876229635860995,0.0004934563672050016,0.01836
28.590275049209595,3.378953277048291,1.3002640963480023,0.44930802771098516,1.1487922145195382,1.2142356563122392,8.091791109920152,0.0005069615831289096,0.01836
28.62481141090393,3.388493089783224,1.296706938525031,0.43478785946570203,1.1509838227654572,1.2374583517185516,8.115013805326464,0.0005084165161922795,0.01836
28.65234923362732,3.381216961334539,1.2908861349562148,0.3837765324782078,1.0471520860658454,1.2657472253468878,8.1433026789548,0.0005101888521269,0.01836
28.679664850234985,3.3943139929663904,1.2918562688721713,0.421593582556906,0.9920308472342733,1.1520481977813255,8.029603651389237,0.000503065455312542,0.01836
28.70565152168274,3.390271699049154,1.2944432926718632,0.4253726217246217,1.000275252104886,1.1518358873967385,8.02939134100465,0.0005030521537817411,0.01821
28.730664253234863,3.393828917686709,1.2894309340914027,0.44798769746895045,0.9153146214813345,1.0155358799773886,7.893091333585301,0.0004945127752185594,0.01821
28.758313179016113,3.402883656673546,1.2900776900299682,0.5146503407146231,0.8675494978524477,0.8138239037532548,7.691379357361167,0.0004818752489387124,0.01821
28.784342050552368,3.3831572621966335,1.2984855174283054,0.45057285815355985,0.9863090463766432,1.0912614879333746,7.968816941541286,0.0004992570862828553,0.01821
28.811173677444458,3.393828917686709,1.2889458671388967,0.4656278629692055,0.8967577891415444,0.9535116807144951,7.8310671343224065,0.0004906268758146473,0.01821
28.83682155609131,3.3933438424096494,1.2931497807676868,0.47344321879441287,0.9101694753352322,0.9568785829317132,7.834434036539625,0.0004908378167614777,0.01821
28.86319398880005,3.387684631037624,1.2913712019135846,0.4471439142590971,0.8873625312827482,0.9789753508757979,7.856530804483709,0.0004922222089568264,0.01821
28.891717672348022,3.404662266224948,1.296221871554259,0.5240445679371154,0.9592025558390366,0.9295551002822119,7.807110553890123,0.0004891259638685374,0.01821
28.919728755950928,3.373779141750464,1.2894309340914027,0.40450130684479935,0.8865637340952413,1.0780229295292618,7.955578383137173,0.0004984276728148449,0.01821
28.94586753845215,3.4125851637473117,1.2947666706492613,0.5386728267960204,0.9323019319582528,0.8697385537492534,7.747294007357164,0.0004853783768738018,0.01821
28.97447896003723,3.3656945559417615,1.2941199146950066,0.3693553076437099,0.9526113523707737,1.235177407447469,8.11273286105538,0.0005082736119695939,0.01821
29.00155019760132,3.371192074212898,1.2908861349562148,0.281695374468408,0.9082913567895711,1.440586977452295,8.318142431060206,0.0005211427974669569,0.01806
29.037265062332153,3.3886547815332166,1.2863588434127124,0.3183667179937913,0.7953161357084919,1.2188035564201651,8.096359010028076,0.0005072477682069512,0.01806
29.066144227981567,3.399164745907519,1.2937965367186919,0.40303818883247766,0.8508676359648515,1.0283148240612046,7.905870277669115,0.000495313393231981,0.01806
29.09168243408203,3.3742642169220183,1.2963835605443808,0.32251998842499363,0.9365829586676155,1.341295935168046,8.218851388775956,0.0005149220802854132,0.01806
29.119214296340942,3.371515457651036,1.291532890899645,0.2507260822639,0.9087787990929997,1.5353525356365372,8.412907989244447,0.0005270799869903344,0.01806
29.14872169494629,3.339338811219671,1.284095197680616,0.019834970509135307,0.7546817339515908,2.4685582906727066,9.346113744280617,0.0005855465811635513,0.01806
29.174248695373535,3.3867144805525045,1.296221871554259,0.1241718457552966,0.866325997707225,1.9513876806792403,8.828943134287151,0.0005531451477072916,0.01806
29.201756715774536,3.400619971841052,1.2999407183613805,0.2752712214773201,1.011794062632759,1.4854427328014637,8.362998186409374,0.000523953070796477,0.01806
29.228333711624146,3.410806554038292,1.2921796468452384,0.4382268906845569,0.9731338898034017,1.0989346910935294,7.97649014470144,0.000499737822768622,0.01806
29.254841327667236,3.4224483636861796,1.297353694487959,0.6176514170601204,1.0397303137127414,0.8789869040613505,7.756542357669261,0.00048595779844460874,0.017908
29.28166651725769,3.397224444699573,1.298970584404775,0.6016448874362351,1.115616106242653,0.9734862217304768,7.851041675338387,0.0004918783076420607,0.017908
29.308691263198853,3.411615012992547,1.2816698629969425,0.6712270369921722,0.8555654087336653,0.561618922716414,7.439174376324324,0.0004660742680776659,0.017908
29.336148500442505,3.408542869005298,1.2950900486272012,0.7026879373816252,0.9164567632656503,0.6228766590127593,7.500432112620669,0.0004699121475470971,0.017908
29.362464904785156,3.392858767135212,1.2912095129276595,0.6366621233521018,0.8888368033588974,0.6552094991849136,7.5327649527928235,0.0004719378434181428,0.017908
29.394457578659058,3.3990030541385856,1.2952517376163744,0.6249372566790522,0.9426735690372529,0.7507364283156686,7.6282918819235785,0.00047792273385410567,0.017908
29.421045064926147,3.403530423779057,1.29832382843642,0.6421458959457872,1.0359690666229822,0.8449574867678218,7.722512940375732,0.0004838258097378153,0.017908
29.45142889022827,3.3983562870657695,1.287814044254441,0.625145033894092,0.9110319972961379,0.7038751752783875,7.581430628886298,0.0004749868134003437,0.017908
29.482792377471924,3.3910801578180383,1.2912095129276595,0.572397216756378,0.8850394671802374,0.736318213752547,7.6138736673604575,0.0004770194133430447,0.017756
29.5120267868042,3.3736174500271923,1.283610130741459,0.43744044537038806,0.7292837135242703,0.6317467033580473,7.5093021569659575,0.0004704678677408869,0.017756
29.53955364227295,3.347585086352562,1.2852270205433631,0.19682850726576065,0.6495229796783736,2.2591503187303172,9.136705772338228,0.0005724268904135543,0.017756
29.566068410873413,3.386229405313872,1.2879757332375297,0.24534417415492482,0.643446565858704,1.5864200005505245,8.463975454158435,0.0005302794322685789,0.017756
29.59482741355896,3.419537911131733,1.2908861349562148,0.46629462520692194,0.6918760062311209,0.4348804537669046,7.312435907374815,0.00045813393274409463,0.017756
29.62056589126587,3.401105047157483,1.292664713805854,0.5174803148602235,0.7579717387990823,0.5555585126076891,7.4331139662156,0.0004656945752431137,0.017756
29.649108409881592,3.377821434926505,1.28118479606384,0.4225992214173665,0.5964338635443883,0.03570820284222165,6.913263656450132,0.00043312525499636855,0.017756
29.676631212234497,3.390595082555834,1.2904010680000615,0.4278920005603383,0.6501866262150497,0.32116447465144876,7.19871992825936,0.00045100947389236403,0.017756
29.70366644859314,3.3931821506512123,1.2913712019135846,0.446120399262903,0.7053745368986164,0.5259421023671343,7.403497555975045,0.0004638390673563939,0.017756
29.730851650238037,3.395122451771689,1.283610130741459,0.4697728686063303,0.6035182623271437,0.05857339558969244,6.936128849197603,0.0004345577900379114,0.017605
29.76278805732727,3.401105047157483,1.2955751155951272,0.519915085239806,0.7488042493902367,0.5282134310351403,7.4057688846430505,0.0004639813691486295,0.017605
29.789960622787476,3.395607527058366,1.2910478239418695,0.524152296389885,0.7685532141734216,0.5738176478570804,7.45137310146499,0.00046683853459486324,0.017605
29.82133173942566,3.3915652330828636,1.2871672883234353,0.5044254479804798,0.7121335829106961,0.4433330531259658,7.320888506733876,0.00045866349944872326,0.017605
29.84859824180603,3.379276660514271,1.2819932409530166,0.4216302558722568,0.5789813010659985,-0.07276737245079427,6.804788081157116,0.0004263291144838004,0.017605
29.87812829017639,3.4132319309230104,1.2819932409530166,0.5542939552933537,0.4857747037747182,-0.3349085365333789,6.542646917074531,0.0004099056184071854,0.017605
29.90687847137451,3.3907567743096108,1.2849036425819047,0.5209860300926634,0.4732130140915291,-0.412469066747981,6.465086386859929,0.0004050463469984477,0.017605
29.93509864807129,3.374587600371171,1.2881374222207533,0.4068989086175498,0.522956419374146,-0.4134302087151583,6.464125244892752,0.00040498613016305587,0.017605
29.96276307106018,3.3923736918633973,1.2871672883234353,0.42688665570096,0.5402158265512019,-0.28205848881410195,6.595496964793808,0.0004132167448928106,0.017456
29.994382858276367,3.396901061168999,1.2902393790149473,0.466294122717303,0.6079071708593531,0.08002363021679065,6.957579083824701,0.0004359016760524316,0.017456
30.021291971206665,3.382025420021994,1.2847419536013778,0.4103694953929143,0.5557789116733501,-0.2187946926475141,6.658760760960396,0.0004171803067079492,0.017456
30.05430769920349,3.401913506024041,1.2871672883234353,0.4828713036344598,0.5631915711606421,-0.1193127484419607,6.75824270516595,0.0004234129841513104,0.017456
30.084838390350342,3.378791585315736,1.2868439103587415,0.40381920772513635,0.5625267739810156,-0.18527717392052803,6.6922782796873825,0.0004192802242818908,0.017456
30.115158557891846,3.378953277048291,1.2868439103587415,0.3493904562886175,0.5620614159552918,-0.29073609884532814,6.586819354762582,0.000412673080967303,0.017456
30.14970874786377,3.359226887815615,1.278274394490622,0.20054902689045281,0.40661371014072367,-1.8544049659324888,5.023150487675421,0.0003147071258926524,0.017456
30.177217960357666,3.3855826383330996,1.2837718197210433,0.24431767480838634,0.39731251295696784,-1.6212356308272402,5.25631982278067,0.0003293154979645852,0.017456
30.207510471343994,3.412100088368612,1.2829633748244673,0.42382113625421064,0.37616752815091836,-0.8992633987397277,5.978292054868183,0.00037454802816491186,0.017456
30.241612434387207,3.400134896527248,1.2934731587429187,0.48230257707455143,0.5516099516532703,-0.1641940575978026,6.713361396010107,0.00042060110984147434,0.017456
30.271637201309204,3.3875229392893766,1.2873289773059842,0.4524377492670986,0.5632001285606045,-0.13131356906421246,6.746241884543697,0.00042266111661804634,0.017305
30.30164408683777,3.404985649783547,1.2802146622012642,0.529565684367564,0.44253276048556345,-0.4910894132090206,6.386466040398889,0.00040012067667816864,0.017305
30.331172466278076,3.421963288253836,1.2920179578586375,0.6788654242207526,0.5717241488130037,-0.0406993922554188,6.836856061352491,0.0004283382165215018,0.017305
30.36217451095581,3.3983562870657695,1.2934731587429187,0.6508487036865737,0.6884995861167409,0.24742128504120298,7.124976738649113,0.00044638936400050665,0.017305
30.391206741333008,3.394475684726867,1.286682221376597,0.6094518182595163,0.6473155550435884,0.16383231399468687,7.041387767602597,0.00044115240267535486,0.017305
30.418224096298218,3.428916036369977,1.2677646113933405,0.7738175133467068,0.2760477095004405,-0.545768793742177,6.331786659865733,0.0003966949400343231,0.017305
30.443747758865356,3.401266738930211,1.2902393790149473,0.733654052483604,0.42298948892383087,-0.33581106545825834,6.5417443881496515,0.0004098490737576311,0.017305
30.46979308128357,3.401913506024041,1.280699729131947,0.7091704935979452,0.35316580067480424,-0.48230367907544347,6.395251774532467,0.0004006711147239367,0.017305
30.495995044708252,3.4218015964436423,1.2895926230758417,0.8036810745461631,0.4652648349285178,-0.22207989557754573,6.655475558030364,0.0004169744843312115,0.017156
30.52174997329712,3.3786298935834718,1.2816698629969425,0.6274783316649484,0.4003195188137718,-0.47354045899974456,6.404014994608165,0.00040122014223373443,0.017156
30.548808574676514,3.3456447862539704,1.2868439103587415,0.3189624431570533,0.4485163373382185,-1.186029724168611,5.691525729439299,0.00035658173264978683,0.017156
30.576922178268433,3.3826721869771874,1.285873776467897,0.3108681826409624,0.46469313390172895,-1.1969269007326147,5.680628552875295,0.00035589900989935034,0.017156
30.60552191734314,3.3666647062005883,1.2863588434127124,0.21533835016890002,0.48479737968700914,-2.0085459191115156,4.869009534496394,0.00030504998811102594,0.017156
30.63105797767639,3.381863728283922,1.28118479606384,0.23379273887805094,0.4052118121659344,-1.7301396819584385,5.147415771649471,0.00032249251286516273,0.017156
30.662930488586426,3.3996498212160704,1.2857120874865613,0.3465595511739734,0.4314531368890695,-1.0747198520884453,5.802835601519464,0.0003635554456635171,0.017156
30.693466901779175,3.403368732002241,1.2874906662886683,0.44637378614375983,0.48201718764212875,-0.5150429804649158,6.362512473142994,0.00039861995351160714,0.017156
30.72851300239563,3.394637376487635,1.2802146622012642,0.46722709183792815,0.3857047018426344,-0.7756060068244168,6.101949446783493,0.0003822953298833316,0.017156
30.759326219558716,3.3986796706015943,1.2874906662886683,0.5045173028155951,0.44999328310962555,-0.511719698706116,6.365835754901794,0.0003988281615781203,0.017004
30.7881760597229,3.412261780161219,1.2855503985053607,0.6068685918963855,0.4598733371600459,-0.34996397674800683,6.527591476859904,0.0004089623748530416,0.017004
30.815773010253906,3.452361353797636,1.2913712019135846,0.9036281223784831,0.5721552345601179,-0.019580180368528304,6.857975273239383,0.00042966136351666926,0.017004
30.841447591781616,3.415818999672667,1.2855503985053607,0.9062159188232427,0.5453867031753932,-0.061254697127516335,6.816300756480395,0.0004270503990583347,0.017004
30.870111227035522,3.432473256546523,1.2952517376163744,1.001522140707918,0.7022584989087919,0.1590020589622512,7.0365575125701625,0.00044084978070885883,0.017004
30.89671492576599,3.414848848882758,1.2886224891712346,0.9692954352386874,0.6920687470395921,0.1520028639795135,7.0295583175874246,0.00044041127174083484,0.017004
30.921709299087524,3.429401111840215,1.2970303165062238,1.0284311938623345,0.8371310546488738,0.3210909120615924,7.198646365669504,0.0004510048650972894,0.017004
30.95244812965393,3.405632416904251,1.2952517376163744,0.9363919594536111,0.9064795449402242,0.44998398378864707,7.327539437396558,0.0004590801891892555,0.017004
30.983086109161377,3.405309033343314,1.2902393790149473,0.8701490634295187,0.8642917737316782,0.436049833962758,7.3136052875706685,0.0004582071959842495,0.017004
31.011070489883423,3.394960760010046,1.2849036425819047,0.7656852176596586,0.7381749630614024,0.2990760559829198,7.17663150959083,0.00044962560479034486,0.016846
31.03742504119873,3.436192168701559,1.289269245107099,0.9240281239406652,0.728917589705118,0.2153877359046846,7.092943189512596,0.0004443824191148956,0.016846
31.06829023361206,3.4179209930869963,1.2871672883234353,0.9322962290194421,0.6843886457828903,0.14703062842707218,7.0245860820349835,0.0004400997545040311,0.016846
31.095352172851562,3.3996498212160704,1.2925030248188467,0.8355119942729472,0.7498037569905964,0.2833180649268101,7.160873518534721,0.0004486383454822119,0.016846
31.121968507766724,3.413878698103395,1.2965452495346381,0.8476420363782617,0.8687650729391768,0.4589907338241143,7.336546187432026,0.0004596444741781784,0.016846
31.154587984085083,3.4132319309230104,1.2960601825642726,0.8525022016475555,0.9432575054498843,0.5551225079438766,7.4326779615517875,0.0004656672589652199,0.016846
31.18162989616394,3.3983562870657695,1.284095197680616,0.7723944478853341,0.7788168284014153,0.36875834313376826,7.2463137967416795,0.0004539912936879153,0.016846
31.20881199836731,3.393667225927398,1.295413426605683,0.6899952599312266,0.8685864161033857,0.6004531631385633,7.478008616746475,0.0004685072854080177,0.016846
31.244267225265503,3.390433390802348,1.2941199146950066,0.6141615117025226,0.908010491272368,0.7654341828220151,7.6429896364299275,0.0004788435679181294,0.016846
31.273492097854614,3.4222866718751046,1.2910478239418695,0.7398979356318964,0.8799975834909162,0.565391695527549,7.4429471491354615,0.00046631063736243095,0.016692
31.306634426116943,3.4188911439103196,1.2868439103587415,0.8088513938060561,0.7842909826122115,0.35295142303275767,7.23050687664067,0.00045300096890939066,0.016692
31.337854862213135,3.414848848882758,1.2874906662886683,0.8344259124073916,0.7290036796483322,0.24537539617891596,7.122930849786829,0.00044626118631494355,0.016692
31.366546630859375,3.3962542941113494,1.2886224891712346,0.7479407388964057,0.7107903735572771,0.25239367565649606,7.129949129264409,0.0004467008909522065,0.016692
31.394206762313843,3.4248737408875276,1.2908861349562148,0.8480668531182664,0.7390166716201194,0.2564139065601123,7.133969360168026,0.0004469527638188878,0.016692
31.422318696975708,3.384774179613676,1.2879757332375297,0.6930415743498056,0.7060921502179207,0.27420769867977435,7.151763152287687,0.00044806756879844185,0.016692
31.450444221496582,3.3865527888060027,1.280699729131947,0.5945087526654605,0.5513376635806859,-0.1347856942396378,6.742769759368275,0.0004224435833115333,0.016692
31.477174520492554,3.412423471954119,1.285873776467897,0.670770322830062,0.5366680622714588,-0.14594103943995074,6.731614414167963,0.0004217446859492216,0.016692
31.503169775009155,3.3674731647575684,1.2871672883234353,0.47180842620738456,0.5498139765793195,-0.23185620132914952,6.645699252278764,0.00041636198564289176,0.01653
31.529111862182617,3.387846322786162,1.2849036425819047,0.44690727523790497,0.5180405050547553,-0.446234129534862,6.431321324073052,0.0004029309204566161,0.01653
31.55582284927368,3.42131652101482,1.2871672883234353,0.617373673296428,0.5367746865276365,-0.1687327008311508,6.708822752776763,0.0004203167577459274,0.01653
31.58358645439148,3.376527901090447,1.2957368045847069,0.48526284685953014,0.705010575871869,0.5297561579591188,7.4073116115670325,0.00046407802306283635,0.01653
31.610641479492188,3.3867144805525045,1.2937965367186919,0.44997135920057385,0.7876537440792248,0.8933852749833764,7.77094072859129,0.0004868598757248985,0.01653
31.637866497039795,3.3826721869771874,1.275687370906495,0.4025744238714293,0.5176990716768398,-0.601238136443716,6.276317317164198,0.0003932197111994344,0.01653
31.666914463043213,3.4196996029378197,1.2853887095242944,0.5772635161212805,0.5043405597699068,-0.3014062088219873,6.576149244785927,0.0004120045842435934,0.01653
31.69363760948181,3.393020458893066,1.2863588434127124,0.549772744311895,0.5125505777947297,-0.30260440248819553,6.574951051119719,0.00041192951580081423,0.01653
31.726206064224243,3.3781448183884213,1.2863588434127124,0.44701935341562565,0.5182975904121057,-0.45142674733966115,6.426128706268253,0.0004026055959756521,0.01653
31.751904249191284,3.398032903531112,1.292341335831975,0.48674102233253874,0.6306131887387811,0.19799313593645235,7.075548589544367,0.00044329262405988284,0.01653
31.77932572364807,3.393667225927398,1.2797295952717906,0.490037862044274,0.48094141469718743,-0.5187019869119379,6.358853466695976,0.000398390711842382,0.01653
31.807185888290405,3.400134896527248,1.2853887095242944,0.528654285127599,0.47861019988415815,-0.4526039622319619,6.424951491375952,0.00040253184188124,0.016372
31.832924842834473,3.379600043981412,1.2881374222207533,0.4404058732866444,0.5267344494289756,-0.42299870519111793,6.454556748416795,0.00040438665100501537,0.016372
31.858626127243042,3.361328879905887,1.2873289773059842,0.27606012045867845,0.5457872770036036,0.0,6.454556748416795,0.00040438665100501537,0.016372
31.886452674865723,3.3710303824942627,1.2826399968667788,0.2154810278170167,0.4742462042896488,-2.1740943800638455,4.703461073544068,0.0002946781546431481,0.016372
31.91717004776001,3.4087045607914677,1.2891075561229304,0.3845734469600172,0.5412406291215496,-0.5147437908966752,6.362811662711238,0.0003986386981399733,0.016372
31.94515061378479,3.44136630761127,1.2920179578586375,0.6862968063197586,0.640819656858194,0.12661195102819436,7.004167404636107,0.0004388204969355995,0.016372
31.98125171661377,3.409998095091354,1.296221871554259,0.721406219978988,0.7866225437418459,0.4314378014889338,7.308993255096846,0.0004579182459541993,0.016372
32.0096230506897,3.4051473415632842,1.2821549299312553,0.7187513298307681,0.6340504029837951,0.1003805350464604,6.977935988654373,0.00043717706348642046,0.016372
32.04147672653198,3.391888616594203,1.2957368045847069,0.6424602030486369,0.7731035773911774,0.48552378470450525,7.363079238312418,0.00046130680545895906,0.016372
32.06802940368652,3.4218015964436423,1.289269245107099,0.7569838711616357,0.7533676197359699,0.338849569557855,7.216405023165768,0.0004521174688454896,0.016223
32.0946204662323,3.4248737408875276,1.2942816036833673,0.854397045703934,0.830284163334402,0.40551094435421653,7.283066397962129,0.00045629389352591437,0.016223
32.122525691986084,3.36989854047193,1.2897543120604154,0.6139628661812013,0.8021745182409071,0.5900731260538011,7.467628579661714,0.00046785696214065404,0.016223
32.14919376373291,3.384127412643371,1.2865205323945874,0.5255379204688009,0.7239611781262495,0.5290451531343494,7.406600606742262,0.0004640334776554375,0.016223
32.183706521987915,3.3786298935834718,1.2918562688721713,0.432778123810799,0.7657972116765454,0.9232910710631337,7.800846524671046,0.0004887335140231903,0.016223
32.21430277824402,3.382995570456527,1.2976770724702367,0.3923545905784819,0.9004482981629753,1.2865446345124718,8.164100088120385,0.0005114918377492846,0.016223
32.24420523643494,3.3802468109191777,1.2963835605443808,0.34862694994466187,0.971289422206301,1.4502258664613528,8.327781320069267,0.000521746686811758,0.016223
32.26995825767517,3.380085119184301,1.2900776900299682,0.31710988578794413,0.906731858359927,1.5257542064158096,8.403309660023723,0.0005264786387707585,0.016223
32.29511070251465,3.433766791191481,1.2934731587429187,0.5964096475874374,0.9230049827995791,0.8397821076808893,7.717337561288803,0.00048350156528568334,0.016223
32.322553396224976,3.4009433553850474,1.3002640963480023,0.6076531146026887,1.0573230114150618,0.9876141860543917,7.865169639662305,0.0004927634435857285,0.016064
32.34926414489746,3.3999732047565634,1.298647206420326,0.6100772460044313,1.1220773354559481,1.0430377740993735,7.920593227707287,0.0004962358058299198,0.016064
32.378925800323486,3.381055269597919,1.2776276385913707,0.5055713873324902,0.7869175366952561,0.753803858358477,7.63135931196639,0.0004781149124669142,0.016064
32.40498471260071,3.3758811341793806,1.29751538347903,0.4033703839922709,0.9123056961053315,1.2675318054805984,8.145087259088513,0.0005103006584695896,0.016064
32.43378925323486,3.378953277048291,1.2965452495346381,0.34907627967560917,0.9825164303194928,1.4575085093021103,8.335063962910024,0.000522202954168856,0.016064
32.461749792099,3.3716771493705404,1.2963835605443808,0.27022320176606823,1.028737114715855,1.6531652803551304,8.530720733963044,0.0005344611137104841,0.016064
32.48902630805969,3.3747492920961824,1.2944432926718632,0.23227264444659443,1.0259696393419906,1.741549353302325,8.619104806910238,0.0005399984946112045,0.016064
32.516420125961304,3.3842891043855117,1.2952517376163744,0.2592624810083938,1.03866655422541,1.6760121482333978,8.553567601841312,0.0005358925006743548,0.016064
32.54108905792236,3.3870378640463805,1.292341335831975,0.29358653466628526,0.9948714634080823,1.6006253651124087,8.478180818720322,0.000531169417441131,0.016064
32.56916546821594,3.3614905716071615,1.2941199146950066,0.1741942989488269,0.9964100243856489,1.8929021607507357,8.770457614358648,0.0005494809513173574,0.015913
32.60158705711365,3.371353765931822,1.2991322733972033,0.14599038400546968,1.088218733306539,1.8883657549675223,8.765921208575435,0.0005491967394010669,0.015913
32.6328239440918,3.3943139929663904,1.295898493574422,0.2551432786259893,1.093948238160844,1.6718511461609868,8.549406599768899,0.0005356318083048437,0.015913
32.66021752357483,3.379600043981412,1.2874906662886683,0.24894816873551756,0.9457637585323776,1.7332852458686567,8.610840699476569,0.0005394807371789119,0.015913
32.686009645462036,3.415818999672667,1.2947666706492613,0.4479399512731626,0.9737419490642524,1.1978104077695113,8.075365861377424,0.000505932519242881,0.015913
32.71358513832092,3.3886547815332166,1.2965452495346381,0.43473792175712783,1.0255218073907373,1.269107224559219,8.146662678167132,0.0005103993605912014,0.015913
32.742647886276245,3.403368732002241,1.2916945798858406,0.5080986455519613,0.9739628226792201,1.0634116158131237,7.940967069421037,0.0004975122543824482,0.015913
32.76853561401367,3.3986796706015943,1.2753639929608929,0.5331273904154183,0.6422617682216946,0.14337170914495073,7.020927162752864,0.000439870518295804,0.015913
32.7952299118042,3.388493089783224,1.29751538347903,0.4934614133588086,0.8110466581738385,0.821373293707483,7.698928747315396,0.0004823482283608037,0.015913
32.82134389877319,3.3970627529341395,1.302042675284138,0.5138041689607318,1.0111473100500423,1.0934725187861094,7.9710279723940225,0.0004993956103359634,0.015762
32.84800338745117,3.3852592548444576,1.278921150392021,0.4617808427254603,0.7326811531418794,0.6665466953552344,7.544102148963147,0.0004726481339880148,0.015762
32.87490630149841,3.382995570456527,1.3001024073546235,0.41265649381875064,0.9211695010446227,1.2425110288780692,8.120066482485981,0.0005087330732038276,0.015762
32.90522050857544,3.3970627529341395,1.2999407183613805,0.45724072528269033,1.0501845149689362,1.2412034455555983,8.11875889916351,0.0005086511513521352,0.015762
32.932493448257446,3.404662266224948,1.2996173403753022,0.5311123356536273,1.1346413655081293,1.1662166157101228,8.043772069318035,0.0005039531257288989,0.015762
32.960020780563354,3.3970627529341395,1.2897543120604154,0.5401598145671015,1.0152245597625202,1.0467166648948838,7.924272118502795,0.0004964662932802894,0.015762
32.98601984977722,3.4036921155561646,1.2936348477307376,0.583709402417536,1.0018767032908082,0.9532280149877028,7.830783468595614,0.0004906091037758019,0.015762
33.01468539237976,3.4164657668718004,1.2991322733972033,0.6859036791602464,1.0920454085401452,0.9020440355216356,7.779599489129547,0.00048740235870435,0.015762
33.04196214675903,3.400619971841052,1.3033361872480256,0.6684835048607849,1.2312610724920756,1.0428859175422345,7.920441371150146,0.0004962262918126186,0.015613
33.06876826286316,3.391726924838388,1.2887841781549982,0.6063650097390657,1.0652973779839032,0.9871041250977685,7.864659578705679,0.0004927314875816064,0.015613
33.09532833099365,3.403530423779057,1.2960601825642726,0.6291453230877966,1.0808301189811953,0.9684960925671806,7.846051546175092,0.0004915656693464996,0.015613
33.12564563751221,3.4258438917865672,1.2981621394446707,0.7703563590800426,1.1297518220031841,0.8390008953267019,7.716556348934613,0.00048345262128225323,0.015613
33.15759825706482,3.376689592818938,1.2921796468452384,0.5932584425852497,1.055704321362699,0.9984372910748605,7.875992744682772,0.0004934415256544586,0.015613
33.18834567070007,3.4154956160748586,1.2802146622012642,0.6871417108230098,0.7872856954470377,0.4185207603149583,7.29607621392287,0.00045710897597256667,0.015613
33.21839666366577,3.392858767135212,1.2912095129276595,0.6257797647610686,0.798417055885878,0.516554294676583,7.394109748284494,0.000463250908593487,0.015613
33.24834179878235,3.376689592818938,1.287814044254441,0.49205482656197125,0.7447455897801489,0.6063499880869192,7.48390544169483,0.00046887672941252085,0.015613
33.2743399143219,3.3947990682486955,1.2960601825642726,0.5001115359907063,0.8564438672385635,0.9023594008302376,7.7799148544381485,0.00048742211676457923,0.015613
33.30128502845764,3.3747492920961824,1.2950900486272012,0.393194478403832,0.9170716842190777,1.3121932507211407,8.189748704329052,0.000513098758009778,0.015613
33.32666540145874,3.376689592818938,1.2925030248188467,0.32924512611190815,0.9126818838959195,1.5229931114997364,8.400548565107648,0.0005263056524651547,0.015454
33.359675884246826,3.3923736918633973,1.3010725413169342,0.37252900794701166,1.0647309902696902,1.442060819104286,8.319616272712198,0.0005212351356263365,0.015454
33.38907742500305,3.386876172299297,1.2941199146950066,0.371965387741745,1.0453116931887907,1.4375067663691172,8.31506221997703,0.0005209498181048001,0.015454
33.42274308204651,3.390271699049154,1.2925030248188467,0.3906328853540123,1.0024498901747212,1.3745495899553812,8.252105043563294,0.0005170054664290746,0.015454
33.450011253356934,3.3881697062841107,1.2971920054970236,0.3918998282249268,1.0573246844068447,1.3961428422341182,8.273698295842031,0.0005183583126915925,0.015454
33.47981095314026,3.401266738930211,1.2991322733972033,0.4663116728983564,1.1308589953213708,1.2808591879487756,8.15841464155669,0.000511135636884535,0.015454
33.50609374046326,3.378306510119814,1.2934731587429187,0.38950431911963007,1.0798939786725896,1.4101228148319764,8.28767826843989,0.0005192341767548183,0.015454
33.53420948982239,3.397547828231313,1.295898493574422,0.44375735065196026,1.0881209099170754,1.3003199855056289,8.177875439113542,0.0005123548819940978,0.015454
33.5623095035553,3.3867144805525045,1.300910852322876,0.4209175118552707,1.1846114788621442,1.385058696742311,8.262614150350224,0.0005176638760866647,0.015454
33.59137177467346,3.39205030835031,1.3005874743351673,0.43488424629800476,1.246301217886353,1.3813343641665219,8.258889817774435,0.0005174305416477163,0.015454
33.62537980079651,3.389463240287547,1.2913712019135846,0.4301375072885368,1.1226547510685316,1.3443356848573664,8.22189113846528,0.0005151125246868913,0.015298
33.653160572052,3.378306510119814,1.2968686275155596,0.36418240319274886,1.1356144279082188,1.4778149583557996,8.355370411963712,0.0005234751804806999,0.015298
33.6792266368866,3.3525975284658958,1.296221871554259,0.17368705548261829,1.1329788834768686,1.8512309617726201,8.728786415380533,0.0005468701947224516,0.015298
33.706721782684326,3.3909184660636797,1.2891075561229304,0.25546891604593397,1.0023535045525953,1.7370666292075272,8.61462208281544,0.0005397176459248065,0.015298
33.73305606842041,3.378468201851498,1.2916945798858406,0.24282210501805385,0.9577450106925206,1.7971889681335633,8.674744421741476,0.0005434843912237538,0.015298
33.763336181640625,3.3823488034990095,1.2897543120604154,0.25575451447028874,0.8913971113915955,1.8059226571078602,8.683478110715772,0.0005440315685703781,0.015298
33.79411697387695,3.404985649783547,1.2960601825642726,0.3918874200097937,0.9590999323665788,1.3416279366517656,8.219183390259676,0.0005149428806243618,0.015298
33.82363963127136,3.401590122476542,1.2963835605443808,0.4681184190037393,1.0123455661488086,1.1872672256242605,8.064822679232172,0.000505271974718317,0.015298
33.85207486152649,3.391241849572689,1.2920179578586375,0.46338630215717985,0.9705931127772793,1.1563160602203055,8.033871513828217,0.0005033328426275692,0.015137
33.884146213531494,3.3986796706015943,1.296221871554259,0.5018287500390672,1.0174639628852016,1.1175638126661114,7.995119266274022,0.0005009049622605397,0.015137
33.917115688323975,3.423418514558791,1.2925030248188467,0.6676190154877159,0.9829564789622091,0.7759869062314847,7.6535423598393955,0.0004795047102157138,0.015137
33.946258544921875,3.420022986550873,1.2941199146950066,0.7646101624832249,0.9880695352735349,0.6620751595287595,7.53963061313667,0.0004723679862616567,0.015137
33.97601127624512,3.4004582800694925,1.2949283596381636,0.7226703272679055,1.006282822312087,0.7359387351630777,7.613494188770988,0.00047699563849964256,0.015137
34.00454664230347,3.4009433553850474,1.2946049816604945,0.6960355903790113,1.013178464183475,0.779467499312079,7.65702295291999,0.0004797227740478612,0.015137
34.032166719436646,3.4172742258773114,1.2968686275155596,0.7690705911573884,1.0589810270886764,0.7487985537033337,7.626354007311244,0.00047780132340640276,0.015137
34.06113529205322,3.391241849572689,1.2900776900299682,0.6740528226647292,0.9681159817775751,0.7448842077323853,7.622439661340296,0.0004775560843729935,0.015137
34.090115785598755,3.376527901090447,1.2845802646209854,0.5249382514173435,0.8049982499411206,0.6719706813924472,7.549526135000358,0.0004729879539995475,0.014978
34.12097120285034,3.3986796706015943,1.2984855174283054,0.5449151145211851,0.9425231728387141,0.9309597354815209,7.808515189089432,0.0004892139661506882,0.014978
34.154197692871094,3.3736174500271923,1.2821549299312553,0.4182029738057539,0.7431808433516096,0.8033301794402904,7.680885633048201,0.0004812178030137802,0.014978
34.18117809295654,3.390595082555834,1.289916001045124,0.42481462723220614,0.7441290237060711,0.7743612110090142,7.651916664616925,0.00047940285822615136,0.014978
34.2076461315155,3.3865527888060027,1.2758490598794971,0.4067498896831401,0.4901585966568381,-1.0800776543060295,5.797477799301881,0.00036321977215719194,0.014978
34.23944854736328,3.3757194424523393,1.2894309340914027,0.3332876199686721,0.5582329626677117,-1.4641590673566507,5.41339638625126,0.00033915655567452464,0.014978
34.2674515247345,3.38331895393703,1.284095197680616,0.3245266693754183,0.5092996484538864,-1.56701632655879,5.310539127049121,0.0003327124102124044,0.014978
34.299989461898804,3.3682816233217845,1.291532890899645,0.2339764467358623,0.6096804819433853,-2.7716820174943924,4.1058734361135185,0.0002572384863898922,0.014978
34.32706832885742,3.408542869005298,1.287005599341021,0.39661252420221316,0.5979958409380894,-0.5688333722690422,6.3087220813388685,0.0003952499132058567,0.014978
34.35755491256714,3.4057941086851566,1.2865205323945874,0.495026606662962,0.5810361040142784,-0.35493518745727937,6.522620266150631,0.00040865092182403907,0.014978
34.38610076904297,3.362945796931635,1.289916001045124,0.32337178913911774,0.630627706169942,0.0,6.522620266150631,0.00040865092182403907,0.014827
34.41678309440613,3.381863728283922,1.2857120874865613,0.30941614615720253,0.5892442626918802,-1.835286279987069,5.042269173620841,0.00031590493725018387,0.014827
34.44660830497742,3.382833878716712,1.2873289773059842,0.3050934904802037,0.5895441462876368,-1.908769895207624,4.9687855584002865,0.00031130109004253934,0.014827
34.47611904144287,3.38736124754142,1.2874906662886683,0.327483672864581,0.5926808942211312,-1.5079914883003633,5.369563965307547,0.00033641039562020054,0.014827
34.504225969314575,3.4264906590584694,1.288460800187606,0.5628240686419758,0.6124375943246625,-0.1313513085606997,6.74620414504721,0.0004226587521878942,0.014827
34.53463864326477,3.3852592548444576,1.288460800187606,0.49609477250233863,0.6262672843971412,-0.10249156142639862,6.775063892181512,0.00042446685411454534,0.014827
34.56053900718689,3.395284143533623,1.2845802646209854,0.505662645738866,0.5657041617748169,-0.4084392972713125,6.469116156336598,0.0004052988174695443,0.014827
34.59264516830444,3.4395876973270134,1.2937965367186919,0.7610743658814162,0.6901392542112789,0.10619978219626032,6.983755235804171,0.00043754164713763005,0.014827
34.6238112449646,3.4048239580041013,1.283610130741459,0.7447036000343402,0.5928535644459993,-0.12115455704107053,6.7564008965668405,0.00042329759236838595,0.014668
34.65265703201294,3.4421747668431832,1.2920179578586375,0.942926495166882,0.6769487115853036,0.05395635489051377,6.931511808498424,0.00043426852623581493,0.014668
34.68210434913635,3.4082194854338366,1.2819932409530166,0.891062126106868,0.554351891138229,-0.1575750538287851,6.719980399779125,0.00042101579931922963,0.014668
34.71297764778137,3.444600144583175,1.2902393790149473,1.0589932087513798,0.6178024160702775,-0.03532045359190559,6.842235000016005,0.000428675214254558,0.014668
34.7393901348114,3.4064408758117066,1.2910478239418695,0.9623239497495767,0.6768519308494582,0.0527331702677548,6.930288623875665,0.0004341918920760362,0.014668
34.76813530921936,3.42762250179561,1.2816698629969425,1.0135662757818003,0.5484304859584315,-0.1387735927964602,6.73878186081145,0.00042219373610981217,0.014668
34.794127464294434,3.39205030835031,1.288299111204112,0.8497383810465888,0.5785354791096533,-0.1250219742375947,6.752533479370316,0.0004230552934857361,0.014668
34.82634472846985,3.436192168701559,1.286682221376597,0.9828653383115189,0.570340680138627,-0.11203801538212269,6.765517438225787,0.00042386875595000815,0.014668
34.85498380661011,3.3996498212160704,1.2831250638035132,0.8709103707774026,0.500214074528686,-0.26103779381602,6.61651765979189,0.00041453371967255156,0.014668
34.8827965259552,3.421478212824134,1.2819932409530166,0.9150835563049947,0.4306376451985807,-0.3518052424361503,6.52575021117176,0.0004088470170842185,0.014668
34.91035985946655,3.4030453484494854,1.288299111204112,0.8425251578434241,0.4960804905777538,-0.28238000582011963,6.59517544778779,0.00041319660142047425,0.014517
34.93909764289856,3.4077344100788376,1.2844185756407276,0.8180580419971771,0.4716465767287044,-0.3419887960579482,6.535566657549962,0.0004094620306367178,0.014517
34.96760654449463,3.427945885437438,1.2831250638035132,0.914395572747203,0.4311282021417442,-0.3515754016007421,6.525980052007169,0.0004088614169213132,0.014517
34.99556827545166,3.4475105979588325,1.285873776467897,1.091665516292235,0.45252143926419425,-0.2465333691281857,6.631022084479725,0.00041544244136373617,0.014517
35.02568292617798,3.4287543445471518,1.2881374222207533,1.110459385762832,0.5084723169950076,-0.170926323588341,6.70662913001957,0.0004201793243333903,0.014517
35.059892654418945,3.3850975631005737,1.2819932409530166,0.8785317787233334,0.43641841492501254,-0.36525887660165823,6.512296577006253,0.0004080041288308353,0.014517
35.090699195861816,3.3922120001067078,1.2808614181091105,0.756121948939515,0.3654928781921735,-0.589653120710096,6.287902332897815,0.00039394552799785473,0.014517
35.119980335235596,3.379276660514271,1.2815081740191072,0.5978178065435797,0.3275523197696382,-0.8924251062341907,5.985130347373721,0.00037497645637659126,0.014517
35.14809465408325,3.401590122476542,1.2742321701555053,0.6122696895773904,0.16928661159839836,-1.0563246252888936,5.821230828319018,0.00036470793133370257,0.014365
35.175596475601196,3.4009433553850474,1.2832867527826939,0.6187551439956632,0.22240305590357987,-0.9922798769350845,5.885275576672827,0.0003687204208524613,0.014365
35.205114126205444,3.3999732047565634,1.2847419536013778,0.6178486665795184,0.2859260312043169,-0.9155537390631677,5.962001714544744,0.00037352741646005033,0.014365
35.23488974571228,3.421963288253836,1.2853887095242944,0.7406635117691232,0.3420994314391555,-0.6439804756613483,6.233574977946564,0.0003905418462296084,0.014365
35.26150822639465,3.402883656673546,1.28118479606384,0.7195234107247424,0.3053232483924355,-0.7288627561439963,6.148692697463916,0.0003852238573309182,0.014365
35.291380167007446,3.4196996029378197,1.2861971544309725,0.7991278069185938,0.37031163043113063,-0.5330587495203878,6.344496704087524,0.0003974912413788323,0.014365
35.318974018096924,3.3747492920961824,1.2891075561229304,0.6025058680533565,0.46848642742058944,-0.5839885187765582,6.293566934831354,0.0003943004229185233,0.014365
35.350053548812866,3.4101597868801568,1.2863588434127124,0.6636602792082714,0.4874526851502008,-0.44003042222359345,6.437525031384318,0.00040331959105340556,0.014365
35.38108468055725,3.440881232075662,1.2800529732246386,0.8789344398963473,0.38658272079149103,-0.439277076132605,6.4382783774753065,0.000403366789198012,0.014214
35.40951418876648,3.3933438424096494,1.2889458671388967,0.7627578226434171,0.4769493612319446,-0.36542383943941326,6.512131614168498,0.00040799379368744747,0.014214
35.4372022151947,3.418406068497338,1.2855503985053607,0.822130166405336,0.47874259184566925,-0.3190016327568098,6.558553820851102,0.00041090220729729683,0.014214
35.47244644165039,3.4133936227176673,1.2857120874865613,0.8355516087151458,0.4829246826648973,-0.3027636783133336,6.574791775294578,0.0004119195369564063,0.014214
35.498055934906006,3.403853807333565,1.266471099666553,0.7913913742729358,0.13755946594163648,-0.8492338933201921,6.02832156028772,0.0003776824438864882,0.014214
35.52777361869812,3.3964159858753242,1.283610130741459,0.7187242780786746,0.206047712657247,-0.8658995472454382,6.011655906362474,0.0003766383182802966,0.014214
35.5544867515564,3.3805701943898034,1.2891075561229304,0.5789011626257697,0.35350168497887224,-0.8967539104093181,5.980801543198594,0.0003747052509799286,0.014214
35.58519530296326,3.4151722324782225,1.288299111204112,0.67527618271299,0.4420853184239565,-0.5352859190763941,6.342269534531518,0.0003973517062142845,0.014214
35.61405801773071,3.377821434926505,1.2826399968667788,0.5330563289143047,0.4016548332838891,-0.9177060218532539,5.959849431754658,0.00037339257305198635,0.014214
35.642948627471924,3.393667225927398,1.2887841781549982,0.522458576651511,0.48457301053816854,-0.7246876037986132,6.152867849809299,0.00038548543623403953,0.014214
35.67065095901489,3.4251971245193658,1.2920179578586375,0.6920447718828493,0.601152323849822,-0.08435875612345378,6.793196697484459,0.00042560289872544494,0.014055
35.70294404029846,3.421639904633741,1.2873289773059842,0.7907853532113744,0.597879789098184,-0.07265573818317324,6.804899715424739,0.00042633610852063067,0.014055
35.73477339744568,3.403530423779057,1.2889458671388967,0.7582395635184177,0.6248573090466216,-0.010910664132965705,6.866644789474947,0.0004302045203550056,0.014055
35.763999938964844,3.432473256546523,1.2900776900299682,0.8979386919945388,0.6642293791481554,0.0652052445156829,6.942760698123595,0.0004349732842820066,0.014055
35.79252099990845,3.4132319309230104,1.2821549299312553,0.8877098605789503,0.5483751877682145,-0.15276613446370696,6.724789319144206,0.00042131708457750466,0.014055
35.819517612457275,3.3896249320392857,1.2908861349562148,0.7480231530929029,0.6253260415677703,-0.009803722538748567,6.8677517310691645,0.0004302738717328913,0.014055
35.84617257118225,3.401590122476542,1.2894309340914027,0.7174134321619149,0.6528501741053534,0.06716945597279576,6.944724909580708,0.0004350963447684145,0.014055
35.87623739242554,3.4032070402257175,1.2871672883234353,0.7050637868884687,0.6311414548630444,0.00589376474088057,6.883449218348794,0.0004312573403981502,0.014055
35.904449224472046,3.3977095199976213,1.2921796468452384,0.6655566939796355,0.7066770643646147,0.2529421794730083,7.130497633080921,0.0004467352554531426,0.013904
35.935996294021606,3.4045005744460872,1.2908861349562148,0.6760257977815236,0.7361373551852558,0.33205838499767437,7.209613838605588,0.00045169199200986926,0.013904
35.96397948265076,3.425358816335726,1.2946049816604945,0.800449542844323,0.8240766371946865,0.42175372495191804,7.299309178559831,0.0004573115255500693,0.013904
35.995091676712036,3.4222866718751046,1.2952517376163744,0.8702995574311434,0.8973414527222945,0.48898765400890076,7.366543107616813,0.0004615238215240617,0.013904
36.02268719673157,3.4054707251236365,1.2905627569853109,0.8247920979819645,0.8637487681024806,0.4728261639345443,7.350381617542457,0.00046051128246039593,0.013904
36.05548620223999,3.4402344646989786,1.292664713805854,0.988095847731519,0.8782826721090341,0.38047800867828113,7.2580334622861935,0.00045472554647786985,0.013904
36.084190368652344,3.3981945952982953,1.2960601825642726,0.8664022842480711,0.9499198248687843,0.5712516219297221,7.448807075537634,0.0004666777696234482,0.013904
36.115286350250244,3.4258438917865672,1.295413426605683,0.9364362318922356,0.9883585136305522,0.5629676936854265,7.440523147293339,0.00046615877039074365,0.013904
36.14392852783203,3.4098364033028448,1.2902393790149473,0.895596101865595,0.9216070518149131,0.5049045671823701,7.382460020790282,0.000462521037516335,0.013904
36.172632455825806,3.416789150473125,1.2963835605443808,0.9060398009385948,0.9861005497626519,0.5854990285152404,7.463054482123153,0.00046757038878525784,0.013904
36.20127320289612,3.416627458672316,1.297353694487959,0.9124426742065168,1.0488069756842124,0.6573351675661452,7.534890621174057,0.0004720710193977397,0.013745
36.229860067367554,3.390595082555834,1.2905627569853109,0.7707824175127452,0.9697746341758271,0.7037031173498293,7.581258570957742,0.00047497603373998596,0.013745
36.259116411209106,3.424065281813071,1.2790828393677063,0.859517447338541,0.7066471093197045,0.14631570217179063,7.023871155779703,0.00044005496341374293,0.013745
36.2866313457489,3.420993137397073,1.2946049816604945,0.9043853615099712,0.8034334650887993,0.30846844092801806,7.18602389453593,0.00045021405032439813,0.013745
36.316105365753174,3.400619971841052,1.292664713805854,0.8214206825055972,0.8360619599994559,0.42461832781366005,7.302173781421573,0.00045749099676751625,0.013745
36.345786571502686,3.4069259511596877,1.2950900486272012,0.7987463293214081,0.902804349151713,0.5664086167959211,7.443964070403833,0.00046637434884597373,0.013745
36.3765013217926,3.3673114730455938,1.292341335831975,0.5604839151668509,0.8997679198564957,0.9707653722171461,7.848320825825058,0.0004917078427650025,0.013745
36.40368032455444,3.3758811341793806,1.2937965367186919,0.44180915347632593,0.9239838848684622,1.361732599768789,8.2392880533767,0.0005162024647762048,0.013745
36.430678606033325,3.378953277048291,1.286682221376597,0.37598341831444937,0.8121545641697986,1.600411555264469,8.47796700887238,0.0005311560219669364,0.013594
36.46088171005249,3.3605204214038507,1.2842568866606046,0.22642582438046732,0.6899715988730223,2.8197352379226066,9.697290691530517,0.0006075482886616511,0.013594
36.48815870285034,3.3964159858753242,1.283448441762009,0.32324839315394827,0.589809376351301,-2.439713693330419,10.721027067457078,0.0006716867478477908,0.013594
36.52068328857422,3.4274608099751367,1.2999407183613805,0.5653056699712999,0.8182324276836083,0.7723453565467668,7.649900810154677,0.00047927656223609725,0.013594
36.54891896247864,3.387684631037624,1.2828016858455558,0.5114476300829197,0.6678846391113922,0.21985885480237521,7.097414308410285,0.0004446625407201051,0.013594
36.58220171928406,3.3939906094463113,1.2879757332375297,0.5091479191715995,0.6562997274618022,0.13600659288488637,7.013562046492797,0.0004394090838681956,0.013594
36.60897088050842,3.406117492247847,1.2863588434127124,0.5756168150893527,0.6189219951790511,-0.10231676853482213,6.775238685073088,0.0004244778051240103,0.013594
36.64019727706909,3.405309033343314,1.2980004504530571,0.6176064623745371,0.8034893057635702,0.6100056476301822,7.487561101238092,0.0004691057613937297,0.013594
36.671594858169556,3.396092602347666,1.2913712019135846,0.5952594079986433,0.8126864125825848,0.6841448638457006,7.56170031745361,0.00047375068288440896,0.013442
36.70029401779175,3.370221923905434,1.289269245107099,0.43438195101008187,0.781075604369939,1.2219278781199654,8.099483331727875,0.0005074435111584953,0.013442
36.72761082649231,3.390595082555834,1.2868439103587415,0.4361399112752341,0.7150455972275301,0.9559612160987842,7.833516669706693,0.0004907803424970517,0.013442
36.75769758224487,3.388978165034076,1.2881374222207533,0.4282933253592756,0.6922392275693346,0.8582539390741694,7.735809392682079,0.0004846588503365722,0.013442
36.78272724151611,3.369736848755612,1.2861971544309725,0.31478254633109326,0.641152815854956,3.1250103568467575,10.002565810454666,0.0006266741849530075,0.013442
36.80875849723816,3.392697075377649,1.2679263003597894,0.36422063377632385,0.2746606211909749,-1.6222600115657528,11.53848074922174,0.0007229013191352172,0.013442
36.835251331329346,3.4285926527246215,1.2908861349562148,0.6003402517965816,0.43372584496370115,-0.7575654005522428,12.40317536023525,0.0007770755981010977,0.013442
36.8613076210022,3.4022368895727073,1.2844185756407276,0.6176662649861173,0.4279983247988649,-0.7329905603410479,12.427750200446445,0.0007786152448528945,0.013442
36.89044785499573,3.389948315543638,1.2937965367186919,0.560808067798228,0.5937451683281139,-0.2475649588506022,12.913175801936891,0.0008090278108818424,0.013442
36.91648507118225,3.3947990682486955,1.287005599341021,0.5482388048560985,0.5868411214074009,-0.3044569655327109,12.856283795254782,0.0008054634502374378,0.01329
36.942137718200684,3.426167275421931,1.296706938525031,0.7155372286736564,0.7576180575869557,0.3461207399251821,13.506861500712676,0.0008462230174367153,0.01329
36.97120642662048,3.3978712117642207,1.2844185756407276,0.6737958191203954,0.6547228736351457,0.0561516133272534,13.216892374114746,0.0008280560621258727,0.01329
36.99864053726196,3.4087045607914677,1.2684113672599364,0.7053938008723724,0.292940149019358,-0.8245088140464472,12.336231946741044,0.0007728815033173767,0.01329
37.02606463432312,3.402883656673546,1.2895926230758417,0.6948346130970301,0.4231068787696987,-0.608282901293806,12.552457859493686,0.0007864283472180041,0.01329
37.052839040756226,3.411776704784276,1.2944432926718632,0.7373675609869293,0.6020284741796852,-0.1006810827093149,13.060059678078176,0.0008182302830382734,0.01329
37.08043432235718,3.3988413623699443,1.2844185756407276,0.6945233471208456,0.5458101652500511,-0.2899969341478165,12.870743826639675,0.0008063693906285574,0.01329
37.106247901916504,3.423903589999061,1.2889458671388967,0.8052283819069288,0.5884085723529313,-0.11643132275430183,13.044309438033189,0.0008172435093413995,0.01329
37.13413166999817,3.423741898185344,1.2931497807676868,0.8818141901015534,0.6943250235831977,0.11572694699002561,13.276467707777517,0.000831788536810258,0.01329
37.162537813186646,3.4072493347264707,1.2889458671388967,0.8428372166093663,0.6923689731861326,0.12133618786220918,13.282076948649701,0.0008321399632860636,0.01329
37.1890811920166,3.4036921155561646,1.2819932409530166,0.7955835838471297,0.565146074258808,-0.17651029103251617,12.984230469754976,0.0008134794812718003,0.01329
37.215787172317505,3.4064408758117066,1.2849036425819047,0.7779372123166,0.528772973430392,-0.2737035343392101,12.887037226448282,0.0008073901940142747,0.013142
37.24245262145996,3.4048239580041013,1.280699729131947,0.7565075925389714,0.4272142398294144,-0.5229178380439815,12.63782292274351,0.0007917765831056032,0.013142
37.26842188835144,3.4007816636129036,1.2808614181091105,0.7188139601465089,0.3590499556252602,-0.7060639032457197,12.454676857541772,0.000780302236091791,0.013142
37.302380323410034,3.4051473415632842,1.2936348477307376,0.7169367479480276,0.5425544803947302,-0.2816012320424316,12.87913952874506,0.0008068953926438104,0.013142
37.331873416900635,3.4025602731225426,1.2831250638035132,0.7010992441677791,0.48076373470795686,-0.46837809352708565,12.692362667260406,0.0007951935713654502,0.013142
37.366607427597046,3.397224444699573,1.2847419536013778,0.6600583664115995,0.4667785063673728,-0.5673198307611843,12.593420930026308,0.0007889947386145368,0.013142
37.39268946647644,3.3867144805525045,1.2798912842481476,0.5723282228870216,0.3691839663391386,-0.9849562414987847,12.175784519288708,0.0007628292564507371,0.013142
37.4207329750061,3.3802468109191777,1.284095197680616,0.4746084925606338,0.37696535102388923,-1.2754217616201777,11.885318999167314,0.00074463120141882,0.013142
37.44783973693848,3.365856247650843,1.2779510165407282,0.32541798924716714,0.27119280613592833,-1.7639045485380864,11.396836212249404,0.0007140270986159773,0.012983
37.473355770111084,3.3807318861255515,1.284095197680616,0.30449447616165204,0.30837153888164476,-1.8459377440267504,11.31480301676074,0.0007088876087194732,0.012983
37.50540494918823,3.382995570456527,1.287814044254441,0.30255603722408403,0.4017137278771977,-1.9554113713827144,11.205329389404776,0.0007020289389044301,0.012983
37.535988092422485,3.389139856784942,1.2897543120604154,0.3356923293262801,0.502175213420856,-2.0041237217196826,11.156617039067807,0.0006989770447181744,0.012983
37.5700409412384,3.3817020365461405,1.2949283596381636,0.31713280855886955,0.6661567970152064,2.731428330362996,9.6089837839709,0.0006020157422761223,0.012983
37.598076581954956,3.4185677603013715,1.2853887095242944,0.5111003726474319,0.6082609675067621,-0.20304221125309238,6.674513242354811,0.00041816722082837566,0.012983
37.63071131706238,3.397224444699573,1.2918562688721713,0.5270591563473473,0.6848070642429162,0.38257744487325296,7.260132898481157,0.00045485707897575803,0.012983
37.661309242248535,3.417597609481567,1.2952517376163744,0.6526025195163783,0.799852751656058,0.5791458408891874,7.4567012944970905,0.0004671723530459424,0.012983
37.69591522216797,3.410483170458639,1.288299111204112,0.7005433672688609,0.7545310650979824,0.3819660617962438,7.259521515404147,0.00045481877500468305,0.012983
37.723472595214844,3.3786298935834718,1.2918562688721713,0.5552819365708401,0.7871961325567731,0.7739955339924923,7.6515509876003955,0.0004793799480698343,0.01283
37.75629258155823,3.420669753780499,1.287005599341021,0.6896050717222644,0.7222567963674636,0.29660350225051935,7.174158955858422,0.00044947069597750907,0.01283
37.78635764122009,3.3965776776395913,1.2873289773059842,0.6483815821712421,0.6826529198605492,0.1952007995454681,7.07275625315337,0.00044311768043390706,0.01283
37.815404415130615,3.4211548292058,1.288299111204112,0.7574979720204861,0.6724911828411236,0.10885933842096573,6.986414792028868,0.00043770827190781715,0.01283
37.84197998046875,3.425358816335726,1.2908861349562148,0.85748006481161,0.7122072381188067,0.17045696441414304,7.048012418022045,0.00044156744592334504,0.01283
37.876020669937134,3.410806554038292,1.2860354654493673,0.8457730810185706,0.6522035938426477,0.04194819037428492,6.919503643982187,0.00043351619859772735,0.01283
37.90456557273865,3.4193762193259394,1.2894309340914027,0.8856871439003215,0.6716644606977757,0.07851567936478712,6.956071132972689,0.0004358072009058501,0.01283
37.936617374420166,3.4412046157657725,1.2826399968667788,1.036168677843918,0.5623602328755613,-0.11190985139058005,6.765645602217322,0.00042387678559624675,0.01283
37.965163230895996,3.450421051430193,1.285873776467897,1.1932455852898152,0.5443838607778769,-0.1123151135187762,6.765240340089126,0.00042385139537950707,0.01268
37.99872326850891,3.4205080619726527,1.268896434161285,1.1352719097028756,0.22448332742325824,-0.5103107151046262,6.367244738503276,0.00039891643629350856,0.01268
38.02729153633118,3.4080577936485446,1.2831250638035132,1.0247962002859972,0.25811392762793717,-0.5443697753612718,6.333185678246631,0.000396782590415255,0.01268
38.058433055877686,3.386229405313872,1.2800529732246386,0.824921559269088,0.22604559052590112,-0.7713096144912018,6.106245839116701,0.00038256450463455767,0.01268
38.085572481155396,3.4064408758117066,1.2847419536013778,0.7984737951119725,0.28847580543993107,-0.7205631412146115,6.1569923123932915,0.0003857438393555157,0.01268
38.11856961250305,3.4064408758117066,1.279567906295568,0.7799603602019916,0.23851841708849503,-0.8129502505569364,6.0646052030509665,0.00037995566284716904,0.01268
38.14977693557739,3.382833878716712,1.2677646113933405,0.6344744403115569,-0.010110287068128884,-1.233244079672991,5.644311373934912,0.0003536236898521211,0.01268
38.178999185562134,3.382025420021994,1.2630756314243243,0.5280957177088853,-0.2690284234827798,-1.4404115711605348,5.4371438824473675,0.00034064436821236525,0.01268
38.205031633377075,3.4064408758117066,1.279567906295568,0.5906957060198339,-0.15173454315740525,-1.3434495023608752,5.534105951247027,0.0003467191720764772,0.01253
38.23159193992615,3.4023985813474793,1.274717237071296,0.611822798879403,-0.15743370478511493,-1.3195509286341145,5.5580045249737875,0.00034821644982456295,0.01253
38.25764083862305,3.3988413623699443,1.260165230120563,0.6066420136455756,-0.4248377384200814,-1.3866649153965533,5.490890538211349,0.00034401166839644786,0.01253
38.284178256988525,3.366988089622512,1.2790828393677063,0.4241954630296961,-0.2695815514974422,-1.5569199785844274,5.320635475023474,0.0003333449599759077,0.01253
38.31031346321106,3.3537293702717577,1.2760107488526335,0.22205020546073984,-0.216511976741985,-1.7940839879849777,5.083471465622924,0.000318486316193136,0.01253
38.337363719940186,3.381378653071449,1.275525681933627,0.2357678903991895,-0.18814376213679188,-1.7854811822734407,5.092074271334461,0.00031902529352752674,0.01253
38.36439299583435,3.370221923905434,1.2803763511780242,0.18273788869046426,-0.08048113369337785,-1.8876269166527326,4.989928536955169,0.00031262572605138337,0.01253
38.39053440093994,3.394637376487635,1.2764958157728465,0.2826819636206254,-0.07536119653366116,-1.7541873134079673,5.1233681401999345,0.0003209858964505087,0.01253
38.42172360420227,3.368443315035496,1.2850653315625666,0.20559286830173104,0.083344713255528,-1.93958869926017,4.937966754347732,0.0003093702505682642,0.01253
38.44877552986145,3.3817020365461405,1.2798912842481476,0.2260631858416902,0.10078031116085262,-1.916021822944287,4.961533630663615,0.0003108467470279734,0.012378
38.4751672744751,3.424550357256864,1.283610130741459,0.480937133650552,0.18030230431069963,-1.406829602624583,5.470725850983319,0.0003427483236534171,0.012378
38.50273537635803,3.397224444699573,1.2868439103587415,0.5059448890495306,0.2945042871860693,-1.275270296523907,5.602285157083995,0.0003509906909105715,0.012378
38.530065298080444,3.414687157085465,1.2724535914745818,0.6214836430143751,0.1139578675366536,-1.1675573424466716,5.70999811116123,0.00035773905217950517,0.012378
38.556599378585815,3.40935132793907,1.2802146622012642,0.6724061416185446,0.12806317776880446,-1.0717450678201392,5.805810385787763,0.0003637418198940969,0.012378
38.584638357162476,3.3990030541385856,1.2829633748244673,0.6499580694655713,0.18769299351919594,-1.0534793402092226,5.82407611339868,0.00036488619226615176,0.012378
38.61121153831482,3.4326349483761125,1.2774659496168936,0.8230493624022901,0.1299216680716124,-0.8588339265483078,6.018721527059594,0.00037708098890855944,0.012378
38.637349128723145,3.3910801578180383,1.279567906295568,0.7109302467121109,0.1275305209306733,-1.012697490622179,5.864857962985723,0.0003674412299270012,0.012378
38.66686224937439,3.371353765931822,1.2743938591273016,0.5217055474397659,0.03219818163050226,-1.3829554158956474,5.494600037712255,0.00034424407352332887,0.012378
38.69341421127319,3.4114533212011104,1.2800529732246386,0.6143617829640768,0.06790456832770203,-1.2114876515946704,5.666067802013232,0.0003549867592976847,0.012222
38.719515323638916,3.4032070402257175,1.2837718197210433,0.632927632449988,0.16021611368785407,-1.1104344149077339,5.767121038700168,0.00036131788032579723,0.012222
38.74470901489258,3.3855826383330996,1.2855503985053607,0.5469826987000601,0.25702931856480854,-1.2024925536487672,5.675062899959134,0.0003555503142675434,0.012222
38.77327537536621,3.3842891043855117,1.2905627569853109,0.4795595189858197,0.41553027419224975,-1.2321365186464268,5.645418934961475,0.00035369308003827525,0.012222
38.79883170127869,3.36375425545535,1.2742321701555053,0.3170834054844888,0.23087117969423446,-1.8276695192268368,5.049885934381065,0.0003163821375437731,0.012222
38.82790493965149,3.4185677603013715,1.278921150392021,0.5110657904953654,0.18648786189280445,-1.3404937473137533,5.537061706294148,0.00034690435410078736,0.012222
38.85966897010803,3.4332817156974147,1.2750406150158267,0.7294556321186595,0.0851756372057697,-1.0208486587989234,5.856706794808978,0.0003669305482908716,0.012222
38.88723373413086,3.4318264892311063,1.2828016858455558,0.8741590750522367,0.15474488577690115,-0.7679895149541502,6.109565938653751,0.00038277251333060337,0.012222
38.9188768863678,3.4641648607845417,1.2826399968667788,1.1569947656920105,0.20051653043095574,-0.4916219099994812,6.38593354360842,0.00040008731503891713,0.012222
38.944171667099,3.4290777281930955,1.2900776900299682,1.1580052927578628,0.3671908341171866,-0.30035011634257935,6.5772053372653225,0.0004120707498561274,0.012222
38.97269368171692,3.4129085473345757,1.2965452495346381,1.0679410490209325,0.6009360269278007,0.007385854024125699,6.884941307632028,0.0004313508217961401,0.012222
38.99900436401367,3.4318264892311063,1.2829633748244673,1.1110988668838295,0.5187039879304947,-0.11161163737354454,6.7659438162343575,0.00042389546910501913,0.01207
39.025203466415405,3.418729452105699,1.2905627569853109,1.0677843295778318,0.5987025427482207,0.004187493423251201,6.881742947031153,0.00043115044020798366,0.01207
39.05233383178711,3.401590122476542,1.2976770724702367,0.9412462557013684,0.7834820299131388,0.34696443209162936,7.224519885699531,0.00045262587588431523,0.01207
39.07994103431702,3.377336359735807,1.2850653315625666,0.7165122329452616,0.6845349717682813,0.2925346159638556,7.170090069571758,0.0004492157747857188,0.01207
39.10859155654907,3.414687157085465,1.2853887095242944,0.7688807837413959,0.6211256898339211,0.07120900004790058,6.948764453655803,0.00043534942763123324,0.01207
39.137402296066284,3.414363773491758,1.2907244459706955,0.8037233371767429,0.6733245635459822,0.19991410546260566,7.077469559070508,0.00044341297538122643,0.01207
39.17292046546936,3.4357070931942433,1.2947666706492613,0.9479316587642702,0.7830345125737702,0.3427077512211321,7.220263204829035,0.00045235918910957435,0.01207
39.20048952102661,3.414363773491758,1.2908861349562148,0.9290589496927549,0.7895875689316619,0.3659785189978053,7.243533972605707,0.00045381713397152514,0.01207
39.23376441001892,3.453008121262913,1.295898493574422,1.1327922386397151,0.8849064230984288,0.38712643510794104,7.2646818887158435,0.0004551420793248386,0.01207
39.26080656051636,3.437809087078426,1.2963835605443808,1.1900802015287313,0.9604101096611171,0.4444622325067288,7.322017686114631,0.00045873424405380855,0.011912
39.29188799858093,3.4080577936485446,1.286682221376597,1.063162004564098,0.837652921524649,0.361136909172537,7.238692362780439,0.0004535138006120046,0.011912
39.31996202468872,3.3964159858753242,1.2873289773059842,0.9089637192824913,0.7634302074705777,0.33148848590115904,7.209043939509061,0.000451656287065899,0.011912
39.348551988601685,3.4169508422742276,1.2925030248188467,0.9163048492152398,0.8051328501719696,0.4020839127258517,7.279639366333754,0.0004560791853907002,0.011912
39.37558317184448,3.438617546277908,1.2920179578586375,1.0430776104446329,0.8255442115934893,0.35460227983262443,7.232157733440527,0.0004531043973055771,0.011912
39.40261507034302,3.405632416904251,1.2984855174283054,0.9466444510612166,0.9569053459953669,0.6086527297484927,7.486208183356395,0.0004690209992710016,0.011912
39.42978835105896,3.4072493347264707,1.2874906662886683,0.8882183992811397,0.8498337340165477,0.502927638191336,7.380483091799238,0.00046239718025934236,0.011912
39.45736217498779,3.438940929959764,1.2802146622012642,1.0252325281075567,0.6431762843047343,0.07042628983257128,6.947981743440474,0.0004353003897847905,0.011912
39.48431038856506,3.433766791191481,1.2937965367186919,1.0920954972111754,0.7443697399822266,0.21474729323900546,7.092302746846908,0.00044434229452155284,0.011912
39.510741233825684,3.4331200238666475,1.2934731587429187,1.1352687105683685,0.8093514999351954,0.2896082437346467,7.167163697342549,0.0004490324336344223,0.01176
39.545250415802,3.450259359568161,1.2947666706492613,1.2617078917700721,0.8782533680462182,0.3241782349047393,7.2017336885126415,0.0004511982900207613,0.01176
39.57616472244263,3.451714586337091,1.2897543120604154,1.3583847665128632,0.8357529615391784,0.24887620164315893,7.126431655251061,0.00044648051648007813,0.01176
39.609163999557495,3.428107577258793,1.2819932409530166,1.293531996106703,0.6655148661059335,0.07292273107603746,6.95047818468394,0.0004354567951822833,0.01176
39.64055323600769,3.4410429239205693,1.2921796468452384,1.3207523580559781,0.7307384522346385,0.14434573008856108,7.021901183696463,0.0004399315420163697,0.01176
39.67396855354309,3.421478212824134,1.2832867527826939,1.2299729473999967,0.615419344348952,0.014769106482496356,6.892324560090398,0.0004318133924809354,0.01176
39.70259356498718,3.452037970066772,1.2769808826942666,1.337985738339094,0.4205496258632764,-0.20349655491294777,6.6740588986949545,0.00041813875558774393,0.01176
39.73548364639282,3.44136630761127,1.2849036425819047,1.3536854102851041,0.4275554595535185,-0.1925826762443903,6.684972777363512,0.0004188225247474675,0.01176
39.76342272758484,3.4251971245193658,1.2815081740191072,1.273903555426357,0.370996126722573,-0.27565730368043534,6.601898149927467,0.0004136177877404543,0.011602
39.799134731292725,3.401266738930211,1.2844185756407276,1.0837142819393557,0.38408752203008323,-0.3345113422546678,6.543044111353234,0.00040993050316231626,0.011602
39.83235716819763,3.417112534075623,1.275525681933627,1.0395379591615195,0.23227588700365456,-0.5650688448552393,6.312486608752662,0.0003954857659054017,0.011602
39.861618757247925,3.407411026510301,1.278112705515608,0.9541515709392018,0.17283701059695494,-0.7117382392821543,6.165817214325747,0.00038629673131649955,0.011602
39.88927912712097,3.387684631037624,1.2777893275659824,0.783639760760456,0.12537613856430044,-0.9703230745431322,5.907232379064769,0.0003700960440179458,0.011602
39.91817045211792,3.386876172299297,1.279567906295568,0.6597429147111585,0.1243486502755482,-1.1708569767093298,5.706698476898572,0.0003575323256603921,0.011602
39.94395923614502,3.391241849572689,1.2819932409530166,0.5975234491523674,0.16753184822140166,-1.2603934735278908,5.61716198008001,0.0003519227438560242,0.011602
39.970003604888916,3.3842891043855117,1.2798912842481476,0.5149380443024407,0.15971130563696417,-1.444884617512568,5.432670836095333,0.00034036412584955187,0.011602
39.998263359069824,3.3886547815332166,1.2632373203869083,0.4816365868776167,-0.14722647953659057,-1.541170995641727,5.336384457966174,0.00033433165491363455,0.011602
40.026036739349365,3.377336359735807,1.2764958157728465,0.3947854647686278,-0.12208293862391409,-1.6609046044355584,5.216650849172343,0.0003268301834787822,0.01145
40.05375909805298,3.4559185749152377,1.283610130741459,0.7751396956386158,0.024298029461369643,-1.0649299088041748,5.812625544803726,0.0003641687987615781,0.01145
40.078988790512085,3.4475105979588325,1.2779510165407282,0.994186402316224,0.024325681042165963,-0.8167518546781405,6.060803598929761,0.0003797174872420977,0.01145
40.10747790336609,3.426167275421931,1.2816698629969425,1.0277005468957368,0.09166211109333226,-0.7232900646877497,6.154265388920152,0.000385572993936716,0.01145
40.13335156440735,3.4232568227459557,1.2842568866606046,1.034821557136692,0.18562688171950123,-0.6159358071613157,6.261619646446586,0.0003922988823848876,0.01145
40.16118574142456,3.4310180300934556,1.2895926230758417,1.083376641398942,0.347987591659811,-0.3722373122073496,6.505318141400552,0.0004075669204656697,0.01145
40.190558195114136,3.431664797402988,1.265015898984118,1.1209960653119544,0.016762040417288675,-0.7175585772318739,6.159996876376027,0.0003859320793252095,0.01145
40.21848273277283,3.4303712627886305,1.276334126799308,1.1400679322186096,-0.010217803907123272,-0.7261959397373108,6.15135951387059,0.00038539093696125917,0.01145
40.2477753162384,3.4232568227459557,1.281023107086408,1.1134787268627022,0.05577435432864823,-0.6883102656666507,6.18924518794125,0.0003877645253354352,0.011294
40.27913522720337,3.431179721920398,1.2907244459706955,1.1393443764370317,0.2775786286922925,-0.43119019345186355,6.446365260156037,0.0004038734432614584,0.011294
40.30907464027405,3.4725728393279884,1.2828016858455558,1.3898257405021934,0.2894269798174711,-0.31142443273327025,6.56613102087463,0.0004113769290575884,0.011294
40.337122440338135,3.428916036369977,1.2808614181091105,1.3200792589165833,0.26259887361689455,-0.3631429915108452,6.514412462097056,0.00040813669187414437,0.011294
40.3651065826416,3.424550357256864,1.2831250638035132,1.2467483848029888,0.2847948099634826,-0.36953457199694384,6.508020881610957,0.0004077362507705726,0.011294
40.39824891090393,3.439264313642799,1.2635606983124752,1.2780189505962642,-0.0538143683955729,-0.6710473639489851,6.206508089658915,0.00038884606931813363,0.011294
40.423219203948975,3.455595191171356,1.2881374222207533,1.3915877027529662,0.15403725163316526,-0.4378989255709657,6.4396565280369344,0.000403453132182034,0.011294
40.45493173599243,3.429239420016508,1.2845802646209854,1.3231280649106087,0.23514313884003635,-0.3892165251416848,6.488338928466215,0.00040650314996633965,0.011294
40.48320746421814,3.452523045663512,1.2879757332375297,1.405917469936891,0.35338067727186123,-0.24095735971677457,6.636598093891125,0.0004157917858438822,0.011143
40.516509771347046,3.445246911991721,1.2790828393677063,1.4230228149176762,0.2751713394869177,-0.3136722605940529,6.563883193013847,0.0004112360996224949,0.011143
40.54346799850464,3.417597609481567,1.2857120874865613,1.2797770805156086,0.3404248060137578,-0.2921669788826547,6.585388474725246,0.0004125834344107939,0.011143
40.57512283325195,3.465943471563327,1.288299111204112,1.4509122518761193,0.43293150314837237,-0.1504837736167167,6.727071679991184,0.0004214600775505731,0.011143
40.600143909454346,3.440072772855545,1.2855503985053607,1.4254722391349584,0.44793009118716737,-0.13885327097351924,6.738702182634381,0.0004221887441649833,0.011143
40.62681007385254,3.441851383149533,1.2857120874865613,1.4176491098543043,0.46135593220394194,-0.12579970049799008,6.751755753109911,0.0004230065678907646,0.011143
40.65375757217407,3.420022986550873,1.2895926230758417,1.2896312285398341,0.5409979269989115,-0.046962020027407,6.830593433580494,0.00042794585447869683,0.011143
40.679502725601196,3.4150105406803437,1.283610130741459,1.171879512786114,0.4884546353973436,-0.1317522888342751,6.745803164773625,0.000422633630235098,0.011143
40.70509696006775,3.447672289815841,1.2873289773059842,1.2728119907181479,0.5189914071814665,-0.0759782562592314,6.801577197348669,0.0004261279482998665,0.011143
40.73232913017273,3.378791585315736,1.2845802646209854,0.9567776886837155,0.49061104772384456,-0.18762546698938762,6.6899299866185125,0.0004191331005665511,0.011143
40.75945734977722,3.3964159858753242,1.2769808826942666,0.8344946981662253,0.3331838182257105,-0.6270019122484365,6.250553541359464,0.00039160557603554793,0.011143
40.788188219070435,3.406764259376735,1.2844185756407276,0.8069904243009165,0.35761890608227953,-0.6173911939892455,6.260164259618655,0.00039220770044502657,0.010984
40.814064025878906,3.394637376487635,1.284095197680616,0.7196587385479486,0.36886980884408654,-0.7538828605431733,6.123672593064727,0.0003836563141795987,0.010984
40.8397376537323,3.3973861364652973,1.288460800187606,0.6739577283639222,0.4557698345607313,-0.6028461758527603,6.27470927775514,0.00039311896537030027,0.010984
40.872942209243774,3.3854209465886336,1.2847419536013778,0.5747960500729394,0.4492827762643162,-1.0314902984924958,5.846065155115404,0.0003662638352686425,0.010984
40.903685092926025,3.4248737408875276,1.2900776900299682,0.7268655709418417,0.541327206200535,-0.15148812626965916,6.726067327338241,0.00042139715350767093,0.010984
40.93523716926575,3.4426598423858707,1.2897543120604154,0.9331630238390533,0.5999046482471948,0.05490467578817103,6.9324601293960715,0.0004343279398139776,0.010984
40.96330237388611,3.416627458672316,1.289269245107099,0.9314289302368401,0.6321283693351673,0.12918325802152927,7.0067387116294295,0.00043898159277289155,0.010984
40.99389028549194,3.4481573653886395,1.2907244459706955,1.1072197321396215,0.6810264391968558,0.17120907508631297,7.048764528694213,0.0004416145666673029,0.010984
41.023417472839355,3.434898634021273,1.293311469755235,1.1558405538740706,0.7620843598784551,0.2767729266333476,7.154328380241248,0.00044822828377572656,0.010984
41.050620555877686,3.4133936227176673,1.2934731587429187,1.0691488799432634,0.8217517338625487,0.4087168387305793,7.286272292338479,0.00045649474711522493,0.010984
41.07827663421631,3.4091896361517313,1.2816698629969425,0.9848640914612137,0.6498603480675895,0.1500019784991452,7.027557432107045,0.0004402859135776034,0.010825
41.11169123649597,3.3964159858753242,1.284095197680616,0.8541551801104691,0.5734388182338008,-0.011473227585098509,6.866082226022801,0.00043016927499901016,0.010825
41.144009590148926,3.4130702391286465,1.2828016858455558,0.8561536862131061,0.496529112496527,-0.2272912525205882,6.650264201087311,0.0004166479858180627,0.010825
41.171401262283325,3.428107577258793,1.2798912842481476,0.9419702398968782,0.3900093906295492,-0.40658688319127945,6.47096857041662,0.00040541487370009463,0.010825
41.19836711883545,3.4179209930869963,1.2907244459706955,0.9448557101887953,0.5115431541029138,-0.14847064871505697,6.729084804892842,0.0004215862025299895,0.010825
41.22979021072388,3.408381177219421,1.2897543120604154,0.8933202926199124,0.5790558117788668,0.0059651409164993485,6.8835205945243985,0.00043126181221143483,0.010825
41.2589316368103,3.4282692690804413,1.2946049816604945,0.9688945805818016,0.7141195568102129,0.290577630261887,7.168133083869786,0.00044909316700257715,0.010825
41.28908324241638,3.429239420016508,1.2944432926718632,1.0272428793907902,0.805737348808033,0.41666226556017044,7.294217719168069,0.000456992538779573,0.010825
41.31963348388672,3.439264313642799,1.2913712019135846,1.1243650968077252,0.8142600427137034,0.36867713565345217,7.24623258926135,0.00045398620593018276,0.010667
41.35151720046997,3.425520508152379,1.2868439103587415,1.115194768334796,0.7382747040681559,0.26006583602413713,7.137621289632035,0.00044718156210562057,0.010667
41.38020467758179,3.426814042696183,1.2881374222207533,1.1160372678401136,0.7084996023577728,0.2129850460338758,7.090540499641774,0.0004442318873668397,0.010667
41.41291260719299,3.4300478791379825,1.289916001045124,1.13478134154672,0.7198521550103787,0.22421070326743517,7.101766156875334,0.00044493518987248783,0.010667
41.442965269088745,3.4218015964436423,1.2912095129276595,1.1016086681103054,0.751213577580214,0.28646134338226276,7.164016796990161,0.00044883527609996247,0.010667
41.47441554069519,3.43635386053792,1.2905627569853109,1.1600822555388752,0.7614592555030335,0.2764379097745373,7.153993363382435,0.0004482072945194777,0.010667
41.500431537628174,3.4486424409640963,1.2939582257067817,1.2700002090719373,0.8300946493353628,0.3219559598953827,7.199511413503281,0.00045105906150613587,0.010667
41.52901101112366,3.43700062788631,1.2912095129276595,1.281587199359599,0.8283833236076975,0.3153494884713922,7.19290494207929,0.00045064515719663186,0.010667
41.55484437942505,3.4421747668431832,1.2881374222207533,1.318745014694555,0.7715756360354519,0.2352929892501806,7.112848442858078,0.0004456295099766749,0.010515
41.58163571357727,3.434736942187562,1.281023107086408,1.3030005353946512,0.6030297622884428,0.02834927703743998,6.905904730645338,0.000432664208409099,0.010515
41.609347343444824,3.453169813129972,1.2823166189096287,1.3954590650861274,0.5084622853048566,-0.08310981457170968,6.794445639036188,0.0004256811465914241,0.010515
41.63587975502014,3.4397493891695623,1.2855503985053607,1.3848395757419987,0.5008016386967117,-0.0929916047024603,6.784563848905437,0.00042506203916504824,0.010515
41.66185927391052,3.4306946464404553,1.2828016858455558,1.326573821967845,0.4456830868205565,-0.16754827156798724,6.710007182039909,0.0004203909638303644,0.010515
41.689385652542114,3.443791685329134,1.2849036425819047,1.359312814034733,0.44514888222361726,-0.16167681520720176,6.715878638400695,0.0004207588184587775,0.010515
41.71575427055359,3.459960871813694,1.283448441762009,1.4730017527484218,0.4184334746967121,-0.1701228131887947,6.707432640419102,0.0004202296653393151,0.010515
41.742876291275024,3.4106448622483194,1.2800529732246386,1.2757305465519932,0.33826927347404356,-0.3146597350917612,6.562895718516135,0.0004111742330186913,0.010515
41.77057433128357,3.423418514558791,1.2902393790149473,1.2093502730467582,0.46654458370535434,-0.1657279445041111,6.7118275091037845,0.00042050500976624906,0.010515
41.799726247787476,3.4150105406803437,1.2889458671388967,1.1156828439409523,0.5329226652716502,-0.07954211118873152,6.798013342419164,0.00042590466800103524,0.010356
41.83035087585449,3.4154956160748586,1.2808614181091105,1.052838791772005,0.4330458534348226,-0.27605667050239385,6.601498783105502,0.0004135927668725695,0.010356
41.860368967056274,3.44136630761127,1.2837718197210433,1.1540825476881416,0.4158150132628425,-0.2587503339718196,6.618805119636075,0.0004146770321046447,0.010356
41.88838458061218,3.421963288253836,1.2823166189096287,1.1160272285451593,0.377411960986935,-0.3356259244218492,6.541929529186046,0.0004098606730922701,0.010356
41.9156768321991,3.4332817156974147,1.2847419536013778,1.1529286387535154,0.3944322647626655,-0.2914294727105026,6.586125980897393,0.0004126296401632065,0.010356
41.947725772857666,3.4101597868801568,1.2826399968667788,1.04895621869839,0.3682976957209801,-0.3917507188858545,6.485804734722041,0.0004063443793239628,0.010356
41.97496223449707,3.4151722324782225,1.2868439103587415,1.0043147219638258,0.42610106117324953,-0.31669533570720215,6.560860117900694,0.00041104669990561364,0.010356
42.00452947616577,3.4130702391286465,1.287005599341021,0.9612653655104558,0.46949024639898634,-0.25204255613342774,6.625512897474469,0.0004150972833971008,0.010356
42.03399324417114,3.4070876429429333,1.2874906662886683,0.8975453234093808,0.5086431642990813,-0.19065492336982368,6.686900530238073,0.00041894330105470196,0.010356
42.06249976158142,3.412423471954119,1.2837718197210433,0.8828959223508054,0.46873313086781954,-0.30948326070795135,6.568072192899945,0.00041149854609264414,0.010356
42.08855891227722,3.4190528357152328,1.2837718197210433,0.9098577006155086,0.44079610746593634,-0.35693232389678864,6.520623129711108,0.0004085257985432534,0.010205
42.1140718460083,3.400619971841052,1.2876523552714871,0.8252513198794685,0.4914840964648441,-0.29520513546957117,6.582350318138325,0.0004123930898193214,0.010205
42.14262533187866,3.4243886654419726,1.2831250638035132,0.899461111314769,0.4450144659570473,-0.35617552579338463,6.521379927814512,0.000408573212961075,0.010205
42.168325424194336,3.414687157085465,1.2886224891712346,0.896944998600047,0.5119979239733696,-0.18055918784995825,6.696996265757939,0.00041957581244710893,0.010205
42.1963586807251,3.426328967240053,1.2831250638035132,0.9605392804747851,0.4593741452130058,-0.2750783685361209,6.602477085071776,0.0004136540588049567,0.010205
42.227155447006226,3.4421747668431832,1.2742321701555053,1.0940114714751867,0.26156188940876235,-0.5230083732625257,6.354547080345371,0.0003981209109525406,0.010205
42.25728440284729,3.412100088368612,1.2709983907476863,1.018606793920965,0.06455672646694625,-0.8288239665125607,6.048731487095337,0.0003789611532186223,0.010205
42.28427338600159,3.4193762193259394,1.2889458671388967,1.0066707429319859,0.2515311652047646,-0.6162794202898051,6.261276033318092,0.00039227735456079545,0.010205
42.31420063972473,3.4235802063719207,1.2886224891712346,1.0219161266650985,0.3765596134467677,-0.39655260156857364,6.481002852039323,0.00040604353492329037,0.010205
42.34509038925171,3.454463348077091,1.286682221376597,1.2059617106759783,0.42895757417461516,-0.21676197647413686,6.66079347713376,0.0004173076591068559,0.010056
42.37576413154602,3.4360304768654926,1.2874906662886683,1.2313139527709807,0.48027029374201474,-0.13525265691875502,6.742302796689142,0.00042241432747239216,0.010056
42.40517497062683,3.4226100554975476,1.2918562688721713,1.1737200766630658,0.5952135926075944,0.03741409862351991,6.914969552231417,0.00043323213165867797,0.010056
42.43523383140564,3.447995673530744,1.289916001045124,1.2759158182343289,0.6405519481852618,0.09494415130480767,6.972499604912705,0.000436836466742049,0.010056
42.46078658103943,3.4014284307032305,1.2842568866606046,1.086030581832106,0.5698497676838425,-0.004633447793646568,6.87292200581425,0.0004305977963911498,0.010056
42.488816261291504,3.4222866718751046,1.286682221376597,1.0702062847225948,0.5642606821405569,-0.015734246413265433,6.861821207194632,0.00042990231644539367,0.010056
42.5168342590332,3.4119383965762977,1.276334126799308,1.0010354471586609,0.3730312452991658,-0.4253290053426628,6.452226448265234,0.0004042406545701157,0.010056
42.54328179359436,3.450421051430193,1.2904010680000615,1.168652323810141,0.49380479344339395,-0.12799700136484435,6.749558452243052,0.0004228689040397159,0.010056
42.56996011734009,3.4402344646989786,1.291532890899645,1.2287980058112427,0.59883408343605,0.040725773228286063,6.918281226836182,0.00043343961252139833,0.010056
42.59765982627869,3.459960871813694,1.2701899459040904,1.3816413869919777,0.2860131164676458,-0.3364552887827883,6.541100164825108,0.00040980871230093227,0.009902
42.62418532371521,3.451714586337091,1.292664713805854,1.4423382131681994,0.47386771596464705,-0.11064344311094036,6.766912010496956,0.00042395612777619296,0.009902
42.654348611831665,3.425358816335726,1.2937965367186919,1.3368682336150044,0.6258537421441615,0.07121842622036624,6.948773879828263,0.0004353500181936004,0.009902
42.69024395942688,3.4154956160748586,1.2988088954124828,1.2076685645438379,0.8229756765542593,0.3759206705602245,7.253476124168121,0.00045444002312268104,0.009902
42.717272996902466,3.4554334992998585,1.2897543120604154,1.3414347160362483,0.7970585774948045,0.2846052000848104,7.162160653692707,0.00044871898622893036,0.009902
42.743322134017944,3.41921452752044,1.2965452495346381,1.2317425723031838,0.9018434472921345,0.4637495144094777,7.341304968017374,0.0004599426181745494,0.009902
42.771055698394775,3.396901061168999,1.300910852322876,1.0296932643388597,1.0542172550246829,0.8125645724191218,7.690120026027018,0.00048179635013890766,0.009902
42.79834485054016,3.417759301284135,1.298970584404775,1.0053541112034898,1.1257569651610109,0.9081990980000421,7.785754551607939,0.00048778798163701283,0.009753
42.827653646469116,3.4250354327033,1.2800529732246386,1.0291639299004083,0.8333957167990473,0.5180439969306553,7.395599450538552,0.0004633442404408925,0.009753
42.85433745384216,3.453331504997326,1.2886224891712346,1.204681157696914,0.7838647995627723,0.3204785556053478,7.198034009213245,0.0004509665001426969,0.009753
42.87987041473389,3.420184678357839,1.2849036425819047,1.1414613781474103,0.6818760811431643,0.18607789145471104,7.063633345062608,0.0004425461179867794,0.009753
42.90727949142456,3.434898634021273,1.2766575047465192,1.1798097060795312,0.46121568310526,-0.18860173960216078,6.688953714005736,0.00041907193577588666,0.009753
42.93229675292969,3.418729452105699,1.2902393790149473,1.1158819170148213,0.5526070704472031,-0.0430843692191355,6.8344710843887615,0.0004281887945108698,0.009753
42.96006679534912,3.411615012992547,1.2860354654493673,1.0311929576971683,0.5404834764725186,-0.0779935964927249,6.799561857115172,0.0004260016845269344,0.009753
42.98770761489868,3.44136630761127,1.2839335087007624,1.138930463835756,0.49394817875202923,-0.14554391463137548,6.732011538976522,0.00042176956635195476,0.009753
43.015422105789185,3.4515528944726936,1.2897543120604154,1.2715328505186922,0.5667393290332529,-0.012624786075363676,6.8649306675325334,0.000430097128312651,0.009753
43.042638301849365,3.4649733202249937,1.288299111204112,1.4396949913843455,0.591351669262019,0.018631485918763412,6.896186939526661,0.00043205537574113746,0.009753
43.069655418395996,3.472087763620958,1.2860354654493673,1.5973480210057838,0.5676046956428842,-0.007754530727028606,6.869800922880869,0.00043040225635267263,0.009753
43.09466791152954,3.4612544068603035,1.2907244459706955,1.646888129887208,0.6358598676122483,0.057014250680167355,6.934569704288065,0.0004344601075148544,0.009602
43.124205589294434,3.468692233746627,1.298647206420326,1.723321168661452,0.8270531347939852,0.21842508969691116,7.095980543304808,0.00044457271341020126,0.009602
43.15323328971863,3.4403961565427075,1.297353694487959,1.6179739135312707,0.9374737852061579,0.33885575291897146,7.216411206526868,0.00045211785624136897,0.009602
43.18525576591492,3.436192168701559,1.289916001045124,1.5206302110507945,0.8801340830042496,0.3165636555995794,7.1941191092074765,0.00045072122639826186,0.009602
43.2133526802063,3.45478673181683,1.2937965367186919,1.5568770026876986,0.9102401990718926,0.33360982551167473,7.211165279119571,0.000451789191842195,0.009602
43.24494385719299,3.436515552374576,1.2894309340914027,1.4796778060274653,0.8522900843582444,0.3016699721470429,7.1792254257549395,0.0004497881171225588,0.009602
43.274126052856445,3.4460553712590447,1.292664713805854,1.4791936320749703,0.8702615934880608,0.32035358104596284,7.1979090346538595,0.000450958670318667,0.009602
43.305198192596436,3.415333924276394,1.2947666706492613,1.306388627395797,0.9208904335332292,0.4515958191212065,7.329151272729103,0.0004591811728380954,0.009602
43.33185291290283,3.412100088368612,1.2963835605443808,1.167270803065399,0.9855989169654706,0.6236260393071278,7.501181492915024,0.00046995909722921713,0.00945
43.3658766746521,3.471440996015746,1.2925030248188467,1.4030202225931754,0.9606509468183893,0.4440951963684345,7.3216506499763305,0.00045871124874668676,0.00945
43.39380598068237,3.4332817156974147,1.2936348477307376,1.353823734587129,0.9636751742299166,0.4725182038863425,7.350073657494239,0.0004604919883496775,0.00945
43.42237401008606,3.4229334391211643,1.2912095129276595,1.2612923562242282,0.9218896910338839,0.47917834622417127,7.356733799832067,0.0004609092552140322,0.00945
43.44849228858948,3.4036921155561646,1.2939582257067817,1.0885021815775404,0.9423959542069487,0.6431607069502341,7.5207161605581305,0.0004711829703989168,0.00945
43.47430634498596,3.371353765931822,1.2886224891712346,0.7860059018455616,0.8601649657482993,1.003443880265527,7.880999333873423,0.0004937551951928452,0.00945
43.500885248184204,3.4190528357152328,1.2823166189096287,0.8420346862618331,0.6884569277267574,0.42264845895623077,7.300203912564127,0.0004573675818373777,0.00945
43.53097605705261,3.4043388826675187,1.2829633748244673,0.798652676420748,0.5799686184897724,-0.023351772395933938,6.854203681211962,0.00042942506820959025,0.00945
43.55752754211426,3.376689592818938,1.2666327886319346,0.6130658647237477,0.2084170501223157,-1.5651942680790052,5.312361185528891,0.00033282656462382083,0.00945
43.58229160308838,3.403853807333565,1.2850653315625666,0.6356513534789597,0.28198948591471046,-1.4891269008618697,5.388428552746026,0.00033759228736492944,0.009302
43.61350202560425,3.4211548292058,1.2868439103587415,0.7485868119358868,0.36568531430886886,-1.0064158669425798,5.871139586665316,0.00036783478208893505,0.009302
43.64267039299011,3.4353837095241717,1.2908861349562148,0.9075206585450286,0.49744313014623764,-0.2798026528878804,6.597752800720015,0.00041335807604396036,0.009302
43.673763275146484,3.452199661932056,1.295413426605683,1.1131768525857404,0.6716248273247668,0.1761584157569595,7.053713869364854,0.000441924649509006,0.009302
43.70008707046509,3.434736942187562,1.2949283596381636,1.1591028219184745,0.7847715267479491,0.3545401955845051,7.2320956491923996,0.00045310050764403115,0.009302
43.727394580841064,3.4248737408875276,1.278921150392021,1.1358803112337204,0.5742181048304155,-0.01677771312654882,6.860777740481346,0.00042983694185406735,0.009302
43.75397300720215,3.411291629409967,1.2902393790149473,1.0433764015909284,0.6317087656548187,0.11332179363907964,6.990877247246974,0.0004379878507218623,0.009302
43.782737731933594,3.3251099460801914,1.2656626548416452,0.49481125356103073,0.22707417855446396,-1.8986147901168369,4.978940663491057,0.00031193732101831754,0.009302
43.809459924697876,3.3668263979114053,1.2739087922123145,0.34500621539091686,0.09309825431628868,-2.0760583941946478,4.801497059413246,0.00030082024085430995,0.009302
43.836634159088135,3.4295628036642154,1.2832867527826939,0.5923364561822663,0.1690712058061004,-1.6259358400529007,5.251619613554993,0.0003290210235425793,0.009143
43.86553168296814,3.45640365053328,1.2957368045847069,0.9161485390881223,0.4476181393667938,-0.4157241522214594,6.461831301386434,0.00040484241152082033,0.009143
43.8924458026886,3.4326349483761125,1.289269245107099,1.009382691138074,0.5255278131188986,-0.13815917362337116,6.739396279984522,0.00042223223029638394,0.009143
43.92351460456848,3.3749109838214832,1.2916945798858406,0.7505920026662862,0.6239670266889249,0.31559227294514103,7.193147726553034,0.00045066036797005604,0.009143
43.948710918426514,3.431988181059519,1.2955751155951272,0.8898622506737259,0.7631183844434902,0.5899300880245744,7.467485541632468,0.000467848000615972,0.009143
43.97525501251221,3.4735429907500737,1.2887841781549982,1.220634552431984,0.737597496349896,0.25452296708613487,7.132078420694028,0.00044683429392065177,0.009143
44.003257036209106,3.4457319875512296,1.2904010680000615,1.2960479217956018,0.7490011691789078,0.24313276833272368,7.1206882219406165,0.00044612068266774844,0.009143
44.03070640563965,3.473057915037693,1.296706938525031,1.5022413722277381,0.8711300910270064,0.317378248322487,7.194933701930379,0.0004507722617266334,0.009143
44.06132531166077,3.443791685329134,1.2839335087007624,1.482280099216661,0.7254008089401749,0.16526458382752351,7.0428200374354155,0.000441242136304418,0.009143
44.0896201133728,3.4368389360487708,1.2889458671388967,1.4292754061715411,0.7141220229360232,0.16231967783833992,7.039875131446232,0.0004410576339881617,0.009143
44.11715531349182,3.4248737408875276,1.2874906662886683,1.325001120210866,0.6798854078750057,0.1383587172197329,7.0159141708276245,0.0004395564476174944,0.009143
44.142932176589966,3.4467021386782193,1.2876523552714871,1.374550817548304,0.6588466067512021,0.10155873947468172,6.979114193082573,0.0004372508795765858,0.008984
44.17199158668518,3.4313414137476337,1.2861971544309725,1.323002556148487,0.6177779812822591,0.05034821442545305,6.927903668033345,0.0004340424713886889,0.008984
44.19816708564758,3.4179209930869963,1.2904010680000615,1.2115783315649231,0.665127508631554,0.14040550283304898,7.017960956440941,0.00043968468148571435,0.008984
44.22377347946167,3.4295628036642154,1.2861971544309725,1.1989369375040657,0.6221746125985028,0.06882390635667085,6.946379359964563,0.00043519999830746593,0.008984
44.250126361846924,3.403853807333565,1.2769808826942666,1.0457611044251849,0.4252783136379633,-0.36391154068335135,6.513643912924541,0.0004080885412360573,0.008984
44.27850389480591,3.43635386053792,1.2821549299312553,1.1209889609592958,0.38110944191108,-0.3913452002117355,6.486210253396157,0.0004063697856136489,0.008984
44.30508637428284,3.4402344646989786,1.2920179578586375,1.1954336518156443,0.5287278258108586,-0.0950877045044215,6.782467749103471,0.0004249307156966634,0.008984
44.331231117248535,3.434898634021273,1.2920179578586375,1.2175902976473016,0.6320606945407118,0.08523633020683721,6.96279178381473,0.0004362282587092776,0.008984
44.36100220680237,3.4256821999693265,1.275525681933627,1.181360125096275,0.4058571077611092,-0.3127451400940013,6.564810313513892,0.00041129418496726837,0.008984
44.39277386665344,3.426814042696183,1.2868439103587415,1.162353017573154,0.45239264960134934,-0.24170245847072863,6.6358529951371645,0.0004157451044060195,0.008833
44.426127433776855,3.417112534075623,1.2847419536013778,1.0945850741051733,0.4469187467927461,-0.2869302097752184,6.590625243832674,0.0004129115250301783,0.008833
44.4571418762207,3.463518093237519,1.2912095129276595,1.307662098766389,0.5601601918278631,-0.03181451684178911,6.845740936766104,0.0004288948659016453,0.008833
44.489946126937866,3.434736942187562,1.2949283596381636,1.2952424942449343,0.7067462819001193,0.18899854899715973,7.066554002605052,0.0004427291011052733,0.008833
44.515278339385986,3.48017235908759,1.2963835605443808,1.5416171076288483,0.835698010822299,0.27501632242855434,7.152571776036447,0.00044811823016256474,0.008833
44.542861461639404,3.539351620671063,1.2994556513824667,2.046303774235687,0.9815739830052612,0.27730567486517677,7.154861128473069,0.00044826166116811644,0.008833
44.57020854949951,3.502485846443208,1.2929880917802739,2.192624928888183,0.9666139815377541,0.2431332165658239,7.120688670173716,0.0004461207107501542,0.008833
44.5977463722229,3.4716026879166035,1.2826399968667788,2.121675827313957,0.7688248974635529,0.12502819083145297,7.002583644439345,0.00043872127223173107,0.008833
44.6239914894104,3.4669136229123425,1.2950900486272012,2.0456876741888688,0.8557384053765729,0.1924832112670146,7.0700386648749065,0.00044294741987759424,0.008833
44.64998912811279,3.4813042025122964,1.2912095129276595,2.0732827507698244,0.8463339528365486,0.18242425362411208,7.059979707232004,0.00044231721266858447,0.008682
44.68301582336426,3.485184808650702,1.287814044254441,2.1143845067595275,0.7782874176456277,0.1317928635555726,7.0093483171634645,0.00043914508806520763,0.008682
44.70988488197327,3.452523045663512,1.28118479606384,1.9597969792311325,0.610654838736966,0.019313967361628423,6.89686942096952,0.0004320981341203427,0.008682
44.73861336708069,3.450421051430193,1.2784360834657704,1.8397853962608777,0.4435559353679606,-0.12013854976509716,6.7574169038427945,0.00042336124658907596,0.008682
44.764681577682495,3.4439533771793513,1.2857120874865613,1.7194686324004058,0.4582940231304986,-0.11993893634211018,6.757616517265781,0.00042337375263817645,0.008682
44.792728900909424,3.43635386053792,1.2897543120604154,1.5925842305419438,0.5417814200981653,-0.04676127555313986,6.830794178054751,0.0004279584313896788,0.008682
44.819743633270264,3.4465404468229828,1.2826399968667788,1.560951278391334,0.471442104455838,-0.12666900519879587,6.750886448409096,0.00042295210478347973,0.008682
44.84595799446106,3.459960871813694,1.2800529732246386,1.614148677798045,0.3753753143054277,-0.21849846188206168,6.65905699172583,0.00041719886596334473,0.008682
44.87714076042175,3.4586673367860485,1.2611353638836962,1.644125125230152,-0.034310450964888085,-0.5672421864410374,6.310313267166855,0.00039534960313549654,0.008682
44.908708333969116,3.44136630761127,1.2813464850414065,1.5679829811088546,0.04476316003343553,-0.5425173779822088,6.335038075625683,0.00039689864559946724,0.00853
44.93869590759277,3.4196996029378197,1.2750406150158267,1.3930495061874708,-0.01403165409578185,-0.69405766705287,6.183497786555022,0.0003874044429178272,0.00853
44.96672320365906,3.4331200238666475,1.2645308320923716,1.345936516851777,-0.2454319188418041,-0.8911302795299054,5.986425174077986,0.00037505757900901655,0.00853
44.99318337440491,3.434251866688197,1.2837718197210433,1.3193114381109825,-0.05911942733080156,-0.7842617693333167,6.093293684274575,0.00038175303473444555,0.00853
45.02102994918823,3.4334434075284754,1.278274394490622,1.296135301702594,-0.02821288015952431,-0.7778824953823813,6.0996729582255105,0.00038215270481705733,0.00853
45.046956300735474,3.4804957429217307,1.278921150392021,1.5440575063209008,0.005129019995167954,-0.585511060177002,6.29204439343089,0.00039420503365448107,0.00853
45.07338881492615,3.4559185749152377,1.2847419536013778,1.5796301247252094,0.13383420606842053,-0.45809070000534746,6.419464753602545,0.0004021880903891372,0.00853
45.10356283187866,3.433605099359831,1.285873776467897,1.4792660985872181,0.2444156420128677,-0.39430519122051894,6.483250262387374,0.00040618433820065024,0.00853
45.13201332092285,3.428107577258793,1.2842568866606046,1.378148928558751,0.29255435336318275,-0.3868008950207264,6.490754558587167,0.00040665449243844956,0.008372
45.161651372909546,3.4693390013316376,1.2860354654493673,1.5388345942074668,0.3584465745137096,-0.24765901728327552,6.629896436324618,0.00041537191799468135,0.008372
45.187188148498535,3.438294162597231,1.287005599341021,1.4770329993290112,0.4221321057373111,-0.1894661448094331,6.68808930879846,0.0004190177796284537,0.008372
45.22294616699219,3.439426005484759,1.2816698629969425,1.4401258970786779,0.3701266083799218,-0.2643857431008261,6.6131697105070675,0.000414323966152396,0.008372
45.254456996917725,3.4922992536839734,1.278597772441053,1.711114249382827,0.2781130034005224,-0.28137905827867343,6.59617639532922,0.0004132593121285658,0.008372
45.28639507293701,3.4444384527317764,1.275687370906495,1.6321219786773682,0.16102055320174813,-0.4131818951739809,6.464373558433913,0.0004050016873399811,0.008372
45.316694259643555,3.454301656207666,1.278274394490622,1.632198090616176,0.12588510621325913,-0.44423400889278947,6.433321444715104,0.00040305623070169895,0.008372
45.3453905582428,3.4779086722819503,1.2831250638035132,1.7647779909739847,0.18909517278093113,-0.3432821773214729,6.53427327628642,0.00040938099856309553,0.008372
45.37564206123352,3.441851383149533,1.2855503985053607,1.6551631361416235,0.2772446599299558,-0.2970431628410025,6.58051229076689,0.00041227793493539046,0.008213
45.40404486656189,3.4588290286634673,1.2815081740191072,1.6737429625839082,0.26577856698608715,-0.3024778641094322,6.575077589498461,0.0004119374436002276,0.008213
45.432291746139526,3.417759301284135,1.2824783078881365,1.4561888999750172,0.27531327793407223,-0.3716339859305023,6.505921467677391,0.000407604719667391,0.008213
45.459036111831665,3.4323115647172275,1.2821549299312553,1.3855955112710716,0.2761339169183616,-0.40530075282468087,6.472254700783212,0.0004054954514952825,0.008213
45.48780918121338,3.445246911991721,1.2708367017787,1.4087974438516042,0.07183031655515007,-0.6149814824055244,6.262573971202369,0.00039235867211282784,0.008213
45.51466107368469,3.4373240115622727,1.2769808826942666,1.3805606962890722,0.04003730640762575,-0.6645625150001343,6.2129929386077585,0.0003892523538161883,0.008213
45.54092764854431,3.4646499364479233,1.2677646113933405,1.5141990502722886,-0.14904706454473202,-0.7264050986385702,6.151150354969323,0.0003853778328751216,0.008213
45.56836748123169,3.4142020816953442,1.2705133238411277,1.3245384076898603,-0.2316500287988039,-0.9145848337922109,5.962970619815682,0.00037358811967685166,0.008213
45.59387803077698,3.4559185749152377,1.2766575047465192,1.4259667556834827,-0.17825259385412445,-0.8044190866510246,6.073136366956868,0.0003804901517261968,0.008213
45.62146520614624,3.4196996029378197,1.2724535914745818,1.2936381483897113,-0.21697194919147803,-0.930841368801948,5.946714084805945,0.0003725696259203059,0.008064
45.647629499435425,3.4106448622483194,1.2829633748244673,1.1501760235008933,-0.05383159535300314,-0.9543559545696739,5.923199499038219,0.0003710964055336831,0.008064
45.67398715019226,3.453654888732923,1.2821549299312553,1.291205056135744,0.04573250561741154,-0.7280047052659577,6.149550748341936,0.0003852776153710872,0.008064
45.70201921463013,3.4481573653886395,1.2852270205433631,1.3590630202688567,0.1710371341435791,-0.5414941668709756,6.336061286736918,0.0003969627511501148,0.008064
45.72799229621887,3.4373240115622727,1.2784360834657704,1.3457465997811622,0.1358235421525898,-0.5906316551664166,6.286923798441476,0.00039388422149965266,0.008064
45.75653314590454,3.437162319724144,1.278274394490622,1.3355173891470906,0.10824719847884695,-0.628274287167857,6.249281166440036,0.0003915258600376033,0.008064
45.782312870025635,3.4258438917865672,1.2829633748244673,1.2648168053215476,0.17382180801623104,-0.6109257611328592,6.266629692475034,0.0003926127684988058,0.008064
45.80778527259827,3.4077344100788376,1.2816698629969425,1.1136621952318653,0.19630939997517782,-0.7403208306651491,6.137234622942744,0.0003845059935699839,0.008064
45.83780384063721,3.4048239580041013,1.2777893275659824,0.9915150805796529,0.1418068111290484,-0.9931011728855067,5.8844542807223865,0.00036866896555787985,0.008064
45.86743402481079,3.4087045607914677,1.2797295952717906,0.9277972838938551,0.13877695037037713,-1.112923695478834,5.76463175812906,0.0003611619235540469,0.008064
45.89451217651367,3.4064408758117066,1.284095197680616,0.8704868023493127,0.2156804398457589,-1.1605743801156794,5.716981073492214,0.00035817654415009064,0.008064
45.92566800117493,3.4251971245193658,1.2779510165407282,0.9356645298713063,0.15829336831124247,-1.0775918909670132,5.79996356264088,0.00036337550856962574,0.007913
45.95369291305542,3.39205030835031,1.2824783078881365,0.7952071589092347,0.20007363886169033,-1.37361683243726,5.503938621170633,0.00034482914832196485,0.007913
45.98334193229675,3.4091896361517313,1.273585414269659,0.793104886737392,0.06834421810955416,-1.431091142591393,5.4464643110165,0.00034122830558280164,0.007913
46.01001691818237,3.424065281813071,1.2873289773059842,0.875143175795797,0.22491411508001127,-1.1372761620499596,5.7402792915579335,0.00035963620880952553,0.007913
46.036295890808105,3.4208314455886395,1.2761724378259038,0.9144156553040642,0.13256181910830164,-1.1442035715082697,5.733351882099623,0.0003592021973010399,0.007913
46.066307067871094,3.4082194854338366,1.275687370906495,0.8711045382028971,0.05913472419719763,-1.2819995852584654,5.595555868349428,0.00035056909193157353,0.007913
46.09606146812439,3.406117492247847,1.2593567853216059,0.8289864484112593,-0.2878739831428211,-1.4485868457810982,5.428968607826795,0.00034013217627514654,0.007913
46.12837100028992,3.394152301206205,1.2889458671388967,0.7323328078549216,0.004829668477928772,-1.5606277956152392,5.316927657992654,0.0003331126602580378,0.007913
46.15690493583679,3.4287543445471518,1.281023107086408,0.8589264898567176,0.0663075849981793,-1.300322810420374,5.57723264318752,0.0003494211172607098,0.007756
46.18818378448486,3.4229334391211643,1.2792445283435259,0.9148642849129401,0.07714700418755857,-1.1867068867945367,5.690848566813357,0.00035653930750160644,0.007756
46.214733839035034,3.4282692690804413,1.2855503985053607,0.9839753751869242,0.19888094191460037,-0.9271284787160652,5.950426974891829,0.00037280224347189037,0.007756
46.24074983596802,3.421963288253836,1.292341335831975,0.9969522077943055,0.4070215347905195,-0.45932891862126596,6.418226534986628,0.00040211051432949133,0.007756
46.26729488372803,3.4145254652884653,1.2894309340914027,0.9642810500739301,0.500037019361286,-0.16700455488832325,6.710550898719571,0.000420425028410746,0.007756
46.29279851913452,3.425358816335726,1.2889458671388967,1.0022282194490166,0.5563673702308024,0.06094999507702999,6.938505448684925,0.0004347066871883926,0.007756
46.3205509185791,3.4196996029378197,1.2829633748244673,0.9970211730255808,0.4875059282426052,-0.19283531971080164,6.684720133897093,0.00041880669629490826,0.007756
46.34908628463745,3.417112534075623,1.2839335087007624,0.9788527829218737,0.4568638949910819,-0.32118936395268227,6.556366089655212,0.0004107651429989897,0.007756
46.37663817405701,3.4208314455886395,1.2663094107013046,0.9870123802923245,0.11639008546911198,-1.0259281907601285,5.8516272628477655,0.0003666123087899219,0.007756
46.40369629859924,3.44136630761127,1.292664713805854,1.1080040596523721,0.3551315942656774,-0.45305859153048017,6.424496862077413,0.0004025033587449611,0.007605
46.435630559921265,3.46367978512383,1.2925030248188467,1.3179631052126017,0.5193238209285447,-0.0322730115332344,6.845282442074659,0.0004288661405933083,0.007605
46.46438670158386,3.4169508422742276,1.289269245107099,1.2026044193663206,0.5757217902121242,0.07972299254565146,6.957278446153545,0.0004358828406984726,0.007605
46.49961256980896,3.400619971841052,1.283610130741459,1.0301740230050433,0.5127613396465911,-0.08595223325432556,6.791603220353568,0.00042550306524260015,0.007605
46.526034116744995,3.3574482791619715,1.2598418522005816,0.6671126531624636,0.03844513467075712,-1.7049680508509069,5.172587402756987,0.0003240695493683121,0.007605
46.55536389350891,3.4211548292058,1.2849036425819047,0.7706097217143387,0.16008231571875098,-1.4751864858345833,5.40236896777331,0.00033846567309321916,0.007605
46.58277630805969,3.4732196069415227,1.2941199146950066,1.1353423488323713,0.41205762100312904,-0.3009760653053143,6.576579388302579,0.00041203153331274416,0.007605
46.61289668083191,3.436515552374576,1.299293962389767,1.184603548328743,0.6820988805340721,0.31393209425617324,7.1914875478640665,0.00045055635554499434,0.007605
46.63980841636658,3.429886187313099,1.2970303165062238,1.1818700216704314,0.830152148095011,0.582587779334249,7.460143232942142,0.0004673879951132465,0.007605
46.66612958908081,3.4481573653886395,1.2873289773059842,1.2825284961431396,0.7581796660698243,0.38508492786075804,7.2626403814686515,0.0004550141761533471,0.007454
46.697524309158325,3.438455854437423,1.285873776467897,1.2985264469882494,0.6814574640138598,0.2513925111413231,7.128947964749217,0.0004466381666504173,0.007454
46.727651834487915,3.454625039946813,1.2918562688721713,1.4004966513722186,0.7360446117978899,0.2912522273753848,7.168807680983278,0.0004491354314179563,0.007454
46.75513982772827,3.4505827432925202,1.2895926230758417,1.4491828831881692,0.7332800027146751,0.26862339144765657,7.14617884505555,0.0004477177044486798,0.007454
46.78253388404846,3.4403961565427075,1.2881374222207533,1.426077113699975,0.7050033114103482,0.2386028944578274,7.116158348065721,0.00044583687998428864,0.007454
46.81021738052368,3.485993268284482,1.2815081740191072,1.6658791447617636,0.5652096230223538,0.028451815722046643,6.90600726932994,0.0004326706325954345,0.007454
46.83636784553528,3.4318264892311063,1.2727769694153632,1.5296555339024145,0.3093052610099317,-0.28488004508948106,6.592675408518413,0.00041303997060182474,0.007454
46.867900371551514,3.429239420016508,1.2824783078881365,1.4197755467152176,0.3057819637507634,-0.3330157631443126,6.544539690463582,0.00041002420320266296,0.007454
46.894022703170776,3.417597609481567,1.2831250638035132,1.2775039927738858,0.31502297305718413,-0.39882642422629394,6.478729029381601,0.0004059010768792487,0.007305
46.923470973968506,3.4308563382668087,1.2831250638035132,1.2523466301167536,0.3214916795716759,-0.40578176206799776,6.471773691539896,0.0004054653156200258,0.007305
46.949333906173706,3.4665902391281502,1.2879757332375297,1.435341802959523,0.4138246557840143,-0.17818414726322981,6.6993713063446645,0.0004197246119303736,0.007305
46.976019620895386,3.4573738017773596,1.2779510165407282,1.511698580797018,0.29699431946801186,-0.3058065169709924,6.571748936636902,0.0004117288990269113,0.007305
47.0024037361145,3.452523045663512,1.284095197680616,1.5379168310573792,0.32643259821409787,-0.26152112197113725,6.616034331636757,0.00041450343851435453,0.007305
47.02956485748291,3.452037970066772,1.2876523552714871,1.5535464568992519,0.4114296399885652,-0.154765917463481,6.722789536144413,0.0004211917954861629,0.007305
47.059112787246704,3.457535493652409,1.2821549299312553,1.5953495550547812,0.37141537035650807,-0.19347990703583118,6.684075546572062,0.0004187663120330899,0.007305
47.09014368057251,3.4593141042975013,1.2724535914745818,1.6345966053728556,0.16779562575596205,-0.39715085461487765,6.480404598993015,0.0004060060535662771,0.007305
47.11598181724548,3.4481573653886395,1.2794062173194798,1.5994371047348357,0.1511154620126377,-0.42854879158800246,6.44900666201989,0.00040403893063655107,0.007305
47.146172523498535,3.4735429907500737,1.2849036425819047,1.7173369502747582,0.23895154485807274,-0.29935643922864463,6.578199014379248,0.00041213300506216913,0.007305
47.17345309257507,3.431988181059519,1.283448441762009,1.5665837139996548,0.27409533854083495,-0.3122433034206586,6.565312150187234,0.0004113256257089946,0.007305
47.203965187072754,3.447348906102119,1.278597772441053,1.5472894987719332,0.21089111451316161,-0.39042409465585326,6.487131358952039,0.0004064274941140904,0.007146
47.23065376281738,3.445246911991721,1.283448441762009,1.5219832351022073,0.2544530372994012,-0.3523337271719032,6.525221726435989,0.0004088139068055835,0.007146
47.256901025772095,3.413878698103395,1.278597772441053,1.3281719049587415,0.19714150364414995,-0.5383584743454533,6.339196979262439,0.0003971592064991654,0.007146
47.28821516036987,3.431988181059519,1.2826399968667788,1.2941681822784297,0.23019416293803124,-0.5202733483981521,6.357282105209741,0.00039829226393438386,0.007146
47.317862033843994,3.4295628036642154,1.2912095129276595,1.2567498330035218,0.4084529831295721,-0.24556753249556057,6.631987921112333,0.00041550295232622384,0.007146
47.34827947616577,3.423903589999061,1.285873776467897,1.1987869220248046,0.43664878595567513,-0.21527365692239975,6.662281796685494,0.0004174009043261033,0.007146
47.3739333152771,3.434575250354146,1.283448441762009,1.2181221542595964,0.412483407309158,-0.25750662477289216,6.620048828835001,0.0004147549521566918,0.007146
47.40616989135742,3.4235802063719207,1.2798912842481476,1.169932114594429,0.33117739699839094,-0.46373016669862477,6.413825286909269,0.0004018347702250364,0.007146
47.43603777885437,3.4243886654419726,1.283448441762009,1.1407376676152448,0.3386534350390617,-0.47913581532782207,6.398419638280071,0.00040086958564326797,0.006987
47.46585988998413,3.443791685329134,1.2669561665630977,1.229227505987918,0.04535007992058241,-0.8160863636589928,6.0614690899489005,0.0003797591811484329,0.006987
47.493624448776245,3.4538165806011647,1.2855503985053607,1.3474488103383984,0.17662309492771439,-0.5507637377351374,6.326791715872756,0.0003963820000832144,0.006987
47.526180267333984,3.465296704003251,1.2871672883234353,1.494651596416119,0.29778249943869034,-0.30931015080952784,6.568245302798365,0.000411509391660327,0.006987
47.55287742614746,3.4243886654419726,1.2876523552714871,1.3680413048904254,0.39137457084577726,-0.2256239673502153,6.651931486257677,0.00041675244347373045,0.006987
47.58287072181702,3.4357070931942433,1.285873776467897,1.342954236163843,0.4246938973570241,-0.17872483200105865,6.698830621606834,0.0004196907373052207,0.006987
47.61128044128418,3.4403961565427075,1.2887841781549982,1.3517170607829467,0.5007003553893643,-0.04485530598650398,6.832700147621388,0.0004280778429434092,0.006987
47.6430184841156,3.4295628036642154,1.2860354654493673,1.297034047956687,0.5041487759320327,-0.0429315008202785,6.834623952787613,0.00042819837192141323,0.006987
47.670642375946045,3.4376473952394133,1.283448441762009,1.3041417517529585,0.45973340029260695,-0.12681770118204005,6.750737752425851,0.000422942788780379,0.006829
47.69997310638428,3.4070876429429333,1.289269245107099,1.1375587937791312,0.5340084957669612,0.02226383064303738,6.899819284250929,0.00043228294701761627,0.006829
47.7262749671936,3.4179209930869963,1.275525681933627,1.08176769790637,0.3372205686194838,-0.5655981823910339,6.311957271216858,0.00039545260219769906,0.006829
47.75253891944885,3.409998095091354,1.2845802646209854,0.9982358440896026,0.36337146073045395,-0.6502838959062561,6.227271557701636,0.00039014692848357595,0.006829
47.78157925605774,3.429401111840215,1.2873289773059842,1.0486894800579685,0.43143318491463845,-0.34265723840785406,6.534898215200037,0.0004094201518255442,0.006829
47.81026887893677,3.4287543445471518,1.2881374222207533,1.0803761603988504,0.49371053895031186,-0.10662054138200906,6.770934912225883,0.00042420816797366766,0.006829
47.835803508758545,3.447187214245701,1.2727769694153632,1.2060364948560174,0.25925590215949296,-0.5647242913118876,6.312831162296004,0.0003955073526477475,0.006829
47.86110734939575,3.443468301629583,1.287814044254441,1.273121252340324,0.36733278217169013,-0.3130663207827705,6.564489132825122,0.0004112740625656594,0.006829
47.887580156326294,3.443629993479211,1.2929880917802739,1.3209882989365809,0.536645140954257,0.023089631751194044,6.900645085359086,0.00043233468456638067,0.006829
47.91482090950012,3.444276760880673,1.288460800187606,1.3581260969994768,0.573212567037852,0.08564726470224819,6.96320271831014,0.0004362540043074432,0.006829
47.94847059249878,3.445408603844595,1.2871672883234353,1.3904765702369493,0.5753951299158013,0.08466311376772617,6.9622185673756185,0.0004361923459293381,0.006829
47.97400522232056,3.4724111474253476,1.291532890899645,1.5647105595072806,0.6559473189667299,0.1683144165454822,7.045869870153375,0.00044143321242118516,0.00667
48.002026319503784,3.4305329546143954,1.2918562688721713,1.4515757943786147,0.7181875102648896,0.28560238868900284,7.163157842296895,0.0004487814614345542,0.00667
48.02784848213196,3.4229334391211643,1.2946049816604945,1.3297187980782648,0.8115117457504396,0.4910913596702941,7.368646813278186,0.0004616556215097558,0.00667
48.056180477142334,3.4318264892311063,1.2852270205433631,1.2943432912239587,0.7070826022366947,0.348556128384049,7.226111581991941,0.00045272559779523694,0.00667
48.08294081687927,3.4641648607845417,1.2912095129276595,1.4511237170122209,0.7422748906386393,0.3188595507290466,7.196415004336939,0.00045086506731230916,0.00667
48.109978675842285,3.395122451771689,1.2894309340914027,1.1732751910308545,0.7347143684549697,0.5060978497024875,7.38365330331038,0.00046259579826921305,0.00667
48.143863677978516,3.4421747668431832,1.2863588434127124,1.2429266088644428,0.673812243874267,0.31906228592237185,7.196617739530264,0.0004508777689445149,0.00667
48.170878171920776,3.4391026218011342,1.2895926230758417,1.2744359911267569,0.6897173451681363,0.32945713091731704,7.207012584525209,0.00045152901994734374,0.00667
48.203633546829224,3.433766791191481,1.288460800187606,1.2665379213246064,0.6803631099875729,0.31662335391048135,7.194178807518373,0.0004507249665776352,0.00667
48.232868909835815,3.457535493652409,1.2907244459706955,1.3944435801525228,0.7147907576535304,0.30519331333611655,7.182748766944008,0.00045000885918112767,0.006511
48.260682106018066,3.3909184660636797,1.2842568866606046,1.1099984833148655,0.6218169343116305,0.295213178148885,7.172768631756776,0.00044938359030485174,0.006511
48.2908251285553,3.4303712627886305,1.2908861349562148,1.1323696248206523,0.6767352641481588,0.42303201391987505,7.300587467527766,0.0004573916120710975,0.006511
48.320900678634644,3.4358687850297205,1.2920179578586375,1.1788917763928028,0.7356659013768205,0.5039680213455747,7.3815234749534655,0.00046246236166155137,0.006511
48.34893584251404,3.4075727182944227,1.296221871554259,1.052606958990598,0.8530149149048845,0.9169843043138196,7.794539757921711,0.0004883383866141611,0.006511
48.37899470329285,3.4009433553850474,1.2944432926718632,0.9269912325848978,0.9029640994743099,1.2547523881391507,8.132307841747043,0.0005095000108059401,0.006511
48.405243158340454,3.4332817156974147,1.2852270205433631,1.0206034415813297,0.7710992498434,0.8404695599045021,7.718025013512394,0.000483544635090979,0.006511
48.430755853652954,3.437485703400696,1.2950900486272012,1.1097326109942247,0.8573304520424739,0.8205771071094045,7.698132560717296,0.000482298346200877,0.006511
48.4578070640564,3.4182443766935977,1.2939582257067817,1.0641048021512733,0.8972044869129564,0.9563994437115069,7.833954897319398,0.0004908077980456798,0.006511
48.48332190513611,3.424550357256864,1.291532890899645,1.0675662650672602,0.8812138688647411,0.9287337516127552,7.806289205220646,0.0004890745052710374,0.006511
48.51056718826294,3.4272991181549575,1.2908861349562148,1.0854204641187033,0.8583131183353455,0.8632186620045572,7.7407741156124485,0.00048496989689751104,0.006511
48.53838753700256,3.414687157085465,1.2902393790149473,1.0271165455627942,0.8305752751082577,0.9344950143551396,7.812050467963031,0.0004894354561212293,0.00635
48.56524991989136,3.4339284830234256,1.287814044254441,1.0943220256878112,0.7672563432358267,0.6832977360608649,7.560853189668757,0.00047369760919070035,0.00635
48.593794107437134,3.428107577258793,1.287814044254441,1.1086880775291659,0.7229330909251224,0.5602443351463992,7.437799788754291,0.00046598814831985377,0.00635
48.624003410339355,3.4290777281930955,1.2887841781549982,1.124190611043883,0.7094677908870305,0.5056084891936268,7.383163942801518,0.0004625651391759514,0.00635
48.65105605125427,3.4260055836041023,1.2847419536013778,1.1177957768263798,0.6268713456927296,0.28841062440518966,7.165966078013081,0.00044895740117461137,0.00635
48.68158197402954,3.465781779672863,1.2918562688721713,1.3366176227071704,0.6978343289730895,0.2989370874691022,7.176492541076994,0.00044961689822627,0.00635
48.71544003486633,3.414687157085465,1.288460800187606,1.2029545565747162,0.6860449986510333,0.3660548583674783,7.24361031197537,0.0004538219167355849,0.00635
48.74446654319763,3.42972449548851,1.2889458671388967,1.1938080112259508,0.6865729557336189,0.37524737828343696,7.252802831891329,0.0004543978404570741,0.00635
48.77261471748352,3.4402344646989786,1.2907244459706955,1.2464069870023027,0.7191376496757625,0.39870052515976706,7.27625597876766,0.0004558672116146171,0.0062
48.80041551589966,3.412261780161219,1.285873776467897,1.1261913708270799,0.6541280525380192,0.3589601484424357,7.2365156020503285,0.00045337742362811575,0.0062
48.82843565940857,3.4250354327033,1.2842568866606046,1.1137500116369181,0.57935304073077,0.13979128493118506,7.017346738539078,0.0004396461999090541,0.0062
48.85444688796997,3.4798489752546398,1.2886224891712346,1.412756936338216,0.6060349263149715,0.11444173798420672,6.9919971915921,0.00043805801673955957,0.0062
48.88348698616028,3.4462170631133953,1.2886224891712346,1.43325673967625,0.6247122462239246,0.14047895527865104,7.018034408886544,0.00043968928338010356,0.0062
48.914586544036865,3.446863830533751,1.2857120874865613,1.4512374675644562,0.5851034407296614,0.07472467541862753,6.952280129026521,0.00043556968941598455,0.0062
48.94191789627075,3.4492892084021762,1.2895926230758417,1.4774397231409366,0.6276211829669177,0.13562888294234274,7.013184336550236,0.00043938541983289825,0.0062
48.975000619888306,3.4764534450805615,1.2832867527826939,1.6482776834119472,0.5432372558615475,0.0063769164892702335,6.883932370097163,0.0004312876105042265,0.0062
49.00243163108826,3.434898634021273,1.289916001045124,1.534581119764712,0.604168512463021,0.09264379667774354,6.970199250285637,0.0004366923464344861,0.00605
49.03607392311096,3.444600144583175,1.2887841781549982,1.5094565043118622,0.6263325859635634,0.1279209091886355,7.005476362796529,0.00043890250492273645,0.00605
49.06292915344238,3.440072772855545,1.286682221376597,1.4664532158399783,0.6037986549363695,0.10176976377607526,6.979325217383968,0.0004372641005325474,0.00605
49.09464120864868,3.454463348077091,1.2849036425819047,1.51713767309839,0.555829779904681,0.02520667000651437,6.902762123614407,0.00043246731985699594,0.00605
49.1308114528656,3.454463348077091,1.2808614181091105,1.5526167931792674,0.4490808336779361,-0.12262426704104112,6.754931186566852,0.0004232055130625546,0.00605
49.15836310386658,3.4426598423858707,1.2905627569853109,1.5111888794052537,0.5499663347714323,0.017151027458889936,6.894706481066782,0.00043196262302985496,0.00605
49.1897349357605,3.427945885437438,1.2661477217361898,1.3995871589328648,0.1786349642169219,-0.5634760217527417,6.31407943185515,0.00039558555841248856,0.00605
49.21823573112488,3.46367978512383,1.273262036327539,1.5220712747089484,0.04748348744610859,-0.6171776005635623,6.2603778530443295,0.0003922210823600754,0.00605
49.249948024749756,3.42762250179561,1.2813464850414065,1.405389403253359,0.10201891692112784,-0.6492562535030104,6.228299200104882,0.00039021131166062077,0.005898
49.27732062339783,3.470470844616842,1.278274394490622,1.5642569428907769,0.08458396081681556,-0.5533895281248833,6.324165925483009,0.00039621749078794623,0.005898
49.3037223815918,3.4415279994570627,1.2826399968667788,1.5129829698069917,0.15140388295888912,-0.5149738630172827,6.36258159059061,0.000398624283812549,0.005898
49.33074069023132,3.4410429239205693,1.280699729131947,1.4743680396461827,0.16305587649935976,-0.5270092630181409,6.350546190589752,0.00039787024983476327,0.005898
49.35640096664429,3.468368849955903,1.2818315519749122,1.6007416722647714,0.19170007724449092,-0.42112586981006594,6.456429583797826,0.0004045039866575068,0.005898
49.38287854194641,3.4829211217157696,1.2821549299312553,1.7708977169654323,0.2176046764356574,-0.3261836740413589,6.551371779566534,0.000410452242762837,0.005898
49.40958642959595,3.4513912026085922,1.2761724378259038,1.713002211270968,0.12744521205724857,-0.4345900326535192,6.442965420954373,0.00040366043876830654,0.005898
49.43567895889282,3.438294162597231,1.2682496782930872,1.5989503312734619,-0.07908104321499795,-0.6793120002802255,6.198243453327667,0.00038832827874969717,0.005898
49.46188759803772,3.4450852201391413,1.2819932409530166,1.5572381014794665,0.0251310627780207,-0.6164325971663615,6.261122856441531,0.000392267757823709,0.005898
49.48789620399475,3.418729452105699,1.2727769694153632,1.3800817937947834,-0.06874973116110417,-0.8417038864317723,6.03585156717612,0.00037815420893346706,0.005898
49.515026330947876,3.4070876429429333,1.2776276385913707,1.1907168232084175,-0.04666140993668449,-1.0318692782946879,5.845686175313205,0.0003662400916749329,0.005898
49.54333853721619,3.4022368895727073,1.2776276385913707,1.0309298649743974,-0.0311995850795867,-1.2537689889228436,5.623786464685049,0.0003523377767155188,0.00575
49.56953716278076,3.4090279443646843,1.2837718197210433,0.9572030649770928,0.09084320630275196,-1.3252586467425984,5.552296806865294,0.0003478588536176134,0.00575
49.59701704978943,3.4323115647172275,1.278274394490622,1.036305426772522,0.07676096338394843,-1.1737334091550649,5.703822044452828,0.0003573521133036162,0.00575
49.62347364425659,3.451714586337091,1.2831250638035132,1.2006030410145732,0.15470827280040828,-0.8093888236173409,6.068166629990552,0.00038017879102917023,0.00575
49.6518771648407,3.4439533771793513,1.2831250638035132,1.2720409837279933,0.20927138939193282,-0.6387494128841975,6.238806040723695,0.000390869579339734,0.00575
49.680237770080566,3.427784193616377,1.2847419536013778,1.231275915761917,0.27673386464615995,-0.5728181409074949,6.304737312700397,0.000395000262097725,0.00575
49.70659422874451,3.439426005484759,1.2739087922123145,1.2680959385817079,0.12786003458046918,-0.7571703255417336,6.120385128066159,0.0003834503500812285,0.00575
49.73533248901367,3.41921452752044,1.273262036327539,1.1804054280850038,0.011941036700589013,-0.9979609000344701,5.879594553573423,0.00036836449712369186,0.00575
49.76558709144592,3.426328967240053,1.2823166189096287,1.1589615811142515,0.09470017739335625,-0.9467405521668404,5.930814901441052,0.0003715735207243571,0.00559
49.79278635978699,3.4235802063719207,1.283448441762009,1.128519713392686,0.17311938131552404,-0.8989633804275929,5.9785920731803,0.00037456682471519507,0.00559
49.81960725784302,3.449127516542213,1.2913712019135846,1.2506295788054311,0.37142746546894717,-0.3550109043039366,6.522544549303956,0.0004086461780618808,0.00559
49.8471097946167,3.470470844616842,1.27875946141647,1.4559250657772276,0.2819504326477592,-0.3744171950423457,6.5031382585655475,0.00040743034787771526,0.00559
49.872294664382935,3.4743514502766546,1.2863588434127124,1.6214171063537623,0.3568774888092317,-0.20712762260969586,6.6704278309981975,0.0004179112643187541,0.00559
49.899579763412476,3.450259359568161,1.284095197680616,1.6020117688198394,0.3683508167529598,-0.19759736281936235,6.679958090788531,0.0004185083478970752,0.00559
49.92592430114746,3.4695006932286327,1.2638840762385748,1.696446299013379,0.01052849447918516,-0.5439717217706092,6.333583731837285,0.00039680752900743405,0.00559
49.95296263694763,3.4402344646989786,1.2889458671388967,1.5982537884535108,0.21371140281333048,-0.38903567233654257,6.488519781271352,0.00040651448063752974,0.00559
49.98212647438049,3.438455854437423,1.2855503985053607,1.5195341516055016,0.2944760209526313,-0.32430518507790074,6.553250268529993,0.00041056993261986236,0.00559
50.00986695289612,3.453654888732923,1.2784360834657704,1.5497557458089624,0.22223076291892768,-0.4032425441923703,6.474312909415524,0.00040562440103098754,0.00559
50.038084506988525,3.447348906102119,1.2771425716683413,1.535509921038445,0.14824444812288406,-0.4997466941358408,6.377808759472053,0.0003995782863983602,0.00544
50.063735485076904,3.4921375617449812,1.2819932409530166,1.776975349295749,0.18425890671452874,-0.3470732563273032,6.530482197280591,0.00040914348237064153,0.00544
50.091275215148926,3.428430960902385,1.2837718197210433,1.5883608364567172,0.24166415055863544,-0.3602881911337851,6.517267262474109,0.00040831554895275746,0.00544
50.11788558959961,3.4500976677064243,1.278921150392021,1.57796466346669,0.19404294149789453,-0.42240224484288386,6.45515320876501,0.00040442402004708483,0.00544
50.14763259887695,3.447187214245701,1.288299111204112,1.5543484470035034,0.3304641979872707,-0.2594475204362144,6.618107933171679,0.00041463335243608615,0.00544
50.17473006248474,3.439911081012406,1.281023107086408,1.4969698594033203,0.29425175565472,-0.3346715369155829,6.54288391669231,0.0004099204667516122,0.00544
50.2023491859436,3.4727345312309263,1.2855503985053607,1.6410712952351107,0.35085426794162144,-0.20579923822965698,6.671756215378236,0.0004179944893846462,0.00544
50.22954773902893,3.472249455523005,1.278112705515608,1.7392191503528205,0.25584187725353713,-0.28683930953541503,6.590716144072479,0.00041291722005231275,0.00544
50.25889325141907,3.459637488055005,1.2837718197210433,1.7371207551229568,0.2917722299359453,-0.24868260835795666,6.628872845249937,0.00041530778863881345,0.00544
50.28584957122803,3.4638414770104373,1.275687370906495,1.7592525086068487,0.17058201177654686,-0.36762160036708263,6.5099338532408115,0.0004078561010129699,0.00529
50.3149938583374,3.4572121099026063,1.266471099666553,1.7375283582518515,-0.08108040368021417,-0.6028904987105923,6.274664954897302,0.00039311618848371566,0.00529
50.34299635887146,3.4606076393346283,1.283610130741459,1.7413834998166304,0.05299980392195958,-0.4868271072316503,6.390728346376244,0.00040038771587341067,0.00529
50.37163591384888,3.4586673367860485,1.2832867527826939,1.7331895006431637,0.14100229053007005,-0.40681698928434457,6.47073846432355,0.0004054004572442513,0.00529
50.39834523200989,3.459637488055005,1.2823166189096287,1.7329000003262045,0.185043055073993,-0.3623124213401947,6.5152430322676995,0.00040818872821108006,0.00529
50.428072929382324,3.4415279994570627,1.276819193720326,1.6310331100117994,0.11635939411260268,-0.4820630865722648,6.395492367035629,0.0004006861881674593,0.00529
50.45444178581238,3.46109271497844,1.27875946141647,1.66955997565322,0.10340278269832615,-0.4747976705741009,6.402757783033794,0.00040114137623972724,0.00529
50.48355984687805,3.437970778917733,1.2813464850414065,1.5667253337374876,0.14116242359768147,-0.492285045230407,6.385270408377488,0.00040004576872587774,0.00529
50.51076030731201,3.447995673530744,1.2821549299312553,1.5510194981864225,0.18222831888288005,-0.4530696656302147,6.42448578797768,0.0004025026649377365,0.005132
50.53680634498596,3.4462170631133953,1.2748789260434943,1.5300405329699904,0.07926712786974453,-0.586432572264073,6.2911228813438225,0.0003941472996843148,0.005132
50.56461715698242,3.428916036369977,1.2818315519749122,1.4182296136440402,0.13304795320376964,-0.6130788976316321,6.264476555976263,0.00039247787160474597,0.005132
50.592122077941895,3.465781779672863,1.2842568866606046,1.5469213084795328,0.21459697119681143,-0.41414106877286433,6.463414384835032,0.00040494159382550713,0.005132
50.62132406234741,3.4478339816731447,1.2818315519749122,1.5362489641038675,0.22777884353270977,-0.4029682836693477,6.474587169938548,0.0004056415838211824,0.005132
50.65304470062256,3.441851383149533,1.2832867527826939,1.495192817332544,0.2633476182575992,-0.37711137270152684,6.5004440809063695,0.0004072615540281492,0.005132
50.68443822860718,3.429239420016508,1.286682221376597,1.3956516451163132,0.34970917754218783,-0.292934564033834,6.5846208895740626,0.0004125353441699382,0.005132
50.712745666503906,3.4643265526720386,1.28118479606384,1.5229472813066984,0.31065007066455547,-0.2939127558236764,6.58364269778422,0.0004124740591402525,0.005132
50.74229288101196,3.4510678188812767,1.275687370906495,1.5376214734378568,0.1837965002865713,-0.4596037338047397,6.417951719803156,0.0004020932967890743,0.005132
50.76883792877197,3.4496125921229885,1.276334126799308,1.5397239600878063,0.1067063180013826,-0.5508340329067704,6.3267214207011255,0.0003963775959962809,0.005132
50.796419620513916,3.420993137397073,1.278274394490622,1.380529920434451,0.0878651415730046,-0.7095522331176748,6.168003220490221,0.00038643368753927117,0.00498
50.82619667053223,3.4633564013515055,1.278274394490622,1.50691577463538,0.07467631807313867,-0.6110514388580256,6.26650401474987,0.00039260489462049537,0.00498
50.857370138168335,3.444115069029865,1.2847419536013778,1.4873676136247733,0.18251731472300003,-0.494073142645476,6.383482310962419,0.00039993374202078644,0.00498
50.88436555862427,3.4737046826547955,1.2818315519749122,1.639796023164253,0.20532308400104313,-0.37662078412743005,6.500934669480465,0.00040729229006134757,0.00498
50.911882638931274,3.437809087078426,1.2861971544309725,1.5449828506959062,0.3003115153571479,-0.2962225234619603,6.581332930145935,0.00041232934909489195,0.00498
50.9392192363739,3.4391026218011342,1.289269245107099,1.485875360408773,0.42241317631214115,-0.12399072668684256,6.753564726921053,0.0004231199025301143,0.00498
50.97222900390625,3.4640031688973414,1.28118479606384,1.5842884488734228,0.3615428698035241,-0.19430953990334107,6.683245913704555,0.0004187143344194548,0.00498
51.000744104385376,3.461739482507672,1.2808614181091105,1.6404695790191566,0.31307999660713565,-0.2432352166131134,6.634320236994783,0.00041564907504937153,0.00498
51.02617359161377,3.46157779062492,1.2823166189096287,1.6788886535779792,0.30549744932794426,-0.24083238209924382,6.636723071508652,0.0004157996158595087,0.004832
51.05581259727478,3.4373240115622727,1.286682221376597,1.5696245430975395,0.3792140592914374,-0.1722513805828943,6.705304073025002,0.0004200963077326677,0.004832
51.08263397216797,3.4762917531707833,1.2860354654493673,1.7118993406866583,0.41910836866348655,-0.09244760530924057,6.785107848298656,0.00042509612145781405,0.004832
51.11341667175293,3.474674834089369,1.2847419536013778,1.8024145321417844,0.42361975013623954,-0.07796442645246578,6.799591027155431,0.0004260035120691422,0.004832
51.14562392234802,3.4500976677064243,1.2719685245644128,1.7278022504462487,0.19555820403811516,-0.3522402378280015,6.525315215779895,0.00040881976403856797,0.004832
51.170629024505615,3.467722082378019,1.287814044254441,1.774514753388888,0.3227443934867256,-0.19582480442024597,6.681730649187651,0.000418619401061943,0.004832
51.197726011276245,3.468853925642434,1.2944432926718632,1.81356752172911,0.5317747344816041,0.04503458621990615,6.922590039827803,0.0004337095654435592,0.004832
51.22341990470886,3.4326349483761125,1.2871672883234353,1.637575978986769,0.5463886471264184,0.07654700735804659,6.954102460965943,0.00043568386096001554,0.004832
51.24942994117737,3.4560802667876223,1.2850653315625666,1.6460007720763052,0.5185696038175811,0.03712999967482514,6.914685453282722,0.0004332143324778984,0.004832
51.27611303329468,3.4494509002624345,1.292664713805854,1.6146817527161412,0.6366572571096044,0.2076974257178697,7.0852528793257665,0.0004439006108509271,0.004832
51.303820848464966,3.4591524124191935,1.2850653315625666,1.6472214272175696,0.5817576308058099,0.12409950882783889,7.001654962435736,0.00043866308905666173,0.004832
51.33086133003235,3.4358687850297205,1.2897543120604154,1.5392880380706424,0.6282059454708914,0.21955824941494106,7.097113703022838,0.0004446437073887639,0.004673
51.36016321182251,3.477585288457336,1.284095197680616,1.697925520773889,0.5582807364161175,0.08547921636487044,6.963034669972767,0.00043624347585335927,0.004673
51.38623785972595,3.459475796176105,1.2837718197210433,1.7073074978961336,0.5034794313497489,0.013849256742104668,6.891404710350002,0.0004317557626590211,0.004673
51.41492223739624,3.4507444351551433,1.2844185756407276,1.6648581921850938,0.4768258352690997,-0.021850797559095927,6.8557046560488,0.00042951910629944993,0.004673
51.44451665878296,3.4488041328231733,1.2873289773059842,1.6242510811345856,0.5108512470916892,0.026307188561013932,6.90386264216891,0.00043253626882281505,0.004673
51.47151970863342,3.4727345312309263,1.289916001045124,1.7301681504469915,0.5814983063241215,0.11147545070598006,6.989030904313877,0.0004378721748568225,0.004673
51.49944186210632,3.4426598423858707,1.2949283596381636,1.6354748294926607,0.7216829620474988,0.31740383722050014,7.194959290828397,0.000450773864905469,0.004673
51.527029514312744,3.438940929959764,1.2832867527826939,1.5483120292556265,0.6090805012179449,0.1880822229792903,7.065637676587187,0.00044267169204930925,0.004673
51.55318522453308,3.4496125921229885,1.2865205323945874,1.5472073491602458,0.5887953662101798,0.15589469849240956,7.033450152100306,0.00044065510040115546,0.004673
51.58121037483215,3.454948423687143,1.2886224891712346,1.5763887158376768,0.6126445541505624,0.185430041054642,7.062985494662538,0.0004425055292889264,0.004521
51.6071457862854,3.443144917931213,1.2887841781549982,1.5305523743179756,0.6322658151448493,0.23149636516247926,7.109051818770375,0.0004453916463773924,0.004521
51.63357496261597,3.4586673367860485,1.2839335087007624,1.5856077127941053,0.5581958158226513,0.09940507900461938,6.976960532612515,0.00043711594985502094,0.004521
51.6596097946167,3.4725728393279884,1.279567906295568,1.7022100759521488,0.42732242435639517,-0.08866996896232365,6.788885484645572,0.000425332795449629,0.004521
51.68912148475647,3.4339284830234256,1.2860354654493673,1.5668874969603586,0.4527842242089529,-0.0670899812289494,6.810465472378946,0.00042668481067056094,0.004521
51.71380090713501,3.4589907205411823,1.2828016858455558,1.6128577316719357,0.41207089667912405,-0.12328288546504848,6.754272568142847,0.00042316424973353687,0.004521
51.743563413619995,3.4339284830234256,1.2829633748244673,1.504340855964205,0.38649839675643305,-0.19201252278897887,6.685542930818917,0.00041885824562736316,0.004521
51.77068090438843,3.4819509701901104,1.288299111204112,1.6979708450094888,0.4651830166682611,-0.03845588792205093,6.839099565685845,0.0004284787750817937,0.004521
51.80436420440674,3.469662385125925,1.2845802646209854,1.7645253689709572,0.4529451743646008,-0.05036351704579538,6.8271919365621,0.0004277327461210998,0.004521
51.83056855201721,3.4762917531707833,1.2853887095242944,1.8483299187980473,0.45901283165134216,-0.03886477406237535,6.83869067954552,0.00042845315781582597,0.00437
51.85592794418335,3.4526847375296827,1.28118479606384,1.7744664841082023,0.3871626285409635,-0.1295462340145081,6.748009219593387,0.0004227718425330556,0.00437
51.88301658630371,3.462062866274067,1.28118479606384,1.7754096367748922,0.3368674863637038,-0.18939502881681033,6.688160424791084,0.0004190222351409251,0.00437
51.90897274017334,3.4450852201391413,1.2729386583859548,1.6807596153304676,0.15239259454643891,-0.441701419409027,6.435854034198867,0.0004032149008350061,0.00437
51.934566259384155,3.436677244211526,1.2684113672599364,1.5673033511634715,-0.0586910463427381,-0.7382607057892477,6.139294747818646,0.000384635063160924,0.00437
51.96086263656616,3.4602842555735687,1.2819932409530166,1.6204105617933298,0.03940406058859456,-0.602124809501498,6.275430644106395,0.00039316415994125245,0.00437
51.99472761154175,3.434251866688197,1.2758490598794971,1.5114432695700695,-0.003148877525394177,-0.7338231910782655,6.143732262529627,0.0003849130794186941,0.00437
52.023815870285034,3.438132470757335,1.276819193720326,1.4569513557802354,-0.01537495870696029,-0.7985322951478566,6.0790231584600365,0.0003808589671218806,0.00437
52.054980754852295,3.4507444351551433,1.2803763511780242,1.4896088927039683,0.04045702870750292,-0.7079111048947196,6.169644348713174,0.00038653650642704563,0.00437
52.086052894592285,3.4591524124191935,1.278597772441053,1.559670425209051,0.04734429762983187,-0.6390453511907498,6.238510102417144,0.00039085103840728045,0.004211
52.12030339241028,3.438294162597231,1.2794062173194798,1.4916180810301218,0.06679953232435863,-0.6762781559451556,6.201277297662738,0.00038851835317279854,0.004211
52.149240493774414,3.4357070931942433,1.2824783078881365,1.4294579794616296,0.13602795367087164,-0.650170630005671,6.227384823602223,0.0003901540247444032,0.004211
52.18156123161316,3.4641648607845417,1.2816698629969425,1.5457039987785888,0.1698537019334289,-0.5013264397408606,6.376229013867033,0.00039947931321405745,0.004211
52.211602210998535,3.4630330175803667,1.2816698629969425,1.6207221963582574,0.193531725717219,-0.42137786067721894,6.456177592930675,0.0004044881990911683,0.004211
52.24338722229004,3.4856698844300755,1.278921150392021,1.8003152690370874,0.16035024410889095,-0.37276304725692483,6.504792406350969,0.00040753398245856824,0.004211
52.26957154273987,3.435222017689578,1.2740704811838428,1.642822862243025,0.049318329418911545,-0.5758987873699044,6.30165666623799,0.0003948072554584745,0.004211
52.29519581794739,3.4478339816731447,1.2773042606425504,1.6033800517383154,0.03013257393593993,-0.6244867500324276,6.253068703575466,0.0003917631543271189,0.004211
52.32186532020569,3.45478673181683,1.2805380401549187,1.6148018911689732,0.07523913086920103,-0.5672296680630118,6.310325785544882,0.0003953503874286965,0.004063
52.34952998161316,3.4557568830431484,1.2818315519749122,1.6282434776355241,0.13022835530338517,-0.4945748037208952,6.382980649886999,0.0003999023122805059,0.004063
52.37883162498474,3.4567270342801226,1.2760107488526335,1.6430988870870316,0.06335495801860618,-0.5607534141782309,6.316802039429664,0.0003957561334344416,0.004063
52.40907526016235,3.444115069029865,1.2876523552714871,1.5826957923409335,0.2272752918517237,-0.39645680995925947,6.481098643648636,0.0004060495363962953,0.004063
52.435609340667725,3.4538165806011647,1.2753639929608929,1.5948766107855041,0.11958049664244708,-0.5301143288277723,6.347441124780123,0.0003976757132906057,0.004063
52.46532607078552,3.4494509002624345,1.2847419536013778,1.5788948398125822,0.21395023972152397,-0.4172906082800829,6.460264845327813,0.00040474427094445184,0.004063
52.493345499038696,3.4866400359968743,1.279567906295568,1.7764824202316352,0.1863505210856127,-0.3522352941205659,6.52532015948733,0.0004088200737684799,0.004063
52.520482301712036,3.465296704003251,1.2797295952717906,1.7949751233413784,0.1699575473399668,-0.36264695561339716,6.514908497994499,0.0004081677691894681,0.004063
52.54859161376953,3.449127516542213,1.2776276385913707,1.7171483657695183,0.12043368501407188,-0.45385287468325847,6.423702578924638,0.00040245359583844097,0.004063
52.57579255104065,3.454948423687143,1.2726152804449056,1.6953474274641733,-0.004964724791018971,-0.5974987313991139,6.280056722208782,0.00039345398994880033,0.00391
52.6013286113739,3.4809808186751763,1.2824783078881365,1.8262291445741108,0.08579297369009928,-0.43547558977954404,6.442079863828352,0.0004036049574247498,0.00391
52.62809157371521,3.4656200877826957,1.2871672883234353,1.8316132635457611,0.23420141457236782,-0.2780570460315198,6.599498407576376,0.00041346744065846907,0.00391
52.65562701225281,3.477261904633913,1.2803763511780242,1.9007377451949456,0.21516049000303258,-0.277352454523413,6.600202999084482,0.00041351158426296356,0.00391
52.68215298652649,3.46481162833631,1.2850653315625666,1.879230701081228,0.2867098938312056,-0.20759380118792056,6.669961652419975,0.0004178820576045883,0.00391
52.709944009780884,3.468853925642434,1.2824783078881365,1.8868686851137488,0.28996520672566317,-0.20235069991855362,6.675204753689341,0.0004182105449424245,0.00391
52.74032139778137,3.4560802667876223,1.2863588434127124,1.8205056663651986,0.36248783066375373,-0.13263580017715038,6.7449196534307445,0.0004225782770626031,0.00391
52.76689291000366,3.484538040949045,1.285873776467897,1.9338096805455132,0.404473179229613,-0.07207778323881059,6.8054776703690845,0.0004263723181742886,0.00391
52.79991579055786,3.426652350877179,1.2873289773059842,1.6881599902023023,0.4602043878640417,-0.016757458256286932,6.860797995351608,0.0004298382108488986,0.00391
52.825859785079956,3.4695006932286327,1.288299111204112,1.7567500539811078,0.5167772104435845,0.05987668862436421,6.937432142232259,0.00043463944309730885,0.00376
52.853588819503784,3.473866374559814,1.2886224891712346,1.8292714480818744,0.562231845113947,0.10942601817435187,6.986981471782247,0.0004377437751556146,0.00376
52.88022780418396,3.431179721920398,1.2879757332375297,1.6403992812904507,0.582342771663604,0.17267995073564923,7.050235404343544,0.0004417067190026315,0.00376
52.90734148025513,3.4305329546143954,1.2803763511780242,1.5045578996268305,0.45885943996689127,-0.026811213002001993,6.850744240605893,0.00042920832960838696,0.00376
52.935394287109375,3.431179721920398,1.2832867527826939,1.4130997973719233,0.4251040357615209,-0.11604229175330842,6.7615131618545865,0.00042361788265621525,0.00376
52.96408677101135,3.4507444351551433,1.2894309340914027,1.4589128018181607,0.512694770040983,0.09041555185940023,6.9679710054672945,0.0004365527439033085,0.00376
52.992228984832764,3.46109271497844,1.2907244459706955,1.5490757599176694,0.5974229196909161,0.22894614944188058,7.106501603049775,0.0004452318719366694,0.00376
53.021926403045654,3.4623862500416474,1.2895926230758417,1.619451562939563,0.6362448182398001,0.26368425643750015,7.141239710045395,0.0004474082610053158,0.00376
53.04972791671753,3.450906127018062,1.287005599341021,1.6042667541473503,0.6165908763455784,0.23897847435634104,7.116533927964236,0.00044586041056946516,0.00376
53.08017039299011,3.4475105979588325,1.2886224891712346,1.5745753432723357,0.6321014112453401,0.27696202005332954,7.154517473661224,0.00044824013073250634,0.00361
53.106980085372925,3.4585056449089255,1.2876523552714871,1.6155160745505666,0.6253978091104268,0.24843554851749178,7.125991002125387,0.00044645290896980417,0.00361
53.13753604888916,3.468368849955903,1.2844185756407276,1.699545296697841,0.5621686997015769,0.1290593736866889,7.006614827294584,0.0004389738312528938,0.00361
53.169488191604614,3.4638414770104373,1.286682221376597,1.7329496877092676,0.5588839345529696,0.11855630389315867,6.996111757501053,0.0004383157998210499,0.00361
53.20170283317566,3.473057915037693,1.291532890899645,1.8080726083673015,0.644389482212745,0.21297372548680313,7.090529179094697,0.0004442311781193579,0.00361
53.229777812957764,3.453008121262913,1.2907244459706955,1.7481017997118846,0.6896092182111588,0.2880946618397474,7.165650115447642,0.00044893760569543885,0.00361
53.2562460899353,3.4737046826547955,1.283610130741459,1.8223099534252192,0.5924825392459153,0.14626607844423667,7.023821532052131,0.00044005185442054864,0.00361
53.2828323841095,3.4771002127226476,1.2871672883234353,1.8933177114072985,0.5888841104614431,0.13039079649480376,7.007946250102698,0.0004390572466803864,0.00361
53.31088042259216,3.4512295107447866,1.2902393790149473,1.7977884909434478,0.6419749695965393,0.2129132711896834,7.090468724797578,0.00044422739057643225,0.00361
53.34390330314636,3.4641648607845417,1.2850653315625666,1.803535356815864,0.5854800295466657,0.14081729828458328,7.018372751892478,0.00043971048102393775,0.003452
53.37762188911438,3.4585056449089255,1.2805380401549187,1.7757880840310347,0.46398234979670105,-0.015755491391980566,6.8617999622159145,0.0004299009854189377,0.003452
53.40446209907532,3.4669136229123425,1.2831250638035132,1.803566253890824,0.42576324328934045,-0.06456431446470037,6.812991139143195,0.00042684304708619084,0.003452
53.43469309806824,3.4494509002624345,1.281023107086408,1.7249775899863085,0.36096108736616883,-0.16407537121339455,6.713480082394501,0.00042060854570289373,0.003452
53.45968413352966,3.4562419586603035,1.2845802646209854,1.7080896162626455,0.3799898238531402,-0.1405559370118942,6.736999516596001,0.00042208206985040546,0.003452
53.48538374900818,3.4856698844300755,1.278274394490622,1.8614724629701573,0.2791635956692322,-0.23294013917348963,6.644615314434406,0.0004162940754808369,0.003452
53.5140917301178,3.454139964338536,1.2808614181091105,1.7918357131544127,0.2554145047131353,-0.2827964561606805,6.594758997447215,0.0004131705102471994,0.003452
53.53966450691223,3.4699857689214006,1.28118479606384,1.8320462099270374,0.2446437996842187,-0.28173441980496194,6.595821033802934,0.0004132370482515698,0.003452
53.56593608856201,3.4507444351551433,1.2824783078881365,1.7521752906067283,0.2605189408227723,-0.29109080878766597,6.5864646448202295,0.0004126508579129158,0.003452
53.59355664253235,3.4665902391281502,1.2800529732246386,1.785221865302502,0.22772909976228037,-0.3190824202431208,6.558473033364775,0.0004108971458527528,0.003293
53.621779918670654,3.4638414770104373,1.2802146622012642,1.7929232857325301,0.20770304032673917,-0.33994745119294173,6.537608002414954,0.0004095899236347463,0.003293
53.64883589744568,3.452361353797636,1.2853887095242944,1.7338664080637878,0.28734333782485244,-0.26228495325684054,6.6152705003510555,0.00041445558345821397,0.003293
53.674588441848755,3.4619011743907215,1.2606502970015316,1.746081866997275,-0.10471332155802096,-0.6889534101250122,6.188602043482884,0.00038772423147115175,0.003293
53.70112729072571,3.433605099359831,1.278921150392021,1.5957823181776591,-0.048421288983764965,-0.7579667465889534,6.119588707018943,0.00038340045323274967,0.003293
53.72812366485596,3.458182261155569,1.2705133238411277,1.628545523966096,-0.16121198590611893,-0.827291964437487,6.05026348917041,0.0003790571352066377,0.003293
53.7535924911499,3.446863830533751,1.2742321701555053,1.5879396165673483,-0.1728484023746303,-0.8723968553259105,6.005158598281986,0.0003762312532009074,0.003293
53.77990365028381,3.4670753148048843,1.278921150392021,1.6729800432643898,-0.09611584555538882,-0.7356441876334379,6.141911265974459,0.00038479899153828046,0.003293
53.8062698841095,3.4981201636867434,1.2857120874865613,1.906789959751319,0.08052377648416068,-0.4237398873299325,6.453815566277964,0.0004043402149483519,0.003293
53.83426284790039,3.46157779062492,1.2803763511780242,1.8653129200904879,0.10758614334129699,-0.41515766512762337,6.462397788480272,0.0004048779026982387,0.003293
53.86562705039978,3.4481573653886395,1.2792445283435259,1.7609385250371774,0.1060419950277329,-0.47013629941415797,6.407419154193738,0.000401433417404742,0.003293
53.89200448989868,3.473057915037693,1.2769808826942666,1.8276647944968427,0.06398548133843239,-0.4784998501927593,6.399055603415136,0.0004009094297133024,0.003135
53.92040467262268,3.4513912026085922,1.281023107086408,1.7527391655429627,0.10771665400052782,-0.47296408848495936,6.404591365122936,0.00040125625262075115,0.003135
53.948699712753296,3.422771747309209,1.2792445283435259,1.5396254417475554,0.10613335248919449,-0.6384055815857756,6.23914987202212,0.0003908911208324655,0.003135
53.97568202018738,3.467398698590858,1.2777893275659824,1.6409755540918327,0.0786835778888614,-0.5832447054524785,6.294310748155417,0.00039434702382247613,0.003135
54.00315761566162,3.461739482507672,1.2798912842481476,1.680150552672042,0.09751751640418599,-0.5312449431195435,6.346310510488352,0.0003976048787864177,0.003135
54.031768798828125,3.463518093237519,1.2824783078881365,1.7175579337632003,0.15753054252675214,-0.4330978544343134,6.444457599173582,0.0004037539257382548,0.003135
54.060654640197754,3.478878823762936,1.2815081740191072,1.8299761814716715,0.1819786848038446,-0.34784801030329887,6.529707443304597,0.0004090949429932811,0.003135
54.088701486587524,3.4649733202249937,1.2779510165407282,1.8306053230514243,0.13470213978189843,-0.4011002267429822,6.476455226864914,0.0004057586200970699,0.003135
54.118767499923706,3.4669136229123425,1.2719685245644128,1.8419383212050893,-0.006684123209927623,-0.5406854456954282,6.336870007912468,0.0003970134186181571,0.002983
54.15150022506714,3.473057915037693,1.2792445283435259,1.8843646518143775,0.026052808441881042,-0.48657962356449047,6.390975830043406,0.00040040322105761505,0.002983
54.17783451080322,3.469015617538538,1.2760107488526335,1.8913701672451,-0.009567924784450727,-0.5164608308942195,6.361094622713677,0.00039853112327754365,0.002983
54.20871567726135,3.465781779672863,1.2766575047465192,1.8781196960002762,-0.022795121044073222,-0.5357095831541708,6.341845870453725,0.0003973251630906825,0.002983
54.23720836639404,3.454948423687143,1.2868439103587415,1.808027358625699,0.1523360894377176,-0.39065436030048534,6.486901093307411,0.0004064130676621275,0.002983
54.265119314193726,3.4340901748556636,1.2853887095242944,1.6418673110914552,0.24858647220253063,-0.3479773618172224,6.529578091790674,0.0004090868389471698,0.002983
54.29090714454651,3.4670753148048843,1.2832867527826939,1.7107294294312687,0.27791295832647245,-0.27037461021567727,6.607180843392219,0.0004139487555825174,0.002983
54.31774282455444,3.4699857689214006,1.287814044254441,1.775271811320844,0.38039272148857173,-0.10429841463078446,6.773257038977111,0.0004243536523340568,0.002983
54.34272027015686,3.455271807428658,1.2803763511780242,1.737849272301816,0.31749440484437935,-0.20321747418893926,6.674337979418956,0.00041815624037000524,0.002983
54.37162780761719,3.4458936794049895,1.2821549299312553,1.659005942084917,0.3056607057555793,-0.249275408852985,6.62828004475491,0.00041527064889146256,0.002832
54.401960372924805,3.4751599098106696,1.2823166189096287,1.7681123031602075,0.3003039457318441,-0.2183899694984368,6.659165484109458,0.000417205663156922,0.002832
54.43159198760986,3.4403961565427075,1.2821549299312553,1.649327707680407,0.2936273843768006,-0.2732242845798262,6.604331169028068,0.00041377021965549864,0.002832
54.457815408706665,3.446863830533751,1.2813464850414065,1.602487145167361,0.2743196447726203,-0.3302128955722832,6.547342558035611,0.0004101998066212775,0.002832
54.48431968688965,3.4500976677064243,1.2761724378259038,1.5878530795641548,0.16714568989312395,-0.5148889919485281,6.362666461659366,0.000398629601099018,0.002832
54.513880252838135,3.4573738017773596,1.2815081740191072,1.6184564744202636,0.18870928796029682,-0.4578705312300622,6.419684922377831,0.0004022018842586721,0.002832
54.541791915893555,3.438294162597231,1.2829633748244673,1.5327683154779705,0.2301452706532513,-0.4592971124786052,6.418258341129288,0.00040211250702705564,0.002832
54.570457458496094,3.4179209930869963,1.283448441762009,1.3584143630955634,0.2679309465974559,-0.5927800772838265,6.284775376324067,0.00039374961996791814,0.002832
54.596721172332764,3.452199661932056,1.286682221376597,1.4288024457711197,0.3529175073800889,-0.2773740686509555,6.600181384956938,0.0004135102301088377,0.002683
54.626354932785034,3.4450852201391413,1.2829633748244673,1.4381345816278295,0.34509102424710847,-0.2910170418580371,6.586538411749856,0.0004126554795101516,0.002683
54.661314725875854,3.460122563693483,1.2760107488526335,1.5290847065901592,0.21375882627921247,-0.4923652358967156,6.385190217711179,0.00040004074467290954,0.002683
54.68854904174805,3.455271807428658,1.2771425716683413,1.5655182989903282,0.1423140924750861,-0.5733549746599865,6.304200478947908,0.00039496662874197695,0.002683
54.71722459793091,3.4500976677064243,1.2889458671388967,1.5619748872402228,0.3059613214104625,-0.29394044014327747,6.583615013464617,0.00041247232468043975,0.002683
54.74408769607544,3.438455854437423,1.278112705515608,1.4941389207562,0.22441681468173255,-0.5080915987890386,6.369463854818855,0.0003990554669117253,0.002683
54.77012825012207,3.4771002127226476,1.2849036425819047,1.6635979885389818,0.2902624917264418,-0.2692385487982135,6.60831690480968,0.0004140199313564473,0.002683
54.80192160606384,3.4861549602121324,1.2860354654493673,1.8330514739443138,0.3568422713679883,-0.12188560065994675,6.755669852947946,0.0004232517915036162,0.002683
54.83054065704346,3.4767768289010093,1.286682221376597,1.8990213423691436,0.4151554347194602,-0.03980120783894721,6.837754245768945,0.00042839448898176693,0.002683
54.86483573913574,3.4709559203149567,1.2680879893263715,1.9125224501813105,0.11938928352113116,-0.3822820291674928,6.495273424440399,0.00040693760545456453,0.002683
54.89170050621033,3.4701474608195837,1.2863588434127124,1.9174346424756892,0.2430846844205907,-0.24355211817857458,6.634003335429318,0.000415629220740586,0.002532
54.92738699913025,3.4670753148048843,1.2832867527826939,1.9036265614002326,0.2740617068791199,-0.21098706345614246,6.666568390151751,0.0004176694651651516,0.002532
54.95359659194946,3.4858315763571293,1.284095197680616,1.9992560413583673,0.3103797694018815,-0.14971518827135685,6.727840265336536,0.0004215082304549371,0.002532
54.98789620399475,3.4638414770104373,1.2850653315625666,1.9427472089716378,0.3533633894104065,-0.10931306990238134,6.768242383705512,0.0004240394774448633,0.002532
55.01983284950256,3.4695006932286327,1.2832867527826939,1.9349611071196393,0.3512568003719883,-0.11284064211250422,6.764714811495389,0.0004238184703071416,0.002532
55.04890561103821,3.431988181059519,1.2816698629969425,1.7189206237910624,0.3205138946242039,-0.20089938363263926,6.6766560699752535,0.00041830147185735987,0.002532
55.074936389923096,3.4513912026085922,1.2873289773059842,1.6766182460489056,0.4014328886402634,-0.07617615124963038,6.801379302358262,0.0004261155499128756,0.002532
55.105106592178345,3.4486424409640963,1.278274394490622,1.631575402428961,0.29417374102021177,-0.28088029038266155,6.59667516322523,0.00041329056060726983,0.002532
55.13281989097595,3.420184678357839,1.2860354654493673,1.4402873494598383,0.3595801458736259,-0.2520098630080681,6.625545590599824,0.0004150993316653226,0.00238
55.16102862358093,3.457050418028149,1.2891075561229304,1.5133450303523153,0.4609743882303348,0.0416809842719584,6.91923643787985,0.0004334994577764651,0.00238
55.18872904777527,3.4450852201391413,1.287005599341021,1.4973143908346638,0.4939015753389461,0.1282730003551791,7.005828453963071,0.00043892456390730127,0.00238
55.22001028060913,3.451714586337091,1.2881374222207533,1.5233093158580773,0.5374384122473272,0.2231718709788201,7.100727324586712,0.00044487010563409234,0.00238
55.24704432487488,3.408542869005298,1.2818315519749122,1.2991455325877637,0.4537678522680708,0.049804913881411554,6.927360367489303,0.00043400843287976296,0.00238
55.280266523361206,3.447995673530744,1.2863588434127124,1.3637136373816217,0.47714968254344176,0.1299649041332978,7.007520357741189,0.0004390305639518162,0.00238
55.309943199157715,3.433766791191481,1.2776276385913707,1.329032273703024,0.33546817965650033,-0.47129466941909604,6.406260784188795,0.0004013608439678381,0.00238
55.33853197097778,3.438132470757335,1.2853887095242944,1.3292636586732918,0.37677893535567186,-0.3060722324079332,6.5714832211999585,0.0004117122515978385,0.00238
55.367218255996704,3.4421747668431832,1.2766575047465192,1.352118536214149,0.2476476810540099,-0.6937364961418395,6.183818957466052,0.00038742456470684756,0.002222
55.39444828033447,3.4457319875512296,1.2622671866134012,1.388086710443119,-0.10323199102425665,-1.109539095224302,5.768016358383589,0.00036137397330668954,0.002222
55.42098379135132,3.440881232075662,1.2847419536013778,1.3860329417607307,0.05798149835482198,-0.9601336260949562,5.917421827512935,0.0003707344266511998,0.002222
55.4554648399353,3.43554540135906,1.28118479606384,1.354640665696917,0.10644069523339265,-0.9551018074436687,5.922453646164222,0.00037104967684918714,0.002222
55.48601508140564,3.451714586337091,1.2824783078881365,1.4234377082616512,0.1637767677071901,-0.7371712058329503,6.14038424777494,0.00038470332179676357,0.002222
55.51358723640442,3.438617546277908,1.2794062173194798,1.3980706117771184,0.14830226137851207,-0.8076699526267984,6.069885500981092,0.0003802864806057697,0.002222
55.53977966308594,3.433605099359831,1.2802146622012642,1.3521744395235527,0.15210425345810671,-0.8901490064530595,5.987406447154831,0.0003751190570854722,0.002222
55.57156682014465,3.4709559203149567,1.2797295952717906,1.5297296181893862,0.14598516000072198,-0.6210840866511194,6.256471366956772,0.0003919763357589192,0.002222
55.59896492958069,3.4486424409640963,1.2721302135343355,1.528753362927301,0.004140820128719539,-0.8165966780326764,6.060958775575215,0.00037972720926739167,0.002222
55.630805253982544,3.440881232075662,1.280699729131947,1.4844995984996578,0.05997173251823302,-0.8052064797524032,6.0723489738554886,0.0003804408204906523,0.002222
55.6584358215332,3.448965824682545,1.2803763511780242,1.4989077819667187,0.09319971256514226,-0.7397239931073972,6.137831460500495,0.0003845433862447376,0.002063
55.68918967247009,3.4332817156974147,1.2798912842481476,1.4209450261486076,0.1076788106775759,-0.8340884999218721,6.0434669536860195,0.00037863132312842743,0.002063
55.71887731552124,3.4080577936485446,1.2764958157728465,1.2247673817980096,0.05635076452600512,-1.30912837264141,5.568427080966481,0.00034886943695862626,0.002063
55.75003981590271,3.42131652101482,1.2773042606425504,1.1618757478884945,0.035055278510901414,-1.4746656315586082,5.402889822049283,0.00033849830531329744,0.002063
55.77960014343262,3.453654888732923,1.2797295952717906,1.2993948632070573,0.06405087753767023,-1.1271890145460415,5.75036643906185,0.0003602681821511966,0.002063
55.81024217605591,3.4497742839838383,1.2818315519749122,1.3738730493464835,0.12239657797130557,-0.8939623651911479,5.983593088416743,0.00037488014503786265,0.002063
55.83597803115845,3.445408603844595,1.273262036327539,1.4014994368798541,0.008116617074178503,-0.9927287884540466,5.884826665153844,0.00036869229594275256,0.002063
55.869704723358154,3.4154956160748586,1.2797295952717906,1.2529104068292412,0.04519381453196821,-1.2511078277321785,5.626447625875713,0.0003525045020389798,0.002063
55.894731521606445,3.4169508422742276,1.283448441762009,1.1570675304979696,0.13846492731255913,-1.4618744200022538,5.415681033605638,0.00033929969190035314,0.001904
55.922807693481445,3.4478339816731447,1.2761724378259038,1.2633513195167732,0.07204738767109052,-1.2030530199730232,5.674502433634868,0.0003555152002994267,0.001904
55.94883418083191,3.4208314455886395,1.2842568866606046,1.1861613559087592,0.17189657532392935,-1.339633520352293,5.537921933255598,0.0003469582484755064,0.001904
55.977354764938354,3.4172742258773114,1.2821549299312553,1.1121586270282136,0.20374222509126158,-1.629699256136689,5.247856197471203,0.0003287852404693519,0.001904
56.00301122665405,3.437485703400696,1.273262036327539,1.1738212408070385,0.06505857005814905,-1.4387664369802313,5.43878901662766,0.0003407474380787485,0.001904
56.02878737449646,3.4313414137476337,1.2805380401549187,1.1824918524295953,0.09968732815474339,-1.399340275552097,5.478215178055795,0.00034321754005528114,0.001904
56.054792165756226,3.405955800466356,1.2790828393677063,1.0460498523952264,0.09758599510493653,-1.807349939672594,5.0702055139352975,0.0003176551864991149,0.001904
56.084912061691284,3.434575250354146,1.2739087922123145,1.1112062055188916,0.0024565259016221547,-1.6044555819358204,5.273099871672072,0.00033036679056907875,0.001904
56.111696004867554,3.4340901748556636,1.2753639929608929,1.1540925039166883,-0.03779263952261733,-1.5092266766343612,5.368328776973531,0.0003363330094117865,0.001904
56.13805150985718,3.4698240770235143,1.2839335087007624,1.384718246832485,0.08915489755542745,-0.9141351327907445,5.963420320817147,0.0003736162940486985,0.001904
56.16571354866028,3.433766791191481,1.276334126799308,1.343735500318622,0.04045719608957923,-1.0554112644414517,5.8221441891664405,0.0003647651546177552,0.001904
56.191752433776855,3.4562419586603035,1.2794062173194798,1.441220153495264,0.06197856124618446,-0.8551344180929458,6.022421035514947,0.00037731276808301503,0.001743
56.221511125564575,3.437162319724144,1.2808614181091105,1.4023488767469585,0.10338498061699922,-0.8602700061541516,6.017285447453741,0.0003769910165920979,0.001743
56.24756622314453,3.4428215342340227,1.284095197680616,1.4069090542516012,0.1909060610183957,-0.692639637966697,6.184915815641196,0.00038749328434498266,0.001743
56.27876567840576,3.4664285472364997,1.2845802646209854,1.5426277832607695,0.260951305409703,-0.37098327572954853,6.506572177878344,0.000407645487535611,0.001743
56.30673265457153,3.4082194854338366,1.2748789260434943,1.3108530277725892,0.13437321843852063,-1.006870804286726,5.870684649321166,0.00036780627965318487,0.001743
56.33526873588562,3.4494509002624345,1.2719685245644128,1.380078331703541,-0.0069143681502853915,-1.0411674530076593,5.836388000600233,0.00036565754853847964,0.001743
56.36306071281433,3.4486424409640963,1.2790828393677063,1.4239974623872058,0.022964807691423072,-0.933766044012567,5.943789409595325,0.00037238639108950355,0.001743
56.39056038856506,3.4274608099751367,1.2857120874865613,1.3358300184345693,0.1638802337569156,-0.8942884024490019,5.98326705115889,0.00037485971836567663,0.001743
56.41971445083618,3.373779141750464,1.286682221376597,0.9727511221930155,0.28008200839171604,-2.4205842437120895,4.456971209895802,0.00027923523356388825,0.001743
56.4481303691864,3.408542869005298,1.2792445283435259,0.9137547970222146,0.2267891005630276,-2.416840134256472,4.46071531935142,0.00027946980705092513,0.001743
56.475202560424805,3.356154745617627,1.2805380401549187,0.5783574711489501,0.21289869950815166,-2.7850489445063635,4.092506509101529,0.00025640103045615476,0.001584
56.50465369224548,3.3893015485360984,1.2873289773059842,0.5296610488781247,0.3261022520590215,-2.9894344948581137,3.888120958749779,0.0002435960011656718,0.001584
56.53161978721619,3.368443315035496,1.2876523552714871,0.37847822798199215,0.4111983976800131,-3.132738942493915,3.7448165111139775,0.00023461778501352788,0.001584
56.558619260787964,3.298915904682908,1.2828016858455558,-0.11766730314996257,0.3829608181088782,-3.1135788225826087,3.763976631025284,0.00023581819226468236,0.001584
56.589637994766235,3.303281577729532,1.2802146622012642,-0.4404608719951238,0.3163652431693617,-3.0768730589666213,3.8006823946412713,0.0002381178576638427,0.001584
56.61718249320984,3.323493029727502,1.2916945798858406,-0.5529519894877742,0.47755322772425174,3.1057560931882198,3.700126239616527,0.00023181787946962017,0.001584
56.64482140541077,3.3451597112357994,1.2900776900299682,-0.5100619277422245,0.5611165222224939,3.0536775198375454,3.6480476662658528,0.0002285550868895466,0.001584
56.67802286148071,3.311689541219048,1.281023107086408,-0.6679359298796279,0.4557083826193735,3.120410673280881,3.7147808197091883,0.0002327360085986281,0.001584
56.706825971603394,3.3437044861968244,1.2908861349562148,-0.5987201242063933,0.5604592779635789,3.0584590182437226,3.65282916467203,0.0002288546541879105,0.001436
56.733598947525024,3.3424109528484083,1.2829633748244673,-0.5575307829607431,0.49037026365554875,3.098335376622967,3.6927055230512744,0.00023135296160820145,0.001436
56.75999307632446,3.337075127980667,1.2871672883234353,-0.5586528492402306,0.5174055175481811,3.0821458260381247,3.676515972466432,0.00023033866451585864,0.001436
56.78601932525635,3.3158935232529845,1.279567906295568,-0.6783489836397867,0.39876921556426603,-3.1304130763449853,3.747142377262908,0.00023476350365220631,0.001436
56.81305480003357,3.3015029701669816,1.2797295952717906,-0.8429229126422267,0.31865063347503214,-3.090105822063066,3.7874496315448276,0.000237288807279643,0.001436
56.838895082473755,3.3186422808410865,1.283610130741459,-0.8619068715927912,0.332811529930632,-3.0978321288553867,3.779723324752507,0.0002368047437799844,0.001436
56.86704969406128,3.3346497531441934,1.2849036425819047,-0.7853318403164244,0.3661387924006701,-3.1138018285469933,3.7637536250609003,0.0002358042206414391,0.001436
56.893065452575684,3.324301487900269,1.2790828393677063,-0.78982309156349,0.28410202007708657,-3.070235273392492,3.8073201802154015,0.00023853372384691874,0.001436
56.922600746154785,3.3471000113240272,1.278274394490622,-0.6649791147385063,0.21204213302597996,-3.024289724034664,3.8532657295732298,0.00024141227423505425,0.001436
56.949885845184326,3.315731831632726,1.2815081740191072,-0.7536850845581695,0.2201367981533014,-3.0342877758232665,3.843267677784627,0.00024078588285963417,0.001284
56.97654700279236,3.3191273557181473,1.2818315519749122,-0.7967172466337599,0.2316567224022581,-3.042829920221003,3.8347255333868904,0.0002402507060380423,0.001284
57.00750017166138,3.3115278496062106,1.276334126799308,-0.869502368131621,0.14020847348235935,-3.000045757640694,3.8775096959671997,0.00024293119129772326,0.001284
57.03408861160278,3.3264034791829546,1.2616204307670575,-0.8369421638982043,-0.19014675246263735,-2.8332887007358245,4.044266752872069,0.000253378744925593,0.001284
57.0654730796814,3.3003711290087394,1.281023107086408,-0.9602921432797297,-0.07017590966021832,-2.9062823347471016,3.971273118860792,0.00024880559569892514,0.001284
57.09150004386902,3.3335179115759406,1.2798912842481476,-0.8605555372556379,-0.006684124880173833,-2.925869514276069,3.9516859393318247,0.00024757843258903445,0.001284
57.11713981628418,3.3297990036649283,1.2726152804449056,-0.8116173632606494,-0.09394719171698696,-2.8763696802906344,4.001185773317259,0.00025067966368373104,0.001284
57.14905285835266,3.3328711449718225,1.2797295952717906,-0.7601140522116206,-0.026250851621847607,-2.904180685260958,3.973374768346935,0.00024893726686247886,0.001284
57.17758131027222,3.3209059636227165,1.2758490598794971,-0.7912326577668974,-0.049107316072706374,-2.8963229396551102,3.981232513952783,0.00024942956518037306,0.001284
57.208640575408936,3.3247865628073634,1.2847419536013778,-0.7912305183100192,0.09586877082091387,-2.9719196088248645,3.9056358447830286,0.0002446933323042442,0.001284
57.23978877067566,3.3120129244455785,1.2797295952717906,-0.8629385132164251,0.10662032215469368,-2.983700396115353,3.89385505749254,0.00024395525015479658,0.001125
57.267646074295044,3.3039283441244534,1.278274394490622,-0.9585198592467065,0.08780494448031567,-2.981942562974677,3.895612890633216,0.00024406538076244177,0.001125
57.295902490615845,3.2971372972048356,1.2844185756407276,-1.0635508280400416,0.1858536944604924,-3.0358099789868067,3.8417454746210864,0.0002406905147865896,0.001125
57.32243752479553,3.305868643336552,1.2784360834657704,-1.0880559000849868,0.1461951343744291,-3.0185306441331865,3.8590248094747066,0.00024177308832733097,0.001125
57.355117082595825,3.342896027851907,1.27875946141647,-0.8973426800657697,0.12428780088159659,-2.9952825935484357,3.8822728600594574,0.00024322960992669075,0.001125
57.38210463523865,3.327535320662908,1.2802146622012642,-0.8500763759894606,0.13529413111026187,-2.997397730857721,3.8801577227501722,0.0002430970937328983,0.001125
57.41032028198242,3.350333844896552,1.2824783078881365,-0.6890021058915156,0.18397417282099587,-3.0119490779422664,3.8656063756656267,0.0002421854322905267,0.001125
57.436402320861816,3.336428361351291,1.2829633748244673,-0.6543136364029012,0.22683069005574064,-3.034615570502119,3.842939883105774,0.00024076534608266165,0.001125
57.4649977684021,3.3367517446654045,1.2667944775974496,-0.6282162772085313,-0.03585267067582824,-2.8783921468466422,3.999163306761251,0.00025055295343712046,0.000967
57.490049839019775,3.353567678584341,1.283610130741459,-0.5155457281526283,0.08465921702503108,-2.93438365509776,3.943171798510133,0.0002470450102291003,0.000967
57.519673109054565,3.361813955010577,1.2861971544309725,-0.3903828539707431,0.21584680847393814,-3.007410815505455,3.8701446381024383,0.0002424697605286593,0.000967
57.545066356658936,3.334164678184649,1.2886224891712346,-0.45798817374423756,0.35158056373519186,-3.1059146954098775,3.7716407581980156,0.00023629836012764485,0.000967
57.57498788833618,3.3395005028817546,1.2764958157728465,-0.4753572933921784,0.22708199166633497,-3.022383059206757,3.8551723944011362,0.0002415317293478372,0.000967
57.601967096328735,3.3416024945149947,1.2844185756407276,-0.4757153780418501,0.2833476274907113,-3.0602823043376053,3.817273149270288,0.0002391572907285097,0.000967
57.62884569168091,3.3480701613836876,1.2805380401549187,-0.43965742295771826,0.25248966835754233,-3.036880924091563,3.8406745295163303,0.0002406234186371245,0.000967
57.65556454658508,3.340794036188769,1.2860354654493673,-0.45526404534840453,0.3304012950097613,-3.0916134426351976,3.7859420109726956,0.00023719435282553968,0.000967
57.68188238143921,3.3419258778474976,1.285873776467897,-0.45983467375562775,0.3820126042718116,-3.127420779014552,3.7501346745933413,0.00023495097509965493,0.000967
57.710052251815796,3.36068211310368,1.2873289773059842,-0.3577391245523009,0.44448198539359146,3.1102744598403755,3.7046446062686824,0.00023210096121011712,0.000967
57.74020862579346,3.344836327891791,1.287005599341021,-0.3752283530075647,0.48235689335323106,3.0828031611016895,3.6771733075299964,0.00023037984744062078,0.000967
57.767935276031494,3.3112044663813927,1.2800529732246386,-0.5762755726443426,0.3830156665336042,-3.1289217193402044,3.7486337342676888,0.00023485693917196744,0.000808
57.79780173301697,3.3498487698533275,1.283610130741459,-0.5000646897829474,0.37786705307163243,-3.1247771432197538,3.7527783103881394,0.00023511660243352226,0.000808
57.82736015319824,3.3301223869555163,1.2918562688721713,-0.557458339609496,0.5235313241383134,3.0626988158830732,3.6570689623113797,0.00022912028320554,0.000808
57.8554368019104,3.324948254443634,1.289916001045124,-0.6266807804403587,0.5903743602567678,3.0246076928029857,3.618977839231292,0.00022673382317493377,0.000808
57.88391995429993,3.345483094580959,1.2863588434127124,-0.5598566506824083,0.5727742381355377,3.030914394885107,3.6252845413134134,0.00022712894653247506,0.000808
57.911109924316406,3.340794036188769,1.2879757332375297,-0.5394035047556909,0.5897224467787135,3.018292052321037,3.6126621987493435,0.0002263381398146359,0.000808
57.93840193748474,3.3414408028491747,1.2879757332375297,-0.5214554413216705,0.6015861928289272,3.0089350247740096,3.603305171202316,0.00022575190946906923,0.000808
57.96979808807373,3.3373985112970774,1.2894309340914027,-0.5315846795276442,0.6362322799881647,2.987022535026476,3.5813926814547825,0.0002243790625502842,0.000808
57.997405767440796,3.319289047344406,1.2936348477307376,-0.6403392480091211,0.7365821074487647,2.936386032936126,3.5307561793644324,0.00022120661767187366,0.00065
58.02801537513733,3.305868643336552,1.2941199146950066,-0.7918077940633433,0.8156074752141306,2.910402817761269,3.5047729641895753,0.0002195787343366655,0.00065
58.05372428894043,3.3437044861968244,1.2739087922123145,-0.6854304291349892,0.5050715619780486,3.081156271182632,3.6755264176109383,0.0002302766675748453,0.00065
58.081464529037476,3.340308961196483,1.289916001045124,-0.6300282956195524,0.5774525267445745,3.0333846568145386,3.627754803242845,0.00022728371176077567,0.00065
58.10978865623474,3.35680151238749,1.2920179578586375,-0.49865983180048246,0.6661679851943101,2.963317948771881,3.5576880952001875,0.00022289393837792237,0.00065
58.13497710227966,3.324624871171379,1.2847419536013778,-0.587337255291401,0.5965614817078227,3.018155181835951,3.6125253282642573,0.00022632956469488053,0.00065
58.164483308792114,3.3472617029999174,1.2815081740191072,-0.5223313139661407,0.489300342230586,3.0856652708367043,3.6800354172650107,0.00023055916246032918,0.00065
58.1925106048584,3.3731323748591167,1.284095197680616,-0.3315926730692818,0.4610468141478997,3.099543080436288,3.6939132268645944,0.0002314286258744726,0.00065
58.22282648086548,3.356478129001981,1.2889458671388967,-0.29157032696844076,0.5290742265814293,3.042738341504385,3.6371084879326916,0.00022786973267184936,0.00065
58.252017974853516,3.388978165034076,1.287005599341021,-0.08110384141129842,0.5415714621847135,3.0100690892403286,3.604439235668635,0.00022582296013132745,0.00049
58.27853727340698,3.3744259086464496,1.2861971544309725,-0.015471717091248453,0.5356853800857185,3.0071474412569783,3.6015175876852847,0.00022563991496038025,0.00049
58.30720567703247,3.400619971841052,1.2837718197210433,0.1775207274847435,0.487662681918471,3.0361303229604197,3.630500469388726,0.00022745573143320062,0.00049
58.34140157699585,3.441851383149533,1.284095197680616,0.5440830516991464,0.4599004519294179,3.007290748711318,3.6016608951396245,0.00022564889336490642,0.00049
58.37048029899597,3.4287543445471518,1.2874906662886683,0.7271516605476733,0.501930308170382,2.6939322534190184,3.288302399847325,0.00020601656268529688,0.00049
58.404547452926636,3.412746855540797,1.2792445283435259,0.7654357904300996,0.38208291040809245,-2.968151340004941,3.9094041136029514,0.00024492941940790924,0.00049
58.4310781955719,3.41921452752044,1.2853887095242944,0.8285433243788771,0.40940924688178765,3.1387913392557354,3.7331614856840414,0.00023388758201358582,0.00049
58.4563570022583,3.4232568227459557,1.2912095129276595,0.8954115013748888,0.533903541890195,1.7635696349291063,2.3579397813574126,0.00014772809483602512,0.00049
58.48591494560242,3.4154956160748586,1.286682221376597,0.8986488519757645,0.5390983240850035,1.7318079823852401,2.326178128813546,0.0001457381846371955,0.00049
58.514106035232544,3.4462170631133953,1.2849036425819047,1.0733810806225306,0.5105395483087328,0.5807792266874663,1.1751493731157723,7.362468686040964e-05,0.00034
58.54028391838074,3.44136630761127,1.283610130741459,1.1684621498835097,0.4671337703142131,0.22652039240545452,0.8208905388337606,5.142989499970095e-05,0.00034
58.57032322883606,3.4510678188812767,1.2821549299312553,1.2894818814416213,0.41040826158445887,0.0011635737027660704,0.5955337201310722,3.731098757531775e-05,0.00034
58.602134227752686,3.449935975844984,1.2792445283435259,1.3678416785325829,0.31801747779795564,-0.2030656169051206,0.3913045295231856,2.451575443283346e-05,0.00034
58.627856492996216,3.398032903531112,1.2800529732246386,1.1313166499144063,0.2679780756449194,-0.5957216842793871,-0.0013515378510811082,-8.467566195606901e-08,0.00034
58.654335737228394,3.4198612947441993,1.2852270205433631,1.0882907904658101,0.32660903316282924,-0.46374677956875715,0.1306233668595489,8.18372940640564e-06,0.00034
58.683011293411255,3.4391026218011342,1.2819932409530166,1.166190918247716,0.309114116242489,-0.39073350953762537,0.20363663689068057,1.2758108856095405e-05,0.00034
58.71052598953247,3.4368389360487708,1.2844185756407276,1.2080129794932637,0.3407701146940218,-0.23572831281476092,0.35864183361354485,2.246939265672317e-05,0.00034
58.738558292388916,3.4433066097802505,1.2819932409530166,1.2735970752308163,0.31902687331431845,-0.25186046362169506,0.34250968280661054,2.1458691737574207e-05,0.00034
58.769237995147705,3.4303712627886305,1.2861971544309725,1.2468886391618186,0.37990416787644066,-0.08951249655113278,0.5048576498771729,3.163000996438203e-05,0.000188
58.80478644371033,3.444761836434868,1.2771425716683413,1.3089794842586735,0.2586158315931445,-0.3729950865368504,0.22137505989145545,1.3869444885971223e-05,0.000188
58.832319021224976,3.453978272469703,1.2847419536013778,1.4041829115913171,0.31127497418700545,-0.20053942188728036,0.3938307245410253,2.467402394426046e-05,0.000188
58.862911224365234,3.4496125921229885,1.2837718197210433,1.446316966795227,0.33057539778937584,-0.1485148551919125,0.4458552912363931,2.7933432934829356e-05,0.000188
58.89141082763672,3.4486424409640963,1.2852270205433631,1.4703645069513827,0.3704271586639555,-0.06939046288025907,0.5249796835480467,3.289068240475847e-05,0.000188
58.92703342437744,3.4285926527246215,1.2842568866606046,1.3746409630191236,0.3807624150189375,-0.061160873016418975,0.5332092734118867,3.340627726493216e-05,0.000188
58.95602536201477,3.437970778917733,1.2860354654493673,1.3602820248936192,0.4201922176727339,0.028347727138872226,0.6227178735671779,3.901411130587131e-05,0.000188
58.9865460395813,3.4360304768654926,1.2792445283435259,1.3393381727233293,0.3248662470597454,-0.2008134104069233,0.3935567360213823,2.4656858195442864e-05,0.000188
59.014281272888184,3.428916036369977,1.2758490598794971,1.2847379614713774,0.19667465300441814,-0.5390347250380392,0.05533542139026659,3.466838484834751e-06,3.7e-05
59.04739785194397,3.4412046157657725,1.2760107488526335,1.315504250143655,0.10986736640932257,-0.6603488405886946,-0.0659786941603886,-4.1336538215034095e-06,3.7e-05
59.0771689414978,3.447995673530744,1.2850653315625666,1.3751647396707447,0.21300470731560858,-0.4132525695732735,0.1811175768550326,1.1347259493924993e-05,3.7e-05
59.10727667808533,3.4450852201391413,1.279567906295568,1.4005881873575676,0.18568864840147062,-0.4419434839074962,0.15242666252080994,9.549735168999978e-06,3.7e-05
59.13349628448486,3.457050418028149,1.2616204307670575,1.4855556168807382,-0.15831063001926615,-0.7977035736030446,-0.20333342717473846,-1.2739112360075428e-05,3.7e-05
59.15957450866699,3.4462170631133953,1.280699729131947,1.4842158160560155,-0.05374428258535296,-0.6966997318781779,-0.10232958544987181,-6.411085992691174e-06,3.7e-05
59.1866021156311,3.4334434075284754,1.2776276385913707,1.411568366264123,-0.03615759593366401,-0.7479163124140035,-0.1535461659856976,-9.61987356495807e-06,3.7e-05
59.21552586555481,3.444115069029865,1.2579015846918502,1.4206244277648832,-0.3809200681016272,-1.019089270732777,-0.42471912430447123,-2.660922368331424e-05,3.7e-05
59.247071743011475,3.4318264892311063,1.2769808826942666,1.3579772320045966,-0.2768879628521264,-1.0176152166409556,-0.42324507021264957,-2.6516872214293813e-05,3.7e-05
59.2736873626709,3.454301656207666,1.2737471032409198,1.4402967679452325,-0.26260207388043155,-0.924097045072099,-0.3297268986437931,-2.0657833138044562e-05,-0.000115
59.29930925369263,3.4638414770104373,1.2823166189096287,1.5514757175824467,-0.09748000001336352,-0.6825370426347152,-0.08816689620640927,-5.523774486166211e-06,-0.000115
59.32677960395813,3.4145254652884653,1.2853887095242944,1.3524475069256296,0.07371520958677386,-0.6685690975862488,-0.07419895115794306,-4.648663965067018e-06,-0.000115
59.35802602767944,3.4331200238666475,1.28118479606384,1.3175151173684874,0.117454293095767,-0.641465337142812,-0.047095190714506074,-2.9505769634999296e-06,-0.000115
59.387325048446655,3.434251866688197,1.2753639929608929,1.2994164584726748,0.04270579751328675,-0.7828713772156175,-0.1885012307873115,-1.180985533159993e-05,-0.000115
59.42039251327515,3.4562419586603035,1.2837718197210433,1.4101968242030938,0.14257697411776873,-0.49815158726962067,0.09621855915868549,6.028221986312644e-06,-0.000115
59.44838309288025,3.432796640205997,1.2818315519749122,1.3561242069649533,0.1773648455773772,-0.48799370226355987,0.10637644416474634,6.6646271275181296e-06,-0.000115
59.47690534591675,3.4368389360487708,1.2805380401549187,1.340966281595345,0.17830172101820713,-0.501937468189524,0.0924326782387821,5.791031460924662e-06,-0.000115
59.50226163864136,3.401913506024041,1.2818315519749122,1.1342890539761563,0.20237216840769345,-0.7981460789243633,-0.20377593249605708,-1.2766835912894733e-05,-0.000266
59.527793645858765,3.420993137397073,1.2832867527826939,1.0967254861562952,0.24556294567008377,-0.7827176380228413,-0.18834749159453512,-1.1800223364647232e-05,-0.000266
59.55395817756653,3.4458936794049895,1.2816698629969425,1.210219291783058,0.2465281963328707,-0.5113076867938685,0.08306245963443759,5.203974677896889e-06,-0.000266
59.58172035217285,3.4132319309230104,1.2813464850414065,1.1063062804309147,0.241350213141864,-0.7662788206506395,-0.17190867422233325,-1.0770309373224298e-05,-0.000266
59.608792781829834,3.4247120490720486,1.2821549299312553,1.0980150160268924,0.2523597715638145,-0.7556554966836099,-0.16128535025530377,-1.0104743855867573e-05,-0.000266
59.63406467437744,3.4114533212011104,1.2860354654493673,1.017778410975067,0.3303103672541425,-0.7373032762606679,-0.14293312983236195,-8.954952592949379e-06,-0.000266
59.66716408729553,3.4154956160748586,1.285873776467897,0.9843056886958851,0.38194895484288244,0.0,-0.14293312983236195,-8.954952592949379e-06,-0.000266
59.69589924812317,3.431179721920398,1.283448441762009,1.0489232497202599,0.3741935255301937,-0.1843777988332509,0.4099923475950549,2.568657133928143e-05,-0.000266
59.728200912475586,3.4145254652884653,1.2855503985053607,1.0006607794220939,0.40681350685444767,0.2658548821199851,0.8602250285482906,5.389425362022924e-05,-0.000266
59.75716209411621,3.419537911131733,1.2844185756407276,0.9950162488939328,0.4091596881223955,0.0,0.8602250285482906,5.389425362022924e-05,-0.000417
59.78603553771973,3.4111299376191164,1.2941199146950066,0.9438638419258158,0.5864117816856735,1.5992586357277712,2.193628782156077,0.00013743379000918883,-0.000417
59.813626527786255,3.414687157085465,1.2837718197210433,0.9280269100277815,0.5231711630384421,1.7335609196095267,2.3279310660378325,0.00014584800850910197,-0.000417
59.83969330787659,3.447995673530744,1.2886224891712346,1.10393060158963,0.5667076119303474,0.8420608770031114,1.436431023431417,8.999433324489973e-05,-0.000417
59.86776113510132,3.411291629409967,1.289916001045124,1.0210116048400668,0.6205977617111795,1.2658122534709177,1.8601823998992235,0.00011654292622622469,-0.000417
59.89476299285889,3.438940929959764,1.2860354654493673,1.1181877719988074,0.5880769603573006,0.8553000413421878,1.4496701877704936,9.082378467554945e-05,-0.000417
59.92187690734863,3.4651350121139743,1.2850653315625666,1.3332611529985856,0.5477514230791972,0.3800571707599002,0.9744273171882059,6.104918041695021e-05,-0.000417
59.94815540313721,3.42972449548851,1.2874906662886683,1.2850226287226567,0.5634259879752209,0.46688899059873096,1.0612591370270366,6.648931057521528e-05,-0.000417
59.98168659210205,3.454625039946813,1.2844185756407276,1.391043978586299,0.5187884249069274,0.2738421269551457,0.8682122733834512,5.439466523880242e-05,-0.000417
60.010985136032104,3.417112534075623,1.2850653315625666,1.2546687468143796,0.49924944826394135,0.33042198531562367,0.9247921317439292,5.793946937153298e-05,-0.000566
60.04243779182434,3.4247120490720486,1.2671178555288796,1.201868742495322,0.1606941182885144,-0.7569976862963045,-0.16262753986799927,-1.0188833838130844e-05,-0.000566
60.070101261138916,3.414848848882758,1.2873289773059842,1.1095380564898703,0.2895590452052727,-0.595727415945313,-0.0013572695170078752,-8.503475852600362e-08,-0.000566
60.09853005409241,3.405309033343314,1.2842568866606046,0.991351331354901,0.3241547355978569,-1.0844294318254584,-0.49005928539715304,-3.070287255035362e-05,-0.000566
60.12807083129883,3.425358816335726,1.2832867527826939,1.0211774163456937,0.3308107427032008,-0.7617237059681194,-0.16735355953981434,-1.0484925319259722e-05,-0.000566
60.15931940078735,3.448319057246829,1.2832867527826939,1.170951388821125,0.33546994767693894,-0.26715280725500745,0.32721733917329754,2.0500605866006006e-05,-0.000566
60.19173574447632,3.439426005484759,1.281023107086408,1.225868769723155,0.29775578043748374,-0.3431443789085098,0.2512257675197951,1.573963181877881e-05,-0.000566
60.21987009048462,3.399811512986171,1.2824783078881365,1.0419204886763325,0.29769732735004983,-0.8393871714948677,-0.24501702506656287,-1.5350645763581284e-05,-0.000566
60.246630907058716,3.411291629409967,1.2740704811838428,0.9776045258007644,0.14546128768772812,-1.4810016106983914,-0.8866314642700868,-5.554865229123568e-05,-0.000566
60.28122043609619,3.4426598423858707,1.27875946141647,1.1086802922402983,0.12377410820090055,-1.0541110906363784,-0.45974094420807354,-2.8803387746771013e-05,-0.000566
60.31051301956177,3.444276760880673,1.2773042606425504,1.209510492312069,0.08225161908332955,-0.8860799348071785,-0.29170978837887374,-1.8276010109733586e-05,-0.000725
60.340187072753906,3.4368389360487708,1.278112705515608,1.2383366813383259,0.06782002305272745,-0.8553997949741392,-0.26102964854583455,-1.6353858135085375e-05,-0.000725
60.36886644363403,3.4133936227176673,1.2800529732246386,1.1268961691682402,0.09283985732325163,-1.0533783623006472,-0.45900821587234253,-2.875748133222823e-05,-0.000725
60.40556621551514,3.4182443766935977,1.2815081740191072,1.0761192928730852,0.13669520516139155,-1.133250421958405,-0.5388802755301003,-3.37615731657683e-05,-0.000725
60.432618141174316,3.437162319724144,1.269543190031619,1.146778274311425,-0.04919141493579887,-1.1640587977202563,-0.5696886512919517,-3.569175929362209e-05,-0.000725
60.4634428024292,3.4066025675940743,1.274717237071296,1.0246812116212605,-0.08565351502999315,-1.4306575609190222,-0.8362874144907173,-5.239452994297332e-05,-0.000725
60.493963956832886,3.404662266224948,1.2758490598794971,0.9283206760906338,-0.09068918045840557,-1.631984576501597,-1.0376144300732921,-6.500793792149046e-05,-0.000725
60.52394938468933,3.432149872888226,1.2743938591273016,1.015180038310547,-0.12055560934184625,-1.4581867581996708,-0.8638166117713659,-5.41192711339015e-05,-0.000725
60.55634689331055,3.416304075071577,1.2792445283435259,0.9870254082054628,-0.053657231850467356,-1.5045184882408975,-0.9101483418125929,-5.7022016260627024e-05,-0.000876
60.58537435531616,3.424226973627375,1.284095197680616,1.0117952569823845,0.08097651229116107,-1.3958063967619467,-0.8014362503336421,-5.0211057691286546e-05,-0.000876
60.61266779899597,3.421478212824134,1.2593567853216059,1.013702976648482,-0.2725847314770507,-1.4862717257110105,-0.8919015792827056,-5.587883207637537e-05,-0.000876
60.64013862609863,3.412100088368612,1.284095197680616,0.9623908475422734,-0.07227273744743926,-1.5612843829091057,-0.9669142364808008,-6.05784758179484e-05,-0.000876
60.666293144226074,3.4198612947441993,1.2813464850414065,0.9700427288053155,0.01818955949564167,-1.5379865718360144,-0.9436164254077095,-5.911883665714842e-05,-0.000876
60.69129228591919,3.4248737408875276,1.2803763511780242,1.00353824605451,0.06395219144932564,-1.4291168703820725,-0.8347467239537676,-5.2298003611149675e-05,-0.000876
60.72134327888489,3.431664797402988,1.2861971544309725,1.065109188570851,0.20135189057094433,-1.0363386160103116,-0.44196846958200675,-2.768991833682747e-05,-0.000876
60.74773287773132,3.433605099359831,1.2849036425819047,1.1191014432791615,0.27411704484889005,-0.5896880119367637,0.004682134491541312,2.9334201563165154e-07,-0.000876
60.77699589729309,3.434251866688197,1.2800529732246386,1.160526886610145,0.2372477725805628,-0.6203569107586421,-0.02598676433033731,-1.6281056945667602e-06,-0.001028
60.80439329147339,3.408542869005298,1.2907244459706955,1.0451978321142086,0.404610021468626,0.2660601426611799,0.8604302890894848,5.390711346887142e-05,-0.001028
60.83007264137268,3.406764259376735,1.284095197680616,0.9544826180644999,0.40176358961453174,0.0,0.8604302890894848,5.390711346887142e-05,-0.001028
60.85790395736694,3.420993137397073,1.2905627569853109,0.9708609810181407,0.516844263927056,1.4855503854823027,2.0799205319106076,0.00013030981538154543,-0.001028
60.88854956626892,3.4208314455886395,1.287005599341021,0.9814181189597031,0.5330104883266549,1.4258031344978193,2.020173280926124,0.00012656656984600997,-0.001028
60.91711640357971,3.384127412643371,1.274717237071296,0.7827565974137538,0.32188781725372717,-2.814436276649053,4.063119176958838,0.00025455987461999764,-0.001028
60.95139789581299,3.38331895393703,1.2598418522005816,0.6391549535869763,-0.095166331004249,-2.161591125923167,4.715964327684724,0.00029546150031128324,-0.001028
60.97950506210327,3.3209059636227165,1.2606502970015316,0.18825564629212702,-0.3724700897383946,-2.367277690604336,4.510277763003556,0.00028257496072534716,-0.001028
61.00788354873657,3.3223611882976476,1.2551528724205219,-0.11920443266808899,-0.666094905983343,-2.3706585130490536,4.506896940558838,0.00028236314765756407,-0.001028
61.03389382362366,3.3118512328321703,1.249493759041243,-0.3934279682982042,-0.9740712885641287,-2.3550353028510433,4.522520150756849,0.0002833419627638796,-0.001177
61.06033229827881,3.287759185616049,1.2519190933268054,-0.7206339650164317,-1.1457523233544333,-2.403891621055748,4.473663832552145,0.0002802810487973114,-0.001177
61.088006258010864,3.2799979905397887,1.2511106485616468,-0.9932484709236781,-1.2805631921062073,-2.4366866660149356,4.440868787592957,0.0002782263951754562,-0.001177
61.11411237716675,3.309587550274414,1.2559613172022288,-1.0179668053447934,-1.287125932942707,-2.4409780093911437,4.4365774442167485,0.00027795753674816865,-0.001177
61.1412410736084,3.324301487900269,1.249493759041243,-0.9526675670833517,-1.408793007435674,-2.3888782318809523,4.48867722172694,0.00028122165779732053,-0.001177
61.1717746257782,3.272721870747862,1.2524041601874878,-1.1965191529884383,-1.4412770398966448,-2.4400974251874703,4.437458028420422,0.0002780127065314599,-0.001177
61.19736933708191,3.304090035723895,1.2507872706565086,-1.1911185921343954,-1.4932841514284314,-2.424758138754165,4.452797314853727,0.0002789737334325082,-0.001177
61.22465467453003,3.291316400244226,1.246583357937794,-1.2590476758829583,-1.6057866792851117,-2.4110753255697794,4.466480128038112,0.00027983098005929127,-0.001177
61.255828619003296,3.294550231843569,1.246745046886864,-1.2884437376389697,-1.6816116199767768,-2.3988033393655632,4.4787521142423286,0.0002805998364805351,-0.001177
61.282084941864014,3.334164678184649,1.249655447992689,-1.0866307923120029,-1.6820061595085183,-2.3508355640051364,4.526719889602756,0.000283605082044287,-0.001177
61.31018567085266,3.3441895612072265,1.2498171369442668,-0.8890833818603057,-1.6793555083273424,-2.299675547661399,4.577879905946493,0.00028681032579393407,-0.001177
61.336804151535034,3.330930845187004,1.2472301137348656,-0.8252328479847967,-1.7243293138680298,-2.2708998234652453,4.606655630142647,0.0002886131635706383,-0.001338
61.36568593978882,3.3074855593779677,1.2608119859621203,-0.9121561642552005,-1.5099573487265325,-2.3499399923518838,4.5276154612560084,0.0002836611908114277,-0.001338
61.39015173912048,3.3485552364174054,1.253374293912425,-0.7424428271274155,-1.4945311053998471,-2.3052127662206363,4.5723426873872555,0.0002864634116127857,-0.001338
61.41882014274597,3.314438298680938,1.2587100294848315,-0.8151714037294064,-1.3871473798257634,-2.3571581781747786,4.520397275433114,0.00028320896177308697,-0.001338
61.44613695144653,3.358256737636569,1.2687347451940352,-0.6200905681080153,-1.1305153701363821,-2.378012924972656,4.499542528635237,0.000281902383871015,-0.001338
61.472426652908325,3.4310180300934556,1.2557996282456225,-0.07506184627235238,-1.18501928650824,-2.1434087736672454,4.734146679940647,0.0002966006491053456,-0.001338
61.50105834007263,3.4211548292058,1.278597772441053,0.2510875721099733,-0.8104891230211869,-2.0885150449447996,4.789040408663093,0.00030003981495119436,-0.001338
61.530038595199585,3.4140403898992226,1.2832867527826939,0.43945265691938257,-0.46343995833013113,-2.0974844160500954,4.780071037557796,0.00029947787180245974,-0.001338
61.55641794204712,3.425520508152379,1.2819932409530166,0.6357560604129594,-0.24392017780258995,-2.0004872231934794,4.877068230414412,0.0003055548762359238,-0.001338
61.582549810409546,3.451714586337091,1.2794062173194798,0.92021848456288,-0.13708560047834467,-1.5048647942185842,5.372690659389308,0.0003366062872046615,-0.001497
61.614217042922974,3.4313414137476337,1.273585414269659,1.004969923058691,-0.16766724942847036,-1.3363988860599993,5.541156567547893,0.00034716090265915863,-0.001497
61.64278817176819,3.4133936227176673,1.2740704811838428,0.9635394383724951,-0.18029391605723333,-1.4236826932609754,5.453872760346917,0.0003416924548854788,-0.001497
61.675841093063354,3.459960871813694,1.28118479606384,1.1959603897848603,-0.060352094855034004,-0.8809621914483168,5.996593262159575,0.00037569462338661006,-0.001497
61.70383381843567,3.417112534075623,1.2764958157728465,1.1181102346533718,-0.06127086934681779,-1.0212400736160387,5.856315379991853,0.00036690602562677237,-0.001497
61.730592012405396,3.4488041328231733,1.2766575047465192,1.2415275108623751,-0.05898718223773151,-0.8095697938626596,6.067985659745232,0.0003801674530001949,-0.001497
61.75680947303772,3.4179209930869963,1.27875946141647,1.1545457998646491,-0.019339820746923867,-0.8948137821407635,5.982741671467128,0.0003748268026222199,-0.001497
61.7834792137146,3.4486424409640963,1.2829633748244673,1.2661246900999799,0.08451089455819147,-0.5368547098805385,6.3407007437273535,0.0003972534193629714,-0.001497
61.81124401092529,3.4486424409640963,1.2779510165407282,1.3442299132647113,0.06647468660993856,-0.4888961305499842,6.388659323057908,0.00040025808878309824,-0.001497
61.838634729385376,3.4180826848901504,1.2824783078881365,1.2273451976426264,0.13580056167076954,-0.4719904440608636,6.405565009547029,0.0004013172527518639,-0.001655
61.86486840248108,3.420993137397073,1.2769808826942666,1.161864786722826,0.08481647798854733,-0.6912705330181862,6.186284920589706,0.0003875790606091914,-0.001655
61.89037537574768,3.40935132793907,1.2797295952717906,1.0506729422144578,0.09888371717203845,-0.9267352432941035,5.950820210313789,0.00037282688019932823,-0.001655
61.917041063308716,3.4030453484494854,1.2828016858455558,0.9374377279800433,0.16434054175329194,-1.2857800775900323,5.591775376017861,0.00035033223900848354,-0.001655
61.94212746620178,3.400134896527248,1.2764958157728465,0.8418341912826359,0.09601397627900635,-1.8278478959974398,5.0497075576104535,0.0003163709619994722,-0.001655
61.967915534973145,3.4159806914720106,1.2860354654493673,0.8638678831310905,0.22086831055478479,-1.945459077702215,4.932096375905679,0.0003090024634729077,-0.001655
61.99637222290039,3.4250354327033,1.2897543120604154,0.9301235702497289,0.37558342129518446,1.1328216669440738,8.010377120551968,0.0005018608873276631,-0.001655
62.02524757385254,3.427945885437438,1.2863588434127124,0.9928414425239858,0.42242058086242934,0.889083264945428,7.766638718553322,0.00048659034901692264,-0.001655
62.05193877220154,3.4515528944726936,1.278112705515608,1.169270535600448,0.3059382962981067,0.007763490558843168,6.8853189441667375,0.00043137448123233707,-0.001655
62.0787456035614,3.4518762782017833,1.2871672883234353,1.2945863336359353,0.38830314039798103,0.20943589678868155,7.086991350396576,0.0004440095283988851,-0.001655
62.104663610458374,3.401590122476542,1.2934731587429187,1.1000076585420433,0.560104880226225,0.9028035096633179,7.780358963271212,0.0004874499407795635,-0.001814
62.13777780532837,3.4300478791379825,1.2889458671388967,1.1235606150380775,0.5984148728362529,0.916952877701922,7.794508331309816,0.000488336417694709,-0.001814
62.16541314125061,3.4172742258773114,1.2918562688721713,1.0683381084187331,0.6779147979735638,1.1439882794031786,8.021543733011072,0.0005025604905988738,-0.001814
62.19664216041565,3.428430960902385,1.288299111204112,1.092314767842806,0.6691744975202419,1.0821164252010405,7.959671878808933,0.0004986841358176705,-0.001814
62.225165128707886,3.421963288253836,1.2879757332375297,1.0727897826534227,0.6572026283480051,1.1118292687328273,7.98938472234072,0.0005005456853796296,-0.001814
62.25535321235657,3.4402344646989786,1.2857120874865613,1.1616942270015265,0.6078467082165284,0.854188686421999,7.731744140029892,0.0004844041567968631,-0.001814
62.28163933753967,3.432796640205997,1.2871672883234353,1.1821723889238547,0.5996390287408776,0.8028073685017996,7.680362822109692,0.00048118504820616554,-0.001814
62.312026500701904,3.443144917931213,1.2808614181091105,1.2546009454783051,0.4797473078632844,0.4510602923447339,7.328615745952627,0.00045914762136615035,-0.001814
62.34109616279602,3.439264313642799,1.2847419536013778,1.2835157430689865,0.4660670075761101,0.3906892090921214,7.268244662700015,0.00045536529190099274,-0.001963
62.37134003639221,3.418729452105699,1.2832867527826939,1.1884761429074442,0.4301493330879741,0.40029109398525886,7.277846547593152,0.00045596686288822184,-0.001963
62.39730668067932,3.4326349483761125,1.2860354654493673,1.2000120138116028,0.4547630603210528,0.4552704779324794,7.332825931540373,0.00045941139514896754,-0.001963
62.428364515304565,3.479202207592313,1.2847419536013778,1.4695094709505125,0.44857803429654264,0.2407418805158295,7.1182973341237235,0.0004459708903342254,-0.001963
62.45595645904541,3.42972449548851,1.2857120874865613,1.3803964512890115,0.4618094923804966,0.3090786435983057,7.1866340972062,0.00045025228034140514,-0.001963
62.48811411857605,3.45478673181683,1.2857120874865613,1.4587133708544622,0.4710715130392671,0.28303311511194607,7.160588568719841,0.00044862049299352285,-0.001963
62.51481366157532,3.441851383149533,1.278597772441053,1.4409179020579628,0.34877443666206676,0.07144790917734724,6.949003362785242,0.0004353643956091307,-0.001963
62.54870271682739,3.4450852201391413,1.2831250638035132,1.446615401028622,0.3451177040950992,0.06393840100670722,6.9414938546146026,0.0004348939148343563,-0.001963
62.576082706451416,3.4310180300934556,1.2849036425819047,1.3716323321232904,0.3747531143158011,0.13757444078928094,7.015129894397177,0.00043950731164557063,-0.001963
62.604652881622314,3.454463348077091,1.2794062173194798,1.4507630544967067,0.2959857040045398,-0.02741732935784388,6.850138124250051,0.00042917035560446817,-0.001963
62.63084030151367,3.4251971245193658,1.2771425716683413,1.3418579063744789,0.19987290688281253,-0.25192433777059864,6.6256311158372965,0.0004151046899363404,-0.002122
62.65958786010742,3.4310180300934556,1.2764958157728465,1.2983020858653918,0.12088663186966675,-0.45622586644187174,6.421329587166023,0.0004023049247170097,-0.002122
62.68629240989685,3.4290777281930955,1.283610130741459,1.2569204168792387,0.1943767288068749,-0.32443400398238403,6.553121449625511,0.0004105618619424479,-0.002122
62.71736240386963,3.4455702956977645,1.283610130741459,1.3205403105298996,0.24581979666291792,-0.15619313162989315,6.7213623219780025,0.00042110237860139185,-0.002122
62.74560213088989,3.4457319875512296,1.2800529732246386,1.3659819524641428,0.217439698850393,-0.2016621139648537,6.675893339643042,0.0004182536857774344,-0.002122
62.77478504180908,3.421963288253836,1.2828016858455558,1.2643568118883552,0.24732972892814148,-0.1765000367080341,6.7010554168998615,0.00041983012371900346,-0.002122
62.80441880226135,3.437162319724144,1.2839335087007624,1.2785445376221274,0.2887405554709626,-0.05720038640536498,6.820355067202531,0.00042730440707142717,-0.002122
62.836084604263306,3.4426598423858707,1.2868439103587415,1.3193383005152524,0.3704110629982534,0.15008385763209722,7.027639311239993,0.0004402910434152747,-0.002122
62.86235737800598,3.4357070931942433,1.2790828393677063,1.3088621331012251,0.28709260949539755,-0.05740368856709136,6.820151765040804,0.0004272916699178895,-0.00228
62.89339470863342,3.424550357256864,1.2832867527826939,1.2388963967322248,0.30486725443148466,-0.014606464187441874,6.862948989420453,0.00042997297351684557,-0.00228
62.921239376068115,3.438132470757335,1.2740704811838428,1.2661685447937356,0.15048023664472848,-0.429230741479791,6.448324712128104,0.00040399620555973454,-0.00228
62.95164465904236,3.4607693312156025,1.283448441762009,1.412339346929155,0.21216542279149264,-0.19438834739440441,6.6831671062134905,0.0004187093970242737,-0.00228
62.977619647979736,3.4426598423858707,1.2897543120604154,1.4129946670301834,0.36949139986087326,0.12210122861583178,6.999656682223726,0.00043853789411699335,-0.00228
63.0045268535614,3.432149872888226,1.2823166189096287,1.35445183196823,0.34498543160555656,0.08253335447391578,6.96008880808181,0.00043605891364857283,-0.00228
63.03003144264221,3.435222017689578,1.2845802646209854,1.33071845629483,0.3688068648207103,0.1448121470999897,7.022367600707884,0.0004399607636686956,-0.00228
63.05815815925598,3.438779238118689,1.2865205323945874,1.3340748517079233,0.42060382073210895,0.2643079412595996,7.141863394867494,0.0004474473356972461,-0.00228
63.08430004119873,3.4119383965762977,1.292664713805854,1.185743444048395,0.5680812089497632,0.7788110283991424,7.656366482007037,0.0004796816452632958,-0.00228
63.109806537628174,3.4494509002624345,1.286682221376597,1.2925016230966058,0.5630226910267067,0.6019495564072888,7.479505010015183,0.0004686010364564794,-0.00228
63.13629150390625,3.45640365053328,1.2904010680000615,1.4062641559281617,0.6267988054526699,0.5813650397609824,7.458920493368876,0.0004673113888364164,-0.00228
63.16289305686951,3.434898634021273,1.2852270205433631,1.3651716505260612,0.5777835440282519,0.5455474823526383,7.423102935960532,0.0004650673707493351,-0.002432
63.193350315093994,3.431503105575164,1.2905627569853109,1.3173448554660965,0.6400582320166575,0.6991559746181184,7.576711428226012,0.0004746911491394474,-0.002432
63.21936058998108,3.434736942187562,1.292664713805854,1.3020204239347262,0.7216992968489552,0.8299684970053623,7.707523950613256,0.0004828867293937648,-0.002432
63.250577211380005,3.4622245581577094,1.2891075561229304,1.4456051112016501,0.7144577939130586,0.6598140980557703,7.537369551663664,0.00047222632772298017,-0.002432
63.27640128135681,3.4232568227459557,1.2842568866606046,1.3273547521508282,0.621583859693307,0.6580317120727588,7.535587165680653,0.00047211465884677964,-0.002432
63.30372953414917,3.443629993479211,1.283610130741459,1.3589517488039204,0.5448647882834258,0.49282519223369126,7.3703806458415855,0.00046176424844899356,-0.002432
63.33028173446655,3.453331504997326,1.2837718197210433,1.4355326309293726,0.49408826765686337,0.34096799091511987,7.218523444523014,0.00045225019078929844,-0.002432
63.35814142227173,3.438294162597231,1.2849036425819047,1.4047216250343435,0.47903250880902937,0.3331977681223064,7.210753221730201,0.00045176337589321444,-0.002432
63.38931918144226,3.4470255223895787,1.2797295952717906,1.4321706037071718,0.3748349387463692,0.11774776508337392,6.9953032186912685,0.00043826514377846783,-0.002583
63.41580247879028,3.4285926527246215,1.2802146622012642,1.3479052307481751,0.31067712761560806,-0.012649839636037587,6.864905613971857,0.0004300955586734189,-0.002583
63.449387550354004,3.4179209930869963,1.275525681933627,1.2290102037847008,0.18088861091352992,-0.43035899602866134,6.447196457579233,0.0004039255188966092,-0.002583
63.480000257492065,3.475483293626358,1.280699729131947,1.4689307197181705,0.18369518606760432,-0.2424644090813832,6.635091044526511,0.0004156973671766971,-0.002583
63.505712032318115,3.4481573653886395,1.2894309340914027,1.4834709847765553,0.34370857525524934,0.05177258419774329,6.929328037805638,0.0004341317100683475,-0.002583
63.535236120224,3.44136630761127,1.2766575047465192,1.4555250827913284,0.22449842898372488,-0.17380351127867216,6.703751942329222,0.00041999906465952535,-0.002583
63.56498670578003,3.4678837742720443,1.275687370906495,1.5848284526369187,0.12349035110999657,-0.28848539369540627,6.589070059912489,0.0004128140906684253,-0.002583
63.59808325767517,3.4656200877826957,1.2800529732246386,1.662632779189725,0.1318090869633427,-0.2480838340005417,6.629471619607353,0.00041534530265666797,-0.002583
63.62478184700012,3.447348906102119,1.2752023039882927,1.6145238444049932,0.04982732398665492,-0.37463325342147435,6.50292220018642,0.00040741681153002126,-0.002734
63.65191674232483,3.4258438917865672,1.2737471032409198,1.4601213240020794,-0.033901373093287314,-0.591956980422509,6.285598473185385,0.00039380118809198534,-0.002734
63.67945408821106,3.441851383149533,1.2760107488526335,1.441903469261283,-0.05153585185906992,-0.63213488557781,6.2454205680300845,0.0003912839883610922,-0.002734
63.70913100242615,3.4101597868801568,1.2708367017787,1.2512386000538185,-0.157538521589056,-0.9930915749491884,5.884463878658706,0.0003686695668814836,-0.002734
63.74020171165466,3.4264906590584694,1.2760107488526335,1.2094525176744437,-0.13808185580611337,-1.0398604534052416,5.837695000202653,0.0003657394338193267,-0.002734
63.76674795150757,3.4272991181549575,1.2764958157728465,1.1847408409437232,-0.1156817020125854,-1.0602580743748053,5.817297379233089,0.0003644614954644777,-0.002734
63.79480862617493,3.437809087078426,1.278274394490622,1.2264442231415371,-0.06780647243677568,-0.932761800468072,5.944793653139823,0.00037244930829661503,-0.002734
63.820616722106934,3.4248737408875276,1.2614587418058043,1.1830192920898632,-0.3386840436345732,-1.2213609111115413,5.656194542496354,0.0003543681863257276,-0.002734
63.84933280944824,3.4248737408875276,1.275687370906495,1.152621840353694,-0.2707373797228175,-1.2299914759681436,5.647563977639751,0.0003538274698436084,-0.002734
63.87787938117981,3.410968245828558,1.2819932409530166,1.0532800399220072,-0.10902837277746501,-1.3224160290760112,5.555139424531884,0.00034803694743305033,-0.002734
63.905139446258545,3.4589907205411823,1.2904010680000615,1.2533325117450873,0.1563630607897497,-0.45526053888083556,6.422294914727059,0.00040236540378547957,-0.002734
63.937689542770386,3.421639904633741,1.293311469755235,1.183686771114941,0.3948199949934875,0.3631832639566312,7.240738717564526,0.0004536420074881945,-0.002886
63.966228723526,3.437970778917733,1.278597772441053,1.2266140905606882,0.2953983740300198,-0.03706310621619827,6.840492347391697,0.0004285660347266561,-0.002886
63.99330949783325,3.3896249320392857,1.2798912842481476,0.985256114080116,0.24921787370299284,-1.0087663969008056,5.86878905670709,0.0003676875182294722,-0.002886
64.02034974098206,3.4282692690804413,1.280699729131947,1.0332496556039508,0.23152567002022298,-0.7255022430662109,6.152053210541685,0.00038543439798957937,-0.002886
64.05088901519775,3.428430960902385,1.283448441762009,1.0677528508724468,0.2688972261543361,-0.30050700831519367,6.577048445292702,0.0004120609203632822,-0.002886
64.08092427253723,3.454463348077091,1.2876523552714871,1.2380474176211103,0.37115487954673465,0.22479162268173722,7.102347076289632,0.0004449715852541707,-0.002886
64.10958194732666,3.4492892084021762,1.2887841781549982,1.328206688180588,0.46322304292216177,0.3958919571950468,7.273447410802942,0.000455691251058743,-0.002886
64.13661313056946,3.4360304768654926,1.2912095129276595,1.31688543702421,0.5715731991184648,0.6289153724859831,7.506470826093878,0.0004702904810582881,-0.002886
64.16622400283813,3.431503105575164,1.2837718197210433,1.2835445060148063,0.5127841552413948,0.557314650066728,7.434870103674623,0.00046580459961402553,-0.003037
64.1937849521637,3.444115069029865,1.2824783078881365,1.3310077255903692,0.4482171897127902,0.35808487752109697,7.235640331128992,0.0004533225867291005,-0.003037
64.22471451759338,3.416142383271648,1.2808614181091105,1.2071970732231059,0.3737520205436232,0.25741539801129193,7.134970851619187,0.0004470155086036547,-0.003037
64.2531635761261,3.424065281813071,1.2921796468452384,1.1650077063357984,0.5265044603410227,0.8052080056563108,7.682763459264206,0.0004813354513487873,-0.003037
64.28091025352478,3.4486424409640963,1.2661477217361898,1.2734480246297843,0.16221165211562577,-0.42774811728059386,6.449807336327301,0.00040408909395749467,-0.003037
64.3098669052124,3.475483293626358,1.2868439103587415,1.5000371943097246,0.2818408306495082,-0.04667498466195914,6.830880468945936,0.0004279638376299302,-0.003037
64.33597898483276,3.4667519310200983,1.2873289773059842,1.6096329144894235,0.37436174385797105,0.10238458875822586,6.97994004236612,0.0004373026201436032,-0.003037
64.36410522460938,3.443629993479211,1.2839335087007624,1.556546462440947,0.37766296592185006,0.11682817574418354,6.994383629352078,0.0004382075302710389,-0.003037
64.38930225372314,3.4303712627886305,1.279567906295568,1.4449532102089062,0.3009494294258423,-0.013499310211526528,6.864056143396368,0.00043004233820072985,-0.003188
64.42255783081055,3.404662266224948,1.273585414269659,1.2225110751019759,0.13895727150445786,-0.5703984313734121,6.307157022234483,0.0003951518601505477,-0.003188
64.45232343673706,3.417435917679293,1.2797295952717906,1.1385111465532107,0.1367822726331718,-0.7629872709027574,6.1145681827051375,0.0003830859106401778,-0.003188
64.47998833656311,3.418729452105699,1.2784360834657704,1.086972925346397,0.11184513909530869,-0.9959953821532226,5.881560071454672,0.00036848763945932693,-0.003188
64.50713014602661,3.4353837095241717,1.2849036425819047,1.1443909379323824,0.21146231881594912,-0.47766355908917874,6.399891894518715,0.00040096182447437167,-0.003188
64.53644442558289,3.406117492247847,1.2871672883234353,1.0202869282219023,0.32216995616046407,0.2637193121831601,7.141274765791055,0.0004474104572948735,-0.003188
64.56558299064636,3.4420130749962103,1.291532890899645,1.134927108555836,0.47868969733799643,0.7822224371856298,7.659777890793524,0.00047989537460647874,-0.003188
64.59300971031189,3.4512295107447866,1.2794062173194798,1.2669150689474225,0.3687413121200658,0.20083407809573128,7.078389531703626,0.0004434706129025348,-0.003188
64.61890578269958,3.4054707251236365,1.2753639929608929,1.102422956043364,0.21860671083029054,-0.5616853602804582,6.315870093327436,0.0003956977457592089,-0.00334
64.65309810638428,3.4072493347264707,1.2705133238411277,0.9972633527686345,0.025707613963718585,-1.4481718249652527,5.429383628642642,0.0003401581778867768,-0.00334
64.68141651153564,3.387846322786162,1.2646925210561537,0.8147257238307832,-0.21468760212583726,-1.8477174596863821,5.029837993921512,0.0003151261071426189,-0.00334
64.70938920974731,3.4649733202249937,1.2722919025043917,1.1199300027027992,-0.2454032841719883,-1.29206046733275,5.585494986275144,0.00034993876415435253,-0.00334
64.74099898338318,3.437809087078426,1.280699729131947,1.1810766363728802,-0.11470914049226381,-1.0899959046059016,5.787559549001992,0.00036259838045224095,-0.00334
64.76761388778687,3.4269757345154805,1.2873289773059842,1.1630622916537365,0.09677676405873332,-0.8010580006358221,6.076497452972072,0.00038070072828015795,-0.00334
64.79995036125183,3.3791149687811357,1.2925030248188467,0.8817683307402706,0.3384754397836879,2.728436259967676,3.3228064063959843,0.00020817828504646289,-0.00334
64.82845568656921,3.376689592818938,1.2711600797168066,0.6712468227474085,0.12132304090033748,-2.586053863743588,4.291501589864306,0.0002688683395856112,-0.00334
64.85496544837952,3.3978712117642207,1.26582434380636,0.6427925349720253,-0.1272689996824737,-2.211072948884046,4.666482504723848,0.0002923613976314703,-0.00334
64.88634204864502,3.377821434926505,1.2708367017787,0.5103177754956219,-0.21055172506543332,-2.2938759062777523,4.583679547330142,0.00028717368111755705,-0.00334
64.91260981559753,3.4554334992998585,1.2871672883234353,0.853289163702498,0.026760125443489633,-1.9466385802545372,4.9309168733533575,0.00030892856605352223,-0.003489
64.94815039634705,3.4285926527246215,1.292826402792996,0.9426882227449068,0.29531745174489527,0.0,4.9309168733533575,0.00030892856605352223,-0.003489
64.97380948066711,3.3977095199976213,1.2860354654493673,0.8318937990791437,0.360380743380903,2.703469767269146,3.2978399136974543,0.0002066141007402088,-0.003489
65.00746083259583,3.387199555793755,1.2934731587429187,0.695336173099007,0.5405592023142703,2.405323787608697,2.9996939340370052,0.00018793485460063904,-0.003489
65.03723621368408,3.4306946464404553,1.2889458671388967,0.8439214401177539,0.5847328982978821,1.9592222080469865,2.553592354475295,0.00015998599137137762,-0.003489
65.06322121620178,3.4424981505380132,1.297353694487959,1.0141944159148943,0.7678496196588857,1.4552322329729093,2.0496023794012177,0.00012841034239899883,-0.003489
65.09088611602783,3.4091896361517313,1.263399009349625,0.9463959666413522,0.28139716933377534,0.0,2.0496023794012177,0.00012841034239899883,-0.003489
65.1190767288208,3.4077344100788376,1.2792445283435259,0.8907676081557293,0.22770971322246908,-2.321978142014841,4.555577311593053,0.0002854130382975428,-0.00364
65.14476466178894,3.385906021822904,1.2764958157728465,0.729286113232728,0.14037239630743037,-2.530985573952853,4.346569879655041,0.0002723184419168846,-0.00364
65.17293238639832,3.3732940665815185,1.26242887557532,0.5454472416129242,-0.17539786130627896,-2.2857881829966593,4.591767270611235,0.00028768038784574544,-0.00364
65.19857168197632,3.3490403114537157,1.2587100294848315,0.2806027031744594,-0.4637541089602723,-2.296490251739855,4.581065201868039,0.00028700988886238025,-0.00364
65.22488236427307,3.3498487698533275,1.257254828859854,0.09975010329021235,-0.691944943098782,-2.284162304184861,4.593393149423033,0.00028778225133742585,-0.00364
65.25176429748535,3.323493029727502,1.25676976198725,-0.17480430678803566,-0.8604590138793952,-2.344361066764075,4.533194386843819,0.0002840107179939433,-0.00364
65.28466868400574,3.316701981358561,1.251272337514414,-0.4051164285512534,-1.0779310465987564,-2.351002335248983,4.526553118358911,0.00028359463360182825,-0.00364
65.3126814365387,3.308132325802513,1.2536976718217963,-0.6144438106904855,-1.1862590360911027,-2.384724356821791,4.492831096786103,0.0002814819036498774,-0.00364
65.33927583694458,3.3281820872291825,1.2475534916341928,-0.6484163066698644,-1.3733081256651634,-2.335817094024456,4.541738359583439,0.00028454600936361025,-0.00364
65.36530041694641,3.3231696464603986,1.2488470032367807,-0.7003362240485208,-1.4808278577215028,-2.3204824904633283,4.557072963144567,0.0002855067428764258,-0.00364
65.39236783981323,3.3427343361837862,1.246745046886864,-0.6268466221785267,-1.5941404448822587,-2.266880690865034,4.61067476274286,0.0002888649676271359,-0.003792
65.4228823184967,3.2979457551451494,1.2409242448033329,-0.8268409876480793,-1.7788250914805024,-2.279810613147095,4.597744840460799,0.00028805489062677794,-0.003792
65.44990634918213,3.2890527181922296,1.2486853142859953,-1.0167613601709526,-1.7676165626312832,-2.3334615686804185,4.5440938849274755,0.0002846935861907047,-0.003792
65.48041939735413,3.304090035723895,1.2446430905592354,-1.0652881371621563,-1.832941312636981,-2.3299969772658997,4.547558476341994,0.00028491064749697664,-0.003792
65.50645470619202,3.323007954827276,1.2514340264673136,-0.9930542205349304,-1.755741826851747,-2.3302631835955707,4.547292270012322,0.00028489396931281495,-0.003792
65.53359270095825,3.3026348113391655,1.2569314509446519,-1.0568625739339579,-1.602190003547652,-2.3861941006437473,4.491361352964146,0.00028138982222505415,-0.003792
65.55951619148254,3.2981074467340656,1.244966468454344,-1.1269444389832464,-1.7112890637173055,-2.375143989459852,4.502411464148041,0.00028208212653487135,-0.003792
65.59009790420532,3.2998860542309028,1.2456132242461422,-1.166016880582421,-1.775951090685198,-2.368442421286763,4.50911303232113,0.00028250198878345436,-0.003792
65.61533999443054,3.2943885402609046,1.2535359828670445,-1.2242298957871445,-1.6777998958624516,-2.407008097262205,4.470547356345688,0.00028008579737646446,-0.003792
65.64185357093811,3.2885676434740354,1.2488470032367807,-1.2976567402766348,-1.693972096859602,-2.4196827894132644,4.457872664194628,0.00027929171088667665,-0.003792
65.66806817054749,3.3276970123040464,1.2522424712337947,-1.1293885029502595,-1.6438292313850764,-2.3931419025785003,4.484413551029393,0.0002809545331005252,-0.003792
65.69659447669983,3.2772492341066704,1.2515957154203452,-1.294807797421831,-1.620436541095711,-2.438279988338778,4.439275465269115,0.0002781265713914809,-0.00395
65.72310447692871,3.2853338120846107,1.254991183464578,-1.3652155671104456,-1.5425982508658906,-2.474787569658492,4.4027678839494016,0.00027583932237940995,-0.00395
65.75012445449829,3.3005328206019207,1.244966468454344,-1.3291758106107163,-1.6695748368400767,-2.4329873736490213,4.444568079958872,0.00027845816081161824,-0.00395
65.77963185310364,3.322684571561889,1.246745046886864,-1.179591022227719,-1.7262633302652508,-2.3835709249412647,4.493984528666628,0.0002815541677066528,-0.00395
65.80967044830322,3.284687045820329,1.2446430905592354,-1.2881946835361,-1.8039940499807556,-2.3897067638718066,4.4878486897360865,0.0002811697491550867,-0.00395
65.84136843681335,3.287920877187079,1.2451281574020958,-1.3460629508897386,-1.8496250674363448,-2.391747452937292,4.485808000670601,0.0002810418972437782,-0.00395
65.86990928649902,3.2770875425543258,1.2352651318298964,-1.4473876256677904,-2.0601033311312835,-2.3655904546401523,4.511964998967741,0.0002826806683250486,-0.00395
65.89793252944946,3.2738537115667974,1.2483619363848204,-1.536469191445765,-1.9703649880577698,-2.4045590371719294,4.472996416435964,0.00028023923428106053,-0.00395
65.92695641517639,3.2851721205181152,1.2522424712337947,-1.5352862576949664,-1.8373042552238061,-2.435587066213403,4.441968387394491,0.0002782952865801676,-0.00411
65.95465612411499,3.304090035723895,1.2480385584841736,-1.4282555654289617,-1.820259292583904,-2.417083176536995,4.460472277070899,0.00027945458012556006,-0.00411
65.98417663574219,3.280321373654942,1.2522424712337947,-1.4867681617770405,-1.7322302683920905,-2.451607673310033,4.425947780297861,0.00027729157402431125,-0.00411
66.01073813438416,3.2709432637746323,1.2420560674173267,-1.580374430269893,-1.855000166815326,-2.4405602649311082,4.436995188676786,0.0002779837089997662,-0.00411
66.03747630119324,3.26981142299127,1.2507872706565086,-1.6522528205669644,-1.7828903402715082,-2.472460019316328,4.405095434291566,0.0002759851465350569,-0.00411
66.0675117969513,3.3188039724664873,1.2462599800400493,-1.4275300920416467,-1.8143646690841007,-2.4181492677006817,4.459406185907212,0.0002793877880820235,-0.00411
66.09711790084839,3.3310925368341615,1.250625581704138,-1.2012378298911444,-1.7573723207273917,-2.3800511776264353,4.497504275981458,0.00028177468460417293,-0.00411
66.12241744995117,3.2819382892476883,1.251272337514414,-1.3187785996282293,-1.705770361392354,-2.4215152479340545,4.456040205673839,0.0002791769048987194,-0.00411
66.14969730377197,3.3036049609264233,1.2431878900377655,-1.2794233496356322,-1.8159904306767827,-2.3839474802175005,4.493607973390393,0.00028153057601275187,-0.00411
66.17543005943298,3.2997243626388593,1.2490086921876982,-1.2736598329502762,-1.7877786423881883,-2.389712956638327,4.4878424969695665,0.00028116936116994514,-0.004268
66.20489716529846,3.278704458090492,1.2470684247853998,-1.3876282961554514,-1.8031523365257713,-2.4122457713229264,4.465309682284968,0.0002797576500605407,-0.004268
66.23134875297546,3.3188039724664873,1.2545061165975415,-1.242292924953589,-1.6792797944498135,-2.410619352691416,4.466936100916477,0.0002798595473726512,-0.004268
66.25882267951965,3.3221994966659554,1.2436729568770706,-1.121496147673873,-1.7886665475360968,-2.351474347792088,4.5260811058158055,0.00028356506138192553,-0.004268
66.29230046272278,3.331415920129337,1.2436729568770706,-0.985198638387672,-1.8652372746964965,-2.295608456756812,4.581946996851082,0.00028706513450262554,-0.004268
66.32355165481567,3.27579401014575,1.2535359828670445,-1.2020443243658276,-1.7403002246703645,-2.3847157280988056,4.492839725509088,0.00028148244425096376,-0.004268
66.35954093933105,3.2997243626388593,1.2459366021428322,-1.2194945152614154,-1.7904052457625947,-2.3759756223627004,4.501579831245193,0.0002820300236163354,-0.004268
66.3886125087738,3.2795129158691805,1.2454515352979951,-1.3451740002363548,-1.8342592469081924,-2.395023628017926,4.482531825589968,0.00028083664047393286,-0.004268
66.42469906806946,3.2872741109046597,1.2493320700899293,-1.3895793317432679,-1.7947131560601217,-2.4153412354227117,4.462214218185181,0.0002795637150764032,-0.004268
66.4555881023407,3.282423363931031,1.2493320700899293,-1.4478945067120323,-1.7670308924664697,-2.4356015366022308,4.441953917005662,0.0002782943799908687,-0.004426
66.4831383228302,3.3175104394712798,1.2389839774800409,-1.2917409930859534,-1.9349703492989132,-2.3572316448491524,4.520323808758741,0.00028320435898724624,-0.004426
66.50920629501343,3.3053835685296824,1.2297677079522589,-1.2505121605232805,-2.219357200833964,-2.28285276131826,4.5947026922896335,0.0002878642959571903,-0.004426
66.53485608100891,3.3015029701669816,1.250302203799793,-1.243437136460669,-2.0467207506806164,-2.319143695982906,4.558411757624988,0.00028559062014909127,-0.004426
66.56525874137878,3.5380580844681364,1.4718161972547918,0.08950406462255511,2.0838826430447184,1.9030410921969094,2.497411238625217,0.0001564661689925736,-0.004426
66.59400653839111,3.522212267549558,1.4700376166759035,0.9336066144861266,4.943109863043005,1.5360599789361777,2.1304301253644855,0.00013347430926339852,-0.004426
66.62066793441772,3.495533092526572,1.4732713995599829,1.374705089098701,7.003105563846522,1.48249401238073,2.0768641588090375,0.000130118329500959,-0.004426
66.64732313156128,3.5207570396102685,1.4765051825035462,1.8250778771475857,8.503639202290444,1.4449387777349487,2.0393089241632563,0.00012776544360064676,-0.004426
66.67914533615112,3.5139659762156197,1.4566174183405316,2.1022147097210495,9.194012381743837,1.4243118046278331,2.0186819510561405,0.00012647313602628032,-0.004426
66.70586085319519,3.503455998196505,1.474888291024323,2.237208885551429,10.008005650743138,1.4228285373231941,2.0171986837515012,0.0001263802073371003,-0.004585
66.73717617988586,3.5293267156038013,1.4724629538333902,2.476939546302768,10.53389845343456,1.407589737907196,2.001959884335503,0.0001254254760826754,-0.004585
66.7670304775238,3.5207570396102685,1.4734330887057476,2.5966419971904346,10.919584409489087,1.4024803596693975,1.9968505060977044,0.00012510536667240365,-0.004585
66.79563593864441,3.5338540919421244,1.4700376166759035,2.7539588079887776,11.128101099554053,1.3916179130381388,1.9859880594664459,0.000124424819798908,-0.004585
66.82252740859985,3.48178927827021,1.465348631599451,2.5717956946749423,11.18918464664174,1.4087949794883758,2.003165125916683,0.00012550098608679535,-0.004585
66.8492021560669,3.5113789045856256,1.465672009876583,2.6103937088448537,11.237796794079495,1.4060699962750098,2.000440142703317,0.00012533026222787689,-0.004585
66.87707567214966,3.5110555206372793,1.4706843732479653,2.6355968846509454,11.362557098042231,1.405677058837167,2.0000472052654743,0.0001253056441695443,-0.004585
66.90236687660217,3.2541273449861676,1.3290447393450546,1.2108787895503001,8.885985202057695,1.52248682774246,2.1168569741707675,0.00013262393310764487,-0.004585
66.93061709403992,3.2612417717941833,1.3049530772151334,0.2535155608728078,6.7162872246580845,1.6560929699925817,2.2504631164208893,0.00014099453739917564,-0.004585
66.95753479003906,3.2753089354971965,1.3088336131917868,-0.33766752890087304,5.267742553573666,1.798012269948661,2.3923824163769685,0.00014988597218844945,-0.004585
66.98756670951843,3.2633437616371803,1.3088336131917868,-0.8186665729893109,4.253761283814572,1.9645300140579574,2.558900160486265,0.00016031853254819614,-0.004585
67.01361346244812,3.2649606769334176,1.3096420581968131,-1.1462887582434336,3.558608543723756,2.1179670891672115,2.7123372355955193,0.000169931571423198,-0.004736
67.04274535179138,3.271913413028523,1.313684283273183,-1.336592560004215,3.1451723702904237,2.226581362749839,2.8209515091781467,0.00017673640156993034,-0.004736
67.07199120521545,3.238119886655727,1.305438144207921,-1.336592560004215,3.1451723702904237,2.226581362749839,2.8209515091781467,0.00017673640156993034,-0.004736
67.09750485420227,3.2707815722333056,1.302042675284138,-1.336592560004215,3.1451723702904237,2.226581362749839,2.8209515091781467,0.00017673640156993034,-0.004736
67.12334871292114,3.2457193867325698,1.3112589482171089,-1.336592560004215,3.1451723702904237,2.226581362749839,2.8209515091781467,0.00017673640156993034,-0.004736
67.14885401725769,3.2462044612265757,1.3044680102235713,-1.336592560004215,3.1451723702904237,2.226581362749839,2.8209515091781467,0.00017673640156993034,-0.004736
67.17889308929443,3.259786548084598,1.3217687336827117,-1.336592560004215,3.1451723702904237,2.226581362749839,2.8209515091781467,0.00017673640156993034,-0.004736
67.20640015602112,3.3027965029363298,1.3398779038492985,-1.336592560004215,3.1451723702904237,2.226581362749839,2.8209515091781467,0.00017673640156993034,-0.004736
67.23363947868347,3.2845253542549666,1.252565849141313,-1.336592560004215,3.1451723702904237,2.226581362749839,2.8209515091781467,0.00017673640156993034,-0.004736
67.26565504074097,3.490844026243791,1.4853980859058449,-1.336592560004215,3.1451723702904237,2.226581362749839,2.8209515091781467,0.00017673640156993034,-0.004822
67.29116368293762,3.5055579936989796,1.4875000449578966,-1.336592560004215,3.1451723702904237,2.226581362749839,2.8209515091781467,0.00017673640156993034,-0.004822
67.31867003440857,3.4958564764174076,1.4616297814549934,-1.336592560004215,3.1451723702904237,2.226581362749839,2.8209515091781467,0.00017673640156993034,-0.004822
67.3469340801239,3.502324154485373,1.4700376166759035,-1.336592560004215,3.1451723702904237,2.226581362749839,2.8209515091781467,0.00017673640156993034,-0.004822
67.37447047233582,3.504426149960586,1.4690674818222649,-1.336592560004215,3.1451723702904237,2.226581362749839,2.8209515091781467,0.00017673640156993034,-0.004822
67.40455913543701,3.5247993395018207,1.4766668716522875,-1.336592560004215,3.1451723702904237,2.226581362749839,2.8209515091781467,0.00017673640156993034,-0.004822
67.43561792373657,3.50863014106294,1.481194167877568,-1.336592560004215,3.1451723702904237,2.226581362749839,2.8209515091781467,0.00017673640156993034,-0.004822
67.46385598182678,3.463518093237519,1.4824876811062786,-1.336592560004215,3.1451723702904237,2.226581362749839,2.8209515091781467,0.00017673640156993034,-0.004822
67.49009966850281,3.4942395569751885,1.486691599165652,-1.336592560004215,3.1451723702904237,2.226581362749839,2.8209515091781467,0.00017673640156993034,-0.004822
67.51874017715454,3.4997370832007353,1.477960384847582,-1.336592560004215,3.1451723702904237,2.226581362749839,2.8209515091781467,0.00017673640156993034,-0.004822
67.55069947242737,3.486478344068329,1.486691599165652,-1.336592560004215,3.1451723702904237,2.226581362749839,2.8209515091781467,0.00017673640156993034,-0.004822
67.58352851867676,3.4877718795050456,1.4777986956976485,-1.336592560004215,3.1451723702904237,2.226581362749839,2.8209515091781467,0.00017673640156993034,-0.004822
67.61014604568481,3.4924609456232654,1.4826493702605394,-1.336592560004215,3.1451723702904237,2.226581362749839,2.8209515091781467,0.00017673640156993034,-0.004822
67.63617324829102,3.529165023596091,1.4803857221144767,-1.336592560004215,3.1451723702904237,2.226581362749839,2.8209515091781467,0.00017673640156993034,-0.004822
67.66229939460754,3.5270630275232846,1.4758584259100702,-1.336592560004215,3.1451723702904237,2.226581362749839,2.8209515091781467,0.00017673640156993034,-0.004822
67.69187116622925,3.5186550437409756,1.4875000449578966,-1.336592560004215,3.1451723702904237,2.226581362749839,2.8209515091781467,0.00017673640156993034,-0.004822
67.7176148891449,3.5102470607716656,1.4769902499502172,-1.336592560004215,3.1451723702904237,2.226581362749839,2.8209515091781467,0.00017673640156993034,-0.004822
