Relative_Time_s,Raw_S1_V,Raw_S2_V,Norm_S1,Norm_S2,Phase_rad,Unwrapped_Phase_rad,Calculated_Distance_mm,Stage_Position_mm
0.011514425277709961,3.330769153540133,1.1566843223301186,0.1333553735717287,0.46345520148679736,1.2951835583595415,0.3572042384747416,2.2379325390086414e-05,0.01455
0.03704500198364258,3.3257567126292824,1.1608882331885508,0.09915519253532895,0.4725198964680329,1.3713143597265294,0.4333350398417295,2.714902236589745e-05,0.01455
0.06355595588684082,3.3322243783722945,1.1536122336794103,0.2300537813740763,0.36494112917002536,1.0003798330781417,0.06240051319334183,3.909475977175238e-06,0.01455
0.09813213348388672,3.3310925368341615,1.157169388963307,0.29458601754492747,0.34533219563794193,0.8506673396910455,-0.0873119801937543,-5.470212849523555e-06,0.01455
0.1260216236114502,3.3270502457412094,1.1586245888696356,0.24298438555139273,0.35439075299292166,0.9601975159504935,0.022218196065693974,1.3919998302877443e-06,0.01455
0.16106224060058594,3.329313928731195,1.1511869005659838,0.2610567931229559,0.2442760450238037,0.7274674256585142,-0.21051189422628536,-1.3188852964035093e-05,0.01455
0.18685126304626465,3.3270502457412094,1.1621817442389732,0.2195139284560162,0.33934765247734816,0.9883398418841198,0.050360521999320174,3.155154354970191e-06,0.01455
0.2216329574584961,3.3288288538000423,1.1568460112077228,0.23301456947867433,0.3223534706796581,0.9333825533241966,-0.00459676656060326,-2.8799360007953264e-07,0.01455
0.24781370162963867,3.3272119373814886,1.1618583664756144,0.2037553397151815,0.3889385590413044,1.0858944071922267,0.14791508730742686,9.267078921265427e-06,0.01455
0.27736592292785645,3.3317393034256595,1.1592713443868174,0.29166098035178134,0.39504179001626055,0.9248239328263237,-0.013155387058476187,-8.242026714780665e-07,0.01455
0.30344629287719727,3.323007954827276,1.152642100430668,0.14416266648884923,0.29551658111554074,1.116622807282528,0.17864348739772806,1.119225446586143e-05,0.01455
0.3295161724090576,3.3257567126292824,1.1592713443868174,0.10672029757728853,0.3296464054682352,1.2687154592841419,0.3307361393993422,2.072106342714139e-05,0.01455
0.3590857982635498,3.329313928731195,1.1594330332664262,0.16567193154108292,0.3560689281802666,1.1361177801654645,0.19813846028066484,1.2413640705512683e-05,0.01455
0.3855891227722168,3.3317393034256595,1.1650921441318232,0.26500259462991943,0.4631722935973743,1.047173192483681,0.10919387259888103,6.84114280370387e-06,0.01455
0.4129784107208252,3.323493029727502,1.1536122336794103,0.1371146994206696,0.3583978071605574,1.2120372022338912,0.2740578823490911,1.7170094484312843e-05,0.01455
0.4466135501861572,3.3312542284816056,1.1563609445752856,0.2333996281592403,0.32809364206247876,0.9392846538678852,0.0013053339830850774,8.178092755823826e-08,0.01455
0.4742295742034912,3.3317393034256595,1.1636369441803072,0.3124119822626296,0.4208047817799518,0.9210197757378462,-0.01695954414695411,-1.0625382233784988e-06,0.01455
0.501988410949707,3.327858703945472,1.1610499220694142,0.27481739997340093,0.4451962483580247,1.0118505625452676,0.0738712426604673,4.628132587473566e-06,0.01455
0.529578447341919,3.333679603227687,1.1608882331885508,0.3878560390960927,0.4597386292778862,0.8568512327508019,-0.08112808713399833,-5.082783642208699e-06,0.01455
0.5575089454650879,3.326726862461509,1.1637986330633059,0.30053146503737094,0.5154879185489732,1.039601957250367,0.10162263736556687,6.366794745532087e-06,0.01455
0.583935022354126,3.324948254443634,1.1411621906612257,0.1968236178873174,0.20008203955326648,0.752659176447508,-0.1853201434372922,-1.1610555935813493e-05,0.0
0.6106698513031006,3.333841294879721,1.1426173904564594,0.3371313597274245,0.0020827333442434235,-0.08816487164451434,-1.0261441915293146,-6.428931206818682e-05,0.0
0.6362462043762207,3.329960695310079,1.1424557015898258,0.342443546712283,-0.13904842646406007,-0.479363101936909,-1.4173424218217092,-8.879840671141436e-05,0.0
0.6632442474365234,3.327373629022055,1.1401920574699855,0.28422659159578406,-0.2732832745937567,-0.8487506423889488,-1.786729962273749,-0.00011194103233679435,0.0
0.688915491104126,3.331415920129337,1.140030368605213,0.3402489206704464,-0.3697793137174018,-0.8911006616126247,-1.8290799814974248,-0.00011459431793197656,0.014617
0.7204029560089111,3.330445770247251,1.138736857691492,0.3562387431940607,-0.457579704496964,-0.9633526968618239,-1.901332016746624,-0.00011912100499997495,0.014617
0.7455549240112305,3.329313928731195,1.1453661012082326,0.3403348434728199,-0.41524251433950465,-0.9430589437604701,-1.8810382636452703,-0.00011784957410659996,0.014617
0.7743911743164062,3.3218761134034294,1.141000501795709,0.15113759739332655,-0.4539609089131666,-1.3036330970845955,-2.241612416969396,-0.00014044002918896906,0.014617
0.8024497032165527,3.3181572059665974,1.1445576568657478,-0.07033272756391326,-0.42536758488669546,-1.7679574701112462,-2.7059367899960467,-0.00016953057490836447,0.014617
0.8287465572357178,3.3255950209915803,1.1419706349906702,-0.04729744600814028,-0.44585858560003255,-1.7119878710752758,-2.6499671909600764,-0.000166024004342105,0.014617
0.8562042713165283,3.32381641299575,1.141808946124533,-0.07375339370027985,-0.462733931553589,-1.760064186017929,-2.6980435059027297,-0.00016903605005648975,0.014617
0.8831756114959717,3.3184805892159708,1.1338861918355878,-0.22001448645562757,-0.5985972986014386,-1.9382821292582992,-2.8762614491431,-0.00018020164360923877,0.014617
0.9102663993835449,3.3251099460801914,1.1458511678152155,-0.1636875804367021,-0.506359893715768,-1.9035086444844824,-2.841487964369283,-0.0001780230380752636,0.014617
0.9381322860717773,3.3210676552521203,1.1456894789460967,-0.22103293719521533,-0.444325355796706,-2.0463348431536565,-2.984314163038457,-0.00018697129128719347,0.014617
0.9668958187103271,3.326241787544107,1.1479531231250817,-0.13730372171489855,-0.3654581420634151,-1.9539244873179886,-2.891903807202789,-0.00018118165835481068,0.014617
0.994185209274292,3.324624871171379,1.1466596121626749,-0.11740294826089685,-0.33050425660542054,-1.9395372469140861,-2.877516566798887,-0.0001802802784164338,0.014766
1.0247423648834229,3.3210676552521203,1.1413238795268663,-0.18863369467214103,-0.3895808376083544,-2.0384905863996083,-2.976469906284409,-0.00018647983806398477,0.014766
1.0527212619781494,3.320744271993599,1.1524804115563148,-0.24623715225283846,-0.2562509038045619,-2.3365289885201785,-3.2745083084049793,-0.00020515234432616703,0.014766
1.087266445159912,3.3200975054799873,1.1443959679976239,-0.30204344266277544,-0.2895022267959926,-2.375414739044022,-3.313394058928823,-0.00020758858883358587,0.014766
1.1142992973327637,3.316378598115474,1.1448810346023688,-0.43014009692004757,-0.30518321642816537,-2.5168838581909556,-3.4548631780757564,-0.00021645181919041718,0.014766
1.1444597244262695,3.3173487478481647,1.1460128566844585,-0.4965819506480701,-0.2984383906916188,-2.5907987569063486,-3.5287780767911494,-0.0002210826868883771,0.014766
1.1698336601257324,3.3259184042672705,1.1469829899025297,-0.33792996666318126,-0.2785271396180288,-2.446130399145875,-3.384109719030676,-0.00021201901993471634,0.014766
1.196610927581787,3.314599990298912,1.1519953449340044,-0.497841304209709,-0.18610825194818784,-2.767501252961165,-3.705480572845966,-0.00023215333563917807,0.014766
1.2241110801696777,3.317995514342339,1.1639603219464303,-0.5284889261126873,0.0659267474109219,3.046058874098388,-4.175105752965999,-0.0002615759840438031,0.014917
1.2503082752227783,3.3171870562253356,1.1532888559293297,-0.5692970984753435,0.07526263364280358,3.0368046801088386,-4.184359946955548,-0.0002621557717288525,0.014917
1.2802422046661377,3.3165402897368743,1.157492766719392,-0.613346688630565,0.1476205400501468,2.9309343348560493,-4.290230292208338,-0.0002687886910796695,0.014917
1.3052353858947754,3.312983074132016,1.1545823669326511,-0.7293426820414309,0.15270145328618867,2.9566236376569965,-4.26454098940739,-0.0002671792217495134,0.014917
1.3329789638519287,3.315731831632726,1.1529654781797491,-0.7447334338496919,0.13094163657608263,2.9884605646285793,-4.232704062435808,-0.00026518459550666765,0.014917
1.3592634201049805,3.3220378050345496,1.1539356114299908,-0.6045392291414983,0.13089963844072913,2.9540930014154947,-4.267071625648892,-0.00026733776950956895,0.014917
1.3882801532745361,3.323493029727502,1.162343433120841,-0.4715645772193015,0.26251581356972203,2.662708358015518,-4.558456269048869,-0.0002855934088495917,0.014917
1.4179613590240479,3.3244631795356807,1.1605648554272006,-0.3552565148145109,0.3267990335623778,2.4275077324388055,-4.793656894625581,-0.00030032904399829205,0.014917
1.4490220546722412,3.329313928731195,1.1642836997130566,-0.15771183713316603,0.4300251387146246,1.9410750485286639,-5.280089578535723,-0.0003308047050936961,0.014917
1.4750936031341553,3.329152237087191,1.1650921441318232,-0.023301530655611677,0.5149416409714214,1.6226057795942574,-5.598558847470129,-0.0003507572326075318,0.015068
1.5016038417816162,3.3257567126292824,1.1469829899025297,-0.010504640423805766,0.2908388825461017,1.6183021902000727,-5.602862436864314,-0.0003510268582642962,0.015068
1.5283825397491455,3.3276970123040464,1.157816144475978,0.04490479625523669,0.3035872055715578,1.4227150528285644,-5.798449574235822,-0.0003632806551622354,0.015068
1.5570068359375,3.3301223869555163,1.1539356114299908,0.14175592021545766,0.2517515367375687,1.0309017965980418,-6.190262830466345,-0.00038782828200668065,0.015068
1.5827231407165527,3.3317393034256595,1.1482765008669287,0.24826138670198175,0.12685897376890304,0.41103804239567565,-6.810126584668711,-0.0004266635789002705,0.015068
1.6097431182861328,3.3255950209915803,1.1464979232929342,0.1757184339779756,0.01158607896656001,-0.049221460604616865,-7.270386087669004,-0.00045549945505197906,0.015068
1.6365535259246826,3.325433329354164,1.1519953449340044,0.12106739932953367,0.016971001061019658,-0.026326712212074173,-7.247491339276461,-0.00045406506830956896,0.015068
1.663926601409912,3.3194507389709504,1.1464979232929342,-0.0604141265491105,-0.06533550192895488,-2.2160235576629077,-9.437188184727294,-0.0005912525172022143,0.015068
1.6943771839141846,3.316701981358561,1.1455277900771024,-0.25325764091714575,-0.13813992704489622,-2.590280155312635,-9.811444782377022,-0.0006147001958018685,0.015068
1.724510908126831,3.319289047344406,1.149408322967317,-0.32631262220315643,-0.1283435321132498,-2.7196854484784105,-9.940850075542798,-0.0006228076112550623,0.01522
1.758357286453247,3.3189656640921745,1.149408322967317,-0.3851930440455961,-0.12148605566109502,-2.793368838823224,-10.014533465887611,-0.0006274239746426089,0.01522
1.7868216037750244,3.3120129244455785,1.1431024570571047,-0.592860933976656,-0.21541999690816477,-2.7660902427647702,-9.987254869829158,-0.000625714933954896,0.01522
1.8173389434814453,3.3171870562253356,1.154744055808629,-0.6143575039801429,-0.0988952769763231,-2.952922597106741,-10.174087224171128,-0.0006374202319353133,0.01522
1.8449039459228516,3.3099109334935286,1.1625051220028346,-0.8035986285675938,0.10419101848027933,3.035017413087798,-10.469332521156176,-0.0006559177464086426,0.01522
1.8729298114776611,3.3189656640921745,1.1605648554272006,-0.7192932485007023,0.21597167699977374,2.872810281751632,-10.631539652492341,-0.0006660802410874989,0.01522
1.9007389545440674,3.3259184042672705,1.1612116109504032,-0.49382787516003795,0.30434472069866897,2.614179127321413,-10.89017080692256,-0.0006822838303442285,0.01522
1.9276096820831299,3.316378598115474,1.160079788786116,-0.5643891996681313,0.34848433152183,2.610131571532839,-10.894218362711134,-0.0006825374151516591,0.01522
1.9542601108551025,3.321714421772596,1.1599180999060055,-0.48604020038936924,0.3768504134250264,2.5026833383506637,-11.00166659589331,-0.000689269191300905,0.01522
1.981048822402954,3.3231696464603986,1.1528037893051462,-0.3963571923910667,0.28531426308649255,2.5451665829483536,-10.95918335129562,-0.0006866075589570727,0.01537
2.008312940597534,3.330607461893549,1.1560375668209533,-0.15551456799470584,0.27187186995682494,2.104360071723702,-11.399989862520272,-0.0007142246790418973,0.01537
2.0366389751434326,3.32381641299575,1.148438189738039,-0.14950537909089348,0.14347485255446862,2.4321808082844645,-11.072169125959508,-0.0006936862695189938,0.01537
2.074002265930176,3.326565170822089,1.1401920574699855,-0.07949249548318035,-0.07551697928079469,-2.2024304357486137,-9.423595062813,-0.000590400889853989,0.01537
2.1034679412841797,3.3264034791829546,1.1414855683926313,-0.034354444740549245,-0.20855809803272962,-1.6836546639187855,-8.904819290983172,-0.0005578988908523902,0.01537
2.1376142501831055,3.3228462631944398,1.1437492125263704,-0.08791909870779291,-0.266243844677578,-1.8408533240066098,-9.062017951070995,-0.0005677475980794175,0.01537
2.1675057411193848,3.325433329354164,1.1464979232929342,-0.06347887355049718,-0.26358589394596976,-1.761913317451328,-8.983077944515713,-0.0005628019006248193,0.01537
2.2010552883148193,3.3209059636227165,1.1453661012082326,-0.15475780992469262,-0.27944684695380867,-2.024626708027341,-9.245791335091727,-0.0005792612474599471,0.01537
2.2287354469299316,3.3181572059665974,1.1523187226820866,-0.2844595126865267,-0.18168875592728198,-2.510619349396564,-9.73178397646095,-0.0006097093392990323,0.015527
2.256608247756958,3.3120129244455785,1.1628284997671985,-0.5223474620252897,0.05129887462548297,3.0792324840467566,-10.425117450197215,-0.000653147612816831,0.015527
2.2848424911499023,3.3158935232529845,1.156199255698057,-0.5959658125075071,0.11059274366004088,2.9869820184803557,-10.517367915763616,-0.0006589272284090559,0.015527
2.318756580352783,3.3184805892159708,1.1657388996691007,-0.585563179620669,0.30146554738885245,2.684984797010638,-10.819365137233333,-0.0006778477600215348,0.015527
2.344773292541504,3.32381641299575,1.1663856552083924,-0.45053940722903574,0.44520309298618427,2.370875976834428,-11.133473957409544,-0.0006975270995630689,0.015527
2.370290994644165,3.323493029727502,1.157492766719392,-0.3637647018805636,0.4065788615905063,2.307976259326283,-11.19637367491769,-0.0007014678513611718,0.015527
2.3973278999328613,3.320744271993599,1.1618583664756144,-0.3688288572987165,0.44789633267889123,2.26462561247841,-11.239724321765562,-0.0007041838276212012,0.015527
2.426086187362671,3.322684571561889,1.150863522819649,-0.3259221551236562,0.30466665967538503,2.4046857763676455,-11.099664157876326,-0.000695408870203982,0.015527
2.454447031021118,3.3259184042672705,1.1384134799643006,-0.21846810979609863,0.009469186049138283,-3.0743939146876125,-10.295558541751998,-0.0006450305731600214,0.015527
2.4825754165649414,3.323654721361483,1.1426173904564594,-0.19744382601807067,-0.1313462641086382,-2.436264726214966,-9.657429353279351,-0.0006050509222725616,0.015679
2.509110689163208,3.3252716377170346,1.1502167673284767,-0.14401715040248952,-0.11092974030961981,-2.332789251902367,-9.553953878966752,-0.0005985680448032929,0.015679
2.5395262241363525,3.328990545443473,1.145204412339487,-0.017586217836678356,-0.17511918490342226,-1.5753956043316755,-8.796560231396061,-0.0005511163153396531,0.015679
2.5730059146881104,3.3247865628073634,1.1350180138586787,-0.02972972783875686,-0.37954545839103593,-1.6032763206370924,-8.824440947701477,-0.0005528630796696953,0.015679
2.5995912551879883,3.329152237087191,1.1432641459242348,0.06628594585047475,-0.3935299333493692,-1.3733501646719963,-8.594514791736382,-0.0005384578971276116,0.015679
2.635221481323242,3.321714421772596,1.1342095695558532,-0.044567598526355626,-0.5450912091380746,-1.620312956698539,-8.841477583762924,-0.0005539304478050781,0.015679
2.665933132171631,3.3186422808410865,1.1377667245114038,-0.19571346238672657,-0.5954879037547355,-1.8542739636594723,-9.075438590723856,-0.0005685884191822603,0.015679
2.693173885345459,3.3197741222248975,1.1443959679976239,-0.27441879476720443,-0.5269681267611199,-2.0120655418004825,-9.233230168864866,-0.0005784742735218153,0.015679
2.7187232971191406,3.3286671621568975,1.1434258347914892,-0.11660930465642674,-0.4941941557367036,-1.7623450158888676,-8.983509642953251,-0.0005628289471118524,0.015679
2.7450003623962402,3.3184805892159708,1.1388985465552737,-0.250013624124902,-0.5421384484931306,-1.9652572653789435,-9.186421892443327,-0.0005755416721241955,0.015679
2.7716221809387207,3.3199358138523,1.1476297453837327,-0.3085579404819988,-0.4389905980014412,-2.1400134646835727,-9.361178091747956,-0.0005864903827690431,0.015679
2.800813674926758,3.32122934688181,1.1500550784559953,-0.31857122167022717,-0.32881241958813306,-2.289473672575234,-9.510638299639616,-0.0005958542655705455,0.015837
2.825960874557495,3.3141149154458462,1.156199255698057,-0.4959030845227859,-0.1554851622894892,-2.801218137640256,-10.022382764704638,-0.0006279157437578366,0.015837
2.8542914390563965,3.314276607063249,1.1565226334526395,-0.6161644212570423,-0.02909279092270728,-3.071129181151849,-10.29229380821623,-0.0006448260332183319,0.015837
2.884875774383545,3.3147616819171715,1.1589479666279756,-0.6887344551423968,0.09735655371703521,3.0156664773256465,-10.488683456918322,-0.0006571301085291842,0.015837
2.913705587387085,3.3188039724664873,1.1498933895836387,-0.6427592945639191,0.0440989410631927,3.0915542215109513,-10.412795712733017,-0.0006523756394123161,0.015837
2.946791887283325,3.3200975054799873,1.1615349887127577,-0.5796089422805921,0.1890970969224895,2.83483239702058,-10.669517537223388,-0.0006684596065834193,0.015837
2.972195863723755,3.324624871171379,1.138736857691492,-0.42701660265686464,-0.06636621704904125,-2.945498352015801,-10.166662979080183,-0.0006369550930070198,0.015986
3.009906053543091,3.324948254443634,1.152642100430668,-0.3124600294986369,-0.02746902383018208,-3.000230244501215,-10.221394871565597,-0.0006403841195952161,0.015986
3.0371766090393066,3.3223611882976476,1.1460128566844585,-0.2942059108933489,-0.10403845587303745,-2.7287143450740987,-9.94987897213848,-0.0006233732837557331,0.015986
3.068263530731201,3.3264034791829546,1.1497317007114067,-0.1846538355276956,-0.09940921119950619,-2.5220681002861802,-9.743232727350561,-0.0006104266189219244,0.015986
3.09529972076416,3.323654721361483,1.153773922554638,-0.17377383403022398,-0.03287760060070256,-2.839387973465314,-10.060552600529695,-0.0006303071352476538,0.015986
3.1223814487457275,3.329475620375486,1.1460128566844585,-0.026802992677963218,-0.10782445961240758,-1.563661583810533,-8.784826210874915,-0.0005503811631911288,0.015986
3.1485278606414795,3.3335179115759406,1.1471446787726438,0.17285079615540147,-0.14256574234609332,-0.658066148859847,-7.879230775924229,-0.0004936443926615391,0.015986
3.175617218017578,3.32381641299575,1.1366349024735996,0.08035037581418518,-0.33144159478601004,-1.267257374451014,-8.488422001515396,-0.0005318110413007161,0.015986
3.204749584197998,3.324948254443634,1.1371199690604876,0.042696855431098,-0.45605975531170956,-1.422706842349131,-8.643871469413511,-0.0005415501592872842,0.015986
3.2336201667785645,3.3191273557181473,1.1388985465552737,-0.12301544223394835,-0.5154443681956313,-1.751540343571144,-8.972704970635524,-0.0005621520198767104,0.015986
3.2597711086273193,3.3205825803647677,1.1380901022376047,-0.2041753430822165,-0.5696718242816745,-1.8675388203438998,-9.08870344740828,-0.0005694194802728598,0.015986
3.289280891418457,3.3175104394712798,1.1421323238569312,-0.33453565556231585,-0.544339907720362,-2.077988141934725,-9.299152768999104,-0.0005826044129772264,0.016147
3.3179547786712646,3.3183188975911415,1.139706990876039,-0.4064330371993565,-0.5645822477659241,-2.155387999165565,-9.376552626229945,-0.0005874536180076917,0.016147
3.3429551124572754,3.312659690902062,1.1355030804418569,-0.592245060448482,-0.644574666270646,-2.284496802500736,-9.505661429565116,-0.000595542457974709,0.016147
3.377009391784668,3.3184805892159708,1.1495700118392995,-0.5829586531793656,-0.4803162040255332,-2.4215626699472397,-9.64272729701162,-0.0006041298186974084,0.016147
3.4048948287963867,3.3210676552521203,1.1429407681900987,-0.5145226881150621,-0.4691327462310985,-2.3672408544163153,-9.588405481480695,-0.000600726483981287,0.016147
3.4314563274383545,3.319612430597781,1.1529654781797491,-0.5014562202720891,-0.3043423030860254,-2.562177248083083,-9.783341875147464,-0.000612939510911949,0.016147
3.460961103439331,3.312983074132016,1.149246634095459,-0.6510193541904978,-0.24721684088583007,-2.7580171214124825,-9.979181748476863,-0.0006252091420571624,0.016147
3.4894633293151855,3.3218761134034294,1.157169388963307,-0.5428103409709746,-0.08317838340115456,-2.976213961004659,-10.19737858806904,-0.0006388794671719274,0.016147
3.5176496505737305,3.3175104394712798,1.1615349887127577,-0.5715801540844501,0.10000296979744176,2.9600413503200302,-10.544308583923936,-0.000660615097459996,0.016147
3.5438036918640137,3.313468148979088,1.1528037893051462,-0.6884932061945158,0.09152105254717981,3.004791638896113,-10.499558295347853,-0.0006578114317654883,0.016304
3.5775792598724365,3.315246756773664,1.1534505448043078,-0.7277517027084742,0.09571029283082808,3.0065199352943783,-10.497829998949587,-0.0006577031516744331,0.016304
3.6042985916137695,3.316378598115474,1.1532888559293297,-0.7281358789520438,0.09611111543674254,3.0060232927151724,-10.498326641528793,-0.0006577342669991843,0.016304
3.6306312084198,3.323007954827276,1.150863522819649,-0.5696951350238177,0.058417007605890206,3.035961863435676,-10.46838807080829,-0.0006558585753256218,0.016304
3.6584084033966064,3.315570140012753,1.1544206780567985,-0.6368511182614053,0.08772733496886705,2.9992694683716365,-10.505080465872329,-0.0006581574031670441,0.016304
3.6866345405578613,3.326565170822089,1.1466596121626749,-0.4206345129025457,-0.01327442268282651,-3.099688973925584,-10.320853600989963,-0.0006466153426013504,0.016304
3.715531826019287,3.3276970123040464,1.1450427234708658,-0.24218611447990254,-0.10929210805778324,-2.629224729069756,-9.850389356134135,-0.0006171401256638717,0.016304
3.748762845993042,3.3231696464603986,1.1455277900771024,-0.2256593322544542,-0.1689095513350749,-2.386416150886946,-9.607580777951325,-0.0006019278420642706,0.016304
3.7802419662475586,3.324301487900269,1.146174545553826,-0.18699381103278523,-0.2005151796216692,-2.185261268840973,-9.406425895905352,-0.0005893252184830568,0.016304
3.809540033340454,3.3233313380938077,1.149084945223726,-0.18315375219577482,-0.17706950000261787,-2.2311635568202375,-9.452328183884617,-0.0005922010584877102,0.016465
3.838947296142578,3.327373629022055,1.1342095695558532,-0.08369151763983512,-0.39356890579535103,-1.6692919347092896,-8.89045656177367,-0.0005569990465732695,0.016465
3.8681135177612305,3.3186422808410865,1.1443959679976239,-0.22310020576613032,-0.3856248281895531,-2.0035543701850753,-9.224718997249456,-0.0005779410371866433,0.016465
3.8941729068756104,3.3205825803647677,1.1481148119959428,-0.27423467755473324,-0.32183612721022153,-2.1899808950849335,-9.411145522149313,-0.000589620909407342,0.016465
3.923542022705078,3.3197741222248975,1.1414855683926313,-0.3293836453847985,-0.38098150158332844,-2.2122994589798624,-9.433464086044243,-0.0005910191974169603,0.016465
3.9500844478607178,3.322684571561889,1.1513485894393383,-0.2983105067839278,-0.267952887612343,-2.3291263621641622,-9.550290989228543,-0.000598338559840658,0.016465
3.976942777633667,3.314923373535717,1.1529654781797491,-0.46236574772133715,-0.16351640205289186,-2.7716080708547044,-9.992772697919085,-0.000626060633297094,0.016465
4.008408308029175,3.32122934688181,1.1565226334526395,-0.4262366867377676,-0.03471465875707871,-3.0570157092422425,-10.278180336306622,-0.000643941805243889,0.016465
4.037949562072754,3.3189656640921745,1.1485998786092737,-0.455139889219831,-0.06860407201123542,-2.9809460981235043,-10.202110725187884,-0.0006391759419193306,0.016465
4.069551467895508,3.3162169064943585,1.160079788786116,-0.5411785768613667,0.08742017662489812,2.9602804889479715,-10.544069445295994,-0.000660600115103709,0.016465
4.0973899364471436,3.3186422808410865,1.160726544307813,-0.5433411472212131,0.20676373338186776,2.7401908331384908,-10.764159101105475,-0.0006743890276971994,0.016624
4.128473997116089,3.317995514342339,1.162343433120841,-0.5603388162207542,0.31562068002851906,2.5837044278216617,-10.920645506422304,-0.0006841931112060179,0.016624
4.15534782409668,3.315246756773664,1.1694577440475522,-0.6380436297268552,0.5032129554539806,2.4305246685643107,-11.073825265679655,-0.0006937900288972331,0.016624
4.1870081424713135,3.3115278496062106,1.162020055357231,-0.7814692454337265,0.5180718440799172,2.5227611705535313,-10.981588763690436,-0.0006880112881418767,0.016624
4.2147133350372314,3.323493029727502,1.1544206780567985,-0.5954155886238613,0.40948572050068593,2.4940301956462507,-11.010319738597715,-0.0006898113223155189,0.016624
4.247252464294434,3.3223611882976476,1.1594330332664262,-0.4922748022810521,0.41195644870298553,2.3867217905289384,-11.117628143715027,-0.0006965343380486633,0.016624
4.277842044830322,3.3257567126292824,1.153127167054477,-0.33878593056162115,0.31495177895655807,2.3047007063788705,-11.199649227865095,-0.0007016730691535346,0.016775
4.3102333545684814,3.326241787544107,1.149084945223726,-0.2197308170713755,0.18375737100214237,2.3024993015078703,-11.201850632736095,-0.0007018109901259559,0.016775
4.33687424659729,3.3257567126292824,1.1411621906612257,-0.14800514091485462,-0.03212934372950931,-2.770261877933196,-9.991426504997575,-0.0006259762925021556,0.016775
4.367572546005249,3.323007954827276,1.145204412339487,-0.16360361839777113,-0.11995890729734376,-2.2816958684705213,-9.5028604955349,-0.0005953669756950865,0.016775
4.393603801727295,3.329313928731195,1.1351797027196144,-0.023554809641444643,-0.33840161869399793,-1.4704631322730353,-8.691627759337415,-0.0005445421550043392,0.016775
4.425207614898682,3.327535320662908,1.146336234423318,0.031898709972108696,-0.31662798126616704,-1.2963724928619644,-8.517537119926343,-0.0005336351425809017,0.016775
4.45451545715332,3.3199358138523,1.1353413915806738,-0.1112193066141019,-0.4735383250974697,-1.683086229756711,-8.90425085682109,-0.0005578632776885308,0.016775
4.48554801940918,3.3223611882976476,1.139706990876039,-0.153337404874178,-0.5150211399298937,-1.754102493294684,-8.975267120359064,-0.0005623125419987493,0.016775
4.515127897262573,3.321714421772596,1.1335628141158163,-0.198303944033609,-0.6402616351775311,-1.7867575316549529,-9.007922158719332,-0.0005643584240191046,0.016775
4.54263973236084,3.3150850651545474,1.144234279129624,-0.38849018649942674,-0.5608413842404562,-2.104380515479932,-9.32554514254431,-0.0005842579306339792,0.016775
4.568903207778931,3.3200975054799873,1.1553908113137903,-0.4016205666354333,-0.3305636656561536,-2.3786682229563927,-9.599832850020771,-0.0006014424239712569,0.016926
4.594417095184326,3.3150850651545474,1.1524804115563148,-0.5308118223207214,-0.21493888343801204,-2.719934026475285,-9.941098653539663,-0.0006228231850004927,0.016926
4.621601819992065,3.3197741222248975,1.1510252116927542,-0.5089876467210079,-0.1567863460431151,-2.813206878451288,-10.034371505515667,-0.0006286668544747,0.016926
4.647746562957764,3.313953223828728,1.1579778333544588,-0.6330655493140347,-0.007218808793403281,-3.1364690355978238,-10.357633662662202,-0.000648919662873543,0.016926
4.6766862869262695,3.3197741222248975,1.1563609445752856,-0.5805652556163308,0.07216201089470742,2.9950496251483307,-10.509300309095634,-0.0006584217820137026,0.016926
4.703737735748291,3.315570140012753,1.1502167673284767,-0.6444602026761643,0.0315260521927198,3.080262803227858,-10.424087131016107,-0.0006530830619360572,0.016926
4.732766628265381,3.3205825803647677,1.1555525001903935,-0.5691866753917855,0.08662518546515231,2.9636918384475606,-10.540658095796404,-0.0006603863894749297,0.016926
4.762795448303223,3.3186422808410865,1.157816144475978,-0.5629468161925133,0.16063761761488743,2.822012543598088,-10.682337390645877,-0.0006692627876218643,0.016926
4.79340672492981,3.3202591971079616,1.1474680565132453,-0.5198692399049363,0.05042100275184537,3.023013687687924,-10.48133624655604,-0.000656669795930126,0.016926
4.821455478668213,3.3333562199244806,1.153773922554638,-0.1761665449813551,0.07200354916525048,2.533910782823742,-10.970439151420223,-0.0006873127499553371,0.017075
4.852997064590454,3.329152237087191,1.1500550784559953,-0.03621982614935464,0.028883483428542987,0.0,-10.970439151420223,-0.0006873127499553371,0.017075
4.8809733390808105,3.324624871171379,1.1473063676428823,-0.04664422136501258,-0.04433853669898993,0.0,-10.970439151420223,-0.0006873127499553371,0.017075
4.907863616943359,3.3259184042672705,1.1485998786092737,-0.022973556165051624,-0.07534078657056864,-1.0142505490752332,-8.235415176139611,-0.0005159598238146789,0.017075
4.935704946517944,3.322684571561889,1.1456894789460967,-0.08382344433009078,-0.142611980795063,-1.6862146219399954,-8.907379249004373,-0.0005580592756613332,0.017075
4.97029709815979,3.322684571561889,1.136149835887825,-0.1264183660456288,-0.3390688978650805,-1.744077943360646,-8.965242570425023,-0.0005616844904789213,0.017075
4.997071743011475,3.3247865628073634,1.1429407681900987,-0.1059122315850399,-0.37025963191878625,-1.6744859772012883,-8.895650604265665,-0.0005573244603128002,0.017075
5.026494979858398,3.3147616819171715,1.1429407681900987,-0.33155792237200576,-0.3920931457563849,-2.1688836506324565,-9.390048277696833,-0.0005882991387014504,0.017075
5.0550525188446045,3.315570140012753,1.1317842366658988,-0.4701550694051546,-0.5820601380376129,-2.1796693163170877,-9.400833943381464,-0.0005889748751454962,0.017227
5.086154222488403,3.314923373535717,1.1445576568657478,-0.5826569415562208,-0.5150370452737963,-2.361523264890893,-9.582687891955269,-0.0006003682693168058,0.017227
5.113207578659058,3.315570140012753,1.1380901022376047,-0.6459243828340662,-0.5693866982363877,-2.368814990045011,-9.589979617109387,-0.0006008251056930367,0.017227
5.1442790031433105,3.3123363076732497,1.1473063676428823,-0.7676309367743099,-0.4631276638644437,-2.5638200526050263,-9.784984679669403,-0.0006130424348221068,0.017227
5.175065040588379,3.3199358138523,1.1282270818108204,-0.6708900593365702,-0.6874804975755571,-2.2941059782734903,-9.515270605337868,-0.0005961444857453402,0.017227
5.203789710998535,3.313791532211896,1.1450427234708658,-0.7502682053937906,-0.5812363604826946,-2.441450863009327,-9.662615490073705,-0.0006053758407095149,0.017227
5.229304075241089,3.3221994966659554,1.1507018339466688,-0.6045426016246013,-0.418257871099079,-2.4875750961225505,-9.708739723186929,-0.0006082655858749605,0.017227
5.261321306228638,3.3199358138523,1.1469829899025297,-0.556728224731799,-0.3624007759032428,-2.51325002686042,-9.734414653924798,-0.0006098741547760581,0.017227
5.289321422576904,3.309749241883829,1.1466596121626749,-0.7671291001718847,-0.32836410029329993,-2.7140957563196837,-9.935260383384062,-0.0006224574095324149,0.017227
5.317431926727295,3.314599990298912,1.1592713443868174,-0.798280697665844,-0.10707007151795787,-3.013980090045036,-10.235144717109414,-0.0006412455658893656,0.017227
5.3442063331604,3.312983074132016,1.1594330332664262,-0.8587964883661262,0.05036739428993718,3.057917511290181,-10.446432422953784,-0.0006544830244934588,0.017383
5.376888275146484,3.3141149154458462,1.1557141890671216,-0.8740607712099153,0.10234577055325499,2.9947966261926893,-10.509553308051276,-0.0006584376327381392,0.017383
5.40363335609436,3.311689541219048,1.1401920574699855,-0.9428102773186274,-0.1043073366816396,-3.0375575731251363,-10.258722200189515,-0.0006427227268771016,0.017383
5.431373357772827,3.326726862461509,1.1586245888696356,-0.6309349564529438,0.03964308036922734,3.042278503227789,-10.462071431016176,-0.0006554628293571997,0.017383
5.4604363441467285,3.3244631795356807,1.1594330332664262,-0.4668157802780428,0.15306660061096103,2.726609498995997,-10.777740435247967,-0.0006752399165256863,0.017383
5.490750074386597,3.3213910385117864,1.1583012111117965,-0.4254807419639082,0.21474154516532085,2.5467962189521645,-10.9575537152918,-0.0006865054600722649,0.017383
5.51972508430481,3.3209059636227165,1.1584628999906534,-0.4081591178140626,0.2604456520067552,2.4338247273428855,-11.07052520690108,-0.0006935832757816277,0.017383
5.548032283782959,3.3197741222248975,1.1545823669326511,-0.4231307535663468,0.23167903165581688,2.5100339615219514,-10.994315972722013,-0.0006888086648847774,0.017383
5.576030969619751,3.327373629022055,1.1471446787726438,-0.25167541859925674,0.09508670154166958,2.556224535506958,-10.948125398737007,-0.0006859147633745958,0.017542
5.605438947677612,3.324301487900269,1.1498933895836387,-0.20520507147413639,0.042510044540439086,2.698041124836699,-10.806308809407266,-0.0006770297635440382,0.017542
5.635375738143921,3.3213910385117864,1.1498933895836387,-0.2423532458011808,0.005706384639571939,3.0231871797700856,-10.48116275447388,-0.0006566589264181185,0.017542
5.668975591659546,3.331415920129337,1.1544206780567985,-0.02835696550745387,0.05082989889244773,0.8003332714203356,-12.70401666282363,-0.0007959237098428593,0.017542
5.6984288692474365,3.33270945332151,1.1502167673284767,0.15240817485412209,0.016593573791140338,0.11888175846508038,-13.385468175778886,-0.000838617562556118,0.017542
5.7321202754974365,3.3297990036649283,1.1466596121626749,0.2092663493741864,-0.06306805550723173,-0.1686318940286176,-13.672981828272583,-0.000856630679115774,0.017542
5.762327432632446,3.325433329354164,1.1437492125263704,0.14455094010688832,-0.16440081490973296,-0.5779187222366585,-14.082268656480624,-0.0008822730487177009,0.017542
5.791093111038208,3.3231696464603986,1.1443959679976239,0.045056605956295855,-0.22520716456961118,-1.0111203282146592,-14.515470262458624,-0.0009094137112727875,0.017542
5.81827712059021,3.326888554101216,1.1406771240650477,0.06444282963599607,-0.32599945495743227,-1.1178865604830435,-14.622236494727009,-0.0009161027591486197,0.017693
5.849365949630737,3.3259184042672705,1.1474680565132453,0.05478737953565088,-0.2902249480487854,-1.0954642163376858,-14.59981415058165,-0.0009146979691668991,0.017693
5.8780198097229,3.3213910385117864,1.149084945223726,-0.06035853009434036,-0.23986633790160036,-1.452179457106605,-14.95652939135057,-0.0009370466581938217,0.017693
5.912305116653442,3.3213910385117864,1.1482765008669287,-0.14096066683531652,-0.21727353847851763,-1.8302755151703836,-15.334625449414348,-0.0009607348841461479,0.017693
5.938654899597168,3.3270502457412094,1.144234279129624,-0.06189829351477095,-0.26474971655114904,-1.4693930906139705,-14.973743024857935,-0.0009381251154569603,0.017693
5.970198154449463,3.3199358138523,1.1539356114299908,-0.17687720905489993,-0.14608430874833533,-2.172771010917708,-15.677120945161672,-0.0009821926870453995,0.017693
5.996638774871826,3.3233313380938077,1.1523187226820866,-0.17607213081123385,-0.08833497918345529,-2.456405578821347,-15.960755513065312,-0.0009999627737445275,0.017693
6.027433633804321,3.3141149154458462,1.160241477666352,-0.39615372092149415,0.07614018727931447,2.8513047432750454,-16.936230498148504,-0.0010610775919624813,0.017693
6.0567052364349365,3.3197741222248975,1.1657388996691007,-0.4147269757415205,0.2773487579223347,2.4098942558486467,-17.377640985574903,-0.0010887325519676957,0.017693
6.092696189880371,3.321552730142048,1.1592713443868174,-0.385147611217985,0.3169289292329829,2.2991072958420746,-17.488427945581474,-0.0010956735038375623,0.017693
6.121614933013916,3.326080095905546,1.1641220108296806,-0.2560549612999118,0.4205844199599051,1.936390214232047,-17.851145027191503,-0.0011183982162557419,0.017844
6.148722410202026,3.329313928731195,1.1642836997130566,-0.08827074967296791,0.495674909192896,1.5677951148349445,-18.219740126588604,-0.0011414911943845058,0.017844
6.175133943557739,3.326565170822089,1.1579778333544588,-0.0366282548906112,0.4495040698718103,1.456269561917552,-18.331265679505997,-0.0011484784200924227,0.017844
6.203993082046509,3.33270945332151,1.1675174774070005,0.14661827228588006,0.5665515790277063,1.182896886267725,-18.604638355155824,-0.0011656055854565555,0.017844
6.231592178344727,3.3259184042672705,1.1641220108296806,0.1123101893905874,0.5953202748162137,1.2497209668689653,-18.537814274554584,-0.0011614189670388847,0.017844
6.260603427886963,3.330769153540133,1.1597564110260203,0.20442356721359503,0.5471039280600546,1.0858490905478784,-18.701686150875673,-0.0011716857602273787,0.017844
6.286229848861694,3.3385303529135633,1.1516719671864217,0.45470940190167297,0.38677020427833886,0.6290469754582566,-19.158488265965296,-0.0012003050263820082,0.017844
6.314972400665283,3.3340029865320413,1.1419706349906702,0.5215223766359424,0.12263786681548686,0.21065524137037622,-19.576880000053176,-0.001226517830568365,0.017844
6.341601848602295,3.3346497531441934,1.1495700118392995,0.5837753314125441,0.0567325691347609,0.09525162283988681,-19.692283618583666,-0.0012337480222965349,0.018003
6.369181156158447,3.3252716377170346,1.1464979232929342,0.4028362597989337,-0.03750240427733948,-0.06224599038305013,-19.849781231806602,-0.0012436154593390752,0.018003
6.393944263458252,3.332386070021746,1.1434258347914892,0.446501496488395,-0.15156814999805615,-0.2659153551499292,-20.05345059657348,-0.0012563756186405792,0.018003
6.42510199546814,3.3259184042672705,1.1419706349906702,0.32222844633234077,-0.25419898117798967,-0.5474001299910026,-20.334935371414552,-0.0012740110179164169,0.018003
6.451995372772217,3.3239781046303034,1.1515102783128175,0.1887856986111945,-0.17667347775943057,-0.5576107260968246,-20.345145967520374,-0.0012746507254788315,0.018003
6.4780073165893555,3.3233313380938077,1.156199255698057,0.07989190455504644,-0.04898790300939396,-0.24738129294320207,-20.03491653436675,-0.0012552144347456298,0.018003
6.50626015663147,3.3280203955871843,1.153773922554638,0.11592431342259898,0.0024173151323806387,0.05483363692930632,-19.732701604494242,-0.001236280263409258,0.018003
6.53429388999939,3.3228462631944398,1.1594330332664262,0.017276032006428573,0.12700856494516718,0.9453528139945467,-18.842182427429,-0.0011804880406888543,0.018003
6.560872316360474,3.323007954827276,1.1612116109504032,-0.047906797352872885,0.2420705422604432,1.4420699402928576,-18.34546530113069,-0.001149368045462245,0.018003
6.589287996292114,3.326888554101216,1.1639603219464303,-0.0006315526804291403,0.3656519033569567,1.360699029534647,-18.4268362118889,-0.0011544660423307073,0.018003
6.617292642593384,3.3220378050345496,1.1660622774384948,-0.08366791232300017,0.4850702506663334,1.5781214646040929,-18.209413776819456,-0.0011408442346995862,0.018154
6.644289255142212,3.329152237087191,1.157816144475978,0.028529216711515062,0.43954916325571886,1.3316408471605046,-18.455894394263044,-0.001156286576491702,0.018154
6.671459436416626,3.3297990036649283,1.1595947221461609,0.12255107867435794,0.43553250429863777,1.1400812290794187,-18.64745401234413,-0.0011682880438957358,0.018154
6.702187776565552,3.333679603227687,1.1560375668209533,0.28126961418676616,0.3770246388053255,0.8128844360141004,-18.97465080540945,-0.0011887873625204765,0.018154
6.731973648071289,3.331415920129337,1.1516719671864217,0.3381790364841196,0.26771470180003315,0.5764642270495731,-19.211071014373978,-0.0012035994062067484,0.018154
6.758614540100098,3.330607461893549,1.1534505448043078,0.35866079221791397,0.2190458473078289,0.4701391333196919,-19.31739610810386,-0.001210260816160541,0.018154
6.784693002700806,3.324624871171379,1.149246634095459,0.22977221149207902,0.11915486438986907,0.37707222687492525,-19.410463014548625,-0.0012160915828705596,0.018154
6.813904762268066,3.3388537362351447,1.1422940127233163,0.4801953894991237,-0.05962958019217762,-0.10299426582116003,-19.89052950724471,-0.001246168393534392,0.018154
6.841783761978149,3.328505470514039,1.1453661012082326,0.40774965645808114,-0.1366774273261588,-0.27149324989301477,-20.059028491316568,-0.001256725081239288,0.018154
6.869104862213135,3.322684571561889,1.1505401450738135,0.21768280450609506,-0.10959826344891678,-0.35157882724172274,-20.139114068665275,-0.0012617425502429948,0.018154
6.8968892097473145,3.324948254443634,1.1421323238569312,0.1388295555154349,-0.22228841513743164,-0.801633908241447,-20.589169149665,-0.0012899391056482767,0.018154
6.923037767410278,3.3218761134034294,1.1469829899025297,0.010083895823153513,-0.22522215673010007,-1.2115479158606208,-20.999083157284176,-0.0013156207688828313,0.01831
6.950569152832031,3.3189656640921745,1.1524804115563148,-0.14971548142718624,-0.14119982718978386,-2.0784938580619525,-21.86602909948551,-0.0013699360967719505,0.01831
6.978951454162598,3.317833822718367,1.1566843223301186,-0.2886718175846952,-0.01656141072110495,-3.082666003413148,-22.870201244836704,-0.001432848830630971,0.01831
7.00620436668396,3.3162169064943585,1.149408322967317,-0.4246509267167681,-0.04323857068659825,-3.0299031500707305,-22.817438391494285,-0.0014295431669901883,0.01831
7.033264636993408,3.3170253646027916,1.1565226334526395,-0.500481466283818,0.04947982319932566,3.016811460553115,-23.053909088050027,-0.0014443583737918722,0.01831
7.060710191726685,3.3220378050345496,1.1612116109504032,-0.43356285184540067,0.18780042303836456,2.6503870113161474,-23.420333537286993,-0.0014673153577721648,0.01831
7.086029767990112,3.3270502457412094,1.158139522233065,-0.26671982302183694,0.23652357521308748,2.2422723645865363,-23.828448184016604,-0.0014928842886298204,0.01831
7.119292259216309,3.3244631795356807,1.1621817442389732,-0.21186518687626088,0.333920923609848,1.9531249069898626,-24.117595641613278,-0.001510999765273947,0.01831
7.145555734634399,3.330445770247251,1.164768766363939,-0.03024113208863438,0.4426053989320792,1.4668437808358432,-24.603876767767296,-0.001541465931072335,0.01847
7.180182456970215,3.3288288538000423,1.160079788786116,0.058186027097408305,0.44526680628521953,1.2778112357635074,-24.792909312839633,-0.0015533090739576318,0.01847
7.209364175796509,3.319289047344406,1.1515102783128175,-0.10830205459298278,0.3129525734648205,1.6725386142496832,-24.398181934353456,-0.001528578873439189,0.01847
7.236956357955933,3.3264034791829546,1.1532888559293297,-0.05452113611742158,0.24818071188052798,1.4829900937605633,-24.587730454842575,-0.001540454342877482,0.01847
7.264093637466431,3.328343778871468,1.1274186375338877,0.029577120661459795,-0.20222286098353404,-1.0896041244645966,-27.160324673067734,-0.0017016308265389065,0.01847
7.299171686172485,3.3319009950742506,1.1458511678152155,0.17360719502338853,-0.22889778738323477,-0.742337363189809,-26.813057911792946,-0.0016798740974448886,0.01847
7.32691216468811,3.3297990036649283,1.140030368605213,0.22410566349265165,-0.3387094726700365,-0.8460063911401723,-26.91672693974331,-0.0016863691013095734,0.01847
7.358469486236572,3.3221994966659554,1.1443959679976239,0.07751910659593662,-0.3472232250018306,-1.155888988569961,-27.226609537173097,-0.0017057836623187556,0.01847
7.385570764541626,3.3204208887362214,1.1424557015898258,-0.06767212643063754,-0.38356259730631187,-1.552393117237103,-27.62311366584024,-0.0017306251786228296,0.01862
7.417317628860474,3.317995514342339,1.1505401450738135,-0.22737050166735137,-0.2824178824350286,-2.0700046419909706,-28.140725190594107,-0.0017630542359811307,0.01862
7.442746162414551,3.3150850651545474,1.1434258347914892,-0.4088367768430322,-0.32300898470843736,-2.377298598747234,-28.448019147350372,-0.001782306615174671,0.01862
7.469085693359375,3.3115278496062106,1.149408322967317,-0.6210244484150361,-0.2577518724777298,-2.7055048665823347,-28.776225415185472,-0.0018028691787498146,0.01862
7.495989561080933,3.3110427747694113,1.1429407681900987,-0.7811687199341202,-0.31333771414763495,-2.727943736917744,-28.798664285520882,-0.001804275004119542,0.01862
7.523099660873413,3.315570140012753,1.1497317007114067,-0.784882627698624,-0.24591869199172328,-2.8127137406521694,-28.88343428925531,-0.0018095859587291298,0.01862
7.548987865447998,3.315570140012753,1.1495700118392995,-0.7874823631337697,-0.20125702203028156,-2.871433151642818,-28.942153700245957,-0.0018132648087083043,0.01862
7.574909210205078,3.317833822718367,1.1544206780567985,-0.7351086347793037,-0.09404448577645319,-3.007208174439851,-29.07792872304299,-0.0018217712962796606,0.01862
7.602421522140503,3.3183188975911415,1.1502167673284767,-0.6868341226512408,-0.08481849547708799,-3.0115956834487982,-29.082316232051937,-0.0018220461796130234,0.01862
7.62946629524231,3.310557699935179,1.158139522233065,-0.8388483932567006,0.045690332252267214,3.0733413435174017,-29.28056451226532,-0.0018344667006848475,0.01862
7.6570045948028564,3.3175104394712798,1.162020055357231,-0.7788067906844335,0.197806007838719,2.8560852884250685,-29.497820567357657,-0.001848078084386896,0.01862
7.685059309005737,3.314599990298912,1.1503784562010826,-0.8064550810246423,0.12200849560903061,2.966417874973228,-29.387487980809496,-0.0018411655996245807,0.018772
7.714150905609131,3.312983074132016,1.1511869005659838,-0.8645185567172851,0.0816084648550823,3.030313682362971,-29.323592173419755,-0.0018371624414573002,0.018772
7.740304231643677,3.3170253646027916,1.1594330332664262,-0.8083888072841868,0.1824423697510653,2.886561908079227,-29.467343947703498,-0.0018461686832248532,0.018772
7.772590398788452,3.319289047344406,1.1557141890671216,-0.7149044386600852,0.1947982533760551,2.832288793727215,-29.52161706205551,-0.0018495689667466931,0.018772
7.8010170459747314,3.323493029727502,1.1536122336794103,-0.5488202238823053,0.17053597900563514,2.7761393139633475,-29.577766541819376,-0.0018530868070821976,0.018772
7.835957288742065,3.3280203955871843,1.1519953449340044,-0.3241741764835756,0.12823593108837225,2.6223948737915834,-29.73151098199114,-0.001862719102791264,0.018772
7.86300802230835,3.3301223869555163,1.149084945223726,-0.11659936070169676,0.05305627749440768,1.9584320254600698,-30.395473830322654,-0.0019043172671724805,0.01892
7.901242017745972,3.3255950209915803,1.1456894789460967,-0.07968408920458518,-0.05273403594957493,-1.2970763284501758,-27.367796877053316,-0.0017146292388259994,0.01892
7.930724620819092,3.32381641299575,1.1424557015898258,-0.0964240439377771,-0.17742016496973756,-1.5877385535680992,-27.65845910217124,-0.0017328396176901923,0.01892
7.961818218231201,3.331415920129337,1.1474680565132453,0.07379347579693227,-0.18621944505740254,-0.8282615855309448,-26.898982134134084,-0.001685257365400704,0.01892
7.989290714263916,3.3264034791829546,1.1460128566844585,0.0729457351555225,-0.2151637507320918,-0.9035730789161722,-26.974293627519312,-0.001689975731630842,0.01892
8.016526222229004,3.329152237087191,1.1377667245114038,0.1381587699464703,-0.36453868287054747,-1.000098855972819,-27.07081940457596,-0.0016960232012311624,0.01892
8.04334568977356,3.3281820872291825,1.136958280198068,0.16058208704795232,-0.4817593623668999,-1.082623712285037,-27.15334426088818,-0.001701193494338734,0.01892
8.071972370147705,3.3239781046303034,1.1364732136115512,0.07563324711211553,-0.5714087741907758,-1.282617720967039,-27.35333826957018,-0.001713723387644238,0.01892
8.098383903503418,3.315570140012753,1.1439109013939974,-0.18512125076622718,-0.517707672510658,-1.752258027592993,-27.822978576196135,-0.0017431469837447789,0.01892
8.130942821502686,3.3200975054799873,1.1421323238569312,-0.2592623116222078,-0.5079650014806424,-1.8945114592264491,-27.96523200782959,-0.0017520593523324955,0.01892
8.157819747924805,3.3118512328321703,1.1500550784559953,-0.5085803884471728,-0.37709450202357503,-2.41861337992805,-28.48933392853119,-0.001784895041715783,0.019072
8.191642999649048,3.321714421772596,1.1503784562010826,-0.4469740325347018,-0.2804218612945775,-2.4899141331365335,-28.560634681739675,-0.0017893621296860278,0.019072
8.218269109725952,3.3162169064943585,1.149246634095459,-0.5354624771817585,-0.23047253163182005,-2.680303894808638,-28.75102444341178,-0.0018012903040145144,0.019072
8.250782489776611,3.3136298405953495,1.1612116109504032,-0.6593398651274204,-0.00816622534344554,3.1360956456569618,-29.217810210125766,-0.0018305350593549301,0.019072
8.279083251953125,3.324948254443634,1.1566843223301186,-0.4750863132280259,0.07656211057133884,2.914164010294858,-29.43974184548787,-0.001844439374441812,0.019072
8.313932418823242,3.319612430597781,1.1464979232929342,-0.47385075785118147,-0.02362172527173261,-3.1084069100210394,-29.17912745862418,-0.0018281115330089537,0.019072
8.341450691223145,3.316378598115474,1.157492766719392,-0.5504052175519354,0.07840148880996335,2.9466242661953195,-29.407281589587406,-0.001842405695804224,0.019072
8.368417978286743,3.3220378050345496,1.1586245888696356,-0.46850947773308643,0.16753925821334245,2.692677371928959,-29.661228483853765,-0.0018583158098690958,0.019072
8.394543886184692,3.3280203955871843,1.1502167673284767,-0.2679566541791011,0.09829012531576084,2.5698556123414447,-29.78405024344128,-0.0018660107580996338,0.01922
8.422204971313477,3.3233313380938077,1.1605648554272006,-0.23982774239817467,0.21184105178460733,2.135389799204554,-30.218516056578167,-0.0018932306249314949,0.01922
8.450199604034424,3.3209059636227165,1.160079788786116,-0.2782020181180562,0.2837317632819834,2.117798297540066,-30.236107558242654,-0.001894332756142286,0.01922
8.477153778076172,3.328505470514039,1.161696677594123,-0.12312852887392713,0.35937171816829555,1.63416940490871,-30.71973645087401,-0.0019246327559476063,0.01922
8.506205797195435,3.3223611882976476,1.146336234423318,-0.16167386045609108,0.17181335453744304,1.9013039356576873,-30.452601920125034,-0.001907896418741512,0.01922
8.53477144241333,3.330769153540133,1.1356647693031634,0.012634732320937822,-0.1265660992796998,-0.8105078215764179,-33.164413677359136,-0.002077795068239467,0.01922
8.564696311950684,3.327373629022055,1.1434258347914892,0.05336042152186018,-0.21391273649970607,-0.9305629551834643,-33.28446881096618,-0.002085316683635787,0.01922
8.593662977218628,3.329313928731195,1.1473063676428823,0.12832001830230436,-0.21429589064876428,-0.734016172768879,-33.087922028551596,-0.0020730027636867614,0.01922
8.625136137008667,3.3264034791829546,1.1503784562010826,0.11111431490926879,-0.16646283333219955,-0.6424370530424918,-32.996342908825206,-0.0020672652088132644,0.01922
8.650721549987793,3.3251099460801914,1.145204412339487,0.0681025805187112,-0.21399235001923156,-0.8869130695134672,-33.24081892529618,-0.0020825819596615694,0.01938
8.678287982940674,3.3194507389709504,1.1437492125263704,-0.09748949971669686,-0.2700478210681317,-1.5682090397563964,-33.92211489553911,-0.0021252660674149527,0.01938
8.707546949386597,3.3160552148735283,1.14682130103254,-0.2946942715537417,-0.2611853863961284,-2.2357578792290966,-34.58966373501181,-0.002167088898958399,0.01938
8.738964557647705,3.314923373535717,1.1497317007114067,-0.45983438306021046,-0.20941206256567682,-2.6394424837749964,-34.99334833955771,-0.0021923802817221563,0.01938
8.771092176437378,3.3188039724664873,1.148761567480633,-0.48252924410638515,-0.18836060914126126,-2.7090899188937896,-35.06299577467651,-0.0021967437870931,0.01938
8.804964542388916,3.319289047344406,1.1464979232929342,-0.4868027444356559,-0.20906762907055615,-2.6699037828012635,-35.023809638583984,-0.002194288723026281,0.01938
8.835317373275757,3.310557699935179,1.1445576568657478,-0.698826428505731,-0.2539422889968554,-2.7574023121392863,-35.111308167922004,-0.0021997706234302933,0.01938
8.866319179534912,3.3086174006239144,1.1513485894393383,-0.8936946121692524,-0.17902543880181418,-2.9344678046381136,-35.28837366042083,-0.002210864014395942,0.01938
8.89405369758606,3.3168636729805336,1.1532888559293297,-0.8326830134793032,-0.09620389670611051,-3.0279571946755297,-35.38186305045825,-0.002216721250270583,0.01938
8.920339584350586,3.3171870562253356,1.1594330332664262,-0.7822329596319924,0.057973716658232644,3.0369297692366426,-35.600161393725664,-0.0022303979347269567,0.01938
8.948088645935059,3.3228462631944398,1.1626668108849536,-0.6114340591317676,0.21653095972891376,2.714976109636403,-35.9221150533259,-0.0022505687639967566,0.01938
8.977303981781006,3.3228462631944398,1.1557141890671216,-0.4918748287815997,0.21866026636054323,2.6001279459020563,-36.03696321706025,-0.0022577641557357782,0.019539
9.011600494384766,3.324624871171379,1.1511869005659838,-0.3656027232075699,0.14926470438114345,2.581658950367199,-36.05543221259511,-0.002258921263116328,0.019539
9.040404796600342,3.3202591971079616,1.1497317007114067,-0.3817283748155398,0.07790300097841234,2.824234404355916,-35.812856758606394,-0.002243723585060654,0.019539
9.068827629089355,3.3218761134034294,1.1421323238569312,-0.35430665540851464,-0.0910375300382943,-2.828107330843902,-35.18201318662663,-0.002204200387833592,0.019539
9.098994731903076,3.3244631795356807,1.1401920574699855,-0.27317596954694234,-0.23967564709572295,-2.19289347100321,-34.54679932678594,-0.0021644033862012256,0.019539
9.130616188049316,3.329637312020064,1.1481148119959428,-0.09251351962654288,-0.2196717004445439,-1.4863943621900206,-33.84030021797275,-0.002120140267959826,0.019539
9.159013986587524,3.333679603227687,1.1414855683926313,0.1307243953761214,-0.3094664028473564,-0.8893501612508767,-33.2432560170336,-0.002082734646732781,0.01969
9.187142372131348,3.324624871171379,1.1440725902617488,0.07021673370283839,-0.33181636709076967,-1.057085664720177,-33.410991520502904,-0.002093243501352307,0.01969
9.216814041137695,3.3233313380938077,1.1447193457339961,-0.0031063708808418446,-0.337334760123741,-1.253903921321708,-33.607809777104436,-0.002105574429523829,0.01969
9.24483323097229,3.326726862461509,1.1395453020116384,0.02685777805349901,-0.4222102898753166,-1.2491948202905039,-33.60310067607323,-0.0021052793980182623,0.01969
9.270910024642944,3.325433329354164,1.141808946124533,0.016864940182392978,-0.4461801245462867,-1.2872110049552317,-33.64111686073796,-0.0021076611630564774,0.01969
9.297109603881836,3.3202591971079616,1.1500550784559953,-0.11400101044250195,-0.333845088169533,-1.5882556803206498,-33.94216153610338,-0.002126522016375921,0.01969
9.3236563205719,3.3257567126292824,1.1401920574699855,-0.07399427627463605,-0.40964093778759003,-1.4832689141354374,-33.837174769918164,-0.0021199444544406417,0.01969
9.350574254989624,3.3220378050345496,1.1411621906612257,-0.1350218188389202,-0.44750815988232434,-1.6326503819236278,-33.98655623770635,-0.0021293034040688863,0.01969
9.379181385040283,3.3175104394712798,1.1503784562010826,-0.2861281885919943,-0.32971142179569624,-2.0895095306863904,-34.44341538646911,-0.002157926243459754,0.01969
9.405645370483398,3.316701981358561,1.1479531231250817,-0.41125748434716086,-0.28522838826271524,-2.4199630211378644,-34.77386887692059,-0.002178629598550616,0.01969
9.433169603347778,3.3162169064943585,1.1445576568657478,-0.510460893450487,-0.30725482043138064,-2.51940781686969,-34.873313672652415,-0.0021848599485921947,0.01969
9.460034608840942,3.321714421772596,1.1503784562010826,-0.4482903860370253,-0.23153408418003912,-2.5829001842924355,-34.93680604007516,-0.0021888378307035826,0.019849
9.487072944641113,3.313791532211896,1.1534505448043078,-0.5944484340840809,-0.13042830287822751,-2.918284656426131,-35.27219051220886,-0.00220985011842086,0.019849
9.514073848724365,3.317833822718367,1.1523187226820866,-0.5999848844445427,-0.07737577507438212,-3.026272258702471,-35.3801781144852,-0.002216615686768416,0.019849
9.539836883544922,3.311366157993659,1.161696677594123,-0.7586990908824593,0.10659644131884664,2.946625505746364,-35.69046565721595,-0.0022360556181446863,0.019849
9.567965507507324,3.315408448393066,1.160241477666352,-0.7730248546796609,0.2125921816309293,2.801314817672321,-35.83577634528999,-0.0022451595279553652,0.019849
9.594842672348022,3.3251099460801914,1.1563609445752856,-0.5507948381935113,0.22602970419174137,2.626818965033712,-36.0102721979286,-0.00225609192753185,0.019849
9.622230768203735,3.323493029727502,1.1649304552478181,-0.4339435035556858,0.36961319107141766,2.2551028223133343,-36.38198834064898,-0.0022793804432174655,0.019849
9.651777744293213,3.3220378050345496,1.1662239663233807,-0.3869862779356798,0.4903747978142289,2.058300608034206,-36.57879055492811,-0.0022917103663159387,0.019849
9.683295965194702,3.323654721361483,1.1636369441803072,-0.31540654371578813,0.5344015908061792,1.9148736706687772,-36.72221749229354,-0.0023006962566141896,0.019849
9.710633516311646,3.326080095905546,1.155875877943975,-0.20723621404836332,0.4437013537366439,1.7624371424674734,-36.874654020494845,-0.0023102466098813257,0.020007
9.739657640457153,3.329475620375486,1.1586245888696356,-0.050226658690664304,0.4232491636620107,1.4175416920219845,-37.219549470940336,-0.0023318547731663924,0.020007
9.766679048538208,3.3252716377170346,1.1498933895836387,-0.040965133273297975,0.27222376802467674,1.3090257035710164,-37.328065459391304,-0.002338653445617595,0.020007
9.792450189590454,3.3270502457412094,1.153127167054477,0.008098579978620773,0.21713890248174536,1.0729622491969584,-37.56412891376536,-0.0023534431381495285,0.020007
9.820022106170654,3.3272119373814886,1.1448810346023688,0.04631414706519007,0.049465574066245424,0.369541719228134,-38.26754944373418,-0.002397513379290725,0.020007
9.848410367965698,3.3233313380938077,1.1445576568657478,-0.019838181527142507,-0.07296904680109893,-0.5456135152198464,-39.18270467818216,-0.0024548490841009587,0.020007
9.875426054000854,3.3239781046303034,1.145204412339487,-0.05066094089047566,-0.14854669944745882,-1.1127766355911912,-39.74986779855351,-0.002490382615489738,0.020007
9.9042227268219,3.330445770247251,1.140515435199903,0.08260184010138692,-0.2748687748106054,-0.9175301376360645,-39.554621300598384,-0.0024781501601088326,0.020007
9.931601762771606,3.329960695310079,1.1458511678152155,0.1642728829740567,-0.27974992706219054,-0.756518607614082,-39.393609770576404,-0.0024680625714584184,0.020159
9.961619853973389,3.3257567126292824,1.144234279129624,0.12079744911694083,-0.30848318855972584,-0.8915795692867521,-39.528670732249076,-0.0024765243221411006,0.020159
9.989084005355835,3.324624871171379,1.1450427234708658,0.06326787132139425,-0.31593824417161626,-1.033639524989816,-39.67073068795214,-0.0024854245692018727,0.020159
10.019150257110596,3.313953223828728,1.1448810346023688,-0.23248668668433184,-0.32368842859110536,-1.9358698573466024,-40.572961020308924,-0.00254195051153345,0.020159
10.046694993972778,3.3200975054799873,1.1427790793232169,-0.29241811676486335,-0.3620249488928872,-2.0451700875856953,-40.68226125054802,-0.002548798317786189,0.020159
10.078242301940918,3.313468148979088,1.150863522819649,-0.4930797800708263,-0.2622782374248541,-2.5667804531678327,-41.20387161613015,-0.002581477907894216,0.020159
10.108999013900757,3.3200975054799873,1.1456894789460967,-0.47483328213537407,-0.27346819639306513,-2.522873477620778,-41.1599646405831,-0.0025787270768938397,0.020159
10.138561964035034,3.3194507389709504,1.1568460112077228,-0.47754460357452466,-0.10661762352963819,-2.9025764406823753,-41.539667603644695,-0.002602515977602912,0.020159
10.167538404464722,3.314923373535717,1.158139522233065,-0.5878296154747727,0.03043094261548092,3.0368616295307334,-41.883414840611174,-0.002624052203771068,0.020159
10.197054862976074,3.317995514342339,1.152157033807983,-0.5914807439982389,0.032694051192265566,3.0329308906602233,-41.88734557948168,-0.002624298469841656,0.020159
10.223263263702393,3.322684571561889,1.1605648554272006,-0.48177847581331124,0.1659237998981664,2.6698600879502123,-42.250416382191695,-0.0026470453433619203,0.02031
10.251038074493408,3.319612430597781,1.1566843223301186,-0.4785352716608564,0.1984251282404614,2.597112442382906,-42.323164027759,-0.002651603081082125,0.02031
10.27757740020752,3.3181572059665974,1.1555525001903935,-0.5111037359018484,0.2034545386985807,2.6251431792116504,-42.29513329093025,-0.0026498469177647665,0.02031
10.305485486984253,3.323007954827276,1.1555525001903935,-0.4177726348886845,0.20697512601925958,2.492405858144841,-42.427870611997065,-0.0026581630892420337,0.02031
10.330506801605225,3.3257567126292824,1.160079788786116,-0.286634413386978,0.2803256152462365,2.074960607033425,-42.84531586310848,-0.0026843165949984593,0.02031
10.360036849975586,3.321552730142048,1.1523187226820866,-0.29548281756979466,0.21015196761274965,2.221679815270119,-42.698596654871785,-0.002675124439507457,0.02031
10.388556241989136,3.326565170822089,1.146336234423318,-0.1816767024183722,0.06735952914855743,2.182173995816972,-42.73810247432493,-0.0026775995321662647,0.02031
10.4156334400177,3.328343778871468,1.149408322967317,-0.05943177574921982,0.015506087222170051,0.456229809340659,-44.464046660801245,-0.0027857322539928922,0.02031
10.445145845413208,3.327535320662908,1.1453661012082326,0.006784833696680251,-0.08408246013611427,-0.4836654009602399,-45.40394187110214,-0.0028446179515247113,0.02031
10.47681975364685,3.329475620375486,1.1489232563521172,0.09958807473092644,-0.09809824190262423,-0.35368574316439955,-45.2739622133063,-0.0028364745513558723,0.02046
10.503331184387207,3.3312542284816056,1.146336234423318,0.20713099087641304,-0.14841561751219734,-0.3817140865818669,-45.301990556723766,-0.002838230564722799,0.02046
10.532076835632324,3.3255950209915803,1.1507018339466688,0.1469271569000704,-0.11528335101973673,-0.35265651850560686,-45.272932988647504,-0.0028364100690483917,0.02046
10.560093879699707,3.324948254443634,1.1440725902617488,0.08930060219118931,-0.19588823081144285,-0.705339369702324,-45.62561583984422,-0.002858506123451713,0.02046
10.586971759796143,3.32381641299575,1.1422940127233163,0.02186524003922605,-0.28015974683309014,-1.0738801740709774,-45.99415664421288,-0.0028815956999240075,0.02046
10.622132301330566,3.3204208887362214,1.1435875236588677,-0.10662983302031369,-0.31889664431343123,-1.5244654082069777,-46.44474187834888,-0.002909825470135457,0.02046
10.64802885055542,3.324948254443634,1.1403537463348823,-0.08818929075307956,-0.3966453816535259,-1.48545385630872,-46.40573032645062,-0.002907381344002936,0.02046
10.679969310760498,3.320744271993599,1.1481148119959428,-0.17592606950949188,-0.3295505146350048,-1.7472623652944914,-46.667538835436396,-0.002923783998790865,0.02046
10.707042217254639,3.3160552148735283,1.1523187226820866,-0.3495998704087018,-0.21676132330411696,-2.430278063275116,-47.35055453341702,-0.0029665758497972074,0.02061
10.735686540603638,3.3162169064943585,1.1254783712817935,-0.4673005636935621,-0.5580620288470833,-2.1424047170686027,-47.0626811872105,-0.0029485401979432494,0.02061
10.765310287475586,3.3205825803647677,1.1455277900771024,-0.4451749281039355,-0.48304849588758497,-2.181368956924103,-47.101645427066,-0.002950981359912735,0.02061
10.798834562301636,3.3191273557181473,1.1540973003054682,-0.4645256907084718,-0.2963618086833659,-2.465326603108348,-47.38560307325025,-0.00296877168790015,0.02061
10.8245849609375,3.314923373535717,1.1523187226820866,-0.5787163764685215,-0.19352922913797901,-2.7822364920792726,-47.70251296222118,-0.0029886265181644834,0.02061
10.855099439620972,3.313306457363112,1.1458511678152155,-0.697359529091748,-0.22281224509134742,-2.805805149461715,-47.72608161960362,-0.002990103126210405,0.02061
10.884175777435303,3.3199358138523,1.1597564110260203,-0.621700073958791,-0.025588835875239416,-3.136607419864672,-48.056883890006574,-0.00301082833283376,0.02061
10.91169285774231,3.3218761134034294,1.160079788786116,-0.5222868448088046,0.11753084192009185,2.800418650762266,-48.403043126559226,-0.0030325156740161445,0.02061
10.937586307525635,3.327535320662908,1.1507018339466688,-0.31721371464501846,0.07087917058286337,2.683916638988615,-48.51954513833287,-0.003039814681556522,0.02061
10.96815037727356,3.3204208887362214,1.154258989181071,-0.3439851012992601,0.09391920344836825,2.6479796355033547,-48.55548214181813,-0.00304206618310078,0.02061
10.998313188552856,3.3244631795356807,1.1516719671864217,-0.2659508816704606,0.06954089705016075,2.554431424914595,-48.64903035240689,-0.003047927104161979,0.02077
11.028851747512817,3.3272119373814886,1.158139522233065,-0.1455204760891988,0.1537419070213402,1.6698106127272898,-49.5336511645942,-0.003103349786399223,0.02077
11.057787895202637,3.326726862461509,1.1464979232929342,-0.07283209559232959,0.030404132243268333,0.7579015973327121,-50.445560179988775,-0.0031604821112249585,0.02077
11.084818363189697,3.332062686723129,1.1432641459242348,0.10579171166177034,-0.10656521990534461,-0.3479663678865243,-51.551428145208014,-0.0032297662248116014,0.02077
11.111496448516846,3.328990545443473,1.1471446787726438,0.15727998560832482,-0.1416842745511423,-0.3980235806378249,-51.60148535795931,-0.0032329023764347334,0.02077
11.142040252685547,3.329152237087191,1.1439109013939974,0.19719274526342837,-0.21690052276290986,-0.5409720968438823,-51.74443387416537,-0.003241858293004664,0.02077
11.172430515289307,3.3228462631944398,1.1419706349906702,0.07416393429497725,-0.2999316421133803,-0.9450056669892783,-52.14846744431076,-0.003267171538932011,0.02077
11.200950860977173,3.329313928731195,1.146174545553826,0.1428824772434686,-0.29223064316648295,-0.7860326077583869,-51.98949438507987,-0.003257211663215035,0.02077
11.227096796035767,3.3183188975911415,1.1411621906612257,-0.07224034423531797,-0.3653209536475424,-1.4166100010620406,-52.620071778383526,-0.003296718183990468,0.02092
11.260616540908813,3.3194507389709504,1.1479531231250817,-0.19572954704448894,-0.3101550605589925,-1.81262631110018,-53.01608808842167,-0.003321529137802125,0.02092
11.289208173751831,3.3141149154458462,1.1476297453837327,-0.40991391228476565,-0.2766022264475399,-2.417397487938179,-53.62085926525967,-0.003359418864449252,0.02092
11.318444728851318,3.3199358138523,1.1505401450738135,-0.4204881421939175,-0.2075456228338847,-2.587818063843064,-53.79127984116455,-0.0033700959424638535,0.02092
11.349056243896484,3.3188039724664873,1.1460128566844585,-0.45498687550001193,-0.23009207517562233,-2.585145292287128,-53.78860706960862,-0.0033699284897354114,0.02092
11.37610125541687,3.3197741222248975,1.1534505448043078,-0.45591018394646876,-0.12941889657512765,-2.8373359818524175,-54.040797759173905,-0.003385728575216567,0.02092
11.4016273021698,3.3186422808410865,1.1589479666279756,-0.4836532721807774,0.027128279760350225,2.9922561467868296,-54.49439093771424,-0.003414146797185665,0.02092
11.428615093231201,3.3218761134034294,1.1612116109504032,-0.42565408356418094,0.17215434263107945,2.552684204144944,-54.93396288035613,-0.0034416865698903235,0.02092
11.454645156860352,3.3209059636227165,1.157169388963307,-0.40828045693428544,0.21038144506068557,2.439131269318586,-55.047515815182486,-0.0034488008137983175,0.02092
11.481205463409424,3.32122934688181,1.1626668108849536,-0.38837698318684555,0.32321636961063543,2.2091041151069635,-55.277542969394105,-0.003463212324016221,0.02108
11.510329484939575,3.32381641299575,1.1667090329787935,-0.3125090697253877,0.4654919600468494,1.9267859866322254,-55.55986109786884,-0.0034808999340166917,0.02108
11.538434982299805,3.3233313380938077,1.158786277748743,-0.2710144332805824,0.44103423373646333,1.8641974023269816,-55.622449682174086,-0.003484821192901673,0.02108
11.565427303314209,3.326241787544107,1.157169388963307,-0.17229076897464485,0.39859736883445546,1.6687606954810168,-55.81788638902005,-0.0034970655651251066,0.02108
11.591976881027222,3.333032836622422,1.1610499220694142,0.05939644853473077,0.4296510592961912,1.1719096392457196,-56.31473744525535,-0.003528193951242182,0.02108
11.619354724884033,3.3335179115759406,1.1642836997130566,0.23319040500430852,0.5020215567282859,0.9631574896513305,-56.52348959484974,-0.0035412725538410796,0.02108
11.652375221252441,3.3251099460801914,1.1524804115563148,0.15355584358525673,0.3678707722310944,0.9398187132335926,-56.54682837126748,-0.003542734759535752,0.02108
11.679132461547852,3.3259184042672705,1.160079788786116,0.11716648930012626,0.39295256759452435,1.0319390619715156,-56.45470802252956,-0.0035369632959376235,0.02108
11.70733642578125,3.332062686723129,1.1388985465552737,0.2387907210865107,0.07886425783872315,0.25875171597889374,-57.227895368522184,-0.0035854045218238328,0.02108
11.733945846557617,3.332386070021746,1.1510252116927542,0.3316696193897201,0.04887585285060071,0.1449551677589667,-57.34169191674211,-0.003592534028438191,0.02108
11.761001348495483,3.3297990036649283,1.1460128566844585,0.33474936054910504,-0.05059704219649877,-0.07024201665214963,-57.556889101153224,-0.003606016421126281,0.02123
11.788829565048218,3.326888554101216,1.1403537463348823,0.26722775785097314,-0.20883566017167088,-0.4512734196292428,-57.93792050413032,-0.0036298885503806173,0.02123
11.816937685012817,3.326888554101216,1.1419706349906702,0.21996263596225243,-0.29428623829951883,-0.67373526921112,-58.160382353712194,-0.0036438260841006294,0.02123
11.845329761505127,3.3223611882976476,1.1435875236588677,0.07848995492922753,-0.3287851883399359,-0.9900611532776076,-58.47670823777868,-0.0036636443256731783,0.02123
11.87380337715149,3.3200975054799873,1.1474680565132453,-0.07473446763538949,-0.2921749614165356,-1.3907497580517558,-58.87739684255283,-0.0036887480050265646,0.02123
11.902238845825195,3.324139796265143,1.149408322967317,-0.08521737348627473,-0.23616805617339506,-1.392044163868822,-58.87869124836989,-0.0036888291012898413,0.02123
11.928340435028076,3.3223611882976476,1.1388985465552737,-0.13513605168473794,-0.3615201787988251,-1.603020513759872,-59.08966759826094,-0.0037020470530251992,0.02123
11.958325386047363,3.3244631795356807,1.1401920574699855,-0.11975654694030931,-0.4290135012280945,-1.5599664953769172,-59.046613579877985,-0.0036993496609369725,0.02123
11.984808444976807,3.3184805892159708,1.1515102783128175,-0.2522166937236092,-0.29904364179449927,-2.0040253622999344,-59.490672446801,-0.003727170545475345,0.02123
12.011616706848145,3.3205825803647677,1.1529654781797491,-0.2946162191249968,-0.18527992998040127,-2.3792182520480334,-59.8658653365491,-0.003750676884032728,0.02123
12.040591955184937,3.3171870562253356,1.1613732998315176,-0.40558620358398145,0.026000241501278495,2.9686059957979944,-60.80122639588266,-0.003809278510915501,0.02139
12.069400072097778,3.311689541219048,1.1610499220694142,-0.6148780799804596,0.1688330701629557,2.7681824300731157,-61.001649961607534,-0.0038218353165467857,0.02139
12.098007202148438,3.3173487478481647,1.1507018339466688,-0.6258985387903585,0.10679073035287504,2.8881944001408573,-60.88163799153979,-0.0038143164054041862,0.02139
12.12733244895935,3.3188039724664873,1.1406771240650477,-0.5987741531175136,-0.09360092851169194,-2.9915607506174644,-60.478207835118525,-0.0037890409641572506,0.02139
12.155428409576416,3.316701981358561,1.1544206780567985,-0.6301096595150173,-0.018685220313442767,3.1340482418314304,-60.635784149849215,-0.0037989133319549745,0.02139
12.182934999465942,3.3272119373814886,1.1518336560601505,-0.40043162058040616,-0.006750554010030834,3.0837138693504262,-60.68611852233022,-0.0038020668480074943,0.02139
12.213824987411499,3.3252716377170346,1.1552291224373124,-0.28610860659613147,0.05476826988901068,2.682867052145564,-61.086965339535084,-0.0038271804395821995,0.02139
12.241923809051514,3.3281820872291825,1.146174545553826,-0.136405076531876,-0.043940704764804654,0.0,-61.086965339535084,-0.0038271804395821995,0.02139
12.2734215259552,3.3301223869555163,1.1456894789460967,0.014839009264492964,-0.12063192353102704,-0.5959624599554189,-58.08260954445648,-0.003638953513124802,0.021548
12.302807807922363,3.333841294879721,1.1416472572585201,0.20974213369146155,-0.2376069135575529,-0.5646337090781777,-58.05128079357924,-0.0036369907247969244,0.021548
12.331599473953247,3.3247865628073634,1.1440725902617488,0.12940011823094816,-0.2815147245879037,-0.7854407331535895,-58.27208781765465,-0.0036508245814759507,0.021548
12.357767820358276,3.316378598115474,1.1479531231250817,-0.12812960429441625,-0.2514907002172547,-1.568614163111246,-59.05526124761231,-0.0036998914489373563,0.021548
12.385312557220459,3.3162169064943585,1.1372816579230312,-0.3122713774135622,-0.39756248371563135,-2.027622206616635,-59.5142692911177,-0.003728648919470563,0.021548
12.410855054855347,3.317672131094681,1.1447193457339961,-0.40633191218815984,-0.38335704176114066,-2.2289819993431745,-59.71562908384424,-0.003741264380981181,0.021548
12.436830282211304,3.3181572059665974,1.1505401450738135,-0.4605613842709608,-0.28227399355340527,-2.481617436192428,-59.968264520693495,-0.0037570923304771266,0.021548
12.469348192214966,3.3220378050345496,1.1456894789460967,-0.4056187944363936,-0.287465225683044,-2.3819690007274974,-59.86861608522857,-0.00375084922213271,0.021548
12.499415636062622,3.320744271993599,1.1557141890671216,-0.39812672208781175,-0.1341370634278237,-2.758613367581073,-60.24526045208214,-0.0037744464976805906,0.021548
12.535159826278687,3.3165402897368743,1.1505401450738135,-0.4935274251593069,-0.10782000872008685,-2.921120810990806,-60.40776789549187,-0.0037846278073142793,0.021548
12.561276912689209,3.3200975054799873,1.1570077000854522,-0.4751466336973069,0.011867753477175728,3.0293712175941425,-60.74046117408651,-0.0038054714881411256,0.02171
12.589769124984741,3.3181572059665974,1.1639603219464303,-0.5087316893273496,0.2045099512086764,2.5902592450682635,-61.17957314661239,-0.003832982443100117,0.02171
12.615256786346436,3.3221994966659554,1.1552291224373124,-0.4354670403780926,0.20265062354209762,2.493013883738131,-61.27681850794252,-0.003839074995621823,0.02171
12.643388271331787,3.3231696464603986,1.1610499220694142,-0.3609559803831837,0.2924883375915372,2.1900930694553744,-61.57973932222528,-0.003858053391564746,0.02171
12.67152190208435,3.324139796265143,1.1579778333544588,-0.2855724324097094,0.30727346975084524,1.9972916356530086,-61.772540756027645,-0.0038701326603919088,0.02171
12.697718143463135,3.3302840786012404,1.1534505448043078,-0.08570717190946228,0.24673698487339965,1.3916741152754408,-62.378158276405216,-0.003908075411598723,0.02171
12.724746704101562,3.326565170822089,1.1540973003054682,-0.034833750456143085,0.21448802784931983,1.1741006451753533,-62.5957317465053,-0.003921706681777407,0.02171
12.753363847732544,3.3200975054799873,1.1584628999906534,-0.1540610614051064,0.26026818988555334,1.6395532994366584,-62.130279092243995,-0.003892545447722986,0.02171
12.78088665008545,3.3270502457412094,1.152157033807983,-0.0710685697136522,0.19358012428131277,1.2855275707850826,-62.484304820895574,-0.003914725635202806,0.02171
12.809628248214722,3.329475620375486,1.1570077000854522,0.04509069234363347,0.222847846578152,0.9390694496768831,-62.83076294200377,-0.003936431701904102,0.021868
12.837798118591309,3.3270502457412094,1.1560375668209533,0.06833765791047279,0.22814537840098312,0.8904693234118858,-62.87936306826877,-0.003939476565101492,0.021868
12.863879442214966,3.3356199030710316,1.1529654781797491,0.2897718372047057,0.18375238415642944,0.45133618680537935,-63.31849620487528,-0.003966988846018565,0.021868
12.894916296005249,3.3276970123040464,1.1495700118392995,0.25509833059518056,0.09951273127342766,0.30140033464262084,-63.46843205703804,-0.003976382528572608,0.021868
12.921454191207886,3.3272119373814886,1.1513485894393383,0.21921397249673938,0.0683930753873886,0.24877283468510272,-63.52105955699555,-0.003979679712142,0.021868
12.950520277023315,3.329637312020064,1.1555525001903935,0.25215943980405914,0.1124321017014251,0.33404029474653346,-63.43579209693412,-0.003974337591225269,0.021868
12.981211185455322,3.333032836622422,1.1495700118392995,0.3565115946798519,0.04958853355492347,0.14270007915580907,-63.62713231252485,-0.003986325312768548,0.021868
13.014014482498169,3.335458211415841,1.1498933895836387,0.4876226247760931,0.010661326949716806,0.050046888926143826,-63.71978550275452,-0.003992130159601925,0.021868
13.042582035064697,3.331577611777355,1.1469829899025297,0.4864971118920928,-0.062157337269088044,-0.06814427064758917,-63.83797666232825,-0.003999534994521093,0.022026
13.070306539535522,3.326565170822089,1.1524804115563148,0.3657092482049171,-0.027054453567071975,-0.013751229241663747,-63.78358362092233,-0.003996127197408221,0.022026
13.0972740650177,3.3297990036649283,1.1392219242832082,0.35857710071975,-0.2100773661338966,-0.3731850306209565,-64.14301742230163,-0.004018646207909358,0.022026
13.126322507858276,3.330607461893549,1.1254783712817935,0.3729394371828801,-0.5533832588279256,-0.8189418643690785,-64.58877425604975,-0.004046573472350283,0.022026
13.15634536743164,3.333841294879721,1.1374433467856981,0.46041243323434317,-0.606355629343215,-0.7854163050386055,-64.55524869671927,-0.004044473051021733,0.022026
13.187859535217285,3.326565170822089,1.1380901022376047,0.3474499731444782,-0.6333097070849796,-0.9141493332692062,-64.68398172494987,-0.004052538348173652,0.022026
13.218148231506348,3.3272119373814886,1.1393836131473611,0.28386012228128316,-0.6319243981732836,-0.9819543786246694,-64.75178677030533,-0.004056786425350951,0.022026
13.245253801345825,3.330445770247251,1.1414855683926313,0.3167665843216677,-0.5980432912574672,-0.9178589065607028,-64.68769129824136,-0.004052770757923612,0.022026
13.274600505828857,3.326241787544107,1.141000501795709,0.23915594334691606,-0.5819214527557427,-0.9963070385716308,-64.7661394302523,-0.004057685638777247,0.022026
13.305566549301147,3.3252716377170346,1.1447193457339961,0.1616026881529941,-0.5124083200892174,-1.0450863382783444,-64.814918729959,-0.004060741727431453,0.022026
13.333221912384033,3.3199358138523,1.1477914342543452,-0.020426521887478573,-0.415647862594407,-1.32117851921777,-65.09101091089843,-0.004078039273455222,0.022178
13.362897872924805,3.327858703945472,1.1471446787726438,0.041830447068332284,-0.3580421244334871,-1.1159745895974282,-64.8858069812781,-0.004065182971604194,0.022178
13.389562129974365,3.3162169064943585,1.148438189738039,-0.19329934145965597,-0.29746494351874636,-1.843182961346599,-65.61301535302727,-0.004110743552988282,0.022178
13.428852558135986,3.321552730142048,1.1374433467856981,-0.23014826722066214,-0.42721280862678485,-1.8446007927342232,-65.61443318441489,-0.004110832382029358,0.022178
13.455666303634644,3.3231696464603986,1.1464979232929342,-0.21723283917299302,-0.3762641687104215,-1.8483424665035881,-65.61817485818426,-0.004111066802917379,0.022178
13.485350131988525,3.322684571561889,1.1429407681900987,-0.21980494243564977,-0.39629632151052613,-1.8403644923772187,-65.6101968840579,-0.004110566972121166,0.022178
13.51266360282898,3.3270502457412094,1.152642100430668,-0.11708928643502194,-0.25842009695321455,-1.5607427638457008,-65.33057515552638,-0.004093048295199342,0.022178
13.54223346710205,3.3218761134034294,1.146336234423318,-0.16905929354216273,-0.26064091604760825,-1.7859533195462503,-65.55578571122692,-0.004107158039050159,0.022178
13.572603464126587,3.325433329354164,1.1495700118392995,-0.12027700993453835,-0.21156257886940333,-1.575427461167008,-65.34525985284768,-0.004093968311213182,0.022327
13.600958347320557,3.3191273557181473,1.1505401450738135,-0.2370971479898938,-0.1620178695291868,-2.314012769602691,-66.08384516128336,-0.004140241672963866,0.022327
13.629109382629395,3.327373629022055,1.1539356114299908,-0.12145189469572196,-0.07417201583295714,0.0,-66.08384516128336,-0.004140241672963866,0.022327
13.657474517822266,3.324624871171379,1.1544206780567985,-0.10630666934745907,-0.005084981438329579,0.0,-66.08384516128336,-0.004140241672963866,0.022327
13.690628051757812,3.3199358138523,1.1534505448043078,-0.20796307213777807,0.028086069040978455,2.526598662293754,-67.52641903656651,-0.004230620864129266,0.022327
13.716595888137817,3.319289047344406,1.1529654781797491,-0.29460642405762744,0.04371086760443546,2.7224217103975383,-67.33059598846272,-0.0042183522871070385,0.022327
13.744458198547363,3.317833822718367,1.1576544555976223,-0.39009547742603234,0.12806594946685695,2.6008232867475596,-67.4521944121127,-0.004225970591697725,0.022327
13.771706104278564,3.3213910385117864,1.1549057446847317,-0.3717765299674974,0.1440765310964396,2.5254715257142144,-67.52754617314605,-0.004230691480750111,0.022327
13.801753282546997,3.3200975054799873,1.157169388963307,-0.38992100706304733,0.1907269769864342,2.446533363456007,-67.60648433540426,-0.00423563706265702,0.022478
13.82813549041748,3.313468148979088,1.1594330332664262,-0.5613318032795551,0.25882532824300697,2.555700585139316,-67.49731711372095,-0.004228797589568978,0.022478
13.854127168655396,3.3184805892159708,1.153773922554638,-0.5613193731611273,0.21788657700905667,2.623285583879468,-67.4297321149808,-0.004224563298607726,0.022478
13.885996103286743,3.313791532211896,1.1583012111117965,-0.67356872507097,0.260115528643982,2.6536852197941303,-67.39933247906613,-0.004222658720580378,0.022478
13.912744283676147,3.32122934688181,1.1536122336794103,-0.5740787708825212,0.21625807169318628,2.6382896254380737,-67.41472807342218,-0.0042236232752484275,0.022478
13.942211389541626,3.315570140012753,1.156199255698057,-0.63991966336248,0.2260641816074332,2.6785954462892723,-67.37442225257098,-0.004221098061427351,0.022478
13.968755960464478,3.313306457363112,1.153773922554638,-0.740201829917519,0.19495377436415617,2.789931434514534,-67.26308626434572,-0.004214122712202047,0.022478
13.998813390731812,3.3141149154458462,1.1584628999906534,-0.7910445102958725,0.24659421244593063,2.7468202218516837,-67.30619747700857,-0.004216823687588741,0.022478
14.025893926620483,3.3191273557181473,1.154258989181071,-0.7066343982428135,0.2169197327525107,2.7387409812876604,-67.3142767175726,-0.004217329862863311,0.022478
14.058254957199097,3.310557699935179,1.1612116109504032,-0.8527085861707625,0.30500835972559176,2.7088677285261595,-67.3441499703341,-0.004219201462278997,0.022478
14.084896802902222,3.3199358138523,1.1566843223301186,-0.7304444139141082,0.29578432011965683,2.6458061077509254,-67.40721159110933,-0.004223152357534276,0.02263
14.11548638343811,3.3171870562253356,1.1570077000854522,-0.710665939936363,0.29439078366500326,2.633431588463949,-67.41958611039631,-0.004223927637790892,0.02263
14.148158073425293,3.3189656640921745,1.1393836131473611,-0.654240366458862,0.017465945351695156,3.0568017185352607,-66.996215980325,-0.004197402930408454,0.02263
14.178081750869751,3.32122934688181,1.1641220108296806,-0.560548919854042,0.2109603312430106,2.6322344413941616,-67.4207832574661,-0.004224002640662999,0.02263
14.204415321350098,3.321552730142048,1.1565226334526395,-0.4872229720967501,0.22741905455004377,2.516280212885964,-67.5367374859743,-0.0042312673288459335,0.02263
14.237560272216797,3.3165402897368743,1.155875877943975,-0.5558948001656134,0.22881357835734906,2.5960216418866295,-67.45699605697364,-0.004226271421198543,0.02263
14.265820980072021,3.3188039724664873,1.1568460112077228,-0.549771536080192,0.24497961879565755,2.561531890351695,-67.49148580850857,-0.004228432250463949,0.02263
14.293010950088501,3.310072625103513,1.1642836997130566,-0.7545174839527241,0.37275154837791574,2.568820230879696,-67.48419746798056,-0.004227975626139091,0.02263
14.319475412368774,3.3173487478481647,1.1662239663233807,-0.7236461215709542,0.4925716479287845,2.417626294424552,-67.63539140443571,-0.004237448129364097,0.02278
14.346723556518555,3.319612430597781,1.1380901022376047,-0.6478426236912136,0.13593938700542008,2.838236459671097,-67.21478123918916,-0.004211096337485524,0.02278
14.374946594238281,3.3184805892159708,1.1612116109504032,-0.6218769474492989,0.24832211770262255,2.628059539685035,-67.42495815917523,-0.004224264203863423,0.02278
14.405009031295776,3.3202591971079616,1.1633135664146865,-0.5611203317847289,0.3599014232974973,2.4018778322782546,-67.65113986658201,-0.004238434791673231,0.02278
14.434191942214966,3.324301487900269,1.158786277748743,-0.4218165107039987,0.36712085801191924,2.1926296140900656,-67.86038808477021,-0.004251544473635922,0.02278
14.46590542793274,3.3181572059665974,1.158786277748743,-0.4714006032320551,0.37217446231201223,2.265786125756345,-67.78723157310392,-0.0042469611199053665,0.02278
14.497416973114014,3.3218761134034294,1.1529654781797491,-0.4170772153000895,0.28457274289415563,2.3010006513220165,-67.75201704753825,-0.0042447548825733095,0.02278
14.52394437789917,3.3257567126292824,1.1592713443868174,-0.28614761967494734,0.32198571871325754,1.9625352658587358,-68.09048243300153,-0.004265960193649425,0.02278
14.555423736572266,3.322684571561889,1.1557141890671216,-0.26804528878701067,0.29247859764957923,1.946174446641205,-68.10684325221905,-0.004266985220951679,0.02278
14.58357310295105,3.323007954827276,1.1599180999060055,-0.24763172190828392,0.3376463997144555,1.8498481111984209,-68.20316958766183,-0.004273020195266971,0.022932
14.613323450088501,3.330930845187004,1.1586245888696356,-0.04366480272763927,0.349010695846487,1.2981103994967211,-68.75490729936354,-0.0043075873040809036,0.022932
14.641607761383057,3.324301487900269,1.1549057446847317,-0.059597640364011224,0.2987378535621806,1.3036364312141273,-68.74938126764613,-0.004307241090770423,0.022932
14.671867847442627,3.328343778871468,1.1518336560601505,0.026023567688850585,0.21544559770291943,0.9318581765614221,-69.12115952229884,-0.004330533497852037,0.022932
14.698883771896362,3.3220378050345496,1.1557141890671216,-0.06500932806448664,0.21790051294235183,1.2390436400404907,-68.81397405881977,-0.0043112879159080564,0.022932
14.728991746902466,3.3280203955871843,1.149084945223726,0.014493450588904565,0.11582148479218876,0.6854141834228827,-69.36760351543738,-0.004345973545082242,0.022932
14.75901460647583,3.330445770247251,1.1576544555976223,0.1282099141369885,0.1785433814982831,0.6152937872538371,-69.43772391160643,-0.004350366682098336,0.022932
14.79247760772705,3.3319009950742506,1.152157033807983,0.242650150456248,0.13637275841022942,0.37079559837083437,-69.68222210048943,-0.004365684822078039,0.022932
14.825390815734863,3.327373629022055,1.1495700118392995,0.2143712142165844,0.06634699325108416,0.22019662581837432,-69.83282107304188,-0.004375120050015298,0.023083
14.851906776428223,3.335296519760937,1.1485998786092737,0.3842533902914817,0.0021390843944774363,0.029841591272745927,-70.02317610758752,-0.0043870460486426606,0.023083
14.878567457199097,3.3280203955871843,1.1429407681900987,0.3289773534381072,-0.1314140443370957,-0.24533054742007226,-70.29834824628034,-0.0044042859527837425,0.023083
14.912791013717651,3.323493029727502,1.1431024570571047,0.18189703058641166,-0.2223695889813722,-0.5738173035846984,-70.62683500244496,-0.004424866089329524,0.023083
14.945877313613892,3.323654721361483,1.1403537463348823,0.08281177224966174,-0.3290764429210742,-0.9546562436569531,-71.00767394251721,-0.0044487261605243265,0.023083
14.97238826751709,3.3228462631944398,1.139706990876039,-0.005902746814599146,-0.41389782240642153,-1.2472994882206514,-71.3003171870809,-0.004467060652917996,0.023083
14.999727964401245,3.32381641299575,1.1473063676428823,-0.0447771042647798,-0.3542854507834674,-1.2982515785000994,-71.35126927736036,-0.004470252869820398,0.023083
15.032256364822388,3.3220378050345496,1.1395453020116384,-0.11456979843203145,-0.43407577333712277,-1.511814446286567,-71.56483214514682,-0.004483632870376498,0.023083
15.062035322189331,3.32122934688181,1.1445576568657478,-0.18277952223527485,-0.4114479899834648,-1.6809025952041017,-71.73392029406436,-0.00449422647005043,0.023232
15.0946524143219,3.3228462631944398,1.1432641459242348,-0.19181665295411146,-0.4158617054640543,-1.7020751040976343,-71.75509280295789,-0.004495552956174659,0.023232
15.121177434921265,3.327373629022055,1.145204412339487,-0.08975554817066368,-0.38857156051153224,-1.4374082929561751,-71.49042599181644,-0.004478971224916983,0.023232
15.151748657226562,3.3225228799296254,1.1426173904564594,-0.13444180635234343,-0.40997478670111104,-1.5584016378439054,-71.61141933670417,-0.004486551620510383,0.023232
15.17827558517456,3.3205825803647677,1.1388985465552737,-0.21217379796508598,-0.4831848901682216,-1.726993491478968,-71.78001119033924,-0.004497114126618169,0.023232
15.208788394927979,3.314276607063249,1.152157033807983,-0.41755392066663105,-0.32683703175633083,-2.3090969594921122,-72.36211465835238,-0.004533583690856795,0.023232
15.235815286636353,3.3205825803647677,1.1447193457339961,-0.4103522779850838,-0.33384922538963613,-2.2847641228327524,-72.33778182169303,-0.004532059205952616,0.023232
15.268895626068115,3.317833822718367,1.1479531231250817,-0.4711175751752376,-0.28812485077846156,-2.464602856614914,-72.51762055547519,-0.004543326344210094,0.023232
15.294423818588257,3.3150850651545474,1.1544206780567985,-0.5794597282985561,-0.15485196590017572,-2.849269325409524,-72.9022870242698,-0.004567426215221056,0.023232
15.32566523551941,3.317995514342339,1.1540973003054682,-0.5856218229748695,-0.06662423769218757,-3.044043518195286,-73.09706121705555,-0.00457962908004863,0.023232
15.353617191314697,3.3162169064943585,1.1599180999060055,-0.632515930489876,0.0862744149752222,2.921399497381945,-73.41480350865791,-0.00459953606145603,0.023384
15.38167405128479,3.3197741222248975,1.1555525001903935,-0.5801805224393807,0.12494903941290864,2.814461209728885,-73.52174179631098,-0.004606235888832842,0.023384
15.408165454864502,3.319289047344406,1.1479531231250817,-0.5551586392687315,0.03303393458330817,3.006392388283989,-73.32981061775587,-0.004594211142665975,0.023384
15.434401035308838,3.3202591971079616,1.1565226334526395,-0.514417516058353,0.10287057688825203,2.8134809599596937,-73.52272204608016,-0.004606297302797698,0.023384
15.464139223098755,3.324301487900269,1.1534505448043078,-0.3891245396955214,0.10365495986958095,2.662599184809633,-73.67360382123022,-0.004615750248697599,0.023384
15.496710538864136,3.3281820872291825,1.149246634095459,-0.20851622970145958,0.038381243183094355,2.3654046149392887,-73.97079839110056,-0.0046343698877357445,0.023384
15.527288675308228,3.3264034791829546,1.1311374812332662,-0.12467105869336242,-0.2908546470971338,-1.4880694354305242,-71.54108713429079,-0.004482145213548552,0.023384
15.556810855865479,3.332386070021746,1.1440725902617488,0.07724637354378058,-0.3187881380656162,-0.9229615235476423,-70.97597922240791,-0.0044467404437324365,0.023384
15.584958553314209,3.3344880614907253,1.1471446787726438,0.26891116112205066,-0.29024031726334165,-0.5713880863585246,-70.6244057852188,-0.00442471389560702,0.02354
15.622164249420166,3.315731831632726,1.1377667245114038,-0.045955743635279565,-0.4170922794424178,-1.3226243683952816,-71.37564206725555,-0.004471779857848473,0.02354
15.65069055557251,3.312497999287513,1.1309757923754162,-0.3437819221478013,-0.6122177582594613,-1.896280190635313,-71.94929788949558,-0.004507720165731284,0.02354
15.68143916130066,3.3183188975911415,1.1481148119959428,-0.41290542380920686,-0.48045117825916306,-2.1018002302030565,-72.15481792906333,-0.004520596272295163,0.02354
15.707971096038818,3.313468148979088,1.1437492125263704,-0.577420895001842,-0.456569000836078,-2.357440780092085,-72.41045847895235,-0.004536612496159964,0.02354
15.734829902648926,3.323007954827276,1.1529654781797491,-0.4641946462586694,-0.2955476813095133,-2.4395234408200914,-72.49254113968036,-0.0045417550851201615,0.02354
15.761378765106201,3.313306457363112,1.1576544555976223,-0.6171943179448587,-0.10941503477291413,-2.9697991728582753,-73.02281687171853,-0.004574977572077263,0.02354
15.789916515350342,3.3202591971079616,1.1516719671864217,-0.5578424911316419,-0.07279306970474038,-3.0328752202295215,-73.08589291908977,-0.004578929371178162,0.02354
15.816429853439331,3.332062686723129,1.1502167673284767,-0.23371556521573764,-0.0699425042268983,-2.6812025549464154,-72.73422025380667,-0.0045568966062793596,0.02354
15.843512773513794,3.328343778871468,1.1505401450738135,-0.0958589797073827,-0.06288381727943791,-0.5699632446122761,-70.62298094347253,-0.004424624627357558,0.023691
15.871748447418213,3.3331945282733075,1.1427790793232169,0.11676966908594641,-0.17946172097471302,-0.5157891734290959,-70.56880687228934,-0.004421230549023295,0.023691
15.900363206863403,3.326726862461509,1.1393836131473611,0.11077100603025787,-0.31423080789609464,-0.8323361490374234,-70.88535384789768,-0.004441062642277943,0.023691
15.927094221115112,3.327535320662908,1.132754369818548,0.12592678094232526,-0.5123666295017372,-1.0540026839143484,-71.1070203827746,-0.004454950348463306,0.023691
15.95583438873291,3.3255950209915803,1.1401920574699855,0.09008420994625504,-0.534606016720133,-1.12964260429406,-71.18266030315432,-0.0044596892910858405,0.023691
15.988338470458984,3.315570140012753,1.1348563249978665,-0.1750055767823685,-0.6337178860335811,-1.6162497647988134,-71.66926746365908,-0.004490175883374281,0.023691
16.015483617782593,3.312497999287513,1.1447193457339961,-0.43411680535081315,-0.5486658233837008,-2.0774049979597766,-72.13042269682005,-0.004519067878223833,0.023691
16.042596101760864,3.3147616819171715,1.1505401450738135,-0.5613011240080436,-0.3979901406891985,-2.418557924845896,-72.47157562370617,-0.004540441567380393,0.023691
16.069528579711914,3.3102343167137835,1.1515102783128175,-0.7587172284104055,-0.27732728941727214,-2.762134389685526,-72.8151520885458,-0.004561967094445395,0.023843
16.095802307128906,3.315246756773664,1.1539356114299908,-0.7769085182596254,-0.15488860975461805,-2.9520779197111002,-73.00509561857137,-0.004573867311761783,0.023843
16.12243938446045,3.312983074132016,1.154258989181071,-0.843835962781759,-0.06411824278786643,-3.099457193398253,-73.15247489225852,-0.004583100821239953,0.023843
16.148405075073242,3.319289047344406,1.1458511678152155,-0.7397174475083893,-0.13222455464626628,-2.9773806705180306,-73.0303983693783,-0.004575452563090239,0.023843
16.174917697906494,3.322684571561889,1.154258989181071,-0.5855441682704413,-0.04825340421202135,-3.111308580976561,-73.16432627983683,-0.004583843326592273,0.023843
16.201975107192993,3.3220378050345496,1.1432641459242348,-0.49310674323599807,-0.16162549542404622,-2.7838405778096225,-72.83685827666989,-0.004563327016290336,0.023843
16.228266716003418,3.3181572059665974,1.1411621906612257,-0.5213037660044476,-0.27389735022784367,-2.563787362172918,-72.61680506103318,-0.004549540386722621,0.023843
16.254832983016968,3.326080095905546,1.149408322967317,-0.3513642696504072,-0.22337372834130956,-2.3759918965760347,-72.4290095954363,-0.00453777474852829,0.023843
16.287623643875122,3.3288288538000423,1.1393836131473611,-0.16660016919582205,-0.34496921305272266,-1.602707829225817,-71.65572552808608,-0.004489327462919098,0.023843
16.319085121154785,3.3280203955871843,1.140515435199903,-0.056620138203005405,-0.4123645343342855,-1.3101164420021356,-71.3631341408624,-0.004470996219457443,0.023843
16.349629402160645,3.324301487900269,1.1426173904564594,-0.06866637519676397,-0.42662986837703365,-1.3485351964841767,-71.40155289534444,-0.0044734032060355046,0.023843
16.377410173416138,3.328505470514039,1.1406771240650477,0.023546421170963276,-0.4669953476226199,-1.173262931494072,-71.22628063035434,-0.004462422163182206,0.024
16.407445430755615,3.3228462631944398,1.1406771240650477,-0.04738849256975186,-0.49525118309453026,-1.336873304237261,-71.38989100309753,-0.004472672572820254,0.024
16.434009313583374,3.324301487900269,1.1432641459242348,-0.06220422325348649,-0.4745239406418141,-1.3585009337545686,-71.41151863261484,-0.00447402757286295,0.024
16.46233367919922,3.323493029727502,1.1388985465552737,-0.09193007309772519,-0.5283692979267091,-1.440813051415401,-71.49383075027568,-0.00447918453760823,0.024
16.487406253814697,3.3170253646027916,1.1256400601354586,-0.2675768687505021,-0.7736559658239559,-1.7228133016811236,-71.7758310005414,-0.004496852232111885,0.024
16.51384162902832,3.3202591971079616,1.1464979232929342,-0.313110276695571,-0.6187743787484435,-1.8378631837894366,-71.89088088264971,-0.004504060261778014,0.024
16.53986644744873,3.317995514342339,1.1439109013939974,-0.3991772068527835,-0.5508635957010231,-2.0185953909705154,-72.07161308983079,-0.004515383377344181,0.024
16.567895889282227,3.310072625103513,1.1479531231250817,-0.6491014534935275,-0.4400349099964289,-2.46651120636546,-72.51952890522574,-0.004543445904885544,0.024
16.594457626342773,3.3186422808410865,1.1595947221461609,-0.618887160863715,-0.1801763469778738,-2.859554892189256,-72.91257259104954,-0.0045680706197969035,0.024
16.620866298675537,3.322684571561889,1.1532888559293297,-0.5009629676191764,-0.09700953242935803,-2.995913842926893,-73.04893154178717,-0.004576613691238157,0.02416
16.650221347808838,3.317995514342339,1.1641220108296806,-0.5306740904993286,0.13082749679626643,2.695528916831245,-73.64067408920862,-0.004613687156750351,0.02416
16.678791046142578,3.3186422808410865,1.1610499220694142,-0.5359880067677899,0.24221214886945538,2.4869295632877177,-73.84927344275215,-0.004626756186471405,0.02416
16.713735818862915,3.3210676552521203,1.1650921441318232,-0.48164323562696615,0.38347254807979947,2.2127828156646503,-74.12342019037521,-0.004643931848484509,0.02416
16.740746021270752,3.3158935232529845,1.164768766363939,-0.5674728540286913,0.47729153606104063,2.231770917377953,-74.10443208866191,-0.004642742218404539,0.02416
16.77277374267578,3.324301487900269,1.1529654781797491,-0.42626327627474053,0.3581546945184732,2.152022179166296,-74.18418082687357,-0.004647738583983818,0.02416
16.800313472747803,3.3270502457412094,1.1477914342543452,-0.26161012012239254,0.19374624763097417,1.9665984302310253,-74.36960457580884,-0.004659355630943258,0.02416
16.83038878440857,3.328343778871468,1.1523187226820866,-0.11538516814202698,0.1495464102820683,1.3290668711021572,-75.00713613493771,-0.004699297839549506,0.02416
16.85601568222046,3.3259184042672705,1.1482765008669287,-0.07109221890895108,0.05531538525005623,0.8174267734634311,-75.51877623257644,-0.004731352778977339,0.024312
16.881579399108887,3.320744271993599,1.1413238795268663,-0.16395811921860903,-0.11950708830952295,-1.5894460926185427,-77.92564909865841,-0.004882146597305525,0.024312
16.908596992492676,3.3297990036649283,1.1251549935748322,-0.012190056476728937,-0.4950473548629651,-1.2502043551674684,-77.58640736120734,-0.004860892646734463,0.024312
16.934679746627808,3.328505470514039,1.146174545553826,0.06307984427501614,-0.4288116420911888,-1.042007777589197,-77.37821078362906,-0.004847848851468701,0.024312
16.96116876602173,3.3280203955871843,1.1495700118392995,0.10415587122655652,-0.32928208709990975,-0.8205202110932817,-77.15672321713315,-0.004833972357892826,0.024312
16.9911470413208,3.326888554101216,1.1220829053831918,0.10581231532515727,-0.6899911134977251,-1.1784913241399708,-77.51469433017984,-0.004856399729005025,0.024312
17.01918315887451,3.3257567126292824,1.1298439703739185,0.07987505176273249,-0.8209684593153613,-1.269848938131681,-77.60605194417154,-0.004862123406246684,0.024312
17.045764923095703,3.325433329354164,1.1432641459242348,0.05397703177886351,-0.7025260339963924,-1.2547954245666437,-77.5909984306065,-0.004861180283399725,0.024312
17.075358629226685,3.324624871171379,1.1435875236588677,0.016493579184754303,-0.6145530453277381,-1.2687806974327893,-77.60498370347266,-0.0048620564795318795,0.024312
17.103943586349487,3.3191273557181473,1.1481148119959428,-0.14135773560637832,-0.4820858792069499,-1.5289891898205241,-77.86519219586039,-0.004878358891130561,0.02446
17.135974407196045,3.3175104394712798,1.1437492125263704,-0.2905633303292185,-0.4577132914995264,-1.8825467184132496,-78.21874972445312,-0.004900509745247739,0.02446
17.167055368423462,3.3123363076732497,1.149408322967317,-0.5188782000209343,-0.3520448872314863,-2.4449234240638136,-78.78112643010368,-0.00493574340132444,0.02446
17.194605112075806,3.3165402897368743,1.1560375668209533,-0.5780534597124892,-0.17427953526576254,-2.857060365073414,-79.19326337111329,-0.004961564334322079,0.02446
17.221912384033203,3.3118512328321703,1.1476297453837327,-0.7317341921103627,-0.1814893587422766,-2.9190196836966398,-79.25522268973651,-0.0049654461688667575,0.02446
17.247991800308228,3.314923373535717,1.153773922554638,-0.7657623274498593,-0.09033370388063952,-3.079183815177261,-79.41538682121714,-0.004975480666860204,0.02455
17.275809049606323,3.315731831632726,1.1534505448043078,-0.7702271856355847,-0.031588036668638506,3.1068022593813738,-79.51258605383809,-0.004981570329356314,0.02455
17.304073572158813,3.316378598115474,1.157492766719392,-0.7578687170010104,0.07282507083212805,2.933088218666073,-79.68630009455339,-0.004992453747365558,0.02455
17.33028268814087,3.3162169064943585,1.1529654781797491,-0.7530887563081817,0.07502816885823786,2.9278537531222226,-79.69153456009724,-0.00499278169366359,0.02455
17.3583025932312,3.3199358138523,1.1424557015898258,-0.6607105330102768,-0.08798662160426744,-3.069121813372913,-79.40532481941278,-0.00497485026893039,0.02455
17.384700775146484,3.3184805892159708,1.154744055808629,-0.6308844839726325,-0.009691914263593794,3.049935421902979,-79.56945289131647,-0.004985133113116294,0.02455
17.414164781570435,3.3171870562253356,1.1566843223301186,-0.6409739889773336,0.07549412832723622,2.877453193594307,-79.74193511962514,-0.00499593935642351,0.02455
17.44578719139099,3.3165402897368743,1.1510252116927542,-0.6635205119820112,0.04651676219254942,2.944785892870041,-79.6746024203494,-0.00499172087236263,0.02455
17.47710347175598,3.313468148979088,1.1505401450738135,-0.7528514567228227,0.018637669214176655,3.021312408526701,-79.59807590469273,-0.004986926383354988,0.02455
17.504594802856445,3.309749241883829,1.154258989181071,-0.9044153625655766,0.05735015249028059,2.993960620076457,-79.62542769314298,-0.00498864000964437,0.02455
17.53544521331787,3.3136298405953495,1.1549057446847317,-0.9176068848961036,0.0945754732128373,2.947938695864963,-79.67144961735447,-0.004991523345019685,0.02455
17.56505846977234,3.3150850651545474,1.155875877943975,-0.8920022451031588,0.1358230714212941,2.886614175719829,-79.7327741374996,-0.004995365408586957,0.02455
17.59411072731018,3.315246756773664,1.1550674335609596,-0.8702080299445739,0.15203816207676088,2.8572916612701,-79.76209665194934,-0.004997202503507577,0.02455
17.626226663589478,3.3147616819171715,1.154258989181071,-0.8665649812236761,0.1507304974940907,2.8576169388519257,-79.76177137436751,-0.004997182124430116,0.02455
17.656683206558228,3.313791532211896,1.1473063676428823,-0.8872406507147612,0.040954373146894624,3.0140133637984947,-79.60537494942095,-0.0049873836783123696,0.02455
17.683682918548584,3.310557699935179,1.1469829899025297,-0.9791329629011472,-0.040952204931069366,3.1306667911276596,-79.48872152209178,-0.004980075184384034,0.02455
17.712007999420166,3.314438298680938,1.1421323238569312,-0.95055436885251,-0.1742361741749315,-2.9808327868167237,-79.31703579285657,-0.004969318842813746,0.02455
17.739003658294678,3.315246756773664,1.1422940127233163,-0.9111945165691233,-0.26500330718753684,-2.854061109536128,-79.19026411557597,-0.004961376426933621,0.02455
17.766324520111084,3.3162169064943585,1.150863522819649,-0.8604168160058678,-0.19436308823111118,-2.9314088253907364,-79.26761183143059,-0.004966222365236821,0.0
17.795310258865356,3.335134828106321,1.1414855683926313,-0.3719691990176377,-0.29175037429794887,-2.226064373345178,-78.56226737938502,-0.00492203158779302,0.0
17.821882963180542,3.3197741222248975,1.149246634095459,-0.39779781040879975,-0.23840249073418576,-2.4151109124122043,-78.75131391845204,-0.004933875607420883,0.0
17.84856343269348,3.3286671621568975,1.138251791100891,-0.20297461560551508,-0.37321086464907555,-1.6190280345912906,-77.95523104063113,-0.004883999945708962,0.0
17.8760883808136,3.331415920129337,1.1435875236588677,-0.0007919243704701416,-0.3840324267846094,-1.0584367130336712,-77.39463971907351,-0.004848878146344076,0.0
17.901532649993896,3.330445770247251,1.1485998786092737,0.11751015166539079,-0.3131265096305069,-0.7071856647423432,-77.04338867078218,-0.004826871796316187,0.024512
17.931305170059204,3.328343778871468,1.1511869005659838,0.1499990221094001,-0.2229860388125963,-0.4670393968385396,-76.80324240287837,-0.004811826310031975,0.024512
17.96056318283081,3.329152237087191,1.1300056592309056,0.19209607081420232,-0.49153326172482287,-0.8587727060707104,-77.19497571211053,-0.004836368928089577,0.024512
17.987231731414795,3.327535320662908,1.1445576568657478,0.18285432629105805,-0.4516682318548468,-0.8235770262219573,-77.15978003226178,-0.004834163871467002,0.024512
18.013837099075317,3.3251099460801914,1.1450427234708658,0.11832058848598848,-0.41616777447819275,-0.8728885777777717,-77.2090915838176,-0.004837253306414554,0.024512
18.039262771606445,3.328505470514039,1.1385751688278345,0.1544372957489148,-0.4925832724449119,-0.9117135234989998,-77.24791652953883,-0.0048396857414194075,0.024512
18.06846332550049,3.337560202955714,1.1413238795268663,0.39649320223396034,-0.503036148696003,-0.6560434287935863,-76.99224643483342,-0.004823667666532171,0.024512
18.098360538482666,3.327535320662908,1.1393836131473611,0.32593231828489927,-0.540732907300993,-0.760276224482342,-77.09647923052218,-0.004830197991203002,0.024512
18.12593388557434,3.330769153540133,1.1422940127233163,0.3539590574396204,-0.521551020375773,-0.7132971765591637,-77.049500182599,-0.004827254690741399,0.024353
18.158764362335205,3.3301223869555163,1.1312991700912394,0.3580939030445263,-0.6802755862619447,-0.8566473598497831,-77.19285036588963,-0.004836235772293757,0.024353
18.184863567352295,3.327373629022055,1.146174545553826,0.29518184102838274,-0.5584714040704792,-0.8097106625168784,-77.14591366855672,-0.004833295125153525,0.024353
18.215189456939697,3.3252716377170346,1.1439109013939974,0.2008208165300208,-0.5086515134264457,-0.8677455118497365,-77.20394851788957,-0.004836931086425235,0.024353
18.243505477905273,3.332062686723129,1.1424557015898258,0.2973487501474085,-0.49656239920354944,-0.7406792216954874,-77.07688222773533,-0.004828970212652809,0.024353
18.278301000595093,3.325433329354164,1.1340478806956586,0.20620862064815798,-0.6197455805971718,-0.9685118984382786,-77.30471490447812,-0.004843244235909343,0.024353
18.30540919303894,3.327858703945472,1.1460128566844585,0.20047504684324952,-0.5186320456099291,-0.8791912670155366,-77.21539427305538,-0.0048376481783620065,0.024353
18.33511471748352,3.3225228799296254,1.146174545553826,0.06871961015741708,-0.4453209256140671,-1.000868046125114,-77.33707105216496,-0.004845271392027495,0.024353
18.363551139831543,3.3257567126292824,1.148761567480633,0.05391015814529664,-0.3534968132751345,-0.89954269432052,-77.23574570036037,-0.0048389232226217155,0.024202
18.39240789413452,3.3286671621568975,1.1388985465552737,0.11322096238237009,-0.44365030877003103,-0.9198858877783319,-77.25608889381817,-0.004840197751019838,0.024202
18.419293880462646,3.326241787544107,1.1359881470261475,0.09667400798940771,-0.552327372831959,-1.0628557759591735,-77.39905878199902,-0.004849155006572699,0.024202
18.45006513595581,3.3160552148735283,1.1477914342543452,-0.15877981615946496,-0.443591199514333,-1.5342037647061901,-77.87040677074603,-0.0048786855912521365,0.024202
18.47999668121338,3.3175104394712798,1.1453661012082326,-0.30275878671636497,-0.4054505608516664,-1.940769864585531,-78.27697287062537,-0.004904157503569385,0.024202
18.509124040603638,3.331415920129337,1.1240231716043354,-0.07064084414806152,-0.7129293023742614,-1.4132699948402498,-77.74947300088009,-0.0048711089281138825,0.024202
18.534533262252808,3.3252716377170346,1.1464979232929342,-0.05525506309349374,-0.5762657143336586,-1.3425197184975233,-77.67872272453737,-0.004866676328258759,0.024202
18.560223817825317,3.3310925368341615,1.1358264581645936,0.09486982641761778,-0.6476898021089534,-1.1359722964842631,-77.47217530252411,-0.004853735854804537,0.024202
18.58721899986267,3.32381641299575,1.1379284133744423,0.025763696997729523,-0.6647752734286401,-1.2483158831034076,-77.58451888914325,-0.004860774331422773,0.024202
18.612741470336914,3.3175104394712798,1.1474680565132453,-0.1735783275063324,-0.5273680209786297,-1.5756836074378173,-77.91188661347766,-0.004881284359121142,0.024202
18.64152455329895,3.32122934688181,1.1481148119959428,-0.22408549258726068,-0.4210563621625763,-1.7222760697156256,-78.05847907575547,-0.004890468573807556,0.024202
18.66942596435547,3.3205825803647677,1.1379284133744423,-0.27492437832955285,-0.506131865466175,-1.8070367511313665,-78.14323975717122,-0.004895778944361355,0.024053
18.697682857513428,3.3281820872291825,1.1439109013939974,-0.1285761167452887,-0.47201383640343963,-1.4620228813891532,-77.798225887429,-0.00487416336194827,0.024053
18.727551221847534,3.3189656640921745,1.1434258347914892,-0.24677749022509932,-0.45572615248633325,-1.7672957858610656,-78.1034987919009,-0.004893289119501218,0.024053
18.754595518112183,3.3183188975911415,1.1456894789460967,-0.34500232146330134,-0.4088817369360982,-2.05417799964107,-78.39038100568091,-0.00491126267557722,0.024053
18.781049013137817,3.324624871171379,1.1392219242832082,-0.26279196808477173,-0.47735646449221497,-1.7949218520448593,-78.1311248580847,-0.004895019929659058,0.024053
18.81311345100403,3.324948254443634,1.1395453020116384,-0.19750278529818954,-0.5202254829332484,-1.6280751938296103,-77.96427819986945,-0.004884566762388727,0.024053
18.83902406692505,3.326565170822089,1.1214361499800685,-0.11309067982826634,-0.8337780714361686,-1.4922532005263485,-77.82845620656619,-0.004876057332052057,0.024053
18.869842767715454,3.322684571561889,1.141000501795709,-0.14690543089434108,-0.7469357988808359,-1.5327251625519251,-77.86892816859176,-0.004878592954840894,0.024053
18.896570682525635,3.3257567126292824,1.141000501795709,-0.09702737059093053,-0.6861462080921008,-1.446670543417234,-77.78287354945708,-0.004873201517350795,0.023894
18.923405647277832,3.3259184042672705,1.1371199690604876,-0.05824176062319773,-0.7043529846259766,-1.3890824025126731,-77.72528540855252,-0.004869593542962203,0.023894
18.949469089508057,3.326565170822089,1.1258017489892467,-0.015607962555750813,-0.8943129012525832,-1.379842115283466,-77.71604512132332,-0.004869014626554371,0.023894
18.977269887924194,3.3218761134034294,1.1437492125263704,-0.09802236682665523,-0.7462722069314732,-1.459676533644471,-77.79587953968432,-0.004874016360110104,0.023894
19.00546956062317,3.329637312020064,1.1460128566844585,0.030094002277675815,-0.6072006840439425,-1.1998496542637054,-77.53605266030355,-0.004857737857078948,0.023894
19.032483339309692,3.323007954827276,1.1385751688278345,-0.03893421816300336,-0.6263063091409332,-1.3293223488095076,-77.66552535484935,-0.0048658494953191436,0.023894
19.059006690979004,3.3183188975911415,1.1301673480880159,-0.19951203101985895,-0.7713258056417728,-1.61321980889547,-77.94942281493532,-0.00488363605256665,0.023894
19.085544109344482,3.3280203955871843,1.1443959679976239,-0.07965844147985607,-0.6500546580820495,-1.4088242075801762,-77.74502721362002,-0.004870830393569799,0.023894
19.114760398864746,3.3276970123040464,1.1456894789460967,-0.003502864484009155,-0.544911690853095,-1.2160878848754675,-77.55229089091532,-0.004858755204040372,0.023894
19.143909215927124,3.324301487900269,1.1469829899025297,-0.03148428359348077,-0.45105844973105397,-1.1994564729601749,-77.53565947900002,-0.004857713223742102,0.023745
19.17386269569397,3.329313928731195,1.1466596121626749,0.06892872472156569,-0.3904244719727701,-0.889975184624325,-77.22617819066417,-0.0048383238052867525,0.023745
19.20292043685913,3.324624871171379,1.1388985465552737,0.02695976424462457,-0.4694996698583806,-1.0865292831832742,-77.42273228922312,-0.004850638183602051,0.023745
19.233810663223267,3.321714421772596,1.145204412339487,-0.07209592565043303,-0.4261181355875525,-1.2844068865948406,-77.62060989263469,-0.004863035481274293,0.023745
19.260597467422485,3.3223611882976476,1.1421323238569312,-0.12595103819964165,-0.4438523256344743,-1.4475374331906135,-77.78374043923046,-0.0048732558291596315,0.023745
19.28862738609314,3.3270502457412094,1.1392219242832082,-0.051391553469812716,-0.5018358765810829,-1.2877737459066914,-77.62397675194653,-0.0048632464195330445,0.023745
19.314921140670776,3.3181572059665974,1.1427790793232169,-0.21210313316812138,-0.48672816248586104,-1.6827177242674207,-78.01892073030726,-0.004887990190324596,0.023745
19.341742515563965,3.3276970123040464,1.1385751688278345,-0.09621414866579488,-0.5419755440502797,-1.4084782550593813,-77.74468126109922,-0.004870808719179636,0.023745
19.367828607559204,3.326726862461509,1.1351797027196144,-0.038317666395946845,-0.63381326442106,-1.3313296274185318,-77.66753263345836,-0.004865975254020472,0.023745
19.397545337677002,3.3218761134034294,1.1413238795268663,-0.11391915951481373,-0.6018971430793078,-1.4626550712760777,-77.79885807731591,-0.004874202969493936,0.023745
19.425941228866577,3.3223611882976476,1.1401920574699855,-0.15522730190470105,-0.5972773762244405,-1.544758990155462,-77.8809619961953,-0.004879346890305876,0.023745
19.452680587768555,3.326726862461509,1.1343712584161711,-0.07962687366319535,-0.6851827737875251,-1.4198194451654327,-77.75602245120527,-0.0048715192599749465,0.023594
19.48136830329895,3.3228462631944398,1.140515435199903,-0.11960979895365935,-0.6505140268486553,-1.4825095735807394,-77.81871257962058,-0.004875446880734833,0.023594
19.509441137313843,3.3270502457412094,1.1228913496398547,-0.04695268599762511,-0.902195245209755,-1.4201527456309395,-77.75635575167078,-0.004871540141696849,0.023594
19.54008722305298,3.3233313380938077,1.1395453020116384,-0.08512496467116275,-0.8176126294355311,-1.4552011349222582,-77.7914041409621,-0.004873735970368139,0.023594
19.570869207382202,3.3199358138523,1.1434258347914892,-0.19313587886438838,-0.697645307608788,-1.6144921710626963,-77.95069517710255,-0.004883715767765652,0.023594
19.604171991348267,3.3199358138523,1.149084945223726,-0.26874351879964986,-0.5250605895936068,-1.8102785249113154,-78.14648153095116,-0.004895982045843499,0.023594
19.636126041412354,3.3251099460801914,1.1437492125263704,-0.19779790307751768,-0.4877955887701886,-1.6506366900728153,-77.98683969611267,-0.004885980270436308,0.023594
19.667931079864502,3.317672131094681,1.1434258347914892,-0.32620048015287906,-0.46677337914305167,-1.9907109886015615,-78.32691399464142,-0.004907286382077305,0.023594
19.693387985229492,3.3257567126292824,1.149408322967317,-0.22253390507190002,-0.3583869485819563,-1.7889336162642666,-78.12513662230413,-0.00489464475864312,0.023435
19.719829082489014,3.324139796265143,1.1431024570571047,-0.18867697969182148,-0.3812506219527735,-1.6472055849652332,-77.98340859100509,-0.00488576530709215,0.023435
19.748819828033447,3.3223611882976476,1.1427790793232169,-0.20755777602860648,-0.4023184842460537,-1.706314166169091,-78.04251717220895,-0.004889468539107973,0.023435
19.77519178390503,3.323493029727502,1.1482765008669287,-0.19367756004025602,-0.3309900409196327,-1.6874624961498288,-78.02366550218969,-0.004888287456656911,0.023435
19.804009437561035,3.3276970123040464,1.1500550784559953,-0.0833162474762785,-0.25321202963087175,-1.0209121077837005,-77.35711511382355,-0.004846527179416558,0.023435
19.832247018814087,3.324624871171379,1.1440725902617488,-0.07961171629383447,-0.29243830583923275,-1.1084026568077752,-77.44460566284764,-0.004852008579843182,0.023435
19.865148544311523,3.3223611882976476,1.1435875236588677,-0.1312120916499766,-0.32749163561772754,-1.3993935219793374,-77.7355965280192,-0.004870239548448213,0.023435
19.898609161376953,3.3220378050345496,1.1458511678152155,-0.17507428960170465,-0.3165859296271691,-1.606526129822816,-77.94272913586268,-0.004883216684580808,0.023435
19.925628900527954,3.323007954827276,1.1455277900771024,-0.18255202247858032,-0.3140152264336438,-1.6446354195616482,-77.9808384256015,-0.004885604282776988,0.023435
19.955883741378784,3.326726862461509,1.1456894789460967,-0.09875417806489312,-0.3096840886992214,-1.2270832667526217,-77.56328627279248,-0.004859444079485601,0.023276
19.983402729034424,3.3204208887362214,1.140515435199903,-0.19106342569316165,-0.3876649472868381,-1.656484640883286,-77.99268764692314,-0.004886346652410418,0.023276
20.009138822555542,3.321552730142048,1.1332394363965388,-0.22858312618412677,-0.5561755910323438,-1.708333587111004,-78.04453659315087,-0.00488959505854277,0.023276
20.035828828811646,3.3264034791829546,1.1443959679976239,-0.13871788623122236,-0.49944950785545156,-1.4942348287238723,-77.83043783476373,-0.00487618148372065,0.023276
20.062893390655518,3.322684571561889,1.1443959679976239,-0.1648444753764032,-0.4597412496316235,-1.5618153748815602,-77.89801838092141,-0.004880415495721629,0.023276
20.08818817138672,3.3197741222248975,1.1358264581645936,-0.25281050385996745,-0.5661226768175243,-1.7587358144539793,-78.09493882049384,-0.004892752825793544,0.023276
20.11729907989502,3.3223611882976476,1.1356647693031634,-0.2524512429463051,-0.6431213212281827,-1.730888439416026,-78.06709144545589,-0.004891008150338698,0.023276
20.14844274520874,3.326726862461509,1.1464979232929342,-0.14768363239229695,-0.5274001275314,-1.5201906849811886,-77.85639369102105,-0.004877807652982922,0.023276
20.176416397094727,3.327373629022055,1.140515435199903,-0.05886243377741833,-0.5400661744693561,-1.314766967377889,-77.65096997341776,-0.00486493758111951,0.023276
20.202972173690796,3.326565170822089,1.1497317007114067,-0.01604243376372295,-0.4046286142169304,-1.0757080476245242,-77.4119110536644,-0.004849960218657611,0.023125
20.22886371612549,3.329475620375486,1.1427790793232169,0.08360898750861585,-0.41868307883096245,-0.865059738802536,-77.20126274484241,-0.004836762819135902,0.023125
20.25924825668335,3.3319009950742506,1.144234279129624,0.21142950181638714,-0.405736394797865,-0.6390855718101041,-76.97528857784998,-0.004822605234011853,0.023125
20.288429260253906,3.330769153540133,1.1495700118392995,0.27380708591165837,-0.3131294139945889,-0.4039534035949385,-76.74015640963482,-0.004807873887808816,0.023125
20.317902326583862,3.3349731364519917,1.146174545553826,0.41811656417802845,-0.3014690834833232,-0.29309968971267175,-76.62930269575256,-0.004800928753718963,0.023125
20.351919651031494,3.325433329354164,1.141808946124533,0.2907460904695778,-0.3616612800718913,-0.4783462828113107,-76.8145492888512,-0.0048125347016272566,0.023125
20.378985166549683,3.3272119373814886,1.1393836131473611,0.24416740440883516,-0.44177049926412176,-0.6588649911246972,-76.99506799716458,-0.004823844441202559,0.023125
20.409033060073853,3.3288288538000423,1.1379284133744423,0.250272002645637,-0.5206317614372672,-0.7617711405731217,-77.09797414661301,-0.004830291649704286,0.023125
20.44126319885254,3.320744271993599,1.1351797027196144,0.060996835869609696,-0.6188726165919536,-1.1450241244387378,-77.48122713047863,-0.0048543029639856435,0.022966
20.468245267868042,3.3272119373814886,1.1358264581645936,0.08334292618887168,-0.6775146336897611,-1.151462303538084,-77.48766530957798,-0.004854706324554934,0.022966
20.495386123657227,3.3310925368341615,1.1374433467856981,0.19188841891527358,-0.6932475917465056,-1.0115323205564584,-77.34773532659635,-0.004845939523146455,0.022966
20.521702527999878,3.3231696464603986,1.1429407681900987,0.07819284112217616,-0.6181847176357815,-1.1159443447379,-77.45214735077779,-0.004852481076723119,0.022966
20.548242807388306,3.327858703945472,1.1350180138586787,0.1108640011750835,-0.6896913313036828,-1.1192755397382712,-77.45547854577816,-0.004852689780564847,0.022966
20.575281143188477,3.3210676552521203,1.1377667245114038,-0.02884683006696897,-0.6967079892706566,-1.3436720625042748,-77.67987506854416,-0.004866748524158784,0.022966
20.607328176498413,3.3239781046303034,1.141808946124533,-0.056966994868325835,-0.6383285141230212,-1.3713753383446758,-77.70757834438456,-0.004868484171605328,0.022966
20.63349986076355,3.326080095905546,1.1340478806956586,-0.02632852985513262,-0.7189818610408101,-1.3479029924101618,-77.68410599845005,-0.004867013597601,0.022966
20.661113739013672,3.3302840786012404,1.1351797027196144,0.09576355987875565,-0.7577176863144348,-1.182583540442656,-77.51878654648254,-0.00485665611185366,0.022966
20.689429759979248,3.326241787544107,1.141000501795709,0.08445382623687052,-0.6936935292956177,-1.1598927794207685,-77.49609578546065,-0.004855234505194047,0.022966
20.717758417129517,3.331415920129337,1.1440725902617488,0.20040798491919623,-0.6007753556045595,-0.912024466057768,-77.24822747209765,-0.004839705222388422,0.022966
20.744401693344116,3.328343778871468,1.1528037893051462,0.20802750538709228,-0.3990237752342153,-0.6184982274138671,-76.95470123345375,-0.004821315409229459,0.022808
20.776991605758667,3.3317393034256595,1.1453661012082326,0.29465149632214366,-0.3742533638555759,-0.47942635992116706,-76.81562936596104,-0.004812602369909109,0.022808
20.805068016052246,3.332062686723129,1.1460128566844585,0.3630302260019335,-0.3467874938908143,-0.37900511704972245,-76.7152081230896,-0.0048063108441425235,0.022808
20.83922028541565,3.3257567126292824,1.1403537463348823,0.25992758923647585,-0.41616897635768596,-0.5868782291400283,-76.92308123517991,-0.004819334373860937,0.022808
20.867269039154053,3.324301487900269,1.1429407681900987,0.15291703401087647,-0.42422968686360546,-0.7458302398585118,-77.08203324589839,-0.004829292930860336,0.022808
20.8978168964386,3.332062686723129,1.139868679740564,0.2638161023840252,-0.4779734477372193,-0.6789154585782873,-77.01511846461817,-0.004825100629923283,0.022808
20.92439079284668,3.324301487900269,1.1414855683926313,0.1556389932141362,-0.4902776259522327,-0.8467165783648453,-77.18291958440473,-0.004835613595493231,0.022808
20.95640754699707,3.3286671621568975,1.1473063676428823,0.18443114693051527,-0.4077513132655317,-0.6673154024369324,-77.00351840847682,-0.004824373870823115,0.022808
20.98793625831604,3.326565170822089,1.1479531231250817,0.15426307273179157,-0.33985631229158736,-0.5715115028247294,-76.90771450886461,-0.00481837162781442,0.022659
21.01595425605774,3.330607461893549,1.1479531231250817,0.22991961759129498,-0.29232981160982396,-0.37173664572204645,-76.70793965176193,-0.004805855464649758,0.022659
21.046483755111694,3.3247865628073634,1.145204412339487,0.14352435696080676,-0.302099234813564,-0.4938473232545956,-76.83005032929448,-0.0048135058626343225,0.022659
21.078498601913452,3.3288288538000423,1.141000501795709,0.1798218694320242,-0.3747606132450151,-0.6108044121980134,-76.9470074182379,-0.004820833381370714,0.022659
21.107763051986694,3.3319009950742506,1.1419706349906702,0.2787785191627836,-0.41043370545086094,-0.5559678185236424,-76.89217082456354,-0.00481739779511238,0.022659
21.138290643692017,3.328343778871468,1.1435875236588677,0.26288687935759986,-0.41008841534586726,-0.5725645474105715,-76.90876755345046,-0.004818437602472329,0.022659
21.162981510162354,3.3301223869555163,1.1447193457339961,0.29434337838713315,-0.3921251939023105,-0.5088064236398215,-76.8450094296797,-0.004814443070368736,0.022659
21.19045114517212,3.327373629022055,1.1393836131473611,0.2505564737681934,-0.4630952389454233,-0.6739829880430415,-77.01018599408293,-0.004824791604018226,0.022659
21.21999168395996,3.328343778871468,1.1445576568657478,0.24313144758137253,-0.43176161590926937,-0.6326817797547662,-76.96888478579466,-0.004822204027837065,0.022507
21.245582342147827,3.326241787544107,1.1427790793232169,0.18761134762870943,-0.4376761800155974,-0.7182231671073331,-77.05442617314722,-0.004827563310666565,0.022507
21.27526330947876,3.328343778871468,1.1498933895836387,0.19906985928372314,-0.33042397254965356,-0.4883051806085408,-76.82450818664843,-0.0048131586399525195,0.022507
21.30264401435852,3.3191273557181473,1.1434258347914892,-0.013554339537089484,-0.35661324778867604,-1.015267983599854,-77.35147098963974,-0.004846173567454419,0.022507
21.328927755355835,3.3257567126292824,1.1414855683926313,-0.00368160664085795,-0.40532548598824775,-1.07477130333585,-77.41097430937573,-0.0048499015303695514,0.022507
21.355489015579224,3.3272119373814886,1.145204412339487,0.03806801643155496,-0.3811962068784653,-0.9095142019718356,-77.24571720801171,-0.004839547950971279,0.022507
21.38409399986267,3.329637312020064,1.1485998786092737,0.12535727055842297,-0.3111411556962037,-0.5420778323832496,-76.87828083842312,-0.004816527568821596,0.022507
21.413910388946533,3.329960695310079,1.1466596121626749,0.1942016842940386,-0.29248236614837253,-0.4000838396536908,-76.73628684569357,-0.0048076314544297245,0.022507
21.443475246429443,3.330607461893549,1.146336234423318,0.257876645684875,-0.28448450448423507,-0.3234130719802148,-76.6596160780201,-0.00480282792783945,0.022507
21.469495058059692,3.329475620375486,1.1445576568657478,0.27535234312261314,-0.3067341017864399,-0.3585014183011939,-76.69470442434107,-0.004805026259872324,0.022349
21.495535612106323,3.328990545443473,1.14682130103254,0.27597242763093605,-0.28686578289895,-0.315333083519827,-76.6515360895597,-0.004802321705708169,0.022349
21.521522998809814,3.3288288538000423,1.153773922554638,0.2725355189011005,-0.16409720079031437,-0.029793179301411496,-76.36599618534129,-0.004784432247129391,0.022349
21.549126386642456,3.3312542284816056,1.1502167673284767,0.3281942017955597,-0.1338553959868001,0.03874768640578059,-76.2974553196341,-0.004780138069818592,0.022349
21.575754165649414,3.333841294879721,1.149408322967317,0.4290907684631799,-0.1253443603725779,0.046870711749120865,-76.28933229429076,-0.004779629151368781,0.022349
21.60228729248047,3.3322243783722945,1.155875877943975,0.46100868452358973,-0.018120812088493046,0.22065059157457512,-76.1155524144653,-0.00476874160845084,0.022349
21.63039469718933,3.3322243783722945,1.1329160586777547,0.48335122576585526,-0.3025579870907208,-0.23999965708517018,-76.57620266312504,-0.00479760196534302,0.022349
21.658414125442505,3.331577611777355,1.1466596121626749,0.48350713258494765,-0.2864741481245368,-0.21516371166472717,-76.5513667177046,-0.004796045959999109,0.022349
21.691256284713745,3.328505470514039,1.1429407681900987,0.4100678766181295,-0.3334433071004057,-0.32320468317944423,-76.65940768921931,-0.004802814872001142,0.022349
21.71781277656555,3.3281820872291825,1.1481148119959428,0.3509184617181067,-0.2853090624478276,-0.2693764004885918,-76.60557940652845,-0.004799442457780437,0.022197
21.748684644699097,3.326726862461509,1.1447193457339961,0.2746751608727807,-0.30477964687367576,-0.3599953270406122,-76.69619833308047,-0.004805119855261687,0.022197
21.776076078414917,3.3302840786012404,1.1482765008669287,0.3064661433882737,-0.26271285475896927,-0.2470149366291693,-76.58321794266904,-0.004798041482030414,0.022197
21.809586763381958,3.326241787544107,1.1435875236588677,0.23194563469355442,-0.3066838198615454,-0.4033324909386197,-76.73953549697849,-0.004807834986796795,0.022197
21.838634967803955,3.3204208887362214,1.144234279129624,0.04042644323769846,-0.32733691351927313,-0.8043625114711042,-77.14056551751098,-0.004832960056306081,0.022197
21.86868953704834,3.324139796265143,1.1435875236588677,-0.00460473587508481,-0.35192066099375346,-1.0188260894098073,-77.35502909544968,-0.004846396487563186,0.022197
21.89558219909668,3.326080095905546,1.1464979232929342,0.010325051440125462,-0.3235596653673007,-0.8916677486857979,-77.22787075472567,-0.004838429846698909,0.022197
21.926103591918945,3.328990545443473,1.1458511678152155,0.09045332345315213,-0.3138335504518749,-0.6340574376701433,-76.97026044371002,-0.0048222902146534494,0.022197
21.95197081565857,3.3244631795356807,1.1351797027196144,0.03815601565620665,-0.47411386890217433,-1.0967413809300388,-77.43294438696991,-0.004851277985244289,0.022197
21.978990077972412,3.3257567126292824,1.1421323238569312,0.03251564199444935,-0.4774493389547096,-1.1149909371896756,-77.45119394322954,-0.004852421344459463,0.022197
22.00700545310974,3.325433329354164,1.1431024570571047,0.020825444941058213,-0.46459429521369733,-1.1291765140831505,-77.46537952012301,-0.004853310089908007,0.022197
22.03214693069458,3.3175104394712798,1.1460128566844585,-0.17703510394602356,-0.41002614584149694,-1.7748110924193092,-78.11101409845917,-0.004893759963552766,0.02204
22.060783624649048,3.323007954827276,1.1414855683926313,-0.18392459251961418,-0.44271451462522354,-1.7752361388751958,-78.11143914491505,-0.004893786593284213,0.02204
22.088310956954956,3.3228462631944398,1.1416472572585201,-0.19261820215311357,-0.46306472732349047,-1.7892537367106391,-78.1254567427505,-0.004894664814619119,0.02204
22.113728523254395,3.3276970123040464,1.1393836131473611,-0.08257469695527878,-0.5127529123402504,-1.4515423297772583,-77.78774533581712,-0.004873506741310756,0.02204
22.141305685043335,3.3225228799296254,1.1376050356484892,-0.12941521050156335,-0.5753827414000175,-1.5815716013294356,-77.9177746073693,-0.0048816532498480785,0.02204
22.174319744110107,3.3264034791829546,1.141808946124533,-0.0693003452534457,-0.5534008406135796,-1.4302630132442562,-77.76646601928411,-0.004872173563544434,0.02204
22.20128059387207,3.326080095905546,1.138251791100891,-0.03496187512471653,-0.5937097095646652,-1.3660790666051663,-77.70228207264502,-0.00486815235306611,0.02204
22.234215259552002,3.326726862461509,1.1424557015898258,0.004558925082786731,-0.5561031365003007,-1.2541779894626084,-77.59038099550246,-0.004861141600261026,0.02204
22.260741710662842,3.329475620375486,1.1291972149472016,0.09802993870115491,-0.7373734566416953,-1.2016114796492696,-77.53781448568913,-0.004857848237806099,0.021882
22.29276204109192,3.3239781046303034,1.1448810346023688,0.03184674326935379,-0.6186930773201595,-1.240914083799279,-77.57711708983913,-0.004860310598753177,0.021882
22.321783304214478,3.329475620375486,1.1529654781797491,0.1171314114317802,-0.40903453484836116,-0.7929751284541724,-77.12917813449403,-0.004832246621462849,0.021882
22.352933168411255,3.330445770247251,1.1429407681900987,0.2000564867269802,-0.41923557780708154,-0.6663597803532192,-77.00256278639307,-0.0048243139998158345,0.021882
22.378955125808716,3.324139796265143,1.146174545553826,0.10713629456739115,-0.375743398152075,-0.7411139380004664,-77.07731694404032,-0.004828997448213292,0.021882
22.406965732574463,3.329313928731195,1.1466596121626749,0.1659631294341725,-0.33770393586748365,-0.5375756377929103,-76.87377864383276,-0.004816245500282495,0.021882
22.431999921798706,3.326726862461509,1.1507018339466688,0.14520642827401614,-0.24778517386843946,-0.29636456150810403,-76.63256756754795,-0.004801133302322804,0.021882
22.458791255950928,3.3259184042672705,1.1469829899025297,0.11132189858228266,-0.24306988784181016,-0.31839079446532537,-76.65459380050517,-0.004802513275406472,0.021882
22.487510442733765,3.3244631795356807,1.149084945223726,0.05276401824661219,-0.20685779575672,-0.2279537171243318,-76.56415672316417,-0.004796847271022581,0.021882
22.51659846305847,3.3255950209915803,1.1429407681900987,0.038870276059213366,-0.27771186044293045,-0.6093079368624837,-76.94551094290233,-0.004820739625180653,0.02173
22.54314351081848,3.3225228799296254,1.1505401450738135,-0.04440372939143659,-0.2083223666306662,-0.5016014359500882,-76.83780444198993,-0.0048139916682111645,0.02173
22.56907320022583,3.3252716377170346,1.1429407681900987,-0.03688908276385275,-0.2787370600546893,-0.9330118191933324,-77.26921482523318,-0.004841020108255684,0.02173
22.596166372299194,3.3244631795356807,1.1464979232929342,-0.05098366869567195,-0.27233114470994996,-0.9929244927458668,-77.32912749878571,-0.004844773717737327,0.02173
22.627965688705444,3.3281820872291825,1.1424557015898258,0.028182379998435023,-0.33113814110200007,-0.8371300816605269,-77.17333308770037,-0.004835012988596701,0.02173
22.658759355545044,3.3288288538000423,1.1447193457339961,0.09908248555834272,-0.33686000193159416,-0.6592653509841091,-76.99546835702395,-0.004823869524285571,0.02173
22.683682680130005,3.330445770247251,1.139060235419179,0.18742223861559523,-0.4294728954102775,-0.706729213464534,-77.04293221950438,-0.00482684319903046,0.02173
22.719153881072998,3.328505470514039,1.1450427234708658,0.20280845083964305,-0.40063103896700236,-0.6260005554132776,-76.96220356145312,-0.0048217854401568574,0.02173
22.744686126708984,3.3191273557181473,1.146336234423318,-0.010937325447949089,-0.36018857545727245,-1.06252020136942,-77.39872320740926,-0.004849133982373858,0.02173
22.770345449447632,3.321552730142048,1.1321076143829552,-0.10249485601249568,-0.5546636481580723,-1.5327442540353815,-77.86894726007522,-0.004878594150947979,0.02173
22.796130657196045,3.326080095905546,1.1498933895836387,-0.05819803265604088,-0.41231520024938373,-1.331954838630956,-77.66815784467079,-0.004866014424342807,0.021572
22.82479214668274,3.326241787544107,1.141808946124533,-0.023319288537469333,-0.4392535618081337,-1.2350383621710221,-77.57124136821085,-0.004859942476900025,0.021572
22.85325527191162,3.3281820872291825,1.1295205926603136,0.047547446109166225,-0.6505154637487667,-1.24036401774024,-77.57656702378007,-0.004860276136375646,0.021572
22.87878918647766,3.3317393034256595,1.1482765008669287,0.18231545482758482,-0.5047279265715364,-0.8386485756608598,-77.1748515817007,-0.004835108124285687,0.021572
22.909504175186157,3.3247865628073634,1.1481148119959428,0.11020144302623444,-0.40520829607760983,-0.7988669814230618,-77.1350699874629,-0.00483261575396616,0.021572
22.94108009338379,3.3259184042672705,1.1507018339466688,0.08681840890881774,-0.2950382260155301,-0.5414358929909535,-76.87763889903079,-0.004816487350456318,0.021572
22.96785545349121,3.3302840786012404,1.1516719671864217,0.17496641701351381,-0.20272930357457158,-0.09995729014118337,-76.43616029618101,-0.004788828122928326,0.021572
22.993923664093018,3.329152237087191,1.146336234423318,0.2095732472470784,-0.22165736068257205,-0.14692785524919358,-76.48313086128903,-0.004791770891930164,0.021572
23.02364730834961,3.324139796265143,1.1432641459242348,0.11379802693146343,-0.28300826495343406,-0.44736782863226526,-76.7835708346721,-0.0048105938598580885,0.021572
23.050172090530396,3.3297990036649283,1.1464979232929342,0.18223924582831824,-0.27532098813906897,-0.33016795085002953,-76.66637095688986,-0.004803251130074795,0.021414
23.076683282852173,3.3310925368341615,1.1500550784559953,0.26111584266287907,-0.21424369268448065,-0.10664511336885063,-76.44284811940868,-0.004789247124037614,0.021414
23.103438138961792,3.3204208887362214,1.1432641459242348,0.06084558881628597,-0.27781869735476655,-0.5395749572039186,-76.87577796324375,-0.004816370760329375,0.021414
23.132604122161865,3.326565170822089,1.1280653929551878,0.06775318205183817,-0.5602958663085225,-1.1354687313361918,-77.47167173737603,-0.0048537043057715465,0.021414
23.158815145492554,3.324301487900269,1.1474680565132453,0.01839494898161944,-0.4542324359945508,-1.1355563224160277,-77.47175932845586,-0.0048537097934703635,0.021414
23.184980392456055,3.3244631795356807,1.1552291224373124,-0.01228484647385914,-0.2584690475001475,-0.6966831320208017,-77.03288613806063,-0.004826213798532625,0.021414
23.217217922210693,3.331577611777355,1.157492766719392,0.13656188201712982,-0.08599163674991897,0.34891140946022925,-75.9872915965796,-0.004760705895911372,0.021414
23.24490714073181,3.3264034791829546,1.160241477666352,0.1168836195096608,0.07778052698279336,0.8401568505651752,-75.49604615547464,-0.004729928709112504,0.021414
23.279353141784668,3.329960695310079,1.1553908113137903,0.1882701285598874,0.11647167220011181,0.7745653285590274,-75.56163767748079,-0.004734038106078437,0.021414
23.307917594909668,3.3301223869555163,1.1573310778412869,0.24211165282871672,0.17393522139865786,0.7814609515868131,-75.554742054453,-0.004733606086032524,0.021255
23.333969593048096,3.3272119373814886,1.1502167673284767,0.21012329806024305,0.10276729954548743,0.715105637244497,-75.62109736879532,-0.004737763335614357,0.021255
23.359710931777954,3.3319009950742506,1.1540973003054682,0.29998951920254036,0.11370924811978358,0.6133811251079515,-75.72282188093186,-0.004744136512951145,0.021255
23.385944843292236,3.3247865628073634,1.1497317007114067,0.19257328808867852,0.053014181595467384,0.6458961344812174,-75.69030687155859,-0.004742099403934932,0.021255
23.412643671035767,3.3165402897368743,1.1540973003054682,-0.08003741803579212,0.07888206555476492,1.4656799798921665,-74.87052302614764,-0.004690738844764845,0.021255
23.438690185546875,3.326565170822089,1.152642100430668,-0.030864922744559795,0.07420477399248339,1.2726813169471831,-75.06352168909262,-0.00470283047026274,0.021255
23.46422553062439,3.330930845187004,1.148761567480633,0.1080719566869676,0.010171176449455527,0.7027870486251832,-75.63341595741463,-0.00473853511173951,0.021255
23.493330717086792,3.329313928731195,1.1476297453837327,0.16661809291786892,-0.05237386054162974,0.41082330457117633,-75.92537970146863,-0.004756827032513441,0.021255
23.521950006484985,3.324301487900269,1.138251791100891,0.08760038658781971,-0.24299082351430024,-0.35771202648360634,-76.6939150325234,-0.004804976803414519,0.021255
23.55280613899231,3.328505470514039,1.1560375668209533,0.1329331544201612,-0.09794169066373924,0.2979336409838505,-76.03826936505595,-0.004763899721587305,0.021255
23.57930302619934,3.324624871171379,1.1544206780567985,0.07176286503365562,-0.021723753819877047,0.7021710999651507,-75.63403190607465,-0.004738573701750494,0.021255
23.608004808425903,3.3301223869555163,1.160079788786116,0.1605565683603722,0.1202363993588513,0.8323027032716411,-75.50390030276816,-0.004730420781991297,0.0211
23.640861988067627,3.3259184042672705,1.1355030804418569,0.12206699664272834,-0.16520161328329963,0.021149538445136236,-76.31505346759467,-0.00478124061742876,0.0211
23.66756844520569,3.3302840786012404,1.1589479666279756,0.1996404284272654,0.0020803780646205506,0.5166673489024499,-75.81953565713735,-0.004750195760950688,0.0211
23.695406198501587,3.3252716377170346,1.1628284997671985,0.13394182770926347,0.17993726841981358,0.975937552183247,-75.36026545385656,-0.00472142186575538,0.0211
23.721115827560425,3.3252716377170346,1.1460128566844585,0.08795280720663728,0.041145948701958354,0.8353751050823992,-75.5008279009574,-0.004730228291890548,0.0211
23.74871301651001,3.329637312020064,1.157169388963307,0.1602766241009664,0.118675569310295,0.8312154254962556,-75.50498758054354,-0.004730488901404517,0.0211
23.77598524093628,3.3247865628073634,1.1642836997130566,0.09477426151759093,0.2843387137381585,1.1619067700095957,-75.1742962360302,-0.004709770644437159,0.0211
23.80201482772827,3.324624871171379,1.1540973003054682,0.04505164000185286,0.2408092380546545,1.2273302229500973,-75.1088727830897,-0.004705671777223963,0.0211
23.834153652191162,3.3168636729805336,1.152642100430668,-0.17556063695954718,0.18755379474241654,1.7798340512504105,-74.55636895478938,-0.004671056670175967,0.0211
23.860417366027832,3.3218761134034294,1.1544206780567985,-0.20998923890932333,0.17812308596443896,1.8788214993279828,-74.45738150671181,-0.004664854973579304,0.020942
23.887694358825684,3.3200975054799873,1.1570077000854522,-0.27666990332231484,0.21202791975633567,2.007264596867799,-74.328938409172,-0.004656807840974641,0.020942
23.91652512550354,3.324948254443634,1.1518336560601505,-0.2072173399644591,0.154748644038828,1.8917358950132903,-74.44446711102651,-0.004664045869341092,0.020942
23.945691347122192,3.3223611882976476,1.1649304552478181,-0.22053602821943155,0.31971644896437945,1.8124690718582255,-74.52373393418158,-0.004669012042294695,0.020942
23.97409415245056,3.317833822718367,1.1507018339466688,-0.3382462003392669,0.2124090955138624,2.133739003852925,-74.20246400218687,-0.004648884049477866,0.020942
24.008255004882812,3.32381641299575,1.159109655507334,-0.2774175217320437,0.2689395198838656,1.9572954838669727,-74.37890752217282,-0.004659938473030057,0.020942
24.037121772766113,3.323654721361483,1.1573310778412869,-0.23870841437329954,0.28066271477727506,1.8700215132622586,-74.46618149277754,-0.004665406304527767,0.020942
24.06736159324646,3.329313928731195,1.162343433120841,-0.07612816682433933,0.3673499670052984,1.5202941626345734,-74.81590884340523,-0.004687317192850172,0.020942
24.0960214138031,3.3213910385117864,1.1579778333544588,-0.15199941254631935,0.3596766103404885,1.6655235878470322,-74.67067941819276,-0.004678218374266936,0.020784
24.12614130973816,3.3228462631944398,1.1696194329350844,-0.17027057617178235,0.5365837524615704,1.6676109143202575,-74.66859209171953,-0.004678087600459381,0.020784
24.15516233444214,3.3233313380938077,1.160726544307813,-0.17144748779307992,0.5211782364675441,1.6715171137950637,-74.66468589224472,-0.004677842871814899,0.020784
24.184831619262695,3.320744271993599,1.1688109884986844,-0.23420680743747088,0.6369766618241893,1.7348287175744632,-74.60137428846532,-0.004673876314788596,0.020784
24.21140217781067,3.3286671621568975,1.152157033807983,-0.08846091352557071,0.45727605463835563,1.5464082531691954,-74.78979475287059,-0.004685681109997863,0.020784
24.237603902816772,3.3264034791829546,1.1631518775320648,-0.04063233737023667,0.5036375334401765,1.4755028207301977,-74.86070018530958,-0.004690123430590846,0.020784
24.264742851257324,3.321552730142048,1.1560375668209533,-0.12328136435807217,0.42469815920439447,1.605654191131334,-74.73054881490845,-0.004681969272396615,0.020784
24.290539264678955,3.3255950209915803,1.1612116109504032,-0.08436149176404797,0.4504532582419081,1.5393496155667044,-74.79685339047307,-0.004686123343125867,0.020784
24.31797957420349,3.3221994966659554,1.1662239663233807,-0.13840790208377082,0.5469628448335745,1.6213558732108373,-74.71484713282894,-0.0046809855409215085,0.020784
24.344754934310913,3.3171870562253356,1.168002544065437,-0.2962403816550985,0.6423676588034453,1.8104688931969204,-74.52573411284285,-0.00466913735617476,0.020635
24.377014636993408,3.320744271993599,1.1675174774070005,-0.3215618331408945,0.7015560912798531,1.8225257453348942,-74.51367726070488,-0.004668381978191766,0.020635
24.403460264205933,3.3297990036649283,1.1604031665467136,-0.12251265622233584,0.6315955822805626,1.5945323621890943,-74.74167064385068,-0.0046826660699203345,0.020635
24.43433713912964,3.317672131094681,1.1592713443868174,-0.27350080735424825,0.5649017062837389,1.8058093984389858,-74.53039360760079,-0.0046694292797806675,0.020635
24.460046529769897,3.324948254443634,1.1641220108296806,-0.20499897278682666,0.5941653638954366,1.7066849782397144,-74.62951802780006,-0.004675639557864756,0.020635
24.486217260360718,3.3228462631944398,1.163475255297434,-0.20737026834017647,0.6045233413467586,1.7079447203291167,-74.62825828571066,-0.004675560633330583,0.020635
24.514681816101074,3.322684571561889,1.1605648554272006,-0.21290114285269235,0.566204303006308,1.7229877748609983,-74.61321523117877,-0.004674618165756101,0.020635
24.5424325466156,3.3272119373814886,1.160726544307813,-0.10838565891676455,0.5419126218488594,1.5756414532235805,-74.76056155281618,-0.00468384961074409,0.020635
24.569998025894165,3.3210676552521203,1.1610499220694142,-0.18232159213124136,0.5299717364062727,1.6863476749609425,-74.64985533107883,-0.004676913717235249,0.020635
24.598512411117554,3.3257567126292824,1.1650921441318232,-0.12181868345675362,0.584904259355574,1.5938279789936474,-74.74237502704612,-0.0046827102004737605,0.020476
24.624767780303955,3.325433329354164,1.170104499598438,-0.08720858287477677,0.701838044151625,1.5491265994695163,-74.78707640657025,-0.004685510801950461,0.020476
24.65104579925537,3.3270502457412094,1.1610499220694142,-0.024271834742421478,0.6419195320182017,1.4663822489461644,-74.8698207570936,-0.0046906948466652176,0.020476
24.683080673217773,3.323654721361483,1.1615349887127577,-0.061506433480539184,0.6075715105909935,1.5117146356470381,-74.82448837039273,-0.004687854711741231,0.020476
24.710750818252563,3.3239781046303034,1.1608882331885508,-0.07982871725785333,0.573401312840969,1.5349071182135403,-74.80129588782623,-0.0046864016715528626,0.020476
24.742376804351807,3.315408448393066,1.1573310778412869,-0.2978155931424331,0.4937859698472509,1.8722674661081815,-74.46393553993158,-0.004665265592564871,0.020476
24.773021697998047,3.317833822718367,1.1673557885211074,-0.3923418957853928,0.5950172632469684,1.9500000369510535,-74.38620296908871,-0.004660395542579663,0.020476
24.807544231414795,3.3199358138523,1.1636369441803072,-0.4081877306443246,0.6076513166090991,1.9626906835004976,-74.37351232253927,-0.004659600456525384,0.020476
24.837615728378296,3.314599990298912,1.1633135664146865,-0.5470217389965235,0.6114318625320333,2.1114792952424097,-74.22472371079736,-0.0046502786501248505,0.020325
24.872169733047485,3.3175104394712798,1.1416472572585201,-0.5745281327023379,0.27483773668658584,2.438827167838853,-73.89737583820092,-0.004629769866164533,0.020325
24.90183734893799,3.3209059636227165,1.1466596121626749,-0.5124922913309456,0.11770285851958938,2.609862268521707,-73.72634073751806,-0.00461905428734707,0.020325
24.937376976013184,3.3168636729805336,1.1629901886495688,-0.565841388892492,0.26340465044668787,2.443776674811992,-73.89242633122777,-0.004629459772903754,0.020325
24.964564085006714,3.315246756773664,1.1618583664756144,-0.6418954305971213,0.3476743848782218,2.421577033614541,-73.91462597242521,-0.00463085061024662,0.020325
24.995841026306152,3.3194507389709504,1.1545823669326511,-0.5944881074977336,0.29273914466583656,2.437407828076757,-73.898795177963,-0.004629858789707295,0.020325
25.022867679595947,3.320744271993599,1.1529654781797491,-0.5303352412307426,0.22896802054182916,2.450431099696522,-73.88577190634322,-0.004629042864245528,0.020325
25.04874324798584,3.3165402897368743,1.1583012111117965,-0.5860733885593514,0.2678725391169274,2.4595421050718604,-73.87666090096789,-0.0046284720475195116,0.020325
25.07929801940918,3.317672131094681,1.1599180999060055,-0.5979933199902017,0.32042215874159224,2.408440464779376,-73.92776254126038,-0.004631673633931128,0.020325
25.108644485473633,3.3147616819171715,1.1592713443868174,-0.6760146842556013,0.34708030980646665,2.453042961921191,-73.88316004411857,-0.004628879227568513,0.020173
25.13618016242981,3.319289047344406,1.1540973003054682,-0.6222425525400895,0.28472835530245744,2.4747398409642387,-73.86146316507552,-0.004627519888950004,0.020173
25.166951417922974,3.315570140012753,1.1583012111117965,-0.6736343105228203,0.30690477344936024,2.495337407944236,-73.84086559809552,-0.0046262294237090044,0.020173
25.19594430923462,3.313791532211896,1.1515102783128175,-0.7521891812241622,0.21609915047971437,2.663915658879169,-73.67228734716059,-0.0046156677698286535,0.020173
25.222081661224365,3.3200975054799873,1.1413238795268663,-0.6562098629427445,-0.006958452648762257,2.9492792325800434,-73.38692377345971,-0.004597789358593672,0.020173
25.248100996017456,3.320744271993599,1.1592713443868174,-0.5735404700422503,0.11791388183322313,2.6732880597508193,-73.66291494628894,-0.004615080576323647,0.020173
25.274625062942505,3.317833822718367,1.1529654781797491,-0.5853493096152365,0.10659033655899978,2.7034133157398648,-73.63278969029989,-0.004613193188567228,0.020173
25.30173635482788,3.3170253646027916,1.1524804115563148,-0.612970334312767,0.09106891811259298,2.7520219234785266,-73.58418108256123,-0.004610147793994119,0.020173
25.329800128936768,3.315408448393066,1.157169388963307,-0.6710147250808904,0.1536216478977462,2.6930619271660725,-73.64314107887368,-0.004613841716966894,0.020173
25.357523679733276,3.314923373535717,1.155875877943975,-0.7232587005292217,0.17715539370074077,2.695244678604306,-73.64095832743546,-0.004613704964657094,0.020022
25.383097171783447,3.313468148979088,1.1540973003054682,-0.7946681887058559,0.16578091402844702,2.7520776141674705,-73.58412539187229,-0.0046101443048976445,0.020022
25.409791231155396,3.315731831632726,1.1597564110260203,-0.7904612885148036,0.24642637550862248,2.65063376347849,-73.68556924256127,-0.004616499898417716,0.020022
25.436832189559937,3.316378598115474,1.154744055808629,-0.7720325890164567,0.2243971837154222,2.665458288996771,-73.670744717043,-0.004615571121979497,0.020022
25.46294665336609,3.3168636729805336,1.1579778333544588,-0.7475195972723567,0.2596096620375635,2.6062344266657838,-73.72996857937397,-0.004619281576512798,0.020022
25.488993406295776,3.320744271993599,1.158786277748743,-0.6374572840729718,0.2969166251299575,2.469546196317749,-73.866656809722,-0.00462784527776398,0.020022
25.51455283164978,3.3209059636227165,1.158139522233065,-0.5565426972904425,0.3129049166771967,2.363868517191056,-73.9723344888487,-0.00463446612632318,0.020022
25.541692972183228,3.3197741222248975,1.1455277900771024,-0.5269992591997985,0.12662836597940874,2.6113520916944113,-73.72485091434535,-0.004618960947923949,0.020022
25.567676782608032,3.3183188975911415,1.1549057446847317,-0.541157559745605,0.14307022265523048,2.596622278646933,-73.73958072739283,-0.00461988379049864,0.020022
25.592729330062866,3.311366157993659,1.1550674335609596,-0.7175199635932065,0.15711116794051982,2.721239271847018,-73.61496373419276,-0.004612076368470651,0.01987
25.623847007751465,3.3170253646027916,1.150863522819649,-0.7054897920973496,0.10111704435852735,2.7976179367960587,-73.53858506924371,-0.004607291142508457,0.01987
25.64987802505493,3.3210676552521203,1.1544206780567985,-0.6002944853576757,0.11761736069571305,2.6981109546222664,-73.6380920514175,-0.004613525388614163,0.01987
25.684401512145996,3.3218761134034294,1.1503784562010826,-0.5073029327880062,0.06587644260892646,2.7149324607904686,-73.6212705452493,-0.004612471498655586,0.01987
25.710139274597168,3.3213910385117864,1.1545823669326511,-0.45382174872088615,0.09548058507732865,2.582711141483675,-73.7534918645561,-0.004620755341929419,0.01987
25.736879587173462,3.3225228799296254,1.1599180999060055,-0.3892881467375062,0.1997477909138743,2.2644008977441223,-74.07180210829564,-0.0046406979063011704,0.01987
25.7634859085083,3.317833822718367,1.158139522233065,-0.45637268330194397,0.24488673272594197,2.312859434325475,-74.02334357171429,-0.004637661913887665,0.01987
25.790117025375366,3.3218761134034294,1.1570077000854522,-0.406557671348994,0.25876247248939244,2.209596703468931,-74.12660630257083,-0.004644131462693622,0.01987
25.818148136138916,3.32122934688181,1.157169388963307,-0.38717103327714864,0.27100713596150233,2.1582096696331363,-74.17799333640663,-0.00464735092939411,0.01987
25.8488667011261,3.3202591971079616,1.1524804115563148,-0.39682619186423423,0.20616067769434823,2.2689087708784683,-74.0672942351613,-0.00464041548199366,0.01987
25.876394748687744,3.3175104394712798,1.1498933895836387,-0.46939124970971413,0.12026182784730603,2.553973252882051,-73.78222975315772,-0.004622555809255299,0.01987
25.90542507171631,3.3233313380938077,1.1608882331885508,-0.38083195926960733,0.23228453492038081,2.1969927594791563,-74.13921024656062,-0.004644921116716067,0.019712
25.93339705467224,3.32122934688181,1.1540973003054682,-0.36916303482157087,0.2043713128822078,2.215302850842158,-74.12090015519762,-0.004643773964895348,0.019712
25.960059642791748,3.3228462631944398,1.1544206780567985,-0.32228511176447616,0.18989534866229052,2.13001691542427,-74.2061860906155,-0.00464911724331798,0.019712
25.98709535598755,3.3225228799296254,1.1583012111117965,-0.2972125008679909,0.24052166880125264,1.999581794505253,-74.33662121153452,-0.0046572891788633315,0.019712
26.017268419265747,3.3209059636227165,1.1573310778412869,-0.3183713490469205,0.2607702190194472,2.026884087906762,-74.30931891813302,-0.004655578653505243,0.019712
26.04733657836914,3.3205825803647677,1.1519953449340044,-0.3409244778513147,0.1913998990980372,2.1737607936111947,-74.16244221242859,-0.004646376630586313,0.019712
26.076340436935425,3.3225228799296254,1.1544206780567985,-0.3102600571287779,0.18081535901337226,2.113722671553117,-74.22248033448666,-0.00465013809958535,0.019712
26.104358196258545,3.317995514342339,1.1455277900771024,-0.39718205315602834,0.03416567561474089,2.6736285341610753,-73.6625744718787,-0.00461505924514447,0.019712
26.130403757095337,3.321714421772596,1.1536122336794103,-0.36899519783091134,0.058093174572722145,2.5471148040841354,-73.78908820195564,-0.0046229855002857725,0.01956
26.158008098602295,3.3220378050345496,1.1553908113137903,-0.34152246392836605,0.10269052551306544,2.3568255048085054,-73.97937750123127,-0.004634907380510165,0.01956
26.184519052505493,3.3188039724664873,1.1474680565132453,-0.39971090071411175,0.009858038280566498,2.758123414980983,-73.5780795910588,-0.004609765527355064,0.01956
26.212627172470093,3.3158935232529845,1.153127167054477,-0.5101202195896826,0.03348289166087284,2.808585970744908,-73.52761703529487,-0.004606603980447674,0.01956
26.243654251098633,3.3251099460801914,1.1513485894393383,-0.36676159363053346,0.022172187658600222,2.6617934655252693,-73.6744095405145,-0.00461580072809312,0.01956
26.269670963287354,3.3221994966659554,1.152642100430668,-0.33608797339031776,0.034507859465171584,2.5508343473082125,-73.78536865873156,-0.004622752465906143,0.01956
26.298412322998047,3.319289047344406,1.1565226334526395,-0.3842938549344052,0.10390232430555758,2.450222072467288,-73.88598093357248,-0.004629055960082238,0.01956
26.327468156814575,3.3210676552521203,1.146336234423318,-0.3754573293435933,-0.0070152211664804886,2.7864939907802757,-73.5497090152595,-0.004607988072669678,0.01956
26.355893850326538,3.326565170822089,1.149084945223726,-0.2376588606600632,-0.04161952908398924,2.6333110100574837,-73.70289199598228,-0.00461758519219003,0.01956
26.3829083442688,3.322684571561889,1.1518336560601505,-0.23410315747662014,-0.02280457014940641,2.4654384461870356,-73.87076455985273,-0.004628102633827808,0.019412
26.410444021224976,3.3231696464603986,1.1532888559293297,-0.22000126235216008,0.013150711350574922,2.167376053220797,-74.16882695281897,-0.0046467766431487,0.019412
26.44260263442993,3.3204208887362214,1.1532888559293297,-0.27593638469427334,0.03831940840056649,2.346423654432145,-73.98977935160762,-0.00463555907040955,0.019412
26.470627069473267,3.328343778871468,1.1495700118392995,-0.1254135533423648,-0.002290351755683353,1.2996951869902271,-75.03650781904955,-0.004701138015015509,0.019412
26.49867582321167,3.3181572059665974,1.1540973003054682,-0.2639185330788937,0.04016889220895592,2.2902743163351156,-74.04592868970465,-0.0046390769018694366,0.019412
26.528189420700073,3.3231696464603986,1.1566843223301186,-0.24087202527375862,0.1103966928580187,1.996720779558689,-74.33948222648108,-0.004657468425293073,0.019412
26.554272174835205,3.3264034791829546,1.156199255698057,-0.14732011559395758,0.15196121642281474,1.5587783624855882,-74.77742464355418,-0.004684906106031827,0.019412
26.58591651916504,3.324624871171379,1.1549057446847317,-0.12441442397620982,0.16080321796560887,1.4678462947794324,-74.86835671126033,-0.00469060312222704,0.019412
26.613579273223877,3.3251099460801914,1.1539356114299908,-0.09676753670111321,0.15180274541339403,1.3520801684261616,-74.9841228376136,-0.004697856025557281,0.01925
26.644219636917114,3.3199358138523,1.1455277900771024,-0.20128567928534305,0.013856846094753813,2.037015145749345,-74.29918786029042,-0.004654943929121866,0.01925
26.67629861831665,3.3189656640921745,1.1553908113137903,-0.2976741840031374,0.07172509557849109,2.317279569024529,-74.01892343701523,-0.004637384986510988,0.01925
26.701808214187622,3.326080095905546,1.1473063676428823,-0.19482356224951133,-0.014349408194022792,2.11648224111411,-74.21972076492565,-0.004649965208845291,0.01925
26.729140043258667,3.3264034791829546,1.157492766719392,-0.11508619147700928,0.08489211076436833,1.3676937401297944,-74.96850926590997,-0.004696877814315587,0.01925
26.759808778762817,3.3259184042672705,1.154258989181071,-0.07088293524344932,0.1037282615754194,1.1753476225398414,-75.16085538349992,-0.004708928556970393,0.01925
26.78683376312256,3.3147616819171715,1.155875877943975,-0.3070374149328746,0.14223002327510623,2.1714116342259064,-74.16479137181386,-0.00464652380857754,0.01925
26.819653034210205,3.3259184042672705,1.1563609445752856,-0.20524879166254797,0.1767761933426687,1.7756732676420885,-74.56052973839768,-0.004671317348858408,0.01925
26.84786558151245,3.327373629022055,1.1524804115563148,-0.09915804526657988,0.1401990178611647,1.3461957492908907,-74.99000725674887,-0.004698224692320929,0.01925
26.878703594207764,3.327858703945472,1.154744055808629,-0.013281619297038636,0.15003803336220292,1.0421590665851779,-75.29404393945458,-0.004717272998919549,0.01925
26.909346103668213,3.3202591971079616,1.1536122336794103,-0.1351036020781608,0.13920382499594672,1.5027567702668847,-74.83344623577287,-0.004688415934040829,0.0191
26.940345287322998,3.323493029727502,1.1532888559293297,-0.14295963827493696,0.12655658795232444,1.5358521796234952,-74.80035082641626,-0.004686342462185982,0.0191
26.97091555595398,3.3259184042672705,1.1534505448043078,-0.09039434800198805,0.12023516761443626,1.2851299617467602,-75.05107304429299,-0.00470205054594318,0.0191
26.99897050857544,3.3247865628073634,1.1573310778412869,-0.08069541895448427,0.17656966818868383,1.3095462886617821,-75.02665671737797,-0.0047005208302623265,0.0191
27.0275456905365,3.3175104394712798,1.1503784562010826,-0.2480997086728962,0.10714305785401528,2.0472037168683572,-74.2889992891714,-0.004654305601454462,0.0191
27.05468988418579,3.3231696464603986,1.146336234423318,-0.22979884818955335,-0.004746707682556627,2.3678089555800326,-73.96839405045972,-0.004634219252564729,0.0191
27.080777645111084,3.317995514342339,1.154258989181071,-0.3408592068985747,0.0409810886625812,2.567057884869223,-73.76914512117054,-0.0046217360394840866,0.0191
27.11108088493347,3.3272119373814886,1.1518336560601505,-0.19795630374886092,0.03501586227319521,1.9537546615756496,-74.38244834446411,-0.004660160310303163,0.0191
27.138366222381592,3.3200975054799873,1.152157033807983,-0.2682468487099876,0.03590349495265862,2.3546052500218124,-73.98159775601795,-0.004635046482455125,0.018948
27.16595482826233,3.3218761134034294,1.156199255698057,-0.274869587134621,0.09981597788906499,2.169440209801345,-74.16676279623842,-0.0046466473209660466,0.018948
27.194597005844116,3.32381641299575,1.1497317007114067,-0.23305389248880218,0.043288892433957414,2.151378750417511,-74.18482425562225,-0.0046477788956592716,0.018948
27.221195220947266,3.3301223869555163,1.1519953449340044,-0.05281516190537308,0.03916297048819784,0.883019659191293,-75.45318334684846,-0.0047272432965724,0.018948
27.247955560684204,3.322684571561889,1.1566843223301186,-0.10471256834832998,0.10969254765348688,1.33071479011992,-75.00548821591984,-0.004699194595209308,0.018948
27.279301404953003,3.326726862461509,1.158786277748743,-0.04426656017372851,0.1919746450611131,1.1965192818209074,-75.13968372421886,-0.004707602124075526,0.018948
27.308653354644775,3.3210676552521203,1.1637986330633059,-0.13743822301113384,0.3280531295972378,1.5374969920658217,-74.79870601397394,-0.004686239412476914,0.018948
27.338178396224976,3.320744271993599,1.1568460112077228,-0.2104003220901157,0.31444730466357157,1.7206423280125236,-74.61556067802724,-0.004674765111151909,0.018948
27.365574836730957,3.319289047344406,1.1586245888696356,-0.2963124990242673,0.33277132931086123,1.9103940471282068,-74.42580895891156,-0.004662876911046696,0.018948
27.394206523895264,3.316378598115474,1.1528037893051462,-0.42612843637307063,0.25445890420656764,2.2622826673014766,-74.07392033873829,-0.004640830616283923,0.018948
27.42014241218567,3.3302840786012404,1.160241477666352,-0.1840963746838045,0.3160959056523282,1.6524310619851972,-74.68377194405457,-0.0046790386385999975,0.018796
27.44658589363098,3.328343778871468,1.1523187226820866,-0.0611255463350366,0.23519117089701266,1.2865665697185862,-75.04963643632118,-0.004701960540523881,0.018796
27.47352695465088,3.330445770247251,1.1566843223301186,0.07527661629021908,0.2469122879396526,0.956847829772227,-75.37935517626754,-0.004722617862508571,0.018796
27.50016736984253,3.3210676552521203,1.1621817442389732,-0.053757999486374074,0.3411930225184366,1.340219188129336,-74.99598381791043,-0.004698599131906303,0.018796
27.526567459106445,3.329313928731195,1.1555525001903935,0.053337123596533295,0.30339206469315755,1.0739866768359163,-75.26221632920385,-0.00471527895638178,0.018796
27.556127548217773,3.3280203955871843,1.1473063676428823,0.0973359667516256,0.1478174701862391,0.7274570805729653,-75.6087459254668,-0.004736989501097538,0.018796
27.584746837615967,3.326565170822089,1.1557141890671216,0.09329644660657237,0.1705608236806675,0.7846399776244971,-75.55156302841527,-0.004733406915780721,0.018796
27.611326217651367,3.3288288538000423,1.1523187226820866,0.14466233218405303,0.1333166135168548,0.6092644201254684,-75.7269385859143,-0.004744394430048462,0.018796
27.639535903930664,3.328343778871468,1.1579778333544588,0.16900554847249202,0.19585326289857566,0.699225491705482,-75.63697751433429,-0.0047387582480649375,0.018796
27.66828417778015,3.322684571561889,1.1502167673284767,0.05056192891616851,0.11810992859542872,0.760161544664,-75.57604146137577,-0.004734940522488754,0.01864
27.695863485336304,3.32122934688181,1.1437492125263704,-0.06718731309152425,-0.03757622603786834,0.38972103609458203,-75.94648196994518,-0.0047581491179811905,0.01864
27.726245403289795,3.3288288538000423,1.159109655507334,0.03232370039539603,0.09394979479765062,0.7401833050724429,-75.59601970096732,-0.004736192186036895,0.01864
27.754907846450806,3.3239781046303034,1.150863522819649,-0.014147623544673874,0.0569040831585189,0.7618045535310102,-75.57439845250875,-0.004734837585776102,0.01864
27.782294034957886,3.330607461893549,1.149084945223726,0.11203213019778688,0.003123983943512653,0.2754250305697896,-76.06077797546996,-0.004765309916266642,0.01864
27.81183385848999,3.335296519760937,1.1498933895836387,0.3126160314783518,-0.021863857778275403,0.10447230242125559,-76.2317307036185,-0.004776020334334175,0.01864
27.83666491508484,3.3328711449718225,1.1563609445752856,0.394960240794536,0.061910476605299254,0.2391060608940727,-76.09709694514568,-0.004767585348505846,0.01864
27.863029718399048,3.327535320662908,1.1489232563521172,0.32485924527730226,0.004096813816362924,0.15579623210997856,-76.18040677392977,-0.004772804821193271,0.01864
27.88897204399109,3.329960695310079,1.1544206780567985,0.3338530665972187,0.04970319931619563,0.2445716565563446,-76.09163134948341,-0.004767242921595407,0.01864
27.91582989692688,3.326080095905546,1.1482765008669287,0.24724551317072727,-0.01457486242606276,0.1393253500442137,-76.19687765599554,-0.00477383674408082,0.018489
27.94357991218567,3.3286671621568975,1.1471446787726438,0.24855571090013254,-0.077291024315645,-0.020737575803696354,-76.35694058184345,-0.004783864901405423,0.018489
27.97080159187317,3.3244631795356807,1.1549057446847317,0.1488276868691213,0.0003266494486859139,0.23513188858926864,-76.10107111745049,-0.004767834335739438,0.018489
27.995919227600098,3.3276970123040464,1.154744055808629,0.15643742536026792,0.05212737547347008,0.38711690830504053,-75.94908609773472,-0.004758312270085455,0.018489
28.023032665252686,3.3280203955871843,1.1474680565132453,0.16950617798625756,-0.025536166747150254,0.13884885717979162,-76.19735414885997,-0.004773866596998872,0.018489
28.04934334754944,3.33270945332151,1.153127167054477,0.2909123752997024,0.008706948141465323,0.1779745123583518,-76.1582284936814,-0.00477141532214256,0.018489
28.075312852859497,3.331415920129337,1.1495700118392995,0.34492896926318206,-0.023019073937051854,0.09391930378200819,-76.24228370225775,-0.0047766814938752745,0.018489
28.107994318008423,3.3328711449718225,1.1479531231250817,0.4175792972439491,-0.07054374476165838,-0.0036998772236738003,-76.33990288326343,-0.004782797466701825,0.018489
28.135962963104248,3.3301223869555163,1.1435875236588677,0.40262807090759534,-0.17216544286341853,-0.18991763301296244,-76.52612063905272,-0.004794464259257296,0.018489
28.164451360702515,3.333841294879721,1.1300056592309056,0.4811944768416545,-0.45595884456039965,-0.5606543477980532,-76.89685735383782,-0.004817691412467053,0.018489
28.195874214172363,3.329637312020064,1.1497317007114067,0.4355457928454997,-0.3457534832806678,-0.45139602694200587,-76.78759903298177,-0.004810846231893462,0.018337
28.221641778945923,3.3297990036649283,1.1511869005659838,0.4074626819681614,-0.24582492036770662,-0.3143573439454467,-76.65056034998521,-0.004802260574313069,0.018337
28.25112271308899,3.333032836622422,1.1507018339466688,0.46522386419469514,-0.1834698630185967,-0.187101974325813,-76.52330498036558,-0.004794287854458137,0.018337
28.278236389160156,3.3328711449718225,1.1544206780567985,0.5017857236960295,-0.08159347446827263,-0.01736456900661193,-76.35356757504638,-0.004783653577998465,0.018337
28.303982973098755,3.329475620375486,1.1325926809594646,0.4460886977304071,-0.35205214144603775,-0.4546322069593488,-76.79083521299913,-0.004811048982918865,0.018337
28.331889867782593,3.331577611777355,1.149084945223726,0.45742336296010555,-0.28314537327967704,-0.3470845327336427,-76.68328753877343,-0.004804310976654658,0.018337
28.36179494857788,3.3272119373814886,1.1524804115563148,0.3608414951522259,-0.18174607877448543,-0.2218748452295914,-76.55807785126937,-0.004796466421532331,0.018337
28.390879154205322,3.3346497531441934,1.1552291224373124,0.4712987143739249,-0.0677285974461168,0.006869240515746601,-76.32933376552404,-0.004782135297277447,0.018337
28.421207666397095,3.337560202955714,1.1529654781797491,0.6182961952714993,-0.023359398936540484,0.06509670157757497,-76.27110630446221,-0.004778487268622173,0.018179
28.449336051940918,3.336590053008204,1.1528037893051462,0.6979686225048245,0.005167394433386433,0.09331422854768953,-76.2428887774921,-0.004776719402651533,0.018179
28.476813554763794,3.3340029865320413,1.1592713443868174,0.6918038310581661,0.12640197479073184,0.23862290896977542,-76.09758009707001,-0.004767615618622946,0.018179
28.50379967689514,3.331577611777355,1.1413238795268663,0.6294239562895688,-0.06974647563105002,0.001910904661823423,-76.33429210137795,-0.004782445943679466,0.018179
28.534075260162354,3.33270945332151,1.157816144475978,0.6128548201120166,0.051177454847544636,0.16566754175636625,-76.17053546428342,-0.0047721863703833215,0.018179
28.561907052993774,3.333679603227687,1.1523187226820866,0.6244822331931273,0.04974825533366765,0.16124138227445672,-76.17496162376533,-0.004772463675220736,0.018179
28.589497327804565,3.329475620375486,1.1613732998315176,0.5319762543783756,0.1905199712211279,0.38320157015593026,-75.95300143588385,-0.00475855757128016,0.018179
28.617310762405396,3.331577611777355,1.1594330332664262,0.5175446526136976,0.2586804242072926,0.4796308248168186,-75.85657218122296,-0.004752516148937597,0.018179
28.647063970565796,3.3301223869555163,1.1583012111117965,0.472603819666391,0.2886712216827483,0.5486192313850158,-75.78758377465476,-0.004748193932590653,0.018179
28.676039934158325,3.329637312020064,1.1502167673284767,0.429532332822794,0.18308249974435303,0.435180083328728,-75.90102292271105,-0.004755301047604646,0.018179
28.704766750335693,3.3325477616714845,1.1513485894393383,0.46905971564173576,0.1268919133170329,0.324500128944072,-76.0117028770957,-0.004762235295428553,0.01803
28.736799955368042,3.3388537362351447,1.157492766719392,0.6476966424038728,0.18376103582210268,0.32067424708685227,-76.01552875895293,-0.0047624749920663996,0.01803
28.766894817352295,3.337075127980667,1.156199255698057,0.7301618401640522,0.20331625649768045,0.3122371229216379,-76.02396588311814,-0.004763003589229345,0.01803
28.797218799591064,3.329475620375486,1.1563609445752856,0.6059519792580903,0.21953655659846258,0.38206148964342734,-75.95414151639635,-0.004758628998855792,0.01803
28.82819128036499,3.336104978038326,1.153773922554638,0.6777147666908442,0.19038443685787904,0.3167237833786855,-76.01947922266109,-0.004762722493924564,0.01803
28.854721546173096,3.3373985112970774,1.1464979232929342,0.7589164636436523,0.056053903128850176,0.14027794548247244,-76.1959250605573,-0.004773777062696947,0.01803
28.88228154182434,3.3406323445243857,1.1557141890671216,0.8931770178107477,0.10632632674049756,0.17098234762419995,-76.16522065841558,-0.004771853390656067,0.01803
28.91030263900757,3.3331945282733075,1.1552291224373124,0.8090948673486092,0.1339220864143852,0.21558513202628596,-76.12061787401349,-0.004769058966296209,0.01803
28.939822912216187,3.3437044861968244,1.1605648554272006,1.0018503009389739,0.23678342455364437,0.26754609921783834,-76.06865690682194,-0.004765803541899992,0.017878
28.96550989151001,3.3322243783722945,1.160726544307813,0.8619403572566561,0.3113180069319948,0.3735479943299989,-75.96265501170978,-0.0047591623807737675,0.017878
28.993539810180664,3.340308961196483,1.1534505448043078,0.9575518065860813,0.2495681609001997,0.2892583644193167,-76.04694464162047,-0.004764443239317988,0.017878
29.024055242538452,3.3399855778697294,1.1583012111117965,1.0167378843903254,0.2822926373677891,0.3017301268114329,-76.03447287922836,-0.0047636618666502045,0.017878
29.05058002471924,3.3417641861811025,1.1612116109504032,1.1007487911886988,0.3507693929562855,0.3338090566839503,-76.00239394935585,-0.004761652078600521,0.017878
29.076199054718018,3.3385303529135633,1.1534505448043078,1.0821370586842527,0.2771841311172067,0.28169467889576405,-76.05450832714403,-0.004764917114376703,0.017878
29.110838890075684,3.344351252877936,1.1608882331885508,1.2084637089874437,0.34213014720932056,0.30182354314999194,-76.0343794628898,-0.004763656013991102,0.017878
29.13736844062805,3.339338811219671,1.1642836997130566,1.1768923427012088,0.4407569182674868,0.3783065780092605,-75.95789642803054,-0.004758864249113828,0.017878
29.16755747795105,3.3395005028817546,1.1529654781797491,1.1586633546330192,0.33258046206299247,0.3060409862609154,-76.03016201977888,-0.004763391785514709,0.017878
29.193617582321167,3.3383686612532038,1.1565226334526395,1.1188062848043496,0.31255314612403917,0.3003812743440788,-76.03582173169572,-0.004763746374069263,0.01773
29.21964454650879,3.341117419518397,1.158139522233065,1.1567127978056764,0.3238504813730597,0.30005209863853133,-76.03615090740126,-0.004763766997369413,0.01773
29.24680471420288,3.3322243783722945,1.1646070774801858,0.9703441050633442,0.43302444363627285,0.43882476239103824,-75.89737824364876,-0.0047550727035653205,0.01773
29.27332901954651,3.3333562199244806,1.159109655507334,0.8669827964964448,0.4233702635695541,0.47224264999727883,-75.86396035604253,-0.004752979028014933,0.01773
29.299278497695923,3.340470652860291,1.1636369441803072,0.9649524824273626,0.487498416834908,0.48299038848290027,-75.8532126175569,-0.004752305667760855,0.01773
29.32695770263672,3.3383686612532038,1.164768766363939,0.9832086742603546,0.5501096441896143,0.5217860590475214,-75.81441694699228,-0.0047498750668838905,0.01773
29.354499578475952,3.33270945332151,1.1557141890671216,0.8605041226915562,0.4521653454830359,0.49924256714409065,-75.83696043889572,-0.004751287446935397,0.01773
29.380744457244873,3.338206969593131,1.1639603219464303,0.9062238541612556,0.5127182656127692,0.527140765071173,-75.80906224096863,-0.004749539587358274,0.01773
29.415257930755615,3.332062686723129,1.157492766719392,0.7911308764893119,0.4538394824291216,0.5342261929020078,-75.8019768131378,-0.004749095675786476,0.01773
29.444786310195923,3.3395005028817546,1.153773922554638,0.8886303282846949,0.3543964849393415,0.40255830764465705,-75.93364469839516,-0.004757344845673656,0.01757
29.470292329788208,3.333032836622422,1.1641220108296806,0.8020412166162899,0.4468117089543573,0.5227974441622627,-75.81340556187754,-0.004749811702247809,0.01757
29.502050399780273,3.338045277933346,1.1629901886495688,0.8614288516314029,0.4937808457510196,0.5331696938240346,-75.80303331221577,-0.004749161866872957,0.01757
29.534064054489136,3.3383686612532038,1.1406771240650477,0.9107421327031828,0.17729215226701736,0.22779498356313474,-76.10840802247668,-0.004768294002695348,0.01757
29.560442209243774,3.3388537362351447,1.163475255297434,0.9568743343469,0.3127120932068627,0.341552944454448,-75.99465006158536,-0.004761166913628963,0.01757
29.59360098838806,3.337721894614637,1.1584628999906534,0.962070097509105,0.3290250356358264,0.35418914208126817,-75.98201386395854,-0.00476037523887283,0.01757
29.619727849960327,3.3340029865320413,1.161696677594123,0.8766748635611341,0.3910770088159822,0.44024376014889294,-75.89595924589092,-0.004754983801449585,0.01757
29.651264905929565,3.335458211415841,1.162343433120841,0.8517369129930012,0.44463997283239337,0.49810526918071935,-75.8380977368591,-0.00475135870018059,0.01757
29.678314447402954,3.334811444797949,1.1659005885537348,0.8187964749953088,0.5378302535533295,0.5921105914164551,-75.74409241462337,-0.004745469140460649,0.01757
29.707841873168945,3.3356199030710316,1.1568460112077228,0.8150930091641158,0.4612912914328438,0.530248396983402,-75.80595460905641,-0.004749344890044342,0.01757
29.73720359802246,3.3425726445159536,1.1536122336794103,0.9789522207762944,0.35708110564539186,0.37169294238101924,-75.96451006365879,-0.004759278602270354,0.01742
29.76743507385254,3.3312542284816056,1.154744055808629,0.8226858931081883,0.30185549481115614,0.37741441342278303,-75.95878859261703,-0.0047589201444236595,0.01742
29.794931888580322,3.334164678184649,1.1540973003054682,0.7829768885858684,0.25307098480574586,0.342108029334335,-75.99409497670547,-0.004761132136815565,0.01742
29.822850465774536,3.3440278695368044,1.1586245888696356,0.991309652848031,0.2898079054103937,0.30936171188270456,-76.0268412941571,-0.0047631837375936145,0.01742
29.84838080406189,3.3344880614907253,1.162020055357231,0.9087554566350579,0.3686883090494052,0.40726861351133764,-75.92893439252846,-0.004757049738683528,0.01742
29.875893115997314,3.331577611777355,1.1545823669326511,0.7812900941933824,0.30744889158567074,0.4007627174170328,-75.93544028862277,-0.004757457341813519,0.01742
29.903404235839844,3.346129861274732,1.160079788786116,1.0404514882242986,0.35065725114273244,0.3468440383640663,-75.98935896767574,-0.004760835419487744,0.01742
29.929446935653687,3.338206969593131,1.157492766719392,1.0321870100341506,0.3403967723000912,0.34076009312317973,-75.99544291291663,-0.004761216586829942,0.01742
29.95855450630188,3.335943286382274,1.1589479666279756,0.9722083200462935,0.35599924797299526,0.37320355417146805,-75.96299945186834,-0.004759183960412404,0.01742
29.9855694770813,3.3367517446654045,1.1505401450738135,0.9495780780625236,0.2352754092604911,0.26983228353052774,-76.06637072250928,-0.0047656603093816615,0.017268
30.01259708404541,3.3383686612532038,1.1631518775320648,0.9724465912050028,0.34823708167567013,0.3665280739945606,-75.96967493204524,-0.004759602188212981,0.017268
30.0439293384552,3.336428361351291,1.1644453885965582,0.942002931449894,0.44756341812003547,0.4631211828987944,-75.873081823141,-0.004753550500181959,0.017268
30.070747137069702,3.3399855778697294,1.1636369441803072,1.0058536717949766,0.5044336250202485,0.48247360915674675,-75.85372939688305,-0.004752338044679853,0.017268
30.097774267196655,3.3388537362351447,1.1604031665467136,1.0234524117111343,0.49360985589884626,0.46721566423095096,-75.86898734180885,-0.004753293975426186,0.017268
30.133306980133057,3.3422492611811503,1.1636369441803072,1.1170618656401903,0.5366661314654125,0.46427310264027183,-75.87192990339953,-0.004753478330862726,0.017268
30.161839962005615,3.340955727853439,1.164768766363939,1.1516207359897497,0.5845270444309744,0.48506081159120923,-75.8511421944486,-0.00475217595297182,0.017268
30.196208477020264,3.3343263698375436,1.1633135664146865,1.01710224671517,0.5952448720073378,0.5452716953641106,-75.7909313106757,-0.004748403660219271,0.017268
30.225725889205933,3.338045277933346,1.16654734409353,1.011971572700619,0.653380265970844,0.5880545341206231,-75.7481484719192,-0.004745723257898929,0.01712
30.25390911102295,3.3383686612532038,1.1657388996691007,1.0161220374516837,0.6814168130064147,0.6049955497516736,-75.73120745628815,-0.004744661880511963,0.01712
30.279222011566162,3.334811444797949,1.1621817442389732,0.9338660621163583,0.6453461900651689,0.6198716821773866,-75.71633132386243,-0.004743729870831667,0.01712
30.30754566192627,3.340470652860291,1.1605648554272006,1.011770768361309,0.5947802971091894,0.5469111942601632,-75.78929181177966,-0.004748300943411016,0.01712
30.334749698638916,3.3385303529135633,1.1670324107496985,1.01985244270508,0.6606500008091405,0.5894084076719529,-75.74679459836787,-0.004745638435902215,0.01712
30.36080312728882,3.3373985112970774,1.1696194329350844,0.9984128368536066,0.7472651257896221,0.6562698567001797,-75.67993314933965,-0.004741449476302394,0.01712
30.38791298866272,3.33270945332151,1.1686492996117828,0.8711470365068502,0.7927058385703041,0.7522568032205643,-75.58394620281926,-0.004735435765159009,0.01712
30.413436889648438,3.3333562199244806,1.1660622774384948,0.7975448485069168,0.7840080053156766,0.7913360820276042,-75.54486692401223,-0.004732987395844671,0.01712
30.445576667785645,3.3322243783722945,1.1518336560601505,0.7189265405542126,0.5551347039303574,0.67580304696345,-75.66039995907639,-0.004740225695692527,0.01712
30.471598863601685,3.338045277933346,1.1726915218221792,0.8032485783879346,0.721505688345051,0.7471318421143645,-75.58907116392547,-0.0047357568508569195,0.016968
30.501124143600464,3.3385303529135633,1.1696194329350844,0.8738869097236894,0.7898641070647642,0.7489572499547371,-75.5872457560851,-0.004735642486603561,0.016968
30.528151035308838,3.3317393034256595,1.1722064551527647,0.7607530793577333,0.8782213330647385,0.8713511375200911,-75.46485186851974,-0.0047279743451299925,0.016968
30.555177688598633,3.3356199030710316,1.154744055808629,0.7744626322178164,0.6666536540047069,0.7264929714795972,-75.60971003456024,-0.004737049903827375,0.016968
30.58380913734436,3.335458211415841,1.1686492996117828,0.7801883510526754,0.7362778083208658,0.7717702721978683,-75.56443273384197,-0.004734213220114199,0.016968
30.610578775405884,3.337560202955714,1.171883077373787,0.8345189409466104,0.8356476323043122,0.8001990541765897,-75.53600395186325,-0.004732432118733481,0.016968
30.637826442718506,3.336266669694665,1.1733382773831678,0.8415826080674904,0.9279913215337054,0.8479014924838209,-75.48830151355602,-0.004729443496892552,0.016968
30.66435217857361,3.338206969593131,1.1710746329285526,0.8929787939243848,0.9571888624886584,0.8330685991345528,-75.50313440690529,-0.0047303727975866235,0.016968
30.699928522109985,3.3302840786012404,1.1747934774027893,0.7392786865244002,1.0358549952640739,0.9657693645498023,-75.37043364149004,-0.004722058916370033,0.016968
30.72803807258606,3.327373629022055,1.170751255151343,0.5620111894642661,1.027630142487893,1.087935639768898,-75.24826736627094,-0.004714405035115721,0.01681
30.76355528831482,3.3325477616714845,1.1736616551644206,0.5617949152907521,1.0674423703375409,1.1036175967194275,-75.23258540932041,-0.0047134225394464425,0.01681
30.79353356361389,3.3328711449718225,1.1730148996024208,0.5693854594632658,1.0851843464895625,1.1046220411215655,-75.23158096491827,-0.00471335960965533,0.01681
30.820825815200806,3.3319009950742506,1.174146721837248,0.5514730321846634,1.1153252506665374,1.1287510900026358,-75.2074519160372,-0.004711847892329218,0.01681
30.84988045692444,3.33270945332151,1.174146721837248,0.5582891732385935,1.136423883590415,1.1310534952770095,-75.20514951076282,-0.004711703643545846,0.01681
30.881345748901367,3.333679603227687,1.1762486774326602,0.5862862803817134,1.184104322797103,1.1271705273204615,-75.20903247871937,-0.004711946916704501,0.01681
30.90868353843689,3.337883586273848,1.173176588492731,0.7065294279968727,1.169379359043972,1.0411407629943323,-75.29506224304549,-0.004717336797007456,0.01681
30.93929123878479,3.331577611777355,1.1772188107916057,0.6397318741466386,1.2223630308783575,1.1037359725636569,-75.23246703347617,-0.00471341512304078,0.01681
30.96930980682373,3.330930845187004,1.1759252996473581,0.5774897145108384,1.2391984341599522,1.15105245136805,-75.18515055467178,-0.004710450682081182,0.016658
30.99891495704651,3.3255950209915803,1.1668707218641832,0.40617826344418584,1.109211050987029,1.2412449029902997,-75.09495810304954,-0.004704800003827188,0.016658
31.024505138397217,3.3297990036649283,1.1722064551527647,0.3869054113872098,1.1017641938103226,1.2552100870534615,-75.08099291898637,-0.004703925066285527,0.016658
31.052520275115967,3.330445770247251,1.1783506330494748,0.3888982866958022,1.1927539364461326,1.2768354906209831,-75.05936751541884,-0.004702570205701576,0.016658
31.078768491744995,3.328990545443473,1.1683259218383575,0.3554545881321471,1.0994847144770934,1.2812980666283504,-75.05490493941147,-0.004702290619319921,0.016658
31.106603384017944,3.3333562199244806,1.1583012111117965,0.43656013464465293,0.8772342248716158,1.1298329040476218,-75.2063701019922,-0.004711780115226046,0.016658
31.132622241973877,3.329637312020064,1.1772188107916057,0.40430175330758444,1.0178614369577068,1.2148028563217208,-75.12140014971811,-0.004706456633571848,0.016658
31.15939474105835,3.331415920129337,1.1820694776548124,0.4243015338687066,1.1922498628089675,1.2492618185452122,-75.08694118749462,-0.004704297733298164,0.016658
31.190273761749268,3.330930845187004,1.1710746329285526,0.42668847631628243,1.1421698413813302,1.2338114729428191,-75.102391533097,-0.004705265718205346,0.016658
31.217191457748413,3.3302840786012404,1.168002544065437,0.412875464198732,1.0590125563868789,1.220492776064285,-75.11571022997553,-0.004706100152456432,0.016506
31.2443950176239,3.333679603227687,1.1717213884844875,0.4844966840538174,1.0590303101336347,1.159863379090934,-75.17633962694889,-0.0047098986656231995,0.016506
31.271571159362793,3.330607461893549,1.1772188107916057,0.4610831455167095,1.1451186966411202,1.2072626634614978,-75.12894034257832,-0.004706929036783644,0.016506
31.30260181427002,3.332386070021746,1.1780272552608784,0.4872743164908487,1.2180387966373958,1.2084185555178837,-75.12778445052193,-0.004706856618593546,0.016506
31.330267190933228,3.3325477616714845,1.1802908997917076,0.5094791042093988,1.3045259093337362,1.215803285754994,-75.12039972028482,-0.004706393955323927,0.016506
31.360823154449463,3.33270945332151,1.1789973886281893,0.5288934236559084,1.3448137209169528,1.2127639814857163,-75.1234390245541,-0.004706584371819242,0.016506
31.38858151435852,3.328990545443473,1.1799675220000667,0.45345118400420015,1.388205064491443,1.2743048096106648,-75.06189819642915,-0.004702728756266458,0.016506
31.4154691696167,3.335134828106321,1.170104499598438,0.5477384009893921,1.2641486077467263,1.1775296514130567,-75.15867335462676,-0.0047087918499302646,0.016506
31.440537452697754,3.324139796265143,1.1759252996473581,0.35051363455110074,1.268448337967801,1.3253872740685675,-75.01081573197125,-0.004699528371246637,0.016506
31.47090244293213,3.3280203955871843,1.175116855186319,0.3053595244198193,1.2587999198104545,1.3592191696993876,-74.97698383634042,-0.004697408757537352,0.016506
31.49795651435852,3.327373629022055,1.1780272552608784,0.2582677759910666,1.2976156528559182,1.4025039886198551,-74.93369901741995,-0.0046946969054854045,0.016348
31.52391290664673,3.326565170822089,1.1743084107284436,0.20594871307422358,1.2665588109695556,1.4407978142734539,-74.89540519176636,-0.004692297745866268,0.016348
31.55246353149414,3.329152237087191,1.1743084107284436,0.23126085448955042,1.244819021649105,1.4173565510015096,-74.9188464550383,-0.004693766372500032,0.016348
31.579461812973022,3.3276970123040464,1.16654734409353,0.21414064269457184,1.1080821707200823,1.4135697595957712,-74.92263324644405,-0.004694003620068582,0.016348
31.6081326007843,3.3257567126292824,1.170751255151343,0.15570488092132623,1.0781891653071,1.4660238355712727,-74.87017917046855,-0.0046907173017446315,0.016348
31.636478900909424,3.327373629022055,1.16719409963534,0.15350952554212852,1.0015678543072852,1.4597759453656707,-74.87642706067415,-0.004691108740459104,0.016348
31.66454815864563,3.330930845187004,1.1726915218221792,0.23713407048768134,1.0340088936088925,1.3782126833860484,-74.95799032265377,-0.004696218788389982,0.016348
31.691945552825928,3.326080095905546,1.1796441442089334,0.1795422158940653,1.165578393545786,1.4528891768799426,-74.88331382915987,-0.0046915402057560625,0.016348
31.717699766159058,3.326080095905546,1.1775421885789346,0.1392279176785199,1.2247656468000878,1.4938387776523614,-74.84236422838745,-0.004688974658258101,0.016348
31.747907400131226,3.328990545443473,1.1688109884986844,0.18068532982006014,1.1294878490569686,1.4476999804823936,-74.88850302555743,-0.004691865315881266,0.016199
31.77474069595337,3.3297990036649283,1.170266188486475,0.22906035785032886,1.0855782027397196,1.39515092476841,-74.94105208127141,-0.004695157584813423,0.016199
31.80431628227234,3.3317393034256595,1.1657388996691007,0.30937449304639514,0.9839553687446287,1.2912456890270498,-75.04495731701277,-0.004701667387413523,0.016199
31.83335304260254,3.33270945332151,1.1709129440398847,0.38882019584179867,0.9938320497293057,1.2149439194117655,-75.12125908662806,-0.00470644779577976,0.016199
31.860241413116455,3.327535320662908,1.1657388996691007,0.3205612138103932,0.9197330616373331,1.2587441940039388,-75.07745881203589,-0.004703703649737543,0.016199
31.88850164413452,3.327858703945472,1.1626668108849536,0.28052186205684254,0.8197625012142853,1.268466575694911,-75.06773643034491,-0.004703094529464061,0.016199
31.915492296218872,3.329313928731195,1.1650921441318232,0.28733302667678134,0.7877577947211805,1.2465834384994097,-75.08961956754041,-0.00470446553740603,0.016199
31.94351291656494,3.3310925368341615,1.1686492996117828,0.33468148925677493,0.8210507068223938,1.2025460294586594,-75.13365697658116,-0.004707224540240004,0.016199
31.969402313232422,3.3272119373814886,1.1612116109504032,0.27492218355989795,0.7279000415745018,1.2357672883839184,-75.1004357176559,-0.00470514318374062,0.016199
31.99588966369629,3.328505470514039,1.150863522819649,0.2640584123006337,0.5006692559023147,1.0933413444051472,-75.24286166163466,-0.004714066360458515,0.016047
32.02427935600281,3.335296519760937,1.169296055160146,0.4190344289503198,0.6302153127784,0.9717802705855901,-75.36442273545423,-0.004721682325032151,0.016047
32.052390575408936,3.326726862461509,1.1639603219464303,0.32235633793532276,0.6373532427195241,1.1119819650791691,-75.22422104096064,-0.004712898500532444,0.016047
32.079110622406006,3.3344880614907253,1.16541552190021,0.4404881361961656,0.6651346052487278,0.9744205558675005,-75.36178245017231,-0.004721516907612416,0.016047
32.106433629989624,3.332386070021746,1.1681642329518342,0.4728578099664644,0.7276195368654899,0.9854863979737105,-75.35071660806611,-0.004720823617739184,0.016047
32.13546323776245,3.330769153540133,1.1497317007114067,0.4568069016167231,0.48275138371745946,0.762159330493411,-75.5740436755464,-0.004734815358522822,0.016047
32.16688656806946,3.337883586273848,1.1659005885537348,0.6158938628613725,0.5645082411728757,0.6919272272266445,-75.64427577881317,-0.00473921549413865,0.016047
32.195526123046875,3.3335179115759406,1.1667090329787935,0.6227385950329294,0.6343962701404107,0.7559723272481401,-75.58023067879166,-0.004735202982587438,0.016047
32.224979639053345,3.336104978038326,1.1660622774384948,0.6894653977332209,0.673191307414757,0.7352398492615357,-75.60096315677826,-0.004736501900184233,0.015896
32.25747561454773,3.3281820872291825,1.168002544065437,0.5464967264986813,0.7307275826102684,0.9116649827673384,-75.42453802327246,-0.0047254486285697225,0.015896
32.2871253490448,3.3288288538000423,1.164768766363939,0.4619025281085293,0.72037006023237,0.9946256934663399,-75.34157731257346,-0.004720251028599315,0.015896
32.31980013847351,3.330769153540133,1.1584628999906534,0.44913820431615786,0.6143856125536861,0.9204722841479644,-75.41573072189183,-0.004724896839306954,0.015896
32.34789252281189,3.3325477616714845,1.1631518775320648,0.4827838256871011,0.6136142239809078,0.8787994730516883,-75.45740353298811,-0.004727507696903228,0.015896
32.38243627548218,3.3310925368341615,1.1691343662728662,0.4714970485640129,0.70674514464815,0.973492356321627,-75.36271064971817,-0.00472157506056086,0.015896
32.41160297393799,3.332062686723129,1.169296055160146,0.4868221125712207,0.7744684349004766,1.0059180844752984,-75.3302849215645,-0.0047195435451329905,0.015896
32.43826079368591,3.3297990036649283,1.1595947221461609,0.4433561057761625,0.6699759944499624,0.9772739854806011,-75.3589290205592,-0.004721338136414005,0.015896
32.46410059928894,3.335296519760937,1.1628284997671985,0.5445428143831829,0.6474641998895575,0.8418026417685875,-75.49440036427121,-0.004729825598082739,0.015896
32.491323947906494,3.332386070021746,1.1652538330159536,0.5456960846973623,0.6696806295298289,0.8608887908930641,-75.47531421514674,-0.004728629825200748,0.015896
32.51921105384827,3.3302840786012404,1.1676791662930202,0.49618079006549853,0.723206816553851,0.9588368962141911,-75.37736610982562,-0.004722493244823976,0.015896
32.546433210372925,3.336428361351291,1.1625051220028346,0.6086168706522234,0.6796624839513965,0.8076400647681925,-75.52856294127162,-0.004731965929424048,0.015737
32.57483267784119,3.334811444797949,1.1670324107496985,0.6486124453567572,0.7200675315986784,0.8064688249712298,-75.52973418106858,-0.00473203930917071,0.015737
32.60248279571533,3.3325477616714845,1.1675174774070005,0.6224157944155562,0.7559460022365221,0.85858669278516,-75.47761631325464,-0.004728774054739727,0.015737
32.628427028656006,3.3317393034256595,1.1610499220694142,0.5847232986420648,0.6797951026776239,0.8304933611669165,-75.50570964487288,-0.0047305341397047345,0.015737
32.660571336746216,3.3328711449718225,1.1485998786092737,0.5854353278091883,0.4315527609930587,0.5447175927374898,-75.79148541330231,-0.004748438375493181,0.015737
32.68915629386902,3.335134828106321,1.149408322967317,0.6401273016528838,0.27044134951331866,0.25531313950053386,-76.08088986653927,-0.004766569953259405,0.015737
32.71481704711914,3.3335179115759406,1.160726544307813,0.6397020021869873,0.33487855440376213,0.35957674845142723,-75.97662625758838,-0.004760037698096308,0.015737
32.741718769073486,3.333679603227687,1.1641220108296806,0.643275260645596,0.4331491575794529,0.5010934715442795,-75.83510953449553,-0.0047511714852883176,0.015737
32.769792556762695,3.337560202955714,1.1594330332664262,0.7386797776616443,0.42852085465812123,0.43223863307881755,-75.90396437296098,-0.004755485333414196,0.015588
32.800620555877686,3.3301223869555163,1.1599180999060055,0.627398407199982,0.43287597962044067,0.5130442924317272,-75.82315871360808,-0.004750422750305606,0.015588
32.826427698135376,3.331415920129337,1.149246634095459,0.5804691915933636,0.268835957008695,0.27945148709587775,-76.05675151894393,-0.004765057653356353,0.015588
32.85512900352478,3.336104978038326,1.1566843223301186,0.6598768153255178,0.2704636382178245,0.24520592061251784,-76.09099708542729,-0.0047672031841002535,0.015588
32.88763761520386,3.3286671621568975,1.1613732998315176,0.5373976224085143,0.34502073924003535,0.4496990144989325,-75.88650399154088,-0.004754391417062856,0.015588
32.91424036026001,3.330769153540133,1.1629901886495688,0.5019847703261474,0.4225271669509954,0.6173565299734585,-75.71884647606635,-0.004743887448495967,0.015588
32.94380521774292,3.335943286382274,1.160241477666352,0.6010667522507019,0.43374368957342996,0.5367493749885502,-75.79945363105125,-0.004748937595039242,0.015588
32.970868825912476,3.3343263698375436,1.1595947221461609,0.6317144580978367,0.4314686727210263,0.5084509996566156,-75.82775200638318,-0.004750710526268357,0.015588
33.00001239776611,3.334811444797949,1.1675174774070005,0.6647807565686759,0.5539268010221599,0.6357050472393525,-75.70049795880044,-0.0047427378892408115,0.015437
33.03195929527283,3.3317393034256595,1.1594330332664262,0.6143787721492486,0.5130652050680219,0.6311595799973867,-75.70504342604241,-0.004743022668869666,0.015437
33.065223932266235,3.3401472695329626,1.157169388963307,0.780387728644257,0.44901904876654414,0.43282750100339357,-75.90337550503641,-0.0047554484400476665,0.015437
33.09204030036926,3.334811444797949,1.1608882331885508,0.7688520459511595,0.4624145895638556,0.45539176821372657,-75.88081123782608,-0.0047540347583952735,0.015437
33.118765354156494,3.3349731364519917,1.154258989181071,0.7646480362057466,0.36799399673506167,0.33853523016457965,-75.99766777587523,-0.004761355977483064,0.015437
33.14674925804138,3.3398238862067835,1.1429407681900987,0.8778342767712024,0.12468439430131556,-0.009584083268500845,-76.3457870893083,-0.0047831661201150726,0.015437
33.178632974624634,3.338206969593131,1.154744055808629,0.9183549620169833,0.13917779687030157,0.008522547343064688,-76.32768045869673,-0.00478203171538375,0.015437
33.205835819244385,3.340955727853439,1.1583012111117965,1.0125259034534695,0.20501938254685342,0.07948241544668834,-76.2567205905931,-0.004777585984323251,0.015437
33.235403060913086,3.3430577195203153,1.161696677594123,1.1287681522090327,0.3042730516537011,0.16559427389480097,-76.170608732145,-0.0047721909607132745,0.015437
33.26513886451721,3.3383686612532038,1.1613732998315176,1.0978796431075166,0.36868732864514897,0.23269685953674935,-76.10350614650305,-0.004767986893580673,0.015437
33.29258751869202,3.3416024945149947,1.1639603219464303,1.1536770538621817,0.4542836538262565,0.2968954565395199,-76.03930754950028,-0.004763964765237385,0.015278
33.322436809539795,3.3425726445159536,1.16541552190021,1.215961052064951,0.5369858930234405,0.348460674248383,-75.98774233179141,-0.004760734135077886,0.015278
33.34903645515442,3.3391771195578746,1.1579778333544588,1.1782695145300865,0.47842175855318214,0.3109244417467704,-76.02527856429302,-0.004763085830468339,0.015278
33.380271673202515,3.3441895612072265,1.1657388996691007,1.2718854595408216,0.5589458578140502,0.3497783683119842,-75.98642463772781,-0.004760651579774679,0.015278
33.407201290130615,3.3385303529135633,1.1523187226820866,1.2019327265307351,0.40518613741021225,0.24218287137492459,-76.09402013466487,-0.004767392582195996,0.015278
33.435104846954346,3.3437044861968244,1.160726544307813,1.2768368023664476,0.4291999059315958,0.24664757992660058,-76.0895554261132,-0.004767112862207575,0.015278
33.46243977546692,3.345483094580959,1.1646070774801858,1.3718503095288261,0.5067690408272608,0.2864361080420404,-76.04976689799776,-0.004764620057471298,0.015278
33.49036383628845,3.3446746362202178,1.1625051220028346,1.4190049216766965,0.5281560409427858,0.2917384799811616,-76.04446452605863,-0.00476428785674638,0.015278
33.51644778251648,3.33869204457421,1.161696677594123,1.3087873183236465,0.5304687125308537,0.3188876593042869,-76.0173153467355,-0.004762586924190987,0.015127
33.54727125167847,3.3482318530613053,1.146336234423318,1.4600221377311113,0.2915812505912384,0.113365031298095,-76.2228379747417,-0.0047754631929240125,0.015127
33.57597255706787,3.3414408028491747,1.1641220108296806,1.4033058316770681,0.40284104491068856,0.20327084441745039,-76.13293216162234,-0.004769830472957279,0.015127
33.607532024383545,3.347585086352562,1.158786277748743,1.5107012223034728,0.397178593141145,0.1838831051394553,-76.15231990090032,-0.004771045140867528,0.015127
33.63401699066162,3.3471000113240272,1.1668707218641832,1.5742650897330366,0.5197971622738744,0.25703146441780433,-76.07917154162197,-0.004766462297895029,0.015127
33.66454577445984,3.3456447862539704,1.1650921441318232,1.583921079279266,0.5777820574628975,0.29249306010262005,-76.04370994593715,-0.0047642405812881065,0.015127
33.69155979156494,3.3422492611811503,1.1626668108849536,1.5093899329378822,0.5803967982921826,0.3091668832381642,-76.0270361228016,-0.004763195943869915,0.015127
33.722235918045044,3.3479084697063577,1.16654734409353,1.5927020305597666,0.6429866143702319,0.33149661759847776,-76.00470638844129,-0.004761796956015635,0.015127
33.75434327125549,3.3477467780293155,1.160726544307813,1.6471495302048038,0.5956602398036037,0.29167729156744315,-76.04452571447233,-0.004764291690282696,0.014976
33.78139686584473,3.344836327891791,1.1726915218221792,1.615585344709269,0.7498735634563246,0.39056475867297896,-75.94563824736679,-0.00475809625762824,0.014976
33.811923027038574,3.3396621945441254,1.1709129440398847,1.4696194243777856,0.8299747860274929,0.47791667117051195,-75.85828633486925,-0.0047526235429662415,0.014976
33.8409686088562,3.349363694812696,1.1610499220694142,1.5997013930908084,0.7316152513313103,0.38345338518569927,-75.95274962085406,-0.004758541794730268,0.014976
33.86752891540527,3.3453214029082354,1.1576544555976223,1.5939845544489368,0.6095990180756717,0.3098792321891078,-76.02632377385065,-0.004763151314251205,0.014976
33.89629817008972,3.349202003133062,1.16541552190021,1.6828860153882363,0.6457066479980299,0.3144195933182602,-76.02178341272149,-0.004762866854527178,0.014976
33.931843757629395,3.345483094580959,1.1660622774384948,1.6560847586440677,0.68110857191508,0.34088021286446857,-75.99532279317528,-0.004761209061166784,0.014976
33.95893168449402,3.3424109528484083,1.1599180999060055,1.5637754769493553,0.6096873817003096,0.316117308652922,-76.02008569738682,-0.004762760490380838,0.014976
33.984532594680786,3.3432194111890112,1.168972677385712,1.5185138221466794,0.701464709268442,0.3856406904962452,-75.9505623155435,-0.004758404757114249,0.014976
34.01568078994751,3.3477467780293155,1.164768766363939,1.5952177843156392,0.6998860488930904,0.3657750453577996,-75.97042796068195,-0.00475964936646865,0.014976
34.04325604438782,3.3440278695368044,1.169296055160146,1.55987827985886,0.7696670678719325,0.4170858048086899,-75.91911720123106,-0.004756434678460839,0.014824
34.07379078865051,3.342896027851907,1.1691343662728662,1.5080438472092077,0.8159821353718707,0.45970499461941666,-75.87649801142034,-0.004753764528966789,0.014824
34.101805686950684,3.3464532446233455,1.1734999662737309,1.5569210525850499,0.9167571195176688,0.503326428425367,-75.83287657761439,-0.004751031587540075,0.014824
34.129852533340454,3.3456447862539704,1.174146721837248,1.5717802532756504,0.9974261917862094,0.5424417075751266,-75.79376129846463,-0.004748580962755906,0.014824
34.15872001647949,3.3430577195203153,1.1615349887127577,1.5202461970845806,0.8564261724286001,0.4799022184984246,-75.85630078754133,-0.004752499145758866,0.014824
34.18913197517395,3.3425726445159536,1.1723681440424432,1.4725594523206234,0.9273464246422367,0.536687138762148,-75.7995158672776,-0.004748941494222428,0.014824
34.214789628982544,3.3425726445159536,1.1673557885211074,1.4391787309858675,0.8985095816034607,0.5313660968196168,-75.80483690922014,-0.004749274864648139,0.014824
34.24067711830139,3.3433811028579945,1.1618583664756144,1.4351670684696185,0.7922478366879593,0.4670002718073826,-75.86920273423237,-0.004753307470050866,0.014824
34.267364263534546,3.3480701613836876,1.161696677594123,1.5446169941292134,0.7153329695524798,0.3859961082958394,-75.95020689774391,-0.004758382489711655,0.014824
34.29518795013428,3.3498487698533275,1.1694577440475522,1.6638125982153062,0.7830115581207509,0.3972005378590226,-75.93900246818073,-0.004757680517148073,0.014675
34.321351289749146,3.3414408028491747,1.1625051220028346,1.5459591540159905,0.721525803048223,0.3895668415165344,-75.94663616452323,-0.004758158778478641,0.014675
34.34778428077698,3.3430577195203153,1.148438189738039,1.5021714276027762,0.4582326057184461,0.2182694362735663,-76.1179335697662,-0.004768890791029162,0.014675
34.37724494934082,3.34580647792727,1.1662239663233807,1.537326484388783,0.5524083880671545,0.2791536701721509,-76.0570493358676,-0.0047650763119866935,0.014675
34.403353214263916,3.344998019563651,1.1713980107062674,1.5425801812043423,0.6993441006819892,0.376695053957754,-75.959507952082,-0.00475896521326049,0.014675
34.433337688446045,3.3466149362980837,1.1754402329703548,1.5849674550168005,0.865490245429282,0.46704780554146047,-75.8691552004983,-0.004753304491998572,0.014675
34.460389614105225,3.3487169280958877,1.1827162332452072,1.6649611395700352,1.0957166125263955,0.5657941913125499,-75.7704088147272,-0.00474711789827924,0.014675
34.48787975311279,3.3513039949907815,1.1733382773831678,1.7828922192918755,1.110039607689165,0.5377639067873777,-75.79843909925238,-0.004748874033259173,0.014675
34.51576113700867,3.342896027851907,1.1744700996197657,1.6641536048123222,1.1377872252013839,0.5865735788965378,-75.74962942714322,-0.0047458160417331524,0.014524
34.54681396484375,3.3424109528484083,1.1783506330494748,1.5694236692671086,1.2179700584198732,0.6567073446705142,-75.67949566136924,-0.00474142206709335,0.014524
34.57333731651306,3.3451597112357994,1.1788356997333205,1.568919179192312,1.2816929793731673,0.6859433687721532,-75.65025963726761,-0.004739590390909225,0.014524
34.600059270858765,3.3385303529135633,1.1799675220000667,1.4098563302867821,1.3440205454108034,0.7759930717457887,-75.56020993429398,-0.004733948656049827,0.014524
34.62918758392334,3.3435427945272655,1.1786740108385783,1.4185123564845215,1.3673966743647188,0.7823305841334338,-75.55387242190633,-0.004733551602385256,0.014524
34.65772318840027,3.340955727853439,1.1621817442389732,1.3626360795807886,1.1255320930159887,0.6922080578695147,-75.64399494817026,-0.004739197899721618,0.014524
34.68873620033264,3.349363694812696,1.1820694776548124,1.5248130517329177,1.2676193220497707,0.6957039175967823,-75.640499088443,-0.004738978879413548,0.014524
34.71824884414673,3.3390154278963657,1.1772188107916057,1.3905949459792672,1.291131004982413,0.7610762723469627,-75.57512673369281,-0.004734883213570618,0.014524
34.74897742271423,3.3466149362980837,1.179482455313557,1.478577790359255,1.343032225595213,0.7474035982594291,-75.58879940778034,-0.004735739824969364,0.014524
34.77533841133118,3.3441895612072265,1.1796441442089334,1.4821012526212323,1.3818947259362113,0.7626243987793058,-75.57357860726047,-0.00473478622136996,0.014524
34.80597496032715,3.3437044861968244,1.1738233440552366,1.4729547706297959,1.317959224591982,0.7386051537376709,-75.5975978523021,-0.004736291059338026,0.014373
34.832011699676514,3.335458211415841,1.1743084107284436,1.269132847941043,1.2807993111847944,0.8124931224783735,-75.5237098835614,-0.004731661878839156,0.014373
34.859370946884155,3.336913436322892,1.1739850329461792,1.1612962158110312,1.2497240801086016,0.8535082963487816,-75.48269470969099,-0.004729092223098519,0.014373
34.88687229156494,3.3430577195203153,1.1772188107916057,1.232907370859326,1.2786043356236017,0.8294579316101022,-75.50674507442967,-0.00473059901075741,0.014373
34.91774582862854,3.337560202955714,1.170266188486475,1.1514222548112267,1.1899597433363638,0.8296390055538031,-75.50656400048597,-0.004730587666231591,0.014373
34.948272466659546,3.3425726445159536,1.174631788511214,1.214382692729283,1.1962629660049464,0.7989835929255196,-75.53721941311424,-0.004732508269013644,0.014373
34.974668979644775,3.348878619774658,1.1801292108958237,1.409422774700458,1.2867511819710358,0.7503329673630492,-75.58587003867672,-0.004735556296059859,0.014373
35.008694648742676,3.3430577195203153,1.179159077523185,1.406595962081953,1.334903057669143,0.7734879388142836,-75.56271506722548,-0.004734105605993252,0.014373
35.03453993797302,3.344351252877936,1.1809376553765132,1.4355849413658162,1.396457475755763,0.7877738289999598,-75.54842917703981,-0.004733210575782196,0.01422
35.06126689910889,3.3471000113240272,1.1833629888376365,1.5216836930767195,1.4775202575741087,0.7856156191102932,-75.55058738692948,-0.00473334579053101,0.01422
35.088067293167114,3.3471000113240272,1.1676791662930202,1.5819528192743517,1.2886945561848433,0.6815082930929954,-75.65469471294678,-0.004739868254358376,0.01422
35.11375045776367,3.3372368196387283,1.184171433331034,1.3880121322092887,1.4147444436932253,0.816515105553577,-75.51968790048619,-0.004731409896196572,0.01422
35.140870571136475,3.340308961196483,1.1749551662944908,1.3258020490529028,1.3586755479617703,0.8209990144711201,-75.51520399156864,-0.0047311289732794365,0.01422
35.167943477630615,3.3417641861811025,1.1644453885965582,1.3170937064524888,1.1548703445202915,0.7259579424097485,-75.61024506363002,-0.004737083424117328,0.01422
35.19700860977173,3.3430577195203153,1.1786740108385783,1.3419656143083498,1.2349915337413582,0.7555710542595347,-75.58063195178023,-0.00473522812287922,0.01422
35.2231650352478,3.3406323445243857,1.181261033169678,1.3013114232760783,1.3315827008681516,0.8209432112850825,-75.51525979475468,-0.004731132469424005,0.01422
35.25169014930725,3.3383686612532038,1.1869201446323878,1.2186599328544556,1.4878041267280173,0.9276963908526349,-75.40850661518714,-0.004724444239317414,0.01422
35.27843165397644,3.3401472695329626,1.1772188107916057,1.2033845411379374,1.4452603682571925,0.9189572877066928,-75.41724571833308,-0.0047249917558691654,0.01407
35.31129741668701,3.3456447862539704,1.1760869885399459,1.3243046952626893,1.3977582161935058,0.8386846667902819,-75.4975183392495,-0.004730020943403654,0.01407
35.340726137161255,3.340955727853439,1.174631788511214,1.2966907167254496,1.3417218970049505,0.8273677424741769,-75.5088352635656,-0.004730729963914627,0.01407
35.37224578857422,3.342896027851907,1.177703877472789,1.323812553015817,1.3505977451097007,0.8181661675509897,-75.51803683848878,-0.0047313064549444825,0.01407
35.39988565444946,3.3398238862067835,1.1778655663667703,1.2692494385382693,1.3593424846732247,0.8490407624862343,-75.48716224355354,-0.0047293721200964605,0.01407
35.42867827415466,3.3422492611811503,1.1898305448739648,1.2891197844191988,1.5528056037622688,0.9178138430941143,-75.41838916294566,-0.004725063394210189,0.01407
35.4573609828949,3.3391771195578746,1.1799675220000667,1.2294806271780707,1.5337993824831733,0.9403626285965031,-75.39584037744326,-0.004723650682507594,0.01407
35.490893602371216,3.3414408028491747,1.1901539226811362,1.2419267742899434,1.679988724310367,0.9848231193433492,-75.35137988669642,-0.004720865173036388,0.01407
35.51947999000549,3.3367517446654045,1.1759252996473581,1.1383809960330535,1.559536419562351,0.9974926307046946,-75.33871037533507,-0.004720071411130035,0.01407
35.54905581474304,3.341117419518397,1.1822311665522205,1.1704150956657726,1.5739539965760647,0.9853959140313813,-75.35080709200838,-0.004720829286679719,0.01407
35.58024740219116,3.3372368196387283,1.1652538330159536,1.099935725683262,1.3182234872103793,0.9230797999441996,-75.41312320609556,-0.004724733474939516,0.01391
35.60973811149597,3.3416024945149947,1.1772188107916057,1.155116311665253,1.326553920594846,0.8944888142375216,-75.44171419180223,-0.004726524738601686,0.01391
35.63654088973999,3.342896027851907,1.1835246777360615,1.2247104694736795,1.4311194149212325,0.902008595507656,-75.4341944105321,-0.004726053614203428,0.01391
35.664594888687134,3.3356199030710316,1.1864350779294743,1.0992328052989537,1.5498848885662728,1.0163595363327833,-75.31984346970697,-0.004718889374147612,0.01391
35.69130277633667,3.3438661778666705,1.1861117001281691,1.2088178260222493,1.6279574281285085,0.9844126206853778,-75.35179038535438,-0.004720890891328751,0.01391
35.71748971939087,3.332386070021746,1.181261033169678,1.0106885928447265,1.6066588269391568,1.0862621266194876,-75.24994087942027,-0.004714509882962636,0.01391
35.7439227104187,3.337883586273848,1.1846565000285993,1.0036110467209927,1.6449143711364094,1.1019518605008602,-75.23425114553889,-0.004713526900058194,0.01391
35.772655725479126,3.340955727853439,1.1809376553765132,1.07220516274629,1.6134653951828404,1.0528637078390384,-75.28333929820072,-0.004716602338764935,0.01391
35.8023636341095,3.3417641861811025,1.1815844109633504,1.1395758860378742,1.6015776957469712,1.0115030847959419,-75.3246999212438,-0.0047191936373603,0.01391
35.8327374458313,3.329960695310079,1.1756019218625626,0.904154715129619,1.49958540783719,1.1193345108163744,-75.21686849522337,-0.004712437853664975,0.013755
35.86320400238037,3.3325477616714845,1.181099344273032,0.8012953832565204,1.5142667668033147,1.1943351345559785,-75.14186787148377,-0.0047077389638357425,0.013755
35.89139103889465,3.3335179115759406,1.1864350779294743,0.7525196593095329,1.6080880348837292,1.2518283100875676,-75.08437469595218,-0.004704136939155339,0.013755
35.92283391952515,3.337721894614637,1.1878902780416556,0.8190218249829516,1.6965477365905912,1.2280965602029703,-75.10810644583678,-0.0047056237651656105,0.013755
35.951075077056885,3.337721894614637,1.1757636107548972,0.8655733409543376,1.568596082292126,1.1654461594201033,-75.17075684661965,-0.004709548896935956,0.013755
35.98535776138306,3.33270945332151,1.1823928554497558,0.7781593893773655,1.5828274064327434,1.2284234857607164,-75.10777952027904,-0.0047056032828402435,0.013755
36.011818170547485,3.3372368196387283,1.1781889441551132,0.8253567312813841,1.5269665393856806,1.180790366629615,-75.15541263941014,-0.004708587561741669,0.013755
36.04511737823486,3.338206969593131,1.1773804996852069,0.8816206801741245,1.475205703001797,1.1256115772774122,-75.21059142876234,-0.004712044587018907,0.013755
36.07766509056091,3.337560202955714,1.1723681440424432,0.9055215713316214,1.3604920960434885,1.0667619166550804,-75.26944108938467,-0.004715731597312476,0.013596
36.10660457611084,3.3416024945149947,1.1786740108385783,1.0190264036191046,1.3789267598075936,0.9959218695843357,-75.34028113645542,-0.004720169821424303,0.013596
36.13376712799072,3.3317393034256595,1.1757636107548972,0.8623507250845488,1.3462613985440233,1.093382622986073,-75.24282038305368,-0.0047140637742999645,0.013596
36.16165637969971,3.337883586273848,1.1767337441115628,0.8997745392888858,1.3385855208875876,1.062150935731265,-75.27405207030849,-0.0047160204814615065,0.013596
36.18870663642883,3.340955727853439,1.174631788511214,0.9995196075437942,1.3003010102908052,0.9735216905966945,-75.36268131544306,-0.004721573222729117,0.013596
36.21373176574707,3.336590053008204,1.1833629888376365,0.9648250110954947,1.4102107317486348,1.0450062457221245,-75.29119676031763,-0.004717094619321866,0.013596
36.24612283706665,3.336913436322892,1.1780272552608784,0.9482807300191259,1.403603221212648,1.0537968996469338,-75.28240610639283,-0.004716543873044569,0.013596
36.275407791137695,3.340470652860291,1.1825545443474181,1.0218610358932323,1.469864049624944,1.0305435929110414,-75.30565941312872,-0.004718000723948858,0.013596
36.30482196807861,3.3399855778697294,1.1765720552184684,1.0617543449053455,1.422575730767928,0.9862181451870153,-75.34998486085274,-0.004720777772793275,0.013596
36.33753299713135,3.3435427945272655,1.1788356997333205,1.1748409667175441,1.4249169500168104,0.9190486431292589,-75.4171543629105,-0.004724986032329219,0.013596
36.36738610267639,3.337721894614637,1.1754402329703548,1.1146467401685312,1.3733912399636545,0.9317637592238567,-75.4044392468159,-0.004724189413225065,0.013438
36.3972692489624,3.336428361351291,1.1754402329703548,1.0415430357243463,1.3373232429264466,0.9619583757989146,-75.37424463024084,-0.0047222976799347555,0.013438
36.42613625526428,3.337883586273848,1.1770571218981314,1.0252091567366979,1.3373921037138359,0.9729788222268219,-75.36322418381293,-0.004721607234161752,0.013438
36.45415186882019,3.336913436322892,1.1754402329703548,0.9905496319679328,1.3121238475515677,0.9852394337272591,-75.3509635723125,-0.00472083909038098,0.013438
36.48030996322632,3.3346497531441934,1.1713980107062674,0.9120944101449481,1.231144922321077,1.0046364505250527,-75.3315665555147,-0.004719623841221651,0.013438
36.506510972976685,3.3385303529135633,1.1807759664801214,0.9500789919536308,1.3212951350841893,1.0187100543717547,-75.317492951668,-0.004718742111034906,0.013438
36.53310942649841,3.337721894614637,1.1705895662629273,0.9573133578338165,1.2249065945589301,0.9661271515243998,-75.37007585451535,-0.004722036500535437,0.013438
36.559526443481445,3.34580647792727,1.176410366325501,1.1559258355505113,1.2485738663473962,0.8427603945606168,-75.49344261147914,-0.00472976559358372,0.013438
36.58674144744873,3.3343263698375436,1.1781889441551132,1.020115816407689,1.2929890613259423,0.9552689471958642,-75.38093405884389,-0.004722716781622968,0.013438
36.61249542236328,3.3343263698375436,1.1820694776548124,0.9250488030077169,1.38483919986673,1.0651730031933153,-75.27103000284644,-0.004715831144875321,0.01328
36.64208436012268,3.333841294879721,1.1793207664183074,0.8468889893116971,1.4060963161041817,1.1323424454861555,-75.20386056055361,-0.004711622889083731,0.01328
36.66890859603882,3.3432194111890112,1.1612116109504032,1.0166932808003044,1.1374319680717615,0.8703505467194157,-75.46585245932035,-0.0047280370334877924,0.01328
36.69662880897522,3.3399855778697294,1.1767337441115628,1.0581369163402534,1.192404919557009,0.8737552477053656,-75.46244775833439,-0.004727823724397323,0.01328
36.723729610443115,3.34208756951418,1.179159077523185,1.13747005043139,1.2688606739793231,0.8640308323251142,-75.47217217371464,-0.004728432972084171,0.01328
36.7523832321167,3.3430577195203153,1.182877922143124,1.216229055093602,1.3806075584632356,0.8734751419977665,-75.462727864042,-0.004727841273396185,0.01328
36.78056597709656,3.3440278695368044,1.1717213884844875,1.294586169403455,1.284146811587089,0.7809924690997322,-75.55521053694002,-0.004733635437089671,0.01328
36.81202816963196,3.3333562199244806,1.171236321817347,1.0939522415345366,1.209029351335003,0.8590906233851134,-75.47711238265464,-0.004728742482810682,0.01328
36.837488651275635,3.3425726445159536,1.172529832932248,1.1741536834356068,1.1767002957015276,0.7881750540581315,-75.54802795198162,-0.0047331854384933154,0.01312
36.86419939994812,3.3440278695368044,1.1691343662728662,1.265133409242869,1.100905394852579,0.6871151148436121,-75.64908789119615,-0.004739516979443785,0.01312
36.891685485839844,3.3441895612072265,1.1676791662930202,1.332690185839748,1.0250641522797703,0.6006650144125141,-75.73553799162724,-0.004744933194368374,0.01312
36.92028737068176,3.3453214029082354,1.1717213884844875,1.4070767093732193,1.0352664272586634,0.5735568228851701,-75.76264618315459,-0.0047466315589833,0.01312
36.948946475982666,3.334811444797949,1.168972677385712,1.2075343324614543,0.9993700411592884,0.6477518991321655,-75.68845110690759,-0.004741983137786609,0.01312
36.975751638412476,3.3422492611811503,1.1759252996473581,1.2459192101653858,1.0831033413566005,0.686226435066669,-75.6499765709731,-0.004739572656425617,0.01312
37.00227165222168,3.3440278695368044,1.170751255151343,1.3153692779536894,1.0607039847526616,0.6338991964480611,-75.7023038095917,-0.00474285102821877,0.01312
37.02842569351196,3.3462915529488946,1.1673557885211074,1.418177885477895,0.9918598736807523,0.5382139284256446,-75.79798907761412,-0.0047488458387990005,0.01312
37.053423166275024,3.337721894614637,1.177703877472789,1.2849825833007837,1.1056943287827632,0.680427685373535,-75.65577532066622,-0.004739935955883631,0.01312
37.08117413520813,3.3430577195203153,1.173176588492731,1.3194878281021776,1.1144923632339272,0.668050963258101,-75.66815204278166,-0.004740711374150409,0.01312
37.11008048057556,3.3498487698533275,1.168002544065437,1.5062221819964026,1.0396383216836966,0.5345896135034405,-75.80161339253631,-0.0047490729069975925,0.01312
37.13710832595825,3.350657228260143,1.16719409963534,1.6562910736911143,0.9745822637708983,0.44055724058942836,-75.89564576545033,-0.004754964161478867,0.01312
37.16414189338684,3.340955727853439,1.1713980107062674,1.5290811816253966,0.9948658136746097,0.49628702423789484,-75.83991598180185,-0.00475147261566879,0.012961
37.195300340652466,3.3466149362980837,1.171236321817347,1.5755181553115456,1.006532652796264,0.4874887144622079,-75.84871429157754,-0.00475202384159543,0.012961
37.22119212150574,3.3464532446233455,1.172529832932248,1.6041530682567076,1.034952606724408,0.49594559855304443,-75.8402574074867,-0.0047514940064465995,0.012961
37.247209310531616,3.345968169600857,1.1736616551644206,1.6125846014541625,1.0725680953030932,0.5166244798142156,-75.81957852622553,-0.0047501984467566505,0.012961
37.275758028030396,3.3469383196484253,1.1710746329285526,1.6417124864827055,1.0583926041272262,0.49783391022111345,-75.83836909581863,-0.004751375701183935,0.012961
37.30271673202515,3.3446746362202178,1.1641220108296806,1.6079084455444368,0.93960899238588,0.4317186472782534,-75.9044843587615,-0.00475551791122312,0.012961
37.33120608329773,3.3472617029999174,1.160241477666352,1.6461811146644925,0.7957009673778516,0.3199503836846949,-76.01625262235505,-0.004762520343080944,0.012961
37.35940766334534,3.3527592201515826,1.168972677385712,1.8045849216849894,0.8316742192427143,0.30932105069067456,-76.02688195534907,-0.004763186285071913,0.012961
37.38592052459717,3.3471000113240272,1.1710746329285526,1.7799836793001054,0.8897668908849611,0.3521528978816255,-75.98405010815812,-0.004760502812307318,0.012961
37.41193652153015,3.349202003133062,1.1768954330047838,1.8130854027840968,1.021571011404524,0.4249064550139167,-75.91129655102583,-0.004755944704219626,0.01281
37.44653868675232,3.3435427945272655,1.1713980107062674,1.7007727072326702,1.0277579370181513,0.46090658265988527,-75.87529642337987,-0.004753689247861902,0.01281
37.47582483291626,3.3498487698533275,1.1730148996024208,1.7731215973877226,1.0574052431659853,0.4572016994885991,-75.87900130655115,-0.004753921363769531,0.01281
37.50933766365051,3.3532442952103723,1.1613732998315176,1.9050561663244643,0.8958798627037455,0.32786394202897534,-76.00833906401077,-0.0047620245480200106,0.01281
37.5415723323822,3.351789070041787,1.1754402329703548,1.9625716445668695,1.0030652788445116,0.3777620026313363,-75.95844100340841,-0.004758898367492806,0.01281
37.56959652900696,3.348878619774658,1.1662239663233807,1.9331550409867224,0.9337912592554015,0.3444568484770345,-75.99174615756272,-0.00476098498014099,0.01281
37.59952902793884,3.3480701613836876,1.1657388996691007,1.8932085748911756,0.8777045083056003,0.31907435182174165,-76.01712865421801,-0.004762575227653974,0.01281
37.63405919075012,3.3480701613836876,1.1723681440424432,1.8652460486242646,0.9422412597561415,0.36455462842449793,-75.97164837761525,-0.004759725827228966,0.01281
37.663982629776,3.349363694812696,1.1796441442089334,1.8766400300633366,1.1013410498488614,0.4543906301376009,-75.88181237590214,-0.004754097481040616,0.012651
37.696014642715454,3.3485552364174054,1.1728532107122367,1.8652609733777898,1.1063817763167527,0.46034163162743635,-75.87586137441231,-0.004753724642803011,0.012651
37.72754645347595,3.3579333542458643,1.1734999662737309,2.081811831143265,1.1200368681790862,0.4136537064138582,-75.92254929962589,-0.004756649704035778,0.012651
37.75857377052307,3.3534059868972124,1.1668707218641832,2.1250102988782285,1.02579795480043,0.3560441177184678,-75.98015888832127,-0.004760259022157277,0.012651
37.78868246078491,3.3464532446233455,1.1694577440475522,1.9887975687533677,1.000337047794317,0.3702684131213954,-75.96593459291834,-0.004759367850942103,0.012651
37.81458067893982,3.350172153215189,1.172529832932248,1.9824809380190453,1.0306156832230462,0.38862493428977646,-75.94757807174996,-0.004758217790231706,0.012651
37.84211230278015,3.349525386492618,1.1641220108296806,1.9625754213989648,0.9201651477529424,0.32947630797943894,-76.00672669806029,-0.004761923531127244,0.012651
37.8686261177063,3.3534059868972124,1.1715596995953144,2.041544812057243,0.9593054782749685,0.336289249439914,-75.99991375659981,-0.004761496691192593,0.012651
37.89318895339966,3.3508189199423697,1.168002544065437,2.0348878835481483,0.9310075022124199,0.3215812186766213,-76.0146217873631,-0.004762418169077918,0.012651
37.92121124267578,3.353891061959463,1.168972677385712,2.1037764423777134,0.9263887936269168,0.30644162979729206,-76.02976137624243,-0.004763366684658947,0.0125
37.949984550476074,3.3490403114537157,1.1720447662632127,2.035869368192941,0.9712569678374162,0.3442375586231461,-75.99196544741658,-0.004760998718944917,0.0125
37.976234674453735,3.3534059868972124,1.1770571218981314,2.0928505748129838,1.0811457111515135,0.3920058096610353,-75.94419719637868,-0.004758005973848002,0.0125
38.00440192222595,3.352920911837557,1.1775421885789346,2.1211245126931035,1.1656627691240888,0.42899994622100995,-75.90720305981871,-0.0047556882414965165,0.0125
38.03349232673645,3.349525386492618,1.1819077887575316,2.0596259236708163,1.2931791493835922,0.5069035953304445,-75.82929941070928,-0.00475080747322809,0.0125
38.06950902938843,3.352920911837557,1.1686492996117828,2.097867256893565,1.1748456550860786,0.43888287235753876,-75.89732013368219,-0.0047550690628978525,0.0125
38.09960126876831,3.3446746362202178,1.1715596995953144,1.9272167848320383,1.1375818334081638,0.4627982974576584,-75.87340470858207,-0.004753570729388589,0.0125
38.12762451171875,3.3500104615341137,1.1713980107062674,1.9355034204872157,1.1089655124206932,0.44463392310133776,-75.89156908293839,-0.00475470875184309,0.0125
38.15387558937073,3.3511423033076895,1.1780272552608784,1.968400847098788,1.19273156768309,0.4812959212910225,-75.8549070847487,-0.00475241182840668,0.012349
38.18159008026123,3.3485552364174054,1.1573310778412869,1.9294935453026056,0.9273171482367379,0.33899375583229263,-75.99720925020743,-0.004761327250234017,0.012349
38.208627700805664,3.349363694812696,1.1691343662728662,1.9216132777381967,0.9263371916272242,0.34010898829584607,-75.99609401774389,-0.00476125737942203,0.012349
38.234407901763916,3.347585086352562,1.173176588492731,1.873516434546263,0.9889423672250534,0.3903258833590099,-75.94587712268073,-0.004758111223487551,0.012349
38.2607626914978,3.344836327891791,1.1655772107845925,1.7740421777483044,0.9137786381424894,0.36725041824628674,-75.96895258779345,-0.004759556932375247,0.012349
38.28833246231079,3.3487169280958877,1.1681642329518342,1.7973134454820914,0.9016703598911369,0.35307770321753507,-75.9831253028222,-0.0047604448720106884,0.012349
38.31637501716614,3.3511423033076895,1.170104499598438,1.8716678645952223,0.9235743145265133,0.34954851886624744,-75.9866544871735,-0.00476066598015122,0.012349
38.34141945838928,3.3430577195203153,1.1738233440552366,1.7301675250082738,0.9971349366051956,0.43636426563106107,-75.89983874040868,-0.0047552268569926335,0.012349
38.370476484298706,3.3467766279731106,1.16654734409353,1.7201495643216163,0.9347033111893421,0.3966618287297221,-75.93954117731002,-0.004757714267998697,0.012349
38.39708709716797,3.3466149362980837,1.1641220108296806,1.7092660231988959,0.8530264873293507,0.340913981376399,-75.99528902466334,-0.004761206945524148,0.01219
38.423147439956665,3.3437044861968244,1.1621817442389732,1.6319701100341744,0.7654729620912242,0.29259409507836076,-76.04360891096137,-0.004764234251311148,0.01219
38.45115780830383,3.3425726445159536,1.1589479666279756,1.550766191385332,0.6535525808267896,0.21382346245561434,-76.12237954358412,-0.004769169337261345,0.01219
38.47967767715454,3.3432194111890112,1.1576544555976223,1.5094073222518702,0.554955148722499,0.12653456546944436,-76.20966844057028,-0.004774638103916904,0.01219
38.507755279541016,3.3445129445489328,1.1646070774801858,1.5114238620303426,0.5947977107808815,0.1654118362837673,-76.17079116975596,-0.004772202390674678,0.01219
38.538543462753296,3.3485552364174054,1.1621817442389732,1.6096096557546726,0.5847128185073026,0.1417514048870211,-76.1944516011527,-0.00477368474848588,0.01219
38.5712513923645,3.3508189199423697,1.1734999662737309,1.732533274136413,0.7548685977124665,0.2622882327863605,-76.07391477325336,-0.004766132954295065,0.01219
38.59681153297424,3.3490403114537157,1.1694577440475522,1.7759991504240307,0.8106864978327496,0.29481543816697237,-76.04138756787275,-0.004764095081182609,0.01219
38.62162113189697,3.3466149362980837,1.1652538330159536,1.7483607334705824,0.7839362380900611,0.2810313805117379,-76.05517162552798,-0.004764958670911497,0.01219
38.6477735042572,3.3513039949907815,1.168002544065437,1.8412719350222868,0.8082490340829905,0.27926975038644736,-76.05693325565326,-0.004765069039405329,0.01219
38.67501401901245,3.3472617029999174,1.170266188486475,1.8095355572989664,0.860711032257936,0.3231078092082706,-76.01309519683144,-0.004762322526130368,0.012039
38.7009813785553,3.3467766279731106,1.1713980107062674,1.775707186925101,0.9151559516155373,0.3698668453252663,-75.96633616071445,-0.004759393009703974,0.012039
38.733497619628906,3.3527592201515826,1.1660622774384948,1.895253172267387,0.8697230844473387,0.3099567067972925,-76.02624629924242,-0.004763146460362924,0.012039
38.7605082988739,3.3453214029082354,1.1644453885965582,1.8008707998725384,0.8126036200601953,0.2905447075536601,-76.04565829848605,-0.00476436264819261,0.012039
38.787736892700195,3.354699520402316,1.170751255151343,1.9593193286363693,0.871354179845185,0.29788084734914494,-76.03832215869056,-0.004763903029179434,0.012039
38.82154631614685,3.35162737835783,1.1709129440398847,1.9966848893293396,0.9150112174996928,0.31797554419260854,-76.0182274618471,-0.004762644069428017,0.012039
38.84760522842407,3.350657228260143,1.168972677385712,1.9996149688242129,0.9151913943280032,0.3174889878002577,-76.01871401823945,-0.004762674552839612,0.012039
38.877103328704834,3.3527592201515826,1.1717213884844875,2.0519886195967723,0.9583554966924229,0.33298354083463094,-76.00321946520508,-0.00476170379827743,0.012039
38.90498971939087,3.350172153215189,1.175116855186319,2.026714673609439,1.0417349309176804,0.38763033238123357,-75.94857267365848,-0.004758280103377371,0.01188
38.93268537521362,3.3483935447392117,1.1728532107122367,1.9664422551421656,1.0646574930649308,0.4161299815022776,-75.92007302453743,-0.004756494562074987,0.01188
38.958473920822144,3.3545378287131684,1.1675174774070005,2.0713483783449713,0.9971589752628941,0.351527579121166,-75.98467542691854,-0.00476054198936768,0.01188
38.9851438999176,3.3440278695368044,1.1747934774027893,1.8931696956794135,1.0638340742060424,0.4358974870547566,-75.90030551898495,-0.004755256101297483,0.01188
39.01204967498779,3.353082603523821,1.1650921441318232,1.985218866210671,0.9586078958154151,0.34704329450910504,-75.9891597115306,-0.0047608229358225805,0.01188
39.04137706756592,3.351789070041787,1.1628284997671985,2.0186855344872248,0.849506530845372,0.2714162138304477,-76.06478679220926,-0.004765561074020596,0.01188
39.07453656196594,3.3559930539258827,1.168972677385712,2.1427573949563192,0.8693381136699776,0.2627328982902963,-76.07347010774942,-0.004766105095403902,0.01188
39.10085153579712,3.3464532446233455,1.1650921441318232,2.0012205360080313,0.8224607234401673,0.2569773903631826,-76.07922561567653,-0.0047664656857071865,0.01188
39.12896394729614,3.3466149362980837,1.1659005885537348,1.9060157033793792,0.8023047789787782,0.26038980307220005,-76.07581320296752,-0.004766251893466909,0.01188
39.15566086769104,3.345483094580959,1.16719409963534,1.8122755402378712,0.8084487838774611,0.2837605237566785,-76.05244248228304,-0.004764787686421012,0.011729
39.18360114097595,3.3485552364174054,1.168002544065437,1.8202058304999675,0.8254078161341613,0.29460431963939515,-76.04159868640032,-0.0047641083080419665,0.011729
39.21074390411377,3.3482318530613053,1.1557141890671216,1.818015096254529,0.6448740658442118,0.15663164424853968,-76.17957136179118,-0.004772752481500539,0.011729
39.23695111274719,3.349687078172829,1.168002544065437,1.8513203009299564,0.7109055135108949,0.20305388161930316,-76.13314912442041,-0.0047698440659680345,0.011729
39.2684965133667,3.349525386492618,1.1646070774801858,1.870762975436567,0.7039629661327702,0.1948615470588857,-76.14134145898083,-0.004770357326733403,0.011729
39.29643726348877,3.345968169600857,1.168487610725007,1.7992115364800536,0.7598626810331311,0.24991035876001824,-76.0862926472797,-0.0047669084447306085,0.011729
39.32846474647522,3.3500104615341137,1.1659005885537348,1.845899746640837,0.758486149293854,0.23993308750331732,-76.09626991853641,-0.0047675335341777906,0.011729
39.35448408126831,3.3508189199423697,1.1642836997130566,1.8979363377566854,0.7322061197266568,0.21150809884256788,-76.12469490719715,-0.004769314397902041,0.011729
39.38956427574158,3.3472617029999174,1.1566843223301186,1.8492006392130522,0.5948227521204094,0.11288216909801037,-76.22332083694171,-0.0047754934448894955,0.011729
39.41759705543518,3.349202003133062,1.1723681440424432,1.8615372747231067,0.7442240304265147,0.22667238277858148,-76.10953062326114,-0.004768364335142538,0.011577
39.45125436782837,3.3543761370243095,1.1631518775320648,1.994043923078407,0.7045011164918984,0.17823429361655946,-76.15796871242316,-0.004771399046497754,0.011577
39.477916955947876,3.3540527536474567,1.170751255151343,2.079056639001375,0.7956824273473772,0.22759392316130472,-76.10860908287842,-0.004768306599399611,0.011577
39.507848501205444,3.353891061959463,1.1697811218227427,2.1346945711949648,0.8443194701575772,0.24969787236298382,-76.08650513367674,-0.004766921757288827,0.011577
39.53539180755615,3.3482318530613053,1.171236321817347,2.0381572147410485,0.9011502123343366,0.3025053224811207,-76.0336976835586,-0.004763613299600135,0.011577
39.564462184906006,3.3519507617260325,1.1775421885789346,2.059613347321249,1.0396659199520708,0.38330291950827855,-75.95290008653144,-0.004758551221607084,0.011577
39.59100604057312,3.353567678584341,1.1662239663233807,2.113342329134633,0.9594117080306862,0.32338941280235595,-76.01281359323737,-0.004762304883286907,0.011577
39.61660718917847,3.3555079788523807,1.1743084107284436,2.113342329134633,0.9594117080306862,0.32338941280235595,-76.01281359323737,-0.004762304883286907,0.011577
39.64185070991516,3.351789070041787,1.1754402329703548,2.113342329134633,0.9594117080306862,0.32338941280235595,-76.01281359323737,-0.004762304883286907,0.011577
39.668976068496704,3.356154745617627,1.175116855186319,2.113342329134633,0.9594117080306862,0.32338941280235595,-76.01281359323737,-0.004762304883286907,0.011577
39.69604134559631,3.3511423033076895,1.172529832932248,2.113342329134633,0.9594117080306862,0.32338941280235595,-76.01281359323737,-0.004762304883286907,0.011577
39.725852251052856,3.3490403114537157,1.171236321817347,2.113342329134633,0.9594117080306862,0.32338941280235595,-76.01281359323737,-0.004762304883286907,0.011455
39.75587844848633,3.3551845954714894,1.174146721837248,2.113342329134633,0.9594117080306862,0.32338941280235595,-76.01281359323737,-0.004762304883286907,0.011455
39.782498836517334,3.349202003133062,1.171883077373787,2.113342329134633,0.9594117080306862,0.32338941280235595,-76.01281359323737,-0.004762304883286907,0.011455
39.81465435028076,3.352920911837557,1.1807759664801214,2.113342329134633,0.9594117080306862,0.32338941280235595,-76.01281359323737,-0.004762304883286907,0.011455
39.84117889404297,3.353082603523821,1.152642100430668,2.113342329134633,0.9594117080306862,0.32338941280235595,-76.01281359323737,-0.004762304883286907,0.011455
39.868205308914185,3.3576099708563136,1.1738233440552366,2.113342329134633,0.9594117080306862,0.32338941280235595,-76.01281359323737,-0.004762304883286907,0.011455
39.89428949356079,3.3483935447392117,1.1815844109633504,2.113342329134633,0.9594117080306862,0.32338941280235595,-76.01281359323737,-0.004762304883286907,0.011455
39.91996479034424,3.353891061959463,1.170266188486475,2.113342329134633,0.9594117080306862,0.32338941280235595,-76.01281359323737,-0.004762304883286907,0.011455
39.946842193603516,3.3522741450953877,1.1733382773831678,2.113342329134633,0.9594117080306862,0.32338941280235595,-76.01281359323737,-0.004762304883286907,0.011455
39.975642681121826,3.3483935447392117,1.1663856552083924,2.113342329134633,0.9594117080306862,0.32338941280235595,-76.01281359323737,-0.004762304883286907,0.011455
40.00119996070862,3.3438661778666705,1.1660622774384948,2.113342329134633,0.9594117080306862,0.32338941280235595,-76.01281359323737,-0.004762304883286907,0.011455
40.03071188926697,3.3471000113240272,1.170427877374638,2.113342329134633,0.9594117080306862,0.32338941280235595,-76.01281359323737,-0.004762304883286907,0.011455
40.05873942375183,3.353891061959463,1.168972677385712,2.113342329134633,0.9594117080306862,0.32338941280235595,-76.01281359323737,-0.004762304883286907,0.011455
40.08425498008728,3.3462915529488946,1.16719409963534,2.113342329134633,0.9594117080306862,0.32338941280235595,-76.01281359323737,-0.004762304883286907,0.011455
40.112306356430054,3.344351252877936,1.1728532107122367,2.113342329134633,0.9594117080306862,0.32338941280235595,-76.01281359323737,-0.004762304883286907,0.011455
40.13828086853027,3.350172153215189,1.169296055160146,2.113342329134633,0.9594117080306862,0.32338941280235595,-76.01281359323737,-0.004762304883286907,0.011455
40.1698739528656,3.344836327891791,1.1770571218981314,2.113342329134633,0.9594117080306862,0.32338941280235595,-76.01281359323737,-0.004762304883286907,0.011455
40.19838857650757,3.344836327891791,1.171883077373787,2.113342329134633,0.9594117080306862,0.32338941280235595,-76.01281359323737,-0.004762304883286907,0.011455
